surface,motion_type,angle_deg,target_angle,I_total,I_total_avg
linoleum,circle,11,0.2000353336334228,1.86796785304248,1.86796785304248
linoleum,circle,23,0.3999989032745362,2.6199770378874856,2.6199770378874856
linoleum,circle,34,0.6000015735626221,1.9586681974741675,1.9586681974741675
linoleum,circle,46,0.8000044822692871,2.9575200918484503,2.9575200918484503
linoleum,circle,57,1.0000507831573486,3.192881745120551,3.192881745120551
linoleum,circle,69,1.2000885009765625,3.9460390355912747,3.9460390355912747
linoleum,circle,80,1.4000327587127686,4.257175660160734,4.257175660160734
linoleum,circle,92,1.6000354290008545,4.470723306544202,4.470723306544202
linoleum,circle,103,1.8000104427337649,4.516647531572904,4.516647531572904
linoleum,circle,115,1.9999933242797847,3.4753157290470726,3.4753157290470726
linoleum,circle,126,2.200035095214844,4.110218140068887,4.110218140068887
linoleum,circle,138,2.400012731552124,2.983926521239954,2.983926521239954
linoleum,circle,149,2.600041627883911,3.1262916188289323,3.1262916188289323
linoleum,circle,160,2.800027370452881,2.3605051664753156,2.3605051664753156
linoleum,circle,172,3.000028133392334,2.0964408725602754,2.0964408725602754
linoleum,circle,-177,-3.083169285451071,2.1779563719862227,2.1779563719862227
linoleum,circle,-165,-2.8831644693957728,1.4282433983926521,1.4282433983926521
linoleum,circle,-154,-2.683189932500021,0.8392652123995409,0.8392652123995409
linoleum,circle,-142,-2.483182493840353,2.0275545350172215,2.0275545350172215
linoleum,circle,-131,-2.2831917444812224,2.8300803673938004,2.8300803673938004
linoleum,circle,-119,-2.083184067402976,2.6394948335246844,2.6394948335246844
linoleum,circle,-108,-1.8831701914416716,3.8587830080367396,3.8587830080367396
linoleum,circle,-96,-1.6831660906421109,4.067738231917336,4.067738231917336
linoleum,circle,-85,-1.483168427144186,4.637198622273249,4.637198622273249
linoleum,circle,-74,-1.2831502596484583,3.774971297359357,3.774971297359357
linoleum,circle,-62,-1.0831707159625454,3.828932261768083,3.828932261768083
linoleum,circle,-51,-0.8831446806537075,3.9770378874856487,3.9770378874856487
linoleum,circle,-39,-0.68316632906069,4.274397244546498,4.274397244546498
linoleum,circle,-28,-0.4831672350512914,2.888633754305396,2.888633754305396
linoleum,circle,-16,-0.283160750065939,3.4167623421354762,3.4167623421354762
linoleum,circle,-5,-0.0831607023822232,1.7634902411021816,1.7634902411021816
linoleum,circle,169,2.9416796286874494,1.9885189437428243,1.9885189437428243
linoleum,circle,157,2.741691978769847,2.2835820895522385,2.2835820895522385
linoleum,circle,146,2.5413407405191144,2.095292766934558,2.095292766934558
linoleum,circle,134,2.3416413386636457,2.7715269804822045,2.7715269804822045
linoleum,circle,123,2.141627701120921,2.8082663605051663,2.8082663605051663
linoleum,circle,111,1.9416390975290023,3.623421354764638,3.623421354764638
linoleum,circle,100,1.7416831572824203,4.106773823191734,4.106773823191734
linoleum,circle,88,1.5416215976052965,4.086107921928818,4.086107921928818
linoleum,circle,77,1.3410166819863998,3.9862227324913886,3.9862227324913886
linoleum,circle,65,1.1416737159066876,3.981630309988519,3.981630309988519
linoleum,circle,54,0.9410099108987532,3.7141216991963257,3.7141216991963257
linoleum,circle,42,0.7416738589578352,4.2594718714121695,4.2594718714121695
linoleum,circle,31,0.541656406717845,3.34443168771527,3.34443168771527
linoleum,circle,20,0.3416337092691144,3.1595866819747416,3.1595866819747416
linoleum,circle,8,0.1416727622323713,2.207807118254879,2.207807118254879
linoleum,circle,-3,-0.0583251396841325,1.7657864523536164,1.7657864523536164
linoleum,circle,-15,-0.2587779442495622,1.304247990815155,1.304247990815155
linoleum,circle,-26,-0.4583259503073015,1.1894374282433984,1.1894374282433984
linoleum,circle,-38,-0.6588996330923357,2.1814006888633752,2.1814006888633752
linoleum,circle,-49,-0.8583455959982199,2.4879448909299655,2.4879448909299655
linoleum,circle,-61,-1.0583556572622574,3.1423650975889785,3.1423650975889785
linoleum,circle,-72,-1.2583771626180924,3.7646383467278994,3.7646383467278994
linoleum,circle,-84,-1.4583505074209488,3.5855338691159577,3.5855338691159577
linoleum,circle,-95,-1.6590007225698746,3.625717566016074,3.625717566016074
linoleum,circle,-106,-1.858764974278859,3.5614236509758896,3.5614236509758896
linoleum,circle,-118,-2.0588015000051767,3.912743972445465,3.912743972445465
linoleum,circle,-129,-2.2583609501547137,3.448909299655568,3.448909299655568
linoleum,circle,-141,-2.4583638588613788,3.357060849598163,3.357060849598163
linoleum,circle,-152,-2.65841564337676,2.7267508610792195,2.7267508610792195
linoleum,circle,-164,-2.858408776921681,2.4959816303099887,2.4959816303099887
linoleum,circle,-175,-3.0583411137289325,1.8909299655568312,1.8909299655568312
linoleum,circle,11,0.2000010013580322,1.8151549942594718,1.8415614236509759
linoleum,circle,23,0.4000062942504883,2.7210103329506317,2.670493685419059
linoleum,circle,34,0.6000049114227295,2.068886337543054,2.013777267508611
linoleum,circle,46,0.8000111579895021,2.9299655568312284,2.9437428243398394
linoleum,circle,57,1.00001859664917,2.8909299655568317,3.0419058553386913
linoleum,circle,69,1.2000222206115725,4.049368541905856,3.997703788748565
linoleum,circle,80,1.4000191688537595,4.624569460390356,4.440872560275546
linoleum,circle,92,1.6000490188598633,4.762342135476463,4.616532721010333
linoleum,circle,103,1.8000328540802002,4.529276693455797,4.52296211251435
linoleum,circle,115,2.000076532363892,3.836969001148105,3.6561423650975886
linoleum,circle,126,2.20009708404541,4.092996555683123,4.101607347876005
linoleum,circle,138,2.400145530700684,3.3134328358208958,3.148679678530425
linoleum,circle,149,2.600119113922119,3.101033295063146,3.113662456946039
linoleum,circle,160,2.8000409603118896,2.277841561423651,2.319173363949483
linoleum,circle,172,3.0000104904174805,2.1710677382319172,2.1337543053960966
linoleum,circle,-177,-3.0831649939166472,2.008036739380023,2.092996555683123
linoleum,circle,-165,-2.883171145115988,1.0206659012629162,1.2244546498277842
linoleum,circle,-154,-2.683137718831198,1.0195177956371986,0.9293915040183698
linoleum,circle,-142,-2.4831641356097625,1.9690011481056258,1.9982778415614235
linoleum,circle,-131,-2.2831819693194797,2.8507462686567164,2.8404133180252584
linoleum,circle,-119,-2.0831497351275847,2.754305396096441,2.6969001148105627
linoleum,circle,-108,-1.8831680456744595,3.985074626865672,3.9219288174512057
linoleum,circle,-96,-1.6831856409655972,4.008036739380023,4.03788748564868
linoleum,circle,-85,-1.4831820170031949,4.288174512055109,4.462686567164178
linoleum,circle,-74,-1.2831848303424285,3.885189437428244,3.8300803673938004
linoleum,circle,-62,-1.0831423441516324,3.683122847301952,3.7560275545350175
linoleum,circle,-51,-0.883155171071188,4.293915040183697,4.135476463834673
linoleum,circle,-39,-0.6831889788257046,3.959816303099885,4.117106773823192
linoleum,circle,-28,-0.4831927458392544,3.717566016073479,3.3030998851894378
linoleum,circle,-16,-0.2831605116473599,3.5740528128587834,3.49540757749713
linoleum,circle,-5,-0.083181444798605,1.9862227324913893,1.8748564867967854
linoleum,circle,169,2.9416023810678205,2.010332950631458,1.9994259471871412
linoleum,circle,157,2.741584213572093,2.172215843857635,2.2278989667049367
linoleum,circle,146,2.541562708216258,1.9219288174512055,2.0086107921928815
linoleum,circle,134,2.3416110595041,2.7164179104477606,2.7439724454649825
linoleum,circle,123,2.14160409768159,3.1148105625717566,2.9615384615384617
linoleum,circle,111,1.9416095336251933,3.9196326061997704,3.7715269804822045
linoleum,circle,100,1.7415722926431385,4.371986222732491,4.239380022962113
linoleum,circle,88,1.5415979941659652,4.090700344431688,4.088404133180253
linoleum,circle,77,1.3415741046243392,4.016073478760045,4.001148105625717
linoleum,circle,65,1.1415731032663068,4.512055109070034,4.246842709529276
linoleum,circle,54,0.9415904601388656,3.493685419058553,3.6039035591274393
linoleum,circle,42,0.7416192611032209,3.9058553386911594,4.082663605051664
linoleum,circle,31,0.5416313727670393,3.287026406429392,3.315729047072331
linoleum,circle,20,0.3415748198800764,2.9988518943742823,3.079219288174512
linoleum,circle,8,0.141282232599803,2.0941446613088406,2.1509758897818596
linoleum,circle,-3,-0.0584104935354509,1.785304247990815,1.7755453501722158
linoleum,circle,-15,-0.2583993355459489,1.2135476463834671,1.2588978185993112
linoleum,circle,-26,-0.4583874623007097,1.087256027554535,1.1383467278989667
linoleum,circle,-38,-0.6583786884969988,2.0964408725602754,2.1389207807118256
linoleum,circle,-49,-0.858372537297658,2.3616532721010333,2.4247990815154994
linoleum,circle,-61,-1.058438388509206,3.2158438576349027,3.179104477611941
linoleum,circle,-72,-1.2583874146169938,4.050516647531573,3.9075774971297363
linoleum,circle,-84,-1.4584017674154557,3.3880597014925375,3.4867967853042474
linoleum,circle,-95,-1.6587260643667496,3.704936854190586,3.66532721010333
linoleum,circle,-107,-1.85886820952361,3.4569460390355915,3.4569460390355915
linoleum,circle,-118,-2.0591371933645526,3.9460390355912742,3.9293915040183696
linoleum,circle,-129,-2.2588160912222186,3.606199770378875,3.5275545350172215
linoleum,circle,-141,-2.458845225972584,3.483352468427095,3.4202066590126288
linoleum,circle,-152,-2.658836690587452,2.8185993111366248,2.772675086107922
linoleum,circle,-164,-2.8585022370046893,2.5373134328358207,2.5166475315729047
linoleum,circle,-175,-3.058508006734304,2.118254879448909,2.00459242250287
linoleum,circle,169,2.9415957053476056,1.7359357060849598,1.9115958668197475
linoleum,circle,157,2.7415763457589826,4.73593570608496,3.0639112131649444
linoleum,circle,146,2.541608961420604,2.4856486796785306,2.1676234213547647
linoleum,circle,134,2.341609628992625,2.6762342135476462,2.7213930348258706
linoleum,circle,123,2.1415559371286115,3.205510907003444,3.042862610026789
linoleum,circle,111,1.9415344317727767,4.014925373134329,3.8526597780329124
linoleum,circle,100,1.741586836176463,4.926521239954076,4.468427095292767
linoleum,circle,88,1.541606815653392,4.774971297359357,4.317259854573288
linoleum,circle,77,1.3412148078256332,4.024110218140069,4.008802143130501
linoleum,circle,65,1.1415750106149398,4.106773823191734,4.200153080750096
linoleum,circle,54,0.9415670951181137,4.084959816303099,3.764255644852659
linoleum,circle,42,0.7415901740365707,3.7152698048220434,3.960199004975124
linoleum,circle,31,0.5415650924020491,2.431687715269805,3.0210486031381554
linoleum,circle,20,0.3415874560647687,1.746268656716418,2.6349024110218138
linoleum,circle,8,0.1416136344247541,3.242250287026406,2.5147340221967087
linoleum,circle,-3,-0.0584007183737077,2.2916188289322617,1.947569843092231
linoleum,circle,-15,-0.2587209622091569,0.6349024110218139,1.050899349406812
linoleum,circle,-26,-0.4584268013662614,0.9242250287026406,1.066972828166858
linoleum,circle,-38,-0.6584552208608904,1.6831228473019517,1.9869881362418675
linoleum,circle,-49,-0.858463851613454,2.65556831228473,2.5017221584385765
linoleum,circle,-61,-1.0584646145529069,2.9804822043628016,3.1128970531955606
linoleum,circle,-72,-1.2584305683798112,4.00918484500574,3.9414466130884045
linoleum,circle,-84,-1.458402482671193,4.261768082663605,3.7451205510907
linoleum,circle,-95,-1.6583860794729508,3.918484500574053,3.749712973593571
linoleum,circle,-106,-1.8584490696615492,3.9919632606199764,3.776693455797933
linoleum,circle,-118,-2.058403102559499,2.4856486796785306,3.44814389590509
linoleum,circle,-129,-2.258399335545949,2.7141216991963266,3.256410256410257
linoleum,circle,-141,-2.4583910385793954,3.0952927669345582,3.3119020283199387
linoleum,circle,-152,-2.658402053517751,3.082663605051665,2.8760045924225026
linoleum,circle,-164,-2.8584061543173105,2.9701492537313436,2.6678147722923846
linoleum,circle,-175,-3.0584190766043,2.2479908151549943,2.0857252200535785
linoleum,circle,11,0.2000319957733154,1.9483352468427095,1.8771526980482205
linoleum,circle,23,0.4000072479248047,2.1595866819747416,2.5001913509376195
linoleum,circle,34,0.6000463962554932,2.050516647531573,2.026023727516265
linoleum,circle,46,0.7999677658081056,2.230769230769231,2.706084959816303
linoleum,circle,57,0.999974489212036,2.2089552238805967,2.76425564485266
linoleum,circle,69,1.1999895572662354,3.436280137772675,3.810562571756602
linoleum,circle,80,1.4000325202941897,3.892078071182549,4.257941063911213
linoleum,circle,92,1.5999863147735596,4.669345579793341,4.6341370072713355
linoleum,circle,103,1.7999961376190188,4.123995407577497,4.389973210868733
linoleum,circle,115,1.9999783039093015,5.180252583237658,4.164179104477612
linoleum,circle,126,2.199976682662964,3.7083811710677383,3.970531955606583
linoleum,circle,138,2.399996519088745,4.00459242250287,3.4339839265212397
linoleum,circle,149,2.6000986099243164,3.4569460390355915,3.228090317642556
linoleum,circle,160,2.799997806549072,2.8392652123995408,2.4925373134328357
linoleum,circle,172,3.000093698501587,2.1676234213547647,2.1450440107156523
linoleum,circle,-177,-3.0831175486194056,2.1492537313432836,2.111748947569843
linoleum,circle,-165,-2.8832178751574915,1.3983926521239953,1.282433983926521
linoleum,circle,-154,-2.683202568684713,1.1285878300803673,0.9957902793723689
linoleum,circle,-142,-2.483152691517965,2.135476463834673,2.0440107156525067
linoleum,circle,-131,-2.282721344624655,2.835820895522388,2.8388825105243014
linoleum,circle,-119,-2.083200041447775,3.001148105625718,2.7983161117489477
linoleum,circle,-108,-1.8832109610186976,4.0769230769230775,3.9735935706084966
linoleum,circle,-96,-1.683157030736105,3.57060849598163,3.88212782242633
linoleum,circle,-85,-1.4831581751452847,3.827784156142365,4.251052430156908
linoleum,circle,-74,-1.2831297556506558,3.331802525832376,3.6639877535399923
linoleum,circle,-62,-1.0831521193133755,3.6268656716417906,3.712973593570609
linoleum,circle,-51,-0.8831697146045132,3.436280137772675,3.9024110218140073
linoleum,circle,-39,-0.6831985155688688,3.74052812858783,3.991580558744738
linoleum,circle,-28,-0.4826081434832983,2.7611940298507465,3.1224646000765404
linoleum,circle,-16,-0.2831879297839565,2.3811710677382316,3.1239954075774974
linoleum,circle,-5,-0.0829075018512173,1.1504018369690012,1.6333716035208574
linoleum,figure_eight,135,2.363757650512333,0.6727898966704936,0.6727898966704936
linoleum,figure_eight,137,2.3872229201796795,4.8163030998851895,4.8163030998851895
linoleum,figure_eight,139,2.429071366299714,3.029850746268657,3.029850746268657
linoleum,figure_eight,143,2.4939918555251595,2.801377726750861,2.801377726750861
linoleum,figure_eight,148,2.5897339350758437,2.3513203214695753,2.3513203214695753
linoleum,figure_eight,156,2.727902626637632,2.3673938002296215,2.3673938002296215
linoleum,figure_eight,167,2.9229256747758856,2.7003444316877157,2.7003444316877157
linoleum,figure_eight,-178,-3.0996333906831675,1.8530424799081515,1.8530424799081515
linoleum,figure_eight,-160,-2.7911704107751363,1.296211251435132,1.296211251435132
linoleum,figure_eight,-142,-2.485263315298508,0.9506314580941446,0.9506314580941446
linoleum,figure_eight,-128,-2.2274469820030287,2.417910447761194,2.417910447761194
linoleum,figure_eight,-116,-2.0276281345468488,3.0884041331802528,3.0884041331802528
linoleum,figure_eight,-107,-1.8733633576297453,4.118254879448909,4.118254879448909
linoleum,figure_eight,-100,-1.7492630121828536,4.390355912743972,4.390355912743972
linoleum,figure_eight,-94,-1.6421051712353922,3.7198622273249136,3.7198622273249136
linoleum,figure_eight,-88,-1.5415381282424712,3.7026406429391505,3.7026406429391505
linoleum,figure_eight,-82,-1.4383072977982574,3.831228473019518,3.831228473019518
linoleum,figure_eight,-76,-1.322592523804112,3.729047072330655,3.729047072330655
linoleum,figure_eight,-68,-1.1827908621006926,3.0470723306544203,3.0470723306544203
linoleum,figure_eight,-58,-1.0038429639097637,4.032146957520093,4.032146957520093
linoleum,figure_eight,-44,-0.7707371297097263,3.483352468427095,3.483352468427095
linoleum,figure_eight,-28,-0.4812665106860884,2.748564867967853,2.748564867967853
linoleum,figure_eight,-10,-0.1667429388735134,1.9150401836969,1.9150401836969
linoleum,figure_eight,7,0.1181358207821219,1.6199770378874856,1.6199770378874856
linoleum,figure_eight,19,0.3402918077502287,0.8771526980482205,0.8771526980482205
linoleum,figure_eight,29,0.5004446485593889,1.4512055109070034,1.4512055109070034
linoleum,figure_eight,35,0.6121168145451167,2.6394948335246844,2.6394948335246844
linoleum,figure_eight,39,0.6886905852363554,3.3708381171067736,3.3708381171067736
linoleum,figure_eight,42,0.7394052157192714,3.26406429391504,3.26406429391504
linoleum,figure_eight,44,0.7701129241086679,3.3777267508610795,3.3777267508610795
linoleum,figure_eight,45,0.7840994347376079,3.338691159586682,3.338691159586682
linoleum,figure_eight,45,0.782831401962003,2.869115958668197,3.1039035591274393
linoleum,figure_eight,44,0.766176349448499,3.400688863375431,3.389207807118255
linoleum,figure_eight,42,0.7323923002226258,2.5970149253731343,2.930539609644087
linoleum,figure_eight,39,0.6778152963348523,3.924225028702641,3.6475315729047075
linoleum,figure_eight,34,0.5960664329278719,3.2996555683122843,3.2996555683122843
linoleum,figure_eight,27,0.4772213300052965,2.1343283582089554,2.1343283582089554
linoleum,figure_eight,18,0.3074952738087436,2.6096440872560276,2.6096440872560276
linoleum,figure_eight,4,0.07416296311179,3.227324913892078,3.227324913892078
linoleum,figure_eight,-13,-0.2190359881285542,1.3846153846153846,1.3846153846153846
linoleum,figure_eight,-31,-0.533046179180653,0.5396096440872561,0.5396096440872561
linoleum,figure_eight,-47,-0.8141466348339119,1.8427095292766935,1.8427095292766935
linoleum,figure_eight,-59,-1.0377169834359017,2.484500574052813,2.484500574052813
linoleum,figure_eight,-69,-1.209000529303893,2.9414466130884045,2.9414466130884045
linoleum,figure_eight,-77,-1.343741789557583,3.5361653272101035,3.5361653272101035
linoleum,figure_eight,-83,-1.4565291566614595,3.8094144661308835,3.8094144661308835
linoleum,figure_eight,-89,-1.5586020862094487,3.7485648679678527,3.7485648679678527
linoleum,figure_eight,-95,-1.6596849425349065,3.9460390355912742,3.9460390355912742
linoleum,figure_eight,-101,-1.7686227838015482,3.4684270952927667,3.4684270952927667
linoleum,figure_eight,-109,-1.8968101943538889,3.427095292766935,3.427095292766935
linoleum,figure_eight,-118,-2.05751158377244,3.478760045924225,3.478760045924225
linoleum,figure_eight,-130,-2.2666247533851407,3.2388059701492535,3.2388059701492535
linoleum,figure_eight,-145,-2.5342202285032056,3.499425947187141,3.499425947187141
linoleum,figure_eight,-163,-2.844494384226344,2.0769230769230766,2.0769230769230766
linoleum,figure_eight,180,3.135338257988373,1.8071182548794487,1.8071182548794487
linoleum,figure_eight,165,2.8855663676518075,1.4408725602755452,1.4408725602755452
linoleum,figure_eight,155,2.701076285698577,1.2181400688863375,1.2181400688863375
linoleum,figure_eight,147,2.571004379902312,1.9070034443168773,1.9070034443168773
linoleum,figure_eight,142,2.4811589032326267,2.9632606199770377,2.9632606199770377
linoleum,figure_eight,139,2.4205568813225566,2.8507462686567164,2.9402985074626864
linoleum,figure_eight,136,2.3820789530185498,2.950631458094145,2.950631458094145
linoleum,figure_eight,135,2.361414637771536,3.2686567164179103,1.970723306544202
linoleum,figure_eight,45,0.7778423470692801,1.539609644087256,2.582472254114045
linoleum,figure_eight,43,0.7543845707183157,4.51435132032147,4.51435132032147
linoleum,figure_eight,41,0.7125428923855196,2.010332950631458,2.010332950631458
linoleum,figure_eight,37,0.6476297982839319,3.1067738231917335,3.1067738231917335
linoleum,figure_eight,32,0.5519143501437699,3.082663605051665,3.082663605051665
linoleum,figure_eight,24,0.4136377675495546,2.788748564867968,2.788748564867968
linoleum,figure_eight,13,0.2187717587297125,2.0918484500574053,2.0918484500574053
linoleum,figure_eight,-2,-0.0417339799976943,1.967853042479908,1.967853042479908
linoleum,figure_eight,-20,-0.3502616194474418,1.4087256027554533,1.4087256027554533
linoleum,figure_eight,-38,-0.6561739060633591,0.928817451205511,0.928817451205511
linoleum,figure_eight,-52,-0.9140356587373948,2.0918484500574053,2.0918484500574053
linoleum,figure_eight,-64,-1.1139842636039283,1.959816303099885,1.959816303099885
linoleum,figure_eight,-73,-1.268166723979428,3.198622273249139,3.198622273249139
linoleum,figure_eight,-80,-1.3922819237457755,3.5246842709529274,3.5246842709529274
linoleum,figure_eight,-86,-1.4994181101296449,4.218140068886338,4.218140068886338
linoleum,figure_eight,-92,-1.5999966065082716,3.6452353616532718,3.6452353616532718
linoleum,figure_eight,-98,-1.703242473332836,3.4247990815154994,3.4247990815154994
linoleum,figure_eight,-104,-1.8188967135582603,4.275545350172216,4.275545350172216
linoleum,figure_eight,-112,-1.958761258174952,2.74052812858783,2.74052812858783
linoleum,figure_eight,-122,-2.1376456646902597,3.404133180252583,3.404133180252583
linoleum,figure_eight,-136,-2.370793097420758,2.862227324913892,2.862227324913892
linoleum,figure_eight,-152,-2.6601980869329083,2.827784156142365,2.827784156142365
linoleum,figure_eight,-170,-2.9747339123312373,2.0998851894374284,2.0998851894374284
linoleum,figure_eight,173,3.0235931001743093,1.0918484500574053,1.0918484500574053
linoleum,figure_eight,161,2.801354984481351,1.1928817451205511,1.1928817451205511
linoleum,figure_eight,151,2.64113735137854,1.3524684270952927,1.3524684270952927
linoleum,figure_eight,145,2.5295318346298568,2.4684270952927667,2.4684270952927667
linoleum,figure_eight,141,2.4529269267357066,3.507462686567164,3.507462686567164
linoleum,figure_eight,138,2.402202737521605,3.284730195177956,3.284730195177956
linoleum,figure_eight,136,2.3714945755112007,3.0619977037887485,3.0063145809414467
linoleum,figure_eight,135,2.3574752875087097,3.862227324913892,2.6012246460007655
linoleum,figure_eight,135,2.358756599815998,3.454649827784156,2.814580941446613
linoleum,figure_eight,136,2.375404577916569,3.4179104477611943,3.1435132032146957
linoleum,figure_eight,138,2.40918825375928,2.647531572904707,2.9661308840413314
linoleum,figure_eight,141,2.4637507468503657,3.0424799081515497,3.2749712973593565
linoleum,figure_eight,146,2.5454896628431127,2.25947187141217,2.25947187141217
linoleum,figure_eight,153,2.664305265081812,2.9035591274397246,2.9035591274397246
linoleum,figure_eight,162,2.8339307334817643,2.7083811710677383,2.7083811710677383
linoleum,figure_eight,176,3.0672806475788312,2.389207807118255,2.389207807118255
linoleum,figure_eight,-167,-2.922696578895799,1.200918484500574,1.200918484500574
linoleum,figure_eight,-149,-2.6086555863708565,0.8760045924225027,0.8760045924225027
linoleum,figure_eight,-133,-2.327496998473863,1.7324913892078073,1.7324913892078073
linoleum,figure_eight,-121,-2.1039940770561443,2.6061997703788755,2.6061997703788755
linoleum,figure_eight,-111,-1.9330374837887567,2.4270952927669343,2.4270952927669343
linoleum,figure_eight,-103,-1.7981989927945494,3.7175660160734787,3.7175660160734787
linoleum,figure_eight,-97,-1.6853858154449863,4.091848450057405,4.091848450057405
linoleum,figure_eight,-91,-1.5832138792146515,4.521239954075775,4.521239954075775
linoleum,figure_eight,-85,-1.4821687988273944,3.9253731343283578,3.9253731343283578
linoleum,figure_eight,-79,-1.372968200490094,3.7462686567164183,3.7462686567164183
linoleum,figure_eight,-71,-1.2448337141219468,3.4121699196326056,3.4121699196326056
linoleum,figure_eight,-62,-1.0841293065432225,3.2479908151549943,3.2479908151549943
linoleum,figure_eight,-50,-0.8750705918759513,3.7566016073478763,3.7566016073478763
linoleum,figure_eight,-35,-0.6075530667826069,3.2376578645235363,3.2376578645235363
linoleum,figure_eight,-17,-0.2972326706874825,1.87256027554535,1.87256027554535
linoleum,figure_eight,0,0.0061832314597362,1.6567164179104479,1.6567164179104479
linoleum,figure_eight,15,0.2559388407272644,1.626865671641791,1.626865671641791
linoleum,figure_eight,25,0.4404530767378974,0.8289322617680827,0.8289322617680827
linoleum,figure_eight,33,0.5705228743728775,2.3191733639494836,2.3191733639494836
linoleum,figure_eight,38,0.6603844323509683,2.9047072330654418,2.9047072330654418
linoleum,figure_eight,41,0.7209924110323077,3.0459242250287026,2.5281285878300803
linoleum,figure_eight,44,0.7594976555343445,3.290470723306544,3.356295445847685
linoleum,figure_eight,45,0.7801746295086086,2.8289322617680828,2.6440872560275546
linoleum,figure_eight,135,2.363760414544894,1.5889781859931114,2.569460390355913
linoleum,figure_eight,137,2.38722299667074,5.030998851894374,4.923650975889782
linoleum,figure_eight,139,2.429079422372326,3.3788748564867968,3.086490623804057
linoleum,figure_eight,143,2.493988007361741,3.483352468427095,3.1423650975889776
linoleum,figure_eight,148,2.5897127474141763,3.296211251435132,2.8237657864523538
linoleum,figure_eight,156,2.7278666160385665,2.357060849598163,2.362227324913892
linoleum,figure_eight,167,2.92291563048346,2.021814006888633,2.3610792192881744
linoleum,figure_eight,-178,-3.099661812694064,2.442020665901263,2.147531572904707
linoleum,figure_eight,-160,-2.791220298414501,1.4638346727898965,1.3800229621125144
linoleum,figure_eight,-142,-2.485345299632052,0.7657864523536165,0.8582089552238805
linoleum,figure_eight,-128,-2.227515704448363,2.018369690011481,2.2181400688863375
linoleum,figure_eight,-116,-2.027539808188875,2.8955223880597014,2.9919632606199773
linoleum,figure_eight,-107,-1.8733881249596784,3.383467278989667,3.7508610792192876
linoleum,figure_eight,-100,-1.7492532521154571,3.35361653272101,3.8719862227324913
linoleum,figure_eight,-94,-1.642104805484626,3.9115958668197472,3.81572904707233
linoleum,figure_eight,-88,-1.5415335808584631,4.261768082663605,3.9822043628013777
linoleum,figure_eight,-82,-1.4382597910157302,3.5120551090700345,3.6716417910447765
linoleum,figure_eight,-76,-1.3225498654907637,3.57060849598163,3.6498277841561424
linoleum,figure_eight,-68,-1.1827331396607923,4.215843857634902,3.6314580941446613
linoleum,figure_eight,-58,-1.003800183117732,3.2123995407577497,3.622273249138921
linoleum,figure_eight,-44,-0.7707644220913572,2.809414466130884,3.1463834672789894
linoleum,figure_eight,-28,-0.4812468947601031,3.252583237657865,3.0005740528128593
linoleum,figure_eight,-10,-0.1667098533091951,2.2319173363949485,2.073478760045924
linoleum,figure_eight,7,0.1181315531841398,1.7772675086107923,1.698622273249139
linoleum,figure_eight,19,0.3403030859841954,0.9942594718714123,0.9357060849598164
linoleum,figure_eight,29,0.5003883540175594,1.2365097588978184,1.343857634902411
linoleum,figure_eight,35,0.6121024043317453,2.320321469575201,2.4799081515499424
linoleum,figure_eight,39,0.6887209456630541,3.316877152698048,3.537313432835821
linoleum,figure_eight,42,0.739425753676552,3.5384615384615383,3.1331802525832373
linoleum,figure_eight,44,0.7701159342856876,3.1733639494833525,3.3105625717566016
linoleum,figure_eight,45,0.7840995838749311,2.9035591274397246,2.6959816303099884
linoleum,figure_eight,45,0.7828339016584385,3.675086107921929,2.8591657099119785
linoleum,figure_eight,44,0.7661766744076631,2.5040183696900113,3.1492537313432836
linoleum,figure_eight,42,0.732402745277861,3.721010332950631,3.280137772675086
linoleum,figure_eight,39,0.6778289207564434,2.7772675086107923,3.3473019517795635
linoleum,figure_eight,34,0.5960571754941395,3.064293915040184,3.181974741676234
linoleum,figure_eight,27,0.477234001927736,2.594718714121699,2.3645235361653274
linoleum,figure_eight,18,0.3075353302587926,2.5591274397244548,2.584385763490241
linoleum,figure_eight,4,0.074199192843551,2.1676234213547647,2.6974741676234215
linoleum,figure_eight,-13,-0.2190072588696335,1.7083811710677381,1.5464982778415615
linoleum,figure_eight,-31,-0.5333905789657536,0.4535017221584386,0.49655568312284737
linoleum,figure_eight,-47,-0.8145287534864195,1.4110218140068886,1.626865671641791
linoleum,figure_eight,-59,-1.0374028142497067,2.8691159586681976,2.6768082663605055
linoleum,figure_eight,-69,-1.2085650302872428,3.5510907003444316,3.246268656716418
linoleum,figure_eight,-77,-1.3434152789715876,4.1940298507462686,3.865097588978186
linoleum,figure_eight,-83,-1.4562507276188683,4.4902411021814,4.149827784156142
linoleum,figure_eight,-89,-1.5584103866961647,3.064293915040184,3.4064293915040182
linoleum,figure_eight,-95,-1.6594157120195523,3.8128587830080365,3.879448909299655
linoleum,figure_eight,-101,-1.768628626361824,3.6096440872560276,3.539035591274397
linoleum,figure_eight,-109,-1.8967871883394416,3.176808266360505,3.30195177956372
linoleum,figure_eight,-118,-2.0575393974882683,3.0332950631458093,3.2560275545350175
linoleum,figure_eight,-130,-2.266589575961099,3.336394948335247,3.2876004592422503
linoleum,figure_eight,-145,-2.534190354647682,3.4006888633754304,3.450057405281286
linoleum,figure_eight,-163,-2.8443626256376264,2.5430539609644085,2.309988518943743
linoleum,figure_eight,180,3.1353476568164003,2.7095292766934556,2.258323765786452
linoleum,figure_eight,165,2.8856251791535827,1.5797933409873708,1.510332950631458
linoleum,figure_eight,155,2.7010875408925195,1.3582089552238807,1.2881745120551091
linoleum,figure_eight,147,2.5710074632338773,2.2123995407577497,2.0597014925373136
linoleum,figure_eight,142,2.4811836045739413,2.6429391504018365,2.803099885189437
linoleum,figure_eight,139,2.420582211911414,3.3513203214695753,3.1526980482204365
linoleum,figure_eight,136,2.382085917913641,3.4351320321469574,3.2164179104477615
linoleum,figure_eight,135,2.361426366688906,3.0436280137772678,2.6484883275928053
linoleum,figure_eight,45,0.7778346939679439,1.3719862227324915,2.646711497457766
linoleum,figure_eight,43,0.7543614717776161,5.127439724454649,4.82089552238806
linoleum,figure_eight,41,0.712499678311762,3.7060849598163035,2.920780711825488
linoleum,figure_eight,37,0.647577425947796,2.9219288174512053,3.0143513203214694
linoleum,figure_eight,32,0.5518542074067898,3.388059701492538,3.2353616532721015
linoleum,figure_eight,24,0.4136892440825019,2.7313432835820897,2.760045924225029
linoleum,figure_eight,13,0.2186615494117613,2.176808266360505,2.134328358208955
linoleum,figure_eight,-2,-0.0420677563277163,2.039035591274397,2.0034443168771525
linoleum,figure_eight,-20,-0.3504823346371746,1.2399540757749712,1.3243398392652121
linoleum,figure_eight,-38,-0.6563638387656134,0.7003444316877154,0.8145809414466132
linoleum,figure_eight,-52,-0.9141456715867644,1.9425947187141217,2.0172215843857635
linoleum,figure_eight,-64,-1.1140636515819295,2.8082663605051663,2.3840413318025258
linoleum,figure_eight,-73,-1.2682596020213006,3.3731343283582094,3.2858783008036743
linoleum,figure_eight,-80,-1.3923617678301612,4.184845005740528,3.854764638346728
linoleum,figure_eight,-86,-1.499466146749887,3.920780711825488,4.069460390355913
linoleum,figure_eight,-92,-1.600041002895263,3.340987370838117,3.493111366245694
linoleum,figure_eight,-98,-1.7032871533021752,3.729047072330655,3.576923076923077
linoleum,figure_eight,-104,-1.819124969273076,3.8185993111366243,4.04707233065442
linoleum,figure_eight,-112,-1.958822712928302,3.812858783008037,3.2766934557979335
linoleum,figure_eight,-122,-2.1377611138587675,4.067738231917336,3.73593570608496
linoleum,figure_eight,-136,-2.370873719156729,2.848450057405281,2.8553386911595866
linoleum,figure_eight,-152,-2.660345018604062,2.6073478760045923,2.7175660160734787
linoleum,figure_eight,-170,-2.974832804174017,2.214695752009185,2.1572904707233067
linoleum,figure_eight,173,3.0227568904303954,1.9793340987370838,1.5355912743972446
linoleum,figure_eight,160,2.801236562906951,1.2158438576349024,1.2158438576349024
linoleum,figure_eight,151,2.640989504039761,1.4592422502870264,1.4058553386911594
linoleum,figure_eight,145,2.5294675893044083,2.4672789896670495,2.4678530424799083
linoleum,figure_eight,141,2.452893733516248,2.6865671641791042,3.0788365862992726
linoleum,figure_eight,138,2.402172141121987,3.247990815154994,3.060084194412552
linoleum,figure_eight,136,2.371484232239574,3.684270952927669,3.309988518943743
linoleum,figure_eight,135,2.3574939497493874,3.425947187141217,2.759553878956864
linoleum,figure_eight,135,2.3587606423448912,2.9609644087256024,2.784730195177956
linoleum,figure_eight,136,2.3754150929446887,3.0482204362801375,3.266360505166475
linoleum,figure_eight,138,2.409190321954777,2.4374282433983927,2.9044202066590126
linoleum,figure_eight,141,2.463779667940033,2.6107921928817452,2.961825487944891
linoleum,figure_eight,146,2.5456886832017607,2.6360505166475314,2.4477611940298507
linoleum,figure_eight,153,2.6643796027928155,3.012629161882893,2.9580941446613087
linoleum,figure_eight,162,2.834032289373821,2.8564867967853043,2.7824339839265213
linoleum,figure_eight,176,3.067812080735278,1.7577497129735935,2.0734787600459246
linoleum,figure_eight,-167,-2.9225264435686755,1.8128587830080367,1.5068886337543055
linoleum,figure_eight,-149,-2.6085148328039565,1.0080367393800231,0.9420206659012629
linoleum,figure_eight,-133,-2.326619827179232,1.322617680826636,1.5275545350172217
linoleum,figure_eight,-121,-2.1042095810725194,2.5442020665901266,2.575200918484501
linoleum,figure_eight,-111,-1.932987824375617,3.567164179104478,2.9971297359357063
linoleum,figure_eight,-103,-1.7981048354182678,3.2721010332950633,3.494833524684271
linoleum,figure_eight,-97,-1.685317207408024,4.052812858783009,4.072330654420207
linoleum,figure_eight,-91,-1.583078364537849,4.003444316877153,4.262342135476464
linoleum,figure_eight,-85,-1.4818305840735273,4.225028702640643,4.0752009184845
linoleum,figure_eight,-79,-1.3729384306968595,4.008036739380023,3.8771526980482207
linoleum,figure_eight,-71,-1.2445856893122178,3.4339839265212397,3.4230769230769225
linoleum,figure_eight,-62,-1.0840693360442106,4.057405281285878,3.6526980482204365
linoleum,figure_eight,-50,-0.8748947042214631,3.2353616532721015,3.4959816303099887
linoleum,figure_eight,-35,-0.607263820824843,2.6693455797933408,2.9535017221584385
linoleum,figure_eight,-17,-0.2969657569867226,2.249138920780712,2.0608495981630313
linoleum,figure_eight,0,0.0062953468934372,1.492537313432836,1.5746268656716418
linoleum,figure_eight,15,0.256019837550305,1.21699196326062,1.4219288174512057
linoleum,figure_eight,25,0.4408041075867024,0.8277841561423651,0.8283582089552239
linoleum,figure_eight,33,0.5705687453699526,2.6130884041331806,2.4661308840413323
linoleum,figure_eight,38,0.660425487636305,2.3880597014925375,2.64638346727899
linoleum,figure_eight,41,0.7210233685554024,3.033295063145809,2.9489092996555684
linoleum,figure_eight,44,0.7595106513887291,3.3157290470723306,3.1769996172981245
linoleum,figure_eight,45,0.7801789487384037,3.253731343283582,2.722588978185993
linoleum,figure_eight,45,0.7778341302809838,1.8404133180252586,2.624569460390356
linoleum,figure_eight,43,0.7543611275167316,4.257175660160734,4.632988901645618
linoleum,figure_eight,41,0.7125237227406606,3.5442020665901266,3.0679678530424797
linoleum,figure_eight,37,0.6476175041973851,3.328358208955224,3.119020283199388
linoleum,figure_eight,32,0.5518661001850855,2.3960964408725607,2.9556065824722544
linoleum,figure_eight,24,0.4137377795431524,2.6486796785304247,2.722923842326827
linoleum,figure_eight,13,0.2187296856170027,2.916188289322618,2.3949483352468426
linoleum,figure_eight,-2,-0.0417946300444437,1.7072330654420207,1.904707233065442
linoleum,figure_eight,-20,-0.3503319158936713,0.9448909299655568,1.1978568694986604
linoleum,figure_eight,-38,-0.6563030354456255,0.7979334098737084,0.8090317642556449
linoleum,figure_eight,-52,-0.9141204106074828,1.979334098737084,2.00459242250287
linoleum,figure_eight,-64,-1.114403956060839,2.1676234213547647,2.3119020283199387
linoleum,figure_eight,-73,-1.2682395610801218,3.329506314580941,3.3004209720627635
linoleum,figure_eight,-80,-1.3922931756191048,3.640642939150402,3.783390738614619
linoleum,figure_eight,-86,-1.4994392025270322,3.902411021814007,4.013777267508611
linoleum,figure_eight,-92,-1.6000194628048965,3.7680826636050515,3.58476846536548
linoleum,figure_eight,-98,-1.7032966544864034,3.7313432835820897,3.6283964791427477
linoleum,figure_eight,-104,-1.8189323312066,4.1768082663605055,4.090317642556449
linoleum,figure_eight,-112,-1.9587685427721655,2.669345579793341,3.074244163796403
linoleum,figure_eight,-123,-2.138258354653485,3.507462686567164,3.507462686567164
linoleum,figure_eight,-136,-2.3708119191161683,2.9047072330654418,2.871794871794872
linoleum,figure_eight,-152,-2.660237687553636,2.889781859931114,2.7749712973593574
linoleum,figure_eight,-170,-2.9747456765895626,2.205510907003444,2.1733639494833525
linoleum,figure_eight,173,3.0235376154543454,1.6762342135476465,1.5824722541140452
linoleum,figure_eight,161,2.801343479588044,1.2433983926521242,1.2181400688863375
linoleum,figure_eight,151,2.641240879716745,1.2330654420206661,1.3482587064676617
linoleum,figure_eight,145,2.529512471249824,2.34902411021814,2.428243398392652
linoleum,figure_eight,141,2.4529217909891035,3.1239954075774974,2.9942594718714117
linoleum,figure_eight,138,2.4021916318785945,2.753157290470723,2.8741676234213545
linoleum,figure_eight,136,2.37148899754416,2.9380022962112515,3.2194521896014434
linoleum,figure_eight,135,2.3574952330478176,3.576349024110218,2.8726878428370966
linoleum,figure_eight,135,2.358762575493704,3.4672789896670495,3.1831866309478247
linoleum,figure_eight,136,2.3754095396840142,4.087256027554535,3.3279276693455797
linoleum,figure_eight,138,2.409179205954481,3.137772675086108,2.9181017986988134
linoleum,figure_eight,141,2.4637767995081754,3.0367393800229623,3.0013394565633376
linoleum,figure_eight,146,2.5455075895998527,1.970149253731343,2.288557213930348
linoleum,figure_eight,153,2.664365241011124,2.256027554535017,2.724071947952545
linoleum,figure_eight,162,2.8346278966548337,2.8220436280137773,2.7956371986222734
linoleum,figure_eight,176,3.067346109613708,2.1067738231917335,2.084577114427861
linoleum,figure_eight,-167,-2.92264210646681,1.246842709529277,1.420206659012629
linoleum,figure_eight,-149,-2.6081704372497607,0.8966704936854191,0.9269039418293149
linoleum,figure_eight,-133,-2.327458989693256,1.7738231917336393,1.6096440872560276
linoleum,figure_eight,-121,-2.104223749001773,2.553386911595867,2.567929582854956
linoleum,figure_eight,-111,-1.9330032416772456,2.722158438576349,2.9054726368159205
linoleum,figure_eight,-103,-1.7980781429377428,3.917336394948335,3.6356678147722925
linoleum,figure_eight,-97,-1.685358825726701,4.1836969001148105,4.109452736318408
linoleum,figure_eight,-91,-1.5831981326861022,4.064293915040183,4.196326061997704
linoleum,figure_eight,-85,-1.4822003825207717,3.4649827784156146,3.871794871794872
linoleum,figure_eight,-79,-1.372975155873802,3.6991963260619976,3.8178339073861465
linoleum,figure_eight,-71,-1.2448284704161503,3.845005740528129,3.563719862227325
linoleum,figure_eight,-62,-1.0841356074853872,3.153846153846154,3.486414083429009
linoleum,figure_eight,-50,-0.8750254883611635,4.185993111366246,3.725985457328741
linoleum,figure_eight,-35,-0.6074982435167541,3.4374282433983927,3.1148105625717566
linoleum,figure_eight,-17,-0.2971767958202366,1.9827784156142363,2.0348258706467663
linoleum,figure_eight,0,0.0062641300346397,2.298507462686567,1.8159203980099503
linoleum,figure_eight,15,0.2562586460634045,1.833524684270953,1.5591274397244546
linoleum,figure_eight,25,0.4407762641080091,0.9506314580941447,0.8691159586681975
linoleum,figure_eight,33,0.5707810455762413,1.7749712973593572,2.2357443551473404
linoleum,figure_eight,38,0.6605875112980544,2.7313432835820897,2.67470340604669
linoleum,figure_eight,41,0.7211330398794368,2.8427095292766933,3.0304247990815156
linoleum,figure_eight,44,0.7595506564451093,3.0574052812858787,3.1599147121535185
linoleum,figure_eight,45,0.7801757283003653,2.668197474167624,2.550070162010461
linoleum,figure_eight,135,2.3637466540647294,1.428243398392652,2.9786962622783517
linoleum,figure_eight,137,2.387202347842622,5.199770378874857,5.0156907768848065
linoleum,figure_eight,139,2.429040333607879,3.8897818599311136,3.3001148105625715
linoleum,figure_eight,143,2.4939835961419994,3.578645235361653,3.2877918101798698
linoleum,figure_eight,148,2.5896845905535115,3.025258323765786,2.8909299655568312
linoleum,figure_eight,156,2.727825716031691,2.3605051664753156,2.3616532721010333
linoleum,figure_eight,167,2.9228184519762155,1.4718714121699197,2.0646766169154227
linoleum,figure_eight,-178,-3.0998337207016347,2.415614236509759,2.236892460773058
linoleum,figure_eight,-160,-2.7913865911229583,1.4133180252583237,1.391121316494451
linoleum,figure_eight,-142,-2.4853914176804373,1.04247990815155,0.9196326061997704
linoleum,figure_eight,-128,-2.2275252119335134,2.1331802525832377,2.1898201301186373
linoleum,figure_eight,-116,-2.0276632605364475,2.9770378874856487,2.9869881362418678
linoleum,figure_eight,-107,-1.873409308319724,3.307692307692308,3.603138155376961
linoleum,figure_eight,-100,-1.7493230664237296,3.78760045924225,3.843857634902411
linoleum,figure_eight,-94,-1.6419794797563063,4.196326061997704,3.9425947187141213
linoleum,figure_eight,-88,-1.541586354113755,3.9988518943742823,3.987753539992346
linoleum,figure_eight,-82,-1.438389080931379,3.917336394948335,3.7535399923459623
linoleum,figure_eight,-76,-1.3226995316202312,3.4121699196326065,3.5706084959816304
linoleum,figure_eight,-68,-1.1828711790385251,3.973593570608496,3.7455032529659396
linoleum,figure_eight,-58,-1.0039929206045248,3.656716417910448,3.633754305396097
linoleum,figure_eight,-44,-0.7708588425197487,3.056257175660161,3.1163413700727136
linoleum,figure_eight,-28,-0.4814308359888439,3.3306544202066592,3.1106008419441253
linoleum,figure_eight,-10,-0.1669591069853931,2.2112514351320325,2.1194029850746268
linoleum,figure_eight,7,0.1179958949733373,1.722158438576349,1.7064676616915424
linoleum,figure_eight,19,0.3401884887013386,0.9804822043628015,0.9506314580941447
linoleum,figure_eight,29,0.5002768528030763,1.1148105625717566,1.267508610792193
linoleum,figure_eight,35,0.612028579935599,2.0355912743972446,2.3318025258323765
linoleum,figure_eight,39,0.6886454054641055,3.227324913892078,3.3233065442020666
linoleum,figure_eight,42,0.7393851968985404,3.307692307692308,3.2856486796785305
linoleum,figure_eight,44,0.7700948041267475,3.404133180252583,3.1904420206659014
linoleum,figure_eight,45,0.7840953674351626,2.473019517795637,2.5060594463579537
linoleum,figure_eight,45,0.7828368304111308,3.415614236509759,2.7145044010715655
linoleum,figure_eight,44,0.766194335980301,2.7784156142365095,3.1446613088404134
linoleum,figure_eight,42,0.7324268367418405,3.546498277841562,3.3291236127057022
linoleum,figure_eight,39,0.6778527408941806,2.933409873708381,3.2583237657864523
linoleum,figure_eight,34,0.5961311086868989,2.7072330654420207,3.0237275162648296
linoleum,figure_eight,27,0.4772209920818143,2.509758897818599,2.4129353233830844
linoleum,figure_eight,18,0.3076912394649486,2.1641791044776117,2.444316877152698
linoleum,figure_eight,4,0.0743618944157498,2.2835820895522394,2.5595101415996937
linoleum,figure_eight,-13,-0.2188856280047641,1.8197474167623424,1.6375813241484884
linoleum,figure_eight,-31,-0.5328614135490369,0.4029850746268657,0.4653654802908535
linoleum,figure_eight,-47,-0.8139970068973527,1.4190585533869118,1.557596632223498
linoleum,figure_eight,-59,-1.0372548542346935,2.4592422502870264,2.604286261002679
linoleum,figure_eight,-69,-1.2085094509687668,3.2858783008036743,3.2594718714121704
linoleum,figure_eight,-77,-1.3433711713598124,4.4075774971297355,4.045924225028703
linoleum,figure_eight,-83,-1.4563368617613013,3.5866819747416767,3.96211251435132
linoleum,figure_eight,-89,-1.558354677361185,3.5487944890929963,3.453884424033678
linoleum,figure_eight,-95,-1.659365252802636,3.8541905855338694,3.871029468044393
linoleum,figure_eight,-101,-1.7685658908446946,3.7049368541905854,3.59433601224646
linoleum,figure_eight,-109,-1.8967158074317645,3.3134328358208958,3.305778798316112
linoleum,figure_eight,-118,-2.057399253969428,3.284730195177956,3.2655951014159967
linoleum,figure_eight,-130,-2.266469301876181,3.729047072330655,3.434749330271719
linoleum,figure_eight,-145,-2.533989684972712,3.4489092996555684,3.4496747034060466
linoleum,figure_eight,-163,-2.844302220132423,2.486796785304248,2.3689246077305777
linoleum,figure_eight,180,3.135437284558737,2.7313432835820897,2.415996938384998
linoleum,figure_eight,165,2.8856496854086067,1.5189437428243397,1.513203214695752
linoleum,figure_eight,155,2.701135332553251,1.2055109070034442,1.2606199770378874
linoleum,figure_eight,147,2.5710783888640685,2.0252583237657866,2.048220436280138
linoleum,figure_eight,142,2.4811909892349817,2.8105625717566016,2.805587447378492
linoleum,figure_eight,139,2.420606272768812,3.010332950631458,3.251817833907386
linoleum,figure_eight,136,2.382097008396105,3.3892078071182548,3.3347365735425436
linoleum,figure_eight,135,2.3613943133319406,2.6486796785304247,2.8438576349024114
grass,circle,11,0.199831485748291,6.058553386911596,6.058553386911596
grass,circle,23,0.4001028537750244,5.903559127439724,5.903559127439724
grass,circle,34,0.6004104614257812,4.358208955223881,4.358208955223881
grass,circle,46,0.8007090091705322,3.5361653272101035,3.5361653272101035
grass,circle,57,1.0008506774902344,3.4408725602755457,3.4408725602755457
grass,circle,69,1.2004103660583496,6.747416762342136,6.747416762342136
grass,circle,80,1.400022268295288,9.742824339839267,9.742824339839267
grass,circle,92,1.5998003482818604,11.86796785304248,11.86796785304248
grass,circle,103,1.799894094467163,13.331802525832375,13.331802525832375
grass,circle,115,1.9998276233673096,11.115958668197475,11.115958668197475
grass,circle,126,2.2000534534454346,10.990815154994259,10.990815154994259
grass,circle,138,2.3998472690582275,12.12743972445465,12.12743972445465
grass,circle,149,2.6000702381134038,10.882893226176808,10.882893226176808
grass,circle,160,2.799896240234375,9.446613088404133,9.446613088404133
grass,circle,172,2.999865293502807,7.715269804822045,7.715269804822045
grass,circle,-177,-3.0833697954760955,6.236509758897819,6.236509758897819
grass,circle,-165,-2.883361403142111,3.6865671641791047,3.6865671641791047
grass,circle,-154,-2.6833642164813445,3.504018369690011,3.504018369690011
grass,circle,-142,-2.483354155217306,3.301951779563719,3.301951779563719
grass,circle,-131,-2.2831576506244105,4.355912743972445,4.355912743972445
grass,circle,-119,-2.083380524312155,4.320321469575202,4.320321469575202
grass,circle,-108,-1.883307997380392,6.241102181400689,6.241102181400689
grass,circle,-96,-1.6833596865283411,8.725602755453501,8.725602755453501
grass,circle,-85,-1.4833224455462857,12.024110218140068,12.024110218140068
grass,circle,-74,-1.283363405858175,12.54190585533869,12.54190585533869
grass,circle,-62,-1.0827198664294644,11.625717566016073,11.625717566016073
grass,circle,-51,-0.8830338160144254,11.060849598163031,11.060849598163031
grass,circle,-39,-0.6833220163928443,11.357060849598163,11.357060849598163
grass,circle,-28,-0.4833594004260464,9.676234213547644,9.676234213547644
grass,circle,-16,-0.2833686510669155,7.784156142365097,7.784156142365097
grass,circle,-5,-0.0833464304553424,7.070034443168771,7.070034443168771
grass,circle,169,2.9416798671060285,7.526980482204362,7.526980482204362
grass,circle,157,2.7417499144845685,4.849598163030999,4.849598163030999
grass,circle,146,2.5417329390817365,4.453501722158439,4.453501722158439
grass,circle,134,2.34172240098054,3.4971297359357063,3.4971297359357063
grass,circle,123,2.1416775306039533,4.834672789896671,4.834672789896671
grass,circle,111,1.9417006095224103,6.955223880597015,6.955223880597015
grass,circle,100,1.7416857798867904,8.832376578645235,8.832376578645235
grass,circle,88,1.541707666712352,11.91963260619977,11.91963260619977
grass,circle,77,1.3417443354898175,13.568312284730196,13.568312284730196
grass,circle,65,1.1417209227853498,13.149253731343283,13.149253731343283
grass,circle,54,0.9416913111978256,10.587830080367393,10.587830080367393
grass,circle,42,0.741708191233226,10.326061997703789,10.326061997703789
grass,circle,31,0.5417269786172595,9.099885189437428,9.099885189437428
grass,circle,20,0.3417462428384509,7.994259471871413,7.994259471871413
grass,circle,8,0.1417421420388899,6.996555683122847,6.996555683122847
grass,circle,-3,-0.0583306233114518,6.299655568312285,6.299655568312285
grass,circle,-15,-0.2583359162039079,4.884041331802527,4.884041331802527
grass,circle,-26,-0.4582892338461198,3.6199770378874856,3.6199770378874856
grass,circle,-38,-0.6582961956686296,3.6888633754305395,3.6888633754305395
grass,circle,-49,-0.8582604805654802,2.836969001148106,2.836969001148106
grass,circle,-61,-1.058302728337697,4.219288174512055,4.219288174512055
grass,circle,-72,-1.2583101669973649,7.23995407577497,7.23995407577497
grass,circle,-84,-1.458325235051564,9.587830080367393,9.587830080367393
grass,circle,-95,-1.658344117803029,12.079219288174514,12.079219288174514
grass,circle,-106,-1.858293143910817,13.309988518943744,13.309988518943744
grass,circle,-118,-2.0583012978262225,12.819747416762343,12.819747416762343
grass,circle,-129,-2.258257953328542,13.078071182548795,13.078071182548795
grass,circle,-141,-2.458274928731374,12.058553386911596,12.058553386911596
grass,circle,-152,-2.658327190083913,10.367393800229623,10.367393800229623
grass,circle,-164,-2.858288375539235,8.741676234213548,8.741676234213548
grass,circle,-175,-3.058252898854665,7.078071182548794,7.078071182548794
grass,circle,11,0.19997239112854,6.377726750861079,6.2181400688863375
grass,circle,23,0.3999617099761963,5.172215843857636,5.53788748564868
grass,circle,34,0.5999972820281982,3.7129735935706085,4.035591274397245
grass,circle,46,0.7999780178070068,3.0516647531572905,3.293915040183697
grass,circle,57,0.9999759197235109,3.4913892078071185,3.4661308840413323
grass,circle,69,1.200003147125244,6.470723306544201,6.609070034443169
grass,circle,80,1.3999629020690918,9.028702640642939,9.385763490241104
grass,circle,92,1.5999431610107422,12.24110218140069,12.054535017221585
grass,circle,103,1.7999646663665771,10.51435132032147,11.923076923076923
grass,circle,115,1.9999649524688723,11.366245694603904,11.24110218140069
grass,circle,126,2.1999547481536865,10.846153846153845,10.918484500574053
grass,circle,138,2.4000163078308105,10.768082663605053,11.447761194029852
grass,circle,149,2.5999786853790283,10.101033295063147,10.491963260619977
grass,circle,160,2.7999675273895264,8.536165327210103,8.991389207807117
grass,circle,172,2.999960660934448,8.017221584385764,7.866245694603904
grass,circle,-177,-3.0832141081439417,6.2043628013777266,6.220436280137773
grass,circle,-165,-2.883206431065695,4.29735935706085,3.9919632606199773
grass,circle,-154,-2.683233801518576,3.61308840413318,3.5585533869115955
grass,circle,-142,-2.483199659978048,4.058553386911596,3.6802525832376576
grass,circle,-131,-2.283139053975241,3.3754305396096433,3.865671641791044
grass,circle,-119,-2.0828395525561736,4.363949483352468,4.3421354764638345
grass,circle,-108,-1.8832340876208704,7.2525832376578645,6.746842709529277
grass,circle,-96,-1.683161799107687,8.662456946039036,8.694029850746269
grass,circle,-85,-1.4831865469561978,12.135476463834673,12.07979334098737
grass,circle,-74,-1.2831757704364224,12.24569460390356,12.393800229621124
grass,circle,-62,-1.0832153002368374,12.15154994259472,11.888633754305395
grass,circle,-51,-0.8831840197192594,9.857634902411021,10.459242250287026
grass,circle,-39,-0.6832316557513639,11.530424799081514,11.44374282433984
grass,circle,-28,-0.483205858861105,9.723306544202066,9.699770378874856
grass,circle,-16,-0.2832317988025122,8.56601607347876,8.175086107921928
grass,circle,-5,-0.0832379500018512,7.5820895522388065,7.326061997703789
grass,circle,169,2.941567095118113,7.435132032146957,7.481056257175659
grass,circle,157,2.7415384372049054,5.3008036739380024,5.075200918484501
grass,circle,146,2.5416232665353498,4.841561423650975,4.6475315729047075
grass,circle,134,2.3416170199685773,2.9942594718714117,3.245694603903559
grass,circle,123,2.1415978987985334,4.389207807118256,4.611940298507463
grass,circle,111,1.9415957053476056,7.099885189437429,7.027554535017222
grass,circle,100,1.7416042407327377,9.33065442020666,9.081515499425947
grass,circle,88,1.541707666712352,12.0459242250287,11.982778415614234
grass,circle,77,1.3415962775521957,13.815154994259473,13.691733639494835
grass,circle,65,1.1416374762826644,13.259471871412169,13.204362801377727
grass,circle,54,0.9415957053476058,11.606199770378876,11.097014925373134
grass,circle,42,0.7415815909677228,10.433983926521242,10.380022962112516
grass,circle,31,0.5413264354043689,9.63719862227325,9.368541905855338
grass,circle,20,0.3411203940683093,8.13662456946039,8.065442020665902
grass,circle,8,0.1410523970895491,6.881745120551091,6.939150401836969
grass,circle,-3,-0.0589781681722921,6.834672789896671,6.567164179104478
grass,circle,-15,-0.2587767521566667,4.615384615384615,4.749712973593571
grass,circle,-26,-0.4586630741781515,3.4925373134328357,3.5562571756601606
grass,circle,-38,-0.6584459225363057,3.2330654420206657,3.4609644087256024
grass,circle,-49,-0.8583911339468279,2.8059701492537314,2.8214695752009185
grass,circle,-61,-1.0584066788381854,3.8128587830080365,4.016073478760045
grass,circle,-72,-1.2584217468923846,6.7301951779563725,6.985074626865671
grass,circle,-84,-1.4584208409017838,9.972445464982778,9.780137772675086
grass,circle,-95,-1.6584010998434342,11.876004592422502,11.977611940298509
grass,circle,-106,-1.858411399526052,13.932261768082665,13.621125143513204
grass,circle,-118,-2.058416215581349,12.869115958668196,12.84443168771527
grass,circle,-129,-2.258409825963429,11.329506314580941,12.203788748564868
grass,circle,-141,-2.4584167877859397,10.027554535017222,11.043053960964409
grass,circle,-152,-2.658372251195363,9.811710677382319,10.089552238805972
grass,circle,-164,-2.8583920876211444,7.724454649827784,8.233065442020667
grass,circle,-175,-3.0584214607900906,6.498277841561424,6.788174512055109
grass,circle,11,0.19999361038208,7.2422502870264065,6.559510141599694
grass,circle,23,0.4000489711761474,4.09873708381171,5.058170685036356
grass,circle,34,0.5999710559844971,3.7910447761194033,3.9540757749712974
grass,circle,46,0.8003497123718262,3.2123995407577493,3.266743207041715
grass,circle,57,1.0003893375396729,3.6073478760045923,3.513203214695752
grass,circle,69,1.2007231712341309,6.05625717566016,6.424799081515499
grass,circle,80,1.400618553161621,9.140068886337543,9.303865288939916
grass,circle,92,1.600533962249756,11.597014925373136,11.90202831993877
grass,circle,103,1.8001246452331543,11.322617680826637,11.722923842326827
grass,circle,115,1.999974012374878,12.003444316877152,11.495216226559512
grass,circle,126,2.200031042098999,10.388059701492537,10.741676234213548
grass,circle,138,2.400005340576172,10.532721010332951,11.142747799464217
grass,circle,149,2.599990129470825,9.827784156142366,10.270570225794108
grass,circle,160,2.7999730110168457,8.73134328358209,8.904707233065443
grass,circle,172,2.99995756149292,7.7680826636050515,7.8335246842709525
grass,circle,-177,-3.0832074324237277,5.917336394948335,6.119402985074626
grass,circle,-165,-2.883177582417624,4.3318025258323765,4.105243015690777
grass,circle,-154,-2.6831784884082244,3.555683122847302,3.5575966322234973
grass,circle,-142,-2.483184639607565,3.6176808266360503,3.6593953310371217
grass,circle,-131,-2.2831185499774382,4.497129735935706,4.076157673172598
grass,circle,-119,-2.083078209553854,4.430539609644088,4.371603520857253
grass,circle,-108,-1.883171621953146,7.331802525832376,6.941829314963644
grass,circle,-96,-1.6832245031939908,7.957520091848449,8.44852659778033
grass,circle,-85,-1.4832084814654751,12.44316877152698,12.200918484500574
grass,circle,-74,-1.2831528822528286,12.859931113662457,12.549177190968237
grass,circle,-62,-1.0832000414477758,11.649827784156143,11.809031764255645
grass,circle,-51,-0.8831141630755825,9.345579793340987,10.088021431305014
grass,circle,-39,-0.6831048170672818,10.408725602755455,11.098737083811711
grass,circle,-28,-0.4832671324359341,10.058553386911594,9.8193647148871
grass,circle,-16,-0.2832344214068814,8.300803673938002,8.21699196326062
grass,circle,-5,-0.0831466356860562,6.663605051664754,7.105243015690777
grass,circle,169,2.941500099497386,7.334098737083812,7.432070417145044
grass,circle,157,2.741679581003733,4.942594718714122,5.030998851894374
grass,circle,146,2.541882904367992,5.411021814006888,4.9020283199387675
grass,circle,134,2.3420280535989484,3.788748564867968,3.4267125908916953
grass,circle,123,2.1420299132638654,4.2698048220436275,4.497895139686185
grass,circle,111,1.9420255740457255,6.718714121699197,6.92460773057788
grass,circle,100,1.742018850641795,8.817451205510906,8.993494068120933
grass,circle,88,1.541999252634593,12.014925373134329,11.993494068120933
grass,circle,77,1.3420044501596176,13.369690011481056,13.584385763490241
grass,circle,65,1.1420384963327133,13.043628013777269,13.15078453884424
grass,circle,54,0.9420162757211408,13.061997703788748,11.752009184845006
grass,circle,43,0.7419928630166731,10.828932261768081,10.828932261768081
grass,circle,31,0.5420168956094465,10.611940298507463,9.78300803673938
grass,circle,20,0.3420209010415754,8.719862227324914,8.283582089552239
grass,circle,8,0.1420132239633284,7.710677382319172,7.196326061997703
grass,circle,-3,-0.0579574982351579,6.112514351320321,6.415614236509758
grass,circle,-15,-0.2580018917745866,5.1251435132032155,4.874856486796786
grass,circle,-26,-0.4579637924856463,3.5648679678530426,3.5591274397244548
grass,circle,-38,-0.6579554955190935,3.071182548794489,3.331037122081898
grass,circle,-49,-0.8579986969656272,2.243398392652124,2.6287791810179875
grass,circle,-61,-1.057965127629689,4.487944890929965,4.1733639494833525
grass,circle,-72,-1.25795849959319,6.892078071182549,6.954075774971297
grass,circle,-84,-1.4587653557485856,9.694603903559127,9.751626482969767
grass,circle,-95,-1.6580096165365494,11.909299655568313,11.954841178721777
grass,circle,-106,-1.8580137173361104,12.90585533869116,13.38270187523919
grass,circle,-118,-2.0579558293051043,12.125143513203215,12.604668962877918
grass,circle,-129,-2.258071033162526,11.194029850746269,11.867202449292002
grass,circle,-141,-2.4579683224386493,10.238805970149253,10.774971297359357
grass,circle,-152,-2.657992688817433,9.461538461538462,9.880214313050134
grass,circle,-164,-2.8579719940847674,8.38691159586682,8.284347493302718
grass,circle,-175,-3.057993737859181,6.803673938002296,6.793340987370837
grass,figure_eight,45,0.7778295290632927,2.6475315729047066,2.6475315729047066
grass,figure_eight,43,0.7543532089379302,6.796785304247991,6.796785304247991
grass,figure_eight,41,0.7125052995179361,8.45235361653272,8.45235361653272
grass,figure_eight,37,0.647580805215048,8.28358208955224,8.28358208955224
grass,figure_eight,32,0.5516944995704989,6.949483352468428,6.949483352468428
grass,figure_eight,24,0.4133836299353932,7.088404133180253,7.088404133180253
grass,figure_eight,12,0.2181295528019746,6.322617680826636,6.322617680826636
grass,figure_eight,-2,-0.0426914725273339,4.47646383467279,4.47646383467279
grass,figure_eight,-20,-0.3513288986223584,3.6211251435132032,3.6211251435132032
grass,figure_eight,-38,-0.6567456849919331,3.840413318025258,3.840413318025258
grass,figure_eight,-52,-0.9141796233602604,2.9334098737083814,2.9334098737083814
grass,figure_eight,-64,-1.1141147707407917,4.117106773823192,4.117106773823192
grass,figure_eight,-73,-1.268215282985504,5.738231917336395,5.738231917336395
grass,figure_eight,-80,-1.3923330303332115,8.974741676234213,8.974741676234213
grass,figure_eight,-86,-1.4994583439442153,10.419058553386911,10.419058553386911
grass,figure_eight,-92,-1.6000321475100951,12.96211251435132,12.96211251435132
grass,figure_eight,-98,-1.7033034594470873,12.37657864523536,12.37657864523536
grass,figure_eight,-104,-1.8189704951108072,10.955223880597014,10.955223880597014
grass,figure_eight,-112,-1.9588428878303537,9.940298507462686,9.940298507462686
grass,figure_eight,-122,-2.13774580063736,11.32491389207807,11.32491389207807
grass,figure_eight,-136,-2.370865562618221,10.51894374282434,10.51894374282434
grass,figure_eight,-152,-2.660303196111653,9.624569460390354,9.624569460390354
grass,figure_eight,-170,-2.9748173640293807,8.964408725602755,8.964408725602755
grass,figure_eight,173,3.023475122642501,6.18828932261768,6.18828932261768
grass,figure_eight,161,2.801268590686324,6.208955223880596,6.208955223880596
grass,figure_eight,151,2.641228632917516,3.855338691159586,3.855338691159586
grass,figure_eight,145,2.5294828790429267,4.195177956371986,4.195177956371986
grass,figure_eight,141,2.452878776603433,3.484500574052813,3.484500574052813
grass,figure_eight,138,2.402177382671548,3.881745120551091,3.881745120551091
grass,figure_eight,136,2.3714828970467488,6.215843857634902,6.215843857634902
grass,figure_eight,135,2.3574932486806817,7.042479908151551,7.042479908151551
grass,figure_eight,135,2.358761325166866,8.101033295063147,7.5717566016073485
grass,figure_eight,136,2.37541571330862,7.498277841561424,6.857060849598163
grass,figure_eight,138,2.409194510194065,8.329506314580941,6.105625717566016
grass,figure_eight,141,2.463794409272796,9.588978185993112,6.536739380022962
grass,figure_eight,146,2.545536884316634,9.136624569460391,9.136624569460391
grass,figure_eight,153,2.664408327918668,8.20321469575201,8.20321469575201
grass,figure_eight,162,2.8340463559482054,6.557979334098737,6.557979334098737
grass,figure_eight,176,3.067456704635233,6.772675086107922,6.772675086107922
grass,figure_eight,-167,-2.9224689840834275,4.084959816303099,4.084959816303099
grass,figure_eight,-149,-2.6084944659992,3.722158438576349,3.722158438576349
grass,figure_eight,-133,-2.327405598717291,3.4569460390355915,3.4569460390355915
grass,figure_eight,-121,-2.104149428537684,3.898966704936854,3.898966704936854
grass,figure_eight,-111,-1.932974558629761,4.048220436280138,4.048220436280138
grass,figure_eight,-103,-1.798133705094047,7.134328358208956,7.134328358208956
grass,figure_eight,-97,-1.6853354940447636,10.367393800229621,10.367393800229621
grass,figure_eight,-91,-1.5831722464075622,11.354764638346726,11.354764638346726
grass,figure_eight,-85,-1.4821630001770338,13.399540757749712,13.399540757749712
grass,figure_eight,-79,-1.3729478903892995,10.996555683122846,10.996555683122846
grass,figure_eight,-71,-1.2447697717325132,11.106773823191734,11.106773823191734
grass,figure_eight,-62,-1.0840469543990432,11.059701492537313,11.059701492537313
grass,figure_eight,-50,-0.874965914342821,11.421354764638346,11.421354764638346
grass,figure_eight,-35,-0.6073608268732195,11.526980482204362,11.526980482204362
grass,figure_eight,-17,-0.2966248549880738,10.082663605051664,10.082663605051664
grass,figure_eight,0,0.0062933329237787,8.126291618828933,8.126291618828933
grass,figure_eight,15,0.2560175161161546,7.049368541905855,7.049368541905855
grass,figure_eight,25,0.4405167369090837,3.9988518943742823,3.9988518943742823
grass,figure_eight,33,0.5705634776391673,3.5212399540757753,3.5212399540757753
grass,figure_eight,38,0.6604194222164275,4.143513203214695,4.143513203214695
grass,figure_eight,41,0.7210243539490173,3.383467278989667,5.9179104477611935
grass,figure_eight,44,0.7595624610611272,4.1561423650975895,4.1561423650975895
grass,figure_eight,45,0.7802062816703912,5.43857634902411,4.043053960964409
grass,figure_eight,135,2.3637509789617424,2.5040183696900122,5.88251052430157
grass,figure_eight,137,2.3872128242681563,10.545350172215842,10.545350172215842
grass,figure_eight,139,2.429104968062695,9.567164179104477,9.567164179104477
grass,figure_eight,143,2.49416772852454,8.289322617680826,8.289322617680826
grass,figure_eight,148,2.589685410620345,7.928817451205512,7.928817451205512
grass,figure_eight,156,2.7278407840424013,8.355912743972446,8.355912743972446
grass,figure_eight,167,2.922858353389409,7.517795637198622,7.517795637198622
grass,figure_eight,-178,-3.0997959440753995,6.34902411021814,6.34902411021814
grass,figure_eight,-160,-2.7912437305152022,4.31572904707233,4.31572904707233
grass,figure_eight,-142,-2.4853634050765026,3.2261768082663607,3.2261768082663607
grass,figure_eight,-128,-2.2275404241258805,3.205510907003444,3.205510907003444
grass,figure_eight,-116,-2.027585528597869,3.8668197474167623,3.8668197474167623
grass,figure_eight,-107,-1.8730864211496177,5.003444316877152,5.003444316877152
grass,figure_eight,-100,-1.749263689969893,7.524684270952928,7.524684270952928
grass,figure_eight,-94,-1.642117728728536,10.872560275545348,10.872560275545348
grass,figure_eight,-88,-1.5413734616182224,11.653272101033295,11.653272101033295
grass,figure_eight,-82,-1.438310507630217,10.848450057405282,10.848450057405282
grass,figure_eight,-76,-1.3225621393939695,9.588978185993112,9.588978185993112
grass,figure_eight,-68,-1.1828414816413495,10.789896670493684,10.789896670493684
grass,figure_eight,-58,-1.0039020265863117,10.154994259471872,10.154994259471872
grass,figure_eight,-44,-0.7696797635904368,10.619977037887486,10.619977037887486
grass,figure_eight,-28,-0.4813534856303825,10.314580941446613,10.314580941446613
grass,figure_eight,-10,-0.1668543296562121,9.266360505166475,9.266360505166475
grass,figure_eight,7,0.1180498556280599,7.064293915040184,7.064293915040184
grass,figure_eight,19,0.3402568438011173,6.005740528128587,6.005740528128587
grass,figure_eight,29,0.5003118496719755,3.7118254879448904,3.7118254879448904
grass,figure_eight,35,0.6122384425339865,3.195177956371986,3.195177956371986
grass,figure_eight,39,0.6886861943798541,4.1079219288174516,4.1079219288174516
grass,figure_eight,42,0.739484574766215,4.061997703788749,4.061997703788749
grass,figure_eight,44,0.7701097041836942,5.073478760045925,4.614810562571757
grass,figure_eight,45,0.7841010449655627,6.012629161882893,4.6995790279372365
grass,figure_eight,45,0.7828335446341403,7.08036739380023,5.294776119402985
grass,figure_eight,44,0.7661842953406865,7.898966704936854,5.7095292766934564
grass,figure_eight,42,0.7322370350443791,7.985074626865671,6.02353616532721
grass,figure_eight,39,0.6778329042946073,8.695752009184845,6.401836969001149
grass,figure_eight,34,0.5960965466284494,8.685419058553386,8.685419058553386
grass,figure_eight,27,0.476922323999926,7.684270952927669,7.684270952927669
grass,figure_eight,18,0.3073199961797699,7.278989667049369,7.278989667049369
grass,figure_eight,4,0.0736107918366453,6.33524684270953,6.33524684270953
grass,figure_eight,-13,-0.2196471826567214,4.971297359357061,4.971297359357061
grass,figure_eight,-31,-0.5334003975028453,2.8140068886337546,2.8140068886337546
grass,figure_eight,-47,-0.814644839479565,3.252583237657865,3.252583237657865
grass,figure_eight,-59,-1.037762483661479,2.902411021814007,2.902411021814007
grass,figure_eight,-69,-1.2092498637081774,4.246842709529276,4.246842709529276
grass,figure_eight,-77,-1.3437114804166197,7.094144661308841,7.094144661308841
grass,figure_eight,-83,-1.456385159413039,9.47187141216992,9.47187141216992
grass,figure_eight,-89,-1.558385454723965,11.244546498277842,11.244546498277842
grass,figure_eight,-95,-1.6594002902949914,11.894374282433983,11.894374282433983
grass,figure_eight,-101,-1.768605534611468,11.805970149253733,11.805970149253733
grass,figure_eight,-109,-1.8967695960774853,11.508610792192883,11.508610792192883
grass,figure_eight,-118,-2.0574902896623355,9.973593570608497,9.973593570608497
grass,figure_eight,-130,-2.2665541161890914,11.346727898966707,11.346727898966707
grass,figure_eight,-145,-2.534842767298512,10.507462686567166,10.507462686567166
grass,figure_eight,-163,-2.845169013591504,9.276693455797934,9.276693455797934
grass,figure_eight,180,3.1354134503983504,8.212399540757751,8.212399540757751
grass,figure_eight,165,2.8856272428050427,6.437428243398393,6.437428243398393
grass,figure_eight,155,2.700683088721932,4.532721010332951,4.532721010332951
grass,figure_eight,147,2.5710684942167616,3.568312284730195,3.568312284730195
grass,figure_eight,142,2.4812016271732587,3.520091848450057,3.520091848450057
grass,figure_eight,139,2.4205952562904383,3.805970149253731,6.686567164179104
grass,figure_eight,136,2.3820931264348792,5.2594718714121695,6.3245311902028325
grass,figure_eight,135,2.3614199209024638,5.361653272101033,5.752296211251435
grass,figure_eight,45,0.7778364030806743,2.6808266360505164,4.771986222732491
grass,figure_eight,43,0.7543721428255379,9.634902411021814,8.215843857634903
grass,figure_eight,41,0.7125243472072222,9.092996555683122,6.97627248373517
grass,figure_eight,37,0.6476007042060803,7.814006888633753,8.048794489092996
grass,figure_eight,32,0.5518722514443906,7.998851894374283,7.474167623421355
grass,figure_eight,24,0.4136888526471846,8.282433983926522,7.6854190585533875
grass,figure_eight,13,0.2186797377573321,6.877152698048221,6.877152698048221
grass,figure_eight,-2,-0.041888555400473,5.700344431687715,5.088404133180253
grass,figure_eight,-20,-0.3504483204123586,4.126291618828932,3.8737083811710677
grass,figure_eight,-38,-0.6563423187557731,3.3857634902411022,3.61308840413318
grass,figure_eight,-52,-0.9141361648526958,2.48105625717566,2.7072330654420207
grass,figure_eight,-64,-1.1141045887839776,2.8220436280137773,3.4695752009184844
grass,figure_eight,-73,-1.2682229412777928,5.719862227324914,5.729047072330655
grass,figure_eight,-80,-1.3923406214740863,8.47187141216992,8.723306544202067
grass,figure_eight,-86,-1.4994715111569428,10.75086107921929,10.584959816303101
grass,figure_eight,-92,-1.6000572777106803,11.120551090700344,12.041331802525832
grass,figure_eight,-98,-1.7034014306115308,11.63719862227325,12.006888633754304
grass,figure_eight,-104,-1.8189460998895215,10.574052812858785,10.7646383467279
grass,figure_eight,-112,-1.9588077689723609,10.435132032146957,10.187715269804821
grass,figure_eight,-122,-2.1377188209556026,11.036739380022963,11.180826636050517
grass,figure_eight,-136,-2.3708483085905026,10.239954075774971,10.379448909299656
grass,figure_eight,-152,-2.6603453887168564,9.772675086107922,9.69862227324914
grass,figure_eight,-170,-2.974856331858711,8.48564867967853,8.725028702640643
grass,figure_eight,173,3.0234562231523143,7.981630309988519,7.084959816303099
grass,figure_eight,161,2.801287086424192,5.22617680826636,5.717566016073478
grass,figure_eight,151,2.641167086965452,4.43857634902411,4.146957520091848
grass,figure_eight,145,2.5294868391309286,3.557979334098737,3.8765786452353614
grass,figure_eight,141,2.452909138438768,3.8105625717566016,5.628013777267508
grass,figure_eight,138,2.402186913634851,3.923076923076923,5.378109452736318
grass,figure_eight,136,2.3714863006002447,6.929965556831228,6.475889781859931
grass,figure_eight,135,2.357494457023901,6.599311136624569,5.921699196326062
grass,figure_eight,135,2.3587614302245314,8.685419058553386,6.38231917336395
grass,figure_eight,136,2.3754166881877032,9.138920780711825,7.008495981630309
grass,figure_eight,138,2.409193062385931,8.516647531572906,6.162743972445465
grass,figure_eight,141,2.463777994682105,7.157290470723306,6.010332950631458
grass,figure_eight,146,2.545526455023312,8.350172215843857,8.743398392652125
grass,figure_eight,153,2.66436152392894,8.439724454649827,8.321469575200918
grass,figure_eight,162,2.8340694830491344,8.520091848450056,7.539035591274397
grass,figure_eight,176,3.067428101430169,6.236509758897819,6.504592422502871
grass,figure_eight,-167,-2.9225413679862813,4.401836969001148,4.243398392652123
grass,figure_eight,-149,-2.6085439285184933,3.6567164179104483,3.689437428243399
grass,figure_eight,-133,-2.3274659277019167,3.1940298507462686,3.32548794489093
grass,figure_eight,-121,-2.104166149974412,2.9253731343283587,3.412169919632606
grass,figure_eight,-111,-1.932940857730812,3.9529276693455793,4.000574052812858
grass,figure_eight,-103,-1.798145456418128,7.044776119402984,7.08955223880597
grass,figure_eight,-97,-1.6851409150996914,9.39609644087256,9.881745120551091
grass,figure_eight,-91,-1.5827552131197329,12.004592422502872,11.679678530424798
grass,figure_eight,-85,-1.4819198041579376,11.034443168771528,12.21699196326062
grass,figure_eight,-79,-1.3726331504913605,11.700344431687714,11.34845005740528
grass,figure_eight,-71,-1.244355340567607,9.753157290470723,10.429965556831228
grass,figure_eight,-62,-1.0838263581525591,10.838117106773822,10.948909299655568
grass,figure_eight,-50,-0.8748756950241242,11.070034443168772,11.245694603903559
grass,figure_eight,-35,-0.6072430833736595,10.53386911595867,11.030424799081516
grass,figure_eight,-17,-0.2970978918334917,9.681974741676234,9.88231917336395
grass,figure_eight,0,0.0062678223879631,8.081515499425947,8.10390355912744
grass,figure_eight,15,0.2560022976343817,6.8369690011481055,6.94316877152698
grass,figure_eight,25,0.4405207960851314,4.322617680826636,4.160734787600459
grass,figure_eight,33,0.5705679744884676,4.567164179104478,4.044202066590127
grass,figure_eight,38,0.6604181036209916,3.332950631458094,3.7382319173363947
grass,figure_eight,41,0.7210118329859717,3.9001148105625716,6.20723306544202
grass,figure_eight,44,0.7595085722892146,4.9161882893226165,5.5111940298507465
grass,figure_eight,45,0.7801776546651099,5.842709529276694,4.950440107156525
grass,figure_eight,45,0.777833202878178,4.0769230769230775,4.825651959980318
grass,figure_eight,43,0.754360936259779,9.654420206659012,8.695369307309605
grass,figure_eight,41,0.7125231607179819,7.8920780711825484,6.544202066590126
grass,figure_eight,37,0.647568132673471,8.298507462686567,8.13203214695752
grass,figure_eight,32,0.5518442280593957,8.019517795637197,7.65595101415997
grass,figure_eight,24,0.4137097939802426,7.235361653272101,7.535399923459625
grass,figure_eight,13,0.2182471724340536,7.481056257175661,7.179104477611941
grass,figure_eight,-2,-0.0418750381359907,6.524684270952927,5.567164179104478
grass,figure_eight,-20,-0.3504388720099329,4.011481056257176,3.919632606199771
grass,figure_eight,-38,-0.6563313878453679,3.2020665901262917,3.476081132797551
grass,figure_eight,-52,-0.9142562136939336,2.3478760045924223,2.5874473784921546
grass,figure_eight,-64,-1.1140395452438003,2.950631458094145,3.296593953310371
grass,figure_eight,-73,-1.268235324701702,4.911595866819748,5.456563337160351
grass,figure_eight,-80,-1.3923547191091468,7.672789896670493,8.373134328358208
grass,figure_eight,-86,-1.4995019904046931,10.461538461538462,10.543819364714887
grass,figure_eight,-92,-1.6000970076983445,12.03788748564868,12.040183696900115
grass,figure_eight,-98,-1.7033029458634463,10.57979334098737,11.531190202831993
grass,figure_eight,-104,-1.8189472971799043,12.101033295063145,11.210103329506316
grass,figure_eight,-112,-1.958792264992216,10.479908151549942,10.285112897053194
grass,figure_eight,-122,-2.1379135338065174,11.10332950631458,11.154994259471872
grass,figure_eight,-136,-2.3708614843704026,11.187141216991963,10.648679678530426
grass,figure_eight,-152,-2.660368335786916,10.027554535017222,9.808266360505167
grass,figure_eight,-170,-2.9749735998743017,8.591274397244547,8.680443934175278
grass,figure_eight,173,3.02348091449379,6.8714121699196316,7.013777267508611
grass,figure_eight,160,2.801243329188664,5.513203214695753,5.513203214695753
grass,figure_eight,151,2.64120318632024,4.555683122847302,4.283199387677
grass,figure_eight,145,2.52946263959372,3.7657864523536166,3.83964791427478
grass,figure_eight,141,2.4529013985728896,3.9483352468427095,5.597933409873709
grass,figure_eight,138,2.402176048426597,3.5614236509758896,5.64247990815155
grass,figure_eight,136,2.3714818237008077,6.5820895522388065,6.937428243398393
grass,figure_eight,135,2.357482376706192,6.580941446613089,6.410693783828113
grass,figure_eight,135,2.358766454509793,7.693455797933409,6.571039035591275
grass,figure_eight,136,2.375420735693699,7.856486796785304,7.068722322453666
grass,figure_eight,138,2.409193114092969,9.049368541905856,6.210294680443934
grass,figure_eight,141,2.46381249907122,9.097588978185993,6.181209337925755
grass,figure_eight,146,2.545535243726222,8.478760045924226,8.655185610409491
grass,figure_eight,153,2.664368789167572,7.979334098737085,8.20742441637964
grass,figure_eight,162,2.834002249969644,6.966704936854192,7.348258706467661
grass,figure_eight,176,3.067405219390696,6.31572904707233,6.441637964026024
grass,figure_eight,-167,-2.9225656200557864,4.215843857634902,4.234213547646383
grass,figure_eight,-149,-2.608287170181201,3.618828932261768,3.6659012629161882
grass,figure_eight,-133,-2.3274704525147363,3.4890929965556827,3.3800229621125144
grass,figure_eight,-121,-2.104219103748403,3.249138920780712,3.3578262533486414
grass,figure_eight,-111,-1.932723458903059,3.7141216991963266,3.905089934940681
grass,figure_eight,-103,-1.798136316481871,7.029850746268657,7.069651741293533
grass,figure_eight,-97,-1.6853334761935783,9.18369690011481,9.649062380405665
grass,figure_eight,-91,-1.5831648503416795,11.510907003444316,11.623421354764638
grass,figure_eight,-85,-1.4821626300495547,12.870264064293915,12.43474933027172
grass,figure_eight,-79,-1.3728930781107531,12.398392652123995,11.698430922311518
grass,figure_eight,-71,-1.2447767075996838,11.135476463834673,10.66513585916571
grass,figure_eight,-62,-1.0840673803957392,10.951779563719864,10.949866054343666
grass,figure_eight,-50,-0.8743869975493475,10.280137772675085,10.923842326827403
grass,figure_eight,-35,-0.607396675664502,10.919632606199771,10.993494068120933
grass,figure_eight,-17,-0.2970620265348435,8.7451205510907,9.503252965939533
grass,figure_eight,0,0.0062929972618871,9.239954075774971,8.482587064676617
grass,figure_eight,15,0.2561121727796629,6.57979334098737,6.822043628013777
grass,figure_eight,25,0.4405781740576891,4.313432835820896,4.211634137007271
grass,figure_eight,33,0.5705565395070008,3.7141216991963257,3.9341752774588596
grass,figure_eight,38,0.6604184552473457,3.1148105625717566,3.5304247990815156
grass,figure_eight,41,0.7210100938486836,3.107921928817451,5.97148871029468
grass,figure_eight,44,0.7595165416800171,4.154994259471871,5.239954075774971
grass,figure_eight,45,0.7801801674256597,6.33524684270953,5.014351320321469
grass,figure_eight,135,2.363758105087391,2.52353616532721,6.121316494450823
grass,figure_eight,137,2.387223226144542,9.933409873708383,10.239380022962113
grass,figure_eight,139,2.4290723654731976,9.025258323765787,7.466130884041331
grass,figure_eight,143,2.4939995520703606,9.244546498277842,8.766934557979333
grass,figure_eight,148,2.589709193495615,9.559127439724456,8.743972445464983
grass,figure_eight,156,2.7279294406637185,8.677382319173363,8.516647531572904
grass,figure_eight,167,2.9230234099079317,7.39150401836969,7.454649827784156
grass,figure_eight,-178,-3.099687808004637,6.270952927669345,6.309988518943743
grass,figure_eight,-160,-2.7911930869649004,4.181400688863376,4.248564867967853
grass,figure_eight,-142,-2.4853056733421144,3.3559127439724454,3.291044776119403
grass,figure_eight,-128,-2.2271371193744507,3.420206659012629,3.3128587830080365
grass,figure_eight,-116,-2.027562667998885,3.948335246842709,3.9075774971297355
grass,figure_eight,-107,-1.8733946428404848,5.427095292766935,5.215269804822043
grass,figure_eight,-100,-1.7492715523430309,8.532721010332951,8.02870264064294
grass,figure_eight,-94,-1.6421009041482677,10.96785304247991,10.920206659012628
grass,figure_eight,-88,-1.5415460263176255,10.37772675086108,11.015499425947187
grass,figure_eight,-82,-1.438314359414238,10.912743972445464,10.880597014925373
grass,figure_eight,-76,-1.322666607990546,11.355912743972446,10.47244546498278
grass,figure_eight,-68,-1.182749578951776,11.187141216991963,10.988518943742823
grass,figure_eight,-58,-1.0037928906953724,10.09529276693456,10.125143513203216
grass,figure_eight,-44,-0.7707208167162553,10.436280137772675,10.52812858783008
grass,figure_eight,-28,-0.4812687313499925,9.863375430539609,10.08897818599311
grass,figure_eight,-10,-0.1667859506596257,8.52353616532721,8.894948335246841
grass,figure_eight,7,0.1180961923807007,7.121699196326062,7.092996555683123
grass,figure_eight,20,0.34035090320741,5.414466130884041,5.414466130884041
grass,figure_eight,29,0.500386604614797,3.8300803673938,3.770952927669345
grass,figure_eight,35,0.6120948138782396,3.7141216991963257,3.4546498277841557
grass,figure_eight,39,0.6887030129070445,3.861079219288175,5.5549177190968235
grass,figure_eight,42,0.7394064071590487,3.8668197474167623,5.304630692690394
grass,figure_eight,44,0.7701083951693561,5.120551090700344,5.220053578262533
grass,figure_eight,45,0.7840988381023115,6.510907003444317,5.180635285112897
grass,figure_eight,45,0.7828323263626091,7.549942594718714,5.725347620870009
grass,figure_eight,44,0.7661790081196033,7.988518943742824,5.615548630474003
grass,figure_eight,42,0.7324017628730458,8.112514351320321,6.006601607347876
grass,figure_eight,39,0.6778215907969564,8.243398392652125,6.227037887485649
grass,figure_eight,34,0.5960857670230372,7.621125143513203,8.153272101033295
grass,figure_eight,27,0.4772358604422647,7.739380022962112,7.711825487944891
grass,figure_eight,18,0.3075949332443189,6.828932261768083,7.053960964408725
grass,figure_eight,4,0.0741810781237954,7.041331802525832,6.688289322617681
grass,figure_eight,-13,-0.2190240486732507,4.351320321469576,4.6613088404133185
grass,figure_eight,-31,-0.5330952780569103,2.8897818599311136,2.851894374282434
grass,figure_eight,-47,-0.8141653368351769,2.5464982778415615,2.899540757749713
grass,figure_eight,-59,-1.037393524089989,3.4385763490241104,3.170493685419059
grass,figure_eight,-69,-1.208607338971473,3.580941446613088,3.913892078071182
grass,figure_eight,-77,-1.343429207097448,7.134328358208956,7.114236509758898
grass,figure_eight,-83,-1.4562459351780486,9.880597014925373,9.676234213547646
grass,figure_eight,-89,-1.5584020362825697,11.210103329506316,11.22732491389208
grass,figure_eight,-95,-1.6594206470092534,12.274397244546497,12.08438576349024
grass,figure_eight,-101,-1.7686615959737662,10.185993111366246,10.99598163030999
grass,figure_eight,-109,-1.8968147618253743,10.058553386911594,10.783582089552239
grass,figure_eight,-118,-2.057545916491873,10.799081515499427,10.386337543053962
grass,figure_eight,-130,-2.2666378034116104,11.265212399540758,11.305970149253731
grass,figure_eight,-145,-2.534178405238771,10.299655568312286,10.403559127439726
grass,figure_eight,-163,-2.844443040055374,8.569460390355914,8.923076923076923
grass,figure_eight,180,3.1353530276039114,8.13203214695752,8.172215843857636
grass,figure_eight,165,2.8855449594319733,5.597014925373134,6.017221584385764
grass,figure_eight,155,2.701056912680033,4.427095292766935,4.479908151549942
grass,figure_eight,147,2.571025578465635,3.719862227324914,3.6440872560275546
grass,figure_eight,142,2.481181934274169,3.5396096440872555,3.5298507462686564
grass,figure_eight,139,2.420582733656376,4.7026406429391505,6.775258323765787
grass,figure_eight,136,2.3820811705865577,4.764638346727899,6.780711825487945
grass,figure_eight,135,2.36141483339458,6.138920780711825,6.020921035846409
grass,figure_eight,45,0.7778686753493149,2.772675086107922,5.429136369434877
grass,figure_eight,43,0.7544434226619332,10.582089552238807,9.167049368541907
grass,figure_eight,41,0.7126215994872017,8.236509758897817,6.295063145809414
grass,figure_eight,37,0.647727655232274,8.106773823191734,8.125717566016075
grass,figure_eight,32,0.5521445623772482,8.002296211251435,7.742537313432836
grass,figure_eight,24,0.4141393751860898,8.112514351320323,7.6796785304248
grass,figure_eight,13,0.2192297987142845,7.253731343283581,7.203980099502488
grass,figure_eight,-2,-0.0411889234787329,5.2973593570608495,5.499712973593571
grass,figure_eight,-20,-0.3496346135896502,4.253731343283581,4.003157290470723
grass,figure_eight,-38,-0.6555967949247943,2.748564867967853,3.294202066590126
grass,figure_eight,-52,-0.9135848682757768,3.0803673938002296,2.710677382319173
grass,figure_eight,-64,-1.1136096401355495,2.42939150401837,3.0797933409873712
grass,figure_eight,-73,-1.2681644425914649,5.65556831228473,5.506314580941447
grass,figure_eight,-80,-1.3923949772846689,8.8105625717566,8.482491389207807
grass,figure_eight,-86,-1.499451760297636,11.025258323765788,10.664179104477613
grass,figure_eight,-92,-1.5999966065082716,12.068886337543052,12.047359357060849
grass,figure_eight,-98,-1.703310007662876,10.917336394948336,11.377726750861079
grass,figure_eight,-104,-1.8187461829272888,11.091848450057407,11.180539609644088
grass,figure_eight,-112,-1.9584223372473823,10.244546498277842,10.274971297359357
grass,figure_eight,-122,-2.1373339186741287,10.328358208955224,10.94833524684271
grass,figure_eight,-136,-2.370194099229177,11.188289322617681,10.783582089552239
grass,figure_eight,-152,-2.659488313108789,10.444316877152698,9.967278989667049
grass,figure_eight,-170,-2.974040841709457,7.915040183696901,8.489092996555684
grass,figure_eight,173,3.024083756545788,8.035591274397245,7.269230769230769
grass,figure_eight,161,2.8014158966239133,5.002296211251435,5.4791427477994645
grass,figure_eight,151,2.6415753581650177,3.5384615384615388,4.097014925373134
grass,figure_eight,145,2.529741188891325,3.7680826636050515,3.8217566016073476
grass,figure_eight,141,2.453061485373599,3.842709529276693,5.847137936690175
grass,figure_eight,138,2.402271931977648,4.019517795637198,5.897326554042972
grass,figure_eight,136,2.3715292981063256,5.205510907003444,6.605689501211889
grass,figure_eight,135,2.3575026917164603,6.583237657864523,5.852277076157673
grass,figure_eight,135,2.358737386794746,7.430539609644087,6.399668325041459
grass,figure_eight,136,2.375369835087737,7.22158438576349,6.717438448781732
grass,figure_eight,138,2.409087279407418,8.606199770378876,6.235935706084961
grass,figure_eight,141,2.463603351369608,8.882893226176808,6.226607347876005
grass,figure_eight,146,2.545274754152473,7.8059701492537314,8.442881745120552
grass,figure_eight,153,2.6640141308376517,7.567164179104477,8.04735935706085
grass,figure_eight,162,2.8335292036785344,6.679678530424798,7.181113662456945
grass,figure_eight,176,3.0667246920599367,6.36854190585534,6.4233639494833525
grass,figure_eight,-167,-2.9233293044237696,4.623421354764639,4.331515499425947
grass,figure_eight,-150,-2.6093187225617656,3.1297359357060848,3.1297359357060848
grass,figure_eight,-133,-2.328057937822908,3.092996555683123,3.3082663605051663
grass,figure_eight,-121,-2.104648683913896,3.1182548794489096,3.2979334098737088
grass,figure_eight,-111,-1.9333482584391908,4.776119402985075,4.122847301951779
grass,figure_eight,-103,-1.7984588999143123,7.2388059701492535,7.111940298507463
grass,figure_eight,-97,-1.6855980995637485,9.187141216991963,9.533582089552239
grass,figure_eight,-91,-1.5834448314984355,11.850746268656716,11.680252583237657
grass,figure_eight,-85,-1.4824284783872448,11.977037887485649,12.320321469575202
grass,figure_eight,-79,-1.3732403846285473,10.486796785304248,11.395522388059701
grass,figure_eight,-71,-1.2451348994731168,10.299655568312286,10.573765786452354
grass,figure_eight,-62,-1.0844132257284411,10.91963260619977,10.942307692307692
grass,figure_eight,-50,-0.8755830303490435,10.788748564867968,10.890068886337543
grass,figure_eight,-35,-0.6080945360208329,9.408725602755453,10.597301951779563
grass,figure_eight,-17,-0.297927350010255,9.871412169919632,9.595292766934557
grass,figure_eight,0,0.0056288988642299,7.3214695752009185,8.192307692307693
grass,figure_eight,15,0.2555365548881989,6.8266360505166475,6.8231917336394945
grass,figure_eight,25,0.4400997334515825,4.473019517795637,4.276980482204363
grass,figure_eight,33,0.570288009765259,3.4856486796785298,3.8220436280137773
grass,figure_eight,38,0.6602186255380239,4.605051664753158,3.799081515499426
grass,figure_eight,41,0.7209081895916991,3.4316877152698053,5.937141216991963
grass,figure_eight,44,0.7594473716840279,4.675086107921929,5.497990815154994
grass,figure_eight,45,0.7801514673745332,5.966704936854191,5.424033677765021
rubber_carpet,circle,11,0.2000365257263184,8.92881745120551,8.92881745120551
rubber_carpet,circle,23,0.4000062942504883,5.667049368541906,5.667049368541906
rubber_carpet,circle,34,0.599989652633667,3.502870264064294,3.502870264064294
rubber_carpet,circle,46,0.7999894618988036,2.574052812858783,2.574052812858783
rubber_carpet,circle,57,0.999987840652466,3.7795637198622276,3.7795637198622276
rubber_carpet,circle,69,1.1999945640563965,5.935706084959817,5.935706084959817
rubber_carpet,circle,80,1.3999924659729004,9.16532721010333,9.16532721010333
rubber_carpet,circle,92,1.6003158092498782,10.791044776119403,10.791044776119403
rubber_carpet,circle,103,1.800004005432129,12.772675086107922,12.772675086107922
rubber_carpet,circle,115,2.000448226928711,14.33524684270953,14.33524684270953
rubber_carpet,circle,126,2.199995994567871,12.407577497129735,12.407577497129735
rubber_carpet,circle,138,2.399986743927002,11.738231917336396,11.738231917336396
rubber_carpet,circle,149,2.5999972820281982,10.591274397244549,10.591274397244549
rubber_carpet,circle,160,2.7999866008758545,9.405281285878301,9.405281285878301
rubber_carpet,circle,172,3.0000166893005376,8.437428243398394,8.437428243398394
rubber_carpet,circle,-177,-3.083145205174582,7.959816303099885,7.959816303099885
rubber_carpet,circle,-165,-2.8831732908832,5.878300803673938,5.878300803673938
rubber_carpet,circle,-154,-2.683198992406026,4.291618828932262,4.291618828932262
rubber_carpet,circle,-142,-2.4831956068622034,3.2985074626865676,3.2985074626865676
rubber_carpet,circle,-131,-2.283182207738058,2.734787600459242,2.734787600459242
rubber_carpet,circle,-119,-2.083168808613913,4.694603903559128,4.694603903559128
rubber_carpet,circle,-108,-1.8831768671618865,7.769230769230768,7.769230769230768
rubber_carpet,circle,-96,-1.6831596533404751,9.28702640642939,9.28702640642939
rubber_carpet,circle,-85,-1.4831858317004605,11.927669345579792,11.927669345579792
rubber_carpet,circle,-74,-1.2831972281085415,13.82089552238806,13.82089552238806
rubber_carpet,circle,-62,-1.0831969420062466,12.863375430539609,12.863375430539609
rubber_carpet,circle,-51,-0.8832169214831763,14.304247990815155,14.304247990815155
rubber_carpet,circle,-39,-0.6831832567798061,13.277841561423653,13.277841561423653
rubber_carpet,circle,-28,-0.4831491152392789,11.369690011481056,11.369690011481056
rubber_carpet,circle,-16,-0.283176962529317,10.43398392652124,10.43398392652124
rubber_carpet,circle,-5,-0.083197895680563,8.394948335246843,8.394948335246843
rubber_carpet,circle,169,2.9415926059060773,8.94833524684271,8.94833524684271
rubber_carpet,circle,157,2.7415203173928937,5.332950631458094,5.332950631458094
rubber_carpet,circle,146,2.541606815653392,3.9506314580941444,3.9506314580941444
rubber_carpet,circle,134,2.341597946482249,2.642939150401837,2.642939150401837
rubber_carpet,circle,123,2.1415704806619367,3.489092996555683,3.489092996555683
rubber_carpet,circle,111,1.941617401438304,6.0769230769230775,6.0769230769230775
rubber_carpet,circle,100,1.7415591796212877,9.595866819747418,9.595866819747418
rubber_carpet,circle,88,1.5415546019845685,11.978185993111365,11.978185993111365
rubber_carpet,circle,77,1.3415917475991923,14.430539609644088,14.430539609644088
rubber_carpet,circle,65,1.141556652384349,13.855338691159586,13.855338691159586
rubber_carpet,circle,54,0.941539915400096,13.926521239954077,13.926521239954077
rubber_carpet,circle,42,0.7415472586923322,12.97703788748565,12.97703788748565
rubber_carpet,circle,31,0.5415863116555896,11.536165327210103,11.536165327210103
rubber_carpet,circle,20,0.3416074832254134,10.168771526980484,10.168771526980484
rubber_carpet,circle,8,0.1416164954477038,9.525832376578647,9.525832376578647
rubber_carpet,circle,-3,-0.0586229244894308,7.79678530424799,7.79678530424799
rubber_carpet,circle,-15,-0.2584000508016862,6.531572904707233,6.531572904707233
rubber_carpet,circle,-26,-0.4583936611837668,4.21699196326062,4.21699196326062
rubber_carpet,circle,-38,-0.6586543003744401,2.772675086107922,2.772675086107922
rubber_carpet,circle,-49,-0.8584435860342303,2.1216991963260616,2.1216991963260616
rubber_carpet,circle,-61,-1.0584076325125016,4.368541905855339,4.368541905855339
rubber_carpet,circle,-72,-1.2584286610311783,7.009184845005741,7.009184845005741
rubber_carpet,circle,-84,-1.458397475881032,8.94259471871412,8.94259471871412
rubber_carpet,circle,-95,-1.6584440151876725,11.328358208955223,11.328358208955223
rubber_carpet,circle,-106,-1.858382074040822,14.43857634902411,14.43857634902411
rubber_carpet,circle,-118,-2.05838665167754,14.298507462686567,14.298507462686567
rubber_carpet,circle,-129,-2.2583819309896747,13.365097588978188,13.365097588978188
rubber_carpet,circle,-141,-2.458380309743336,11.680826636050517,11.680826636050517
rubber_carpet,circle,-152,-2.6584149281210223,10.461538461538462,10.461538461538462
rubber_carpet,circle,-164,-2.858387557668141,9.832376578645235,9.832376578645235
rubber_carpet,circle,-175,-3.0583952347463894,9.446613088404133,9.446613088404133
rubber_carpet,circle,11,0.2000653743743896,8.444316877152698,8.686567164179104
rubber_carpet,circle,23,0.4000248908996581,5.135476463834673,5.401262916188289
rubber_carpet,circle,34,0.600257158279419,2.836969001148106,3.1699196326062
rubber_carpet,circle,46,0.8000319004058838,2.65556831228473,2.6148105625717566
rubber_carpet,circle,57,1.0001723766326904,3.8633754305396097,3.8214695752009185
rubber_carpet,circle,69,1.2000324726104736,6.695752009184845,6.315729047072331
rubber_carpet,circle,80,1.399993896484375,8.897818599311137,9.031572904707232
rubber_carpet,circle,92,1.6000211238861084,11.407577497129736,11.09931113662457
rubber_carpet,circle,103,1.7999980449676514,14.563719862227323,13.668197474167624
rubber_carpet,circle,115,2.00062108039856,13.463834672789897,13.899540757749714
rubber_carpet,circle,126,2.200507640838623,12.203214695752008,12.305396096440871
rubber_carpet,circle,138,2.400088310241699,11.901262916188289,11.819747416762343
rubber_carpet,circle,149,2.600016832351685,10.716417910447761,10.653846153846155
rubber_carpet,circle,160,2.800756454467773,9.375430539609644,9.390355912743972
rubber_carpet,circle,172,3.000068664550781,9.055109070034444,8.746268656716419
rubber_carpet,circle,-177,-3.082599226628439,8.3398392652124,8.149827784156141
rubber_carpet,circle,-165,-2.8831115404712127,6.187141216991963,6.032721010332951
rubber_carpet,circle,-154,-2.683089081441061,3.83467278989667,4.063145809414467
rubber_carpet,circle,-142,-2.4825626055346888,3.1940298507462686,3.246268656716418
rubber_carpet,circle,-131,-2.2831206957446497,2.746268656716418,2.74052812858783
rubber_carpet,circle,-119,-2.0827363173114226,4.482204362801378,4.588404133180253
rubber_carpet,circle,-108,-1.88308293024172,7.44316877152698,7.606199770378874
rubber_carpet,circle,-96,-1.6831954161273404,9.399540757749712,9.343283582089551
rubber_carpet,circle,-85,-1.4831724802600308,11.89207807118255,11.90987370838117
rubber_carpet,circle,-73,-1.2827511469470425,13.244546498277842,13.244546498277842
rubber_carpet,circle,-62,-1.083164993916647,13.896670493685418,13.380022962112513
rubber_carpet,circle,-51,-0.8832023779498501,14.21699196326062,14.260619977037887
rubber_carpet,circle,-39,-0.6831479708301,13.280137772675086,13.27898966704937
rubber_carpet,circle,-28,-0.4831643740283413,11.369690011481056,11.369690011481056
rubber_carpet,circle,-16,-0.2830701510058804,10.219288174512055,10.326636050516647
rubber_carpet,circle,-5,-0.082833830510274,8.211251435132032,8.303099885189438
rubber_carpet,circle,169,2.9414877017312726,8.97588978185993,8.96211251435132
rubber_carpet,circle,157,2.741610201197215,5.41102181400689,5.371986222732492
rubber_carpet,circle,146,2.5413834174447736,3.9529276693455797,3.951779563719862
rubber_carpet,circle,134,2.341315897303172,2.6096440872560276,2.6262916188289323
rubber_carpet,circle,123,2.141594084101268,3.574052812858783,3.5315729047072333
rubber_carpet,circle,111,1.9416095336251933,6.012629161882893,6.044776119402986
rubber_carpet,circle,100,1.7415079196267809,9.035591274397243,9.315729047072331
rubber_carpet,circle,88,1.541419418650218,12.481056257175661,12.229621125143513
rubber_carpet,circle,77,1.3416225035958969,13.850746268656717,14.140642939150403
rubber_carpet,circle,65,1.1415583213144025,14.117106773823192,13.986222732491388
rubber_carpet,circle,54,0.9415833075814924,14.515499425947189,14.221010332950634
rubber_carpet,circle,42,0.7416090091043197,12.557979334098738,12.767508610792195
rubber_carpet,circle,31,0.5414420684152331,11.34443168771527,11.440298507462686
rubber_carpet,circle,20,0.3416005690866194,10.120551090700344,10.144661308840414
rubber_carpet,circle,8,0.1416174491220198,9.781859931113662,9.653846153846153
rubber_carpet,circle,-3,-0.0583973805136003,7.572904707233065,7.684845005740527
rubber_carpet,circle,-15,-0.2586122433370866,6.6819747416762345,6.606773823191734
rubber_carpet,circle,-26,-0.4585097710317888,4.2525832376578645,4.234787600459242
rubber_carpet,circle,-38,-0.6584859768575944,2.6016073478760045,2.6871412169919635
rubber_carpet,circle,-49,-0.8585303703970233,1.941446613088404,2.031572904707233
rubber_carpet,circle,-61,-1.05841073195403,4.243398392652124,4.3059701492537314
rubber_carpet,circle,-72,-1.2583957592672623,6.68886337543054,6.84902411021814
rubber_carpet,circle,-84,-1.4586542526907242,9.016073478760045,8.979334098737084
rubber_carpet,circle,-95,-1.6585141102499283,11.114810562571758,11.22158438576349
rubber_carpet,circle,-106,-1.8584063927358905,13.451205510907005,13.944890929965558
rubber_carpet,circle,-118,-2.0584422032064715,14.126291618828933,14.212399540757751
rubber_carpet,circle,-129,-2.2584689537710467,12.368541905855338,12.866819747416763
rubber_carpet,circle,-141,-2.458471862477712,11.486796785304247,11.58381171067738
rubber_carpet,circle,-152,-2.6583872715658456,9.742824339839263,10.102181400688863
rubber_carpet,circle,-164,-2.858430711430959,9.112514351320321,9.472445464982778
rubber_carpet,circle,-175,-3.058439103764943,9.118254879448909,9.28243398392652
rubber_carpet,circle,11,0.200009822845459,10.910447761194028,9.427860696517412
rubber_carpet,circle,23,0.400048017501831,10.770378874856487,7.1909682357443545
rubber_carpet,circle,34,0.5999653339385985,9.595866819747418,5.311902028319939
rubber_carpet,circle,46,0.800041913986206,9.588978185993112,4.9395331037122086
rubber_carpet,circle,57,1.0000765323638916,11.20780711825488,6.283582089552239
rubber_carpet,circle,69,1.200068473815918,11.917336394948334,8.182931496364331
rubber_carpet,circle,80,1.40002703666687,11.793340987370838,9.952162265595101
rubber_carpet,circle,92,1.6000213623046875,13.996555683122846,12.065059318790661
rubber_carpet,circle,103,1.800020456314087,13.479908151549942,13.605434366628396
rubber_carpet,circle,115,2.0000598430633545,12.817451205510908,13.538844240336779
rubber_carpet,circle,126,2.2000246047973637,13.22502870264064,12.611940298507461
rubber_carpet,circle,138,2.400040864944458,12.384615384615385,12.008036739380023
rubber_carpet,circle,149,2.6000401973724365,11.633754305396096,10.9804822043628
rubber_carpet,circle,160,2.8000190258026123,9.865671641791044,9.548794489092996
rubber_carpet,circle,172,3.000072240829468,9.053960964408725,8.848832759280521
rubber_carpet,circle,-177,-3.083109680806296,8.287026406429392,8.195560658247226
rubber_carpet,circle,-165,-2.8831227461444304,6.597014925373135,6.220818982013012
rubber_carpet,circle,-154,-2.6827436129199427,4.926521239954076,4.350937619594336
rubber_carpet,circle,-142,-2.4831221739398406,3.0539609644087258,3.1821660926138535
rubber_carpet,circle,-131,-2.283140961323874,2.9402985074626864,2.8071182548794487
rubber_carpet,circle,-119,-2.0828090349780486,3.840413318025258,4.339073861461921
rubber_carpet,circle,-108,-1.883103434239523,5.8783008036739375,7.030233448143895
rubber_carpet,circle,-96,-1.6831095854388638,9.078071182548793,9.254879448909298
rubber_carpet,circle,-85,-1.4830656687365933,10.389207807118254,11.402985074626864
rubber_carpet,circle,-74,-1.2831528822528286,13.006888633754304,13.413892078071182
rubber_carpet,circle,-62,-1.083160225545065,12.918484500574051,13.22617680826636
rubber_carpet,circle,-51,-0.8831408659564419,13.346727898966705,13.955989284347494
rubber_carpet,circle,-39,-0.6831060091601773,12.044776119402984,12.86758515116724
rubber_carpet,circle,-28,-0.4831193129168911,9.881745120551091,10.873708381171069
rubber_carpet,circle,-16,-0.2831171194659634,9.106773823191734,9.92001530807501
rubber_carpet,circle,-5,-0.0831254164325161,8.949483352468429,8.518561040949102
rubber_carpet,circle,169,2.9415344317727765,7.856486796785304,8.593570608495982
rubber_carpet,circle,157,2.7415415366464337,4.87715269804822,5.207041714504402
rubber_carpet,circle,146,2.541556270914622,3.2755453501722154,3.72636815920398
rubber_carpet,circle,134,2.341553362207957,3.0952927669345582,2.7826253348641408
rubber_carpet,circle,123,2.141578825312205,4.258323765786453,3.7738231917336393
rubber_carpet,circle,111,1.941593797998973,7.10332950631458,6.397627248373517
rubber_carpet,circle,100,1.741579206781932,9.305396096440873,9.312284730195179
rubber_carpet,circle,88,1.5416051467233385,12.546498277841563,12.33524684270953
rubber_carpet,circle,77,1.341590317087718,12.96670493685419,13.74933027171833
rubber_carpet,circle,65,1.141551884012767,12.873708381171069,13.615384615384615
rubber_carpet,circle,54,0.941272409754344,13.38691159586682,13.942977420589363
rubber_carpet,circle,42,0.7415293772988997,12.861079219288177,12.79869881362419
rubber_carpet,circle,31,0.5415858348184309,11.938002296211252,11.606199770378874
rubber_carpet,circle,20,0.3415967543893538,10.188289322617681,10.159203980099504
rubber_carpet,circle,8,0.1415988524728499,8.85878300803674,9.388825105243017
rubber_carpet,circle,-3,-0.0584133545584001,8.264064293915041,7.877918101798699
rubber_carpet,circle,-15,-0.2587035576528825,6.137772675086108,6.450440107156525
rubber_carpet,circle,-26,-0.4584537426656999,4.314580941446613,4.261385380788366
rubber_carpet,circle,-38,-0.6584120670980729,3.0470723306544207,2.8071182548794495
rubber_carpet,circle,-49,-0.8584106842703142,2.2009184845005745,2.0880214313050134
rubber_carpet,circle,-61,-1.0584350506490985,4.401836969001149,4.337925755836204
rubber_carpet,circle,-72,-1.2585519234365738,7.40068886337543,7.032912361270571
rubber_carpet,circle,-84,-1.4584091583914078,10.30654420206659,9.421737466513585
rubber_carpet,circle,-95,-1.6588505188650406,12.555683122847304,11.666283964791427
rubber_carpet,circle,-106,-1.858434764546804,13.539609644087255,13.809797168006122
rubber_carpet,circle,-118,-2.0587588230795184,13.386911595866819,13.937236892460774
rubber_carpet,circle,-129,-2.259032813710622,12.823191733639495,12.852277076157675
rubber_carpet,circle,-141,-2.458910552663258,12.063145809414467,11.743589743589743
rubber_carpet,circle,-152,-2.65897258917754,10.489092996555682,10.231151932644469
rubber_carpet,circle,-164,-2.8589037338918963,9.423650975889782,9.456180635285113
rubber_carpet,circle,-175,-3.0586069504446307,9.180252583237658,9.248373517030233
rubber_carpet,figure_eight,45,0.7778345303191085,7.94833524684271,7.94833524684271
rubber_carpet,figure_eight,43,0.7543643022876528,4.718714121699197,4.718714121699197
rubber_carpet,figure_eight,41,0.7125224113503236,5.5958668197474175,5.5958668197474175
rubber_carpet,figure_eight,37,0.647586718797697,6.0872560275545355,6.0872560275545355
rubber_carpet,figure_eight,32,0.5518652800080217,5.808266360505167,5.808266360505167
rubber_carpet,figure_eight,24,0.4137260375512266,5.711825487944891,5.711825487944891
rubber_carpet,figure_eight,13,0.2186968398371889,5.072330654420206,5.072330654420206
rubber_carpet,figure_eight,-2,-0.0419148970564029,3.9437428243398394,3.9437428243398394
rubber_carpet,figure_eight,-20,-0.3504823346371746,2.320321469575201,2.320321469575201
rubber_carpet,figure_eight,-38,-0.6562565774066549,2.576349024110218,2.576349024110218
rubber_carpet,figure_eight,-52,-0.914171203444012,3.3008036739380024,3.3008036739380024
rubber_carpet,figure_eight,-64,-1.1140642750100704,5.734787600459242,5.734787600459242
rubber_carpet,figure_eight,-73,-1.2681874190486675,7.917336394948335,7.917336394948335
rubber_carpet,figure_eight,-80,-1.3923116120691086,11.114810562571758,11.114810562571758
rubber_carpet,figure_eight,-86,-1.4994527356543768,13.064293915040183,13.064293915040183
rubber_carpet,figure_eight,-92,-1.600018385803562,13.197474167623422,13.197474167623422
rubber_carpet,figure_eight,-98,-1.7032736720553654,13.864523536165326,13.864523536165326
rubber_carpet,figure_eight,-104,-1.8189148214496405,12.721010332950632,12.721010332950632
rubber_carpet,figure_eight,-112,-1.9591289551654452,13.622273249138921,13.622273249138921
rubber_carpet,figure_eight,-122,-2.137749932745862,11.664753157290471,11.664753157290471
rubber_carpet,figure_eight,-136,-2.370855210170895,12.313432835820896,12.313432835820896
rubber_carpet,figure_eight,-152,-2.660269516416552,12.012629161882892,12.012629161882892
rubber_carpet,figure_eight,-170,-2.9748000856768777,11.04247990815155,11.04247990815155
rubber_carpet,figure_eight,173,3.023490364428973,9.0195177956372,9.0195177956372
rubber_carpet,figure_eight,161,2.8012620496549725,7.150401836969001,7.150401836969001
rubber_carpet,figure_eight,151,2.641240879716745,5.1836969001148105,5.1836969001148105
rubber_carpet,figure_eight,145,2.529501910051687,3.111366245694604,3.111366245694604
rubber_carpet,figure_eight,141,2.4529033335025057,3.1148105625717566,3.1148105625717566
rubber_carpet,figure_eight,138,2.4021788598970737,3.5533869115958665,3.5533869115958665
rubber_carpet,figure_eight,136,2.37148085510549,6.346727898966705,6.346727898966705
rubber_carpet,figure_eight,135,2.3574924732515745,8.29276693455798,8.29276693455798
rubber_carpet,figure_eight,135,2.3587610625321886,9.07118254879449,8.681974741676235
rubber_carpet,figure_eight,136,2.375414649834104,9.246842709529277,7.796785304247991
rubber_carpet,figure_eight,138,2.409191356070084,9.729047072330655,6.641216991963261
rubber_carpet,figure_eight,141,2.4637637328333497,10.399540757749714,6.757175660160735
rubber_carpet,figure_eight,146,2.5455074724275395,9.779563719862226,9.779563719862226
rubber_carpet,figure_eight,153,2.6643518934692128,9.479908151549944,9.479908151549944
rubber_carpet,figure_eight,162,2.834005110802092,9.832376578645235,9.832376578645235
rubber_carpet,figure_eight,176,3.0674509839359336,8.041331802525832,8.041331802525832
rubber_carpet,figure_eight,-167,-2.9225600234363527,6.814006888633755,6.814006888633755
rubber_carpet,figure_eight,-149,-2.6085566579968718,4.269804822043628,4.269804822043628
rubber_carpet,figure_eight,-133,-2.3274816138026,2.8760045924225026,2.8760045924225026
rubber_carpet,figure_eight,-121,-2.1042339686644933,2.322617680826636,2.322617680826636
rubber_carpet,figure_eight,-111,-1.932986031690805,3.7531572904707233,3.7531572904707233
rubber_carpet,figure_eight,-103,-1.7981663481617365,6.981630309988518,6.981630309988518
rubber_carpet,figure_eight,-97,-1.6853522675806831,9.923076923076923,9.923076923076923
rubber_carpet,figure_eight,-91,-1.5831946732252016,12.24454649827784,12.24454649827784
rubber_carpet,figure_eight,-85,-1.4821564612430416,13.191733639494833,13.191733639494833
rubber_carpet,figure_eight,-79,-1.3729236844605062,14.618828932261769,14.618828932261769
rubber_carpet,figure_eight,-71,-1.2448044502970208,13.555683122847302,13.555683122847302
rubber_carpet,figure_eight,-62,-1.0840693360442106,12.424799081515499,12.424799081515499
rubber_carpet,figure_eight,-50,-0.8749352747966158,13.141216991963262,13.141216991963262
rubber_carpet,figure_eight,-35,-0.6073608268732195,13.98966704936854,13.98966704936854
rubber_carpet,figure_eight,-17,-0.2971092177367477,11.708381171067739,11.708381171067739
rubber_carpet,figure_eight,0,0.0062758783974087,11.260619977037887,11.260619977037887
rubber_carpet,figure_eight,15,0.2559842413781335,8.016073478760045,8.016073478760045
rubber_carpet,figure_eight,25,0.4405100945400307,5.979334098737084,5.979334098737084
rubber_carpet,figure_eight,33,0.5705467744485951,3.974741676234214,3.974741676234214
rubber_carpet,figure_eight,38,0.6604028072379922,3.172215843857635,3.172215843857635
rubber_carpet,figure_eight,41,0.7210077749554704,3.039035591274397,4.317451205510907
rubber_carpet,figure_eight,44,0.7595082604164947,4.77841561423651,4.77841561423651
rubber_carpet,figure_eight,45,0.7801785274301297,6.6681974741676235,7.308266360505167
rubber_carpet,figure_eight,135,2.363725447750906,1.541905855338691,6.30195177956372
rubber_carpet,figure_eight,137,2.387206132896357,11.268656716417912,11.268656716417912
rubber_carpet,figure_eight,139,2.428968558289536,10.538461538461538,10.538461538461538
rubber_carpet,figure_eight,143,2.4939519695593964,10.113662456946038,10.113662456946038
rubber_carpet,figure_eight,148,2.589518161584389,10.143513203214695,10.143513203214695
rubber_carpet,figure_eight,156,2.728017918193918,9.17451205510907,9.17451205510907
rubber_carpet,figure_eight,167,2.9224317604171777,9.305396096440873,9.305396096440873
rubber_carpet,figure_eight,-178,-3.099713802903304,7.204362801377727,7.204362801377727
rubber_carpet,figure_eight,-160,-2.7918061061689,5.60849598163031,5.60849598163031
rubber_carpet,figure_eight,-142,-2.48538321881837,3.823191733639495,3.823191733639495
rubber_carpet,figure_eight,-128,-2.22796756064524,2.5671641791044775,2.5671641791044775
rubber_carpet,figure_eight,-116,-2.0279281164156364,2.772675086107922,2.772675086107922
rubber_carpet,figure_eight,-107,-1.873646773814336,5.556831228473019,5.556831228473019
rubber_carpet,figure_eight,-100,-1.7491946943015335,8.451205510907002,8.451205510907002
rubber_carpet,figure_eight,-94,-1.6423292701040606,11.055109070034444,11.055109070034444
rubber_carpet,figure_eight,-88,-1.5417816447409656,13.634902411021814,13.634902411021814
rubber_carpet,figure_eight,-82,-1.4383740600677968,13.706084959816303,13.706084959816303
rubber_carpet,figure_eight,-76,-1.3229353364135978,13.532721010332951,13.532721010332951
rubber_carpet,figure_eight,-68,-1.1827908621006926,14.277841561423651,14.277841561423651
rubber_carpet,figure_eight,-58,-1.004265294048107,12.373134328358208,12.373134328358208
rubber_carpet,figure_eight,-44,-0.7712703131714813,11.265212399540758,11.265212399540758
rubber_carpet,figure_eight,-28,-0.4808286421467621,11.443168771526981,11.443168771526981
rubber_carpet,figure_eight,-10,-0.167434879348561,9.676234213547648,9.676234213547648
rubber_carpet,figure_eight,7,0.1176671899285833,7.691159586681975,7.691159586681975
rubber_carpet,figure_eight,19,0.3398797731279003,7.717566016073478,7.717566016073478
rubber_carpet,figure_eight,29,0.50031423570152,4.597014925373134,4.597014925373134
rubber_carpet,figure_eight,35,0.6119069577023599,2.8587830080367396,2.8587830080367396
rubber_carpet,figure_eight,39,0.6885891911751397,2.9804822043628016,2.9804822043628016
rubber_carpet,figure_eight,42,0.7394708616235255,3.8220436280137773,3.8220436280137773
rubber_carpet,figure_eight,44,0.7700997803882712,6.985074626865671,5.881745120551091
rubber_carpet,figure_eight,45,0.7840864943166523,7.671641791044776,7.429391504018369
rubber_carpet,figure_eight,45,0.7828513965392824,9.553386911595867,7.960390355912744
rubber_carpet,figure_eight,44,0.7661796284480998,9.119402985074627,6.960964408725602
rubber_carpet,figure_eight,42,0.7324985048543606,9.390355912743972,6.606199770378875
rubber_carpet,figure_eight,39,0.677733127781222,9.148105625717564,6.064293915040183
rubber_carpet,figure_eight,34,0.596291089367338,9.02411021814007,9.02411021814007
rubber_carpet,figure_eight,27,0.4774557793768569,8.625717566016073,8.625717566016073
rubber_carpet,figure_eight,18,0.3080227131445717,8.537313432835822,8.537313432835822
rubber_carpet,figure_eight,4,0.0747809329786819,7.708381171067739,7.708381171067739
rubber_carpet,figure_eight,-13,-0.2191643393402869,6.343283582089551,6.343283582089551
rubber_carpet,figure_eight,-31,-0.5323641537397693,4.51894374282434,4.51894374282434
rubber_carpet,figure_eight,-47,-0.8136116777339355,2.3811710677382316,2.3811710677382316
rubber_carpet,figure_eight,-59,-1.036990448229682,2.512055109070034,2.512055109070034
rubber_carpet,figure_eight,-69,-1.2085467434441073,4.275545350172216,4.275545350172216
rubber_carpet,figure_eight,-77,-1.3431948574608952,7.369690011481056,7.369690011481056
rubber_carpet,figure_eight,-83,-1.4560405966624417,9.692307692307693,9.692307692307693
rubber_carpet,figure_eight,-89,-1.5581772879297136,12.343283582089553,12.343283582089553
rubber_carpet,figure_eight,-95,-1.6592110494708214,13.39609644087256,13.39609644087256
rubber_carpet,figure_eight,-101,-1.7683950995771685,13.870264064293915,13.870264064293915
rubber_carpet,figure_eight,-109,-1.896491907074697,14.889781859931112,14.889781859931112
rubber_carpet,figure_eight,-118,-2.0571149271176883,12.548794489092996,12.548794489092996
rubber_carpet,figure_eight,-130,-2.266085889839651,11.64179104477612,11.64179104477612
rubber_carpet,figure_eight,-145,-2.5342174168259213,11.800229621125142,11.800229621125142
rubber_carpet,figure_eight,-163,-2.8438503030877937,11.049368541905855,11.049368541905855
rubber_carpet,figure_eight,180,3.1354869683520485,9.803673938002296,9.803673938002296
rubber_carpet,figure_eight,165,2.886024351244797,7.182548794489093,7.182548794489093
rubber_carpet,figure_eight,155,2.7013282127668417,5.670493685419058,5.670493685419058
rubber_carpet,figure_eight,147,2.5711322370522134,3.404133180252583,3.404133180252583
rubber_carpet,figure_eight,142,2.4813001226146385,3.428243398392652,3.428243398392652
rubber_carpet,figure_eight,139,2.4206924138945283,3.4695752009184844,7.004018369690011
rubber_carpet,figure_eight,136,2.3821439634485766,5.590126291618828,7.06123230003827
rubber_carpet,figure_eight,135,2.3614391497171807,7.49483352468427,6.600172215843857
rubber_carpet,figure_eight,45,0.77783538490969,2.021814006888634,6.772675086107922
rubber_carpet,figure_eight,43,0.7543634225497085,11.293915040183697,8.006314580941446
rubber_carpet,figure_eight,41,0.7125164786915165,10.422502870264063,6.3524684270952925
rubber_carpet,figure_eight,37,0.6475966682473108,9.650975889781858,7.869115958668196
rubber_carpet,figure_eight,32,0.5518588552131497,9.537313432835822,7.672789896670494
rubber_carpet,figure_eight,24,0.4136900269521615,8.92881745120551,7.320321469575201
rubber_carpet,figure_eight,13,0.2186726796447055,9.152698048220437,7.112514351320321
rubber_carpet,figure_eight,-2,-0.0419148970564029,8.12743972445465,6.035591274397245
rubber_carpet,figure_eight,-20,-0.3504301794771533,5.791044776119403,4.055683122847302
rubber_carpet,figure_eight,-38,-0.6563102089922166,3.847301951779564,3.211825487944891
rubber_carpet,figure_eight,-52,-0.9141432270079278,2.5396096440872555,2.9202066590126288
rubber_carpet,figure_eight,-64,-1.1140850556123243,2.675086107921929,4.204936854190586
rubber_carpet,figure_eight,-73,-1.268209742886038,5.312284730195179,6.614810562571757
rubber_carpet,figure_eight,-80,-1.392325574675779,7.892078071182549,9.503444316877154
rubber_carpet,figure_eight,-86,-1.4994871166035522,10.530424799081514,11.797359357060849
rubber_carpet,figure_eight,-92,-1.6000524909930705,13.105625717566017,13.15154994259472
rubber_carpet,figure_eight,-98,-1.7032844570374923,13.2548794489093,13.559701492537313
rubber_carpet,figure_eight,-104,-1.8189342767638932,13.219288174512055,12.970149253731343
rubber_carpet,figure_eight,-112,-1.9588087029592365,13.034443168771526,13.328358208955223
rubber_carpet,figure_eight,-122,-2.137740210173632,13.522388059701493,12.593570608495982
rubber_carpet,figure_eight,-136,-2.370868386028928,12.939150401836969,12.626291618828933
rubber_carpet,figure_eight,-152,-2.6603798093786346,11.375430539609646,11.694029850746269
rubber_carpet,figure_eight,-170,-2.9749291194496363,9.600459242250285,10.321469575200918
rubber_carpet,figure_eight,173,3.023444639771687,8.60849598163031,8.814006888633756
rubber_carpet,figure_eight,161,2.8012909209818453,7.607347876004591,7.378874856486796
rubber_carpet,figure_eight,151,2.6412349948405103,4.578645235361654,4.881171067738232
rubber_carpet,figure_eight,145,2.529501470011653,3.324913892078071,3.2181400688863375
rubber_carpet,figure_eight,141,2.45290757554956,3.3501722158438576,5.621507845388443
rubber_carpet,figure_eight,138,2.4021830058036198,3.879448909299655,5.720627631075392
rubber_carpet,figure_eight,136,2.37148383952945,6.415614236509759,6.899827784156143
rubber_carpet,figure_eight,135,2.357493673774139,8.192881745120552,6.918714121699196
rubber_carpet,figure_eight,135,2.3587624073646665,9.159586681974742,7.2921928817451205
rubber_carpet,figure_eight,136,2.3754524223116618,9.486796785304248,7.4172215843857625
rubber_carpet,figure_eight,138,2.4093088560058424,10.138920780711825,6.825200918484501
rubber_carpet,figure_eight,141,2.463920999422798,10.017221584385764,6.720436280137773
rubber_carpet,figure_eight,146,2.545742156022281,9.708381171067737,9.743972445464982
rubber_carpet,figure_eight,153,2.6647188611687667,9.724454649827782,9.602181400688863
rubber_carpet,figure_eight,162,2.8341443540589117,7.881745120551091,8.857060849598163
rubber_carpet,figure_eight,176,3.0674026769706515,8.318025258323766,8.179678530424798
rubber_carpet,figure_eight,-167,-2.9225600234363527,6.229621125143513,6.5218140068886346
rubber_carpet,figure_eight,-149,-2.608458824478169,4.74052812858783,4.505166475315729
rubber_carpet,figure_eight,-133,-2.327382674607044,2.4351320321469574,2.6555683122847302
rubber_carpet,figure_eight,-121,-2.104194252151032,3.029850746268657,2.6762342135476462
rubber_carpet,figure_eight,-111,-1.9329460561552072,3.9425947187141217,3.8478760045924227
rubber_carpet,figure_eight,-103,-1.7981331247870014,6.597014925373135,6.789322617680827
rubber_carpet,figure_eight,-97,-1.6853328456158667,9.09414466130884,9.508610792192883
rubber_carpet,figure_eight,-91,-1.5831569771169396,11.525832376578645,11.885189437428242
rubber_carpet,figure_eight,-85,-1.4821521430614202,12.60390355912744,12.897818599311137
rubber_carpet,figure_eight,-79,-1.3729523419667329,13.630309988518944,14.124569460390356
rubber_carpet,figure_eight,-71,-1.2447789067609731,13.876004592422504,13.715843857634903
rubber_carpet,figure_eight,-62,-1.084052169605248,13.809414466130885,13.117106773823192
rubber_carpet,figure_eight,-50,-0.8749602404286089,11.386911595866819,12.264064293915041
rubber_carpet,figure_eight,-35,-0.6074131939944765,10.781859931113663,12.385763490241102
rubber_carpet,figure_eight,-17,-0.297052588313943,10.345579793340987,11.026980482204362
rubber_carpet,figure_eight,0,0.006258087980693,9.148105625717566,10.204362801377727
rubber_carpet,figure_eight,15,0.2560172581785501,7.090700344431688,7.553386911595867
rubber_carpet,figure_eight,25,0.4405469953183267,5.7956371986222734,5.887485648679679
rubber_carpet,figure_eight,33,0.5705624497781557,3.088404133180253,3.5315729047072333
rubber_carpet,figure_eight,38,0.660415818033659,2.9115958668197472,3.0419058553386913
rubber_carpet,figure_eight,41,0.7211923770165064,3.1021814006888633,5.539896670493685
rubber_carpet,figure_eight,44,0.7595109632458633,5.033295063145808,6.479047072330654
rubber_carpet,figure_eight,45,0.7801786778993561,7.645235361653272,6.918101798698814
rubber_carpet,figure_eight,135,2.363757923255688,1.8415614236509756,6.513531244874528
rubber_carpet,figure_eight,137,2.387225367944941,10.718714121699197,10.993685419058554
rubber_carpet,figure_eight,139,2.4290687435088234,10.381171067738231,8.129735935706085
rubber_carpet,figure_eight,143,2.493984440836248,9.21699196326062,9.665327210103328
rubber_carpet,figure_eight,148,2.5897407701121278,9.231917336394948,9.687715269804823
rubber_carpet,figure_eight,156,2.7278554611392907,9.332950631458093,9.253731343283581
rubber_carpet,figure_eight,167,2.922907215096709,7.918484500574053,8.611940298507463
rubber_carpet,figure_eight,-178,-3.0997099903439427,8.021814006888635,7.613088404133181
rubber_carpet,figure_eight,-160,-2.7911435773053648,6.079219288174512,5.843857634902411
rubber_carpet,figure_eight,-142,-2.485281761404354,3.6176808266360503,3.720436280137773
rubber_carpet,figure_eight,-128,-2.2275605263595053,2.9770378874856487,2.772101033295063
rubber_carpet,figure_eight,-116,-2.0275427175754235,2.6096440872560276,2.691159586681975
rubber_carpet,figure_eight,-107,-1.8734060492947304,5.125143513203215,5.340987370838117
rubber_carpet,figure_eight,-100,-1.749260301040646,7.7715269804822045,8.111366245694603
rubber_carpet,figure_eight,-94,-1.642124556144372,10.19862227324914,10.626865671641792
rubber_carpet,figure_eight,-88,-1.541563378092106,11.802525832376578,12.718714121699197
rubber_carpet,figure_eight,-82,-1.438308581732344,12.718714121699195,13.21239954075775
rubber_carpet,figure_eight,-76,-1.322677383177842,12.630309988518942,13.081515499425947
rubber_carpet,figure_eight,-68,-1.1827987074615214,12.65097588978186,13.464408725602755
rubber_carpet,figure_eight,-58,-1.003875290967891,13.058553386911598,12.715843857634903
rubber_carpet,figure_eight,-44,-0.7707509328333041,13.5097588978186,12.387485648679679
rubber_carpet,figure_eight,-28,-0.4812998204959507,11.70264064293915,11.572904707233064
rubber_carpet,figure_eight,-10,-0.1667550703396984,11.04822043628014,10.362227324913894
rubber_carpet,figure_eight,7,0.1180583915081649,8.814006888633754,8.252583237657865
rubber_carpet,figure_eight,19,0.3403139128780248,7.42939150401837,7.573478760045925
rubber_carpet,figure_eight,29,0.5003400038395692,4.980482204362802,4.7887485648679675
rubber_carpet,figure_eight,35,0.6121074645033181,2.908151549942595,2.8834672789896674
rubber_carpet,figure_eight,39,0.6886835151510252,3.0241102181400694,5.050899349406811
rubber_carpet,figure_eight,42,0.7396300851871901,3.675086107921929,5.629161882893226
rubber_carpet,figure_eight,44,0.7701591418007885,6.059701492537313,6.395177956371986
rubber_carpet,figure_eight,45,0.7841140686375222,7.908151549942595,7.059537477447925
rubber_carpet,figure_eight,45,0.7828114129087366,8.60849598163031,7.253157290470724
rubber_carpet,figure_eight,44,0.7661279570979219,9.884041331802527,6.976655185610409
rubber_carpet,figure_eight,42,0.7323761131991322,9.367393800229621,6.563719862227325
rubber_carpet,figure_eight,39,0.6778107546130104,9.811710677382319,6.241102181400688
rubber_carpet,figure_eight,34,0.5960936174315813,10.382319173363951,9.70321469575201
rubber_carpet,figure_eight,27,0.4772539382649116,9.87256027554535,9.249138920780712
rubber_carpet,figure_eight,18,0.3075677549990632,9.832376578645235,9.184845005740527
rubber_carpet,figure_eight,4,0.0741693192896342,8.370838117106775,8.039609644087257
rubber_carpet,figure_eight,-13,-0.2190524049330582,6.694603903559128,6.518943742824339
rubber_carpet,figure_eight,-31,-0.5330403599925895,4.700344431687715,4.609644087256028
rubber_carpet,figure_eight,-47,-0.8139958001342624,2.851894374282434,2.6165327210103326
rubber_carpet,figure_eight,-59,-1.0373791241059451,2.140068886337543,2.3260619977037886
rubber_carpet,figure_eight,-69,-1.2086197083423518,3.8117106773823197,4.043628013777267
rubber_carpet,figure_eight,-77,-1.3434451660580573,6.975889781859932,7.172789896670494
rubber_carpet,figure_eight,-83,-1.4562625825114233,9.540757749712972,9.616532721010334
rubber_carpet,figure_eight,-89,-1.5583973839059109,11.51435132032147,11.92881745120551
rubber_carpet,figure_eight,-95,-1.6594079394479797,13.111366245694605,13.253731343283583
rubber_carpet,figure_eight,-101,-1.7686191670020204,13.630309988518944,13.75028702640643
rubber_carpet,figure_eight,-109,-1.8967794070854476,11.796785304247992,13.343283582089551
rubber_carpet,figure_eight,-118,-2.0575233175455825,14.229621125143513,13.389207807118254
rubber_carpet,figure_eight,-130,-2.2665822002176284,13.746268656716419,12.694029850746269
rubber_carpet,figure_eight,-145,-2.5341931662843757,13.355912743972446,12.578071182548793
rubber_carpet,figure_eight,-163,-2.8444536109297864,12.053960964408724,11.55166475315729
rubber_carpet,figure_eight,180,3.135482604163699,11.22617680826636,10.514925373134329
rubber_carpet,figure_eight,165,2.8855903559554115,8.313432835820896,7.747990815154994
rubber_carpet,figure_eight,155,2.701076285698577,5.964408725602755,5.817451205510906
rubber_carpet,figure_eight,147,2.571072734738768,3.774971297359357,3.58955223880597
rubber_carpet,figure_eight,142,2.481169363546777,3.4695752009184844,3.4489092996555684
rubber_carpet,figure_eight,139,2.420578849615366,3.074626865671642,6.865958668197474
rubber_carpet,figure_eight,136,2.3820822101069496,4.890929965556831,6.996172981247608
rubber_carpet,figure_eight,135,2.361413960643636,7.22617680826636,6.602611940298507
rubber_carpet,figure_eight,45,0.7778376756956213,1.8897818599311136,6.657226687077434
rubber_carpet,figure_eight,43,0.7543804411371096,10.543053960964409,8.851894374282434
rubber_carpet,figure_eight,41,0.7125345879960799,9.446613088404133,6.321239954075774
rubber_carpet,figure_eight,37,0.6476191935052179,10.445464982778415,8.727898966704936
rubber_carpet,figure_eight,32,0.5518964452218971,10.275545350172216,8.540375047837735
rubber_carpet,figure_eight,24,0.4137516738557726,9.554535017221584,8.065059318790661
rubber_carpet,figure_eight,13,0.2187212707168386,8.912743972445465,7.71259089169537
rubber_carpet,figure_eight,-2,-0.0418133453689227,7.028702640642939,6.366628396479143
rubber_carpet,figure_eight,-20,-0.3503364511428247,5.981630309988519,4.697665518561041
rubber_carpet,figure_eight,-38,-0.656263751163205,3.656716417910448,3.3601224646000767
rubber_carpet,figure_eight,-52,-0.9141163361872822,2.772675086107922,2.871029468044393
rubber_carpet,figure_eight,-64,-1.1140023449487664,2.7072330654420207,3.705702257941064
rubber_carpet,figure_eight,-73,-1.2681683535371833,5.459242250287026,6.229621125143513
rubber_carpet,figure_eight,-80,-1.3923025294612597,8.265212399540758,9.090700344431689
rubber_carpet,figure_eight,-86,-1.4994360325889329,11.082663605051666,11.559127439724454
rubber_carpet,figure_eight,-92,-1.6000139581345936,13.541905855338689,13.281668580176044
rubber_carpet,figure_eight,-98,-1.703258136760816,12.777267508610791,13.298890164561806
rubber_carpet,figure_eight,-104,-1.818910930455769,13.560275545350173,13.166858017604286
rubber_carpet,figure_eight,-112,-1.9587778821224149,13.7646383467279,13.473784921546114
rubber_carpet,figure_eight,-122,-2.1376799330213143,12.307692307692308,12.498277841561425
rubber_carpet,figure_eight,-136,-2.370792783728413,11.520091848450058,12.257558362035974
rubber_carpet,figure_eight,-152,-2.6603091178499634,11.761194029850746,11.71641791044776
rubber_carpet,figure_eight,-170,-2.9747835424789977,10.349024110218142,10.330654420206658
rubber_carpet,figure_eight,173,3.0234696356566646,8.119402985074625,8.582472254114045
rubber_carpet,figure_eight,161,2.8013186659058804,6.949483352468427,7.2357443551473395
rubber_carpet,figure_eight,151,2.641039733704992,4.965556831228473,4.909299655568312
rubber_carpet,figure_eight,145,2.5295196223197647,3.1067738231917335,3.1810179869881363
rubber_carpet,figure_eight,141,2.4529233540240982,3.3685419058553383,6.050057405281286
rubber_carpet,figure_eight,138,2.40219534947721,4.030998851894374,6.2663605051664755
rubber_carpet,figure_eight,136,2.371449354064396,6.587830080367393,6.937838281121863
rubber_carpet,figure_eight,135,2.357469215083169,8.69345579793341,6.834927924480163
rubber_carpet,figure_eight,135,2.358790297717368,9.14580941446613,6.9297104222477355
rubber_carpet,figure_eight,136,2.375543023498328,10.551090700344432,7.389494833524684
rubber_carpet,figure_eight,138,2.4093298780689945,10.252583237657865,6.930730960581706
rubber_carpet,figure_eight,141,2.463839199062821,9.737083811710677,6.664561806352851
rubber_carpet,figure_eight,146,2.5454965756306502,10.547646383467278,10.011863758132414
rubber_carpet,figure_eight,153,2.6643598343576627,9.315729047072331,9.506697282816686
rubber_carpet,figure_eight,162,2.834010117290884,9.648679678530424,9.120933792575583
rubber_carpet,figure_eight,176,3.067355007660728,8.582089552238806,8.313815537696135
rubber_carpet,figure_eight,-167,-2.922555173027024,7.181400688863375,6.741676234213547
rubber_carpet,figure_eight,-149,-2.608597029044045,4.796785304247991,4.602372751626483
rubber_carpet,figure_eight,-133,-2.3271899507899576,3.309988518943743,2.8737083811710673
rubber_carpet,figure_eight,-121,-2.1042483693440945,2.331802525832376,2.5614236509758896
rubber_carpet,figure_eight,-111,-1.9330453722897216,3.888633754305397,3.8614619211634142
rubber_carpet,figure_eight,-103,-1.7981608350004663,6.918484500574053,6.832376578645236
rubber_carpet,figure_eight,-97,-1.6853401603402685,9.79678530424799,9.604668962877918
rubber_carpet,figure_eight,-91,-1.583210061871857,12.670493685419059,12.146957520091847
rubber_carpet,figure_eight,-85,-1.482178545437943,14.289322617680826,13.361653272101032
rubber_carpet,figure_eight,-79,-1.3729814156623183,13.506314580941448,13.918484500574053
rubber_carpet,figure_eight,-71,-1.2448071568355656,14.94833524684271,14.126674320704174
rubber_carpet,figure_eight,-62,-1.084091716955452,13.516647531572904,13.250287026406431
rubber_carpet,figure_eight,-50,-0.8750456291935459,13.841561423650974,12.789896670493684
rubber_carpet,figure_eight,-35,-0.6074402556247456,11.597014925373136,12.12284730195178
rubber_carpet,figure_eight,-17,-0.2970450377419004,10.857634902411021,10.970531955606582
rubber_carpet,figure_eight,0,0.006171482311148,9.716417910447761,10.041714504401071
rubber_carpet,figure_eight,15,0.255963347127193,7.095292766934557,7.4006888633754295
rubber_carpet,figure_eight,25,0.440470791799572,6.299655568312285,6.024875621890548
rubber_carpet,figure_eight,33,0.5705390649608624,3.9770378874856482,3.6800612323000386
rubber_carpet,figure_eight,38,0.6603900593013904,2.7233065442020665,2.935706084959816
rubber_carpet,figure_eight,41,0.7210582576121333,3.257175660160735,5.810562571756601
rubber_carpet,figure_eight,44,0.7595032701764789,4.920780711825487,6.682958832212563
rubber_carpet,figure_eight,45,0.7801747348772983,7.045924225028702,6.556958795764766
rubber_carpet,figure_eight,135,2.3637582869213345,1.4247990815154996,6.080112259216737
rubber_carpet,figure_eight,137,2.3872246795002496,10.8300803673938,10.939150401836969
rubber_carpet,figure_eight,139,2.4290694928718115,10.498277841561423,7.592422502870264
rubber_carpet,figure_eight,143,2.493990541509955,10.110218140068888,9.813624186758515
rubber_carpet,figure_eight,148,2.5897176682912777,9.56142365097589,9.645618063528511
rubber_carpet,figure_eight,156,2.7278810982314248,9.272101033295064,9.259854573287408
rubber_carpet,figure_eight,167,2.922962052505785,8.803673938002296,8.675851511672407
rubber_carpet,figure_eight,-178,-3.099618486261166,8.336394948335247,7.8541905855338685
rubber_carpet,figure_eight,-160,-2.79112203495916,5.680826636050517,5.789513968618446
rubber_carpet,figure_eight,-142,-2.4852701471645653,3.881745120551091,3.7742058936088783
rubber_carpet,figure_eight,-128,-2.227477403917788,3.048220436280138,2.864140834290088
rubber_carpet,figure_eight,-116,-2.027553731797411,2.8668197474167623,2.749712973593571
rubber_carpet,figure_eight,-107,-1.8733946428404848,5.504018369690012,5.395331037122081
rubber_carpet,figure_eight,-100,-1.74926165661056,8.110218140068886,8.110983543819364
rubber_carpet,figure_eight,-94,-1.6420833482511048,10.478760045924224,10.577497129735937
rubber_carpet,figure_eight,-88,-1.5414149879569805,13.075774971297358,12.837734404898583
rubber_carpet,figure_eight,-82,-1.4381143027440515,13.758897818599312,13.394565633371604
rubber_carpet,figure_eight,-76,-1.322263010098293,13.729047072330655,13.297359357060849
rubber_carpet,figure_eight,-68,-1.182360899254975,14.204362801377727,13.711060084194413
rubber_carpet,figure_eight,-57,-1.0033072999670674,12.994259471871414,12.994259471871414
rubber_carpet,figure_eight,-44,-0.7704428332692548,13.909299655568313,12.894756984309224
rubber_carpet,figure_eight,-28,-0.4812813150853666,11.3398392652124,11.495216226559512
rubber_carpet,figure_eight,-10,-0.1668017585670014,9.52812858783008,10.084194412552622
rubber_carpet,figure_eight,7,0.1181446607481425,9.404133180252582,8.63643321852277
rubber_carpet,figure_eight,19,0.3402852662718711,7.385763490241102,7.510907003444316
rubber_carpet,figure_eight,29,0.5003455707939943,4.517795637198622,4.69843092231152
rubber_carpet,figure_eight,35,0.6121065844809942,3.2755453501722154,3.0141599693838503
rubber_carpet,figure_eight,39,0.6886790496649682,3.07577497129736,5.608036739380023
rubber_carpet,figure_eight,42,0.7394145084826446,3.964408725602756,6.043857634902411
rubber_carpet,figure_eight,44,0.7701068766390415,6.179104477611941,6.619977037887486
rubber_carpet,figure_eight,45,0.7840980473485846,7.700344431687716,6.6716417910447765
rubber_carpet,figure_eight,45,0.7828331560792193,9.079219288174512,6.828039290725858
rubber_carpet,figure_eight,44,0.76617729477615,9.781859931113662,6.97129735935706
rubber_carpet,figure_eight,42,0.732394627194742,9.638346727898966,6.642939150401837
rubber_carpet,figure_eight,39,0.6778147385862168,9.602755453501723,6.27382319173364
rubber_carpet,figure_eight,34,0.5960787366074739,10.301951779563721,9.902793723689248
rubber_carpet,figure_eight,27,0.4772291021658049,9.540757749712974,9.346345197091466
rubber_carpet,figure_eight,18,0.3076018468169118,8.33524684270953,8.901645618063528
rubber_carpet,figure_eight,4,0.0741874341990968,8.253731343283583,8.110983543819366
rubber_carpet,figure_eight,-13,-0.2190143478899282,6.440872560275546,6.4929200153080755
rubber_carpet,figure_eight,-31,-0.5330472702769525,4.816303099885189,4.6785304247990815
rubber_carpet,figure_eight,-47,-0.8141354738043421,2.479908151549943,2.5709911978568694
rubber_carpet,figure_eight,-59,-1.0373579881248416,2.9184845005740527,2.52353616532721
rubber_carpet,figure_eight,-69,-1.208628312977723,4.056257175660161,4.047837734404898
rubber_carpet,figure_eight,-77,-1.343436316135194,6.971297359357061,7.105625717566016
rubber_carpet,figure_eight,-83,-1.456272293335759,9.892078071182548,9.708381171067737
rubber_carpet,figure_eight,-89,-1.5584236280503794,12.525832376578645,12.12782242632989
rubber_carpet,figure_eight,-95,-1.6594199067596285,13.82089552238806,13.44278606965174
rubber_carpet,figure_eight,-101,-1.768644902312727,13.30654420206659,13.602372751626483
rubber_carpet,figure_eight,-109,-1.8968056269158524,13.946039035591275,13.544202066590126
rubber_carpet,figure_eight,-118,-2.0575037613690763,13.776119402985076,13.518178339073861
rubber_carpet,figure_eight,-130,-2.2666145404481246,12.606199770378876,12.664753157290471
rubber_carpet,figure_eight,-145,-2.53423042086871,11.204362801377727,12.120168388825105
rubber_carpet,figure_eight,-163,-2.844467579572794,10.09988518943743,11.067738231917337
rubber_carpet,figure_eight,180,3.1354037154366954,8.533869115958668,9.854573287409108
rubber_carpet,figure_eight,165,2.885615634844955,7.615384615384617,7.703788748564868
rubber_carpet,figure_eight,155,2.701064846288999,5.636050516647531,5.756984309223115
rubber_carpet,figure_eight,147,2.5710376559123698,3.2916188289322617,3.4902411021814004
rubber_carpet,figure_eight,142,2.481168396602565,3.3628013777267505,3.420206659012629
rubber_carpet,figure_eight,139,2.4205848206613862,3.168771526980482,6.855147340221966
rubber_carpet,figure_eight,136,2.381899257070024,6.064293915040183,7.2422502870264065
rubber_carpet,figure_eight,135,2.361414321772956,7.479908151549942,6.739890292129098
cell_carpet,circle,11,0.199977159500122,0.43398392652123996,0.43398392652123996
cell_carpet,circle,23,0.4000163078308105,3.909299655568312,3.909299655568312
cell_carpet,circle,34,0.5999736785888672,3.748564867967853,3.748564867967853
cell_carpet,circle,46,0.7999925613403319,5.601607347876004,5.601607347876004
cell_carpet,circle,57,0.9999659061431884,6.486796785304248,6.486796785304248
cell_carpet,circle,69,1.2000088691711426,6.623421354764639,6.623421354764639
cell_carpet,circle,80,1.400029182434082,7.48564867967853,7.48564867967853
cell_carpet,circle,92,1.600019454956055,8.600459242250286,8.600459242250286
cell_carpet,circle,103,1.8000140190124514,8.110218140068886,8.110218140068886
cell_carpet,circle,115,1.9999961853027344,7.5820895522388065,7.5820895522388065
cell_carpet,circle,126,2.2000300884246826,7.920780711825488,7.920780711825488
cell_carpet,circle,138,2.4000158309936523,7.422502870264064,7.422502870264064
cell_carpet,circle,149,2.600696086883545,7.024110218140069,7.024110218140069
cell_carpet,circle,160,2.8000082969665527,5.936854190585533,5.936854190585533
cell_carpet,circle,172,3.0000479221343994,4.756601607347876,4.756601607347876
cell_carpet,circle,-177,-3.082847897206442,5.119402985074627,5.119402985074627
cell_carpet,circle,-165,-2.883150402699606,3.190585533869116,3.190585533869116
cell_carpet,circle,-154,-2.683206860219137,1.8633754305396097,1.8633754305396097
cell_carpet,circle,-142,-2.4832180182086394,1.7967853042479907,1.7967853042479907
cell_carpet,circle,-131,-2.28315788904299,3.0665901262916186,3.0665901262916186
cell_carpet,circle,-119,-2.0828116575824187,4.892078071182549,4.892078071182549
cell_carpet,circle,-108,-1.883163754140036,6.427095292766936,6.427095292766936
cell_carpet,circle,-96,-1.683128658925192,8.5752009184845,8.5752009184845
cell_carpet,circle,-85,-1.4830728212939663,8.907003444316878,8.907003444316878
cell_carpet,circle,-73,-1.2827721277820034,7.3352468427095285,7.3352468427095285
cell_carpet,circle,-62,-1.083188597355978,7.920780711825488,7.920780711825488
cell_carpet,circle,-51,-0.8831637541400357,7.2939150401836965,7.2939150401836965
cell_carpet,circle,-39,-0.6831494013415739,6.576349024110218,6.576349024110218
cell_carpet,circle,-28,-0.4827495257007046,5.964408725602755,5.964408725602755
cell_carpet,circle,-16,-0.2831972281085425,5.157290470723306,5.157290470723306
cell_carpet,circle,-5,-0.0831516424762173,4.459242250287027,4.459242250287027
cell_carpet,circle,169,2.941582115488597,4.522388059701493,4.522388059701493
cell_carpet,circle,157,2.741506727533885,3.9115958668197472,3.9115958668197472
cell_carpet,circle,146,2.5415870269113263,1.9827784156142365,1.9827784156142365
cell_carpet,circle,134,2.3412717898660382,3.6303099885189436,3.6303099885189436
cell_carpet,circle,123,2.1412834246926984,4.905855338691159,4.905855338691159
cell_carpet,circle,111,1.9415062983804423,6.22617680826636,6.22617680826636
cell_carpet,circle,100,1.7415432055764877,7.42939150401837,7.42939150401837
cell_carpet,circle,88,1.5415672381692611,7.896670493685419,7.896670493685419
cell_carpet,circle,77,1.341604622202464,8.346727898966705,8.346727898966705
cell_carpet,circle,65,1.1415719111734113,7.4936854190585525,7.4936854190585525
cell_carpet,circle,54,0.9415818770700178,8.243398392652123,8.243398392652123
cell_carpet,circle,42,0.7415741999917708,7.991963260619976,7.991963260619976
cell_carpet,circle,31,0.5416041930490222,6.801377726750861,6.801377726750861
cell_carpet,circle,20,0.3411363681131086,6.09873708381171,6.09873708381171
cell_carpet,circle,8,0.1415940841012678,5.833524684270953,5.833524684270953
cell_carpet,circle,-3,-0.0584007183737077,4.215843857634902,4.215843857634902
cell_carpet,circle,-15,-0.2583957592672624,3.5774971297359355,3.5774971297359355
cell_carpet,circle,-26,-0.4584239403433122,1.9712973593570609,1.9712973593570609
cell_carpet,circle,-38,-0.6584161202139182,1.592422502870264,1.592422502870264
cell_carpet,circle,-49,-0.8584307114309587,3.148105625717566,3.148105625717566
cell_carpet,circle,-61,-1.0584565083212174,5.694603903559128,5.694603903559128
cell_carpet,circle,-72,-1.258487312001637,5.675086107921929,5.675086107921929
cell_carpet,circle,-84,-1.4585522095388688,7.513203214695753,7.513203214695753
cell_carpet,circle,-95,-1.6584049145406998,8.019517795637197,8.019517795637197
cell_carpet,circle,-106,-1.8584202210134773,7.199770378874857,7.199770378874857
cell_carpet,circle,-118,-2.0584281365103045,7.7301951779563725,7.7301951779563725
cell_carpet,circle,-129,-2.258423415822437,6.580941446613088,6.580941446613088
cell_carpet,circle,-141,-2.4584031979269305,7.640642939150401,7.640642939150401
cell_carpet,circle,-152,-2.6584719101614267,6.104477611940298,6.104477611940298
cell_carpet,circle,-164,-2.858438579244069,4.856486796785304,4.856486796785304
cell_carpet,circle,-175,-3.058400956792287,4.6888633754305395,4.6888633754305395
cell_carpet,circle,11,0.20003342628479,4.584385763490241,2.5091848450057403
cell_carpet,circle,23,0.4003584384918213,3.2985074626865676,3.6039035591274398
cell_carpet,circle,34,0.6000573635101318,1.795637198622273,2.772101033295063
cell_carpet,circle,46,0.8000617027282715,3.2514351320321473,4.426521239954075
cell_carpet,circle,57,1.0000085830688477,4.624569460390355,5.555683122847302
cell_carpet,circle,69,1.2005906105041504,5.7646383467278985,6.1940298507462686
cell_carpet,circle,80,1.4000022411346436,7.8094144661308835,7.647531572904707
cell_carpet,circle,92,1.5999789237976074,7.597014925373134,8.09873708381171
cell_carpet,circle,103,1.7999811172485352,7.482204362801379,7.796211251435132
cell_carpet,circle,115,1.9999675750732424,7.440872560275546,7.5114810562571765
cell_carpet,circle,126,2.2000603675842285,7.921928817451206,7.921354764638346
cell_carpet,circle,138,2.399997472763061,8.243398392652123,7.832950631458093
cell_carpet,circle,149,2.600266695022583,6.85419058553387,6.93915040183697
cell_carpet,circle,160,2.799983263015747,6.3593570608495975,6.148105625717566
cell_carpet,circle,172,3.0000076293945312,5.2456946039035595,5.001148105625718
cell_carpet,circle,-177,-3.0827885309802454,4.607347876004592,4.86337543053961
cell_carpet,circle,-165,-2.883184258137838,3.2732491389207805,3.2319173363949485
cell_carpet,circle,-154,-2.6827779451953333,1.8679678530424797,1.8656716417910446
cell_carpet,circle,-142,-2.4831939379321497,1.7967853042479907,1.7967853042479907
cell_carpet,circle,-131,-2.283215109501974,3.0195177956371984,3.0430539609644085
cell_carpet,circle,-119,-2.082899157200949,4.904707233065443,4.898392652123996
cell_carpet,circle,-108,-1.8831875959979456,6.355912743972446,6.391504018369691
cell_carpet,circle,-96,-1.682830874119894,8.366245694603904,8.470723306544201
cell_carpet,circle,-85,-1.4831584135638638,8.068886337543054,8.487944890929967
cell_carpet,circle,-74,-1.283058230076925,7.107921928817452,7.107921928817452
cell_carpet,circle,-62,-1.0831399599658411,7.811710677382319,7.866245694603903
cell_carpet,circle,-51,-0.8831849733935757,6.846153846153848,7.0700344431687725
cell_carpet,circle,-39,-0.6832063833819799,6.912743972445466,6.744546498277842
cell_carpet,circle,-28,-0.4829278627978725,5.873708381171068,5.919058553386911
cell_carpet,circle,-16,-0.2832048575030728,4.884041331802527,5.020665901262916
cell_carpet,circle,-5,-0.0831676165210162,4.117106773823192,4.288174512055109
cell_carpet,circle,169,2.941570909815379,4.504018369690011,4.513203214695752
cell_carpet,circle,157,2.741596611338206,5.213547646383468,4.562571756601607
cell_carpet,circle,146,2.541611822443553,1.9299655568312286,1.9563719862227327
cell_carpet,circle,134,2.34164014657075,3.357060849598163,3.4936854190585533
cell_carpet,circle,123,2.1416594107919416,4.6796785304248,4.79276693455798
cell_carpet,circle,111,1.9416903575235087,5.982778415614237,6.104477611940299
cell_carpet,circle,100,1.7416724284463607,7.1699196326062,7.299655568312285
cell_carpet,circle,88,1.541698606806346,8.225028702640643,8.060849598163031
cell_carpet,circle,77,1.341705234842845,8.228473019517796,8.28760045924225
cell_carpet,circle,65,1.141681822138377,7.43857634902411,7.466130884041331
cell_carpet,circle,54,0.9416214545541488,7.938002296211251,8.090700344431687
cell_carpet,circle,42,0.7417048533731185,8.24569460390356,8.118828932261769
cell_carpet,circle,31,0.5416061003976546,6.42020665901263,6.610792192881745
cell_carpet,circle,20,0.3416048606210432,6.332950631458094,6.215843857634902
cell_carpet,circle,8,0.1416787226968489,5.822043628013777,5.827784156142365
cell_carpet,circle,-3,-0.0584031025594987,4.090700344431688,4.153272101033295
cell_carpet,circle,-15,-0.2583683411306657,3.2411021814006884,3.409299655568312
cell_carpet,circle,-26,-0.4582999626821794,1.9184845005740525,1.9448909299655566
cell_carpet,circle,-38,-0.6582895199484148,1.6578645235361653,1.6251435132032146
cell_carpet,circle,-49,-0.8582940975851334,3.0619977037887485,3.105051664753157
cell_carpet,circle,-61,-1.0583034435934344,5.26406429391504,5.479334098737084
cell_carpet,circle,-72,-1.2583344856924332,5.9230769230769225,5.7990815154994255
cell_carpet,circle,-84,-1.4583021084493912,7.220436280137772,7.366819747416763
cell_carpet,circle,-95,-1.6584211270040787,8.134328358208956,8.076923076923077
cell_carpet,circle,-106,-1.8583668152517596,7.169919632606199,7.184845005740527
cell_carpet,circle,-118,-2.0583172718710223,7.06199770378875,7.396096440872562
cell_carpet,circle,-129,-2.258337108296804,7.010332950631458,6.7956371986222734
cell_carpet,circle,-141,-2.458327142400197,7.8231917336394945,7.731917336394948
cell_carpet,circle,-152,-2.6582866589254657,6.585533869115959,6.345005740528128
cell_carpet,circle,-164,-2.8582933823293963,5.448909299655569,5.1526980482204365
cell_carpet,circle,-175,-3.058354465169362,4.237657864523536,4.463260619977038
cell_carpet,figure_eight,44,0.7754613044615156,2.5614236509758896,2.5614236509758896
cell_carpet,figure_eight,43,0.7444403281698183,7.64638346727899,7.64638346727899
cell_carpet,figure_eight,39,0.6878429501983531,6.559127439724454,6.559127439724454
cell_carpet,figure_eight,34,0.5973188487462487,6.2319173363949485,6.2319173363949485
cell_carpet,figure_eight,26,0.4583650610856213,5.624569460390356,5.624569460390356
cell_carpet,figure_eight,14,0.2505087400821111,4.536165327210103,4.536165327210103
cell_carpet,figure_eight,-2,-0.0419034591801623,5.090700344431688,5.090700344431688
cell_carpet,figure_eight,-23,-0.3956529047329826,3.1262916188289323,3.1262916188289323
cell_carpet,figure_eight,-42,-0.7359692471559531,1.397244546498278,1.397244546498278
cell_carpet,figure_eight,-58,-1.00647057764272,1.8381171067738231,1.8381171067738231
cell_carpet,figure_eight,-69,-1.2067078739539034,4.649827784156143,4.649827784156143
cell_carpet,figure_eight,-78,-1.3592017078263892,7.439724454649828,7.439724454649828
cell_carpet,figure_eight,-85,-1.4848028111896874,7.866819747416763,7.866819747416763
cell_carpet,figure_eight,-92,-1.6000465246998703,9.14695752009185,9.14695752009185
cell_carpet,figure_eight,-98,-1.7187991107440344,7.3214695752009185,7.3214695752009185
cell_carpet,figure_eight,-106,-1.855837798918218,7.6130884041331806,7.6130884041331806
cell_carpet,figure_eight,-116,-2.029737301755638,6.8059701492537314,6.8059701492537314
cell_carpet,figure_eight,-130,-2.263597301727981,7.169919632606201,7.169919632606201
cell_carpet,figure_eight,-147,-2.572922105412322,7.560275545350173,7.560275545350173
cell_carpet,figure_eight,-168,-2.9304800367313724,5.846153846153846,5.846153846153846
cell_carpet,figure_eight,173,3.023470419509926,4.9024110218140065,4.9024110218140065
cell_carpet,figure_eight,159,2.774884816433405,3.642939150401837,3.642939150401837
cell_carpet,figure_eight,149,2.6050043164198247,2.1492537313432836,2.1492537313432836
cell_carpet,figure_eight,143,2.4929869208078084,1.9460390355912747,1.9460390355912747
cell_carpet,figure_eight,139,2.4211906047204272,4.644087256027555,4.644087256027555
cell_carpet,figure_eight,136,2.3784511187573285,5.168771526980482,5.168771526980482
cell_carpet,figure_eight,135,2.358542282384273,6.446613088404133,6.446613088404133
cell_carpet,figure_eight,135,2.358760003126472,6.6337543053960975,6.540183696900115
cell_carpet,figure_eight,136,2.379128722583184,6.138920780711825,5.653846153846153
cell_carpet,figure_eight,139,2.4224348565435245,6.717566016073477,5.680826636050516
cell_carpet,figure_eight,143,2.4949997575056844,6.446613088404133,4.196326061997704
cell_carpet,figure_eight,149,2.608076086238247,5.998851894374282,4.074052812858783
cell_carpet,figure_eight,159,2.779477951748425,5.446613088404133,4.544776119402985
cell_carpet,figure_eight,174,3.0300162019921237,5.814006888633754,5.814006888633754
cell_carpet,figure_eight,-167,-2.922551175432855,4.461538461538462,4.461538461538462
cell_carpet,figure_eight,-147,-2.565319914486207,2.421354764638347,4.99081515499426
cell_carpet,figure_eight,-129,-2.25762897180367,1.6762342135476465,1.6762342135476465
cell_carpet,figure_eight,-116,-2.0253684594886043,3.149253731343284,4.977611940298508
cell_carpet,figure_eight,-106,-1.8524612841491144,4.865671641791044,6.239380022962113
cell_carpet,figure_eight,-98,-1.7160183607024582,6.427095292766935,6.874282433983927
cell_carpet,figure_eight,-92,-1.59748964219089,7.203214695752009,8.17508610792193
cell_carpet,figure_eight,-85,-1.4821501161549964,8.5556831228473,8.21125143513203
cell_carpet,figure_eight,-78,-1.356093970786733,7.466130884041332,7.452927669345581
cell_carpet,figure_eight,-69,-1.2023950297239134,7.5786452353616545,6.114236509758898
cell_carpet,figure_eight,-57,-1.0013035206766052,7.301951779563719,7.301951779563719
cell_carpet,figure_eight,-42,-0.7291162020487993,6.498277841561424,3.9477611940298507
cell_carpet,figure_eight,-22,-0.3876729362410538,6.233065442020666,6.233065442020666
cell_carpet,figure_eight,-2,-0.0345504704124315,4.979334098737083,5.035017221584385
cell_carpet,figure_eight,15,0.2560294916856893,3.647531572904707,3.647531572904707
cell_carpet,figure_eight,26,0.4620618491758247,2.16532721010333,3.894948335246843
cell_carpet,figure_eight,34,0.5997684681458202,1.791044776119403,4.011481056257176
cell_carpet,figure_eight,40,0.6894816533516113,3.1354764638346726,3.1354764638346726
cell_carpet,figure_eight,43,0.7453923898539516,5.404133180252583,6.525258323765787
cell_carpet,figure_eight,44,0.7759368202819169,5.5614236509758905,4.06142365097589
cell_carpet,figure_eight,136,2.3660763110541723,1.841561423650976,4.383084577114428
cell_carpet,figure_eight,137,2.397117601400508,7.412169919632606,7.412169919632606
cell_carpet,figure_eight,141,2.4536405276025093,6.504018369690011,6.504018369690011
cell_carpet,figure_eight,146,2.5441542776285413,6.313432835820895,6.313432835820895
cell_carpet,figure_eight,154,2.683063996271537,5.955223880597015,5.955223880597015
cell_carpet,figure_eight,166,2.890903890172821,4.536165327210103,4.536165327210103
cell_carpet,figure_eight,-178,-3.099931203150989,4.951779563719863,4.951779563719863
cell_carpet,figure_eight,-157,-2.746264302961285,2.978185993111366,2.978185993111366
cell_carpet,figure_eight,-138,-2.405890920929753,1.618828932261768,1.618828932261768
cell_carpet,figure_eight,-122,-2.135397564515653,1.892078071182549,1.892078071182549
cell_carpet,figure_eight,-111,-1.9350818862912915,4.460390355912744,4.460390355912744
cell_carpet,figure_eight,-102,-1.7826370123096782,6.267508610792192,6.267508610792192
cell_carpet,figure_eight,-95,-1.6569338111242442,7.483352468427095,7.483352468427095
cell_carpet,figure_eight,-88,-1.5416800175857084,7.4351320321469565,7.4351320321469565
cell_carpet,figure_eight,-82,-1.4229318958220678,7.578645235361654,7.578645235361654
cell_carpet,figure_eight,-74,-1.2859220003229983,7.622273249138921,7.622273249138921
cell_carpet,figure_eight,-64,-1.1120569136192338,7.430539609644088,7.430539609644088
cell_carpet,figure_eight,-50,-0.8782325282185589,7.733639494833524,7.733639494833524
cell_carpet,figure_eight,-33,-0.5690111790218588,7.394948335246844,7.394948335246844
cell_carpet,figure_eight,-12,-0.2114956812760237,5.528128587830079,5.528128587830079
cell_carpet,figure_eight,7,0.1178180523024382,4.865671641791044,4.865671641791044
cell_carpet,figure_eight,21,0.3664468526009775,3.645235361653272,3.645235361653272
cell_carpet,figure_eight,31,0.5364336283299646,2.1262916188289323,2.1262916188289323
cell_carpet,figure_eight,37,0.6485047345619305,1.8748564867967854,1.8748564867967854
cell_carpet,figure_eight,41,0.7203469357857399,4.359357060849598,4.359357060849598
cell_carpet,figure_eight,44,0.7631233138146554,5.7301951779563725,4.617680826636051
cell_carpet,figure_eight,45,0.7830396723902764,6.499425947187141,6.499425947187141
cell_carpet,figure_eight,45,0.7828437893533658,6.153846153846154,6.3266360505166475
cell_carpet,figure_eight,44,0.7624900776536283,5.865671641791045,4.929678530424799
cell_carpet,figure_eight,41,0.7192117582328893,6.7060849598163035,5.532721010332951
cell_carpet,figure_eight,37,0.6466906455595648,6.166475315729047,4.020665901262916
cell_carpet,figure_eight,31,0.5336625623715017,4.879448909299656,3.502870264064294
cell_carpet,figure_eight,21,0.3623302510876219,6.029850746268657,4.837543053960965
cell_carpet,figure_eight,6,0.1117317837591546,5.289322617680827,5.289322617680827
cell_carpet,figure_eight,-13,-0.2186645478390914,3.64638346727899,3.64638346727899
cell_carpet,figure_eight,-33,-0.575893265661273,2.1630309988518945,4.77898966704937
cell_carpet,figure_eight,-51,-0.8837395349449978,1.6762342135476465,1.6762342135476465
cell_carpet,figure_eight,-64,-1.1161832398680438,3.5028702640642937,5.466704936854191
cell_carpet,figure_eight,-74,-1.2889657875688236,4.95752009184845,6.289896670493686
cell_carpet,figure_eight,-82,-1.42543709873347,7.181400688863374,7.380022962112514
cell_carpet,figure_eight,-88,-1.5439700239546874,7.6475315729047075,7.541331802525832
cell_carpet,figure_eight,-95,-1.6592922374977093,8.383467278989668,7.933409873708381
cell_carpet,figure_eight,-102,-1.7853692759607591,7.538461538461538,6.902985074626866
cell_carpet,figure_eight,-111,-1.9385314810749137,8.02411021814007,6.2422502870264065
cell_carpet,figure_eight,-123,-2.1401054760323146,7.287026406429391,7.287026406429391
cell_carpet,figure_eight,-138,-2.412152670554527,7.21239954075775,4.415614236509759
cell_carpet,figure_eight,-158,-2.753543616593092,6.535017221584386,6.535017221584386
cell_carpet,figure_eight,-178,-3.1068434336841118,5.468427095292767,5.210103329506315
cell_carpet,figure_eight,165,2.885758628888501,4.303099885189437,4.303099885189437
cell_carpet,figure_eight,154,2.6796950212993638,2.257175660160735,4.1061997703788755
cell_carpet,figure_eight,146,2.5419050025570917,2.2365097588978187,4.2749712973593565
cell_carpet,figure_eight,141,2.4521930093559,3.3983926521239955,4.951205510907004
cell_carpet,figure_eight,137,2.3962341448978526,5.493685419058553,6.45292766934558
cell_carpet,figure_eight,136,2.3656783690430947,5.7784156142365095,4.7319173363949485
cell_carpet,figure_eight,44,0.7754868015730175,1.8277841561423651,4.309299655568313
cell_carpet,figure_eight,43,0.7444341056681288,7.836969001148105,6.96249521622656
cell_carpet,figure_eight,39,0.6878779256857434,6.205510907003444,6.38231917336395
cell_carpet,figure_eight,34,0.5973076527639007,4.841561423650976,4.288174512055109
cell_carpet,figure_eight,26,0.4582398434448181,5.250287026406429,4.346727898966705
cell_carpet,figure_eight,14,0.2504457508023125,5.982778415614236,5.2594718714121695
cell_carpet,figure_eight,-2,-0.0420428977767851,4.202066590126291,4.757367011098354
cell_carpet,figure_eight,-23,-0.3956731351389095,3.300803673938003,3.213547646383468
cell_carpet,figure_eight,-42,-0.7365715936618367,1.442020665901263,3.1125143513203217
cell_carpet,figure_eight,-58,-1.0071092119772789,2.1205510907003444,1.9793340987370838
cell_carpet,figure_eight,-69,-1.2067185599220058,4.516647531572905,5.581706850363567
cell_carpet,figure_eight,-78,-1.3591229369976203,5.794489092996556,6.900114810562573
cell_carpet,figure_eight,-85,-1.484816039224479,7.769230769230768,8.063911213164944
cell_carpet,figure_eight,-92,-1.6000855023711005,6.983926521239955,7.7780329123612715
cell_carpet,figure_eight,-98,-1.7188816553629498,8.280137772675086,7.342900880214313
cell_carpet,figure_eight,-106,-1.855924195903872,7.394948335246842,6.624569460390355
cell_carpet,figure_eight,-116,-2.0299174726037865,7.784156142365098,5.913126674320704
cell_carpet,figure_eight,-130,-2.263659675597836,6.8576349024110215,7.013777267508612
cell_carpet,figure_eight,-147,-2.573057635573424,7.322617680826635,5.768082663605052
cell_carpet,figure_eight,-168,-2.93057026443737,5.625717566016074,5.73593570608496
cell_carpet,figure_eight,173,3.023418163980748,5.057405281285877,4.979908151549942
cell_carpet,figure_eight,159,2.774838874786314,3.3823191733639493,4.157290470723306
cell_carpet,figure_eight,149,2.6049710569589384,1.9885189437428243,3.378874856486797
cell_carpet,figure_eight,143,2.492980836901801,2.2445464982778414,3.545732874091083
cell_carpet,figure_eight,139,2.421173883040601,4.022962112514351,5.128205128205128
cell_carpet,figure_eight,136,2.3784189684806885,5.827784156142366,4.951090700344432
cell_carpet,figure_eight,135,2.3585365924862,5.780711825487945,6.2870264064293915
cell_carpet,figure_eight,135,2.3587675828768115,5.776119402985075,6.159299655568312
cell_carpet,figure_eight,136,2.379139445479622,6.4075774971297355,5.193838499808649
cell_carpet,figure_eight,139,2.422457095388712,5.991963260619976,5.34414466130884
cell_carpet,figure_eight,143,2.4950109688095834,5.478760045924226,4.028989667049369
cell_carpet,figure_eight,149,2.608105193700325,6.082663605051665,4.054822043628014
cell_carpet,figure_eight,159,2.7795356939771345,5.3318025258323765,4.4509184845005745
cell_carpet,figure_eight,174,3.031243217437827,4.6796785304248,5.246842709529277
cell_carpet,figure_eight,-167,-2.9224987266574285,4.063145809414467,4.262342135476464
cell_carpet,figure_eight,-147,-2.5653264424868483,2.2078071182548795,4.878013777267508
cell_carpet,figure_eight,-129,-2.257614201869755,1.60849598163031,1.642365097588978
cell_carpet,figure_eight,-116,-2.025326324255297,3.422502870264064,5.290470723306544
cell_carpet,figure_eight,-106,-1.852448673587185,5.841561423650976,6.428817451205511
cell_carpet,figure_eight,-98,-1.7160061600817764,7.799081515499426,7.456946039035592
cell_carpet,figure_eight,-92,-1.5974591636501994,8.261768082663604,7.898966704936854
cell_carpet,figure_eight,-85,-1.482125722533965,8.226176808266361,8.104477611940299
cell_carpet,figure_eight,-78,-1.3558034912776422,7.521239954075775,7.055396096440873
cell_carpet,figure_eight,-69,-1.202694995450687,7.7405281285878305,6.121412169919633
cell_carpet,figure_eight,-57,-1.0012697943155462,7.564867967853043,7.433409873708381
cell_carpet,figure_eight,-42,-0.729080592304354,8.19747416762342,4.383754305396097
cell_carpet,figure_eight,-22,-0.3875992652759394,6.818599311136625,6.525832376578645
cell_carpet,figure_eight,-2,-0.0344779172379521,5.793340987370837,5.016360505166475
cell_carpet,figure_eight,15,0.2560775392891377,4.516647531572905,4.082089552238806
cell_carpet,figure_eight,26,0.4621448351051841,2.414466130884041,3.863662456946039
cell_carpet,figure_eight,34,0.5997832554740857,1.7003444316877154,3.641216991963261
cell_carpet,figure_eight,40,0.6895266590794858,2.729047072330655,2.9322617680826637
cell_carpet,figure_eight,43,0.7453956613266443,4.6509758897818605,6.384615384615385
cell_carpet,figure_eight,44,0.775936843596515,5.439724454649828,4.497703788748566
cell_carpet,figure_eight,136,2.3660967796745918,1.5499425947187142,4.673281941938659
cell_carpet,figure_eight,137,2.3971432986387518,7.2939150401836965,6.733256792958286
cell_carpet,figure_eight,141,2.45371028171394,5.536165327210103,5.14619211634137
cell_carpet,figure_eight,146,2.544431792485069,6.029850746268656,4.859931113662457
cell_carpet,figure_eight,154,2.683257528042878,5.959816303099886,4.724071947952545
cell_carpet,figure_eight,166,2.891089261436209,5.127439724454649,4.8318025258323765
cell_carpet,figure_eight,-178,-3.099631756650153,4.376578645235361,4.932261768082664
cell_carpet,figure_eight,-157,-2.7459677271591607,3.2824339839265213,3.1303099885189436
cell_carpet,figure_eight,-138,-2.40554039617332,1.444316877152698,3.4251817833907388
cell_carpet,figure_eight,-122,-2.135167753001693,2.35361653272101,2.1228473019517793
cell_carpet,figure_eight,-111,-1.9349018364633253,4.954075774971298,5.8128587830080365
cell_carpet,figure_eight,-102,-1.7825082948254565,6.747416762342136,6.851128970531955
cell_carpet,figure_eight,-95,-1.656818269036788,7.8645235361653265,7.910447761194031
cell_carpet,figure_eight,-88,-1.541551599408456,8.700344431687714,7.927669345579793
cell_carpet,figure_eight,-82,-1.422777124103194,8.022962112514351,7.594336012246459
cell_carpet,figure_eight,-74,-1.2857720602126834,7.958668197474168,6.846153846153847
cell_carpet,figure_eight,-64,-1.1118582112946125,7.050516647531573,5.9946421737466515
cell_carpet,figure_eight,-50,-0.8780163576626195,7.690011481056256,7.71182548794489
cell_carpet,figure_eight,-33,-0.5686103590824764,8.281285878300803,5.9464217374665145
cell_carpet,figure_eight,-12,-0.2111215546175289,6.438576349024111,5.983352468427095
cell_carpet,figure_eight,7,0.1181103891107705,5.570608495981631,5.2181400688863375
cell_carpet,figure_eight,21,0.3666621372479854,3.7106773823191737,4.4619211634137015
cell_carpet,figure_eight,31,0.5366592757034574,1.8622273249138919,2.9559892843474933
cell_carpet,figure_eight,37,0.6485892946470413,1.9506314580941448,3.3306544202066592
cell_carpet,figure_eight,41,0.7204959501501613,3.924225028702641,4.996555683122847
cell_carpet,figure_eight,44,0.7631600762823121,5.058553386911596,4.577825159914712
cell_carpet,figure_eight,45,0.7830487524443959,6.389207807118256,6.347493302717183
cell_carpet,figure_eight,45,0.7828202479276882,6.17910447761194,6.305396096440873
cell_carpet,figure_eight,44,0.7624594047140485,5.989667049368541,4.754305396096441
cell_carpet,figure_eight,41,0.7190866170352446,5.552238805970149,5.135476463834673
cell_carpet,figure_eight,37,0.6465703650522497,6.284730195177957,4.069173363949483
cell_carpet,figure_eight,31,0.5334919254041688,6.787600459242252,3.913892078071183
cell_carpet,figure_eight,21,0.3616937602009587,4.7508610792192885,4.534156142365098
cell_carpet,figure_eight,6,0.1116283485203985,5.152698048220436,5.221010332950631
cell_carpet,figure_eight,-13,-0.219024848189325,4.157290470723307,3.9018369690011485
cell_carpet,figure_eight,-33,-0.5762527470380479,1.8691159586681974,4.927095292766935
cell_carpet,figure_eight,-51,-0.883977809553936,1.412169919632606,1.5442020665901262
cell_carpet,figure_eight,-64,-1.1162949702911895,3.225028702640643,5.302238805970149
cell_carpet,figure_eight,-74,-1.289193879343971,5.965556831228473,6.626004592422503
cell_carpet,figure_eight,-82,-1.4255762271432797,6.866819747416762,7.412456946039035
cell_carpet,figure_eight,-88,-1.5440778630188166,8.352468427095292,8.033869115958668
cell_carpet,figure_eight,-95,-1.659425194266008,7.111366245694604,7.710677382319174
cell_carpet,figure_eight,-102,-1.785508287536879,3.5338691159586686,6.021814006888634
cell_carpet,figure_eight,-111,-1.938693970265228,8.819747416762342,6.564580941446613
cell_carpet,figure_eight,-123,-2.140304741620893,7.662456946039035,7.474741676234213
cell_carpet,figure_eight,-138,-2.4124553087204115,7.577497129735935,4.463260619977038
cell_carpet,figure_eight,-158,-2.753920578994157,7.111366245694604,6.823191733639495
cell_carpet,figure_eight,-178,-3.1070264103117595,5.537313432835822,5.083524684270953
cell_carpet,figure_eight,165,2.885622120538537,4.079219288174512,4.191159586681975
cell_carpet,figure_eight,154,2.679543233692335,2.38691159586682,4.139781859931114
cell_carpet,figure_eight,146,2.541817451823633,2.200918484500574,4.195177956371986
cell_carpet,figure_eight,140,2.45212098452546,3.4603903559127436,3.4603903559127436
cell_carpet,figure_eight,137,2.39619150659252,5.06084959816303,6.315154994259472
cell_carpet,figure_eight,136,2.3656589810505277,5.938002296211251,4.831371986222733
