surface,motion_type,angle_deg,target_angle,I_total,I_total_avg
linoleum,straight,0,0.0,2.1366245694603903,2.1366245694603903
linoleum,straight,0,0.0,1.8794489092996556,2.0080367393800227
linoleum,straight,0,0.0,1.1308840413318024,1.7156525066972828
linoleum,straight,0,0.0,1.322617680826636,1.617393800229621
linoleum,straight,0,0.0,1.2732491389207807,1.548564867967853
linoleum,straight,0,0.0,1.4006888633754304,1.5239188672024493
linoleum,straight,0,0.0,1.2101033295063144,1.4790880761030014
linoleum,straight,0,0.0,1.119402985074627,1.4341274397244546
linoleum,straight,0,0.0,0.9437428243398394,1.379640260237275
linoleum,straight,0,0.0,1.1458094144661308,1.2695496874601353
linoleum,straight,0,0.0,0.9632606199770378,1.1677509886465112
linoleum,straight,0,0.0,1.1021814006888633,1.1645618063528511
linoleum,straight,0,0.0,1.0332950631458095,1.1324148488327592
linoleum,straight,0,0.0,0.9758897818599312,1.0993749202704428
linoleum,straight,0,0.0,0.9448909299655569,1.0487307054471233
linoleum,straight,0,0.0,0.9575200918484501,1.0206659012629165
linoleum,straight,0,0.0,0.7692307692307692,0.9817578772802654
linoleum,straight,0,0.0,0.8231917336394949,0.9683633116468938
linoleum,straight,0,0.0,0.6911595866819747,0.9178466641153208
linoleum,straight,0,0.0,0.9862227324913891,0.9203980099502487
linoleum,straight,0,0.0,0.7244546498277842,0.8784283709656845
linoleum,straight,0,0.0,0.8495981630309989,0.8580176042862611
linoleum,straight,0,0.0,0.7944890929965557,0.8378619721903305
linoleum,straight,0,0.0,0.7405281285878301,0.8151549942594719
linoleum,straight,0,0.0,0.809414466130884,0.7986988136241868
linoleum,straight,-180,-3.141592653589793,0.7083811710677382,0.7083811710677382
linoleum,straight,-180,-3.141592653589793,2.065442020665901,1.3869115958668197
linoleum,straight,-180,-3.141592653589793,1.1940298507462686,1.3226176808266359
linoleum,straight,-180,-3.141592653589793,0.886337543053961,1.2135476463834671
linoleum,straight,-180,-3.141592653589793,0.9368541905855338,1.1582089552238806
linoleum,straight,-180,-3.141592653589793,1.0195177956371986,1.1350937619594335
linoleum,straight,-180,-3.141592653589793,0.9793340987370838,1.112842381499098
linoleum,straight,-180,-3.141592653589793,1.0482204362801377,1.1047646383467278
linoleum,straight,-180,-3.141592653589793,0.6704936854190586,1.0565123102436536
linoleum,straight,-180,-3.141592653589793,0.7428243398392652,1.0603393289960452
linoleum,straight,-180,-3.141592653589793,1.3340987370838115,0.979078964153591
linoleum,straight,-180,-3.141592653589793,1.2985074626865671,0.9906875877025131
linoleum,straight,-180,-3.141592653589793,0.9931113662456947,1.002551345834928
linoleum,straight,-180,-3.141592653589793,0.870264064293915,0.9951524429136369
linoleum,straight,-180,-3.141592653589793,0.7669345579793342,0.9670876387294298
linoleum,straight,-180,-3.141592653589793,0.7864523536165328,0.9456563337160352
linoleum,straight,-180,-3.141592653589793,0.8140068886337544,0.9196326061997703
linoleum,straight,-180,-3.141592653589793,0.7807118254879448,0.9318790662074244
linoleum,straight,-180,-3.141592653589793,0.8668197474167624,0.9456563337160352
linoleum,straight,-180,-3.141592653589793,0.7370838117106774,0.8793213420079091
linoleum,straight,-180,-3.141592653589793,0.7715269804822042,0.8207679550963133
linoleum,straight,-180,-3.141592653589793,0.8553386911595867,0.8054598800867458
linoleum,straight,-180,-3.141592653589793,0.9460390355912743,0.8138793213420079
linoleum,straight,-180,-3.141592653589793,0.727898966704937,0.8095420334226304
linoleum,straight,0,0.0,0.3754305396096441,0.7549432325551728
linoleum,straight,0,0.0,2.0424799081515497,0.8904196963898455
linoleum,straight,0,0.0,0.9173363949483353,0.9155504528638857
linoleum,straight,0,0.0,0.8323765786452353,0.8984564357698684
linoleum,straight,0,0.0,0.947187141216992,0.9232044903686695
linoleum,straight,0,0.0,0.7680826636050517,0.9141472126546754
linoleum,straight,0,0.0,0.7083811710677382,0.9045796657736955
linoleum,straight,0,0.0,0.5752009184845006,0.8862099757622146
linoleum,straight,0,0.0,0.5212399540757751,0.8541905855338691
linoleum,straight,0,0.0,0.8932261768082664,0.9117234341114939
linoleum,straight,0,0.0,0.8059701492537313,0.7743334609006252
linoleum,straight,0,0.0,0.6337543053960965,0.7428243398392653
linoleum,straight,0,0.0,0.7876004592422502,0.7378492154611558
linoleum,straight,0,0.0,0.7738231917336394,0.71858655440745
linoleum,straight,0,0.0,0.7485648679678532,0.7164179104477612
linoleum,straight,0,0.0,0.7164179104477614,0.717310881489986
linoleum,straight,0,0.0,0.6061997703788748,0.7207551983671387
linoleum,straight,0,0.0,0.6704936854190586,0.7373389462941702
linoleum,straight,0,0.0,0.8048220436280139,0.7275162648296978
linoleum,straight,0,0.0,0.8760045924225028,0.7352978696262279
linoleum,straight,-180,-3.141592653589793,0.8495981630309989,0.8165582344686823
linoleum,straight,-180,-3.141592653589793,3.3501722158438576,1.0983543819364714
linoleum,straight,-180,-3.141592653589793,1.0516647531572905,1.1284602627886209
linoleum,straight,-180,-3.141592653589793,0.8197474167623421,1.1232300038270189
linoleum,straight,-180,-3.141592653589793,0.9437428243398394,1.1461921163413702
linoleum,straight,-180,-3.141592653589793,0.9747416762342135,1.1687715269804824
linoleum,straight,-180,-3.141592653589793,1.3318025258323765,1.2217119530552367
linoleum,straight,-180,-3.141592653589793,0.9311136624569459,1.2200535782625337
linoleum,straight,-180,-3.141592653589793,1.12743972445465,1.264446995790279
linoleum,straight,-180,-3.141592653589793,1.0838117106773824,1.290470723306544
linoleum,straight,-180,-3.141592653589793,0.9885189437428243,1.028064804184207
linoleum,straight,-180,-3.141592653589793,1.3582089552238807,1.062125271080495
linoleum,straight,-180,-3.141592653589793,0.9012629161882892,1.071182548794489
linoleum,straight,-180,-3.141592653589793,1.1894374282433984,1.0984819492282178
linoleum,straight,-180,-3.141592653589793,1.3834672789896671,1.1438959050899349
linoleum,straight,-180,-3.141592653589793,1.0309988518943742,1.1104732746523789
linoleum,straight,-180,-3.141592653589793,0.7807118254879448,1.093761959433601
linoleum,straight,-180,-3.141592653589793,0.9758897818599312,1.0769230769230769
linoleum,straight,-180,-3.141592653589793,0.9345579793340988,1.0603393289960454
linoleum,straight,-180,-3.141592653589793,0.9437428243398392,1.055364204617936
linoleum,straight,-180,-3.141592653589793,0.21010332950631458,0.9277969128715399
linoleum,straight,-180,-3.141592653589793,2.3249138920780714,1.0859803546370712
linoleum,straight,-180,-3.141592653589793,0.983926521239954,1.0631458094144661
linoleum,straight,-180,-3.141592653589793,0.8909299655568312,1.0084194412552623
linoleum,straight,-180,-3.141592653589793,0.9058553386911596,0.9945146064549051
linoleum,straight,-180,-3.141592653589793,0.8277841561423651,0.9997448654165072
linoleum,straight,-180,-3.141592653589793,1.1205510907003444,1.0158183441765531
linoleum,straight,-180,-3.141592653589793,0.9908151549942594,1.0220691414721266
linoleum,straight,-180,-3.141592653589793,0.8622273249138922,1.0130118637581325
linoleum,straight,-180,-3.141592653589793,0.981630309988519,1.0987370838117108
linoleum,straight,-180,-3.141592653589793,0.8541905855338691,0.9353233830845772
linoleum,straight,-180,-3.141592653589793,0.8208955223880599,0.9172088276565888
linoleum,straight,-180,-3.141592653589793,0.9311136624569459,0.9216736828677128
linoleum,straight,-180,-3.141592653589793,0.801377726750861,0.9100650593187906
linoleum,straight,-180,-3.141592653589793,0.8897818599311137,0.916953693073096
linoleum,straight,-180,-3.141592653589793,0.8507462686567164,0.886975379512693
linoleum,straight,-180,-3.141592653589793,0.9402985074626866,0.8813624186758515
linoleum,straight,-180,-3.141592653589793,0.9460390355912744,0.8906748309733383
linoleum,straight,-180,-3.141592653589793,0.8473019517795637,0.87574945783901
linoleum,straight,0,0.0,1.0390355912743974,0.7803291236127057
linoleum,straight,0,0.0,3.2181400688863375,1.0503890802398266
linoleum,straight,0,0.0,0.7933409873708381,1.0525577241995154
linoleum,straight,0,0.0,0.6199770378874857,1.0382701875239189
linoleum,straight,0,0.0,0.748564867967853,1.041842071692818
linoleum,straight,0,0.0,0.8381171067738232,1.0676106646255898
linoleum,straight,0,0.0,0.7049368541905855,1.0714376833779822
linoleum,straight,0,0.0,0.7439724454649828,1.064676616915423
linoleum,straight,0,0.0,0.8679678530424799,1.0637836458731984
linoleum,straight,0,0.0,0.878300803673938,1.0459242250287026
linoleum,straight,0,0.0,0.9242250287026406,0.791044776119403
linoleum,straight,0,0.0,0.7830080367393801,0.7898966704936855
linoleum,straight,0,0.0,0.7680826636050517,0.8063528511289705
linoleum,straight,0,0.0,0.8748564867967852,0.820385253221074
linoleum,straight,0,0.0,0.9219288174512056,0.8296976655185611
linoleum,straight,0,0.0,0.7876004592422503,0.8388825105243016
linoleum,straight,0,0.0,0.6039035591274398,0.8233193009312412
linoleum,straight,0,0.0,0.8277841561423651,0.8188544457201173
linoleum,straight,0,0.0,1.0068886337543055,0.8331419823957137
linoleum,straight,0,0.0,0.7841561423650977,0.8175787728026535
linoleum,straight,0,0.0,2.8897818599311136,1.0516647531572905
linoleum,straight,0,0.0,2.757749712973594,1.2727388697537954
linoleum,straight,0,0.0,1.409873708381171,1.3321852277076158
linoleum,straight,0,0.0,1.2652123995407578,1.3703278479397882
linoleum,straight,0,0.0,1.293915040183697,1.426585023599949
linoleum,straight,0,0.0,1.0287026406429391,1.4737849215461156
linoleum,straight,0,0.0,1.1653272101033296,1.5112897053195562
linoleum,straight,0,0.0,1.1458094144661308,1.5267253476208702
linoleum,straight,0,0.0,1.2215843857634903,1.575328485776247
linoleum,straight,0,0.0,1.0309988518943742,1.3687970404388317
linoleum,straight,0,0.0,0.8025258323765787,1.1515499425947187
linoleum,straight,0,0.0,0.8874856486796786,1.0935068248501085
linoleum,straight,0,0.0,0.9299655568312285,1.0562571756601609
linoleum,straight,0,0.0,0.9219288174512056,1.0149253731343282
linoleum,straight,0,0.0,1.0780711825487945,1.0204107666794233
linoleum,straight,0,0.0,0.7761194029850745,0.977165454777395
linoleum,straight,0,0.0,0.8025258323765786,0.9390228345452226
linoleum,straight,0,0.0,0.5350172215843858,0.8627375940808776
linoleum,straight,0,0.0,0.7841561423650976,0.8353106263554024
linoleum,straight,0,0.0,0.8805970149253731,0.8439852021941574
linoleum,straight,-180,-3.141592653589793,0.6360505166475316,0.8515116724071948
linoleum,straight,-180,-3.141592653589793,5.2629161882893225,1.3450695241740018
linoleum,straight,-180,-3.141592653589793,1.532721010332951,1.4119147850491136
linoleum,straight,-180,-3.141592653589793,1.2181400688863375,1.4582217119530554
linoleum,straight,-180,-3.141592653589793,0.5774971297359357,1.4235234085980355
linoleum,straight,-180,-3.141592653589793,0.8897818599311137,1.427860696517413
linoleum,straight,-180,-3.141592653589793,0.9862227324913894,1.432963388187269
linoleum,straight,-180,-3.141592653589793,0.7990815154994259,1.41663477484373
linoleum,straight,-180,-3.141592653589793,0.9115958668197475,1.4237785431815282
linoleum,straight,-180,-3.141592653589793,0.8691159586681975,1.4496747034060469
linoleum,straight,-180,-3.141592653589793,0.8874856486796786,0.9635157545605308
linoleum,straight,-180,-3.141592653589793,0.9873708381171069,0.9029212909809926
linoleum,straight,-180,-3.141592653589793,0.8656716417910446,0.8637581324148489
linoleum,straight,-180,-3.141592653589793,1.1435132032146957,0.9266488072458221
linoleum,straight,-180,-3.141592653589793,0.7784156142365098,0.9142747799464218
linoleum,straight,-180,-3.141592653589793,0.6819747416762343,0.8804694476336268
linoleum,straight,-180,-3.141592653589793,0.8071182548794489,0.8813624186758515
linoleum,straight,-180,-3.141592653589793,1.0091848450057406,0.8922056384742952
linoleum,straight,-180,-3.141592653589793,0.9334098737083812,0.8993494068120934
linoleum,straight,-180,-3.141592653589793,1.024110218140069,0.9145299145299146
linoleum,straight,0,0.0,0.2204362801377727,0.7698686056895012
linoleum,straight,0,0.0,2.2043628013777266,0.9114682995280011
linoleum,straight,0,0.0,0.9885189437428243,0.9188672024492921
linoleum,straight,0,0.0,0.547646383467279,0.8599311136624569
linoleum,straight,0,0.0,0.7164179104477612,0.8532976144916443
linoleum,straight,0,0.0,0.6096440872560276,0.8318663094782498
linoleum,straight,0,0.0,0.8163030998851896,0.8631202959561168
linoleum,straight,0,0.0,0.716417910447761,0.8555938257430795
linoleum,straight,0,0.0,0.8725602755453502,0.8547008547008548
linoleum,straight,0,0.0,0.677382319173364,0.9054726368159203
linoleum,straight,0,0.0,0.8369690011481056,0.7535399923459625
linoleum,straight,0,0.0,0.8392652123995409,0.736956244418931
linoleum,straight,0,0.0,0.6406429391504019,0.7472891950503892
linoleum,straight,0,0.0,0.7807118254879449,0.7544329633881873
linoleum,straight,0,0.0,0.788748564867968,0.7743334609006252
linoleum,straight,0,0.0,0.7531572904707232,0.7673172598545732
linoleum,straight,0,0.0,0.6280137772675085,0.7574945783901008
linoleum,straight,0,0.0,0.7233065442020666,0.7409108304630693
linoleum,straight,0,0.0,0.5074626865671641,0.7220308712846026
linoleum,straight,-180,-3.141592653589793,0.6716417910447761,0.8794489092996556
linoleum,straight,-180,-3.141592653589793,4.985074626865672,1.3371603520857254
linoleum,straight,-180,-3.141592653589793,1.4041331802525832,1.3661181273121572
linoleum,straight,-180,-3.141592653589793,0.8920780711825488,1.3787472891950505
linoleum,straight,-180,-3.141592653589793,0.7543053960964409,1.3867840285750734
linoleum,straight,-180,-3.141592653589793,0.8966704936854191,1.3967342773312923
linoleum,straight,-180,-3.141592653589793,0.8289322617680828,1.3767062125271081
linoleum,straight,-180,-3.141592653589793,1.0206659012629162,1.386401326699834
linoleum,straight,-180,-3.141592653589793,0.939150401836969,1.3769613471106008
linoleum,straight,-180,-3.141592653589793,0.9529276693455799,1.408215333588468
linoleum,straight,-180,-3.141592653589793,0.8989667049368543,0.9542033422630438
linoleum,straight,-180,-3.141592653589793,1.0539609644087256,0.9152953182803929
linoleum,straight,-180,-3.141592653589793,0.9850746268656716,0.9256282689118511
linoleum,straight,-180,-3.141592653589793,0.9047072330654421,0.942339584130629
linoleum,straight,-180,-3.141592653589793,0.8530424799081515,0.9374920270442659
linoleum,straight,-180,-3.141592653589793,0.8691159586681975,0.9419568822553899
linoleum,straight,-180,-3.141592653589793,1.082663605051665,0.9488455160096952
linoleum,straight,-180,-3.141592653589793,1.0665901262916189,0.9630054853935452
linoleum,straight,-180,-3.141592653589793,1.1331802525832375,0.9830335501977293
linoleum,straight,-180,-3.141592653589793,0.7439724454649828,0.9658119658119659
linoleum,straight,-180,-3.141592653589793,0.3226176808266361,0.8845516009695115
linoleum,straight,-180,-3.141592653589793,3.0275545350172215,1.1114938129863503
linoleum,straight,-180,-3.141592653589793,1.2307692307692308,1.1477229238423268
linoleum,straight,-180,-3.141592653589793,0.9977037887485649,1.1637964026023728
linoleum,straight,-180,-3.141592653589793,0.9586681974741678,1.1737466513585917
linoleum,straight,-180,-3.141592653589793,1.024110218140069,1.1672407194795253
linoleum,straight,-180,-3.141592653589793,0.9334098737083811,1.1524429136369436
linoleum,straight,-180,-3.141592653589793,1.277841561423651,1.1685163923969895
linoleum,straight,-180,-3.141592653589793,1.1331802525832377,1.2117617042990176
linoleum,straight,-180,-3.141592653589793,1.0746268656716418,1.2953182803929073
linoleum,straight,-180,-3.141592653589793,1.0608495981630308,1.0767955096313306
linoleum,straight,-180,-3.141592653589793,1.129735935706085,1.0655695879576477
linoleum,straight,-180,-3.141592653589793,1.0884041331802525,1.075647404005613
linoleum,straight,-180,-3.141592653589793,0.9058553386911595,1.0697793085852787
linoleum,straight,-180,-3.141592653589793,0.7807118254879448,1.0427350427350428
linoleum,straight,-180,-3.141592653589793,0.8760045924225028,1.036356678147723
linoleum,straight,-180,-3.141592653589793,1.095292766934558,1.0160734787600458
linoleum,straight,-180,-3.141592653589793,1.0068886337543055,1.0020410766679424
linoleum,straight,-180,-3.141592653589793,0.8737083811710679,0.9797168006123229
linoleum,straight,-180,-3.141592653589793,0.9035591274397244,0.9622400816430665
linoleum,straight,0,0.0,0.9827784156142365,0.7382319173363949
linoleum,straight,0,0.0,4.469575200918484,1.1415996938384998
linoleum,straight,0,0.0,0.9873708381171067,1.1801250159459116
linoleum,straight,0,0.0,0.8013777267508612,1.1824212271973467
linoleum,straight,0,0.0,0.8771526980482205,1.192243908661819
linoleum,straight,0,0.0,0.5843857634902413,1.1734915167750988
linoleum,straight,0,0.0,0.711825487944891,1.1828039290725858
linoleum,straight,0,0.0,0.7210103329506314,1.182548794489093
linoleum,straight,0,0.0,0.7692307692307692,1.2116341370072714
linoleum,straight,0,0.0,0.714121699196326,1.1817833907386146
linoleum,straight,0,0.0,0.5797933409873709,0.7495854063018242
linoleum,straight,0,0.0,0.8025258323765787,0.7290470723306544
linoleum,straight,0,0.0,0.7210103329506314,0.7201173619084068
linoleum,straight,0,0.0,0.5028702640642938,0.6785304247990815
linoleum,straight,0,0.0,0.5889781859931114,0.6790406939660671
linoleum,straight,0,0.0,0.6969001148105626,0.6773823191733639
linoleum,straight,0,0.0,0.6934557979334098,0.6743207041714504
linoleum,straight,0,0.0,0.6452353616532722,0.6605434366628397
linoleum,straight,0,0.0,0.7278989667049368,0.6620742441637963
linoleum,straight,0,0.0,0.8473019517795637,0.6917974231407068
linoleum,straight,-180,-3.141592653589793,0.021814006888633754,0.8391376451077943
linoleum,straight,-180,-3.141592653589793,2.585533869115959,1.0054853935450951
linoleum,straight,-180,-3.141592653589793,1.0998851894374282,1.0270442658502361
linoleum,straight,-180,-3.141592653589793,0.7841561423650977,1.0274269677254753
linoleum,straight,-180,-3.141592653589793,1.082663605051665,1.0503890802398266
linoleum,straight,-180,-3.141592653589793,0.8828932261768082,1.0267891312667432
linoleum,straight,-180,-3.141592653589793,0.9184845005740528,1.0169664498022708
linoleum,straight,-180,-3.141592653589793,1.148105625717566,1.0474550325296594
linoleum,straight,-180,-3.141592653589793,1.1446613088404134,1.0742441637964029
linoleum,straight,-180,-3.141592653589793,1.0734787600459244,1.1910958030361014
linoleum,straight,-180,-3.141592653589793,1.1125143513203215,1.0274269677254753
linoleum,straight,-180,-3.141592653589793,0.9311136624569459,1.008674575838755
linoleum,straight,-180,-3.141592653589793,1.1239954075774972,1.0464344941956882
linoleum,straight,-180,-3.141592653589793,0.8656716417910448,1.0223242760556195
linoleum,straight,-180,-3.141592653589793,0.8105625717566015,1.0142875366755963
linoleum,straight,-180,-3.141592653589793,1.0459242250287026,1.0284475060594462
linoleum,straight,-180,-3.141592653589793,1.0780711825487945,1.0206659012629162
linoleum,straight,-180,-3.141592653589793,1.1113662456946038,1.0169664498022708
linoleum,straight,-180,-3.141592653589793,0.9357060849598163,1.0016583747927033
linoleum,straight,-180,-3.141592653589793,0.9529276693455797,0.983926521239954
linoleum,straight,0,0.0,1.0287026406429391,0.7169281796147468
linoleum,straight,0,0.0,5.258323765786453,1.2210741165965047
linoleum,straight,0,0.0,1.2250287026406432,1.3013139431049878
linoleum,straight,0,0.0,0.7462686567164178,1.3187906620742442
linoleum,straight,0,0.0,0.5384615384615384,1.3011863758132416
linoleum,straight,0,0.0,0.817451205510907,1.3149636433218523
linoleum,straight,0,0.0,0.7588978185993112,1.3275928052047457
linoleum,straight,0,0.0,0.7761194029850746,1.3329506314580941
linoleum,straight,0,0.0,0.7703788748564868,1.3244036229110856
linoleum,straight,0,0.0,0.6865671641791045,1.2863885699706596
linoleum,straight,0,0.0,0.5786452353616532,0.7664242888123485
linoleum,straight,0,0.0,0.7497129735935706,0.7136114300293405
linoleum,straight,0,0.0,0.6394948335246842,0.7017476718969256
linoleum,straight,0,0.0,0.5464982778415615,0.7026406429391504
linoleum,straight,0,0.0,0.34213547646383474,0.6498277841561424
linoleum,straight,0,0.0,0.5097588978185993,0.6221456818471744
linoleum,straight,0,0.0,0.6073478760045925,0.6033932899604542
linoleum,straight,0,0.0,0.8323765786452355,0.6102819237147595
linoleum,straight,0,0.0,0.6245694603903559,0.6033932899604542
linoleum,straight,0,0.0,0.6394948335246842,0.6101543564230131
linoleum,square,0,0.0,2.706084959816303,2.706084959816303
linoleum,square,0,0.0,5.431687715269804,4.068886337543054
linoleum,square,0,0.0,1.6199770378874856,3.2525832376578645
linoleum,square,0,0.0,1.1825487944890931,2.735074626865672
linoleum,square,0,0.0,1.2250287026406432,2.433065442020666
linoleum,square,0,0.0,1.2411021814006888,2.2344048985840033
linoleum,square,0,0.0,1.026406429391504,2.0618336886993602
linoleum,square,0,0.0,1.2732491389207807,1.963260619977038
linoleum,square,0,0.0,1.2043628013777268,1.8789386401326702
linoleum,square,0,0.0,0.9850746268656717,1.687715269804822
linoleum,square,0,0.0,1.0551090700344432,1.2014287536675596
linoleum,square,0,0.0,0.9276693455797934,1.1245056767444828
linoleum,square,0,0.0,0.920780711825488,1.0954203342263045
linoleum,square,0,0.0,0.7680826636050517,1.0446485521112387
linoleum,square,0,0.0,1.1262916188289325,1.0318918229365994
linoleum,square,0,0.0,0.8346727898966704,1.010588085214951
linoleum,square,0,0.0,0.8978185993111366,0.9688735808138795
linoleum,square,0,0.0,0.8231917336394949,0.9265212399540759
linoleum,square,0,0.0,0.7611940298507464,0.9016456180635285
linoleum,square,90,1.5707963267948966,0.8610792192881745,0.8610792192881745
linoleum,square,90,1.5707963267948966,5.500574052812859,3.180826636050517
linoleum,square,90,1.5707963267948966,4.292766934557979,3.5514734022196706
linoleum,square,90,1.5707963267948966,4.056257175660161,3.677669345579793
linoleum,square,90,1.5707963267948966,3.757749712973594,3.6936854190585535
linoleum,square,90,1.5707963267948966,3.8748564867967854,3.7238805970149254
linoleum,square,90,1.5707963267948966,4.3111366245694605,3.8077743152370016
linoleum,square,90,1.5707963267948966,4.577497129735936,3.903989667049369
linoleum,square,90,1.5707963267948966,4.2560275545350175,3.9431049878811075
linoleum,square,90,1.5707963267948966,3.8909299655568317,4.2797550707998475
linoleum,square,90,1.5707963267948966,4.318025258323766,4.14836076030106
linoleum,square,90,1.5707963267948966,3.7588978185993107,4.089041969638985
linoleum,square,90,1.5707963267948966,4.196326061997704,4.104605179232045
linoleum,square,90,1.5707963267948966,3.8932261768082665,4.11965811965812
linoleum,square,90,1.5707963267948966,3.848450057405281,4.116724071947953
linoleum,square,90,1.5707963267948966,4.177956371986222,4.10192626610537
linoleum,square,90,1.5707963267948966,4.068886337543054,4.045413955861717
linoleum,square,90,1.5707963267948966,3.175660160734788,3.925373134328358
linoleum,square,90,1.5707963267948966,3.8220436280137773,3.917719096823574
linoleum,square,90,1.5707963267948966,3.56601607347876,3.834162520729685
linoleum,square,-180,-3.141592653589793,3.769230769230769,3.769230769230769
linoleum,square,-180,-3.141592653589793,2.882893226176808,3.3260619977037886
linoleum,square,-180,-3.141592653589793,1.4466130884041333,2.699579027937237
linoleum,square,-180,-3.141592653589793,1.3226176808266359,2.3553386911595866
linoleum,square,-180,-3.141592653589793,1.494833524684271,2.1832376578645234
linoleum,square,-180,-3.141592653589793,1.2583237657864526,2.029085342518178
linoleum,square,-180,-3.141592653589793,1.5132032146957521,1.9553878956864033
linoleum,square,-180,-3.141592653589793,1.2606199770378874,1.8685419058553387
linoleum,square,-180,-3.141592653589793,1.176808266360505,1.7916826125781347
linoleum,square,-180,-3.141592653589793,1.2009184845005738,1.5063145809414467
linoleum,square,-180,-3.141592653589793,1.2686567164179103,1.3269549687460134
linoleum,square,-180,-3.141592653589793,0.9035591274397244,1.266615639749968
linoleum,square,-180,-3.141592653589793,1.1905855338691158,1.2519454011991327
linoleum,square,-180,-3.141592653589793,1.1745120551090702,1.216354126801888
linoleum,square,-180,-3.141592653589793,1.0091848450057406,1.18867202449292
linoleum,square,-180,-3.141592653589793,0.9540757749712974,1.126546753412425
linoleum,square,-180,-3.141592653589793,1.1090700344431688,1.1097078709019008
linoleum,square,-180,-3.141592653589793,1.0355912743972446,1.0940170940170941
linoleum,square,-180,-3.141592653589793,0.9977037887485649,1.071437683377982
linoleum,square,-180,-3.141592653589793,0.9322617680826637,1.0340604668962878
linoleum,square,-90,-1.5707963267948966,1.087256027554535,1.087256027554535
linoleum,square,-90,-1.5707963267948966,4.385763490241103,2.736509758897819
linoleum,square,-90,-1.5707963267948966,4.203214695752009,3.225411404515882
linoleum,square,-90,-1.5707963267948966,4.144661308840414,3.455223880597015
linoleum,square,-90,-1.5707963267948966,3.507462686567164,3.4656716417910447
linoleum,square,-90,-1.5707963267948966,4.068886337543054,3.5662074244163797
linoleum,square,-90,-1.5707963267948966,4.006888633754306,3.6291618828932264
linoleum,square,-90,-1.5707963267948966,3.715269804822044,3.6399253731343286
linoleum,square,-90,-1.5707963267948966,3.6888633754305395,3.6453629289450182
linoleum,square,-90,-1.5707963267948966,4.227324913892078,3.994259471871412
linoleum,square,-90,-1.5707963267948966,3.9299655568312284,3.9436152570480925
linoleum,square,-90,-1.5707963267948966,3.483352468427095,3.8636305651231027
linoleum,square,-90,-1.5707963267948966,3.657864523536165,3.8095420334226304
linoleum,square,-90,-1.5707963267948966,3.7807118254879453,3.839903048858273
linoleum,square,-90,-1.5707963267948966,4.012629161882893,3.833652251562699
linoleum,square,-90,-1.5707963267948966,3.7795637198622276,3.8083939277969128
linoleum,square,-90,-1.5707963267948966,3.8564867967853047,3.8240847046817197
linoleum,square,-90,-1.5707963267948966,3.746268656716418,3.830463069269039
linoleum,square,-90,-1.5707963267948966,3.7646383467278994,3.779053450695242
linoleum,square,-90,-1.5707963267948966,4.058553386911596,3.793340987370838
linoleum,square,0,0.0,2.711825487944891,1.0857252200535783
linoleum,square,0,0.0,3.2181400688863375,1.3402219670876387
linoleum,square,0,0.0,1.7795637198622274,1.4356423013139432
linoleum,square,0,0.0,1.4879448909299655,1.5156269932389335
linoleum,square,0,0.0,1.3662456946039034,1.5422885572139304
linoleum,square,0,0.0,1.3122847301951779,1.595356550580431
linoleum,square,0,0.0,1.3501722158438578,1.6456180635285111
linoleum,square,0,0.0,0.9265212399540759,1.657099119785687
linoleum,square,0,0.0,1.0941446613088406,1.694093634392142
linoleum,square,0,0.0,1.076923076923077,1.5124378109452736
linoleum,square,0,0.0,1.2055109070034444,1.2888123485138412
linoleum,square,0,0.0,1.0815154994259473,1.2112514351320323
linoleum,square,0,0.0,1.0907003444316876,1.1671131521877791
linoleum,square,0,0.0,0.9977037887485649,1.1261640515371858
linoleum,square,0,0.0,0.6452353616532722,1.0520474550325298
linoleum,square,0,0.0,0.9885189437428243,1.011863758132415
linoleum,square,0,0.0,1.1320321469575199,1.0346983033550197
linoleum,square,0,0.0,0.8794489092996556,1.0108432197984436
linoleum,square,0,0.0,0.9253731343283582,0.9940043372879194
linoleum,square,-90,-1.5707963267948966,0.5717566016073478,3.4698303355019773
linoleum,square,-90,-1.5707963267948966,4.90126291618829,3.607985712463324
linoleum,square,-90,-1.5707963267948966,4.172215843857635,3.651486158948846
linoleum,square,-90,-1.5707963267948966,3.6383467278989663,3.6098992218395205
linoleum,square,-90,-1.5707963267948966,3.841561423650976,3.6167878555938255
linoleum,square,-90,-1.5707963267948966,3.931113662456946,3.625079729557342
linoleum,square,-90,-1.5707963267948966,3.555683122847302,3.6039035591274393
linoleum,square,-90,-1.5707963267948966,3.7898966704936856,3.6067100395458604
linoleum,square,-90,-1.5707963267948966,3.7692307692307696,3.574563082025769
linoleum,square,-90,-1.5707963267948966,3.7715269804822045,3.9300931241229744
linoleum,square,-90,-1.5707963267948966,3.6039035591274393,3.785942084449547
linoleum,square,-90,-1.5707963267948966,3.4626865671641793,3.707105498150274
linoleum,square,-90,-1.5707963267948966,3.918484500574053,3.7382319173363956
linoleum,square,-90,-1.5707963267948966,3.846153846153846,3.73874218650338
linoleum,square,-90,-1.5707963267948966,3.82548794489093,3.727005995662712
linoleum,square,-90,-1.5707963267948966,3.1814006888633752,3.6854190585533866
linoleum,square,-90,-1.5707963267948966,3.436280137772675,3.646128332695497
linoleum,square,-90,-1.5707963267948966,3.7290470723306544,3.6416634774843732
linoleum,square,-90,-1.5707963267948966,3.8208955223880596,3.647148871029468
linoleum,square,-90,-1.5707963267948966,3.74052812858783,3.6623293787472893
linoleum,square,-90,-1.5707963267948966,3.6016073478760045,3.6777650210486033
linoleum,square,-180,-3.141592653589793,3.7669345579793343,1.3522132925118
linoleum,square,-180,-3.141592653589793,2.7210103329506317,1.5222604924097463
linoleum,square,-180,-3.141592653589793,1.4672789896670495,1.5547901518050773
linoleum,square,-180,-3.141592653589793,1.6016073478760047,1.6206148743462176
linoleum,square,-180,-3.141592653589793,0.923076923076923,1.6171705574690651
linoleum,square,-180,-3.141592653589793,0.9954075774971297,1.6045413955861718
linoleum,square,-180,-3.141592653589793,0.9827784156142365,1.5986733001658375
linoleum,square,-180,-3.141592653589793,1.1205510907003444,1.6123230003827018
linoleum,square,-180,-3.141592653589793,1.1630309988518945,1.6379640260237276
linoleum,square,-180,-3.141592653589793,1.1492537313432838,1.3471106008419442
linoleum,square,-180,-3.141592653589793,1.3513203214695753,1.1949228217884935
linoleum,square,-180,-3.141592653589793,0.9402985074626865,1.1363694348768976
linoleum,square,-180,-3.141592653589793,0.8828932261768083,1.0565123102436536
linoleum,square,-180,-3.141592653589793,1.3168771526980483,1.1002678913126676
linoleum,square,-180,-3.141592653589793,1.1618828932261769,1.118765148615895
linoleum,square,-180,-3.141592653589793,0.9265212399540758,1.1125143513203215
linoleum,square,-180,-3.141592653589793,1.079219288174512,1.1079219288174516
linoleum,square,-180,-3.141592653589793,0.9161882893226178,1.0804949610919763
linoleum,square,-180,-3.141592653589793,1.1607347876004595,1.0817706340094402
linoleum,square,90,1.5707963267948966,1.0918484500574053,3.537823702002806
linoleum,square,90,1.5707963267948966,4.7990815154994255,3.604796530169665
linoleum,square,90,1.5707963267948966,3.7244546498277837,3.5860441382829435
linoleum,square,90,1.5707963267948966,4.553386911595867,3.6643704554152317
linoleum,square,90,1.5707963267948966,3.2560275545350175,3.5619339201428755
linoleum,square,90,1.5707963267948966,3.8702640642939157,3.539864778670749
linoleum,square,90,1.5707963267948966,4.421354764638346,3.6782752902155886
linoleum,square,90,1.5707963267948966,4.566016073478759,3.7609388952672536
linoleum,square,90,1.5707963267948966,3.405281285878301,3.7430794744227587
linoleum,square,90,1.5707963267948966,3.65097588978186,4.027426967725475
linoleum,square,90,1.5707963267948966,4.002296211251435,3.9388952672534763
linoleum,square,90,1.5707963267948966,3.9448909299655566,3.9633881872687846
linoleum,square,90,1.5707963267948966,3.1366245694603907,3.8059701492537314
linoleum,square,90,1.5707963267948966,3.951779563719862,3.8832759280520475
linoleum,square,90,1.5707963267948966,3.6842709529276694,3.8626100267891315
linoleum,square,90,1.5707963267948966,4.215843857634902,3.8397754815665266
linoleum,square,90,1.5707963267948966,4.481056257175661,3.830335501977293
linoleum,square,90,1.5707963267948966,3.388059701492538,3.8284219926010974
linoleum,square,90,1.5707963267948966,3.935706084959816,3.8600586809542037
linoleum,square,90,1.5707963267948966,3.779563719862227,3.835310626355403
linoleum,square,0,0.0,2.892078071182549,1.1814006888633755
linoleum,square,0,0.0,2.7198622273249136,1.3634392141854828
linoleum,square,0,0.0,1.4041331802525832,1.3982650848322489
linoleum,square,0,0.0,1.3949483352468428,1.442403367776502
linoleum,square,0,0.0,1.3754305396096442,1.52353616532721
linoleum,square,0,0.0,1.2870264064293915,1.556703661181273
linoleum,square,0,0.0,1.3157290470723306,1.5771144278606966
linoleum,square,0,0.0,1.2479908151549943,1.6180635285112899
linoleum,square,0,0.0,0.6119402985074626,1.5832376578645235
linoleum,square,0,0.0,1.2916188289322619,1.405408853170047
linoleum,square,0,0.0,1.2468427095292764,1.241740017859421
linoleum,square,0,0.0,1.1515499425947189,1.2136752136752138
linoleum,square,0,0.0,1.2032146957520093,1.1923714759535655
linoleum,square,0,0.0,1.107921928817451,1.1626482969766552
linoleum,square,0,0.0,0.894374282433984,1.1190202831993876
linoleum,square,0,0.0,0.7003444316877152,1.0506442148233193
linoleum,square,0,0.0,1.0459242250287029,1.0281923714759538
linoleum,square,0,0.0,1.0642939150401838,1.0784538844240337
linoleum,square,0,0.0,0.8541905855338691,1.0298507462686568
linoleum,square,0,0.0,0.8381171067738232,0.9844367904069397
linoleum,square,-90,-1.5707963267948966,0.6980482204362801,3.3199387676999614
linoleum,square,-90,-1.5707963267948966,4.592422502870264,3.402857507335119
linoleum,square,-90,-1.5707963267948966,3.801377726750861,3.4001785942084446
linoleum,square,-90,-1.5707963267948966,3.444316877152698,3.4293915040183696
linoleum,square,-90,-1.5707963267948966,3.0884041331802528,3.3907386146192118
linoleum,square,-90,-1.5707963267948966,3.809414466130884,3.399668325041459
linoleum,square,-90,-1.5707963267948966,4.351320321469576,3.4586044138282945
linoleum,square,-90,-1.5707963267948966,3.513203214695752,3.4333460900625083
linoleum,square,-90,-1.5707963267948966,3.5200918484500576,3.424288812348514
linoleum,square,-90,-1.5707963267948966,3.7003444316877157,3.7578772802653395
linoleum,square,-90,-1.5707963267948966,3.9253731343283578,3.6837606837606836
linoleum,square,-90,-1.5707963267948966,3.444316877152698,3.6440872560275546
linoleum,square,-90,-1.5707963267948966,3.3122847301951777,3.629417017476719
linoleum,square,-90,-1.5707963267948966,3.509758897818599,3.6762342135476462
linoleum,square,-90,-1.5707963267948966,3.9047072330654418,3.6868222987625976
linoleum,square,-90,-1.5707963267948966,3.6946039035591274,3.6138538078836584
linoleum,square,-90,-1.5707963267948966,3.723306544202066,3.637198622273249
linoleum,square,-90,-1.5707963267948966,3.501722158438576,3.6351575456053067
linoleum,square,-90,-1.5707963267948966,3.746268656716418,3.6402602372751622
linoleum,square,-90,-1.5707963267948966,3.9184845005740527,3.6394948335246844
linoleum,square,-180,-3.141592653589793,3.9460390355912742,1.3700727133562955
linoleum,square,-180,-3.141592653589793,2.725602755453502,1.5684398520219416
linoleum,square,-180,-3.141592653589793,1.3432835820895521,1.6195943360122464
linoleum,square,-180,-3.141592653589793,1.5993111366245696,1.6509758897818598
linoleum,square,-180,-3.141592653589793,1.4454649827784158,1.6824850108432199
linoleum,square,-180,-3.141592653589793,1.5591274397244546,1.7527745885954842
linoleum,square,-180,-3.141592653589793,1.5315729047072328,1.803036101543564
linoleum,square,-180,-3.141592653589793,0.9092996555683122,1.8022706977930858
linoleum,square,-180,-3.141592653589793,1.1285878300803673,1.7986988136241868
linoleum,square,-180,-3.141592653589793,1.3053960964408726,1.5052940426074755
linoleum,square,-180,-3.141592653589793,1.1205510907003446,1.3269549687460136
linoleum,square,-180,-3.141592653589793,1.2043628013777268,1.3115193264446998
linoleum,square,-180,-3.141592653589793,1.0792192881745122,1.2537313432835822
linoleum,square,-180,-3.141592653589793,0.9219288174512056,1.1955606582472253
linoleum,square,-180,-3.141592653589793,1.1021814006888635,1.1447888761321598
linoleum,square,-180,-3.141592653589793,1.0470723306544203,1.0909554790151805
linoleum,square,-180,-3.141592653589793,0.983926521239954,1.0992473529786961
linoleum,square,-180,-3.141592653589793,1.0447761194029852,1.0899349406812096
linoleum,square,-180,-3.141592653589793,0.7967853042479908,1.0334226304375558
linoleum,square,-180,-3.141592653589793,1.0803673938002296,1.0289577752264318
linoleum,square,90,1.5707963267948966,1.0413318025258325,3.5126929455287663
linoleum,square,90,1.5707963267948966,5.215843857634902,3.74371731088149
linoleum,square,90,1.5707963267948966,4.030998851894374,3.7525194540119915
linoleum,square,90,1.5707963267948966,4.3490241102181395,3.826380915933155
linoleum,square,90,1.5707963267948966,3.0091848450057403,3.6923076923076925
linoleum,square,90,1.5707963267948966,3.836969001148106,3.6207424416379634
linoleum,square,90,1.5707963267948966,4.284730195177957,3.7203724964919
linoleum,square,90,1.5707963267948966,3.082663605051665,3.6255899987243274
linoleum,square,90,1.5707963267948966,3.3983926521239955,3.583237657864524
linoleum,square,90,1.5707963267948966,3.500574052812859,3.8564867967853047
linoleum,square,90,1.5707963267948966,3.838117106773823,3.7034060466896284
linoleum,square,90,1.5707963267948966,4.143513203214696,3.715907641280776
linoleum,square,90,1.5707963267948966,2.925373134328358,3.557724199515244
linoleum,square,90,1.5707963267948966,3.779563719862227,3.6433218522770767
linoleum,square,90,1.5707963267948966,4.18828932261768,3.6823574435514734
linoleum,square,90,1.5707963267948966,4.150401836969001,3.6674320704171453
linoleum,square,90,1.5707963267948966,4.466130884041331,3.821150656971552
linoleum,square,90,1.5707963267948966,3.2824339839265213,3.8082663605051668
linoleum,square,90,1.5707963267948966,3.939150401836969,3.85699706595229
linoleum,square,90,1.5707963267948966,3.7141216991963266,3.843219798443679
linoleum,square,0,0.0,2.8932261768082665,1.1779563719862227
linoleum,square,0,0.0,2.5281285878300803,1.3251690266615639
linoleum,square,0,0.0,1.5017221584385765,1.368924607730578
linoleum,square,0,0.0,1.4477611940298507,1.430412042352341
linoleum,square,0,0.0,1.3065442020665903,1.4977675723944381
linoleum,square,0,0.0,1.4913892078071185,1.5472636815920398
linoleum,square,0,0.0,1.5327210103329505,1.5993111366245696
linoleum,square,0,0.0,1.2502870264064296,1.6433218522770763
linoleum,square,0,0.0,1.079219288174512,1.6701109835438193
linoleum,square,0,0.0,1.1928817451205511,1.4811838244674067
linoleum,square,0,0.0,1.145809414466131,1.3275928052047457
linoleum,square,0,0.0,1.0149253731343284,1.2735042735042734
linoleum,square,0,0.0,1.1010332950631458,1.234978951396862
linoleum,square,0,0.0,1.0355912743972444,1.2048730705447126
linoleum,square,0,0.0,0.5120551090700344,1.0960581706850363
linoleum,square,0,0.0,0.9150401836969002,1.0274269677254753
linoleum,square,0,0.0,1.0746268656716418,1.0079091720882767
linoleum,square,0,0.0,1.0677382319173363,1.0066334991708128
linoleum,square,0,0.0,1.010332950631458,0.9863502997831356
linoleum,square,0,0.0,0.9437428243398392,0.96389845643577
linoleum,square,-90,-1.5707963267948966,0.5430539609644087,3.3171322872815407
linoleum,square,-90,-1.5707963267948966,4.445464982778415,3.443041204235234
linoleum,square,-90,-1.5707963267948966,4.008036739380023,3.49840540885317
linoleum,square,-90,-1.5707963267948966,3.4649827784156146,3.4495471361142998
linoleum,square,-90,-1.5707963267948966,3.2365097588978187,3.398647786707488
linoleum,square,-90,-1.5707963267948966,3.789896670493685,3.406046689628779
linoleum,square,-90,-1.5707963267948966,4.214695752009185,3.4852659778032913
linoleum,square,-90,-1.5707963267948966,3.5637198622273245,3.464982778415614
linoleum,square,-90,-1.5707963267948966,3.5005740528128593,3.4185482842199257
linoleum,square,-90,-1.5707963267948966,3.902411021814007,3.791810179869881
linoleum,square,-90,-1.5707963267948966,3.7680826636050515,3.7165454777395075
linoleum,square,-90,-1.5707963267948966,3.2950631458094146,3.6373261895649955
linoleum,square,-90,-1.5707963267948966,3.417910447761194,3.6320959306033935
linoleum,square,-90,-1.5707963267948966,3.6773823191733643,3.6810817706340098
linoleum,square,-90,-1.5707963267948966,4.1079219288174516,3.7164179104477615
linoleum,square,-90,-1.5707963267948966,3.3685419058553383,3.6224008164306674
linoleum,square,-90,-1.5707963267948966,3.8277841561423656,3.6517412935323383
linoleum,square,-90,-1.5707963267948966,3.400688863375431,3.6406429391504016
linoleum,square,-90,-1.5707963267948966,3.6440872560275546,3.611940298507463
linoleum,square,-90,-1.5707963267948966,4.2548794489093,3.666028830207935
linoleum,square,-180,-3.141592653589793,3.56142365097589,1.2908534251817834
linoleum,square,-180,-3.141592653589793,2.991963260619977,1.5033805332312795
linoleum,square,-180,-3.141592653589793,1.7301951779563718,1.5931879066207424
linoleum,square,-180,-3.141592653589793,1.622273249138921,1.65097588978186
linoleum,square,-180,-3.141592653589793,1.3673938002296215,1.6865671641791045
linoleum,square,-180,-3.141592653589793,1.334098737083812,1.7254751881617554
linoleum,square,-180,-3.141592653589793,1.0528128587830081,1.7263681592039801
linoleum,square,-180,-3.141592653589793,0.973593570608496,1.7460135221329254
linoleum,square,-180,-3.141592653589793,1.1791044776119401,1.7569843092231152
linoleum,square,-180,-3.141592653589793,1.2468427095292764,1.4998086490623803
linoleum,square,-180,-3.141592653589793,1.3478760045924227,1.317132287281541
linoleum,square,-180,-3.141592653589793,1.0734787600459241,1.2441637964026024
linoleum,square,-180,-3.141592653589793,0.9012629161882894,1.1640515371858655
linoleum,square,-180,-3.141592653589793,1.032146957520092,1.126801887995918
linoleum,square,-180,-3.141592653589793,1.1262916188289325,1.10371220818982
linoleum,square,-180,-3.141592653589793,1.0631458094144661,1.1048603138155377
linoleum,square,-180,-3.141592653589793,1.0275545350172217,1.1108559765276182
linoleum,square,-180,-3.141592653589793,0.9827784156142365,1.0890419696389846
linoleum,square,-180,-3.141592653589793,0.7416762342135477,1.0329123612705704
linoleum,square,90,1.5707963267948966,0.8920780711825487,3.4819492282178848
linoleum,square,90,1.5707963267948966,5.499425947187142,3.767955096313306
linoleum,square,90,1.5707963267948966,4.08036739380023,3.8013777267508613
linoleum,square,90,1.5707963267948966,3.274397244546498,3.6998341625207294
linoleum,square,90,1.5707963267948966,3.5740528128587825,3.635795382064039
linoleum,square,90,1.5707963267948966,4.0459242250287035,3.589105753284858
linoleum,square,90,1.5707963267948966,4.880597014925373,3.766679423395841
linoleum,square,90,1.5707963267948966,4.010332950631458,3.7745885954841185
linoleum,square,90,1.5707963267948966,3.9954075774971294,3.805842581961985
linoleum,square,90,1.5707963267948966,4.027554535017222,4.154228855721393
linoleum,square,90,1.5707963267948966,4.2043628013777266,4.010332950631458
linoleum,square,90,1.5707963267948966,3.7921928817451205,3.978313560403113
linoleum,square,90,1.5707963267948966,3.7210103329506317,4.027937236892461
linoleum,square,90,1.5707963267948966,4.102181400688864,4.086618191095804
linoleum,square,90,1.5707963267948966,3.8760045924225026,4.067738231917336
linoleum,square,90,1.5707963267948966,4.569460390355912,4.033167495854062
linoleum,square,90,1.5707963267948966,4.061997703788748,4.038908023982651
linoleum,square,90,1.5707963267948966,3.9540757749712974,4.03431560147978
linoleum,square,90,1.5707963267948966,4.044776119402985,4.0362291108559765
linoleum,square,90,1.5707963267948966,3.7807118254879453,3.9891567802015566
linoleum,square,90,1.5707963267948966,4.1905855338691165,4.033422630437556
linoleum,square,0,0.0,2.526980482204362,1.1319045796657736
linoleum,square,0,0.0,2.711825487944891,1.3108814899859675
linoleum,square,0,0.0,1.5430539609644085,1.3672662329378746
linoleum,square,0,0.0,1.0665901262916189,1.4288812348513842
linoleum,square,0,0.0,1.1331802525832377,1.4531190202831992
linoleum,square,0,0.0,1.3191733639494834,1.4802908534251817
linoleum,square,0,0.0,1.2525832376578647,1.5008291873963513
linoleum,square,0,0.0,0.9024110218140069,1.4888378619721903
linoleum,square,0,0.0,1.1653272101033294,1.5134583492792446
linoleum,square,0,0.0,1.0803673938002296,1.3527235616787854
linoleum,square,0,0.0,1.1285878300803676,1.1768082663605053
linoleum,square,0,0.0,0.8805970149253731,1.1032019390228345
linoleum,square,0,0.0,0.8656716417910448,1.0808776629672152
linoleum,square,0,0.0,1.0918484500574053,1.076285240464345
linoleum,square,0,0.0,0.8989667049368542,1.0295956116851641
linoleum,square,0,0.0,0.9115958668197475,0.9917081260364843
linoleum,square,0,0.0,0.8656716417910448,0.9876259727005997
linoleum,square,0,0.0,0.5970149253731344,0.9244801632861335
linoleum,square,0,0.0,0.4879448909299656,0.858655440744993
linoleum,square,90,1.5707963267948966,0.7795637198622274,3.7065952289832884
linoleum,square,90,1.5707963267948966,5.6613088404133185,3.879831611174895
linoleum,square,90,1.5707963267948966,3.7313432835820897,3.863758132414849
linoleum,square,90,1.5707963267948966,4.431687715269805,3.848450057405281
linoleum,square,90,1.5707963267948966,4.357060849598163,3.881234851384105
linoleum,square,90,1.5707963267948966,4.1871412169919635,3.9071310116086244
linoleum,square,90,1.5707963267948966,4.025258323765787,3.9049623676489356
linoleum,square,90,1.5707963267948966,4.577497129735936,3.9934940681209343
linoleum,square,90,1.5707963267948966,5.126291618828932,4.097461410894247
linoleum,square,90,1.5707963267948966,4.444316877152698,4.504656206148744
linoleum,square,90,1.5707963267948966,4.264064293915041,4.34940681209338
linoleum,square,90,1.5707963267948966,4.377726750861079,4.4212271973466
linoleum,square,90,1.5707963267948966,4.526980482204363,4.431815282561551
linoleum,square,90,1.5707963267948966,3.113662456946039,4.2936599056002045
linoleum,square,90,1.5707963267948966,3.9138920780711826,4.263298890164561
linoleum,square,90,1.5707963267948966,3.811710677382319,4.239571373899732
linoleum,square,90,1.5707963267948966,3.8932261768082665,4.1635412680188795
linoleum,square,90,1.5707963267948966,4.431687715269805,4.08636305651231
linoleum,square,90,1.5707963267948966,3.7233065442020665,4.006250797295573
linoleum,square,90,1.5707963267948966,3.732491389207807,3.9471871412169923
linoleum,square,-180,-3.141592653589793,3.8897818599311136,1.3153463451970913
linoleum,square,-180,-3.141592653589793,2.5935706084959813,1.48424543946932
linoleum,square,-180,-3.141592653589793,1.624569460390356,1.5646128332695497
linoleum,square,-180,-3.141592653589793,1.5694603903559128,1.6243143258068633
linoleum,square,-180,-3.141592653589793,1.1802525832376578,1.6303099885189438
linoleum,square,-180,-3.141592653589793,1.734787600459242,1.7049368541905856
linoleum,square,-180,-3.141592653589793,1.2652123995407578,1.7313432835820894
linoleum,square,-180,-3.141592653589793,1.3616532721010333,1.7734404898584002
linoleum,square,-180,-3.141592653589793,1.1859931113662456,1.8228090317642556
linoleum,square,-180,-3.141592653589793,1.3593570608495984,1.5416507207551984
linoleum,square,-180,-3.141592653589793,1.1733639494833525,1.3838499808649063
linoleum,square,-180,-3.141592653589793,1.0941446613088404,1.3249138920780712
linoleum,square,-180,-3.141592653589793,1.1630309988518945,1.2797550707998468
linoleum,square,-180,-3.141592653589793,1.0114810562571757,1.2610026789131268
linoleum,square,-180,-3.141592653589793,1.0011481056257174,1.1794871794871795
linoleum,square,-180,-3.141592653589793,1.1469575200918485,1.1663477484373006
linoleum,square,-180,-3.141592653589793,1.055109070034443,1.132287281541013
linoleum,square,-180,-3.141592653589793,0.9793340987370838,1.1093251690266617
linoleum,square,-180,-3.141592653589793,1.0195177956371986,1.0715652506697284
linoleum,square,-180,-3.141592653589793,0.9115958668197474,1.04247990815155
linoleum,square,-90,-1.5707963267948966,1.0160734787600458,3.4128077560913384
linoleum,square,-90,-1.5707963267948966,4.978185993111366,3.5861717055746913
linoleum,square,-90,-1.5707963267948966,4.308840413318025,3.6563337160352085
linoleum,square,-90,-1.5707963267948966,4.001148105625718,3.6444699579027935
linoleum,square,-90,-1.5707963267948966,4.028702640642939,3.7178211506569716
linoleum,square,-90,-1.5707963267948966,4.010332950631458,3.7381043500446487
linoleum,square,-90,-1.5707963267948966,3.824339839265212,3.7851766806990685
linoleum,square,-90,-1.5707963267948966,3.809414466130884,3.80354637071055
linoleum,square,-90,-1.5707963267948966,4.1079219288174516,3.787217757367011
linoleum,square,-90,-1.5707963267948966,3.8771526980482203,4.1051154483990295
linoleum,square,-90,-1.5707963267948966,3.2962112514351314,3.9182293659905603
linoleum,square,-90,-1.5707963267948966,3.5752009184845006,3.836713866564613
linoleum,square,-90,-1.5707963267948966,4.030998851894374,3.8400306161500186
linoleum,square,-90,-1.5707963267948966,4.098737083811711,3.8478122209465493
linoleum,square,-90,-1.5707963267948966,3.3008036739380024,3.7689756346472763
linoleum,square,-90,-1.5707963267948966,3.74052812858783,3.7596632223497894
linoleum,square,-90,-1.5707963267948966,3.7887485648679675,3.7573670110983546
linoleum,square,-90,-1.5707963267948966,3.9104477611940296,3.7354254369179736
linoleum,square,-90,-1.5707963267948966,4.477611940298507,3.80214313050134
linoleum,square,-90,-1.5707963267948966,2.923076923076923,3.7606837606837606
linoleum,square,-90,-1.5707963267948966,3.110218140068886,3.7090190075264697
linoleum,square,0,0.0,2.8392652123995408,1.0487307054471233
linoleum,square,0,0.0,2.746268656716418,1.2560275545350175
linoleum,square,0,0.0,1.3076923076923077,1.30514096185738
linoleum,square,0,0.0,1.1572904707233065,1.3124122974869243
linoleum,square,0,0.0,1.0987370838117108,1.3346090062507971
linoleum,square,0,0.0,1.0757749712973592,1.352851128970532
linoleum,square,0,0.0,1.0505166475315728,1.3733894629417016
linoleum,square,0,0.0,1.176808266360505,1.4378109452736316
linoleum,square,0,0.0,1.1791044776119404,1.5146064549049623
linoleum,square,0,0.0,1.1595866819747418,1.3279755070799846
linoleum,square,0,0.0,0.9070034443168772,1.123612705702258
linoleum,square,0,0.0,0.8541905855338691,1.0732236254624314
linoleum,square,0,0.0,0.7175660160734788,1.0243653527235617
linoleum,square,0,0.0,0.8346727898966706,0.9950248756218907
linoleum,square,0,0.0,0.9517795637198622,0.9812476081132798
linoleum,square,0,0.0,0.7830080367393801,0.9515244291363695
linoleum,square,0,0.0,0.8978185993111366,0.9205255772419952
linoleum,square,0,0.0,0.6521239954075775,0.8619721903303993
linoleum,square,0,0.0,0.6061997703788748,0.8004847557086363
linoleum,square,90,1.5707963267948966,0.60849598163031,3.5283837224135732
linoleum,square,90,1.5707963267948966,5.26406429391504,3.6102819237147594
linoleum,square,90,1.5707963267948966,4.482204362801378,3.7623421354764637
linoleum,square,90,1.5707963267948966,4.2319173363949485,3.797678275290216
linoleum,square,90,1.5707963267948966,4.057405281285878,3.824977675723945
linoleum,square,90,1.5707963267948966,4.146957520091848,3.8531700471998978
linoleum,square,90,1.5707963267948966,4.447761194029851,3.8549559892843472
linoleum,square,90,1.5707963267948966,4.172215843857635,3.904834800357188
linoleum,square,90,1.5707963267948966,4.2491389207807115,3.962240081643067
linoleum,square,90,1.5707963267948966,4.105625717566016,4.350810052302589
linoleum,square,90,1.5707963267948966,4.57060849598163,4.273759408087766
linoleum,square,90,1.5707963267948966,3.78300803673938,4.196070927414211
linoleum,square,90,1.5707963267948966,3.931113662456946,4.162648296976655
linoleum,square,90,1.5707963267948966,3.9425947187141213,4.149891567802015
linoleum,square,90,1.5707963267948966,4.191733639494833,4.154866692180125
linoleum,square,90,1.5707963267948966,3.6245694603903558,4.063400943997959
linoleum,square,90,1.5707963267948966,3.6831228473019513,4.009057277713994
linoleum,square,90,1.5707963267948966,4.055109070034443,3.987498405408853
linoleum,square,90,1.5707963267948966,4.133180252583237,3.9905600204107667
linoleum,square,90,1.5707963267948966,4.189437428243399,3.948207679550963
linoleum,square,-180,-3.141592653589793,4.084959816303099,1.374792703150912
linoleum,square,-180,-3.141592653589793,2.5901262916188292,1.5333588467916828
linoleum,square,-180,-3.141592653589793,1.659012629161883,1.6053067993366499
linoleum,square,-180,-3.141592653589793,1.587830080367394,1.6704936854190584
linoleum,square,-180,-3.141592653589793,1.4890929965556834,1.7085087383594846
linoleum,square,-180,-3.141592653589793,1.2123995407577497,1.725985457328741
linoleum,square,-180,-3.141592653589793,1.3938002296211252,1.77203724964919
linoleum,square,-180,-3.141592653589793,1.1871412169919633,1.790662074244164
linoleum,square,-180,-3.141592653589793,1.1194029850746268,1.8137517540502617
linoleum,square,-180,-3.141592653589793,1.1802525832376578,1.4910065059318791
linoleum,square,-180,-3.141592653589793,1.330654420206659,1.3510651868860826
linoleum,square,-180,-3.141592653589793,1.2468427095292764,1.3052685291491262
linoleum,square,-180,-3.141592653589793,1.1458094144661308,1.2561551218267637
linoleum,square,-180,-3.141592653589793,1.1182548794489093,1.2149508865926775
linoleum,square,-180,-3.141592653589793,0.965556831228473,1.1875239188672024
linoleum,square,-180,-3.141592653589793,0.9804822043628013,1.1415996938384998
linoleum,square,-180,-3.141592653589793,1.121699196326062,1.1343283582089552
linoleum,square,-180,-3.141592653589793,0.8599311136624571,1.1054981502742696
linoleum,square,-180,-3.141592653589793,1.1285878300803673,1.099757622145682
linoleum,square,-180,-3.141592653589793,0.9873708381171069,1.0616150019135095
linoleum,square,-90,-1.5707963267948966,1.04247990815155,3.376961347110601
linoleum,square,-90,-1.5707963267948966,5.383467278989667,3.5197091465748183
linoleum,square,-90,-1.5707963267948966,4.102181400688862,3.608751116213803
linoleum,square,-90,-1.5707963267948966,3.8599311136624572,3.6220181145554275
linoleum,square,-90,-1.5707963267948966,3.923076923076923,3.6369434876897566
linoleum,square,-90,-1.5707963267948966,3.9150401836968998,3.6374537568567415
linoleum,square,-90,-1.5707963267948966,3.8082663605051668,3.5630820257685922
linoleum,square,-90,-1.5707963267948966,4.012629161882893,3.6841433856359225
linoleum,square,-90,-1.5707963267948966,3.508610792192882,3.728409235871923
linoleum,square,-90,-1.5707963267948966,3.750861079219288,4.029340477101671
linoleum,square,-90,-1.5707963267948966,3.531572904707233,3.823574435514734
linoleum,square,-90,-1.5707963267948966,3.985074626865672,3.8105625717566016
linoleum,square,-90,-1.5707963267948966,4.057405281285878,3.8325041459369817
linoleum,square,-90,-1.5707963267948966,3.678530424799081,3.805332312794999
linoleum,square,-90,-1.5707963267948966,3.5901262916188292,3.7692307692307687
linoleum,square,-90,-1.5707963267948966,3.7680826636050515,3.764765914019646
linoleum,square,-90,-1.5707963267948966,4.012629161882893,3.764765914019646
linoleum,square,-90,-1.5707963267948966,4.105625717566016,3.831100905727771
linoleum,square,-90,-1.5707963267948966,3.850746268656716,3.842199260109708
linoleum,square,-90,-1.5707963267948966,3.668197474167624,3.857379767827529
linoleum,hourglass,-30,-0.5235987755982988,3.140068886337543,3.140068886337543
linoleum,hourglass,-30,-0.5235987755982988,4.452353616532721,3.7962112514351323
linoleum,hourglass,-30,-0.5235987755982988,1.811710677382319,3.1347110600841948
linoleum,hourglass,-30,-0.5235987755982988,2.343283582089552,2.936854190585534
linoleum,hourglass,-30,-0.5235987755982988,1.7749712973593572,2.7044776119402987
linoleum,hourglass,-30,-0.5235987755982988,2.256027554535017,2.6297359357060848
linoleum,hourglass,-30,-0.5235987755982988,2.0757749712973594,2.550598655076267
linoleum,hourglass,-30,-0.5235987755982988,2.4236509758897817,2.534730195177956
linoleum,hourglass,-30,-0.5235987755982988,2.5993111366245696,2.5419058553386913
linoleum,hourglass,-30,-0.5235987755982988,2.2916188289322617,2.4476336267381043
linoleum,hourglass,-30,-0.5235987755982988,2.497129735935706,2.2303865288939915
linoleum,hourglass,-30,-0.5235987755982988,2.772675086107922,2.3371603520857254
linoleum,hourglass,-30,-0.5235987755982988,1.91044776119403,2.289067483097334
linoleum,hourglass,-30,-0.5235987755982988,2.331802525832377,2.3509376195943363
linoleum,hourglass,-30,-0.5235987755982988,2.4718714121699197,2.374920270442659
linoleum,hourglass,90,1.5707963267948966,2.013777267508611,2.013777267508611
linoleum,hourglass,90,1.5707963267948966,5.647531572904707,3.830654420206659
linoleum,hourglass,90,1.5707963267948966,4.951779563719862,4.2043628013777266
linoleum,hourglass,90,1.5707963267948966,4.371986222732491,4.246268656716418
linoleum,hourglass,90,1.5707963267948966,4.016073478760046,4.2002296211251435
linoleum,hourglass,90,1.5707963267948966,4.250287026406429,4.208572522005357
linoleum,hourglass,90,1.5707963267948966,4.064293915040183,4.187961292438905
linoleum,hourglass,90,1.5707963267948966,3.6176808266360503,4.116676234213547
linoleum,hourglass,90,1.5707963267948966,4.319173363949483,4.139175915295318
linoleum,hourglass,90,1.5707963267948966,3.21699196326062,4.272866437045542
linoleum,hourglass,90,1.5707963267948966,4.415614236509759,4.135986733001658
linoleum,hourglass,90,1.5707963267948966,3.700344431687715,3.9969383849980864
linoleum,hourglass,90,1.5707963267948966,4.13662456946039,3.970787090190075
linoleum,hourglass,90,1.5707963267948966,3.9460390355912747,3.963005485393545
linoleum,hourglass,90,1.5707963267948966,3.7887485648679675,3.9117234341114937
linoleum,hourglass,-150,-2.6179938779914944,4.200918484500574,4.200918484500574
linoleum,hourglass,-150,-2.6179938779914944,2.238805970149254,3.2198622273249136
linoleum,hourglass,-150,-2.6179938779914944,2.1641791044776117,2.8679678530424795
linoleum,hourglass,-150,-2.6179938779914944,2.5522388059701493,2.789035591274397
linoleum,hourglass,-150,-2.6179938779914944,2.2192881745120547,2.6750861079219286
linoleum,hourglass,-150,-2.6179938779914944,2.7083811710677383,2.680635285112897
linoleum,hourglass,-150,-2.6179938779914944,2.497129735935706,2.6544202066590126
linoleum,hourglass,-150,-2.6179938779914944,2.5797933409873712,2.645091848450057
linoleum,hourglass,-150,-2.6179938779914944,2.917336394948335,2.6753412425054215
linoleum,hourglass,-150,-2.6179938779914944,2.0436280137772673,2.435642301313943
linoleum,hourglass,-150,-2.6179938779914944,2.6222732491389205,2.47824977675724
linoleum,hourglass,-150,-2.6179938779914944,2.587830080367394,2.5253221074116596
linoleum,hourglass,-150,-2.6179938779914944,2.214695752009185,2.487817323638219
linoleum,hourglass,-150,-2.6179938779914944,2.478760045924225,2.516647531572905
linoleum,hourglass,-150,-2.6179938779914944,2.8128587830080365,2.5282561551218268
linoleum,hourglass,150,2.6179938779914944,2.1504018369690012,2.1504018369690012
linoleum,hourglass,150,2.6179938779914944,2.9552238805970146,2.5528128587830077
linoleum,hourglass,150,2.6179938779914944,2.9586681974741675,2.6880979716800613
linoleum,hourglass,150,2.6179938779914944,2.2284730195177955,2.5731917336394945
linoleum,hourglass,150,2.6179938779914944,2.632606199770379,2.5850746268656715
linoleum,hourglass,150,2.6179938779914944,2.1940298507462686,2.5199004975124377
linoleum,hourglass,150,2.6179938779914944,2.904707233065442,2.574872888305724
linoleum,hourglass,150,2.6179938779914944,2.6371986222732495,2.582663605051665
linoleum,hourglass,150,2.6179938779914944,2.278989667049369,2.548922056384743
linoleum,hourglass,150,2.6179938779914944,2.850746268656716,2.6267381043500446
linoleum,hourglass,150,2.6179938779914944,2.5212399540757753,2.5785176680699067
linoleum,hourglass,150,2.6179938779914944,2.6394948335246844,2.543053960964409
linoleum,hourglass,150,2.6179938779914944,2.8392652123995408,2.6109197601734917
linoleum,hourglass,150,2.6179938779914944,3.066590126291619,2.659140196453629
linoleum,hourglass,150,2.6179938779914944,2.3008036739380024,2.6710039545860442
linoleum,hourglass,-90,-1.5707963267948966,2.9460390355912742,2.9460390355912742
linoleum,hourglass,-90,-1.5707963267948966,5.08955223880597,4.017795637198622
linoleum,hourglass,-90,-1.5707963267948966,4.052812858783008,4.029468044393417
linoleum,hourglass,-90,-1.5707963267948966,4.153846153846153,4.060562571756601
linoleum,hourglass,-90,-1.5707963267948966,3.439724454649828,3.936394948335247
linoleum,hourglass,-90,-1.5707963267948966,4.053960964408726,3.9559892843474933
linoleum,hourglass,-90,-1.5707963267948966,4.094144661308841,3.9757257667705432
linoleum,hourglass,-90,-1.5707963267948966,3.701492537313433,3.941446613088404
linoleum,hourglass,-90,-1.5707963267948966,3.645235361653272,3.9085342518178336
linoleum,hourglass,-90,-1.5707963267948966,4.016073478760046,4.027426967725475
linoleum,hourglass,-90,-1.5707963267948966,3.4753157290470726,3.848067355530042
linoleum,hourglass,-90,-1.5707963267948966,4.327210103329507,3.878555938257431
linoleum,hourglass,-90,-1.5707963267948966,3.7657864523536166,3.835438193647149
linoleum,hourglass,-90,-1.5707963267948966,3.933409873708381,3.8902921290981
linoleum,hourglass,-90,-1.5707963267948966,3.7956371986222734,3.8615894884551603
linoleum,hourglass,30,0.5235987755982988,3.6590126291618827,3.6590126291618827
linoleum,hourglass,30,0.5235987755982988,3.5040183696900113,3.5815154994259473
linoleum,hourglass,30,0.5235987755982988,2.318025258323766,3.16035208572522
linoleum,hourglass,30,0.5235987755982988,2.265212399540758,2.9365671641791042
linoleum,hourglass,30,0.5235987755982988,2.7841561423650973,2.906084959816303
linoleum,hourglass,30,0.5235987755982988,2.3903559127439724,2.820130118637581
linoleum,hourglass,30,0.5235987755982988,2.983926521239954,2.8435296047236345
linoleum,hourglass,30,0.5235987755982988,2.578645235361653,2.810419058553387
linoleum,hourglass,30,0.5235987755982988,2.6303099885189436,2.790406939660671
linoleum,hourglass,30,0.5235987755982988,2.322617680826636,2.6419186120678657
linoleum,hourglass,30,0.5235987755982988,1.811710677382319,2.4538844240336775
linoleum,hourglass,30,0.5235987755982988,2.5258323765786455,2.4769741038397757
linoleum,hourglass,30,0.5235987755982988,3.1997703788748564,2.580813879321342
linoleum,hourglass,30,0.5235987755982988,3.5396096440872564,2.6647531572904706
linoleum,hourglass,-30,-0.5235987755982988,2.2927669345579793,2.3990304885827274
linoleum,hourglass,-30,-0.5235987755982988,2.835820895522388,2.4448271463196836
linoleum,hourglass,-30,-0.5235987755982988,1.8530424799081515,2.3619084066845257
linoleum,hourglass,-30,-0.5235987755982988,2.69804822043628,2.4070672279627505
linoleum,hourglass,-30,-0.5235987755982988,2.013777267508611,2.3533613981375177
linoleum,hourglass,-30,-0.5235987755982988,2.725602755453502,2.348131139175915
linoleum,hourglass,-30,-0.5235987755982988,2.4626865671641784,2.409491006505932
linoleum,hourglass,-30,-0.5235987755982988,1.5717566016073479,2.3250414593698174
linoleum,hourglass,-30,-0.5235987755982988,2.0355912743972446,2.276565888506187
linoleum,hourglass,-30,-0.5235987755982988,1.78300803673938,2.219926010970787
linoleum,hourglass,-30,-0.5235987755982988,2.4603903559127436,2.178211506569715
linoleum,hourglass,-30,-0.5235987755982988,2.8817451205510904,2.2925117999744864
linoleum,hourglass,-30,-0.5235987755982988,2.4512055109070032,2.265084832249011
linoleum,hourglass,-30,-0.5235987755982988,2.2032146957520093,2.2861334353871663
linoleum,hourglass,90,1.5707963267948966,2.8105625717566016,3.7724199515244288
linoleum,hourglass,90,1.5707963267948966,5.110218140068886,3.938257430794744
linoleum,hourglass,90,1.5707963267948966,3.390355912743973,3.83505549177191
linoleum,hourglass,90,1.5707963267948966,4.564867967853043,3.9848194922821794
linoleum,hourglass,90,1.5707963267948966,4.770378874856487,4.024237785431816
linoleum,hourglass,90,1.5707963267948966,4.058553386911596,4.06403878045669
linoleum,hourglass,90,1.5707963267948966,4.1733639494833525,4.068120933792575
linoleum,hourglass,90,1.5707963267948966,4.34443168771527,4.112386784028575
linoleum,hourglass,90,1.5707963267948966,3.9839265212399537,4.134073223625462
linoleum,hourglass,90,1.5707963267948966,4.435132032146957,4.314580941446613
linoleum,hourglass,90,1.5707963267948966,4.070034443168772,4.199004975124378
linoleum,hourglass,90,1.5707963267948966,4.552238805970149,4.328103074371731
linoleum,hourglass,90,1.5707963267948966,4.359357060849598,4.305268529149126
linoleum,hourglass,90,1.5707963267948966,3.902411021814007,4.208827656588851
linoleum,hourglass,90,1.5707963267948966,4.233065442020666,4.2282178849343035
linoleum,hourglass,90,1.5707963267948966,4.111366245694604,4.221329251179998
linoleum,hourglass,-150,-2.6179938779914944,4.290470723306544,2.7275162648296973
linoleum,hourglass,-150,-2.6179938779914944,3.847301951779564,2.8683505549177193
linoleum,hourglass,-150,-2.6179938779914944,2.197474167623421,2.7883658629927286
linoleum,hourglass,-150,-2.6179938779914944,1.5269804822043629,2.7309605817068503
linoleum,hourglass,-150,-2.6179938779914944,2.393800229621125,2.7055746906493177
linoleum,hourglass,-150,-2.6179938779914944,2.044776119402985,2.645235361653272
linoleum,hourglass,-150,-2.6179938779914944,2.478760045924225,2.674575838754943
linoleum,hourglass,-150,-2.6179938779914944,2.5040183696900113,2.677382319173364
linoleum,hourglass,-150,-2.6179938779914944,2.3628013777267505,2.627375940808777
linoleum,hourglass,-150,-2.6179938779914944,2.764638346727899,2.4578390100778162
linoleum,hourglass,-150,-2.6179938779914944,2.1159586681974742,2.2654675341242503
linoleum,hourglass,-150,-2.6179938779914944,1.9334098737083811,2.2361270570225793
linoleum,hourglass,-150,-2.6179938779914944,3.0551090700344434,2.405919122337033
linoleum,hourglass,-150,-2.6179938779914944,2.006888633754305,2.3629289450184974
linoleum,hourglass,-150,-2.6179938779914944,2.493685419058553,2.412807756091338
linoleum,hourglass,150,2.6179938779914944,3.0998851894374284,2.6926903941829314
linoleum,hourglass,150,2.6179938779914944,2.3765786452353614,2.6637326189565
linoleum,hourglass,150,2.6179938779914944,2.220436280137773,2.6572266870774337
linoleum,hourglass,150,2.6179938779914944,3.175660160734788,2.6933282306416633
linoleum,hourglass,150,2.6179938779914944,2.3513203214695753,2.6744482714631967
linoleum,hourglass,150,2.6179938779914944,2.8656716417910446,2.699579027937237
linoleum,hourglass,150,2.6179938779914944,2.4787600459242247,2.6595228983288686
linoleum,hourglass,150,2.6179938779914944,2.312284730195178,2.5757111876514864
linoleum,hourglass,150,2.6179938779914944,3.1446613088404134,2.669473147085087
linoleum,hourglass,150,2.6179938779914944,2.397244546498278,2.591401964536293
linoleum,hourglass,150,2.6179938779914944,2.670493685419058,2.62405919122337
linoleum,hourglass,150,2.6179938779914944,3.0436280137772673,2.7155249394055363
linoleum,hourglass,150,2.6179938779914944,2.51894374282434,2.642556448526598
linoleum,hourglass,150,2.6179938779914944,2.225028702640643,2.628524046434494
linoleum,hourglass,-90,-1.5707963267948966,3.050516647531573,3.745630820257686
linoleum,hourglass,-90,-1.5707963267948966,4.361653272101034,3.818982013011864
linoleum,hourglass,-90,-1.5707963267948966,3.7347876004592417,3.8289322617680828
linoleum,hourglass,-90,-1.5707963267948966,3.732491389207807,3.7974231407067225
linoleum,hourglass,-90,-1.5707963267948966,4.200918484500574,3.878045669090445
linoleum,hourglass,-90,-1.5707963267948966,3.8323765786452353,3.8230641663477485
linoleum,hourglass,-90,-1.5707963267948966,3.699196326061997,3.815665263426457
linoleum,hourglass,-90,-1.5707963267948966,4.368541905855339,3.8640132669983416
linoleum,hourglass,-90,-1.5707963267948966,3.900114810562572,3.8756218905472632
linoleum,hourglass,-90,-1.5707963267948966,3.5625717566016077,3.9325169026661566
linoleum,hourglass,-90,-1.5707963267948966,3.711825487944891,3.8603138155376957
linoleum,hourglass,-90,-1.5707963267948966,4.050516647531572,3.8953948207679554
linoleum,hourglass,-90,-1.5707963267948966,3.8415614236509756,3.9075137134838624
linoleum,hourglass,-90,-1.5707963267948966,3.1745120551090698,3.7934685546625846
linoleum,hourglass,-90,-1.5707963267948966,3.404133180252583,3.745885954841179
linoleum,hourglass,-90,-1.5707963267948966,3.657864523536165,3.7412935323383087
linoleum,hourglass,30,0.5235987755982988,4.030998851894374,2.847046817196071
linoleum,hourglass,30,0.5235987755982988,2.7921928817451205,2.8257430794744227
linoleum,hourglass,30,0.5235987755982988,2.0172215843857635,2.763362673810435
linoleum,hourglass,30,0.5235987755982988,2.6211251435132037,2.762342135476464
linoleum,hourglass,30,0.5235987755982988,1.6567164179104479,2.688353106263554
linoleum,hourglass,30,0.5235987755982988,2.577497129735936,2.7734404898584004
linoleum,hourglass,30,0.5235987755982988,2.5315729047072333,2.7740783263171327
linoleum,hourglass,30,0.5235987755982988,2.1859931113662454,2.6614364077050645
linoleum,hourglass,30,0.5235987755982988,2.4374282433983927,2.538971807628524
linoleum,hourglass,30,0.5235987755982988,2.9402985074626864,2.4177828804694474
linoleum,hourglass,30,0.5235987755982988,3.6211251435132032,2.5098864651103456
linoleum,hourglass,30,0.5235987755982988,3.2468427095292767,2.6465110345707363
linoleum,hourglass,30,0.5235987755982988,2.7921928817451205,2.6655185610409493
linoleum,hourglass,30,0.5235987755982988,2.7600459242250293,2.7881107284092357
linoleum,hourglass,30,0.5235987755982988,2.9804822043628016,2.8328868478122207
linoleum,hourglass,-30,-0.5235987755982988,2.0757749712973594,2.2139303482587063
linoleum,hourglass,-30,-0.5235987755982988,2.828932261768083,2.2546243143258065
linoleum,hourglass,-30,-0.5235987755982988,2.4431687715269805,2.3514478887613213
linoleum,hourglass,-30,-0.5235987755982988,2.316877152698048,2.382701875239188
linoleum,hourglass,-30,-0.5235987755982988,2.073478760045924,2.4149764000510268
linoleum,hourglass,-30,-0.5235987755982988,2.318025258323766,2.399158055874474
linoleum,hourglass,-30,-0.5235987755982988,1.9919632606199769,2.3002934047710166
linoleum,hourglass,-30,-0.5235987755982988,2.742824339839265,2.332695496874601
linoleum,hourglass,-30,-0.5235987755982988,2.290470723306544,2.3423906110473274
linoleum,hourglass,-30,-0.5235987755982988,2.019517795637199,2.336139813751754
linoleum,hourglass,-30,-0.5235987755982988,2.703788748564868,2.3222349789513967
linoleum,hourglass,-30,-0.5235987755982988,1.714121699196326,2.2412297486924353
linoleum,hourglass,-30,-0.5235987755982988,1.9184845005740525,2.196963898456436
linoleum,hourglass,-30,-0.5235987755982988,2.971297359357061,2.2967215206021176
linoleum,hourglass,90,1.5707963267948966,2.6176808266360507,4.029468044393417
linoleum,hourglass,90,1.5707963267948966,5.735935706084961,4.224135731598419
linoleum,hourglass,90,1.5707963267948966,4.268656716417911,4.205638474295191
linoleum,hourglass,90,1.5707963267948966,4.365097588978186,4.238423268274015
linoleum,hourglass,90,1.5707963267948966,4.203214695752009,4.19964281158311
linoleum,hourglass,90,1.5707963267948966,4.289322617680827,4.19186120678658
linoleum,hourglass,90,1.5707963267948966,4.323765786452354,4.238678402857507
linoleum,hourglass,90,1.5707963267948966,4.419058553386912,4.259344304120424
linoleum,hourglass,90,1.5707963267948966,4.431687715269804,4.294935578517669
linoleum,hourglass,90,1.5707963267948966,4.246842709529276,4.4759535655058045
linoleum,hourglass,90,1.5707963267948966,4.130884041331802,4.297614491644342
linoleum,hourglass,90,1.5707963267948966,4.439724454649828,4.316622018114555
linoleum,hourglass,90,1.5707963267948966,4.272101033295063,4.306289067483097
linoleum,hourglass,90,1.5707963267948966,4.106773823191734,4.2955734149764
linoleum,hourglass,90,1.5707963267948966,3.9115958668197472,4.253603775991835
linoleum,hourglass,90,1.5707963267948966,3.975889781859931,4.214950886592678
linoleum,hourglass,-150,-2.6179938779914944,4.2043628013777266,2.6045413955861716
linoleum,hourglass,-150,-2.6179938779914944,3.82548794489093,2.7513713483862734
linoleum,hourglass,-150,-2.6179938779914944,2.4822043628013777,2.7646383467278985
linoleum,hourglass,-150,-2.6179938779914944,1.9058553386911594,2.6692180125015943
linoleum,hourglass,-150,-2.6179938779914944,2.3088404133180256,2.690649317514989
linoleum,hourglass,-150,-2.6179938779914944,2.491389207807118,2.752647021303738
linoleum,hourglass,-150,-2.6179938779914944,2.6349024110218133,2.7059573925245566
linoleum,hourglass,-150,-2.6179938779914944,2.12743972445465,2.719351958157928
linoleum,hourglass,-150,-2.6179938779914944,2.026406429391504,2.667432070417145
linoleum,hourglass,-150,-2.6179938779914944,2.4029850746268657,2.467278989667049
linoleum,hourglass,-150,-2.6179938779914944,2.1125143513203217,2.276948590381426
linoleum,hourglass,-150,-2.6179938779914944,2.0022962112514353,2.223625462431433
linoleum,hourglass,-150,-2.6179938779914944,2.4615384615384617,2.285368031636688
linoleum,hourglass,-150,-2.6179938779914944,1.9770378874856487,2.24850108432198
linoleum,hourglass,150,2.6179938779914944,2.526980482204363,2.590891695369307
linoleum,hourglass,150,2.6179938779914944,2.8840413318025258,2.635922949355785
linoleum,hourglass,150,2.6179938779914944,2.407577497129736,2.646511034570736
linoleum,hourglass,150,2.6179938779914944,2.904707233065442,2.6198494705957396
linoleum,hourglass,150,2.6179938779914944,2.322617680826636,2.6115575966322235
linoleum,hourglass,150,2.6179938779914944,2.91963260619977,2.6392396989411915
linoleum,hourglass,150,2.6179938779914944,2.7049368541905854,2.6016073478760045
linoleum,hourglass,150,2.6179938779914944,2.907003444316877,2.6447250924862864
linoleum,hourglass,150,2.6179938779914944,2.895522388059702,2.7192243908661817
linoleum,hourglass,150,2.6179938779914944,2.269804822043628,2.690649317514989
linoleum,hourglass,150,2.6179938779914944,2.656716417910448,2.665390993749203
linoleum,hourglass,150,2.6179938779914944,2.6199770378874856,2.6889909427222864
linoleum,hourglass,150,2.6179938779914944,2.578645235361653,2.652761831866309
linoleum,hourglass,150,2.6179938779914944,2.571756601607348,2.6804439341752775
linoleum,hourglass,150,2.6179938779914944,3.0941446613088406,2.69983416252073
linoleum,hourglass,-90,-1.5707963267948966,2.734787600459242,3.559765276183187
linoleum,hourglass,-90,-1.5707963267948966,4.773823191733639,3.656843985202194
linoleum,hourglass,-90,-1.5707963267948966,4.137772675086108,3.7207551983671387
linoleum,hourglass,-90,-1.5707963267948966,3.6486796785304247,3.7137389973210864
linoleum,hourglass,-90,-1.5707963267948966,3.8117106773823197,3.6872050006378365
linoleum,hourglass,-90,-1.5707963267948966,4.121699196326062,3.7183314198239574
linoleum,hourglass,-90,-1.5707963267948966,3.4557979334098734,3.749585406301824
linoleum,hourglass,-90,-1.5707963267948966,3.490241102181401,3.7591529531828036
linoleum,hourglass,-90,-1.5707963267948966,4.092996555683123,3.807500956754688
linoleum,hourglass,-90,-1.5707963267948966,4.137772675086108,3.9633881872687846
linoleum,hourglass,-90,-1.5707963267948966,3.173363949483352,3.785559382574308
linoleum,hourglass,-90,-1.5707963267948966,3.760045924225028,3.7435897435897436
linoleum,hourglass,-90,-1.5707963267948966,3.881745120551091,3.7694859038142616
linoleum,hourglass,-90,-1.5707963267948966,4.87256027554535,3.887358081387932
linoleum,hourglass,-90,-1.5707963267948966,4.295063145809414,3.9066207424416373
linoleum,hourglass,30,0.5235987755982988,3.166475315729047,2.903431560147978
linoleum,hourglass,30,0.5235987755982988,2.501722158438576,2.938512565378237
linoleum,hourglass,30,0.5235987755982988,2.3260619977037886,2.9261385380788365
linoleum,hourglass,30,0.5235987755982988,2.0275545350172215,2.824722541140451
linoleum,hourglass,30,0.5235987755982988,3.060849598163031,2.76246970276821
linoleum,hourglass,30,0.5235987755982988,2.3501722158438576,2.6628396479142746
linoleum,hourglass,30,0.5235987755982988,2.584385763490241,2.639749968108177
linoleum,hourglass,30,0.5235987755982988,2.483352468427095,2.6090062507972953
linoleum,hourglass,30,0.5235987755982988,2.233065442020666,2.525959943870392
linoleum,hourglass,30,0.5235987755982988,2.78300803673938,2.483352468427095
linoleum,hourglass,30,0.5235987755982988,2.819747416762342,2.518688608240847
linoleum,hourglass,30,0.5235987755982988,2.1699196326062,2.501339456563337
linoleum,hourglass,30,0.5235987755982988,2.2112514351320325,2.52175022324276
linoleum,hourglass,30,0.5235987755982988,1.8874856486796785,2.391376451077944
linoleum,hourglass,30,0.5235987755982988,2.4087256027554536,2.3978823829570097
linoleum,hourglass,30,0.5235987755982988,2.125143513203215,2.346855466258452
linoleum,hourglass,30,0.5235987755982988,4.329506314580941,2.5519836713866564
linoleum,hourglass,30,0.5235987755982988,2.8461538461538463,2.620104605179232
linoleum,hourglass,30,0.5235987755982988,2.9115958668197472,2.634392141854829
linoleum,hourglass,30,0.5235987755982988,3.1228473019517793,2.6680699068758766
linoleum,hourglass,30,0.5235987755982988,2.535017221584386,2.708636305651231
linoleum,hourglass,30,0.5235987755982988,2.587830080367394,2.750478377344049
linoleum,hourglass,30,0.5235987755982988,2.895522388059702,2.8624824594973846
linoleum,hourglass,30,0.5235987755982988,2.6222732491389205,2.8862099757622146
linoleum,hourglass,30,0.5235987755982988,1.5981630309988517,2.827656588850618
linoleum,hourglass,30,0.5235987755982988,3.065442020665901,2.6872050006378365
linoleum,hourglass,30,0.5235987755982988,3.0528128587830077,2.7101671131521874
linoleum,hourglass,30,0.5235987755982988,2.7611940298507465,2.69345579793341
linoleum,hourglass,30,0.5235987755982988,2.9138920780711826,2.670238550835566
linoleum,hourglass,-90,-1.5707963267948966,2.8748564867967854,3.842071692817962
linoleum,hourglass,-90,-1.5707963267948966,4.553386911595867,3.9601990049751246
linoleum,hourglass,-90,-1.5707963267948966,4.2422502870264065,3.976782752902156
linoleum,hourglass,-90,-1.5707963267948966,4.113662456946039,3.9741038397754815
linoleum,hourglass,-90,-1.5707963267948966,4.068886337543054,4.07360632733767
linoleum,hourglass,-90,-1.5707963267948966,3.8323765786452353,4.081643066717693
linoleum,hourglass,-90,-1.5707963267948966,3.12743972445465,3.997831356040312
linoleum,hourglass,-90,-1.5707963267948966,4.006888633754306,3.901645618063528
linoleum,hourglass,-90,-1.5707963267948966,3.749712973593571,3.8410511544839903
linoleum,hourglass,-90,-1.5707963267948966,3.896670493685419,3.954586044138283
linoleum,hourglass,-90,-1.5707963267948966,3.104477611940298,3.793596121954331
linoleum,hourglass,-90,-1.5707963267948966,3.792192881745121,3.7435897435897436
linoleum,hourglass,-90,-1.5707963267948966,4.421354764638346,3.7777777777777777
linoleum,hourglass,-90,-1.5707963267948966,3.5384615384615383,3.718841688990943
linoleum,hourglass,-90,-1.5707963267948966,3.972445464982779,3.7344048985840033
linoleum,hourglass,-90,-1.5707963267948966,3.7772675086107923,3.8066079857124637
linoleum,hourglass,150,2.6179938779914944,3.83467278989667,2.825360377599184
linoleum,hourglass,150,2.6179938779914944,3.742824339839265,2.9182293659905603
linoleum,hourglass,150,2.6179938779914944,2.5453501722158434,2.8793213420079087
linoleum,hourglass,150,2.6179938779914944,2.1205510907003444,2.862737594080878
linoleum,hourglass,150,2.6179938779914944,2.6176808266360507,2.8584003061615
linoleum,hourglass,150,2.6179938779914944,2.700344431687715,2.8673300165837476
linoleum,hourglass,150,2.6179938779914944,2.8254879448909302,2.894756984309223
linoleum,hourglass,150,2.6179938779914944,3.2479908151549943,2.9698941191478507
linoleum,hourglass,150,2.6179938779914944,2.5614236509758896,2.9107028957775225
linoleum,hourglass,150,2.6179938779914944,2.731343283582089,2.7881107284092357
linoleum,hourglass,150,2.6179938779914944,2.7095292766934556,2.673300165837479
linoleum,hourglass,150,2.6179938779914944,2.249138920780712,2.640387804566909
linoleum,hourglass,150,2.6179938779914944,2.795637198622273,2.71539737211379
linoleum,hourglass,150,2.6179938779914944,2.950631458094145,2.752391886720245
linoleum,hourglass,150,2.6179938779914944,2.1504018369690012,2.6912871539737213
linoleum,hourglass,-150,-2.6179938779914944,2.618828932261768,2.2626610537058296
linoleum,hourglass,-150,-2.6179938779914944,1.918484500574053,2.1830590636560787
linoleum,hourglass,-150,-2.6179938779914944,2.1699196326062,2.1877790534506953
linoleum,hourglass,-150,-2.6179938779914944,2.9977037887485647,2.2957009822681465
linoleum,hourglass,-150,-2.6179938779914944,1.4339839265212397,2.1880341880341883
linoleum,hourglass,-150,-2.6179938779914944,1.835820895522388,2.1572904707233067
linoleum,hourglass,-150,-2.6179938779914944,1.780711825487945,2.132669983416252
linoleum,hourglass,-150,-2.6179938779914944,1.1044776119402984,1.9818854445720118
linoleum,hourglass,-150,-2.6179938779914944,2.5487944890929968,2.045413955861717
linoleum,hourglass,-150,-2.6179938779914944,2.5522388059701497,2.038015052940426
linoleum,hourglass,-150,-2.6179938779914944,2.2376578645235363,2.0734787600459246
linoleum,hourglass,-150,-2.6179938779914944,3.1159586681974742,2.178594208444955
linoleum,hourglass,-150,-2.6179938779914944,2.3731343283582085,2.1091976017349148
linoleum,hourglass,-150,-2.6179938779914944,2.342135476463835,2.210103329506315
linoleum,hourglass,90,1.5707963267948966,3.0907003444316876,4.0673555300420965
linoleum,hourglass,90,1.5707963267948966,5.4959816303099895,4.185610409491007
linoleum,hourglass,90,1.5707963267948966,4.129735935706085,4.172598545732874
linoleum,hourglass,90,1.5707963267948966,3.484500574052813,4.100778160479653
linoleum,hourglass,90,1.5707963267948966,3.8920780711825484,4.0399285623166215
linoleum,hourglass,90,1.5707963267948966,4.014925373134329,4.01135348896543
linoleum,hourglass,90,1.5707963267948966,3.701492537313433,3.9663222349789513
linoleum,hourglass,90,1.5707963267948966,4.133180252583237,3.9909427222860057
linoleum,hourglass,90,1.5707963267948966,4.055109070034443,3.9997448654165075
linoleum,hourglass,90,1.5707963267948966,3.8805970149253732,4.087511162138028
linoleum,hourglass,90,1.5707963267948966,3.851894374282434,3.904834800357188
linoleum,hourglass,90,1.5707963267948966,4.010332950631458,3.891567802015563
linoleum,hourglass,90,1.5707963267948966,4.1630309988518945,3.9669600714376836
linoleum,hourglass,90,1.5707963267948966,4.105625717566016,3.990687587702513
linoleum,hourglass,90,1.5707963267948966,3.9161882893226174,3.979716800612323
linoleum,hourglass,-30,-0.5235987755982988,3.925373134328358,2.475315729047072
linoleum,hourglass,-30,-0.5235987755982988,2.6762342135476462,2.5513458349279245
linoleum,hourglass,-30,-0.5235987755982988,2.219288174512055,2.493175149891568
linoleum,hourglass,-30,-0.5235987755982988,1.9437428243398394,2.454649827784156
linoleum,hourglass,-30,-0.5235987755982988,3.0562571756601606,2.5698430922311517
linoleum,hourglass,-30,-0.5235987755982988,1.7416762342135474,2.462941701747672
linoleum,hourglass,-30,-0.5235987755982988,2.304247990815155,2.5285112897053192
linoleum,hourglass,-30,-0.5235987755982988,3.5752009184845006,2.7125908916953687
linoleum,hourglass,-30,-0.5235987755982988,2.117106773823192,2.6176808266360507
linoleum,hourglass,-30,-0.5235987755982988,2.688863375430539,2.4802908534251817
linoleum,hourglass,-30,-0.5235987755982988,2.530424799081515,2.464089807373389
linoleum,hourglass,-30,-0.5235987755982988,1.7106773823191734,2.407577497129736
linoleum,hourglass,-30,-0.5235987755982988,2.013777267508611,2.4153591019262657
linoleum,hourglass,-30,-0.5235987755982988,2.3582089552238807,2.337798188544457
linoleum,hourglass,-30,-0.5235987755982988,2.092996555683123,2.3768337798188544
linoleum,hourglass,-30,-0.5235987755982988,2.107921928817451,2.3550197729302207
linoleum,hourglass,30,0.5235987755982988,1.9552238805970148,2.6058170685036357
linoleum,hourglass,30,0.5235987755982988,2.5924225028702637,2.606327337670621
linoleum,hourglass,30,0.5235987755982988,2.295063145809414,2.539609644087256
linoleum,hourglass,30,0.5235987755982988,2.5258323765786455,2.5288939915805586
linoleum,hourglass,30,0.5235987755982988,2.338691159586682,2.611174894756984
linoleum,hourglass,30,0.5235987755982988,3.207807118254879,2.6269932389335375
linoleum,hourglass,30,0.5235987755982988,3.1090700344431683,2.6332440362291107
linoleum,hourglass,30,0.5235987755982988,2.9230769230769234,2.651231024365353
linoleum,hourglass,30,0.5235987755982988,2.7853042479908154,2.636943487689756
linoleum,hourglass,30,0.5235987755982988,2.737083811710678,2.723816813369052
linoleum,hourglass,30,0.5235987755982988,2.6946039035591274,2.7351703023344816
linoleum,hourglass,30,0.5235987755982988,3.1745120551090698,2.832886847812221
linoleum,hourglass,30,0.5235987755982988,2.6039035591274393,2.8415614236509756
linoleum,hourglass,30,0.5235987755982988,2.8794489092996556,2.901645618063528
linoleum,hourglass,30,0.5235987755982988,2.6521239954075777,2.8399030488582726
linoleum,hourglass,-90,-1.5707963267948966,2.7830080367393806,3.6706212527108044
linoleum,hourglass,-90,-1.5707963267948966,4.645235361653272,3.770123740272995
linoleum,hourglass,-90,-1.5707963267948966,3.8874856486796787,3.769103201939023
linoleum,hourglass,-90,-1.5707963267948966,3.6624569460390357,3.831100905727771
linoleum,hourglass,-90,-1.5707963267948966,4.539609644087256,3.914147212654675
linoleum,hourglass,-90,-1.5707963267948966,3.916188289322618,3.8580176042862613
linoleum,hourglass,-90,-1.5707963267948966,3.455797933409874,3.848832759280521
linoleum,hourglass,-90,-1.5707963267948966,4.1079219288174516,3.863885699706595
linoleum,hourglass,-90,-1.5707963267948966,3.205510907003444,3.80035718841689
linoleum,hourglass,-90,-1.5707963267948966,3.9448909299655566,3.929455287664243
linoleum,hourglass,-90,-1.5707963267948966,3.5912743972445464,3.8123485138410516
linoleum,hourglass,-90,-1.5707963267948966,3.8817451205510904,3.8117106773823193
linoleum,hourglass,-90,-1.5707963267948966,3.338691159586682,3.7757367011098353
linoleum,hourglass,-90,-1.5707963267948966,3.9150401836969,3.706340094399796
linoleum,hourglass,-90,-1.5707963267948966,3.5281285878300803,3.663222349789514
linoleum,hourglass,150,2.6179938779914944,3.429391504018369,2.758387549432326
linoleum,hourglass,150,2.6179938779914944,3.563719862227325,2.793468554662584
linoleum,hourglass,150,2.6179938779914944,2.3616532721010333,2.7712718458987116
linoleum,hourglass,150,2.6179938779914944,2.6842709529276694,2.766041586937109
linoleum,hourglass,150,2.6179938779914944,2.1997703788748564,2.709401709401709
linoleum,hourglass,150,2.6179938779914944,2.7853042479908154,2.7689756346472763
linoleum,hourglass,150,2.6179938779914944,2.506314580941446,2.7368286771271846
linoleum,hourglass,150,2.6179938779914944,2.9908151549942597,2.7412935323383087
linoleum,hourglass,150,2.6179938779914944,3.1733639494833525,2.8549559892843472
linoleum,hourglass,150,2.6179938779914944,2.4787600459242247,2.7493302717183314
linoleum,hourglass,150,2.6179938779914944,2.8645235361653274,2.671641791044776
linoleum,hourglass,150,2.6179938779914944,3.0264064293915043,2.7455032529659396
linoleum,hourglass,150,2.6179938779914944,2.4626865671641793,2.720882765658885
linoleum,hourglass,150,2.6179938779914944,2.6314580941446613,2.7688480673555302
linoleum,hourglass,150,2.6179938779914944,3.1354764638346726,2.807756091338181
linoleum,hourglass,-150,-2.6179938779914944,2.7014925373134324,2.3062890674830974
linoleum,hourglass,-150,-2.6179938779914944,2.104477611940298,2.342263043755581
linoleum,hourglass,-150,-2.6179938779914944,2.048220436280138,2.447123357571119
linoleum,hourglass,-150,-2.6179938779914944,2.3352468427095294,2.4233958413062893
linoleum,hourglass,-150,-2.6179938779914944,2.5499425947187144,2.423140706722796
linoleum,hourglass,-150,-2.6179938779914944,2.479908151549943,2.450057405281286
linoleum,hourglass,-150,-2.6179938779914944,2.6119402985074625,2.3940553642046183
linoleum,hourglass,-150,-2.6179938779914944,2.2123995407577497,2.376195943360122
linoleum,hourglass,-150,-2.6179938779914944,2.6119402985074625,2.4061742569205253
linoleum,hourglass,-150,-2.6179938779914944,2.765786452353616,2.4133180252583237
linoleum,hourglass,-150,-2.6179938779914944,2.2319173363949485,2.4274779946421736
linoleum,hourglass,-150,-2.6179938779914944,2.327210103329506,2.4584768465365476
linoleum,hourglass,-150,-2.6179938779914944,2.7313432835820897,2.5024875621890548
linoleum,hourglass,-150,-2.6179938779914944,1.4982778415614235,2.385635922949356
linoleum,hourglass,-150,-2.6179938779914944,2.1687715269804824,2.3510651868860823
linoleum,hourglass,90,1.5707963267948966,3.1940298507462686,3.9233320576604154
linoleum,hourglass,90,1.5707963267948966,4.6475315729047075,3.9804822043628016
linoleum,hourglass,90,1.5707963267948966,3.602755453501722,3.9302206914147217
linoleum,hourglass,90,1.5707963267948966,4.324913892078071,3.9795892333205765
linoleum,hourglass,90,1.5707963267948966,4.610792192881745,4.063911213164944
linoleum,hourglass,90,1.5707963267948966,4.073478760045925,4.070927414210996
linoleum,hourglass,90,1.5707963267948966,4.121699196326062,4.066334991708126
linoleum,hourglass,90,1.5707963267948966,4.065442020665901,4.061870136497003
linoleum,hourglass,90,1.5707963267948966,4.111366245694604,4.08355657609389
linoleum,hourglass,90,1.5707963267948966,3.483352468427095,4.115703533613981
linoleum,hourglass,90,1.5707963267948966,4.032146957520092,4.047327465237912
linoleum,hourglass,90,1.5707963267948966,4.101033295063146,4.102691669855848
linoleum,hourglass,90,1.5707963267948966,2.8668197474167623,3.9406812093379253
linoleum,hourglass,90,1.5707963267948966,3.8220436280137773,3.8530424799081513
linoleum,hourglass,90,1.5707963267948966,3.7393800229621124,3.8159203980099505
linoleum,hourglass,-30,-0.5235987755982988,4.119402985074626,2.4154866692180126
linoleum,hourglass,-30,-0.5235987755982988,3.3800229621125144,2.5558106901390483
linoleum,hourglass,-30,-0.5235987755982988,1.987370838117107,2.4778670748820004
linoleum,hourglass,-30,-0.5235987755982988,2.195177956371986,2.4406174256920523
linoleum,hourglass,-30,-0.5235987755982988,1.7738231917336393,2.4476336267381043
linoleum,hourglass,-30,-0.5235987755982988,2.8530424799081513,2.54088531700472
linoleum,hourglass,-30,-0.5235987755982988,2.1595866819747416,2.5188161755325935
linoleum,hourglass,-30,-0.5235987755982988,2.3272101033295063,2.544839903048858
linoleum,hourglass,-30,-0.5235987755982988,2.5591274397244548,2.594973848705192
linoleum,hourglass,-30,-0.5235987755982988,1.880597014925373,2.3462176297997193
linoleum,hourglass,-30,-0.5235987755982988,2.647531572904707,2.264829697665518
linoleum,hourglass,-30,-0.5235987755982988,2.7703788748564873,2.351830590636561
linoleum,hourglass,-30,-0.5235987755982988,1.6877152698048221,2.2954458476846535
linoleum,hourglass,-30,-0.5235987755982988,2.4695752009184844,2.37275162648297
linoleum,hourglass,-30,-0.5235987755982988,2.5212399540757753,2.3358846791682613
linoleum,hourglass,30,0.5235987755982988,1.788748564867968,2.6932006633499173
linoleum,hourglass,30,0.5235987755982988,2.7129735935706085,2.6698558489603266
linoleum,hourglass,30,0.5235987755982988,2.4684270952927667,2.634647276438321
linoleum,hourglass,30,0.5235987755982988,2.747416762342136,2.6357953820640385
linoleum,hourglass,30,0.5235987755982988,2.1469575200918487,2.5749457839010077
linoleum,hourglass,30,0.5235987755982988,2.526980482204363,2.50299783135604
linoleum,hourglass,30,0.5235987755982988,2.7566016073478763,2.519964281158311
linoleum,hourglass,30,0.5235987755982988,2.579793340987371,2.486669218012502
linoleum,hourglass,30,0.5235987755982988,2.8553386911595866,2.509248628651614
linoleum,hourglass,30,0.5235987755982988,2.8427095292766933,2.6263554024748057
linoleum,hourglass,30,0.5235987755982988,2.4270952927669343,2.594591146829953
linoleum,hourglass,30,0.5235987755982988,2.7841561423650973,2.6296721520602118
linoleum,hourglass,30,0.5235987755982988,2.17451205510907,2.56601607347876
linoleum,hourglass,30,0.5235987755982988,1.8300803673938,2.5308075009567546
linoleum,hourglass,30,0.5235987755982988,2.7795637198622276,2.558872305140962
linoleum,hourglass,-90,-1.5707963267948966,3.4029850746268657,3.6573542543691797
linoleum,hourglass,-90,-1.5707963267948966,4.8748564867967845,3.7425692052557724
linoleum,hourglass,-90,-1.5707963267948966,4.097588978185993,3.841688990942722
linoleum,hourglass,-90,-1.5707963267948966,3.858783008036739,3.832121444061743
linoleum,hourglass,-90,-1.5707963267948966,4.355912743972445,3.9170812603648417
linoleum,hourglass,-90,-1.5707963267948966,2.8828932261768085,3.806097716545478
linoleum,hourglass,-90,-1.5707963267948966,3.657864523536165,3.8415614236509756
linoleum,hourglass,-90,-1.5707963267948966,3.5304247990815156,3.7988263809159326
linoleum,hourglass,-90,-1.5707963267948966,4.223880597014925,3.8761321597142486
linoleum,hourglass,-90,-1.5707963267948966,3.762342135476464,3.9160607220308714
linoleum,hourglass,-90,-1.5707963267948966,3.4420206659012633,3.7568567419313683
linoleum,hourglass,-90,-1.5707963267948966,3.1067738231917335,3.6467661691542284
linoleum,hourglass,-90,-1.5707963267948966,3.755453501722158,3.635285112897053
linoleum,hourglass,-90,-1.5707963267948966,3.3455797933409874,3.5230258961602243
linoleum,hourglass,-90,-1.5707963267948966,3.57060849598163,3.599438703916316
linoleum,hourglass,150,2.6179938779914944,3.8576349024110215,2.9579027937236892
linoleum,hourglass,150,2.6179938779914944,5.702640642939151,3.259216736828677
linoleum,hourglass,150,2.6179938779914944,2.205510907003444,3.1516775098864653
linoleum,hourglass,150,2.6179938779914944,2.1630309988518945,3.116596504656206
linoleum,hourglass,150,2.6179938779914944,2.2789896670493683,3.051537185865544
linoleum,hourglass,150,2.6179938779914944,2.7072330654420202,3.0160734787600463
linoleum,hourglass,150,2.6179938779914944,2.812858783008037,3.054981502742697
linoleum,hourglass,150,2.6179938779914944,2.244546498277842,3.011991325424161
linoleum,hourglass,150,2.6179938779914944,3.1779563719862227,3.016711315218778
linoleum,hourglass,150,2.6179938779914944,2.9552238805970146,2.9164434239061108
linoleum,hourglass,150,2.6179938779914944,2.524684270952928,2.563337160352086
linoleum,hourglass,150,2.6179938779914944,2.8025258323765785,2.6296721520602118
linoleum,hourglass,150,2.6179938779914944,2.1607347876004592,2.629417017476719
linoleum,hourglass,150,2.6179938779914944,2.322617680826636,2.634264574563082
linoleum,hourglass,-150,-2.6179938779914944,3.3834672789896665,2.436790406939661
linoleum,hourglass,-150,-2.6179938779914944,3.256027554535017,2.5527490751371347
linoleum,hourglass,-150,-2.6179938779914944,2.048220436280138,2.490113534889654
linoleum,hourglass,-150,-2.6179938779914944,2.4822043628013777,2.4586044138282945
linoleum,hourglass,-150,-2.6179938779914944,1.3030998851894375,2.35540247480546
linoleum,hourglass,-150,-2.6179938779914944,3.2365097588978187,2.4564357698686052
linoleum,hourglass,-150,-2.6179938779914944,2.444316877152698,2.4245439469320065
linoleum,hourglass,-150,-2.6179938779914944,2.316877152698048,2.5154994259471875
linoleum,hourglass,-150,-2.6179938779914944,2.9621125143513205,2.6036484245439464
linoleum,hourglass,-150,-2.6179938779914944,1.6555683122847304,2.4116596504656207
linoleum,hourglass,-150,-2.6179938779914944,2.7026406429391505,2.3501722158438576
linoleum,hourglass,-150,-2.6179938779914944,3.00459242250287,2.4564357698686057
linoleum,hourglass,-150,-2.6179938779914944,2.0424799081515497,2.407577497129736
linoleum,hourglass,-150,-2.6179938779914944,2.6991963260619976,2.5626993238933538
linoleum,hourglass,-150,-2.6179938779914944,2.615384615384616,2.493685419058553
linoleum,hourglass,-150,-2.6179938779914944,2.57060849598163,2.507717821150657
linoleum,hourglass,90,1.5707963267948966,2.4041331802525834,3.625079729557341
linoleum,hourglass,90,1.5707963267948966,4.974741676234213,3.7261130246204868
linoleum,hourglass,90,1.5707963267948966,3.824339839265213,3.694221201683888
linoleum,hourglass,90,1.5707963267948966,4.278989667049369,3.7826253348641408
linoleum,hourglass,90,1.5707963267948966,4.423650975889782,3.826125781349662
linoleum,hourglass,90,1.5707963267948966,4.053960964408726,3.8208955223880596
linoleum,hourglass,90,1.5707963267948966,4.345579793340987,3.9852021941574183
linoleum,hourglass,90,1.5707963267948966,4.185993111366246,4.0256410256410255
linoleum,hourglass,90,1.5707963267948966,4.114810562571757,4.067355530042097
linoleum,hourglass,90,1.5707963267948966,4.385763490241102,4.287536675596377
linoleum,hourglass,90,1.5707963267948966,4.050516647531572,4.184845005740528
linoleum,hourglass,90,1.5707963267948966,4.020665901262916,4.206659012629162
linoleum,hourglass,90,1.5707963267948966,2.8140068886337546,4.043883148360759
linoleum,hourglass,90,1.5707963267948966,3.6911595866819744,3.9624952162265594
linoleum,hourglass,-30,-0.5235987755982988,4.227324913892079,2.565633371603521
linoleum,hourglass,-30,-0.5235987755982988,4.809414466130884,2.8414338563592296
linoleum,hourglass,-30,-0.5235987755982988,1.902411021814007,2.768465365480291
linoleum,hourglass,-30,-0.5235987755982988,2.252583237657865,2.8097971680061233
linoleum,hourglass,-30,-0.5235987755982988,2.244546498277842,2.7650210486031384
linoleum,hourglass,-30,-0.5235987755982988,2.7347876004592417,2.761066462559
linoleum,hourglass,-30,-0.5235987755982988,2.6176808266360503,2.8643959688735814
linoleum,hourglass,-30,-0.5235987755982988,2.7669345579793343,2.897435897435898
linoleum,hourglass,-30,-0.5235987755982988,2.5017221584385765,2.8952672534762085
linoleum,hourglass,-30,-0.5235987755982988,2.3260619977037886,2.6840158183441765
linoleum,hourglass,-30,-0.5235987755982988,2.729047072330655,2.4528638856997067
linoleum,hourglass,-30,-0.5235987755982988,2.486796785304248,2.5177956371986223
linoleum,hourglass,-30,-0.5235987755982988,1.8909299655568312,2.477611940298507
linoleum,hourglass,-30,-0.5235987755982988,2.422502870264064,2.4973848705191988
linoleum,hourglass,-30,-0.5235987755982988,2.0849598163031002,2.4251817833907388
grass,straight,0,0.0,9.223880597014924,9.223880597014924
grass,straight,0,0.0,6.8231917336394945,8.02353616532721
grass,straight,0,0.0,5.239954075774971,7.095675468809797
grass,straight,0,0.0,5.1768082663605055,6.615958668197473
grass,straight,0,0.0,3.9035591274397246,6.073478760045925
grass,straight,0,0.0,4.39150401836969,5.793149636433218
grass,straight,0,0.0,4.285878300803674,5.5778251599147115
grass,straight,0,0.0,3.8760045924225026,5.365097588978186
grass,straight,0,0.0,3.4477611940298507,5.152060211761704
grass,straight,0,0.0,3.3191733639494836,4.495981630309988
grass,straight,0,0.0,3.1377726750861075,4.086490623804057
grass,straight,0,0.0,2.752009184845006,3.810052302589616
grass,straight,0,0.0,2.9058553386911594,3.557724199515244
grass,straight,0,0.0,3.7393800229621124,3.5394820767955095
grass,straight,0,0.0,2.895522388059702,3.3732618956499554
grass,straight,0,0.0,3.1205510907003444,3.243781094527363
grass,straight,0,0.0,3.529276693455798,3.2052557724199513
grass,straight,0,0.0,2.907003444316877,3.1451715780073988
grass,straight,0,0.0,3.5373134328358207,3.169409363439214
grass,straight,0,0.0,2.815154994259472,3.133562954458477
grass,straight,-180,-3.141592653589793,2.916188289322618,2.916188289322618
grass,straight,-180,-3.141592653589793,4.660160734787601,3.788174512055109
grass,straight,-180,-3.141592653589793,3.206659012629162,3.59433601224646
grass,straight,-180,-3.141592653589793,3.7301951779563716,3.628300803673938
grass,straight,-180,-3.141592653589793,3.622273249138921,3.627095292766934
grass,straight,-180,-3.141592653589793,3.1836969001148105,3.553195560658247
grass,straight,-180,-3.141592653589793,3.87256027554535,3.598819091356405
grass,straight,-180,-3.141592653589793,3.3949483352468426,3.5733352468427095
grass,straight,-180,-3.141592653589793,3.154994259471871,3.526852914912616
grass,straight,-180,-3.141592653589793,3.755453501722158,3.620104605179232
grass,straight,-180,-3.141592653589793,3.242250287026407,3.462558999872433
grass,straight,-180,-3.141592653589793,3.490241102181401,3.4940681209337927
grass,straight,-180,-3.141592653589793,2.9598163030998856,3.4084704681719606
grass,straight,-180,-3.141592653589793,3.8254879448909294,3.4310498788110726
grass,straight,-180,-3.141592653589793,3.8794489092996556,3.5083556576093886
grass,straight,-180,-3.141592653589793,3.7910447761194024,3.4992983798953947
grass,straight,-180,-3.141592653589793,4.055109070034443,3.5726495726495724
grass,straight,-180,-3.141592653589793,4.3076923076923075,3.7007271335629546
grass,straight,-180,-3.141592653589793,3.3547646383467282,3.6562061487434625
grass,straight,-180,-3.141592653589793,3.5556831228473023,3.691032019390228
grass,straight,0,0.0,0.20551090700344432,2.85061870136497
grass,straight,0,0.0,5.38691159586682,3.1262916188289323
grass,straight,0,0.0,4.343283582089552,3.193392014287537
grass,straight,0,0.0,3.879448909299655,3.3027171833141984
grass,straight,0,0.0,3.1343283582089554,3.3042479908151545
grass,straight,0,0.0,3.7267508610792195,3.3261895649955355
grass,straight,0,0.0,2.8725602755453505,3.322362546243143
grass,straight,0,0.0,2.1090700344431683,3.1636688353106264
grass,straight,0,0.0,3.4328358208955225,3.2323000382701874
grass,straight,0,0.0,2.8932261768082665,3.5309350682485015
grass,straight,0,0.0,2.904707233065442,3.2551345834927923
grass,straight,0,0.0,3.401836969001148,3.1505294042607472
grass,straight,0,0.0,3.723306544202067,3.1331802525832377
grass,straight,0,0.0,3.329506314580941,3.1548666921801254
grass,straight,0,0.0,2.703788748564868,3.0412042352340856
grass,straight,0,0.0,3.2537313432835817,3.0835565760938892
grass,straight,0,0.0,3.0436280137772673,3.1873963515754564
grass,straight,0,0.0,3.2858783008036743,3.1710677382319172
grass,straight,0,0.0,3.616532721010332,3.251435132032147
grass,straight,-180,-3.141592653589793,3.383467278989667,3.6791682612578134
grass,straight,-180,-3.141592653589793,6.253731343283582,4.045158821278225
grass,straight,-180,-3.141592653589793,3.6176808266360503,4.022069141472127
grass,straight,-180,-3.141592653589793,2.8174512055109067,3.90406939660671
grass,straight,-180,-3.141592653589793,3.34902411021814,3.8549559892843472
grass,straight,-180,-3.141592653589793,3.2284730195177955,3.763107539226942
grass,straight,-180,-3.141592653589793,3.936854190585534,3.7219033039928564
grass,straight,-180,-3.141592653589793,3.1481056257175655,3.6989411914785046
grass,straight,-180,-3.141592653589793,3.4454649827784154,3.6866947314708503
grass,straight,-180,-3.141592653589793,3.1366245694603903,3.659267763745375
grass,straight,-180,-3.141592653589793,3.3696900114810564,3.338818726878428
grass,straight,-180,-3.141592653589793,3.3949483352468426,3.314070672279627
grass,straight,-180,-3.141592653589793,3.253731343283582,3.362546243143258
grass,straight,-180,-3.141592653589793,3.2123995407577497,3.3473657354254365
grass,straight,-180,-3.141592653589793,3.656716417910448,3.3949483352468426
grass,straight,-180,-3.141592653589793,3.858783008036739,3.386273759408088
grass,straight,-180,-3.141592653589793,4.284730195177957,3.51256537823702
grass,straight,-180,-3.141592653589793,4.181400688863376,3.59433601224646
grass,straight,-180,-3.141592653589793,3.351320321469575,3.6181910958030365
grass,straight,-180,-3.141592653589793,3.587830080367394,3.6424288812348515
grass,straight,-180,-3.141592653589793,3.6257175660160734,3.6680699068758766
grass,straight,0,0.0,2.587830080367394,3.216226559510142
grass,straight,0,0.0,3.971297359357061,3.279499936216354
grass,straight,0,0.0,3.7416762342135477,3.281541012884296
grass,straight,0,0.0,3.300803673938003,3.278351830590637
grass,straight,0,0.0,3.6532721010332945,3.3838499808649063
grass,straight,0,0.0,3.747416762342136,3.438703916315857
grass,straight,0,0.0,3.4557979334098734,3.4845005740528125
grass,straight,0,0.0,3.163030998851894,3.470850873835948
grass,straight,0,0.0,2.5464982778415615,3.351958157928307
grass,straight,0,0.0,2.896670493685419,3.3862737594080876
grass,straight,0,0.0,2.618828932261768,3.235999489730833
grass,straight,0,0.0,2.5246842709529274,3.100778160479653
grass,straight,0,0.0,3.1928817451205513,3.0887868350554917
grass,straight,0,0.0,3.3949483352468426,3.0600841944125525
grass,straight,0,0.0,3.07577497129736,2.9854573287409107
grass,straight,0,0.0,3.431687715269805,2.9827784156142365
grass,straight,0,0.0,3.2319173363949485,2.9904324531190203
grass,straight,0,0.0,2.8714121699196324,3.0265339966832503
grass,straight,0,0.0,3.35361653272101,3.077305778798316
grass,straight,-180,-3.141592653589793,3.493685419058553,3.694731470850874
grass,straight,-180,-3.141592653589793,4.670493685419058,3.8567419313687967
grass,straight,-180,-3.141592653589793,3.701492537313433,3.8617170557469063
grass,straight,-180,-3.141592653589793,3.840413318025258,3.859675979078964
grass,straight,-180,-3.141592653589793,3.3076923076923075,3.7511162138027814
grass,straight,-180,-3.141592653589793,3.8507462686567164,3.7143768337798186
grass,straight,-180,-3.141592653589793,3.6532721010332954,3.7479270315091213
grass,straight,-180,-3.141592653589793,3.2330654420206657,3.708508738359485
grass,straight,-180,-3.141592653589793,3.587830080367394,3.7042990177318535
grass,straight,-180,-3.141592653589793,3.3857634902411022,3.6923076923076925
grass,straight,-180,-3.141592653589793,3.2020665901262917,3.5291491261640515
grass,straight,-180,-3.141592653589793,3.0574052812858787,3.4575838754943238
grass,straight,-180,-3.141592653589793,3.73593570608496,3.445975251945401
grass,straight,-180,-3.141592653589793,3.8840413318025258,3.510014032402092
grass,straight,-180,-3.141592653589793,3.5912743972445464,3.4811838244674065
grass,straight,-180,-3.141592653589793,4.153846153846153,3.5368031636688353
grass,straight,-180,-3.141592653589793,4.299655568312285,3.6553131777012373
grass,straight,-180,-3.141592653589793,3.3008036739380024,3.6234213547646386
grass,straight,-180,-3.141592653589793,3.09414466130884,3.5910192626610535
grass,straight,-180,-3.141592653589793,3.6153846153846154,3.6369434876897566
grass,straight,-180,-3.141592653589793,1.6314580941446613,3.4785049113407323
grass,straight,-180,-3.141592653589793,5.3972445464982775,3.6630947824977675
grass,straight,-180,-3.141592653589793,3.7393800229621124,3.6470213037377217
grass,straight,-180,-3.141592653589793,3.6280137772675087,3.651103457073606
grass,straight,-180,-3.141592653589793,3.90585533869116,3.6235489220563846
grass,straight,-180,-3.141592653589793,4.34443168771527,3.628524046434494
grass,straight,-180,-3.141592653589793,3.548794489092996,3.656078581451715
grass,straight,-180,-3.141592653589793,3.3122847301951777,3.680316366883531
grass,straight,-180,-3.141592653589793,3.969001148105626,3.7196070927414207
grass,straight,-180,-3.141592653589793,2.8300803673938004,3.852787345324659
grass,straight,-180,-3.141592653589793,2.8920780711825484,3.5744355147340223
grass,straight,-180,-3.141592653589793,3.2192881745120556,3.516647531572905
grass,straight,-180,-3.141592653589793,2.8828932261768085,3.4338563592294937
grass,straight,-180,-3.141592653589793,4.010332950631458,3.445464982778416
grass,straight,-180,-3.141592653589793,3.5740528128587834,3.3598673300165833
grass,straight,-180,-3.141592653589793,3.920780711825488,3.4011991325424162
grass,straight,-180,-3.141592653589793,3.1699196326062,3.385380788365863
grass,straight,-180,-3.141592653589793,3.497129735935706,3.3329506314580946
grass,straight,-180,-3.141592653589793,3.913892078071183,3.453374154866692
grass,straight,-180,-3.141592653589793,3.436280137772675,3.5138410511544844
grass,straight,0,0.0,4.175660160734788,3.2502870264064296
grass,straight,0,0.0,3.2135476463834673,3.3268274014542674
grass,straight,0,0.0,3.400688863375431,3.349917081260365
grass,straight,0,0.0,3.2755453501722154,3.3366500829187395
grass,straight,0,0.0,3.1228473019517793,3.341880341880342
grass,straight,0,0.0,3.3375430539609643,3.331419823957137
grass,straight,0,0.0,2.5648679678530426,3.257303227452481
grass,straight,0,0.0,3.663605051664753,3.3453246587574945
grass,straight,0,0.0,3.404133180252583,3.350937619594336
grass,straight,0,0.0,3.869115958668197,3.3168771526980483
grass,straight,0,0.0,2.7669345579793343,3.2672534762086998
grass,straight,0,0.0,3.1354764638346726,3.237785431815282
grass,straight,0,0.0,4.227324913892078,3.343538716673045
grass,straight,0,0.0,2.8760045924225026,3.31611174894757
grass,straight,0,0.0,3.6291618828932255,3.3485138410511546
grass,straight,0,0.0,3.260619977037887,3.4258196198494706
grass,straight,0,0.0,2.8645235361653274,3.3370327847939785
grass,straight,0,0.0,2.8978185993111367,3.280775609133818
grass,straight,0,0.0,2.7646383467278994,3.1580558744737846
grass,straight,0,0.0,2.772675086107922,3.158693710932517
grass,straight,-180,-3.141592653589793,2.0390355912743976,3.3827018752391886
grass,straight,-180,-3.141592653589793,3.586681974741676,3.4609006250797294
grass,straight,-180,-3.141592653589793,3.489092996555683,3.4029850746268657
grass,straight,-180,-3.141592653589793,3.6303099885189436,3.409235871922439
grass,straight,-180,-3.141592653589793,2.974741676234214,3.3041204235234085
grass,straight,-180,-3.141592653589793,3.9380022962112515,3.3894629417017477
grass,straight,-180,-3.141592653589793,4.0,3.4453374154866694
grass,straight,-180,-3.141592653589793,3.3823191733639493,3.3862737594080876
grass,straight,-180,-3.141592653589793,3.725602755453502,3.41842071692818
grass,straight,-180,-3.141592653589793,3.072330654420207,3.5332312794999363
grass,straight,-180,-3.141592653589793,3.1814006888633752,3.4882000255134584
grass,straight,-180,-3.141592653589793,3.3122847301951777,3.468554662584513
grass,straight,-180,-3.141592653589793,3.2812858783008036,3.4297742058936094
grass,straight,-180,-3.141592653589793,2.6486796785304247,3.3935450950376325
grass,straight,-180,-3.141592653589793,3.57060849598163,3.3527235616787854
grass,straight,-180,-3.141592653589793,3.5373134328358216,3.3013139431049883
grass,straight,-180,-3.141592653589793,3.4580941446613087,3.3097333843602503
grass,straight,-180,-3.141592653589793,2.5935706084959813,3.183952034698303
grass,straight,-180,-3.141592653589793,3.5407577497129736,3.235999489730833
grass,straight,-180,-3.141592653589793,3.210103329506315,3.239188672024493
grass,straight,0,0.0,3.6865671641791047,3.219926010970787
grass,straight,0,0.0,3.198622273249139,3.105625717566016
grass,straight,0,0.0,3.1607347876004592,3.137262405919122
grass,straight,0,0.0,3.149253731343284,3.0839392779691286
grass,straight,0,0.0,3.200918484500574,3.0773057787983165
grass,straight,0,0.0,3.463834672789897,3.1438959050899355
grass,straight,0,0.0,2.8794489092996556,3.1418548284219927
grass,straight,0,0.0,3.4890929965556827,3.2223497895139688
grass,straight,0,0.0,3.215843857634902,3.2715907641280775
grass,straight,0,0.0,3.060849598163031,3.2020665901262917
grass,straight,0,0.0,2.8323765786452353,3.1613726240591915
grass,straight,0,0.0,3.2686567164179103,3.1733639494833525
grass,straight,0,0.0,3.570608495981631,3.22018114555428
grass,straight,0,0.0,3.6130884041331806,3.265977803291236
grass,straight,0,0.0,2.8381171067738236,3.19645362928945
grass,straight,0,0.0,2.2824339839265213,3.130118637581324
grass,straight,0,0.0,2.513203214695752,3.021686439596887
grass,straight,0,0.0,2.9230769230769234,2.989156780201556
grass,straight,0,0.0,2.7439724454649825,2.953948207679551
grass,straight,0,0.0,2.9575200918484494,2.9678530424799083
grass,straight,-180,-3.141592653589793,2.0815154994259473,3.1024365352723557
grass,straight,-180,-3.141592653589793,4.157290470723306,3.1997703788748564
grass,straight,-180,-3.141592653589793,3.328358208955224,3.275290215588723
grass,straight,-180,-3.141592653589793,3.79678530424799,3.300420972062763
grass,straight,-180,-3.141592653589793,3.0378874856486795,3.2449292001530807
grass,straight,-180,-3.141592653589793,2.9908151549942597,3.1930093124122974
grass,straight,-180,-3.141592653589793,4.010332950631458,3.3504273504273505
grass,straight,-180,-3.141592653589793,3.9678530424799088,3.3978823829570097
grass,straight,-180,-3.141592653589793,2.8668197474167623,3.3597397627248373
grass,straight,-180,-3.141592653589793,3.7072330654420207,3.5403750478377343
grass,straight,-180,-3.141592653589793,3.9931113662456945,3.5221329251179996
grass,straight,-180,-3.141592653589793,3.17451205510907,3.5050389080239825
grass,straight,-180,-3.141592653589793,3.5143513203214694,3.473657354254369
grass,straight,-180,-3.141592653589793,3.497129735935706,3.5246842709529274
grass,straight,-180,-3.141592653589793,3.6739380022962114,3.6005868095420337
grass,straight,-180,-3.141592653589793,3.7910447761194033,3.5762214568184714
grass,straight,-180,-3.141592653589793,3.722158438576349,3.548922056384743
grass,straight,-180,-3.141592653589793,3.750861079219288,3.647148871029468
grass,straight,-180,-3.141592653589793,3.4477611940298507,3.618318663094783
grass,straight,0,0.0,4.012629161882892,3.050516647531573
grass,straight,0,0.0,3.807118254879449,3.07679550963133
grass,straight,0,0.0,3.2835820895522385,3.0401836969001144
grass,straight,0,0.0,3.095292766934558,3.0687587702513075
grass,straight,0,0.0,3.6349024110218147,3.2190330399285623
grass,straight,0,0.0,2.7014925373134324,3.239954075774971
grass,straight,0,0.0,3.311136624569461,3.283071820385253
grass,straight,0,0.0,2.994259471871412,3.3108814899859675
grass,straight,0,0.0,3.18369690011481,3.3360122464600073
grass,straight,0,0.0,2.5350172215843854,3.1718331419823955
grass,straight,0,0.0,3.1917336394948332,3.103457073606327
grass,straight,0,0.0,2.7738231917336393,3.0468171960709274
grass,straight,0,0.0,2.0103329506314584,2.926266105370583
grass,straight,0,0.0,2.2675086107921927,2.7743334609006247
grass,straight,0,0.0,2.6406429391504016,2.767572394438066
grass,straight,0,0.0,2.5476463834672787,2.6827401454267124
grass,straight,0,0.0,2.986222732491389,2.6818471743844876
grass,straight,0,0.0,3.4179104477611943,2.7078709019007525
grass,straight,0,0.0,2.975889781859931,2.7568567419313688
grass,straight,0,0.0,2.826636050516648,2.716290343156015
grass,square,0,0.0,5.247990815154994,5.247990815154994
grass,square,0,0.0,5.234213547646384,5.241102181400689
grass,square,0,0.0,4.856486796785304,5.11289705319556
grass,square,0,0.0,3.47646383467279,4.703788748564868
grass,square,0,0.0,3.8117106773823197,4.525373134328358
grass,square,0,0.0,3.404133180252583,4.338499808649062
grass,square,0,0.0,3.7072330654420202,4.24831884533377
grass,square,0,0.0,3.4626865671641793,4.150114810562572
grass,square,0,0.0,2.892078071182549,4.010332950631458
grass,square,0,0.0,3.145809414466131,3.7767572394438065
grass,square,0,0.0,3.339839265212399,3.566271208062253
grass,square,0,0.0,2.9334098737083814,3.3525959943870394
grass,square,0,0.0,2.7095292766934556,3.2673810435004462
grass,square,0,0.0,2.925373134328358,3.168899094272229
grass,square,0,0.0,2.840413318025258,3.106263554024748
grass,square,0,0.0,3.0562571756601606,3.033932899604541
grass,square,0,0.0,3.1182548794489096,2.9956627120806223
grass,square,0,0.0,3.708381171067739,3.08636305651231
grass,square,0,0.0,3.2032146957520093,3.09274142109963
grass,square,0,0.0,3.040183696900115,3.0594463579538207
grass,square,90,1.5707963267948966,2.5648679678530426,2.5648679678530426
grass,square,90,1.5707963267948966,10.624569460390356,6.594718714121699
grass,square,90,1.5707963267948966,12.313432835820896,8.500956754688099
grass,square,90,1.5707963267948966,13.621125143513204,9.780998851894374
grass,square,90,1.5707963267948966,12.886337543053962,10.402066590126292
grass,square,90,1.5707963267948966,12.194029850746267,10.700727133562955
grass,square,90,1.5707963267948966,11.312284730195177,10.788092504510415
grass,square,90,1.5707963267948966,10.983926521239955,10.812571756601608
grass,square,90,1.5707963267948966,11.019517795637197,10.835565760938895
grass,square,90,1.5707963267948966,10.554535017221584,11.723306544202067
grass,square,90,1.5707963267948966,10.562571756601606,11.716417910447761
grass,square,90,1.5707963267948966,11.323765786452354,11.606454904962368
grass,square,90,1.5707963267948966,10.939150401836967,11.308457711442786
grass,square,90,1.5707963267948966,10.305396096440871,11.021686439596886
grass,square,90,1.5707963267948966,11.71182548794489,10.968108177063401
grass,square,90,1.5707963267948966,11.14580941446613,10.949610919760174
grass,square,90,1.5707963267948966,11.008036739380024,10.952289832886848
grass,square,90,1.5707963267948966,11.261768082663606,10.979206531445337
grass,square,90,1.5707963267948966,11.025258323765787,11.03150912106136
grass,square,-180,-3.141592653589793,9.863375430539609,9.863375430539609
grass,square,-180,-3.141592653589793,6.605051664753158,8.234213547646384
grass,square,-180,-3.141592653589793,6.1940298507462686,7.554152315346346
grass,square,-180,-3.141592653589793,5.177956371986222,6.960103329506314
grass,square,-180,-3.141592653589793,4.966704936854192,6.56142365097589
grass,square,-180,-3.141592653589793,3.8668197474167627,6.112323000382702
grass,square,-180,-3.141592653589793,3.486796785304248,5.737247826800066
grass,square,-180,-3.141592653589793,4.198622273249139,5.5449196326062
grass,square,-180,-3.141592653589793,3.3788748564867963,5.3042479908151545
grass,square,-180,-3.141592653589793,3.570608495981631,4.605051664753158
grass,square,-180,-3.141592653589793,3.388059701492537,4.247608113279755
grass,square,-180,-3.141592653589793,3.9667049368541907,4.000127567291746
grass,square,-180,-3.141592653589793,3.656716417910448,3.831100905727771
grass,square,-180,-3.141592653589793,3.5970149253731343,3.678913126674321
grass,square,-180,-3.141592653589793,3.6923076923076925,3.6595228983288686
grass,square,-180,-3.141592653589793,3.9299655568312284,3.7087638729429773
grass,square,-180,-3.141592653589793,3.9850746268656714,3.6850363566781477
grass,square,-180,-3.141592653589793,4.039035591274397,3.758387549432326
grass,square,-180,-3.141592653589793,3.4603903559127445,3.7461410894246714
grass,square,-180,-3.141592653589793,4.011481056257176,3.8154101288429647
grass,square,-180,-3.141592653589793,3.916188289322618,3.809797168006123
grass,square,-90,-1.5707963267948966,3.164179104477612,3.164179104477612
grass,square,-90,-1.5707963267948966,6.999999999999999,5.082089552238806
grass,square,-90,-1.5707963267948966,11.439724454649829,7.2013011863758125
grass,square,-90,-1.5707963267948966,12.568312284730194,8.543053960964409
grass,square,-90,-1.5707963267948966,11.741676234213548,9.182778415614237
grass,square,-90,-1.5707963267948966,11.57979334098737,9.582280903176425
grass,square,-90,-1.5707963267948966,10.106773823191734,9.65720846317861
grass,square,-90,-1.5707963267948966,10.582089552238804,9.772818599311137
grass,square,-90,-1.5707963267948966,10.82548794489093,9.889781859931112
grass,square,-90,-1.5707963267948966,10.431687715269804,10.697282816685801
grass,square,-90,-1.5707963267948966,10.610792192881746,11.098481949228217
grass,square,-90,-1.5707963267948966,10.832376578645233,11.030998851894374
grass,square,-90,-1.5707963267948966,10.053960964408727,10.751626482969767
grass,square,-90,-1.5707963267948966,10.276693455797934,10.588850618701365
grass,square,-90,-1.5707963267948966,10.504018369690012,10.469320066334992
grass,square,-90,-1.5707963267948966,10.740528128587831,10.539737211379004
grass,square,-90,-1.5707963267948966,9.933409873708383,10.467661691542288
grass,square,-90,-1.5707963267948966,10.402985074626866,10.420716928179615
grass,square,-90,-1.5707963267948966,10.267508610792193,10.402474805459882
grass,square,0,0.0,9.045924225028703,3.7386146192116345
grass,square,0,0.0,8.610792192881744,4.394310498788111
grass,square,0,0.0,8.520091848450058,5.015945911468299
grass,square,0,0.0,5.535017221584385,5.315346345197091
grass,square,0,0.0,4.373134328358209,5.461666028830208
grass,square,0,0.0,4.877152698048221,5.657099119785688
grass,square,0,0.0,2.983926521239954,5.57660415869371
grass,square,0,0.0,4.12284730195178,5.678785559382574
grass,square,0,0.0,4.491389207807118,5.840030616150019
grass,square,0,0.0,4.024110218140069,5.282051282051282
grass,square,0,0.0,3.0424799081515506,4.66334991708126
grass,square,0,0.0,2.340987370838117,3.9767827529021553
grass,square,0,0.0,2.6371986222732486,3.6548029085342524
grass,square,0,0.0,2.579793340987371,3.4555427988263805
grass,square,0,0.0,3.107921928817451,3.2589616022451846
grass,square,0,0.0,3.4477611940298507,3.3104987881107286
grass,square,0,0.0,3.490241102181401,3.240209210358464
grass,square,0,0.0,3.336394948335247,3.1118765148615894
grass,square,0,0.0,2.9402985074626864,2.991452991452991
grass,square,0,0.0,2.8461538461538463,2.9696389845643574
grass,square,90,1.5707963267948966,2.6796785304247988,10.155632095930605
grass,square,90,1.5707963267948966,4.041331802525833,9.346472764383213
grass,square,90,1.5707963267948966,11.153846153846153,9.370327847939787
grass,square,90,1.5707963267948966,12.451205510907002,9.608751116213803
grass,square,90,1.5707963267948966,12.156142365097589,9.65811965811966
grass,square,90,1.5707963267948966,10.823191733639497,9.622273249138921
grass,square,90,1.5707963267948966,10.812858783008036,9.600586809542033
grass,square,90,1.5707963267948966,10.917336394948336,9.562316622018114
grass,square,90,1.5707963267948966,11.276693455797934,9.590253858910577
grass,square,90,1.5707963267948966,11.792192881745121,10.602755453501722
grass,square,90,1.5707963267948966,11.0195177956372,11.378109452736318
grass,square,90,1.5707963267948966,11.072330654420206,11.369052175022325
grass,square,90,1.5707963267948966,11.202066590126291,11.230258961602246
grass,square,90,1.5707963267948966,11.128587830080367,11.11608623548922
grass,square,90,1.5707963267948966,11.234213547646384,11.16175532593443
grass,square,90,1.5707963267948966,10.502870264064294,11.127312157162903
grass,square,90,1.5707963267948966,10.867967853042481,11.12182676361781
grass,square,90,1.5707963267948966,10.166475315729048,10.998469192499043
grass,square,90,1.5707963267948966,11.02411021814007,10.913126674320702
grass,square,90,1.5707963267948966,11.56601607347876,10.973848705191989
grass,square,-180,-3.141592653589793,10.857634902411023,4.6098992218395205
grass,square,-180,-3.141592653589793,5.82089552238806,4.85699706595229
grass,square,-180,-3.141592653589793,5.506314580941446,5.058553386911596
grass,square,-180,-3.141592653589793,5.88174512055109,5.27541778288047
grass,square,-180,-3.141592653589793,4.896670493685419,5.3767062125271075
grass,square,-180,-3.141592653589793,4.732491389207807,5.453756856741931
grass,square,-180,-3.141592653589793,4.495981630309989,5.568822553897181
grass,square,-180,-3.141592653589793,4.594718714121699,5.6336267381043506
grass,square,-180,-3.141592653589793,3.3639494833524686,5.572266870774333
grass,square,-180,-3.141592653589793,3.3340987370838118,4.736318407960199
grass,square,-180,-3.141592653589793,3.5074626865671643,4.47927031509121
grass,square,-180,-3.141592653589793,3.4982778415614235,4.2561551218267635
grass,square,-180,-3.141592653589793,4.3111366245694605,4.081643066717693
grass,square,-180,-3.141592653589793,3.3363949483352466,3.908279117234341
grass,square,-180,-3.141592653589793,3.4557979334098734,3.7664242888123485
grass,square,-180,-3.141592653589793,3.540757749712973,3.6602883020793464
grass,square,-180,-3.141592653589793,3.8714121699196324,3.5799209082791177
grass,square,-180,-3.141592653589793,3.70264064293915,3.6175532593443034
grass,square,-180,-3.141592653589793,4.2078071182548795,3.7146319683633116
grass,square,-90,-1.5707963267948966,3.685419058553387,9.63298890164562
grass,square,-90,-1.5707963267948966,8.376578645235362,9.360122464600076
grass,square,-90,-1.5707963267948966,11.735935706084959,9.547008547008547
grass,square,-90,-1.5707963267948966,12.955223880597014,9.844623038652891
grass,square,-90,-1.5707963267948966,12.49598163030999,10.065952289832886
grass,square,-90,-1.5707963267948966,12.804822043628013,10.295318280392907
grass,square,-90,-1.5707963267948966,10.318025258323766,10.338053323127951
grass,square,-90,-1.5707963267948966,11.053960964408725,10.410383977548157
grass,square,-90,-1.5707963267948966,10.869115958668196,10.47722923842327
grass,square,-90,-1.5707963267948966,11.041331802525832,11.29455287664243
grass,square,-90,-1.5707963267948966,10.62227324913892,11.54407449929838
grass,square,-90,-1.5707963267948966,10.42939150401837,11.398902921290981
grass,square,-90,-1.5707963267948966,10.786452353616532,11.15792830718204
grass,square,-90,-1.5707963267948966,10.462686567164178,10.93200663349917
grass,square,-90,-1.5707963267948966,10.963260619977037,10.72738869753795
grass,square,-90,-1.5707963267948966,10.391504018369691,10.73555300420972
grass,square,-90,-1.5707963267948966,10.625717566016075,10.687970404388315
grass,square,-90,-1.5707963267948966,10.885189437428243,10.689756346472764
grass,square,-90,-1.5707963267948966,10.384615384615383,10.616787855593824
grass,square,-90,-1.5707963267948966,10.423650975889782,10.594718714121699
grass,square,0,0.0,9.052812858783009,3.71539737211379
grass,square,0,0.0,6.8231917336394945,4.180507717821151
grass,square,0,0.0,5.9885189437428235,4.559255007016201
grass,square,0,0.0,5.216991963260621,4.793596121954331
grass,square,0,0.0,4.48105625717566,4.908406684526088
grass,square,0,0.0,4.507462686567163,5.021431305013394
grass,square,0,0.0,3.494833524684271,5.039035591274397
grass,square,0,0.0,3.2388059701492535,5.07220308712846
grass,square,0,0.0,3.2388059701492535,5.115831100905727
grass,square,0,0.0,3.071182548794489,4.451205510907004
grass,square,0,0.0,2.647531572904707,3.98724327082536
grass,square,0,0.0,3.2009184845005745,3.67750988646511
grass,square,0,0.0,2.6016073478760045,3.38691159586682
grass,square,0,0.0,2.7221584385763498,3.1914785049113403
grass,square,0,0.0,2.594718714121699,2.9789513968618446
grass,square,0,0.0,3.25028702640643,2.951779563719862
grass,square,0,0.0,3.6509758897818596,2.9975762214568187
grass,square,0,0.0,3.3134328358208958,3.0058680954203343
grass,square,0,0.0,2.363949483352468,2.927286643704554
grass,square,90,1.5707963267948966,2.8610792192881744,10.061487434621762
grass,square,90,1.5707963267948966,5.793340987370838,9.46051792320449
grass,square,90,1.5707963267948966,11.871412169919633,9.543053960964409
grass,square,90,1.5707963267948966,11.989667049368542,9.626993238933538
grass,square,90,1.5707963267948966,10.77267508610792,9.65697155249394
grass,square,90,1.5707963267948966,9.508610792192881,9.505931879066207
grass,square,90,1.5707963267948966,12.5097588978186,9.766296721520602
grass,square,90,1.5707963267948966,10.12284730195178,9.666156397499682
grass,square,90,1.5707963267948966,10.303099885189438,9.525832376578645
grass,square,90,1.5707963267948966,10.8300803673938,10.411276948590382
grass,square,90,1.5707963267948966,11.276693455797933,11.020538333971169
grass,square,90,1.5707963267948966,10.842709529276695,10.9062380405664
grass,square,90,1.5707963267948966,10.079219288174512,10.693966067100396
grass,square,90,1.5707963267948966,10.400688863375432,10.652634264574564
grass,square,90,1.5707963267948966,10.513203214695752,10.76425564485266
grass,square,90,1.5707963267948966,10.043628013777269,10.490241102181402
grass,square,90,1.5707963267948966,9.908151549942593,10.466386018624824
grass,square,90,1.5707963267948966,10.390355912743974,10.476081132797551
grass,square,90,1.5707963267948966,9.979334098737084,10.38155376961347
grass,square,90,1.5707963267948966,10.895522388059701,10.339201428753668
grass,square,-180,-3.141592653589793,11.106773823191734,4.558999872432708
grass,square,-180,-3.141592653589793,6.073478760045924,4.845133307819875
grass,square,-180,-3.141592653589793,6.334098737083812,5.069906875877026
grass,square,-180,-3.141592653589793,5.756601607347877,5.338818726878428
grass,square,-180,-3.141592653589793,5.123995407577496,5.5241740017859415
grass,square,-180,-3.141592653589793,4.2215843857634905,5.599821405791555
grass,square,-180,-3.141592653589793,3.5706084959816295,5.566398775353999
grass,square,-180,-3.141592653589793,3.9334098737083814,5.592039800995025
grass,square,-180,-3.141592653589793,3.3375430539609643,5.495343793851257
grass,square,-180,-3.141592653589793,3.4270952927669343,4.642046179359612
grass,square,-180,-3.141592653589793,3.5476463834672787,4.36139813751754
grass,square,-180,-3.141592653589793,3.9104477611940296,4.092103584640898
grass,square,-180,-3.141592653589793,3.685419058553387,3.861972190330399
grass,square,-180,-3.141592653589793,3.982778415614237,3.735170302334481
grass,square,-180,-3.141592653589793,3.750861079219288,3.682867712718459
grass,square,-180,-3.141592653589793,3.251435132032147,3.6474040056129606
grass,square,-180,-3.141592653589793,3.3134328358208958,3.5785176680699067
grass,square,-180,-3.141592653589793,3.934557979334098,3.6448526597780333
grass,square,-180,-3.141592653589793,3.6130884041331806,3.6655185610409493
grass,square,-180,-3.141592653589793,3.470723306544202,3.6569715524939403
grass,square,-90,-1.5707963267948966,3.2043628013777266,9.791937747161628
grass,square,-90,-1.5707963267948966,8.012629161882893,9.483735170302335
grass,square,-90,-1.5707963267948966,11.763490241102183,9.628268911851002
grass,square,-90,-1.5707963267948966,13.69345579793341,9.931623931623932
grass,square,-90,-1.5707963267948966,11.881745120551091,10.097206276310756
grass,square,-90,-1.5707963267948966,10.88289322617681,10.125781349661947
grass,square,-90,-1.5707963267948966,11.087256027554535,10.148233193009311
grass,square,-90,-1.5707963267948966,10.601607347876005,10.172343411149383
grass,square,-90,-1.5707963267948966,9.975889781859932,10.122592167368289
grass,square,-90,-1.5707963267948966,10.14121699196326,10.893353744100013
grass,square,-90,-1.5707963267948966,10.202066590126291,11.13662456946039
grass,square,-90,-1.5707963267948966,9.592422502870265,10.895394820767955
grass,square,-90,-1.5707963267948966,10.524684270952928,10.543309095547903
grass,square,-90,-1.5707963267948966,9.973593570608495,10.331292256665392
grass,square,-90,-1.5707963267948966,10.7451205510907,10.315984181655823
grass,square,-90,-1.5707963267948966,9.762342135476464,10.168771526980484
grass,square,-90,-1.5707963267948966,10.455797933409873,10.15257048092869
grass,square,-90,-1.5707963267948966,10.733639494833525,10.236764893481313
grass,square,-90,-1.5707963267948966,10.192881745120552,10.242505421609899
grass,square,-90,-1.5707963267948966,10.595866819747416,10.286261002678913
grass,square,0,0.0,6.554535017221584,3.361398137517541
grass,square,0,0.0,5.9885189437428235,3.6711315218777907
grass,square,0,0.0,4.556831228473019,3.888378619721903
grass,square,0,0.0,4.063145809414466,4.037377216481693
grass,square,0,0.0,4.029850746268656,4.196836331164689
grass,square,0,0.0,3.599311136624569,4.2356167878555935
grass,square,0,0.0,3.929965556831228,4.266615639749968
grass,square,0,0.0,3.242250287026406,4.258706467661692
grass,square,0,0.0,3.579793340987371,4.3938002296211245
grass,square,0,0.0,3.1125143513203217,4.01135348896543
grass,square,0,0.0,3.8725602755453505,3.7762469702768207
grass,square,0,0.0,3.551090700344431,3.6644980227069777
grass,square,0,0.0,2.7244546498277837,3.5157545605306795
grass,square,0,0.0,3.2078071182548795,3.4244163796402605
grass,square,0,0.0,2.3995407577497128,3.291108559765276
grass,square,0,0.0,2.8553386911595866,3.1717055746906495
grass,square,0,0.0,3.295063145809414,3.1775736701109834
grass,square,0,0.0,3.647531572904707,3.1851001403240207
grass,square,0,0.0,3.6360505166475314,3.2432708253603777
grass,square,-90,-1.5707963267948966,2.65556831228473,9.515499425947189
grass,square,-90,-1.5707963267948966,9.267508610792191,9.375813241484884
grass,square,-90,-1.5707963267948966,12.478760045924226,9.65416507207552
grass,square,-90,-1.5707963267948966,12.902411021814006,9.893864013266999
grass,square,-90,-1.5707963267948966,12.182548794489094,10.1627758642684
grass,square,-90,-1.5707963267948966,10.09988518943743,10.123230003827018
grass,square,-90,-1.5707963267948966,10.851894374282434,10.136369434876897
grass,square,-90,-1.5707963267948966,10.719862227324914,10.194922821788493
grass,square,-90,-1.5707963267948966,10.187141216991963,10.149508865926776
grass,square,-90,-1.5707963267948966,9.574052812858781,10.918229365990559
grass,square,-90,-1.5707963267948966,10.194029850746269,11.021176170429902
grass,square,-90,-1.5707963267948966,9.753157290470725,10.718331419823958
grass,square,-90,-1.5707963267948966,10.650975889781861,10.468171960709276
grass,square,-90,-1.5707963267948966,10.295063145809415,10.258451333078199
grass,square,-90,-1.5707963267948966,10.329506314580941,10.28396479142748
grass,square,-90,-1.5707963267948966,11.567164179104477,10.363439214185483
grass,square,-90,-1.5707963267948966,11.001148105625719,10.39469320066335
grass,square,-90,-1.5707963267948966,11.334098737083812,10.522132925118001
grass,square,-90,-1.5707963267948966,11.423650975889782,10.727643832121446
grass,square,-90,-1.5707963267948966,11.117106773823192,10.830207934685546
grass,square,-180,-3.141592653589793,10.673938002296213,4.40847046817196
grass,square,-180,-3.141592653589793,6.117106773823193,4.678657992090828
grass,square,-180,-3.141592653589793,6.229621125143513,4.928307182038526
grass,square,-180,-3.141592653589793,5.359357060849598,5.107028957775227
grass,square,-180,-3.141592653589793,5.381171067738232,5.343666283964791
grass,square,-180,-3.141592653589793,4.38691159586682,5.462941701747671
grass,square,-180,-3.141592653589793,4.489092996555684,5.524556703661181
grass,square,-180,-3.141592653589793,4.045924225028703,5.572649572649573
grass,square,-180,-3.141592653589793,4.192881745120551,5.652889399158057
grass,square,-180,-3.141592653589793,2.5189437428243404,4.746778925883404
grass,square,-180,-3.141592653589793,3.3582089552238803,4.440234723816814
grass,square,-180,-3.141592653589793,3.4822043628013777,4.134966194667687
grass,square,-180,-3.141592653589793,3.4626865671641793,3.9242250287026406
grass,square,-180,-3.141592653589793,4.247990815154995,3.798316111748948
grass,square,-180,-3.141592653589793,3.3030998851894373,3.6778925883403497
grass,square,-180,-3.141592653589793,2.9770378874856487,3.509886465110346
grass,square,-180,-3.141592653589793,3.3800229621125144,3.435897435897436
grass,square,-180,-3.141592653589793,3.3731343283582094,3.344814389590509
grass,square,-180,-3.141592653589793,2.9850746268656714,3.396606710039546
grass,square,-180,-3.141592653589793,3.3983926521239955,3.40107156525067
grass,square,90,1.5707963267948966,3.0413318025258325,9.472381681336906
grass,square,90,1.5707963267948966,8.047072330654421,9.246587574945785
grass,square,90,1.5707963267948966,11.006888633754306,9.313943104987882
grass,square,90,1.5707963267948966,12.140068886337543,9.494705957392526
grass,square,90,1.5707963267948966,13.247990815154994,9.850746268656716
grass,square,90,1.5707963267948966,13.346727898966705,10.232810307437173
grass,square,90,1.5707963267948966,12.501722158438575,10.467406556958796
grass,square,90,1.5707963267948966,11.36854190585534,10.621762979971935
grass,square,90,1.5707963267948966,9.814006888633754,10.50159459114683
grass,square,90,1.5707963267948966,10.72675086107922,11.355530042097207
grass,square,90,1.5707963267948966,10.342135476463834,11.610537058298254
grass,square,90,1.5707963267948966,11.166475315729047,11.628268911851002
grass,square,90,1.5707963267948966,11.03788748564868,11.505804311774462
grass,square,90,1.5707963267948966,10.949483352468427,11.250414593698174
grass,square,90,1.5707963267948966,10.313432835820896,10.913381808904196
grass,square,90,1.5707963267948966,10.239954075774971,10.662074244163797
grass,square,90,1.5707963267948966,10.706084959816302,10.588467916826126
grass,square,90,1.5707963267948966,10.757749712973595,10.693328230641663
grass,square,90,1.5707963267948966,10.144661308840412,10.628651613726241
grass,square,90,1.5707963267948966,11.169919632606199,10.720627631075391
grass,square,90,1.5707963267948966,10.26406429391504,10.620359739762725
grass,square,0,0.0,9.223880597014924,3.83786197219033
grass,square,0,0.0,6.535017221584386,4.169409363439214
grass,square,0,0.0,6.036739380022963,4.537441000127568
grass,square,0,0.0,5.313432835820896,4.7713994131904585
grass,square,0,0.0,4.020665901262916,4.95152442913637
grass,square,0,0.0,3.649827784156143,5.039800995024876
grass,square,0,0.0,3.924225028702641,5.109707870901901
grass,square,0,0.0,3.2571756601607347,5.066334991708126
grass,square,0,0.0,3.9701492537313436,5.103457073606327
grass,square,0,0.0,3.1320321469575205,4.426585023599949
grass,square,0,0.0,3.400688863375431,4.078326317132288
grass,square,0,0.0,3.5051664753157294,3.7970404388314836
grass,square,0,0.0,3.505166475315729,3.5961219543309095
grass,square,0,0.0,2.8725602755453505,3.4685546625845136
grass,square,0,0.0,2.6050516647531574,3.352468427095293
grass,square,0,0.0,3.1182548794489096,3.262916188289323
grass,square,0,0.0,3.408725602755454,3.279755070799847
grass,square,0,0.0,3.520091848450057,3.22974869243526
grass,square,0,0.0,2.7841561423650973,3.1910958030361014
grass,square,-90,-1.5707963267948966,3.784156142365098,10.166985584896032
grass,square,-90,-1.5707963267948966,6.72215843857635,9.730450312539865
grass,square,-90,-1.5707963267948966,11.656716417910449,9.881745120551091
grass,square,-90,-1.5707963267948966,12.482204362801378,10.120933792575585
grass,square,-90,-1.5707963267948966,11.185993111366246,10.078581451715781
grass,square,-90,-1.5707963267948966,11.686567164179104,10.15473912488838
grass,square,-90,-1.5707963267948966,10.229621125143513,10.032019390228346
grass,square,-90,-1.5707963267948966,9.77841561423651,9.84921546115576
grass,square,-90,-1.5707963267948966,9.6796785304248,9.689501211889272
grass,square,-90,-1.5707963267948966,10.112514351320321,10.392652123995408
grass,square,-90,-1.5707963267948966,10.681974741676235,10.832631713228729
grass,square,-90,-1.5707963267948966,10.389207807118254,10.691797423140706
grass,square,-90,-1.5707963267948966,9.951779563719862,10.41063911213165
grass,square,-90,-1.5707963267948966,11.068886337543054,10.397627248373517
grass,square,-90,-1.5707963267948966,10.167623421354767,10.228855721393035
grass,square,-90,-1.5707963267948966,9.164179104477613,10.11047327465238
grass,square,-90,-1.5707963267948966,9.532721010332951,10.083173874218652
grass,square,-90,-1.5707963267948966,10.524684270952928,10.177063400944
grass,square,-90,-1.5707963267948966,11.137772675086108,10.29098099247353
grass,square,-90,-1.5707963267948966,11.090700344431689,10.336394948335247
grass,square,-180,-3.141592653589793,10.692307692307693,4.202194157418038
grass,square,-180,-3.141592653589793,6.411021814006889,4.529786962622784
grass,square,-180,-3.141592653589793,5.48105625717566,4.666794233958413
grass,square,-180,-3.141592653589793,5.850746268656716,4.9498660543436666
grass,square,-180,-3.141592653589793,5.016073478760045,5.176425564485267
grass,square,-180,-3.141592653589793,4.896670493685419,5.344941956882256
grass,square,-180,-3.141592653589793,4.121699196326062,5.428115831100906
grass,square,-180,-3.141592653589793,4.268656716417911,5.570736063273377
grass,square,-180,-3.141592653589793,3.925373134328358,5.629289450184973
grass,square,-180,-3.141592653589793,3.815154994259472,4.86516137262406
grass,square,-180,-3.141592653589793,3.9770378874856482,4.594718714121699
grass,square,-180,-3.141592653589793,4.475315729047073,4.482969766551856
grass,square,-180,-3.141592653589793,4.485648679678531,4.331292256665391
grass,square,-180,-3.141592653589793,3.6142365097588978,4.175532593443041
grass,square,-180,-3.141592653589793,4.632606199770379,4.14619211634137
grass,square,-180,-3.141592653589793,3.2824339839265213,4.052940426074754
grass,square,-180,-3.141592653589793,3.404133180252583,3.956882255389718
grass,square,-180,-3.141592653589793,3.3857634902411027,3.896925628268912
grass,square,-180,-3.141592653589793,3.3008036739380024,3.8397754815665266
grass,square,-180,-3.141592653589793,3.374282433983927,3.7728026533996686
grass,square,90,1.5707963267948966,4.933409873708382,9.942084449547135
grass,square,90,1.5707963267948966,5.001148105625718,9.281158311009058
grass,square,90,1.5707963267948966,11.629161882893225,9.427350427350428
grass,square,90,1.5707963267948966,12.719862227324915,9.702895777522643
grass,square,90,1.5707963267948966,12.889781859931112,9.945528766424289
grass,square,90,1.5707963267948966,11.95292766934558,10.078326317132287
grass,square,90,1.5707963267948966,9.940298507462687,10.055619339201428
grass,square,90,1.5707963267948966,10.86452353616533,10.021686439596888
grass,square,90,1.5707963267948966,10.453501722158439,10.042735042735043
grass,square,90,1.5707963267948966,10.538461538461537,10.665518561040948
grass,square,90,1.5707963267948966,10.407577497129735,11.266232937874728
grass,square,90,1.5707963267948966,10.261768082663606,11.11430029340477
grass,square,90,1.5707963267948966,11.630309988518942,10.993238933537441
grass,square,90,1.5707963267948966,10.489092996555682,10.726495726495726
grass,square,90,1.5707963267948966,9.908151549942593,10.499298379895395
grass,square,90,1.5707963267948966,9.932261768082663,10.498405408853168
grass,square,90,1.5707963267948966,10.896670493685418,10.501977293022069
grass,square,90,1.5707963267948966,10.694603903559127,10.528766424288811
grass,square,90,1.5707963267948966,10.988518943742825,10.578772802653397
grass,square,90,1.5707963267948966,10.897818599311138,10.63324403622911
grass,hourglass,-30,-0.5235987755982988,1.4167623421354765,1.4167623421354765
grass,hourglass,-30,-0.5235987755982988,6.545350172215844,3.9810562571756605
grass,hourglass,-30,-0.5235987755982988,6.15154994259472,4.704554152315347
grass,hourglass,-30,-0.5235987755982988,6.419058553386911,5.133180252583238
grass,hourglass,-30,-0.5235987755982988,6.251435132032148,5.35683122847302
grass,hourglass,-30,-0.5235987755982988,6.987370838117108,5.628587830080368
grass,hourglass,-30,-0.5235987755982988,7.1458094144661315,5.8453337707069055
grass,hourglass,-30,-0.5235987755982988,7.567164179104478,6.060562571756602
grass,hourglass,-30,-0.5235987755982988,6.081515499425947,6.062890674830974
grass,hourglass,-30,-0.5235987755982988,8.228473019517795,6.819747416762342
grass,hourglass,-30,-0.5235987755982988,7.014925373134328,6.871922439086619
grass,hourglass,-30,-0.5235987755982988,7.938002296211251,7.0704171450440105
grass,hourglass,-30,-0.5235987755982988,7.808266360505167,7.22477356805715
grass,hourglass,-30,-0.5235987755982988,6.927669345579794,7.299910702895777
grass,hourglass,90,1.5707963267948966,7.786452353616533,7.786452353616533
grass,hourglass,90,1.5707963267948966,5.092996555683123,6.439724454649828
grass,hourglass,90,1.5707963267948966,7.828932261768084,6.902793723689246
grass,hourglass,90,1.5707963267948966,10.09529276693456,7.7009184845005745
grass,hourglass,90,1.5707963267948966,11.470723306544201,8.454879448909299
grass,hourglass,90,1.5707963267948966,12.66475315729047,9.156525066972828
grass,hourglass,90,1.5707963267948966,12.30309988518944,9.606035755289486
grass,hourglass,90,1.5707963267948966,11.521239954075774,9.845436280137772
grass,hourglass,90,1.5707963267948966,10.148105625717564,9.879066207424417
grass,hourglass,90,1.5707963267948966,11.647531572904708,10.308075009567546
grass,hourglass,90,1.5707963267948966,10.971297359357061,10.961219543309095
grass,hourglass,90,1.5707963267948966,11.277841561423651,11.34443168771527
grass,hourglass,90,1.5707963267948966,11.819747416762343,11.536037759918356
grass,hourglass,90,1.5707963267948966,11.431687715269806,11.531700471998981
grass,hourglass,90,1.5707963267948966,9.85419058553387,11.219415741803802
grass,hourglass,-150,-2.6179938779914944,10.574052812858785,10.574052812858785
grass,hourglass,-150,-2.6179938779914944,4.293915040183697,7.4339839265212415
grass,hourglass,-150,-2.6179938779914944,3.9839265212399546,6.283964791427479
grass,hourglass,-150,-2.6179938779914944,3.4856486796785298,5.584385763490242
grass,hourglass,-150,-2.6179938779914944,3.7680826636050515,5.221125143513204
grass,hourglass,-150,-2.6179938779914944,3.6130884041331806,4.9531190202832
grass,hourglass,-150,-2.6179938779914944,3.5993111366245696,4.759717894046253
grass,hourglass,-150,-2.6179938779914944,3.8978185993111363,4.651980482204363
grass,hourglass,-150,-2.6179938779914944,4.6337543053960975,4.64995535144789
grass,hourglass,-150,-2.6179938779914944,3.4913892078071176,3.8629927286643704
grass,hourglass,-150,-2.6179938779914944,4.522388059701493,3.8883786197219035
grass,hourglass,-150,-2.6179938779914944,4.692307692307692,3.9670876387294296
grass,hourglass,-150,-2.6179938779914944,5.840413318025257,4.228728154101288
grass,hourglass,-150,-2.6179938779914944,5.952927669345581,4.47148871029468
grass,hourglass,-150,-2.6179938779914944,6.394948335246843,4.780584258196198
grass,hourglass,-150,-2.6179938779914944,7.104477611940299,5.1700471998979465
grass,hourglass,150,2.6179938779914944,7.602755453501721,7.602755453501721
grass,hourglass,150,2.6179938779914944,3.616532721010333,5.609644087256027
grass,hourglass,150,2.6179938779914944,3.2916188289322617,4.8369690011481055
grass,hourglass,150,2.6179938779914944,2.9150401836969,4.356486796785304
grass,hourglass,150,2.6179938779914944,3.722158438576349,4.229621125143513
grass,hourglass,150,2.6179938779914944,3.757749712973593,4.15097588978186
grass,hourglass,150,2.6179938779914944,4.460390355912744,4.195177956371986
grass,hourglass,150,2.6179938779914944,4.78300803673938,4.26865671641791
grass,hourglass,150,2.6179938779914944,4.86337543053961,4.334736573542544
grass,hourglass,150,2.6179938779914944,6.060849598163031,4.1634137007271335
grass,hourglass,150,2.6179938779914944,5.482204362801379,4.370710549815027
grass,hourglass,150,2.6179938779914944,6.398392652123996,4.715907641280776
grass,hourglass,150,2.6179938779914944,5.4282433983926515,4.9951524429136365
grass,hourglass,150,2.6179938779914944,6.884041331802527,5.346472764383212
grass,hourglass,-90,-1.5707963267948966,6.646383467278989,6.646383467278989
grass,hourglass,-90,-1.5707963267948966,5.525832376578646,6.086107921928818
grass,hourglass,-90,-1.5707963267948966,8.79219288174512,6.988136241867585
grass,hourglass,-90,-1.5707963267948966,11.583237657864524,8.13691159586682
grass,hourglass,-90,-1.5707963267948966,12.365097588978186,8.982548794489094
grass,hourglass,-90,-1.5707963267948966,12.92996555683123,9.640451588212782
grass,hourglass,-90,-1.5707963267948966,11.659012629161882,9.928817451205513
grass,hourglass,-90,-1.5707963267948966,11.063145809414465,10.07060849598163
grass,hourglass,-90,-1.5707963267948966,10.291618828932263,10.095165199642812
grass,hourglass,-90,-1.5707963267948966,10.857634902411023,10.563082025768592
grass,hourglass,-90,-1.5707963267948966,10.462686567164178,11.111621380278098
grass,hourglass,-90,-1.5707963267948966,10.460390355912745,11.29697665518561
grass,hourglass,-90,-1.5707963267948966,11.074626865671641,11.240464344941957
grass,hourglass,-90,-1.5707963267948966,9.89092996555683,10.965556831228474
grass,hourglass,-90,-1.5707963267948966,10.315729047072333,10.67508610792193
grass,hourglass,30,0.5235987755982988,10.157290470723305,10.157290470723305
grass,hourglass,30,0.5235987755982988,5.138920780711826,7.648105625717566
grass,hourglass,30,0.5235987755982988,4.006888633754305,6.434366628396479
grass,hourglass,30,0.5235987755982988,3.6188289322617684,5.730482204362801
grass,hourglass,30,0.5235987755982988,3.9529276693455797,5.374971297359357
grass,hourglass,30,0.5235987755982988,2.975889781859931,4.975124378109452
grass,hourglass,30,0.5235987755982988,3.3409873708381173,4.741676234213548
grass,hourglass,30,0.5235987755982988,3.276693455797933,4.558553386911596
grass,hourglass,30,0.5235987755982988,3.430539609644087,4.433218522770762
grass,hourglass,30,0.5235987755982988,4.04707233065442,3.7543053960964414
grass,hourglass,30,0.5235987755982988,4.126291618828932,3.6417910447761193
grass,hourglass,30,0.5235987755982988,5.174512055109071,3.771526980482205
grass,hourglass,30,0.5235987755982988,5.966704936854191,4.032402092103585
grass,hourglass,30,0.5235987755982988,6.203214695752009,4.282433983926521
grass,hourglass,30,0.5235987755982988,6.762342135476464,4.7031509121061355
grass,hourglass,30,0.5235987755982988,6.774971297359357,5.084704681719606
grass,hourglass,-30,-0.5235987755982988,4.897818599311137,7.067738231917336
grass,hourglass,-30,-0.5235987755982988,5.648679678530424,6.901390483480036
grass,hourglass,-30,-0.5235987755982988,3.571756601607348,6.457456308202577
grass,hourglass,-30,-0.5235987755982988,3.6360505166475314,6.185737976782753
grass,hourglass,-30,-0.5235987755982988,2.933409873708381,5.597397627248373
grass,hourglass,-30,-0.5235987755982988,4.265212399540758,5.291873963515754
grass,hourglass,-30,-0.5235987755982988,4.587830080367394,4.919632606199771
grass,hourglass,-30,-0.5235987755982988,5.320321469575202,4.64319428498533
grass,hourglass,-30,-0.5235987755982988,5.130884041331803,4.44355147340222
grass,hourglass,-30,-0.5235987755982988,5.44316877152698,4.504145936981757
grass,hourglass,-30,-0.5235987755982988,5.732491389207808,4.513458349279245
grass,hourglass,-30,-0.5235987755982988,6.609644087256028,4.851001403240209
grass,hourglass,-30,-0.5235987755982988,5.614236509758898,5.0707998469192495
grass,hourglass,-30,-0.5235987755982988,6.210103329506315,5.434876897563465
grass,hourglass,90,1.5707963267948966,6.944890929965557,10.62405919122337
grass,hourglass,90,1.5707963267948966,6.105625717566015,10.02232427605562
grass,hourglass,90,1.5707963267948966,9.305396096440873,9.928689883913766
grass,hourglass,90,1.5707963267948966,11.738231917336396,9.938767699961732
grass,hourglass,90,1.5707963267948966,12.983926521239955,10.162393162393164
grass,hourglass,90,1.5707963267948966,13.572904707233066,10.417400178594209
grass,hourglass,90,1.5707963267948966,12.080367393800229,10.446357953820641
grass,hourglass,90,1.5707963267948966,11.1699196326062,10.417272611302462
grass,hourglass,90,1.5707963267948966,9.77841561423651,10.408853170047202
grass,hourglass,90,1.5707963267948966,11.020665901262916,10.861717055746908
grass,hourglass,90,1.5707963267948966,9.284730195177955,11.214950886592678
grass,hourglass,90,1.5707963267948966,9.946039035591275,11.286133435387166
grass,hourglass,90,1.5707963267948966,10.15154994259472,11.109835438193647
grass,hourglass,90,1.5707963267948966,9.695752009184845,10.744482714631967
grass,hourglass,90,1.5707963267948966,10.262916188289323,10.376706212527107
grass,hourglass,-150,-2.6179938779914944,11.26521239954076,5.98864651103457
grass,hourglass,-150,-2.6179938779914944,4.641791044776118,5.989539482076795
grass,hourglass,-150,-2.6179938779914944,4.075774971297359,6.054471233575711
grass,hourglass,-150,-2.6179938779914944,3.5487944890929968,5.946294170174767
grass,hourglass,-150,-2.6179938779914944,3.431687715269805,5.806225283837224
grass,hourglass,-150,-2.6179938779914944,3.687715269804822,5.567036611812731
grass,hourglass,-150,-2.6179938779914944,4.421354764638346,5.3968618446230385
grass,hourglass,-150,-2.6179938779914944,3.950631458094145,5.1252710804949615
grass,hourglass,-150,-2.6179938779914944,4.758897818599312,4.864651103457074
grass,hourglass,-150,-2.6179938779914944,4.416762342135476,4.10371220818982
grass,hourglass,-150,-2.6179938779914944,3.5912743972445464,3.9869881362418678
grass,hourglass,-150,-2.6179938779914944,4.538461538461538,4.038397754815666
grass,hourglass,-150,-2.6179938779914944,5.243398392652124,4.226687077433346
grass,hourglass,-150,-2.6179938779914944,5.636050516647533,4.471616277586427
grass,hourglass,-150,-2.6179938779914944,6.431687715269804,4.776502104860314
grass,hourglass,150,2.6179938779914944,6.896670493685417,5.69524174001786
grass,hourglass,150,2.6179938779914944,4.483352468427095,5.697793085852787
grass,hourglass,150,2.6179938779914944,3.838117106773823,5.5928052047455035
grass,hourglass,150,2.6179938779914944,3.5396096440872564,5.445720117361908
grass,hourglass,150,2.6179938779914944,3.679678530424799,5.181145554279883
grass,hourglass,150,2.6179938779914944,3.8094144661308835,4.995280010205383
grass,hourglass,150,2.6179938779914944,4.807118254879449,4.818471743844878
grass,hourglass,150,2.6179938779914944,4.436280137772675,4.708253603775992
grass,hourglass,150,2.6179938779914944,6.340987370838117,4.6479142747799465
grass,hourglass,150,2.6179938779914944,6.361653272101034,4.588467916826126
grass,hourglass,150,2.6179938779914944,6.524684270952928,4.815282561551218
grass,hourglass,150,2.6179938779914944,7.827784156142365,5.258578900369945
grass,hourglass,150,2.6179938779914944,6.587830080367393,5.597270059956627
grass,hourglass,150,2.6179938779914944,7.780711825487945,6.052940426074754
grass,hourglass,150,2.6179938779914944,7.8300803673938,6.4996810817706345
grass,hourglass,-90,-1.5707963267948966,7.855338691159586,10.252455670366118
grass,hourglass,-90,-1.5707963267948966,5.6888633754305395,9.655313177701238
grass,hourglass,-90,-1.5707963267948966,8.526980482204362,9.459242250287026
grass,hourglass,-90,-1.5707963267948966,10.836969001148105,9.456946039035593
grass,hourglass,-90,-1.5707963267948966,12.61308840413318,9.695879576476592
grass,hourglass,-90,-1.5707963267948966,13.451205510907002,10.028192371475955
grass,hourglass,-90,-1.5707963267948966,13.560275545350173,10.304375558106901
grass,hourglass,-90,-1.5707963267948966,11.560275545350171,10.489858400306161
grass,hourglass,-90,-1.5707963267948966,9.543053960964409,10.404005612960837
grass,hourglass,-90,-1.5707963267948966,10.75086107921929,10.725730322745248
grass,hourglass,-90,-1.5707963267948966,10.522388059701493,11.262788620997576
grass,hourglass,-90,-1.5707963267948966,9.766934557979333,11.400561296083684
grass,hourglass,-90,-1.5707963267948966,10.182548794489092,11.327847939788237
grass,hourglass,-90,-1.5707963267948966,10.374282433983929,11.079091720882765
grass,hourglass,-90,-1.5707963267948966,10.07118254879449,10.703533613981374
grass,hourglass,30,0.5235987755982988,9.525832376578647,5.779053450695241
grass,hourglass,30,0.5235987755982988,4.393800229621125,5.886082408470468
grass,hourglass,30,0.5235987755982988,4.653272101033295,5.953437938512566
grass,hourglass,30,0.5235987755982988,3.5487944890929963,5.889271590764128
grass,hourglass,30,0.5235987755982988,3.916188289322618,5.749457839010078
grass,hourglass,30,0.5235987755982988,3.3777267508610795,5.461793596121955
grass,hourglass,30,0.5235987755982988,3.708381171067738,5.184589871157035
grass,hourglass,30,0.5235987755982988,3.492537313432836,4.821278224263299
grass,hourglass,30,0.5235987755982988,3.8691159586681976,4.49840540885317
grass,hourglass,30,0.5235987755982988,4.4730195177956364,3.9369817578772808
grass,hourglass,30,0.5235987755982988,5.412169919632607,4.0501339456563334
grass,hourglass,30,0.5235987755982988,5.401836969001148,4.133307819874984
grass,hourglass,30,0.5235987755982988,6.097588978185993,4.416507207551984
grass,hourglass,30,0.5235987755982988,5.45809414466131,4.587830080367394
grass,hourglass,30,0.5235987755982988,6.2009184845005745,4.901518050771783
grass,hourglass,30,0.5235987755982988,4.535017221584385,4.993366500829187
grass,hourglass,30,0.5235987755982988,6.669345579793341,5.346345197091466
grass,hourglass,30,0.5235987755982988,7.182548794489092,5.714504401071565
grass,hourglass,30,0.5235987755982988,6.670493685419058,5.958668197474167
grass,hourglass,30,0.5235987755982988,7.213547646383467,6.158821278224263
grass,hourglass,30,0.5235987755982988,6.941446613088404,6.32988901645618
grass,hourglass,30,0.5235987755982988,7.284730195177957,6.461793596121954
grass,hourglass,30,0.5235987755982988,7.609644087256028,6.700854700854701
grass,hourglass,30,0.5235987755982988,7.724454649827784,6.870136497002168
grass,hourglass,30,0.5235987755982988,6.96211251435132,7.139813751754051
grass,hourglass,30,0.5235987755982988,7.380022962112514,7.2187779053450685
grass,hourglass,30,0.5235987755982988,7.261768082663605,7.22758004847557
grass,hourglass,30,0.5235987755982988,7.464982778415614,7.315856614364076
grass,hourglass,30,0.5235987755982988,8.128587830080367,7.4175277458859545
grass,hourglass,-90,-1.5707963267948966,7.3972445464982775,10.01875239188672
grass,hourglass,-90,-1.5707963267948966,4.818599311136625,9.269677254751883
grass,hourglass,-90,-1.5707963267948966,7.656716417910449,9.060084194412553
grass,hourglass,-90,-1.5707963267948966,10.246842709529275,9.004082153335885
grass,hourglass,-90,-1.5707963267948966,12.499425947187142,9.223753029723177
grass,hourglass,-90,-1.5707963267948966,14.063145809414465,9.701109835438194
grass,hourglass,-90,-1.5707963267948966,11.482204362801378,9.845516009695114
grass,hourglass,-90,-1.5707963267948966,11.281285878300805,9.946294170174767
grass,hourglass,-90,-1.5707963267948966,9.896670493685418,9.926903941829316
grass,hourglass,-90,-1.5707963267948966,9.964408725602755,10.212144406174257
grass,hourglass,-90,-1.5707963267948966,10.202066590126291,10.810307437173108
grass,hourglass,-90,-1.5707963267948966,10.340987370838116,11.108559765276182
grass,hourglass,-90,-1.5707963267948966,10.30654420206659,11.115193264446994
grass,hourglass,-90,-1.5707963267948966,9.582089552238806,10.791044776119403
grass,hourglass,-90,-1.5707963267948966,9.700344431687714,10.306289067483098
grass,hourglass,150,2.6179938779914944,10.423650975889782,7.123740272994005
grass,hourglass,150,2.6179938779914944,3.836969001148105,7.057150146702385
grass,hourglass,150,2.6179938779914944,3.5407577497129736,6.746013522132925
grass,hourglass,150,2.6179938779914944,3.473019517795638,6.425054216098992
grass,hourglass,150,2.6179938779914944,4.04707233065442,6.149764000510269
grass,hourglass,150,2.6179938779914944,3.3949483352468426,5.657226687077433
grass,hourglass,150,2.6179938779914944,4.233065442020666,5.395586171705575
grass,hourglass,150,2.6179938779914944,3.8702640642939143,4.961091976017348
grass,hourglass,150,2.6179938779914944,3.926521239954076,4.527363184079602
grass,hourglass,150,2.6179938779914944,4.78300803673938,3.900625079729557
grass,hourglass,150,2.6179938779914944,4.529276693455798,3.977548156652634
grass,hourglass,150,2.6179938779914944,5.1733639494833525,4.15894884551601
grass,hourglass,150,2.6179938779914944,6.184845005740529,4.460262788620998
grass,hourglass,150,2.6179938779914944,5.487944890929966,4.6203597397627245
grass,hourglass,150,2.6179938779914944,6.33524684270953,4.947059573925245
grass,hourglass,-150,-2.6179938779914944,7.442020665901264,5.112131649445082
grass,hourglass,-150,-2.6179938779914944,3.7106773823191737,5.085470085470086
grass,hourglass,-150,-2.6179938779914944,3.4856486796785306,4.943997958923332
grass,hourglass,-150,-2.6179938779914944,3.5981630309988524,4.853042479908152
grass,hourglass,-150,-2.6179938779914944,3.7198622273249136,4.8673300165837485
grass,hourglass,-150,-2.6179938779914944,4.40068886337543,4.852021941574181
grass,hourglass,-150,-2.6179938779914944,5.205510907003445,4.847812220946549
grass,hourglass,-150,-2.6179938779914944,4.642939150401837,4.737466513585917
grass,hourglass,-150,-2.6179938779914944,5.073478760045925,4.586554407449929
grass,hourglass,-150,-2.6179938779914944,4.4282433983926515,4.25169026661564
grass,hourglass,-150,-2.6179938779914944,5.786452353616533,4.482331930093124
grass,hourglass,-150,-2.6179938779914944,5.475315729047073,4.703406046689629
grass,hourglass,-150,-2.6179938779914944,6.130884041331802,4.984819492282179
grass,hourglass,-150,-2.6179938779914944,5.996555683122847,5.237785431815282
grass,hourglass,-150,-2.6179938779914944,6.343283582089551,5.453629289450185
grass,hourglass,90,1.5707963267948966,6.13662456946039,9.716290343156015
grass,hourglass,90,1.5707963267948966,5.811710677382319,9.120933792575585
grass,hourglass,90,1.5707963267948966,9.246842709529275,9.061870136497003
grass,hourglass,90,1.5707963267948966,11.710677382319172,9.138538078836588
grass,hourglass,90,1.5707963267948966,13.355912743972445,9.590891695369308
grass,hourglass,90,1.5707963267948966,14.499425947187143,10.096823574435515
grass,hourglass,90,1.5707963267948966,13.152698048220437,10.430284475060596
grass,hourglass,90,1.5707963267948966,14.05166475315729,10.914274779946421
grass,hourglass,90,1.5707963267948966,11.351320321469576,11.035208572522006
grass,hourglass,90,1.5707963267948966,11.393800229621124,11.619339201428753
grass,hourglass,90,1.5707963267948966,11.166475315729047,12.214313050133946
grass,hourglass,90,1.5707963267948966,10.606199770378874,12.365352723561678
grass,hourglass,90,1.5707963267948966,11.439724454649827,12.33524684270953
grass,hourglass,90,1.5707963267948966,11.62342135476464,12.142747799464217
grass,hourglass,90,1.5707963267948966,11.274397244546499,11.784411276948589
grass,hourglass,-30,-0.5235987755982988,11.10332950631458,6.194667687205001
grass,hourglass,-30,-0.5235987755982988,4.91044776119403,6.230514096185738
grass,hourglass,-30,-0.5235987755982988,4.111366245694604,6.096185737976783
grass,hourglass,-30,-0.5235987755982988,3.00459242250287,5.859931113662458
grass,hourglass,-30,-0.5235987755982988,3.6498277841561424,5.660671003954587
grass,hourglass,-30,-0.5235987755982988,3.5683122847301947,5.42020665901263
grass,hourglass,-30,-0.5235987755982988,3.9334098737083814,5.122847301951779
grass,hourglass,-30,-0.5235987755982988,3.1343283582089554,4.847301951779564
grass,hourglass,-30,-0.5235987755982988,3.5774971297359355,4.554790151805077
grass,hourglass,-30,-0.5235987755982988,3.8300803673938,3.7466513585916568
grass,hourglass,-30,-0.5235987755982988,5.831228473019517,3.848960326572267
grass,hourglass,-30,-0.5235987755982988,5.206659012629162,3.9706595228983286
grass,hourglass,-30,-0.5235987755982988,5.622273249138921,4.261512948080112
grass,hourglass,-30,-0.5235987755982988,6.198622273249139,4.5447123357571115
grass,hourglass,-30,-0.5235987755982988,7.203214695752009,4.948590381426202
grass,hourglass,30,0.5235987755982988,4.470723306544202,7.14300293404771
grass,hourglass,30,0.5235987755982988,4.473019517795637,6.830590636560785
grass,hourglass,30,0.5235987755982988,4.464982778415615,6.481183824467406
grass,hourglass,30,0.5235987755982988,4.479908151549942,6.120678657992091
grass,hourglass,30,0.5235987755982988,5.49483352468427,5.957647659140196
grass,hourglass,30,0.5235987755982988,3.7634902411021813,5.555810690139047
grass,hourglass,30,0.5235987755982988,3.7910447761194033,5.1701747671896925
grass,hourglass,30,0.5235987755982988,3.423650975889782,4.721137900242377
grass,hourglass,30,0.5235987755982988,4.233065442020666,4.288302079346855
grass,hourglass,30,0.5235987755982988,4.243398392652124,4.263043755581069
grass,hourglass,30,0.5235987755982988,4.888633754305396,4.309223115193265
grass,hourglass,30,0.5235987755982988,5.396096440872561,4.412680188799592
grass,hourglass,30,0.5235987755982988,5.65097588978186,4.542798826380916
grass,hourglass,30,0.5235987755982988,5.7921928817451205,4.5758387549432324
grass,hourglass,30,0.5235987755982988,6.886337543053961,4.92282178849343
grass,hourglass,-90,-1.5707963267948966,6.314580941446613,9.732108687332568
grass,hourglass,-90,-1.5707963267948966,6.7543053960964405,9.229110855976526
grass,hourglass,-90,-1.5707963267948966,9.947187141216991,9.234723816813368
grass,hourglass,-90,-1.5707963267948966,12.039035591274398,9.465237912999108
grass,hourglass,-90,-1.5707963267948966,12.766934557979335,9.750223242760557
grass,hourglass,-90,-1.5707963267948966,10.907003444316878,9.81311391759153
grass,hourglass,-90,-1.5707963267948966,10.893226176808266,9.87830080367394
grass,hourglass,-90,-1.5707963267948966,10.710677382319174,10.003699451460646
grass,hourglass,-90,-1.5707963267948966,10.137772675086108,10.052302589616023
grass,hourglass,-90,-1.5707963267948966,10.28358208955224,10.493302717183314
grass,hourglass,-90,-1.5707963267948966,10.277841561423651,10.884806735553004
grass,hourglass,-90,-1.5707963267948966,9.939150401836969,10.88391376451078
grass,hourglass,-90,-1.5707963267948966,10.420206659012628,10.704043883148362
grass,hourglass,-90,-1.5707963267948966,9.723306544202067,10.365862992728664
grass,hourglass,-90,-1.5707963267948966,10.18369690011481,10.285495598928435
grass,hourglass,150,2.6179938779914944,10.228473019517796,5.613215971424927
grass,hourglass,150,2.6179938779914944,4.815154994259471,5.718203852532211
grass,hourglass,150,2.6179938779914944,3.622273249138921,5.684398520219416
grass,hourglass,150,2.6179938779914944,4.140068886337543,5.6129608368414345
grass,hourglass,150,2.6179938779914944,3.836969001148106,5.536037759918357
grass,hourglass,150,2.6179938779914944,4.584385763490242,5.470595739252456
grass,hourglass,150,2.6179938779914944,3.8300803673938004,5.208955223880597
grass,hourglass,150,2.6179938779914944,3.903559127439725,5.032912361270571
grass,hourglass,150,2.6179938779914944,3.761194029850746,4.74690649317515
grass,hourglass,150,2.6179938779914944,4.831228473019518,4.147212654675341
grass,hourglass,150,2.6179938779914944,5.322617680826635,4.203597397627248
grass,hourglass,150,2.6179938779914944,6.111366245694604,4.480163286133435
grass,hourglass,150,2.6179938779914944,6.456946039035592,4.737594080877663
grass,hourglass,150,2.6179938779914944,6.274397244546498,5.0084194412552625
grass,hourglass,150,2.6179938779914944,7.7164179104477615,5.35642301313943
grass,hourglass,-150,-2.6179938779914944,6.245694603903559,5.56920525577242
grass,hourglass,-150,-2.6179938779914944,3.1377726750861075,5.401964536292894
grass,hourglass,-150,-2.6179938779914944,2.5683122847301947,5.123612705702258
grass,hourglass,-150,-2.6179938779914944,2.8025258323765785,4.9429774205893615
grass,hourglass,-150,-2.6179938779914944,3.4029850746268657,4.678147722923843
grass,hourglass,-150,-2.6179938779914944,4.329506314580941,4.550835565760938
grass,hourglass,-150,-2.6179938779914944,4.469575200918484,4.3662456946039025
grass,hourglass,-150,-2.6179938779914944,5.171067738231918,4.274524811838244
grass,hourglass,-150,-2.6179938779914944,5.223880597014926,4.150146702385508
grass,hourglass,-150,-2.6179938779914944,5.552238805970149,4.073096058170685
grass,hourglass,-150,-2.6179938779914944,5.6096440872560285,4.347748437300677
grass,hourglass,-150,-2.6179938779914944,6.87256027554535,4.825998214057916
grass,hourglass,-150,-2.6179938779914944,6.508610792192882,5.237785431815283
grass,hourglass,-150,-2.6179938779914944,7.211251435132032,5.660926138538079
grass,hourglass,-150,-2.6179938779914944,6.810562571756602,5.936599056002041
grass,hourglass,90,1.5707963267948966,6.7405281285878305,11.071947952544967
grass,hourglass,90,1.5707963267948966,6.073478760045925,10.185482842199258
grass,hourglass,90,1.5707963267948966,9.262916188289323,9.953437938512565
grass,hourglass,90,1.5707963267948966,11.732491389207809,9.991070289577753
grass,hourglass,90,1.5707963267948966,13.18369690011481,10.21520602117617
grass,hourglass,90,1.5707963267948966,13.993111366245696,10.591529531828039
grass,hourglass,90,1.5707963267948966,12.342135476463834,10.691797423140708
grass,hourglass,90,1.5707963267948966,10.804822043628013,10.600841944125527
grass,hourglass,90,1.5707963267948966,11.001148105625719,10.570480928689884
grass,hourglass,90,1.5707963267948966,10.983926521239955,11.041969638984565
grass,hourglass,90,1.5707963267948966,10.111366245694605,11.490623804056641
grass,hourglass,90,1.5707963267948966,11.490241102181402,11.73810435004465
grass,hourglass,90,1.5707963267948966,11.055109070034442,11.662839647914275
grass,hourglass,90,1.5707963267948966,10.548794489092995,11.370072713356295
grass,hourglass,-30,-0.5235987755982988,10.8955223880597,5.722158438576349
grass,hourglass,-30,-0.5235987755982988,3.7738231917336393,5.793213420079091
grass,hourglass,-30,-0.5235987755982988,4.1526980482204365,5.8571246332440365
grass,hourglass,-30,-0.5235987755982988,3.789896670493685,5.852659778032912
grass,hourglass,-30,-0.5235987755982988,3.506314580941446,5.59433601224646
grass,hourglass,-30,-0.5235987755982988,3.5212399540757753,5.4070672279627505
grass,hourglass,-30,-0.5235987755982988,2.9219288174512053,5.107028957775226
grass,hourglass,-30,-0.5235987755982988,3.4764638346727894,4.804566909044521
grass,hourglass,-30,-0.5235987755982988,3.87256027554535,4.434494195688226
grass,hourglass,-30,-0.5235987755982988,3.762342135476464,3.6419186120678657
grass,hourglass,-30,-0.5235987755982988,4.112514351320321,3.6795509631330523
grass,hourglass,-30,-0.5235987755982988,5.347876004592422,3.8123485138410507
grass,hourglass,-30,-0.5235987755982988,6.130884041331802,4.072458221711953
grass,hourglass,-30,-0.5235987755982988,5.87256027554535,4.335374410001275
grass,hourglass,-30,-0.5235987755982988,6.663605051664754,4.684526087511162
rubber_carpet,straight,0,0.0,1.5166475315729047,1.5166475315729047
rubber_carpet,straight,0,0.0,6.112514351320321,3.814580941446613
rubber_carpet,straight,0,0.0,3.750861079219288,3.793340987370838
rubber_carpet,straight,0,0.0,3.1814006888633752,3.6403559127439724
rubber_carpet,straight,0,0.0,2.5510907003444316,3.422502870264064
rubber_carpet,straight,0,0.0,2.7876004592422503,3.3166858017604284
rubber_carpet,straight,0,0.0,3.4385763490241104,3.3340987370838113
rubber_carpet,straight,0,0.0,3.0746268656716422,3.3016647531572905
rubber_carpet,straight,0,0.0,2.6498277841561424,3.229238423268274
rubber_carpet,straight,0,0.0,2.5499425947187135,3.344048985840031
rubber_carpet,straight,0,0.0,3.0884041331802528,3.0080367393800227
rubber_carpet,straight,0,0.0,3.4087256027554536,2.970021686439597
rubber_carpet,straight,0,0.0,3.087256027554535,2.9595611685163927
rubber_carpet,straight,0,0.0,2.950631458094145,3.0039545860441383
rubber_carpet,straight,0,0.0,2.439724454649828,2.96530169664498
rubber_carpet,straight,0,0.0,2.6808266360505164,2.881107284092359
rubber_carpet,straight,0,0.0,3.0815154994259473,2.8818726878428373
rubber_carpet,straight,0,0.0,3.320321469575201,2.9563719862227327
rubber_carpet,straight,0,0.0,3.066590126291619,3.0137772675086105
rubber_carpet,straight,0,0.0,2.4672789896670495,2.9447633626738106
rubber_carpet,straight,-180,-3.141592653589793,2.64638346727899,2.64638346727899
rubber_carpet,straight,-180,-3.141592653589793,4.011481056257176,3.3289322617680828
rubber_carpet,straight,-180,-3.141592653589793,2.8358208955223883,3.1645618063528516
rubber_carpet,straight,-180,-3.141592653589793,3.574052812858783,3.2669345579793343
rubber_carpet,straight,-180,-3.141592653589793,2.8163030998851895,3.1768082663605055
rubber_carpet,straight,-180,-3.141592653589793,2.9621125143513205,3.141025641025641
rubber_carpet,straight,-180,-3.141592653589793,3.800229621125144,3.2351976381827128
rubber_carpet,straight,-180,-3.141592653589793,3.21699196326062,3.2329219288174516
rubber_carpet,straight,-180,-3.141592653589793,2.7267508610792195,3.176680699068759
rubber_carpet,straight,-180,-3.141592653589793,3.4052812858783006,3.2610026789131266
rubber_carpet,straight,-180,-3.141592653589793,3.253731343283582,3.176808266360505
rubber_carpet,straight,-180,-3.141592653589793,3.39150401836969,3.238550835565761
rubber_carpet,straight,-180,-3.141592653589793,2.77382319173364,3.1496364332185234
rubber_carpet,straight,-180,-3.141592653589793,2.7233065442020665,3.139303482587065
rubber_carpet,straight,-180,-3.141592653589793,3.569460390355913,3.2067865799209083
rubber_carpet,straight,-180,-3.141592653589793,3.3765786452353614,3.159714249266488
rubber_carpet,straight,-180,-3.141592653589793,2.938002296211251,3.128715397372114
rubber_carpet,straight,-180,-3.141592653589793,2.6659012629161882,3.1219543309095545
rubber_carpet,straight,-180,-3.141592653589793,2.9425947187141217,3.0705447123357574
rubber_carpet,straight,0,0.0,1.4282433983926521,2.7247097844112766
rubber_carpet,straight,0,0.0,5.14580941446613,2.953437938512565
rubber_carpet,straight,0,0.0,3.262916188289322,2.988136241867585
rubber_carpet,straight,0,0.0,3.6119402985074625,3.1183824467406556
rubber_carpet,straight,0,0.0,2.7956371986222734,3.131139175915295
rubber_carpet,straight,0,0.0,2.771526980482204,3.096696007143768
rubber_carpet,straight,0,0.0,3.64638346727899,3.132925117999745
rubber_carpet,straight,0,0.0,2.994259471871412,3.1248883786197212
rubber_carpet,straight,0,0.0,2.5487944890929968,3.133945656333716
rubber_carpet,straight,0,0.0,2.6727898966704937,3.2722286005868093
rubber_carpet,straight,0,0.0,3.0803673938002296,3.042735042735043
rubber_carpet,straight,0,0.0,3.2365097588978187,3.0398009950248754
rubber_carpet,straight,0,0.0,3.4144661308840414,3.0178594208444953
rubber_carpet,straight,0,0.0,2.3880597014925375,2.972573032274525
rubber_carpet,straight,0,0.0,2.5292766934557984,2.9456563337160353
rubber_carpet,straight,0,0.0,2.99540757749713,2.873325679295829
rubber_carpet,straight,0,0.0,3.2101033295063144,2.897308330144151
rubber_carpet,straight,0,0.0,3.0964408725602754,2.958157928307182
rubber_carpet,straight,0,0.0,2.3685419058553387,2.924352595994387
rubber_carpet,straight,0,0.0,2.5901262916188292,2.869881362418676
rubber_carpet,straight,-180,-3.141592653589793,3.195177956371986,3.064038780456691
rubber_carpet,straight,-180,-3.141592653589793,3.960964408725603,3.127312157162903
rubber_carpet,straight,-180,-3.141592653589793,2.4385763490241104,3.0900625079729553
rubber_carpet,straight,-180,-3.141592653589793,3.656716417910448,3.193774716162776
rubber_carpet,straight,-180,-3.141592653589793,3.1699196326062,3.14938129863503
rubber_carpet,straight,-180,-3.141592653589793,2.7014925373134324,3.074371731088149
rubber_carpet,straight,-180,-3.141592653589793,3.1572904707233067,3.098737083811711
rubber_carpet,straight,-180,-3.141592653589793,3.6165327210103335,3.204362801377727
rubber_carpet,straight,-180,-3.141592653589793,3.1400688863375428,3.2263043755581067
rubber_carpet,straight,-180,-3.141592653589793,2.576349024110218,3.157545605306799
rubber_carpet,straight,-180,-3.141592653589793,3.3088404133180256,3.0850873835948467
rubber_carpet,straight,-180,-3.141592653589793,3.2583237657864528,3.1761704299017732
rubber_carpet,straight,-180,-3.141592653589793,3.25947187141217,3.13203214695752
rubber_carpet,straight,-180,-3.141592653589793,2.486796785304248,3.0561296083684146
rubber_carpet,straight,-180,-3.141592653589793,2.8679678530424795,3.074626865671642
rubber_carpet,straight,-180,-3.141592653589793,3.30654420206659,3.0912106135986734
rubber_carpet,straight,-180,-3.141592653589793,3.3811710677382316,3.0650593187906616
rubber_carpet,straight,-180,-3.141592653589793,2.8300803673938,3.030616150019135
rubber_carpet,straight,-180,-3.141592653589793,2.7887485648679675,3.0542160989922182
rubber_carpet,straight,-180,-3.141592653589793,1.340987370838117,2.835565760938895
rubber_carpet,straight,-180,-3.141592653589793,4.269804822043628,2.94795254496747
rubber_carpet,straight,-180,-3.141592653589793,4.533869115958668,3.08955223880597
rubber_carpet,straight,-180,-3.141592653589793,3.152698048220436,3.16354126801888
rubber_carpet,straight,-180,-3.141592653589793,2.7520091848450057,3.1506569715524937
rubber_carpet,straight,-180,-3.141592653589793,3.717566016073479,3.196326061997704
rubber_carpet,straight,-180,-3.141592653589793,3.073478760045924,3.16213802780967
rubber_carpet,straight,-180,-3.141592653589793,2.5855338691159586,3.1349661946676872
rubber_carpet,straight,-180,-3.141592653589793,2.774971297359357,3.1334353871667306
rubber_carpet,straight,-180,-3.141592653589793,3.225028702640643,3.3427733129225667
rubber_carpet,straight,-180,-3.141592653589793,3.499425947187141,3.257175660160735
rubber_carpet,straight,-180,-3.141592653589793,2.8828932261768085,3.073733894629417
rubber_carpet,straight,-180,-3.141592653589793,2.4902411021814013,3.0001275672917465
rubber_carpet,straight,-180,-3.141592653589793,2.754305396096441,3.0003827018752394
rubber_carpet,straight,-180,-3.141592653589793,3.468427095292767,2.9727005995662714
rubber_carpet,straight,-180,-3.141592653589793,3.247990815154994,2.9920908279117233
rubber_carpet,straight,-180,-3.141592653589793,2.6969001148105627,3.0044648552111237
rubber_carpet,straight,-180,-3.141592653589793,3.1435132032146957,3.045413955861717
rubber_carpet,straight,-180,-3.141592653589793,2.6590126291618827,2.9825232810307436
rubber_carpet,straight,-180,-3.141592653589793,3.7106773823191737,3.0059956627120807
rubber_carpet,straight,0,0.0,3.154994259471871,2.8608240847046815
rubber_carpet,straight,0,0.0,2.747416762342136,2.7867074882000256
rubber_carpet,straight,0,0.0,3.7784156142365095,2.9411914785049116
rubber_carpet,straight,0,0.0,2.2284730195177955,2.9077688480673554
rubber_carpet,straight,0,0.0,3.314580941446613,2.9432325551728535
rubber_carpet,straight,0,0.0,3.2617680826636053,2.9489730833014414
rubber_carpet,straight,0,0.0,2.172215843857635,2.8462814134455927
rubber_carpet,straight,0,0.0,3.0011481056257177,2.9165709911978563
rubber_carpet,straight,0,0.0,3.427095292766935,3.0095675468809797
rubber_carpet,straight,0,0.0,3.1228473019517797,3.0059956627120803
rubber_carpet,straight,0,0.0,2.5143513203214694,2.9800995024875623
rubber_carpet,straight,0,0.0,2.5820895522388057,2.847174384487817
rubber_carpet,straight,0,0.0,3.3628013777267505,2.973210868733257
rubber_carpet,straight,0,0.0,3.1354764638346726,2.953310371220819
rubber_carpet,straight,0,0.0,2.8874856486796787,2.911723434111494
rubber_carpet,straight,0,0.0,2.4064293915040187,2.9377471616277586
rubber_carpet,straight,0,0.0,2.7049368541905854,2.904834800357188
rubber_carpet,straight,0,0.0,3.2043628013777266,2.8800867457583874
rubber_carpet,straight,0,0.0,3.1067738231917335,2.878300803673938
rubber_carpet,straight,0,0.0,2.3708381171067736,2.8623548922056385
rubber_carpet,straight,-180,-3.141592653589793,1.5683122847301953,2.859931113662457
rubber_carpet,straight,-180,-3.141592653589793,4.3524684270952925,3.0668452608751116
rubber_carpet,straight,-180,-3.141592653589793,4.032146957520092,3.2088276565888503
rubber_carpet,straight,-180,-3.141592653589793,3.6360505166475314,3.2274524811838243
rubber_carpet,straight,-180,-3.141592653589793,2.6670493685419063,3.162903431560148
rubber_carpet,straight,-180,-3.141592653589793,3.446613088404133,3.2462048730705444
rubber_carpet,straight,-180,-3.141592653589793,3.404133180252583,3.2751626482969765
rubber_carpet,straight,-180,-3.141592653589793,2.7554535017221586,3.285878300803674
rubber_carpet,straight,-180,-3.141592653589793,2.5717566016073476,3.1593315473912487
rubber_carpet,straight,-180,-3.141592653589793,3.096440872560275,3.3291236127057022
rubber_carpet,straight,-180,-3.141592653589793,3.4431687715269805,3.228090317642556
rubber_carpet,straight,-180,-3.141592653589793,3.2261768082663607,3.138538078836586
rubber_carpet,straight,-180,-3.141592653589793,2.544202066590126,3.0172215843857635
rubber_carpet,straight,-180,-3.141592653589793,2.5442020665901266,3.003571884168899
rubber_carpet,straight,-180,-3.141592653589793,3.5154994259471875,3.0112259216736827
rubber_carpet,straight,-180,-3.141592653589793,3.557979334098737,3.0283199387677
rubber_carpet,straight,-180,-3.141592653589793,2.8828932261768085,3.0424799081515506
rubber_carpet,straight,-180,-3.141592653589793,2.812858783008037,3.0692690394182933
rubber_carpet,straight,-180,-3.141592653589793,2.6084959816303104,3.015052940426075
rubber_carpet,straight,-180,-3.141592653589793,3.3237657864523533,3.00178594208445
rubber_carpet,straight,0,0.0,3.08955223880597,2.918739635157545
rubber_carpet,straight,0,0.0,2.667049368541906,2.841433856359229
rubber_carpet,straight,0,0.0,3.717566016073479,2.9061104732746523
rubber_carpet,straight,0,0.0,2.2089552238805967,2.8307182038525323
rubber_carpet,straight,0,0.0,3.166475315729047,2.9151677509886462
rubber_carpet,straight,0,0.0,3.3191733639494836,2.983416252072969
rubber_carpet,straight,0,0.0,2.1974741676234215,2.871539737211379
rubber_carpet,straight,0,0.0,2.4672789896670495,2.800484755708636
rubber_carpet,straight,0,0.0,3.513203214695752,2.9274142109963006
rubber_carpet,straight,0,0.0,3.404133180252583,2.962367648934813
rubber_carpet,straight,0,0.0,2.555683122847302,2.9499936216354126
rubber_carpet,straight,0,0.0,2.6406429391504016,2.8303355019772933
rubber_carpet,straight,0,0.0,3.2985074626865676,2.951396861844623
rubber_carpet,straight,0,0.0,2.9586681974741675,2.9283071820385254
rubber_carpet,straight,0,0.0,2.932261768082664,2.88531700471999
rubber_carpet,straight,0,0.0,2.2893226176808263,2.8955223880597014
rubber_carpet,straight,0,0.0,2.5223880597014925,2.901645618063528
rubber_carpet,straight,0,0.0,3.0091848450057403,2.845643576986861
rubber_carpet,straight,0,0.0,3.267508610792193,2.8304630692690393
rubber_carpet,square,0,0.0,10.312284730195177,10.312284730195177
rubber_carpet,square,0,0.0,7.881745120551091,9.097014925373134
rubber_carpet,square,0,0.0,7.97703788748565,8.723689246077306
rubber_carpet,square,0,0.0,6.695752009184845,8.21670493685419
rubber_carpet,square,0,0.0,6.692307692307692,7.911825487944891
rubber_carpet,square,0,0.0,5.541905855338691,7.516838882510524
rubber_carpet,square,0,0.0,6.212399540757749,7.3304904051172715
rubber_carpet,square,0,0.0,5.322617680826636,7.079506314580941
rubber_carpet,square,0,0.0,4.632606199770379,6.807628524046434
rubber_carpet,square,0,0.0,5.205510907003445,6.240209210358464
rubber_carpet,square,0,0.0,4.656716417910448,5.881872687842837
rubber_carpet,square,0,0.0,4.205510907003444,5.462814134455925
rubber_carpet,square,0,0.0,4.524684270952927,5.22158438576349
rubber_carpet,square,0,0.0,4.056257175660161,4.928689883913765
rubber_carpet,square,0,0.0,3.2801377726750864,4.677382319173364
rubber_carpet,square,0,0.0,3.3134328358208958,4.355274907513714
rubber_carpet,square,0,0.0,3.2686567164179103,4.127057022579411
rubber_carpet,square,0,0.0,3.4029850746268657,3.9904324531190207
rubber_carpet,square,0,0.0,3.3008036739380024,3.778798316111749
rubber_carpet,square,90,1.5707963267948966,3.161882893226177,3.161882893226177
rubber_carpet,square,90,1.5707963267948966,9.026406429391503,6.094144661308841
rubber_carpet,square,90,1.5707963267948966,11.200918484500574,7.796402602372751
rubber_carpet,square,90,1.5707963267948966,13.49598163030999,9.221297359357061
rubber_carpet,square,90,1.5707963267948966,14.764638346727898,10.32996555683123
rubber_carpet,square,90,1.5707963267948966,13.345579793340988,10.832567929582856
rubber_carpet,square,90,1.5707963267948966,13.92996555683123,11.275053304904052
rubber_carpet,square,90,1.5707963267948966,12.567164179104477,11.436567164179104
rubber_carpet,square,90,1.5707963267948966,14.205510907003445,11.744227580048475
rubber_carpet,square,90,1.5707963267948966,12.919632606199771,12.828421992601099
rubber_carpet,square,90,1.5707963267948966,13.276693455797934,13.300676106646257
rubber_carpet,square,90,1.5707963267948966,13.864523536165327,13.596632223497895
rubber_carpet,square,90,1.5707963267948966,13.168771526980485,13.560275545350173
rubber_carpet,square,90,1.5707963267948966,13.129735935706085,13.378619721903304
rubber_carpet,square,90,1.5707963267948966,12.401836969001147,13.273759408087766
rubber_carpet,square,90,1.5707963267948966,13.210103329506316,13.193774716162777
rubber_carpet,square,90,1.5707963267948966,13.605051664753157,13.309095547901519
rubber_carpet,square,90,1.5707963267948966,13.034443168771526,13.178976910320195
rubber_carpet,square,90,1.5707963267948966,13.006888633754306,13.18867202449292
rubber_carpet,square,90,1.5707963267948966,12.864523536165327,13.142875366755964
rubber_carpet,square,90,1.5707963267948966,12.8105625717566,13.025768592932772
rubber_carpet,square,-180,-3.141592653589793,13.332950631458093,13.332950631458093
rubber_carpet,square,-180,-3.141592653589793,8.454649827784156,10.893800229621124
rubber_carpet,square,-180,-3.141592653589793,8.463834672789897,10.083811710677383
rubber_carpet,square,-180,-3.141592653589793,7.551090700344432,9.450631458094144
rubber_carpet,square,-180,-3.141592653589793,7.842709529276693,9.129047072330653
rubber_carpet,square,-180,-3.141592653589793,7.12743972445465,8.795445847684654
rubber_carpet,square,-180,-3.141592653589793,7.009184845005741,8.540265704444808
rubber_carpet,square,-180,-3.141592653589793,6.298507462686568,8.260045924225029
rubber_carpet,square,-180,-3.141592653589793,5.917336394948335,7.999744865416507
rubber_carpet,square,-180,-3.141592653589793,5.936854190585534,7.177956371986223
rubber_carpet,square,-180,-3.141592653589793,5.287026406429391,6.825998214057916
rubber_carpet,square,-180,-3.141592653589793,4.911595866819748,6.431305013394566
rubber_carpet,square,-180,-3.141592653589793,5.08955223880597,6.157800739890292
rubber_carpet,square,-180,-3.141592653589793,4.897818599311137,5.830590636560786
rubber_carpet,square,-180,-3.141592653589793,4.380022962112514,5.525322107411659
rubber_carpet,square,-180,-3.141592653589793,4.3076923076923075,5.225156269932389
rubber_carpet,square,-180,-3.141592653589793,4.384615384615384,5.012501594591146
rubber_carpet,square,-180,-3.141592653589793,4.134328358208955,4.814389590508993
rubber_carpet,square,-180,-3.141592653589793,4.052812858783009,4.605051664753157
rubber_carpet,square,-90,-1.5707963267948966,3.52353616532721,3.52353616532721
rubber_carpet,square,-90,-1.5707963267948966,7.810562571756601,5.667049368541906
rubber_carpet,square,-90,-1.5707963267948966,10.030998851894374,7.1216991963260625
rubber_carpet,square,-90,-1.5707963267948966,12.383467278989668,8.437141216991964
rubber_carpet,square,-90,-1.5707963267948966,13.68427095292767,9.486567164179105
rubber_carpet,square,-90,-1.5707963267948966,12.152698048220437,9.930922311519327
rubber_carpet,square,-90,-1.5707963267948966,14.238805970149254,10.546334262752174
rubber_carpet,square,-90,-1.5707963267948966,13.7646383467279,10.94862227324914
rubber_carpet,square,-90,-1.5707963267948966,13.111366245694601,11.188927159076412
rubber_carpet,square,-90,-1.5707963267948966,12.917336394948336,12.232682740145426
rubber_carpet,square,-90,-1.5707963267948966,13.345579793340988,12.847684653654802
rubber_carpet,square,-90,-1.5707963267948966,13.196326061997704,13.199387676999617
rubber_carpet,square,-90,-1.5707963267948966,13.247990815154994,13.295445847684654
rubber_carpet,square,-90,-1.5707963267948966,13.058553386911596,13.225921673682869
rubber_carpet,square,-90,-1.5707963267948966,12.895522388059701,13.308457711442786
rubber_carpet,square,-90,-1.5707963267948966,13.535017221584388,13.230258961602244
rubber_carpet,square,-90,-1.5707963267948966,13.094144661308842,13.15575966322235
rubber_carpet,square,-90,-1.5707963267948966,12.866819747416763,13.12858783008037
rubber_carpet,square,-90,-1.5707963267948966,12.180252583237658,13.046689628779182
rubber_carpet,square,-90,-1.5707963267948966,13.864523536165326,13.104350044648553
rubber_carpet,square,-90,-1.5707963267948966,13.704936854190587,13.160862354892206
rubber_carpet,square,0,0.0,2.321469575200919,3.519326444699579
rubber_carpet,square,0,0.0,4.695752009184845,3.57379767827529
rubber_carpet,square,0,0.0,3.690011481056257,3.48105625717566
rubber_carpet,square,0,0.0,3.150401836969001,3.3804056639877533
rubber_carpet,square,0,0.0,3.1182548794489096,3.3624186758515116
rubber_carpet,square,0,0.0,2.8541905855338694,3.3113917591529534
rubber_carpet,square,0,0.0,2.73593570608496,3.2522005357826256
rubber_carpet,square,0,0.0,3.0642939150401833,3.214568184717438
rubber_carpet,square,0,0.0,3.242250287026406,3.2080622528383724
rubber_carpet,square,0,0.0,3.1584385763490244,3.301058808521495
rubber_carpet,square,0,0.0,2.9965556831228475,3.112259216736829
rubber_carpet,square,0,0.0,2.47646383467279,2.9774205893608876
rubber_carpet,square,0,0.0,2.7657864523536166,2.934685546625845
rubber_carpet,square,0,0.0,3.064293915040184,2.9286898839137643
rubber_carpet,square,0,0.0,3.184845005740528,2.9654292639367266
rubber_carpet,square,0,0.0,2.7439724454649825,2.9663222349789513
rubber_carpet,square,0,0.0,2.5878300803673944,2.913381808904197
rubber_carpet,square,0,0.0,2.7910447761194033,2.8632478632478633
rubber_carpet,square,0,0.0,3.0815154994259473,2.8547008547008548
rubber_carpet,square,90,1.5707963267948966,2.7129735935706085,11.864013266998342
rubber_carpet,square,90,1.5707963267948966,10.741676234213548,11.598673300165837
rubber_carpet,square,90,1.5707963267948966,12.965556831228472,11.66130884041332
rubber_carpet,square,90,1.5707963267948966,13.176808266360506,11.657609388952672
rubber_carpet,square,90,1.5707963267948966,14.021814006888635,11.703916315856613
rubber_carpet,square,90,1.5707963267948966,15.190585533869116,11.943487689756346
rubber_carpet,square,90,1.5707963267948966,13.451205510907002,11.992856231662202
rubber_carpet,square,90,1.5707963267948966,13.73593570608496,12.089679806097717
rubber_carpet,square,90,1.5707963267948966,13.07577497129736,12.119147850491135
rubber_carpet,square,90,1.5707963267948966,13.47646383467279,13.315091210613598
rubber_carpet,square,90,1.5707963267948966,13.430539609644088,13.61385380788366
rubber_carpet,square,90,1.5707963267948966,13.430539609644088,13.665518561040948
rubber_carpet,square,90,1.5707963267948966,13.397244546498278,13.690011481056258
rubber_carpet,square,90,1.5707963267948966,12.838117106773822,13.558489603265723
rubber_carpet,square,90,1.5707963267948966,12.870264064293917,13.300676106646257
rubber_carpet,square,90,1.5707963267948966,13.20321469575201,13.273121571629035
rubber_carpet,square,90,1.5707963267948966,13.916188289322617,13.293149636433219
rubber_carpet,square,90,1.5707963267948966,13.087256027554536,13.294425309350682
rubber_carpet,square,90,1.5707963267948966,12.445464982778416,13.17986988136242
rubber_carpet,square,90,1.5707963267948966,13.463834672789897,13.183569332823064
rubber_carpet,square,-180,-3.141592653589793,13.316877152698048,5.497257303227452
rubber_carpet,square,-180,-3.141592653589793,8.367393800229621,5.881234851384105
rubber_carpet,square,-180,-3.141592653589793,8.399540757749714,6.249011353488965
rubber_carpet,square,-180,-3.141592653589793,7.5614236509758905,6.544967470340604
rubber_carpet,square,-180,-3.141592653589793,7.7646383467278985,6.92103584640898
rubber_carpet,square,-180,-3.141592653589793,7.289322617680827,7.252328103074372
rubber_carpet,square,-180,-3.141592653589793,6.789896670493685,7.519581579283072
rubber_carpet,square,-180,-3.141592653589793,6.424799081515499,7.774078326317132
rubber_carpet,square,-180,-3.141592653589793,5.87715269804822,7.976782752902155
rubber_carpet,square,-180,-3.141592653589793,5.929965556831229,7.156014797805843
rubber_carpet,square,-180,-3.141592653589793,5.563719862227325,6.844495471361143
rubber_carpet,square,-180,-3.141592653589793,4.96211251435132,6.462558999872432
rubber_carpet,square,-180,-3.141592653589793,4.788748564867968,6.154483990304886
rubber_carpet,square,-180,-3.141592653589793,4.667049368541905,5.810307437173109
rubber_carpet,square,-180,-3.141592653589793,4.2629161882893225,5.474040056129608
rubber_carpet,square,-180,-3.141592653589793,4.272101033295063,5.1942849853297615
rubber_carpet,square,-180,-3.141592653589793,4.1423650975889785,4.940681209337925
rubber_carpet,square,-180,-3.141592653589793,3.8748564867967854,4.718203852532211
rubber_carpet,square,-180,-3.141592653589793,3.602755453501722,4.459624952162265
rubber_carpet,square,-180,-3.141592653589793,3.6544202066590126,4.247480545988008
rubber_carpet,square,-90,-1.5707963267948966,3.307692307692308,12.056384742951908
rubber_carpet,square,-90,-1.5707963267948966,8.27898966704937,11.525322107411661
rubber_carpet,square,-90,-1.5707963267948966,10.580941446613087,11.268146447250924
rubber_carpet,square,-90,-1.5707963267948966,12.208955223880597,11.120806225283838
rubber_carpet,square,-90,-1.5707963267948966,12.390355912743974,11.042607475443297
rubber_carpet,square,-90,-1.5707963267948966,13.272101033295064,11.087638729429775
rubber_carpet,square,-90,-1.5707963267948966,13.69345579793341,11.255772419951525
rubber_carpet,square,-90,-1.5707963267948966,14.454649827784158,11.321342007909173
rubber_carpet,square,-90,-1.5707963267948966,14.225028702640644,11.379129991070291
rubber_carpet,square,-90,-1.5707963267948966,13.536165327210105,12.515626993238934
rubber_carpet,square,-90,-1.5707963267948966,13.929965556831228,13.143513203214697
rubber_carpet,square,-90,-1.5707963267948966,13.724454649827782,13.492792448016328
rubber_carpet,square,-90,-1.5707963267948966,13.62801377726751,13.650465620614874
rubber_carpet,square,-90,-1.5707963267948966,13.498277841561425,13.773568057150149
rubber_carpet,square,-90,-1.5707963267948966,13.749712973593569,13.826636050516647
rubber_carpet,square,-90,-1.5707963267948966,13.437428243398394,13.798188544457203
rubber_carpet,square,-90,-1.5707963267948966,13.966704936854192,13.743972445464983
rubber_carpet,square,-90,-1.5707963267948966,13.816303099885188,13.698558489603265
rubber_carpet,square,-90,-1.5707963267948966,13.629161882893229,13.708891440234725
rubber_carpet,square,-90,-1.5707963267948966,13.530424799081516,13.664498022706978
rubber_carpet,square,0,0.0,10.98966704936854,3.742824339839265
rubber_carpet,square,0,0.0,9.19288174512055,4.489092996555683
rubber_carpet,square,0,0.0,7.804822043628014,5.048985840030616
rubber_carpet,square,0,0.0,6.931113662456946,5.478632478632479
rubber_carpet,square,0,0.0,6.506314580941447,5.847684653654803
rubber_carpet,square,0,0.0,6.118254879448909,6.222604924097461
rubber_carpet,square,0,0.0,6.1630309988518945,6.619849470595739
rubber_carpet,square,0,0.0,5.827784156142365,6.957264957264957
rubber_carpet,square,0,0.0,5.47187141216992,7.222860058680954
rubber_carpet,square,0,0.0,5.533869115958668,6.6166602883020795
rubber_carpet,square,0,0.0,5.105625717566016,6.162520729684909
rubber_carpet,square,0,0.0,5.137772675086108,5.86618191095803
rubber_carpet,square,0,0.0,4.687715269804822,5.616915422885572
rubber_carpet,square,0,0.0,4.133180252583237,5.35323383084577
rubber_carpet,square,0,0.0,4.436280137772675,5.166347748437301
rubber_carpet,square,0,0.0,3.8909299655568317,4.913892078071182
rubber_carpet,square,0,0.0,3.769230769230769,4.685163923969895
rubber_carpet,square,0,0.0,3.4741676234213545,4.463196836331164
rubber_carpet,square,0,0.0,3.758897818599311,4.265977803291236
rubber_carpet,square,-90,-1.5707963267948966,3.8932261768082665,12.572139303482588
rubber_carpet,square,-90,-1.5707963267948966,7.494833524684272,11.890674830973339
rubber_carpet,square,-90,-1.5707963267948966,11.182548794489094,11.633371603520857
rubber_carpet,square,-90,-1.5707963267948966,13.68541905855339,11.62622783518306
rubber_carpet,square,-90,-1.5707963267948966,15.37313432835821,11.841306289067482
rubber_carpet,square,-90,-1.5707963267948966,15.34787600459242,11.994769741038398
rubber_carpet,square,-90,-1.5707963267948966,13.870264064293917,12.00076540375048
rubber_carpet,square,-90,-1.5707963267948966,14.18369690011481,12.062380405663989
rubber_carpet,square,-90,-1.5707963267948966,14.4247990815155,12.16175532593443
rubber_carpet,square,-90,-1.5707963267948966,14.115958668197473,13.297614491644342
rubber_carpet,square,-90,-1.5707963267948966,14.26980482204363,14.050389080239828
rubber_carpet,square,-90,-1.5707963267948966,14.765786452353614,14.44852659778033
rubber_carpet,square,-90,-1.5707963267948966,13.928817451205513,14.475570863630566
rubber_carpet,square,-90,-1.5707963267948966,14.847301951779563,14.417145044010717
rubber_carpet,square,-90,-1.5707963267948966,13.624569460390354,14.225666539099374
rubber_carpet,square,-90,-1.5707963267948966,13.092996555683122,14.139303482587064
rubber_carpet,square,-90,-1.5707963267948966,14.195177956371987,14.140579155504529
rubber_carpet,square,-90,-1.5707963267948966,13.326061997703787,14.018497257303228
rubber_carpet,square,-90,-1.5707963267948966,13.43857634902411,13.943232555172854
rubber_carpet,square,-90,-1.5707963267948966,13.247990815154996,13.82969766551856
rubber_carpet,square,-180,-3.141592653589793,13.213547646383466,5.164306671769358
rubber_carpet,square,-180,-3.141592653589793,9.060849598163031,5.638984564357698
rubber_carpet,square,-180,-3.141592653589793,8.354764638346728,6.048730705447124
rubber_carpet,square,-180,-3.141592653589793,7.771526980482204,6.4385763490241095
rubber_carpet,square,-180,-3.141592653589793,7.621125143513203,6.810690139048348
rubber_carpet,square,-180,-3.141592653589793,6.882893226176808,7.115193264446996
rubber_carpet,square,-180,-3.141592653589793,6.8783008036739375,7.448909299655568
rubber_carpet,square,-180,-3.141592653589793,6.714121699196327,7.794616660288302
rubber_carpet,square,-180,-3.141592653589793,5.663605051664753,8.017859420844495
rubber_carpet,square,-180,-3.141592653589793,6.02870264064294,7.219543309095548
rubber_carpet,square,-180,-3.141592653589793,5.214695752009185,6.7921928817451205
rubber_carpet,square,-180,-3.141592653589793,4.8541905855338685,6.403240209210358
rubber_carpet,square,-180,-3.141592653589793,5.211251435132032,6.118765148615895
rubber_carpet,square,-180,-3.141592653589793,4.946039035591274,5.821533358846791
rubber_carpet,square,-180,-3.141592653589793,4.487944890929966,5.5554279882638085
rubber_carpet,square,-180,-3.141592653589793,4.109070034443169,5.247735680571501
rubber_carpet,square,-180,-3.141592653589793,4.244546498277841,4.973338436025003
rubber_carpet,square,-180,-3.141592653589793,3.755453501722158,4.7613215971424925
rubber_carpet,square,-180,-3.141592653589793,3.2238805970149254,4.449674703406046
rubber_carpet,square,-180,-3.141592653589793,3.506314580941447,4.259854573287409
rubber_carpet,square,-180,-3.141592653589793,3.2858783008036743,4.085597652761832
rubber_carpet,square,90,1.5707963267948966,3.5361653272101035,12.084194412552623
rubber_carpet,square,90,1.5707963267948966,7.316877152698049,11.408598035463706
rubber_carpet,square,90,1.5707963267948966,10.977037887485649,11.2018114555428
rubber_carpet,square,90,1.5707963267948966,13.197474167623422,11.238168133690522
rubber_carpet,square,90,1.5707963267948966,14.747416762342134,11.409746141089425
rubber_carpet,square,90,1.5707963267948966,15.897818599311137,11.629927286643705
rubber_carpet,square,90,1.5707963267948966,14.20321469575201,11.7539226942212
rubber_carpet,square,90,1.5707963267948966,15.034443168771526,12.041586937109324
rubber_carpet,square,90,1.5707963267948966,15.15958668197474,12.230003827018754
rubber_carpet,square,90,1.5707963267948966,14.989667049368544,13.5026151294808
rubber_carpet,square,90,1.5707963267948966,14.733639494833527,14.326699834162522
rubber_carpet,square,90,1.5707963267948966,14.832376578645237,14.75507079984692
rubber_carpet,square,90,1.5707963267948966,14.546498277841563,14.904962367648936
rubber_carpet,square,90,1.5707963267948966,13.274397244546499,14.74129353233831
rubber_carpet,square,90,1.5707963267948966,13.81630309988519,14.510014032402093
rubber_carpet,square,90,1.5707963267948966,13.975889781859932,14.484755708636307
rubber_carpet,square,90,1.5707963267948966,13.66130884041332,14.332185227707619
rubber_carpet,square,90,1.5707963267948966,12.77841561423651,14.06761066462559
rubber_carpet,square,90,1.5707963267948966,13.036739380022963,13.850618701364972
rubber_carpet,square,90,1.5707963267948966,12.726750861079218,13.62763107539227
rubber_carpet,square,0,0.0,9.653272101033297,4.7712718458987124
rubber_carpet,square,0,0.0,8.85419058553387,5.1842071692817955
rubber_carpet,square,0,0.0,6.78760045924225,5.417527745885955
rubber_carpet,square,0,0.0,7.167623421354765,5.75468809797168
rubber_carpet,square,0,0.0,5.956371986222734,5.923587192243909
rubber_carpet,square,0,0.0,6.700344431687714,6.23574435514734
rubber_carpet,square,0,0.0,5.476463834672789,6.425436917974231
rubber_carpet,square,0,0.0,4.995407577497129,6.594463579538207
rubber_carpet,square,0,0.0,5.191733639494834,6.75366755963771
rubber_carpet,square,0,0.0,4.2663605051664755,6.155121826763618
rubber_carpet,square,0,0.0,4.428243398392652,5.663349917081261
rubber_carpet,square,0,0.0,4.683122847301951,5.429519071310115
rubber_carpet,square,0,0.0,4.2629161882893225,5.106773823191734
rubber_carpet,square,0,0.0,3.9621125143513205,4.885189437428243
rubber_carpet,square,0,0.0,3.960964408725603,4.580813879321342
rubber_carpet,square,0,0.0,3.6222732491389205,4.374792703150913
rubber_carpet,square,0,0.0,3.241102181400689,4.179869881362418
rubber_carpet,square,0,0.0,3.445464982778415,3.9858400306161506
rubber_carpet,square,0,0.0,3.422502870264064,3.892078071182549
rubber_carpet,square,-90,-1.5707963267948966,3.156142365097589,12.539737211379002
rubber_carpet,square,-90,-1.5707963267948966,8.458094144661308,11.931879066207424
rubber_carpet,square,-90,-1.5707963267948966,10.94833524684271,11.498660543436664
rubber_carpet,square,-90,-1.5707963267948966,13.384615384615387,11.471998979461667
rubber_carpet,square,-90,-1.5707963267948966,14.1894374282434,11.593825743079474
rubber_carpet,square,-90,-1.5707963267948966,14.583237657864526,11.636943487689756
rubber_carpet,square,-90,-1.5707963267948966,13.149253731343284,11.617298124760813
rubber_carpet,square,-90,-1.5707963267948966,14.096440872560276,11.690394182931497
rubber_carpet,square,-90,-1.5707963267948966,13.102181400688862,11.674193136879703
rubber_carpet,square,-90,-1.5707963267948966,14.547646383467278,12.939915805587448
rubber_carpet,square,-90,-1.5707963267948966,13.36280137772675,13.484883275928054
rubber_carpet,square,-90,-1.5707963267948966,13.489092996555682,13.767189692562827
rubber_carpet,square,-90,-1.5707963267948966,13.559127439724453,13.786579920908279
rubber_carpet,square,-90,-1.5707963267948966,13.955223880597016,13.760556193392015
rubber_carpet,square,-90,-1.5707963267948966,13.163030998851895,13.602755453501722
rubber_carpet,square,-90,-1.5707963267948966,12.789896670493684,13.5628268911851
rubber_carpet,square,-90,-1.5707963267948966,13.949483352468427,13.546498277841561
rubber_carpet,square,-90,-1.5707963267948966,14.200918484500574,13.668580176042862
rubber_carpet,square,-90,-1.5707963267948966,14.226176808266361,13.632861334353871
rubber_carpet,square,-90,-1.5707963267948966,12.78300803673938,13.56843985202194
rubber_carpet,square,-180,-3.141592653589793,13.097588978185993,4.961857379767827
rubber_carpet,square,-180,-3.141592653589793,9.709529276693457,5.491134073223626
rubber_carpet,square,-180,-3.141592653589793,8.809414466130884,5.971297359357061
rubber_carpet,square,-180,-3.141592653589793,8.296211251435132,6.436535272356168
rubber_carpet,square,-180,-3.141592653589793,7.591274397244546,6.808393927796913
rubber_carpet,square,-180,-3.141592653589793,7.672789896670493,7.243653527235618
rubber_carpet,square,-180,-3.141592653589793,6.343283582089553,7.590253858910575
rubber_carpet,square,-180,-3.141592653589793,6.808266360505166,7.9571373899732105
rubber_carpet,square,-180,-3.141592653589793,5.300803673938002,8.181017986988136
rubber_carpet,square,-180,-3.141592653589793,5.7956371986222734,7.369690011481056
rubber_carpet,square,-180,-3.141592653589793,5.493685419058553,6.90126291618829
rubber_carpet,square,-180,-3.141592653589793,4.994259471871412,6.477356805715015
rubber_carpet,square,-180,-3.141592653589793,4.809414466130884,6.089934940681209
rubber_carpet,square,-180,-3.141592653589793,5.165327210103329,5.820385253221074
rubber_carpet,square,-180,-3.141592653589793,4.412169919632606,5.458094144661309
rubber_carpet,square,-180,-3.141592653589793,3.9977037887485647,5.1974741676234215
rubber_carpet,square,-180,-3.141592653589793,3.9471871412169923,4.879576476591402
rubber_carpet,square,-180,-3.141592653589793,4.010332950631458,4.736190840668453
rubber_carpet,square,-180,-3.141592653589793,3.7095292766934556,4.504401071565251
rubber_carpet,square,-180,-3.141592653589793,3.0091848450057403,4.228345452226049
rubber_carpet,square,90,1.5707963267948966,3.2101033295063144,12.336267381043502
rubber_carpet,square,90,1.5707963267948966,8.19288174512055,11.630309988518944
rubber_carpet,square,90,1.5707963267948966,10.92881745120551,11.369690011481056
rubber_carpet,square,90,1.5707963267948966,12.624569460390354,11.237275162648295
rubber_carpet,square,90,1.5707963267948966,14.159586681974744,11.25768592932772
rubber_carpet,square,90,1.5707963267948966,14.355912743972446,11.334864140834291
rubber_carpet,square,90,1.5707963267948966,13.807118254879448,11.44916443423906
rubber_carpet,square,90,1.5707963267948966,14.468427095292768,11.608240847046817
rubber_carpet,square,90,1.5707963267948966,13.365097588978184,11.679168261257812
rubber_carpet,square,90,1.5707963267948966,13.370838117106775,12.80813879321342
rubber_carpet,square,90,1.5707963267948966,13.412169919632607,13.388059701492539
rubber_carpet,square,90,1.5707963267948966,13.833524684270952,13.71080494961092
rubber_carpet,square,90,1.5707963267948966,14.366245694603904,13.904324531190204
rubber_carpet,square,90,1.5707963267948966,13.274397244546497,13.805970149253731
rubber_carpet,square,90,1.5707963267948966,13.770378874856487,13.740910830463068
rubber_carpet,square,90,1.5707963267948966,13.176808266360506,13.670876387294298
rubber_carpet,square,90,1.5707963267948966,13.448909299655567,13.557596632223499
rubber_carpet,square,90,1.5707963267948966,14.444316877152698,13.67750988646511
rubber_carpet,square,90,1.5707963267948966,13.22617680826636,13.661436407705065
rubber_carpet,square,90,1.5707963267948966,14.020665901262916,13.729047072330655
rubber_carpet,square,0,0.0,10.901262916188289,4.61130246204873
rubber_carpet,square,0,0.0,8.336394948335245,5.017221584385763
rubber_carpet,square,0,0.0,8.14121699196326,5.448143895905089
rubber_carpet,square,0,0.0,6.828932261768083,5.766679423395841
rubber_carpet,square,0,0.0,6.614236509758898,6.061487434621763
rubber_carpet,square,0,0.0,6.2629161882893225,6.354892205638475
rubber_carpet,square,0,0.0,6.399540757749713,6.70582982523281
rubber_carpet,square,0,0.0,5.884041331802525,6.976782752902156
rubber_carpet,square,0,0.0,5.715269804822043,7.231534634519709
rubber_carpet,square,0,0.0,5.468427095292767,6.627886209975761
rubber_carpet,square,0,0.0,4.890929965556831,6.245056767444827
rubber_carpet,square,0,0.0,4.435132032146957,5.83326954968746
rubber_carpet,square,0,0.0,4.3972445464982775,5.563082025768592
rubber_carpet,square,0,0.0,4.180252583237658,5.292639367266233
rubber_carpet,square,0,0.0,3.9425947187141217,5.034825870646766
rubber_carpet,square,0,0.0,3.64638346727899,4.728919505038907
rubber_carpet,square,0,0.0,3.7428243398392653,4.491006505931879
rubber_carpet,square,0,0.0,3.587830080367394,4.254624314325807
rubber_carpet,square,0,0.0,3.4603903559127436,4.03150912106136
rubber_carpet,square,0,0.0,3.3134328358208953,3.8562316622018113
rubber_carpet,square,-90,-1.5707963267948966,3.071182548794489,12.410894246715142
rubber_carpet,square,-90,-1.5707963267948966,8.138920780711826,11.808649062380406
rubber_carpet,square,-90,-1.5707963267948966,11.036739380022961,11.484373006761066
rubber_carpet,square,-90,-1.5707963267948966,12.545350172215844,11.415741803801504
rubber_carpet,square,-90,-1.5707963267948966,14.330654420206658,11.58693710932517
rubber_carpet,square,-90,-1.5707963267948966,14.251435132032148,11.620487307054471
rubber_carpet,square,-90,-1.5707963267948966,12.253731343283583,11.404133180252582
rubber_carpet,square,-90,-1.5707963267948966,14.89207807118255,11.478122209465493
rubber_carpet,square,-90,-1.5707963267948966,12.082663605051666,11.400306161500191
rubber_carpet,square,-90,-1.5707963267948966,13.421354764638348,12.550325296593954
rubber_carpet,square,-90,-1.5707963267948966,13.84845005740528,13.184717438448782
rubber_carpet,square,-90,-1.5707963267948966,12.397244546498278,13.335884679168263
rubber_carpet,square,-90,-1.5707963267948966,12.597014925373134,13.34162520729685
rubber_carpet,square,-90,-1.5707963267948966,13.560275545350173,13.256027554535017
rubber_carpet,square,-90,-1.5707963267948966,13.212399540757751,13.140579155504529
rubber_carpet,square,-90,-1.5707963267948966,13.309988518943744,13.257941063911213
rubber_carpet,square,-90,-1.5707963267948966,13.79678530424799,13.13624186758515
rubber_carpet,square,-90,-1.5707963267948966,13.483352468427094,13.291873963515755
rubber_carpet,square,-90,-1.5707963267948966,13.626865671641792,13.31470850873836
rubber_carpet,square,-90,-1.5707963267948966,13.229621125143513,13.245949738487052
rubber_carpet,square,-180,-3.141592653589793,13.597014925373134,5.1842071692817955
rubber_carpet,square,-180,-3.141592653589793,10.040183696900115,5.765403750478378
rubber_carpet,square,-180,-3.141592653589793,8.402985074626866,6.1251435132032155
rubber_carpet,square,-180,-3.141592653589793,8.21239954075775,6.547391248883787
rubber_carpet,square,-180,-3.141592653589793,7.290470723306544,6.91325424161245
rubber_carpet,square,-180,-3.141592653589793,7.437428243398393,7.301058808521495
rubber_carpet,square,-180,-3.141592653589793,5.735935706084961,7.4927924480163295
rubber_carpet,square,-180,-3.141592653589793,6.636050516647532,7.817961474677893
rubber_carpet,square,-180,-3.141592653589793,5.690011481056258,8.11583110090573
rubber_carpet,square,-180,-3.141592653589793,4.93915040183697,7.153846153846154
rubber_carpet,square,-180,-3.141592653589793,5.453501722158439,6.644214823319301
rubber_carpet,square,-180,-3.141592653589793,4.920780711825489,6.257303227452482
rubber_carpet,square,-180,-3.141592653589793,5.182548794489093,5.920653144533741
rubber_carpet,square,-180,-3.141592653589793,4.834672789896671,5.6477867074882
rubber_carpet,square,-180,-3.141592653589793,4.714121699196326,5.3451970914657485
rubber_carpet,square,-180,-3.141592653589793,4.00918484500574,5.153335884679169
rubber_carpet,square,-180,-3.141592653589793,4.1423650975889785,4.876259727005996
rubber_carpet,square,-180,-3.141592653589793,4.005740528128587,4.689118510014033
rubber_carpet,square,-180,-3.141592653589793,3.6119402985074625,4.541650720755198
rubber_carpet,square,-180,-3.141592653589793,3.4328358208955225,4.317132287281542
rubber_carpet,square,90,1.5707963267948966,3.464982778415614,12.576986860568951
rubber_carpet,square,90,1.5707963267948966,8.462686567164178,11.92103584640898
rubber_carpet,square,90,1.5707963267948966,10.788748564867968,11.644852659778032
rubber_carpet,square,90,1.5707963267948966,12.64638346727899,11.519964281158313
rubber_carpet,square,90,1.5707963267948966,14.251435132032148,11.639367266232938
rubber_carpet,square,90,1.5707963267948966,14.299655568312282,11.733894629417016
rubber_carpet,square,90,1.5707963267948966,14.13662456946039,11.699706595228982
rubber_carpet,square,90,1.5707963267948966,14.501722158438575,11.841433856359227
rubber_carpet,square,90,1.5707963267948966,13.866819747416761,11.824339839265212
rubber_carpet,square,90,1.5707963267948966,14.43398392652124,13.04311774461028
rubber_carpet,square,90,1.5707963267948966,13.557979334098738,13.609261385380787
rubber_carpet,square,90,1.5707963267948966,13.35820895522388,13.894756984309222
rubber_carpet,square,90,1.5707963267948966,14.025258323765788,14.047965301696644
rubber_carpet,square,90,1.5707963267948966,13.475315729047075,13.961729812476081
rubber_carpet,square,90,1.5707963267948966,13.672789896670492,13.89207807118255
rubber_carpet,square,90,1.5707963267948966,13.21699196326062,13.789896670493684
rubber_carpet,square,90,1.5707963267948966,13.355912743972446,13.662584513330781
rubber_carpet,square,90,1.5707963267948966,13.430539609644088,13.614108942467151
rubber_carpet,square,90,1.5707963267948966,13.39609644087256,13.498788110728409
rubber_carpet,hourglass,-30,-0.5235987755982988,6.120551090700344,6.120551090700344
rubber_carpet,hourglass,-30,-0.5235987755982988,9.611940298507463,7.866245694603903
rubber_carpet,hourglass,-30,-0.5235987755982988,10.09988518943743,8.610792192881746
rubber_carpet,hourglass,-30,-0.5235987755982988,8.695752009184845,8.63203214695752
rubber_carpet,hourglass,-30,-0.5235987755982988,9.590126291618828,8.823650975889782
rubber_carpet,hourglass,-30,-0.5235987755982988,9.832376578645235,8.991771909682358
rubber_carpet,hourglass,-30,-0.5235987755982988,9.088404133180253,9.0055765130392
rubber_carpet,hourglass,-30,-0.5235987755982988,9.90126291618829,9.117537313432836
rubber_carpet,hourglass,-30,-0.5235987755982988,9.427095292766936,9.151932644469959
rubber_carpet,hourglass,-30,-0.5235987755982988,9.195177956371987,9.493557851766807
rubber_carpet,hourglass,-30,-0.5235987755982988,10.237657864523538,9.563082025768594
rubber_carpet,hourglass,-30,-0.5235987755982988,9.43857634902411,9.48960326572267
rubber_carpet,hourglass,-30,-0.5235987755982988,9.661308840413318,9.596887358081387
rubber_carpet,hourglass,-30,-0.5235987755982988,10.198622273249137,9.664498022706978
rubber_carpet,hourglass,-30,-0.5235987755982988,9.757749712973594,9.656206148743461
rubber_carpet,hourglass,-30,-0.5235987755982988,9.501722158438577,9.702130373772166
rubber_carpet,hourglass,-30,-0.5235987755982988,9.947187141216991,9.70723306544202
rubber_carpet,hourglass,-30,-0.5235987755982988,10.110218140068888,9.783135604031127
rubber_carpet,hourglass,-30,-0.5235987755982988,9.249138920780712,9.789131266743206
rubber_carpet,hourglass,-30,-0.5235987755982988,9.412169919632607,9.697410383977548
rubber_carpet,hourglass,90,1.5707963267948966,10.020665901262918,10.020665901262918
rubber_carpet,hourglass,90,1.5707963267948966,2.47646383467279,6.248564867967854
rubber_carpet,hourglass,90,1.5707963267948966,5.424799081515499,5.9739762724837355
rubber_carpet,hourglass,90,1.5707963267948966,8.350172215843857,6.568025258323766
rubber_carpet,hourglass,90,1.5707963267948966,11.179104477611942,7.4902411021814
rubber_carpet,hourglass,90,1.5707963267948966,13.274397244546497,8.454267125908917
rubber_carpet,hourglass,90,1.5707963267948966,14.557979334098738,9.326226012793176
rubber_carpet,hourglass,90,1.5707963267948966,13.80597014925373,9.886194029850746
rubber_carpet,hourglass,90,1.5707963267948966,15.21699196326062,10.478504911340732
rubber_carpet,hourglass,90,1.5707963267948966,13.919632606199771,10.911723434111494
rubber_carpet,hourglass,90,1.5707963267948966,13.68427095292767,12.157035336139815
rubber_carpet,hourglass,90,1.5707963267948966,14.020665901262916,13.112131649445082
rubber_carpet,hourglass,90,1.5707963267948966,13.65901262916188,13.702002806480419
rubber_carpet,hourglass,90,1.5707963267948966,13.773823191733639,13.990304885827275
rubber_carpet,hourglass,90,1.5707963267948966,13.487944890929967,14.014032402092104
rubber_carpet,hourglass,90,1.5707963267948966,13.931113662456946,13.94438066079857
rubber_carpet,hourglass,90,1.5707963267948966,13.67393800229621,13.929710422247735
rubber_carpet,hourglass,90,1.5707963267948966,13.452353616532722,13.733639494833524
rubber_carpet,hourglass,90,1.5707963267948966,13.092996555683122,13.64179104477612
rubber_carpet,hourglass,90,1.5707963267948966,13.141216991963262,13.581451715780073
rubber_carpet,hourglass,-150,-2.6179938779914944,13.91044776119403,13.91044776119403
rubber_carpet,hourglass,-150,-2.6179938779914944,5.370838117106774,9.640642939150402
rubber_carpet,hourglass,-150,-2.6179938779914944,4.260619977037887,7.8473019517795635
rubber_carpet,hourglass,-150,-2.6179938779914944,3.1963260619977034,6.684557979334099
rubber_carpet,hourglass,-150,-2.6179938779914944,3.508610792192882,6.049368541905855
rubber_carpet,hourglass,-150,-2.6179938779914944,2.8691159586681976,5.519326444699579
rubber_carpet,hourglass,-150,-2.6179938779914944,3.1228473019517793,5.176972281449893
rubber_carpet,hourglass,-150,-2.6179938779914944,3.5315729047072333,4.971297359357061
rubber_carpet,hourglass,-150,-2.6179938779914944,3.3960964408725607,4.796275035081005
rubber_carpet,hourglass,-150,-2.6179938779914944,3.9552238805970155,3.6901390483480037
rubber_carpet,hourglass,-150,-2.6179938779914944,5.090700344431688,3.6590126291618836
rubber_carpet,hourglass,-150,-2.6179938779914944,5.864523536165328,3.837224135731599
rubber_carpet,hourglass,-150,-2.6179938779914944,6.083811710677382,4.158055874473785
rubber_carpet,hourglass,-150,-2.6179938779914944,6.956371986222733,4.541140451588213
rubber_carpet,hourglass,-150,-2.6179938779914944,7.729047072330655,5.081132797550708
rubber_carpet,hourglass,-150,-2.6179938779914944,8.143513203214697,5.638984564357699
rubber_carpet,hourglass,-150,-2.6179938779914944,8.814006888633754,6.225921673682868
rubber_carpet,hourglass,-150,-2.6179938779914944,8.533869115958668,6.796785304247991
rubber_carpet,hourglass,-150,-2.6179938779914944,8.818599311136625,7.337160352085726
rubber_carpet,hourglass,150,2.6179938779914944,8.974741676234213,8.974741676234213
rubber_carpet,hourglass,150,2.6179938779914944,3.529276693455798,6.252009184845006
rubber_carpet,hourglass,150,2.6179938779914944,2.9678530424799083,5.157290470723306
rubber_carpet,hourglass,150,2.6179938779914944,2.657864523536165,4.532433983926521
rubber_carpet,hourglass,150,2.6179938779914944,3.2927669345579793,4.284500574052813
rubber_carpet,hourglass,150,2.6179938779914944,3.819747416762342,4.207041714504401
rubber_carpet,hourglass,150,2.6179938779914944,5.119402985074626,4.337379038871576
rubber_carpet,hourglass,150,2.6179938779914944,5.098737083811711,4.432548794489093
rubber_carpet,hourglass,150,2.6179938779914944,6.089552238805971,4.6166602883020795
rubber_carpet,hourglass,150,2.6179938779914944,6.8300803673938,4.378364587319811
rubber_carpet,hourglass,150,2.6179938779914944,7.017221584385764,4.765914019645363
rubber_carpet,hourglass,150,2.6179938779914944,7.97129735935706,5.321852277076157
rubber_carpet,hourglass,150,2.6179938779914944,7.8105625717566,5.894374282433983
rubber_carpet,hourglass,150,2.6179938779914944,8.398392652123995,6.461666028830209
rubber_carpet,hourglass,150,2.6179938779914944,9.14580941446613,7.0534506952417395
rubber_carpet,hourglass,150,2.6179938779914944,9.021814006888635,7.487051919887741
rubber_carpet,hourglass,150,2.6179938779914944,10.236509758897819,8.057915550452865
rubber_carpet,hourglass,150,2.6179938779914944,9.68427095292767,8.457328740910832
rubber_carpet,hourglass,150,2.6179938779914944,9.793340987370838,8.786579920908279
rubber_carpet,hourglass,150,2.6179938779914944,9.915040183696899,9.108559765276183
rubber_carpet,hourglass,150,2.6179938779914944,10.247990815154994,9.361525704809287
rubber_carpet,hourglass,-90,-1.5707963267948966,9.716417910447761,9.716417910447761
rubber_carpet,hourglass,-90,-1.5707963267948966,3.2009184845005745,6.458668197474168
rubber_carpet,hourglass,-90,-1.5707963267948966,5.772675086107922,6.230003827018753
rubber_carpet,hourglass,-90,-1.5707963267948966,8.766934557979335,6.864236509758898
rubber_carpet,hourglass,-90,-1.5707963267948966,10.677382319173365,7.626865671641792
rubber_carpet,hourglass,-90,-1.5707963267948966,12.941446613088404,8.512629161882893
rubber_carpet,hourglass,-90,-1.5707963267948966,14.812858783008037,9.412661964900773
rubber_carpet,hourglass,-90,-1.5707963267948966,13.059701492537313,9.86854190585534
rubber_carpet,hourglass,-90,-1.5707963267948966,14.149253731343283,10.344176553131778
rubber_carpet,hourglass,-90,-1.5707963267948966,14.393800229621124,10.863885699706595
rubber_carpet,hourglass,-90,-1.5707963267948966,13.653272101033295,12.025258323765787
rubber_carpet,hourglass,-90,-1.5707963267948966,14.428243398392652,12.986988136241868
rubber_carpet,hourglass,-90,-1.5707963267948966,12.846153846153847,13.440234723816813
rubber_carpet,hourglass,-90,-1.5707963267948966,13.646383467278989,13.770123740272993
rubber_carpet,hourglass,-90,-1.5707963267948966,13.938002296211252,13.880852149508865
rubber_carpet,hourglass,-90,-1.5707963267948966,13.143513203214697,13.695369307309605
rubber_carpet,hourglass,-90,-1.5707963267948966,13.103329506314582,13.70021686439597
rubber_carpet,hourglass,-90,-1.5707963267948966,13.500574052812858,13.628141344559255
rubber_carpet,hourglass,-90,-1.5707963267948966,14.072330654420208,13.592422502870265
rubber_carpet,hourglass,-90,-1.5707963267948966,12.89092996555683,13.507717821150656
rubber_carpet,hourglass,30,0.5235987755982988,12.45350172215844,12.45350172215844
rubber_carpet,hourglass,30,0.5235987755982988,5.535017221584385,8.994259471871413
rubber_carpet,hourglass,30,0.5235987755982988,4.455797933409874,7.481438959050901
rubber_carpet,hourglass,30,0.5235987755982988,3.0332950631458098,6.369402985074627
rubber_carpet,hourglass,30,0.5235987755982988,3.2365097588978187,5.742824339839266
rubber_carpet,hourglass,30,0.5235987755982988,3.002296211251435,5.286069651741294
rubber_carpet,hourglass,30,0.5235987755982988,2.757749712973594,4.924881089060194
rubber_carpet,hourglass,30,0.5235987755982988,2.9667049368541907,4.680109070034444
rubber_carpet,hourglass,30,0.5235987755982988,3.390355912743972,4.536803163668836
rubber_carpet,hourglass,30,0.5235987755982988,4.385763490241102,3.6403878045669082
rubber_carpet,hourglass,30,0.5235987755982988,5.251435132032147,3.6088786835055493
rubber_carpet,hourglass,30,0.5235987755982988,5.870264064293915,3.7660415869371087
rubber_carpet,hourglass,30,0.5235987755982988,6.762342135476463,4.1803801505294045
rubber_carpet,hourglass,30,0.5235987755982988,6.755453501722159,4.571373899732109
rubber_carpet,hourglass,30,0.5235987755982988,8.203214695752008,5.149253731343283
rubber_carpet,hourglass,30,0.5235987755982988,8.074626865671643,5.740017859420844
rubber_carpet,hourglass,30,0.5235987755982988,8.888633754305395,6.398009950248755
rubber_carpet,hourglass,30,0.5235987755982988,8.366245694603903,6.950886592677637
rubber_carpet,hourglass,30,0.5235987755982988,9.380022962112514,7.505804311774461
rubber_carpet,hourglass,-30,-0.5235987755982988,3.8289322617680823,9.074116596504657
rubber_carpet,hourglass,-30,-0.5235987755982988,5.366245694603904,8.59688735808139
rubber_carpet,hourglass,-30,-0.5235987755982988,3.3478760045924223,7.835693328230643
rubber_carpet,hourglass,-30,-0.5235987755982988,4.143513203214696,7.211889271590765
rubber_carpet,hourglass,-30,-0.5235987755982988,4.964408725602755,6.707743334609006
rubber_carpet,hourglass,-30,-0.5235987755982988,5.909299655568312,6.2590891695369315
rubber_carpet,hourglass,-30,-0.5235987755982988,6.69345579793341,5.879448909299656
rubber_carpet,hourglass,-30,-0.5235987755982988,6.277841561423651,5.549304758259982
rubber_carpet,hourglass,-30,-0.5235987755982988,7.540757749712973,5.341370072713357
rubber_carpet,hourglass,-30,-0.5235987755982988,7.001148105625718,5.693838499808649
rubber_carpet,hourglass,-30,-0.5235987755982988,8.917336394948334,6.088404133180252
rubber_carpet,hourglass,-30,-0.5235987755982988,8.630309988518944,6.6753412425054215
rubber_carpet,hourglass,-30,-0.5235987755982988,8.78760045924225,7.191350937619593
rubber_carpet,hourglass,-30,-0.5235987755982988,9.291618828932261,7.672152060211762
rubber_carpet,hourglass,90,1.5707963267948966,8.475315729047072,12.965301696644978
rubber_carpet,hourglass,90,1.5707963267948966,4.42939150401837,11.9397882382957
rubber_carpet,hourglass,90,1.5707963267948966,7.532721010332951,11.24633244036229
rubber_carpet,hourglass,90,1.5707963267948966,9.939150401836969,10.85202194157418
rubber_carpet,hourglass,90,1.5707963267948966,12.022962112514351,10.64000510269167
rubber_carpet,hourglass,90,1.5707963267948966,12.812858783008037,10.544329633881874
rubber_carpet,hourglass,90,1.5707963267948966,14.600459242250288,10.67189692562827
rubber_carpet,hourglass,90,1.5707963267948966,14.31687715269805,10.807883658629928
rubber_carpet,hourglass,90,1.5707963267948966,13.90241102181401,10.892460773057788
rubber_carpet,hourglass,90,1.5707963267948966,13.360505166475317,11.435259599438705
rubber_carpet,hourglass,90,1.5707963267948966,13.791044776119403,12.47544329633882
rubber_carpet,hourglass,90,1.5707963267948966,12.752009184845004,13.055364204617938
rubber_carpet,hourglass,90,1.5707963267948966,14.512055109070035,13.563464727643831
rubber_carpet,hourglass,90,1.5707963267948966,13.946039035591275,13.777139941319046
rubber_carpet,hourglass,90,1.5707963267948966,13.235361653272102,13.82408470468172
rubber_carpet,hourglass,90,1.5707963267948966,13.544202066590127,13.706722796275036
rubber_carpet,hourglass,-150,-2.6179938779914944,14.014925373134329,8.328740910830463
rubber_carpet,hourglass,-150,-2.6179938779914944,5.078071182548794,8.241357315984182
rubber_carpet,hourglass,-150,-2.6179938779914944,4.168771526980483,8.028575073351192
rubber_carpet,hourglass,-150,-2.6179938779914944,3.399540757749713,7.633371603520857
rubber_carpet,hourglass,-150,-2.6179938779914944,3.0424799081515497,7.112641918612068
rubber_carpet,hourglass,-150,-2.6179938779914944,3.140068886337543,6.556703661181273
rubber_carpet,hourglass,-150,-2.6179938779914944,3.106773823191733,5.922566653909937
rubber_carpet,hourglass,-150,-2.6179938779914944,3.113662456946039,5.320321469575202
rubber_carpet,hourglass,-150,-2.6179938779914944,3.6394948335246844,4.744865416507207
rubber_carpet,hourglass,-150,-2.6179938779914944,4.235361653272101,3.658247225411404
rubber_carpet,hourglass,-150,-2.6179938779914944,4.964408725602755,3.645618063528511
rubber_carpet,hourglass,-150,-2.6179938779914944,5.7543053960964405,3.821788493430285
rubber_carpet,hourglass,-150,-2.6179938779914944,6.653272101033295,4.183314198239572
rubber_carpet,hourglass,-150,-2.6179938779914944,6.958668197474168,4.618446230386529
rubber_carpet,hourglass,150,2.6179938779914944,7.013777267508611,9.272994004337288
rubber_carpet,hourglass,150,2.6179938779914944,3.167623421354765,8.691797423140706
rubber_carpet,hourglass,150,2.6179938779914944,3.520091848450057,8.066717693583364
rubber_carpet,hourglass,150,2.6179938779914944,3.3926521239954077,7.4412552621507855
rubber_carpet,hourglass,150,2.6179938779914944,4.75889781859931,6.832631713228728
rubber_carpet,hourglass,150,2.6179938779914944,5.168771526980482,6.330909554790151
rubber_carpet,hourglass,150,2.6179938779914944,5.972445464982778,5.906365607858145
rubber_carpet,hourglass,150,2.6179938779914944,7.138920780711826,5.597907896415359
rubber_carpet,hourglass,150,2.6179938779914944,7.026406429391504,5.239954075774971
rubber_carpet,hourglass,150,2.6179938779914944,8.072330654420208,5.357571118765149
rubber_carpet,hourglass,150,2.6179938779914944,7.455797933409873,5.834034953437938
rubber_carpet,hourglass,150,2.6179938779914944,8.636050516647533,6.40247480545988
rubber_carpet,hourglass,150,2.6179938779914944,9.042479908151549,7.030233448143896
rubber_carpet,hourglass,150,2.6179938779914944,9.384615384615383,7.544202066590127
rubber_carpet,hourglass,150,2.6179938779914944,10.365097588978184,8.121571629034314
rubber_carpet,hourglass,-90,-1.5707963267948966,9.120551090700344,12.917974231407067
rubber_carpet,hourglass,-90,-1.5707963267948966,4.094144661308841,11.945528766424289
rubber_carpet,hourglass,-90,-1.5707963267948966,7.181400688863375,11.227197346600333
rubber_carpet,hourglass,-90,-1.5707963267948966,9.597014925373134,10.744865416507208
rubber_carpet,hourglass,-90,-1.5707963267948966,11.368541905855338,10.54764638346728
rubber_carpet,hourglass,-90,-1.5707963267948966,12.650975889781858,10.4973848705192
rubber_carpet,hourglass,-90,-1.5707963267948966,14.76923076923077,10.638346727898966
rubber_carpet,hourglass,-90,-1.5707963267948966,14.715269804822045,10.709784411276948
rubber_carpet,hourglass,-90,-1.5707963267948966,14.353616532721011,10.872305140961858
rubber_carpet,hourglass,-90,-1.5707963267948966,14.444316877152698,11.463834672789897
rubber_carpet,hourglass,-90,-1.5707963267948966,14.072330654420208,12.572522005357825
rubber_carpet,hourglass,-90,-1.5707963267948966,13.274397244546499,13.249521622655951
rubber_carpet,hourglass,-90,-1.5707963267948966,14.383467278989666,13.781349661946678
rubber_carpet,hourglass,-90,-1.5707963267948966,13.0849598163031,13.97206276310754
rubber_carpet,hourglass,-90,-1.5707963267948966,14.156142365097587,14.139303482587064
rubber_carpet,hourglass,30,0.5235987755982988,14.029850746268657,8.481183824467406
rubber_carpet,hourglass,30,0.5235987755982988,5.708381171067738,8.463196836331164
rubber_carpet,hourglass,30,0.5235987755982988,4.190585533869116,8.177446102819237
rubber_carpet,hourglass,30,0.5235987755982988,3.4569460390355915,7.810945273631841
rubber_carpet,hourglass,30,0.5235987755982988,3.0528128587830077,7.238678402857507
rubber_carpet,hourglass,30,0.5235987755982988,2.912743972445465,6.6651358591657095
rubber_carpet,hourglass,30,0.5235987755982988,3.1997703788748564,6.033039928562316
rubber_carpet,hourglass,30,0.5235987755982988,2.712973593570609,5.404898584003061
rubber_carpet,hourglass,30,0.5235987755982988,3.1928817451205513,4.717438448781732
rubber_carpet,hourglass,30,0.5235987755982988,4.34902411021814,3.6417910447761193
rubber_carpet,hourglass,30,0.5235987755982988,5.2319173363949485,3.5888506187013647
rubber_carpet,hourglass,30,0.5235987755982988,6.220436280137773,3.814389590508993
rubber_carpet,hourglass,30,0.5235987755982988,6.194029850746269,4.118510014032402
rubber_carpet,hourglass,30,0.5235987755982988,7.4959816303099895,4.612195433090956
rubber_carpet,hourglass,30,0.5235987755982988,7.482204362801377,5.119913254241613
rubber_carpet,hourglass,30,0.5235987755982988,5.358208955223881,5.359739762724838
rubber_carpet,hourglass,30,0.5235987755982988,9.363949483352469,6.09873708381171
rubber_carpet,hourglass,30,0.5235987755982988,9.58553386911596,6.8090317642556455
rubber_carpet,hourglass,30,0.5235987755982988,9.034443168771526,7.329633881872689
rubber_carpet,hourglass,30,0.5235987755982988,9.477611940298509,7.801377726750862
rubber_carpet,hourglass,30,0.5235987755982988,9.370838117106775,8.151422375302973
rubber_carpet,hourglass,30,0.5235987755982988,9.0195177956372,8.465365480290853
rubber_carpet,hourglass,30,0.5235987755982988,9.907003444316876,8.733256792958286
rubber_carpet,hourglass,30,0.5235987755982988,9.803673938002296,8.991197856869498
rubber_carpet,hourglass,30,0.5235987755982988,10.36280137772675,9.54726368159204
rubber_carpet,hourglass,30,0.5235987755982988,9.979334098737084,9.615639749968109
rubber_carpet,hourglass,30,0.5235987755982988,10.052812858783009,9.66755963770889
rubber_carpet,hourglass,30,0.5235987755982988,10.734787600459242,9.856486796785305
rubber_carpet,hourglass,30,0.5235987755982988,10.489092996555682,9.968873580813879
rubber_carpet,hourglass,30,0.5235987755982988,9.833524684270955,10.020283199387677
rubber_carpet,hourglass,-90,-1.5707963267948966,10.803673938002296,13.698686056895014
rubber_carpet,hourglass,-90,-1.5707963267948966,2.794489092996556,12.37415486669218
rubber_carpet,hourglass,-90,-1.5707963267948966,5.569460390355912,11.398137517540501
rubber_carpet,hourglass,-90,-1.5707963267948966,8.24110218140069,10.708891440234723
rubber_carpet,hourglass,-90,-1.5707963267948966,10.772675086107922,10.342263043755581
rubber_carpet,hourglass,-90,-1.5707963267948966,12.889781859931114,10.299528001020539
rubber_carpet,hourglass,-90,-1.5707963267948966,14.083811710677383,10.26623293787473
rubber_carpet,hourglass,-90,-1.5707963267948966,14.168771526980484,10.386656461283327
rubber_carpet,hourglass,-90,-1.5707963267948966,13.823191733639495,10.349661946676873
rubber_carpet,hourglass,-90,-1.5707963267948966,14.547646383467278,10.76565888506187
rubber_carpet,hourglass,-90,-1.5707963267948966,12.572904707233066,11.852149508865928
rubber_carpet,hourglass,-90,-1.5707963267948966,14.177956371986223,12.808649062380406
rubber_carpet,hourglass,-90,-1.5707963267948966,13.33409873708381,13.37453756856742
rubber_carpet,hourglass,-90,-1.5707963267948966,12.381171067738233,13.55325934430412
rubber_carpet,hourglass,-90,-1.5707963267948966,13.517795637198624,13.623038652889399
rubber_carpet,hourglass,150,2.6179938779914944,13.731343283582088,8.98367138665646
rubber_carpet,hourglass,150,2.6179938779914944,5.133180252583238,8.760811327975508
rubber_carpet,hourglass,150,2.6179938779914944,3.8714121699196324,8.410256410256409
rubber_carpet,hourglass,150,2.6179938779914944,3.5797933409873712,7.911085597652762
rubber_carpet,hourglass,150,2.6179938779914944,2.7462686567164183,7.387804566909044
rubber_carpet,hourglass,150,2.6179938779914944,3.327210103329506,6.797933409873708
rubber_carpet,hourglass,150,2.6179938779914944,3.580941446613088,6.191095803036101
rubber_carpet,hourglass,150,2.6179938779914944,2.911595866819747,5.471871412169919
rubber_carpet,hourglass,150,2.6179938779914944,3.979334098737084,4.762342135476463
rubber_carpet,hourglass,150,2.6179938779914944,4.8300803673938,3.773312922566654
rubber_carpet,hourglass,150,2.6179938779914944,5.811710677382319,3.8487051919887736
rubber_carpet,hourglass,150,2.6179938779914944,5.810562571756601,4.064166347748436
rubber_carpet,hourglass,150,2.6179938779914944,7.357060849598163,4.48386273759408
rubber_carpet,hourglass,150,2.6179938779914944,7.316877152698048,4.9917081260364835
rubber_carpet,hourglass,-150,-2.6179938779914944,8.654420206659013,5.23115193264447
rubber_carpet,hourglass,-150,-2.6179938779914944,3.407577497129736,5.264574563082026
rubber_carpet,hourglass,-150,-2.6179938779914944,2.8013777267508617,5.229876259727006
rubber_carpet,hourglass,-150,-2.6179938779914944,3.2204362801377724,5.183314198239572
rubber_carpet,hourglass,-150,-2.6179938779914944,3.82548794489093,5.137772675086108
rubber_carpet,hourglass,-150,-2.6179938779914944,5.343283582089553,5.179869881362419
rubber_carpet,hourglass,-150,-2.6179938779914944,5.7887485648679675,5.1836969001148105
rubber_carpet,hourglass,-150,-2.6179938779914944,6.407577497129736,5.1563974996810815
rubber_carpet,hourglass,-150,-2.6179938779914944,7.088404133180252,5.170812603648425
rubber_carpet,hourglass,-150,-2.6179938779914944,7.800229621125143,5.075902538589106
rubber_carpet,hourglass,-150,-2.6179938779914944,8.228473019517795,5.611557596632223
rubber_carpet,hourglass,-150,-2.6179938779914944,8.832376578645237,6.281668580176042
rubber_carpet,hourglass,-150,-2.6179938779914944,8.77382319173364,6.8987115703533615
rubber_carpet,hourglass,-150,-2.6179938779914944,9.49942594718714,7.529149126164051
rubber_carpet,hourglass,-150,-2.6179938779914944,9.006888633754306,7.9362163541268025
rubber_carpet,hourglass,90,1.5707963267948966,10.360505166475315,13.267125908916954
rubber_carpet,hourglass,90,1.5707963267948966,4.329506314580941,12.203469830335502
rubber_carpet,hourglass,90,1.5707963267948966,7.398392652123995,11.541012884296466
rubber_carpet,hourglass,90,1.5707963267948966,9.791044776119401,11.096568439852023
rubber_carpet,hourglass,90,1.5707963267948966,12.498277841561423,11.068376068376068
rubber_carpet,hourglass,90,1.5707963267948966,14.878300803673937,11.10907003444317
rubber_carpet,hourglass,90,1.5707963267948966,15.67164179104478,11.300803673938
rubber_carpet,hourglass,90,1.5707963267948966,14.788748564867968,11.473402219670877
rubber_carpet,hourglass,90,1.5707963267948966,15.036739380022963,11.639239698941191
rubber_carpet,hourglass,90,1.5707963267948966,14.765786452353618,12.128715397372114
rubber_carpet,hourglass,90,1.5707963267948966,14.39609644087256,13.247225411404516
rubber_carpet,hourglass,90,1.5707963267948966,14.206659012629162,14.003699451460646
rubber_carpet,hourglass,90,1.5707963267948966,14.421354764638346,14.518178339073861
rubber_carpet,hourglass,90,1.5707963267948966,12.983926521239953,14.572139303482588
rubber_carpet,hourglass,90,1.5707963267948966,13.184845005740526,14.383977548156654
rubber_carpet,hourglass,-30,-0.5235987755982988,13.563719862227325,8.522643194284985
rubber_carpet,hourglass,-30,-0.5235987755982988,5.78300803673938,8.421482331930093
rubber_carpet,hourglass,-30,-0.5235987755982988,4.597014925373134,8.23472381681337
rubber_carpet,hourglass,-30,-0.5235987755982988,3.38691159586682,7.773185355274908
rubber_carpet,hourglass,-30,-0.5235987755982988,3.2192881745120556,7.352978696262277
rubber_carpet,hourglass,-30,-0.5235987755982988,3.237657864523536,6.721903303992856
rubber_carpet,hourglass,-30,-0.5235987755982988,2.8530424799081513,6.079984691924991
rubber_carpet,hourglass,-30,-0.5235987755982988,2.5912743972445464,5.391504018369691
rubber_carpet,hourglass,-30,-0.5235987755982988,3.422502870264064,4.739380022962113
rubber_carpet,hourglass,-30,-0.5235987755982988,4.2043628013777266,3.6994514606454905
rubber_carpet,hourglass,-30,-0.5235987755982988,4.943742824339839,3.606199770378875
rubber_carpet,hourglass,-30,-0.5235987755982988,5.793340987370837,3.73912488837862
rubber_carpet,hourglass,-30,-0.5235987755982988,6.8714121699196316,4.126291618828932
rubber_carpet,hourglass,-30,-0.5235987755982988,6.88748564867968,4.533869115958669
rubber_carpet,hourglass,-30,-0.5235987755982988,7.9092996555683115,5.052940426074754
rubber_carpet,hourglass,30,0.5235987755982988,6.979334098737083,9.79359612195433
rubber_carpet,hourglass,30,0.5235987755982988,10.626865671641792,9.873580813879322
rubber_carpet,hourglass,30,0.5235987755982988,11.210103329506314,10.029850746268657
rubber_carpet,hourglass,30,0.5235987755982988,9.56142365097589,9.940808776629673
rubber_carpet,hourglass,30,0.5235987755982988,9.16073478760046,9.849853297614493
rubber_carpet,hourglass,30,0.5235987755982988,9.82548794489093,9.824594973848706
rubber_carpet,hourglass,30,0.5235987755982988,10.032146957520093,9.746523791299913
rubber_carpet,hourglass,30,0.5235987755982988,9.072330654420206,9.589105753284858
rubber_carpet,hourglass,30,0.5235987755982988,9.07118254879449,9.504401071565251
rubber_carpet,hourglass,30,0.5235987755982988,11.07003444316877,9.95892333205766
rubber_carpet,hourglass,30,0.5235987755982988,9.970149253731345,9.885954841178723
rubber_carpet,hourglass,30,0.5235987755982988,9.270952927669345,9.670493685419059
rubber_carpet,hourglass,30,0.5235987755982988,10.09414466130884,9.729684908789388
rubber_carpet,hourglass,30,0.5235987755982988,10.494833524684271,9.877918101798699
rubber_carpet,hourglass,30,0.5235987755982988,9.9804822043628,9.895139686184462
rubber_carpet,hourglass,-90,-1.5707963267948966,10.253731343283583,13.19747416762342
rubber_carpet,hourglass,-90,-1.5707963267948966,2.74052812858783,11.927669345579794
rubber_carpet,hourglass,-90,-1.5707963267948966,5.677382319173364,11.022579410639112
rubber_carpet,hourglass,-90,-1.5707963267948966,8.269804822043627,10.32504145936982
rubber_carpet,hourglass,-90,-1.5707963267948966,10.492537313432836,10.093889526725347
rubber_carpet,hourglass,-90,-1.5707963267948966,12.769230769230768,9.937364459752521
rubber_carpet,hourglass,-90,-1.5707963267948966,13.91044776119403,10.001403240209209
rubber_carpet,hourglass,-90,-1.5707963267948966,13.921928817451205,10.172598545732875
rubber_carpet,hourglass,-90,-1.5707963267948966,14.042479908151552,10.230896798060977
rubber_carpet,hourglass,-90,-1.5707963267948966,13.459242250287025,10.587064676616915
rubber_carpet,hourglass,-90,-1.5707963267948966,14.158438576349022,11.855721393034825
rubber_carpet,hourglass,-90,-1.5707963267948966,13.709529276693457,12.748182166092612
rubber_carpet,hourglass,-90,-1.5707963267948966,12.703788748564865,13.240847046817196
rubber_carpet,hourglass,-90,-1.5707963267948966,13.036739380022963,13.52353616532721
rubber_carpet,hourglass,-90,-1.5707963267948966,12.603903559127442,13.505166475315727
rubber_carpet,hourglass,150,2.6179938779914944,13.018369690011479,6.068503635667814
rubber_carpet,hourglass,150,2.6179938779914944,4.773823191733639,6.2010460517923205
rubber_carpet,hourglass,150,2.6179938779914944,3.4087256027554527,6.25628268911851
rubber_carpet,hourglass,150,2.6179938779914944,3.1779563719862227,6.167240719479525
rubber_carpet,hourglass,150,2.6179938779914944,3.0964408725602754,5.974614108942467
rubber_carpet,hourglass,150,2.6179938779914944,2.6647531572904706,5.624952162265595
rubber_carpet,hourglass,150,2.6179938779914944,3.078071182548794,5.321342007909172
rubber_carpet,hourglass,150,2.6179938779914944,2.8771526980482207,4.823574435514733
rubber_carpet,hourglass,150,2.6179938779914944,3.9678530424799083,4.451460645490496
rubber_carpet,hourglass,150,2.6179938779914944,4.2525832376578645,3.477484373006761
rubber_carpet,hourglass,150,2.6179938779914944,6.096440872560276,3.624441893098609
rubber_carpet,hourglass,150,2.6179938779914944,6.342135476463835,3.9503763235106515
rubber_carpet,hourglass,150,2.6179938779914944,7.195177956371985,4.3967342773312925
rubber_carpet,hourglass,150,2.6179938779914944,7.359357060849598,4.870391631585662
rubber_carpet,hourglass,150,2.6179938779914944,7.789896670493685,5.439852021941574
rubber_carpet,hourglass,-150,-2.6179938779914944,7.980482204362802,8.179742314070673
rubber_carpet,hourglass,-150,-2.6179938779914944,3.420206659012629,7.847812220946549
rubber_carpet,hourglass,-150,-2.6179938779914944,2.8897818599311136,7.381298635029978
rubber_carpet,hourglass,-150,-2.6179938779914944,3.0275545350172215,6.851001403240209
rubber_carpet,hourglass,-150,-2.6179938779914944,4.043628013777267,6.386018624824596
rubber_carpet,hourglass,-150,-2.6179938779914944,4.827784156142365,5.941063911213165
rubber_carpet,hourglass,-150,-2.6179938779914944,5.483352468427096,5.5754560530679935
rubber_carpet,hourglass,-150,-2.6179938779914944,6.580941446613089,5.251179997448655
rubber_carpet,hourglass,-150,-2.6179938779914944,7.1010332950631465,5.039418293149637
rubber_carpet,hourglass,-150,-2.6179938779914944,7.681974741676235,5.006250797295574
rubber_carpet,hourglass,-150,-2.6179938779914944,8.01836969001148,5.5171578007398905
rubber_carpet,hourglass,-150,-2.6179938779914944,7.663605051664752,6.047582599821406
rubber_carpet,hourglass,-150,-2.6179938779914944,8.250287026406431,6.627886209975762
rubber_carpet,hourglass,-150,-2.6179938779914944,8.747416762342135,7.150529404260748
rubber_carpet,hourglass,-150,-2.6179938779914944,9.512055109070035,7.671003954586045
rubber_carpet,hourglass,90,1.5707963267948966,9.309988518943744,13.677127184589871
rubber_carpet,hourglass,90,1.5707963267948966,4.785304247990815,12.565633371603521
rubber_carpet,hourglass,90,1.5707963267948966,7.524684270952928,11.73096058170685
rubber_carpet,hourglass,90,1.5707963267948966,10.12284730195178,11.215078453884423
rubber_carpet,hourglass,90,1.5707963267948966,12.161882893226176,10.966832504145936
rubber_carpet,hourglass,90,1.5707963267948966,13.20206659012629,10.85521112386784
rubber_carpet,hourglass,90,1.5707963267948966,14.163030998851893,10.8265084832249
rubber_carpet,hourglass,90,1.5707963267948966,13.340987370838116,10.866181910958028
rubber_carpet,hourglass,90,1.5707963267948966,14.25947187141217,10.985584896032655
rubber_carpet,hourglass,90,1.5707963267948966,13.931113662456946,11.499043245311903
rubber_carpet,hourglass,90,1.5707963267948966,14.242250287026408,12.549815027426968
rubber_carpet,hourglass,90,1.5707963267948966,14.692307692307693,13.34621762979972
rubber_carpet,hourglass,90,1.5707963267948966,13.370838117106773,13.707105498150275
rubber_carpet,hourglass,90,1.5707963267948966,13.512055109070035,13.857124633244036
rubber_carpet,hourglass,90,1.5707963267948966,13.600459242250286,13.901390483480036
rubber_carpet,hourglass,-30,-0.5235987755982988,13.027554535017222,6.183441765531318
rubber_carpet,hourglass,-30,-0.5235987755982988,5.3145809414466125,6.48603138155377
rubber_carpet,hourglass,-30,-0.5235987755982988,4.584385763490242,6.615129480801122
rubber_carpet,hourglass,-30,-0.5235987755982988,3.3777267508610795,6.523281030743717
rubber_carpet,hourglass,-30,-0.5235987755982988,3.486796785304248,6.361398137517541
rubber_carpet,hourglass,-30,-0.5235987755982988,2.7680826636050515,6.025258323765787
rubber_carpet,hourglass,-30,-0.5235987755982988,3.0551090700344434,5.601224646000766
rubber_carpet,hourglass,-30,-0.5235987755982988,3.359357060849598,5.20921035846409
rubber_carpet,hourglass,-30,-0.5235987755982988,3.0769230769230766,4.672279627503508
rubber_carpet,hourglass,-30,-0.5235987755982988,4.576349024110218,3.7332567929582856
rubber_carpet,hourglass,-30,-0.5235987755982988,5.339839265212399,3.736063273376706
rubber_carpet,hourglass,-30,-0.5235987755982988,5.849598163030999,3.876642428881235
rubber_carpet,hourglass,-30,-0.5235987755982988,6.412169919632606,4.213802780966961
rubber_carpet,hourglass,-30,-0.5235987755982988,7.164179104477612,4.622400816430667
rubber_carpet,hourglass,-30,-0.5235987755982988,7.90126291618829,5.192754177828805
cell_carpet,straight,0,0.0,0.001148105625717566,0.001148105625717566
cell_carpet,straight,0,0.0,3.34443168771527,1.672789896670494
cell_carpet,straight,0,0.0,2.073478760045924,1.8063528511289706
cell_carpet,straight,0,0.0,1.711825487944891,1.7827210103329507
cell_carpet,straight,0,0.0,1.7428243398392653,1.7747416762342136
cell_carpet,straight,0,0.0,1.7428243398392653,1.7694221201683888
cell_carpet,straight,0,0.0,1.5947187141216992,1.7444644907331475
cell_carpet,straight,0,0.0,1.7646383467278992,1.7469862227324915
cell_carpet,straight,0,0.0,1.6061997703788748,1.7313432835820897
cell_carpet,straight,0,0.0,1.5993111366245696,1.9089169536930735
cell_carpet,straight,0,0.0,1.5694603903559128,1.7116979206531446
cell_carpet,straight,0,0.0,1.6762342135476465,1.6675596377088915
cell_carpet,straight,0,0.0,1.5729047072330655,1.6521239954075775
cell_carpet,straight,0,0.0,1.6923076923076923,1.646511034570736
cell_carpet,straight,-180,-3.141592653589793,1.5970149253731343,1.5970149253731343
cell_carpet,straight,-180,-3.141592653589793,4.588978185993112,3.092996555683123
cell_carpet,straight,-180,-3.141592653589793,2.1423650975889785,2.7761194029850746
cell_carpet,straight,-180,-3.141592653589793,1.6773823191733641,2.5014351320321473
cell_carpet,straight,-180,-3.141592653589793,1.9885189437428243,2.3988518943742827
cell_carpet,straight,-180,-3.141592653589793,1.7003444316877154,2.2824339839265213
cell_carpet,straight,-180,-3.141592653589793,1.8541905855338692,2.221256355584714
cell_carpet,straight,-180,-3.141592653589793,1.6819747416762343,2.153846153846154
cell_carpet,straight,-180,-3.141592653589793,1.5832376578645233,2.090445209848195
cell_carpet,straight,-180,-3.141592653589793,1.8668197474167623,2.1204235234085984
cell_carpet,straight,-180,-3.141592653589793,1.772675086107922,1.8075009567546882
cell_carpet,straight,-180,-3.141592653589793,1.8783008036739381,1.778160479653017
cell_carpet,straight,-180,-3.141592653589793,1.618828932261768,1.7716545477739507
cell_carpet,straight,-180,-3.141592653589793,1.8484500574052811,1.7560913381808905
cell_carpet,straight,-180,-3.141592653589793,1.851894374282434,1.7729302206914146
cell_carpet,straight,-180,-3.141592653589793,1.5304247990815154,1.7369562444189308
cell_carpet,straight,0,0.0,0.7749712973593571,1.5389718076285241
cell_carpet,straight,0,0.0,3.2652123995407583,1.7245822171195306
cell_carpet,straight,0,0.0,1.6923076923076923,1.7165454777395077
cell_carpet,straight,0,0.0,1.6394948335246842,1.7202449292001532
cell_carpet,straight,0,0.0,1.482204362801378,1.7072330654420207
cell_carpet,straight,0,0.0,1.4799081515499428,1.697282816685802
cell_carpet,straight,0,0.0,1.5487944890929966,1.683122847301952
cell_carpet,straight,0,0.0,1.8668197474167623,1.7157800739890294
cell_carpet,straight,0,0.0,1.5281285878300803,1.6975379512692947
cell_carpet,straight,0,0.0,1.5683122847301953,1.7856869498660544
cell_carpet,straight,0,0.0,1.5706084959816302,1.5973976272483736
cell_carpet,straight,0,0.0,1.470723306544202,1.5727771399413188
cell_carpet,straight,0,0.0,1.5752009184845006,1.565633371603521
cell_carpet,straight,0,0.0,1.5177956371986223,1.5695879576476592
cell_carpet,straight,-180,-3.141592653589793,1.5384615384615385,1.7210103329506314
cell_carpet,straight,-180,-3.141592653589793,3.7278989667049367,1.9593060339328996
cell_carpet,straight,-180,-3.141592653589793,1.965556831228473,1.9702768210230899
cell_carpet,straight,-180,-3.141592653589793,1.750861079219288,1.967853042479908
cell_carpet,straight,-180,-3.141592653589793,1.6578645235361653,1.9433601224646
cell_carpet,straight,-180,-3.141592653589793,1.6877152698048217,1.9510141599693835
cell_carpet,straight,-180,-3.141592653589793,1.6750861079219288,1.931751498915678
cell_carpet,straight,-180,-3.141592653589793,1.8369690011481057,1.930093124122975
cell_carpet,straight,-180,-3.141592653589793,1.6257175660160734,1.9406812093379255
cell_carpet,straight,-180,-3.141592653589793,1.870264064293915,1.977548156652634
cell_carpet,straight,-180,-3.141592653589793,1.7462686567164178,1.7573670110983541
cell_carpet,straight,-180,-3.141592653589793,1.6888633754305398,1.726623293787473
cell_carpet,straight,-180,-3.141592653589793,1.811710677382319,1.733384360250032
cell_carpet,straight,-180,-3.141592653589793,1.611940298507463,1.728281668580176
cell_carpet,straight,-180,-3.141592653589793,1.7876004592422503,1.7393800229621124
cell_carpet,straight,-180,-3.141592653589793,2.1262916188289323,1.7895139686184462
cell_carpet,straight,-180,-3.141592653589793,0.7359357060849598,1.6671769358336523
cell_carpet,straight,-180,-3.141592653589793,3.1986222732491383,1.841944125526215
cell_carpet,straight,-180,-3.141592653589793,1.7072330654420207,1.8238295700982268
cell_carpet,straight,-180,-3.141592653589793,1.8966704936854193,1.8405408853170049
cell_carpet,straight,-180,-3.141592653589793,1.7462686567164178,1.8469192499043245
cell_carpet,straight,-180,-3.141592653589793,1.8277841561423651,1.848705191988774
cell_carpet,straight,-180,-3.141592653589793,1.8174512055109069,1.871539737211379
cell_carpet,straight,-180,-3.141592653589793,1.8059701492537312,1.8735808138793213
cell_carpet,straight,-180,-3.141592653589793,1.6176808266360503,1.8170685036356677
cell_carpet,straight,-180,-3.141592653589793,1.4316877152698047,1.894374282433984
cell_carpet,straight,-180,-3.141592653589793,1.8495981630309988,1.7444827146319684
cell_carpet,straight,-180,-3.141592653589793,1.8094144661308842,1.7558362035973978
cell_carpet,straight,-180,-3.141592653589793,1.6946039035591274,1.7333843602500318
cell_carpet,straight,-180,-3.141592653589793,1.738231917336395,1.732491389207807
cell_carpet,straight,0,0.0,1.640642939150402,1.5874473784921546
cell_carpet,straight,0,0.0,3.4339839265212397,1.7969128715397373
cell_carpet,straight,0,0.0,1.7187141216991964,1.780456690904452
cell_carpet,straight,0,0.0,1.6257175660160736,1.7912999107028957
cell_carpet,straight,0,0.0,1.6234213547646386,1.797423140706723
cell_carpet,straight,0,0.0,1.5866819747416763,1.7992090827911724
cell_carpet,straight,0,0.0,1.3834672789896671,1.7895139686184462
cell_carpet,straight,0,0.0,1.5166475315729047,1.78300803673938
cell_carpet,straight,0,0.0,1.285878300803674,1.7572394438066081
cell_carpet,straight,0,0.0,1.4730195177956371,1.738614619211634
cell_carpet,straight,0,0.0,1.381171067738232,1.510524301569078
cell_carpet,straight,0,0.0,1.233065442020666,1.4565633371603521
cell_carpet,straight,0,0.0,1.370838117106774,1.4282433983926524
cell_carpet,straight,0,0.0,1.425947187141217,1.406301824212272
cell_carpet,straight,0,0.0,1.2950631458094146,1.3738997321086872
cell_carpet,straight,-180,-3.141592653589793,0.3616532721010333,1.569587957647659
cell_carpet,straight,-180,-3.141592653589793,3.5109070034443173,1.7577497129735937
cell_carpet,straight,-180,-3.141592653589793,1.9690011481056258,1.7758642684015817
cell_carpet,straight,-180,-3.141592653589793,1.9380022962112513,1.8114555427988266
cell_carpet,straight,-180,-3.141592653589793,1.6946039035591274,1.8406684526087511
cell_carpet,straight,-180,-3.141592653589793,1.8794489092996556,1.8439852021941574
cell_carpet,straight,-180,-3.141592653589793,1.8277841561423651,1.8460262788620996
cell_carpet,straight,-180,-3.141592653589793,1.6257175660160734,1.838372241357316
cell_carpet,straight,-180,-3.141592653589793,1.9035591274397243,1.856741931368797
cell_carpet,straight,-180,-3.141592653589793,1.9092996555683122,2.028702640642939
cell_carpet,straight,-180,-3.141592653589793,1.6475315729047073,1.8216609261385384
cell_carpet,straight,-180,-3.141592653589793,1.708381171067738,1.792703150912106
cell_carpet,straight,-180,-3.141592653589793,1.5706084959816302,1.7518816175532592
cell_carpet,straight,-180,-3.141592653589793,1.8461538461538463,1.7687205000637836
cell_carpet,straight,0,0.0,1.6050516647531574,1.398520219415742
cell_carpet,straight,0,0.0,4.158438576349024,1.6920525577241996
cell_carpet,straight,0,0.0,1.9219288174512055,1.762724837351703
cell_carpet,straight,0,0.0,1.4890929965556834,1.7645107794361528
cell_carpet,straight,0,0.0,1.318025258323766,1.7574945783901006
cell_carpet,straight,0,0.0,1.563719862227325,1.7942339584130629
cell_carpet,straight,0,0.0,1.7956371986222732,1.8414338563592294
cell_carpet,straight,0,0.0,1.634902411021814,1.8646511034570734
cell_carpet,straight,0,0.0,1.468427095292767,1.8839137645107793
cell_carpet,straight,0,0.0,1.4523536165327209,1.8669473147085087
cell_carpet,straight,0,0.0,1.579793340987371,1.5804311774461028
cell_carpet,straight,0,0.0,1.61308840413318,1.5461155759663223
cell_carpet,straight,0,0.0,1.574052812858783,1.5555555555555556
cell_carpet,straight,0,0.0,1.2686567164179103,1.5500701620104607
cell_carpet,straight,0,0.0,1.5729047072330655,1.5510907003444319
cell_carpet,square,0,0.0,1.0585533869115957,1.0585533869115957
cell_carpet,square,0,0.0,3.5476463834672787,2.3030998851894373
cell_carpet,square,0,0.0,1.7278989667049367,2.111366245694604
cell_carpet,square,0,0.0,1.622273249138921,1.9890929965556832
cell_carpet,square,0,0.0,1.458094144661309,1.882893226176808
cell_carpet,square,0,0.0,1.764638346727899,1.86318407960199
cell_carpet,square,0,0.0,1.6946039035591274,1.8391011973101523
cell_carpet,square,0,0.0,1.754305396096441,1.8285017221584385
cell_carpet,square,0,0.0,1.5981630309988517,1.8029085342518176
cell_carpet,square,90,1.5707963267948966,1.6739380022962111,1.6739380022962111
cell_carpet,square,90,1.5707963267948966,7.926521239954075,4.800229621125143
cell_carpet,square,90,1.5707963267948966,8.159586681974742,5.920015308075009
cell_carpet,square,90,1.5707963267948966,8.411021814006888,6.54276693455798
cell_carpet,square,90,1.5707963267948966,7.455797933409873,6.725373134328358
cell_carpet,square,90,1.5707963267948966,7.7577497129735935,6.897435897435898
cell_carpet,square,90,1.5707963267948966,7.546498277841562,6.990159094636707
cell_carpet,square,90,1.5707963267948966,7.215843857634902,7.018369690011481
cell_carpet,square,90,1.5707963267948966,7.205510907003444,7.039163158566144
cell_carpet,square,90,1.5707963267948966,7.59012629161883,7.696517412935323
cell_carpet,square,-180,-3.141592653589793,7.319173363949483,7.319173363949483
cell_carpet,square,-180,-3.141592653589793,4.6509758897818605,5.985074626865671
cell_carpet,square,-180,-3.141592653589793,3.864523536165327,5.27822426329889
cell_carpet,square,-180,-3.141592653589793,3.87256027554535,4.9268082663605055
cell_carpet,square,-180,-3.141592653589793,3.0011481056257177,4.541676234213548
cell_carpet,square,-180,-3.141592653589793,2.792192881745121,4.25009567546881
cell_carpet,square,-180,-3.141592653589793,3.1194029850746263,4.088568148269641
cell_carpet,square,-180,-3.141592653589793,2.934557979334099,3.944316877152698
cell_carpet,square,-180,-3.141592653589793,2.5660160734787603,3.7911723434111497
cell_carpet,square,-180,-3.141592653589793,2.743972445464983,3.2828166858017607
cell_carpet,square,-90,-1.5707963267948966,2.6727898966704937,2.6727898966704937
cell_carpet,square,-90,-1.5707963267948966,6.601607347876005,4.6371986222732495
cell_carpet,square,-90,-1.5707963267948966,8.537313432835822,5.937236892460774
cell_carpet,square,-90,-1.5707963267948966,7.991963260619976,6.4509184845005745
cell_carpet,square,-90,-1.5707963267948966,7.580941446613088,6.676923076923077
cell_carpet,square,-90,-1.5707963267948966,7.7990815154994255,6.863949483352468
cell_carpet,square,-90,-1.5707963267948966,7.803673938002296,6.998195834016729
cell_carpet,square,-90,-1.5707963267948966,7.785304247990814,7.0965843857634905
cell_carpet,square,-90,-1.5707963267948966,7.940298507462686,7.190330399285624
cell_carpet,square,-90,-1.5707963267948966,7.7715269804822045,7.756856741931369
cell_carpet,square,0,0.0,2.1343283582089554,1.922439086618191
cell_carpet,square,0,0.0,2.933409873708381,1.8541905855338692
cell_carpet,square,0,0.0,2.020665901262916,1.8867202449292
cell_carpet,square,0,0.0,2.048220436280138,1.9340477101671132
cell_carpet,square,0,0.0,1.669345579793341,1.95752009184845
cell_carpet,square,0,0.0,1.9288174512055107,1.9757622145681846
cell_carpet,square,0,0.0,1.6486796785304247,1.9706595228983288
cell_carpet,square,0,0.0,1.754305396096441,1.9706595228983288
cell_carpet,square,0,0.0,1.6440872560275546,1.9757622145681846
cell_carpet,square,90,1.5707963267948966,1.6039035591274398,6.99400433728792
cell_carpet,square,90,1.5707963267948966,7.694603903559128,6.94233958413063
cell_carpet,square,90,1.5707963267948966,8.848450057405282,6.990942722286006
cell_carpet,square,90,1.5707963267948966,8.48564867967853,7.105370582982524
cell_carpet,square,90,1.5707963267948966,8.48105625717566,7.185737976782753
cell_carpet,square,90,1.5707963267948966,7.2422502870264065,7.151932644469958
cell_carpet,square,90,1.5707963267948966,7.547646383467279,7.188799591784666
cell_carpet,square,90,1.5707963267948966,7.453501722158439,7.216354126801889
cell_carpet,square,90,1.5707963267948966,7.090700344431688,7.160862354892206
cell_carpet,square,90,1.5707963267948966,7.20780711825488,7.783518305906365
cell_carpet,square,-180,-3.141592653589793,7.955223880597015,3.6499553514478893
cell_carpet,square,-180,-3.141592653589793,3.9115958668197472,3.6551856104094913
cell_carpet,square,-180,-3.141592653589793,4.017221584385764,3.6712590891695367
cell_carpet,square,-180,-3.141592653589793,3.5223880597014925,3.729174639622401
cell_carpet,square,-180,-3.141592653589793,3.1710677382319172,3.7712718458987116
cell_carpet,square,-180,-3.141592653589793,3.25947187141217,3.786835055491772
cell_carpet,square,-180,-3.141592653589793,2.742824339839265,3.7655313177701237
cell_carpet,square,-180,-3.141592653589793,2.4408725602755457,3.7516264829697668
cell_carpet,square,-180,-3.141592653589793,2.8300803673938,3.761194029850746
cell_carpet,square,-180,-3.141592653589793,2.9115958668197472,3.2007909172088276
cell_carpet,square,-90,-1.5707963267948966,2.2135476463834673,7.269294552876643
cell_carpet,square,-90,-1.5707963267948966,7.148105625717566,7.114938129863502
cell_carpet,square,-90,-1.5707963267948966,8.218140068886338,7.140068886337543
cell_carpet,square,-90,-1.5707963267948966,7.965556831228473,7.182803929072585
cell_carpet,square,-90,-1.5707963267948966,8.16532721010333,7.223497895139685
cell_carpet,square,-90,-1.5707963267948966,7.081515499425947,7.143258068631202
cell_carpet,square,-90,-1.5707963267948966,7.814006888633753,7.146447250924863
cell_carpet,square,-90,-1.5707963267948966,7.384615384615385,7.084704681719606
cell_carpet,square,-90,-1.5707963267948966,7.370838117106774,7.040183696900115
cell_carpet,square,-90,-1.5707963267948966,7.277841561423651,7.602883020793469
cell_carpet,square,-90,-1.5707963267948966,7.246842709529277,7.613853807883659
cell_carpet,square,0,0.0,5.977037887485648,2.402729940043373
cell_carpet,square,0,0.0,4.443168771526981,2.570480928689884
cell_carpet,square,0,0.0,3.2835820895522385,2.7108049496109197
cell_carpet,square,0,0.0,3.715269804822044,2.896032657226687
cell_carpet,square,0,0.0,3.3352468427095294,3.081132797550708
cell_carpet,square,0,0.0,3.0332950631458093,3.2038525322107407
cell_carpet,square,0,0.0,2.8897818599311136,3.3417527745885955
cell_carpet,square,0,0.0,2.6176808266360507,3.4376833779818856
cell_carpet,square,0,0.0,2.479908151549943,3.530552366373262
cell_carpet,square,90,1.5707963267948966,2.321469575200919,7.186503380533231
cell_carpet,square,90,1.5707963267948966,7.749712973593571,7.06442148233193
cell_carpet,square,90,1.5707963267948966,9.087256027554535,7.131266743207042
cell_carpet,square,90,1.5707963267948966,8.672789896670494,7.15257048092869
cell_carpet,square,90,1.5707963267948966,7.497129735935705,7.18089041969639
cell_carpet,square,90,1.5707963267948966,8.41446613088404,7.277203724964918
cell_carpet,square,90,1.5707963267948966,7.421354764638347,7.27363184079602
cell_carpet,square,90,1.5707963267948966,7.528128587830079,7.322234978951396
cell_carpet,square,90,1.5707963267948966,7.319173363949483,7.334609006250797
cell_carpet,square,90,1.5707963267948966,7.026406429391504,7.857379767827529
cell_carpet,square,-180,-3.141592653589793,7.378874856486797,3.5860441382829444
cell_carpet,square,-180,-3.141592653589793,4.605051664753158,3.6513585916570985
cell_carpet,square,-180,-3.141592653589793,3.725602755453502,3.673938002296212
cell_carpet,square,-180,-3.141592653589793,3.516647531572904,3.7123357571118762
cell_carpet,square,-180,-3.141592653589793,3.478760045924225,3.7367011098354386
cell_carpet,square,-180,-3.141592653589793,2.960964408725603,3.7609388952672536
cell_carpet,square,-180,-3.141592653589793,3.0378874856486795,3.8272738869753797
cell_carpet,square,-180,-3.141592653589793,3.3788748564867968,3.8882510524301575
cell_carpet,square,-180,-3.141592653589793,3.173363949483352,3.917336394948335
cell_carpet,square,-180,-3.141592653589793,2.9299655568312284,3.42301313943105
cell_carpet,square,-90,-1.5707963267948966,2.55683122847302,6.984819492282179
cell_carpet,square,-90,-1.5707963267948966,7.731343283582089,6.958795764765914
cell_carpet,square,-90,-1.5707963267948966,9.052812858783009,7.057405281285878
cell_carpet,square,-90,-1.5707963267948966,8.735935706084959,7.241229748692435
cell_carpet,square,-90,-1.5707963267948966,7.915040183696901,7.252455670366118
cell_carpet,square,-90,-1.5707963267948966,7.515499425947186,7.266998341625207
cell_carpet,square,-90,-1.5707963267948966,7.760045924225029,7.310243653527236
cell_carpet,square,-90,-1.5707963267948966,7.9230769230769225,7.38193647148871
cell_carpet,square,-90,-1.5707963267948966,7.59931113662457,7.421099630054854
cell_carpet,square,-90,-1.5707963267948966,7.204362801377727,7.937492027044267
cell_carpet,square,0,0.0,3.422502870264064,3.2467151422375307
cell_carpet,square,0,0.0,3.270952927669345,3.11646893736446
cell_carpet,square,0,0.0,2.4270952927669343,3.021303737721648
cell_carpet,square,0,0.0,2.5499425947187135,2.891822936599056
cell_carpet,square,0,0.0,2.3582089552238803,2.7832631713228726
cell_carpet,square,0,0.0,2.408725602755454,2.7138665646128333
cell_carpet,square,0,0.0,2.261768082663605,2.6440872560275546
cell_carpet,square,0,0.0,2.156142365097589,2.592805204745503
cell_carpet,square,0,0.0,2.1584385763490244,2.557086363056512
cell_carpet,square,-90,-1.5707963267948966,1.993111366245695,7.299910702895779
cell_carpet,square,-90,-1.5707963267948966,7.531572904707233,7.130884041331803
cell_carpet,square,-90,-1.5707963267948966,8.180252583237658,7.069141472126547
cell_carpet,square,-90,-1.5707963267948966,7.708381171067738,7.0461793596121955
cell_carpet,square,-90,-1.5707963267948966,7.469575200918484,7.041076667942339
cell_carpet,square,-90,-1.5707963267948966,7.648679678530426,7.02870264064294
cell_carpet,square,-90,-1.5707963267948966,7.495981630309989,6.98124760811328
cell_carpet,square,-90,-1.5707963267948966,7.1423650975889785,6.930475825998215
cell_carpet,square,-90,-1.5707963267948966,7.329506314580942,6.944380660798571
cell_carpet,square,-90,-1.5707963267948966,7.42020665901263,7.5473912488837875
cell_carpet,square,-180,-3.141592653589793,7.847301951779564,3.783263171322873
cell_carpet,square,-180,-3.141592653589793,4.014925373134329,3.8154101288429647
cell_carpet,square,-180,-3.141592653589793,3.3892078071182548,3.801250159459115
cell_carpet,square,-180,-3.141592653589793,3.7554535017221586,3.8319938767699964
cell_carpet,square,-180,-3.141592653589793,3.1056257175660162,3.848067355530042
cell_carpet,square,-180,-3.141592653589793,2.7439724454649825,3.8154101288429647
cell_carpet,square,-180,-3.141592653589793,2.9081515499425947,3.763107539226942
cell_carpet,square,-180,-3.141592653589793,2.52353616532721,3.6909044520984824
cell_carpet,square,-180,-3.141592653589793,2.2376578645235363,3.6139813751754053
cell_carpet,square,-180,-3.141592653589793,2.506314580941446,3.02053833397117
cell_carpet,square,90,1.5707963267948966,2.513203214695752,7.275545350172215
cell_carpet,square,90,1.5707963267948966,7.556831228473018,7.105498150274269
cell_carpet,square,90,1.5707963267948966,8.9804822043628,7.1396861844623025
cell_carpet,square,90,1.5707963267948966,8.935706084959815,7.299528001020538
cell_carpet,square,90,1.5707963267948966,7.769230769230768,7.227835183059063
cell_carpet,square,90,1.5707963267948966,7.590126291618828,7.246587574945782
cell_carpet,square,90,1.5707963267948966,7.202066590126292,7.210358464089806
cell_carpet,square,90,1.5707963267948966,8.307692307692307,7.320193902283454
cell_carpet,square,90,1.5707963267948966,7.571756601607348,7.380788365862993
cell_carpet,square,90,1.5707963267948966,7.577497129735935,7.9434876897563464
cell_carpet,square,0,0.0,6.094144661308841,2.853935450950376
cell_carpet,square,0,0.0,4.299655568312285,2.9682357443551473
cell_carpet,square,0,0.0,4.102181400688863,3.154356423013139
cell_carpet,square,0,0.0,3.021814006888634,3.2067865799209083
cell_carpet,square,0,0.0,3.494833524684271,3.3330781987498406
cell_carpet,square,0,0.0,3.505166475315729,3.454904962367649
cell_carpet,square,0,0.0,2.4569460390355915,3.4765914019645368
cell_carpet,square,0,0.0,3.011481056257175,3.571629034315601
cell_carpet,square,0,0.0,2.985074626865672,3.6634774843730065
cell_carpet,square,-90,-1.5707963267948966,2.7382319173363947,7.014797805842583
cell_carpet,square,-90,-1.5707963267948966,6.419058553386911,6.819109580303611
cell_carpet,square,-90,-1.5707963267948966,8.03329506314581,6.855211123867841
cell_carpet,square,-90,-1.5707963267948966,7.924225028702641,6.905727771399414
cell_carpet,square,-90,-1.5707963267948966,7.724454649827784,6.914147212654676
cell_carpet,square,-90,-1.5707963267948966,6.994259471871413,6.8584003061615
cell_carpet,square,-90,-1.5707963267948966,7.376578645235361,6.884424033677765
cell_carpet,square,-90,-1.5707963267948966,7.516647531572905,6.9052175022324285
cell_carpet,square,-90,-1.5707963267948966,6.68886337543054,6.823957137389973
cell_carpet,square,-90,-1.5707963267948966,7.272101033295063,7.327720372496491
cell_carpet,square,-180,-3.141592653589793,7.45809414466131,3.4031126419186126
cell_carpet,square,-180,-3.141592653589793,3.8495981630309988,3.454267125908917
cell_carpet,square,-180,-3.141592653589793,3.0792192881745124,3.3791299910702897
cell_carpet,square,-180,-3.141592653589793,3.08955223880597,3.3773440489858397
cell_carpet,square,-180,-3.141592653589793,2.397244546498278,3.3388187268784284
cell_carpet,square,-180,-3.141592653589793,3.1974741676234215,3.3709656843985205
cell_carpet,square,-180,-3.141592653589793,2.7921928817451205,3.400816430667177
cell_carpet,square,-180,-3.141592653589793,2.3742824339839266,3.415996938384998
cell_carpet,square,-180,-3.141592653589793,2.6280137772675087,3.429519071310116
cell_carpet,square,-180,-3.141592653589793,2.289322617680827,2.85521112386784
cell_carpet,square,90,1.5707963267948966,2.161882893226177,7.344048985840029
cell_carpet,square,90,1.5707963267948966,7.563719862227324,7.186630947824977
cell_carpet,square,90,1.5707963267948966,8.629161882893227,7.15257048092869
cell_carpet,square,90,1.5707963267948966,8.345579793340988,7.21660926138538
cell_carpet,square,90,1.5707963267948966,8.121699196326063,7.275672917463961
cell_carpet,square,90,1.5707963267948966,7.701492537313433,7.331164689373645
cell_carpet,square,90,1.5707963267948966,7.602755453501722,7.252838372241358
cell_carpet,square,90,1.5707963267948966,8.340987370838116,7.338308457711443
cell_carpet,square,90,1.5707963267948966,7.260619977037887,7.303099885189438
cell_carpet,square,90,1.5707963267948966,7.398392652123995,7.8849343028447505
cell_carpet,hourglass,-30,-0.5235987755982988,4.642939150401838,4.642939150401838
cell_carpet,hourglass,-30,-0.5235987755982988,7.618828932261768,6.130884041331803
cell_carpet,hourglass,-30,-0.5235987755982988,5.631458094144661,5.964408725602755
cell_carpet,hourglass,-30,-0.5235987755982988,5.587830080367394,5.870264064293915
cell_carpet,hourglass,-30,-0.5235987755982988,5.177956371986222,5.731802525832377
cell_carpet,hourglass,-30,-0.5235987755982988,5.359357060849598,5.66972828166858
cell_carpet,hourglass,-30,-0.5235987755982988,5.8369690011481055,5.693619813022798
cell_carpet,hourglass,-30,-0.5235987755982988,5.714121699196326,5.696182548794489
cell_carpet,hourglass,-30,-0.5235987755982988,5.6613088404133185,5.6923076923076925
cell_carpet,hourglass,-30,-0.5235987755982988,5.1285878300803684,5.746268656716418
cell_carpet,hourglass,90,1.5707963267948966,5.6268656716417915,5.6268656716417915
cell_carpet,hourglass,90,1.5707963267948966,6.917336394948336,6.272101033295064
cell_carpet,hourglass,90,1.5707963267948966,9.001148105625717,7.181783390738615
cell_carpet,hourglass,90,1.5707963267948966,8.917336394948334,7.615671641791044
cell_carpet,hourglass,90,1.5707963267948966,8.649827784156143,7.822502870264064
cell_carpet,hourglass,90,1.5707963267948966,8.014925373134329,7.854573287409107
cell_carpet,hourglass,90,1.5707963267948966,8.358208955223882,7.926521239954076
cell_carpet,hourglass,90,1.5707963267948966,7.763490241102182,7.9061423650975895
cell_carpet,hourglass,90,1.5707963267948966,7.539609644087256,7.865416507207552
cell_carpet,hourglass,-150,-2.6179938779914944,7.839265212399541,7.839265212399541
cell_carpet,hourglass,-150,-2.6179938779914944,3.4247990815154994,5.6320321469575205
cell_carpet,hourglass,-150,-2.6179938779914944,2.058553386911596,4.440872560275545
cell_carpet,hourglass,-150,-2.6179938779914944,2.288174512055109,3.9026980482204365
cell_carpet,hourglass,-150,-2.6179938779914944,3.5958668197474166,3.841331802525832
cell_carpet,hourglass,-150,-2.6179938779914944,3.8737083811710673,3.846727898966705
cell_carpet,hourglass,-150,-2.6179938779914944,4.249138920780712,3.904215187797277
cell_carpet,hourglass,-150,-2.6179938779914944,4.377726750861079,3.9634041331802523
cell_carpet,hourglass,-150,-2.6179938779914944,4.950631458094145,4.073096058170685
cell_carpet,hourglass,-150,-2.6179938779914944,5.191733639494834,3.7789258834034953
cell_carpet,hourglass,-150,-2.6179938779914944,5.063145809414467,3.9609644087256033
cell_carpet,hourglass,150,2.6179938779914944,5.380022962112514,5.380022962112514
cell_carpet,hourglass,150,2.6179938779914944,2.257175660160735,3.8185993111366248
cell_carpet,hourglass,150,2.6179938779914944,2.9678530424799083,3.5350172215843862
cell_carpet,hourglass,150,2.6179938779914944,3.725602755453502,3.582663605051665
cell_carpet,hourglass,150,2.6179938779914944,4.2215843857634905,3.71044776119403
cell_carpet,hourglass,150,2.6179938779914944,5.12284730195178,3.945847684653655
cell_carpet,hourglass,150,2.6179938779914944,4.601607347876005,4.039527636542562
cell_carpet,hourglass,150,2.6179938779914944,5.152698048220436,4.178673938002296
cell_carpet,hourglass,150,2.6179938779914944,5.29276693455798,4.302462048730706
cell_carpet,hourglass,150,2.6179938779914944,5.817451205510907,4.351065186886083
cell_carpet,hourglass,-90,-1.5707963267948966,5.453501722158439,5.453501722158439
cell_carpet,hourglass,-90,-1.5707963267948966,6.452353616532721,5.952927669345581
cell_carpet,hourglass,-90,-1.5707963267948966,8.032146957520093,6.646000765403751
cell_carpet,hourglass,-90,-1.5707963267948966,8.006888633754306,6.98622273249139
cell_carpet,hourglass,-90,-1.5707963267948966,7.611940298507462,7.1113662456946045
cell_carpet,hourglass,-90,-1.5707963267948966,7.703788748564869,7.210103329506315
cell_carpet,hourglass,-90,-1.5707963267948966,7.902411021814008,7.309004428407413
cell_carpet,hourglass,-90,-1.5707963267948966,7.536165327210103,7.33739954075775
cell_carpet,hourglass,-90,-1.5707963267948966,7.26406429391504,7.329251179997448
cell_carpet,hourglass,-90,-1.5707963267948966,7.388059701492538,7.544202066590127
cell_carpet,hourglass,30,0.5235987755982988,8.010332950631458,8.010332950631458
cell_carpet,hourglass,30,0.5235987755982988,2.843857634902411,5.427095292766935
cell_carpet,hourglass,30,0.5235987755982988,1.8851894374282436,4.246460007654037
cell_carpet,hourglass,30,0.5235987755982988,2.5373134328358207,3.819173363949483
cell_carpet,hourglass,30,0.5235987755982988,2.7680826636050515,3.608955223880597
cell_carpet,hourglass,30,0.5235987755982988,3.8358208955223883,3.6467661691542292
cell_carpet,hourglass,30,0.5235987755982988,4.531572904707233,3.773167131376087
cell_carpet,hourglass,30,0.5235987755982988,4.148105625717567,3.8200344431687716
cell_carpet,hourglass,30,0.5235987755982988,5.064293915040183,3.958285495598928
cell_carpet,hourglass,-30,-0.5235987755982988,5.261768082663605,5.484373006761066
cell_carpet,hourglass,-30,-0.5235987755982988,3.5005740528128593,5.247608113279755
cell_carpet,hourglass,-30,-0.5235987755982988,1.9391504018369692,4.842199260109708
cell_carpet,hourglass,-30,-0.5235987755982988,2.859931113662457,4.584640898073734
cell_carpet,hourglass,-30,-0.5235987755982988,3.545350172215844,4.383084577114428
cell_carpet,hourglass,-30,-0.5235987755982988,4.30654420206659,4.213037377216482
cell_carpet,hourglass,-30,-0.5235987755982988,4.213547646383467,4.046306926903942
cell_carpet,hourglass,-30,-0.5235987755982988,4.607347876004592,3.9292001530807497
cell_carpet,hourglass,-30,-0.5235987755982988,4.791044776119403,3.891695369307309
cell_carpet,hourglass,-30,-0.5235987755982988,4.866819747416762,3.8478122209465493
cell_carpet,hourglass,90,1.5707963267948966,5.103329506314581,7.807245822171195
cell_carpet,hourglass,90,1.5707963267948966,7.39150401836969,7.859931113662457
cell_carpet,hourglass,90,1.5707963267948966,8.989667049368542,7.858655440744993
cell_carpet,hourglass,90,1.5707963267948966,8.086107921928818,7.766296721520602
cell_carpet,hourglass,90,1.5707963267948966,7.858783008036739,7.678402857507335
cell_carpet,hourglass,90,1.5707963267948966,7.841561423650976,7.65914019645363
cell_carpet,hourglass,90,1.5707963267948966,7.735935706084959,7.589998724327082
cell_carpet,hourglass,90,1.5707963267948966,7.763490241102182,7.589998724327082
cell_carpet,hourglass,90,1.5707963267948966,7.815154994259473,7.620614874346218
cell_carpet,hourglass,90,1.5707963267948966,7.755453501722158,7.915295318280392
cell_carpet,hourglass,-150,-2.6179938779914944,7.861079219288174,4.605689501211889
cell_carpet,hourglass,-150,-2.6179938779914944,3.524684270952928,4.743079474422758
cell_carpet,hourglass,-150,-2.6179938779914944,2.0252583237657866,4.5685674193136885
cell_carpet,hourglass,-150,-2.6179938779914944,2.0091848450057403,4.361398137517541
cell_carpet,hourglass,-150,-2.6179938779914944,2.809414466130884,4.20142875366756
cell_carpet,hourglass,-150,-2.6179938779914944,3.445464982778415,4.0978441127694865
cell_carpet,hourglass,-150,-2.6179938779914944,3.9311136624569456,3.9845643576986856
cell_carpet,hourglass,-150,-2.6179938779914944,4.072330654420206,3.8601862482459492
cell_carpet,hourglass,-150,-2.6179938779914944,4.555683122847301,3.8038015052940426
cell_carpet,hourglass,-150,-2.6179938779914944,4.7026406429391505,3.4528638856997063
cell_carpet,hourglass,150,2.6179938779914944,4.839265212399541,4.637964026023727
cell_carpet,hourglass,150,2.6179938779914944,2.677382319173364,4.60568950121189
cell_carpet,hourglass,150,2.6179938779914944,3.56601607347876,4.587957647659141
cell_carpet,hourglass,150,2.6179938779914944,3.8840413318025253,4.5504528638857
cell_carpet,hourglass,150,2.6179938779914944,4.444316877152699,4.47506059446358
cell_carpet,hourglass,150,2.6179938779914944,4.797933409873708,4.496874601352213
cell_carpet,hourglass,150,2.6179938779914944,4.879448909299656,4.466513585916571
cell_carpet,hourglass,150,2.6179938779914944,5.233065442020666,4.459880086745759
cell_carpet,hourglass,150,2.6179938779914944,5.585533869115959,4.434111493812987
cell_carpet,hourglass,150,2.6179938779914944,5.639494833524684,4.523025896160225
cell_carpet,hourglass,-90,-1.5707963267948966,5.831228473019517,7.475188161755327
cell_carpet,hourglass,-90,-1.5707963267948966,6.654420206659014,7.32210741165965
cell_carpet,hourglass,-90,-1.5707963267948966,8.404133180252584,7.366245694603904
cell_carpet,hourglass,-90,-1.5707963267948966,8.225028702640643,7.4343666283964795
cell_carpet,hourglass,-90,-1.5707963267948966,7.350172215843858,7.395075902538589
cell_carpet,hourglass,-90,-1.5707963267948966,7.786452353616533,7.382191606072204
cell_carpet,hourglass,-90,-1.5707963267948966,7.6854190585533875,7.398775353999235
cell_carpet,hourglass,-90,-1.5707963267948966,7.6613088404133185,7.442913636943489
cell_carpet,hourglass,-90,-1.5707963267948966,7.303099885189437,7.433473657354254
cell_carpet,hourglass,-90,-1.5707963267948966,7.447761194029851,7.613088404133181
cell_carpet,hourglass,30,0.5235987755982988,7.559127439724454,3.9081515499425947
cell_carpet,hourglass,30,0.5235987755982988,3.304247990815155,3.9593060339328994
cell_carpet,hourglass,30,0.5235987755982988,1.5935706084959818,3.9269039418293152
cell_carpet,hourglass,30,0.5235987755982988,2.502870264064294,3.923076923076923
cell_carpet,hourglass,30,0.5235987755982988,3.156142365097589,3.9661946676872057
cell_carpet,hourglass,30,0.5235987755982988,4.177956371986222,4.004209720627632
cell_carpet,hourglass,30,0.5235987755982988,4.652123995407578,4.017604286261003
cell_carpet,hourglass,30,0.5235987755982988,4.8369690011481055,4.094144661308841
cell_carpet,hourglass,30,0.5235987755982988,5.265212399540758,4.11646893736446
cell_carpet,hourglass,30,0.5235987755982988,4.873708381171068,3.8180890419696394
cell_carpet,hourglass,-30,-0.5235987755982988,1.6567164179104479,3.642939150401837
cell_carpet,hourglass,-30,-0.5235987755982988,3.60849598163031,3.8284219926010965
cell_carpet,hourglass,-30,-0.5235987755982988,3.69345579793341,3.9210358464089805
cell_carpet,hourglass,-30,-0.5235987755982988,4.482204362801378,4.02513075647404
cell_carpet,hourglass,-30,-0.5235987755982988,4.492537313432837,4.045796657736956
cell_carpet,hourglass,-30,-0.5235987755982988,5.138920780711826,4.148615894884552
cell_carpet,hourglass,-30,-0.5235987755982988,4.73134328358209,4.162393162393163
cell_carpet,hourglass,-30,-0.5235987755982988,5.501722158438576,4.241357315984182
cell_carpet,hourglass,-30,-0.5235987755982988,4.912743972445465,4.246460007654037
cell_carpet,hourglass,-30,-0.5235987755982988,5.561423650975889,4.680316366883531
cell_carpet,hourglass,90,1.5707963267948966,4.988518943742824,7.648296976655185
cell_carpet,hourglass,90,1.5707963267948966,7.313432835820896,7.4620487307054475
cell_carpet,hourglass,90,1.5707963267948966,8.760045924225027,7.536930730960582
cell_carpet,hourglass,90,1.5707963267948966,9.113662456946038,7.676361780839392
cell_carpet,hourglass,90,1.5707963267948966,7.528128587830079,7.641535910192626
cell_carpet,hourglass,90,1.5707963267948966,7.897818599311136,7.659522898328869
cell_carpet,hourglass,90,1.5707963267948966,7.545350172215844,7.635285112897053
cell_carpet,hourglass,90,1.5707963267948966,7.7129735935706085,7.6239316239316235
cell_carpet,hourglass,90,1.5707963267948966,7.758897818599311,7.624314325806862
cell_carpet,hourglass,90,1.5707963267948966,7.546498277841562,7.908534251817833
cell_carpet,hourglass,-150,-2.6179938779914944,7.513203214695753,3.896032657226687
cell_carpet,hourglass,-150,-2.6179938779914944,3.048220436280138,4.009695114172726
cell_carpet,hourglass,-150,-2.6179938779914944,1.8025258323765785,3.9867330016583744
cell_carpet,hourglass,-150,-2.6179938779914944,2.687715269804822,3.9732108687332564
cell_carpet,hourglass,-150,-2.6179938779914944,3.1561423650975886,3.941063911213165
cell_carpet,hourglass,-150,-2.6179938779914944,3.758897818599311,3.9219288174512053
cell_carpet,hourglass,-150,-2.6179938779914944,4.072330654420207,3.9219288174512053
cell_carpet,hourglass,-150,-2.6179938779914944,4.696900114810563,3.937619594336012
cell_carpet,hourglass,-150,-2.6179938779914944,4.398392652123996,3.903814262023218
cell_carpet,hourglass,-150,-2.6179938779914944,5.061997703788748,3.6314580941446613
cell_carpet,hourglass,150,2.6179938779914944,4.997703788748565,4.780839392779691
cell_carpet,hourglass,150,2.6179938779914944,2.4787600459242247,4.660033167495854
cell_carpet,hourglass,150,2.6179938779914944,3.4374282433983923,4.610409491006505
cell_carpet,hourglass,150,2.6179938779914944,3.8427095292766933,4.543564230131395
cell_carpet,hourglass,150,2.6179938779914944,4.583237657864523,4.519709146574819
cell_carpet,hourglass,150,2.6179938779914944,4.244546498277842,4.449164434239061
cell_carpet,hourglass,150,2.6179938779914944,5.514351320321469,4.480418420716927
cell_carpet,hourglass,150,2.6179938779914944,4.797933409873709,4.3929072585789
cell_carpet,hourglass,150,2.6179938779914944,5.539609644087256,4.381808904196963
cell_carpet,hourglass,-90,-1.5707963267948966,4.835820895522388,7.411021814006888
cell_carpet,hourglass,-90,-1.5707963267948966,7.791044776119403,7.342900880214312
cell_carpet,hourglass,-90,-1.5707963267948966,8.918484500574053,7.419951524429136
cell_carpet,hourglass,-90,-1.5707963267948966,7.910447761194029,7.482204362801379
cell_carpet,hourglass,-90,-1.5707963267948966,8.425947187141217,7.55325934430412
cell_carpet,hourglass,-90,-1.5707963267948966,7.8266360505166475,7.568950121188927
cell_carpet,hourglass,-90,-1.5707963267948966,8.115958668197473,7.6194667687205
cell_carpet,hourglass,-90,-1.5707963267948966,7.455797933409873,7.63643321852277
cell_carpet,hourglass,-90,-1.5707963267948966,7.528128587830081,7.645362928945017
cell_carpet,hourglass,-90,-1.5707963267948966,7.319173363949483,7.921290980992473
cell_carpet,hourglass,30,0.5235987755982988,7.714121699196326,4.308075009567547
cell_carpet,hourglass,30,0.5235987755982988,2.7841561423650973,4.44036229110856
cell_carpet,hourglass,30,0.5235987755982988,1.986222732491389,4.3829570098226815
cell_carpet,hourglass,30,0.5235987755982988,2.1526980482204365,4.271463196836331
cell_carpet,hourglass,30,0.5235987755982988,3.195177956371986,4.162265595101416
cell_carpet,hourglass,30,0.5235987755982988,4.2146957520091854,4.113662456946039
cell_carpet,hourglass,30,0.5235987755982988,4.638346727898967,4.091593315473912
cell_carpet,hourglass,30,0.5235987755982988,4.51894374282434,4.008674575838755
cell_carpet,hourglass,30,0.5235987755982988,5.1699196326062,4.041586937109326
cell_carpet,hourglass,30,0.5235987755982988,5.018369690011482,3.7420589360887866
cell_carpet,hourglass,30,0.5235987755982988,2.6842709529276694,3.7309605817068507
cell_carpet,hourglass,30,0.5235987755982988,5.983926521239954,4.175149891567802
cell_carpet,hourglass,30,0.5235987755982988,5.932261768082665,4.59510141599694
cell_carpet,hourglass,30,0.5235987755982988,4.955223880597015,4.790662074244164
cell_carpet,hourglass,30,0.5235987755982988,5.817451205510907,4.968746013522132
cell_carpet,hourglass,30,0.5235987755982988,5.282433983926521,5.040311264191861
cell_carpet,hourglass,30,0.5235987755982988,5.545350172215844,5.154356423013139
cell_carpet,hourglass,30,0.5235987755982988,6.047072330654419,5.251817833907386
cell_carpet,hourglass,30,0.5235987755982988,6.001148105625718,5.361015435642301
cell_carpet,hourglass,-90,-1.5707963267948966,5.032146957520092,7.614746778925883
cell_carpet,hourglass,-90,-1.5707963267948966,6.909299655568312,7.391504018369691
cell_carpet,hourglass,-90,-1.5707963267948966,8.427095292766934,7.448909299655568
cell_carpet,hourglass,-90,-1.5707963267948966,8.396096440872562,7.445592550070163
cell_carpet,hourglass,-90,-1.5707963267948966,7.486796785304249,7.407832631713229
cell_carpet,hourglass,-90,-1.5707963267948966,7.938002296211251,7.388059701492537
cell_carpet,hourglass,-90,-1.5707963267948966,7.10332950631458,7.3488965429263935
cell_carpet,hourglass,-90,-1.5707963267948966,6.72101033295063,7.259216736828677
cell_carpet,hourglass,-90,-1.5707963267948966,7.750861079219288,7.307182038525322
cell_carpet,hourglass,-90,-1.5707963267948966,7.017221584385764,7.527745885954841
cell_carpet,hourglass,150,2.6179938779914944,7.208955223880597,4.627503508100523
cell_carpet,hourglass,150,2.6179938779914944,3.1871412169919635,4.7062125271080495
cell_carpet,hourglass,150,2.6179938779914944,2.0413318025258325,4.551090700344432
cell_carpet,hourglass,150,2.6179938779914944,2.1572904707233067,4.363821916060722
cell_carpet,hourglass,150,2.6179938779914944,3.4971297359357063,4.243143258068631
cell_carpet,hourglass,150,2.6179938779914944,4.064293915040183,4.223115193264447
cell_carpet,hourglass,150,2.6179938779914944,4.634902411021814,4.1253986477867075
cell_carpet,hourglass,150,2.6179938779914944,4.375430539609644,4.078453884424034
cell_carpet,hourglass,150,2.6179938779914944,5.019517795637198,4.020665901262916
cell_carpet,hourglass,150,2.6179938779914944,4.491389207807118,3.7187141216991964
cell_carpet,hourglass,-150,-2.6179938779914944,5.525832376578645,3.9067483097333846
cell_carpet,hourglass,-150,-2.6179938779914944,2.180252583237658,3.948717948717949
cell_carpet,hourglass,-150,-2.6179938779914944,3.184845005740528,4.003954586044138
cell_carpet,hourglass,-150,-2.6179938779914944,3.804822043628014,4.076030105880852
cell_carpet,hourglass,-150,-2.6179938779914944,4.134328358208956,4.117744610281924
cell_carpet,hourglass,-150,-2.6179938779914944,4.030998851894374,4.113152187779054
cell_carpet,hourglass,-150,-2.6179938779914944,5.353616532721011,4.186120678657992
cell_carpet,hourglass,-150,-2.6179938779914944,4.442020665901263,4.190968235744355
cell_carpet,hourglass,-150,-2.6179938779914944,5.683122847301952,4.259982140579156
cell_carpet,hourglass,-150,-2.6179938779914944,4.628013777267508,4.160224518433473
cell_carpet,hourglass,90,1.5707963267948966,5.159586681974742,7.669218012501594
cell_carpet,hourglass,90,1.5707963267948966,7.421354764638346,7.520474550325296
cell_carpet,hourglass,90,1.5707963267948966,8.882893226176808,7.494833524684271
cell_carpet,hourglass,90,1.5707963267948966,8.486796785304247,7.601352213292511
cell_carpet,hourglass,90,1.5707963267948966,8.036739380022961,7.6167878555938255
cell_carpet,hourglass,90,1.5707963267948966,7.882893226176808,7.654292639367266
cell_carpet,hourglass,90,1.5707963267948966,7.75889781859931,7.659395331037122
cell_carpet,hourglass,90,1.5707963267948966,8.089552238805972,7.696134711060084
cell_carpet,hourglass,90,1.5707963267948966,7.859931113662457,7.730960581706849
cell_carpet,hourglass,90,1.5707963267948966,8.27324913892078,8.076923076923075
cell_carpet,hourglass,-30,-0.5235987755982988,8.120551090700346,5.181655823446868
cell_carpet,hourglass,-30,-0.5235987755982988,2.784156142365098,5.0806225283837225
cell_carpet,hourglass,-30,-0.5235987755982988,1.9931113662456945,4.804056639877535
cell_carpet,hourglass,-30,-0.5235987755982988,2.1710677382319172,4.546115575966322
cell_carpet,hourglass,-30,-0.5235987755982988,2.920780711825488,4.299655568312285
cell_carpet,hourglass,-30,-0.5235987755982988,3.6865671641791047,4.1835693328230645
cell_carpet,hourglass,-30,-0.5235987755982988,3.7301951779563716,3.9867330016583744
cell_carpet,hourglass,-30,-0.5235987755982988,4.665901262916188,3.9593060339328994
cell_carpet,hourglass,-30,-0.5235987755982988,4.979334098737083,3.8946294170174767
cell_carpet,hourglass,-30,-0.5235987755982988,5.6544202066590135,3.6206148743462174
cell_carpet,hourglass,30,0.5235987755982988,3.0011481056257177,5.396224008164307
cell_carpet,hourglass,30,0.5235987755982988,3.070034443168772,5.072458221711953
cell_carpet,hourglass,30,0.5235987755982988,3.345579793340987,4.785049113407322
cell_carpet,hourglass,30,0.5235987755982988,4.102181400688863,4.69026661563975
cell_carpet,hourglass,30,0.5235987755982988,3.6865671641791042,4.453501722158439
cell_carpet,hourglass,30,0.5235987755982988,5.1458094144661315,4.438321214440617
cell_carpet,hourglass,30,0.5235987755982988,4.575200918484501,4.330526852914913
cell_carpet,hourglass,30,0.5235987755982988,6.016073478760046,4.32708253603776
cell_carpet,hourglass,30,0.5235987755982988,5.215843857634902,4.239826508483225
cell_carpet,hourglass,30,0.5235987755982988,5.824339839265212,4.553514478887613
cell_carpet,hourglass,-90,-1.5707963267948966,5.8473019517795635,7.409746141089425
cell_carpet,hourglass,-90,-1.5707963267948966,6.765786452353616,7.225156269932389
cell_carpet,hourglass,-90,-1.5707963267948966,7.985074626865671,7.179487179487179
cell_carpet,hourglass,-90,-1.5707963267948966,7.926521239954075,7.228345452226048
cell_carpet,hourglass,-90,-1.5707963267948966,7.64638346727899,7.195943360122464
cell_carpet,hourglass,-90,-1.5707963267948966,7.308840413318025,7.2187779053450685
cell_carpet,hourglass,-90,-1.5707963267948966,7.270952927669346,7.279882638091594
cell_carpet,hourglass,-90,-1.5707963267948966,6.825487944890931,7.1770634009439975
cell_carpet,hourglass,-90,-1.5707963267948966,7.486796785304248,7.229238423268274
cell_carpet,hourglass,-90,-1.5707963267948966,7.021814006888634,7.359739762724838
cell_carpet,hourglass,150,2.6179938779914944,7.004592422502871,4.1428753667559635
cell_carpet,hourglass,150,2.6179938779914944,2.9873708381171067,4.247990815154995
cell_carpet,hourglass,150,2.6179938779914944,2.3731343283582094,4.271973466003317
cell_carpet,hourglass,150,2.6179938779914944,2.3811710677382316,4.14797805842582
cell_carpet,hourglass,150,2.6179938779914944,3.721010332950631,4.109835438193646
cell_carpet,hourglass,150,2.6179938779914944,4.153846153846153,4.0563847429519075
cell_carpet,hourglass,150,2.6179938779914944,4.69804822043628,4.092231151932644
cell_carpet,hourglass,150,2.6179938779914944,4.411021814006888,4.024620487307055
cell_carpet,hourglass,150,2.6179938779914944,4.831228473019518,4.062380405663988
cell_carpet,hourglass,150,2.6179938779914944,4.660160734787601,3.8018879959178467
cell_carpet,hourglass,-150,-2.6179938779914944,5.096440872560276,4.484245439469321
cell_carpet,hourglass,-150,-2.6179938779914944,2.278989667049369,4.383594846281414
cell_carpet,hourglass,-150,-2.6179938779914944,2.965556831228473,4.290343156014798
cell_carpet,hourglass,-150,-2.6179938779914944,3.679678530424799,4.239826508483225
cell_carpet,hourglass,-150,-2.6179938779914944,4.2594718714121695,4.265212399540758
cell_carpet,hourglass,-150,-2.6179938779914944,4.083811710677383,4.124122974869244
cell_carpet,hourglass,-150,-2.6179938779914944,5.012629161882892,4.187523918867202
cell_carpet,hourglass,-150,-2.6179938779914944,4.1630309988518945,4.018624824594974
cell_carpet,hourglass,-150,-2.6179938779914944,5.483352468427095,4.113662456946039
cell_carpet,hourglass,-150,-2.6179938779914944,4.482204362801379,4.045413955861717
cell_carpet,hourglass,90,1.5707963267948966,5.300803673938002,7.841306289067483
cell_carpet,hourglass,90,1.5707963267948966,7.408725602755454,7.677509886465111
cell_carpet,hourglass,90,1.5707963267948966,8.536165327210105,7.682995280010205
cell_carpet,hourglass,90,1.5707963267948966,8.345579793340988,7.717310881489987
cell_carpet,hourglass,90,1.5707963267948966,7.762342135476464,7.703916315856613
cell_carpet,hourglass,90,1.5707963267948966,7.218140068886338,7.643832121444062
cell_carpet,hourglass,90,1.5707963267948966,7.399540757749714,7.567164179104477
cell_carpet,hourglass,90,1.5707963267948966,7.572904707233065,7.535272356167878
cell_carpet,hourglass,90,1.5707963267948966,7.800229621125144,7.4827146319683635
cell_carpet,hourglass,90,1.5707963267948966,7.980482204362801,7.780456690904454
cell_carpet,hourglass,-30,-0.5235987755982988,7.6268656716417915,4.158693710932517
cell_carpet,hourglass,-30,-0.5235987755982988,3.1228473019517793,4.284219926010971
cell_carpet,hourglass,-30,-0.5235987755982988,1.9552238805970148,4.260237275162648
cell_carpet,hourglass,-30,-0.5235987755982988,2.2766934557979335,4.18867202449292
cell_carpet,hourglass,-30,-0.5235987755982988,2.9150401836968998,4.102946804439341
cell_carpet,hourglass,-30,-0.5235987755982988,3.7967853042479907,4.110345707360633
cell_carpet,hourglass,-30,-0.5235987755982988,3.7141216991963257,4.004592422502871
cell_carpet,hourglass,-30,-0.5235987755982988,4.569460390355912,3.959050899349407
cell_carpet,hourglass,-30,-0.5235987755982988,4.8369690011481055,3.868222987625973
cell_carpet,hourglass,-30,-0.5235987755982988,5.258323765786453,3.6050516647531574
