surface,motion_type,angle_deg,target_angle,I_total,I_total_avg,cls_raw,linoleum_raw,grass_raw,rubber_carpet_raw,cell_carpet_raw,cls_memory,linoleum_memory,grass_memory,rubber_carpet_memory,cell_carpet_memory
cell_carpet,figure_eight,-178,-3.099931203150989,4.951779563719863,4.951779563719863,rubber_carpet,0.0025399758649986785,0.4591060355323255,0.4741262117910646,0.06422777681161114,rubber_carpet,0.0025399758649986785,0.4591060355323255,0.4741262117910646,0.06422777681161114
cell_carpet,figure_eight,-178,-3.106843433684112,5.468427095292767,5.210103329506315,rubber_carpet,0.0028573717211101773,0.44532214372197226,0.5162187688811791,0.035601715675738235,rubber_carpet,0.0026986737930544285,0.452214089627149,0.495172490336122,0.0499147462436747
cell_carpet,figure_eight,-178,-3.099631756650153,4.376578645235361,4.932261768082664,rubber_carpet,0.0025175114870725026,0.4596716687555805,0.470806291063483,0.06700452869386406,rubber_carpet,0.002608092640063465,0.45594287919136467,0.4829893906998024,0.058459637468769365
cell_carpet,figure_eight,-178,-3.1070264103117595,5.537313432835822,5.083524684270953,rubber_carpet,0.0026967879105010153,0.45346540085867315,0.49600623334510474,0.04783157788572124,rubber_carpet,0.0026524402752822404,0.4547041400250189,0.48949781202245357,0.0531456076772453
cell_carpet,circle,-177,-3.082847897206442,5.119402985074627,5.119402985074627,rubber_carpet,0.002716827490913334,0.45276054319113745,0.4991547714275582,0.045367857890390974,rubber_carpet,0.002716827490913334,0.45276054319113745,0.4991547714275582,0.045367857890390974
cell_carpet,circle,-177,-3.0827885309802454,4.607347876004592,4.86337543053961,grass,0.0024195483999685393,0.46180075177513663,0.4560764986448289,0.07970320118006599,rubber_carpet,0.0025681879454409373,0.45728064748313707,0.4776156350361936,0.06253552953522849
cell_carpet,circle,-175,-3.058400956792287,4.68886337543054,4.68886337543054,grass,0.0021891631792103675,0.4608952238889155,0.41697066196031,0.11994495097156412,grass,0.0021891631792103675,0.4608952238889155,0.41697066196031,0.11994495097156412
cell_carpet,circle,-175,-3.058354465169362,4.237657864523536,4.463260619977038,grass,0.001975467771216886,0.44795544333313053,0.3743219514269805,0.17574713746867227,grass,0.0020823154752136266,0.454425333611023,0.39564630669364526,0.14784604422011818
cell_carpet,figure_eight,-168,-2.9304800367313724,5.846153846153846,5.846153846153846,rubber_carpet,0.003194241604267137,0.41793198020528577,0.5651168703924151,0.01375690779803202,rubber_carpet,0.003194241604267137,0.41793198020528577,0.5651168703924151,0.01375690779803202
cell_carpet,figure_eight,-168,-2.93057026443737,5.625717566016074,5.73593570608496,rubber_carpet,0.0030435156029513253,0.4304386160699197,0.5486973068974574,0.01782056142967148,rubber_carpet,0.0031188786036092314,0.42418529813760275,0.5569070886449363,0.01578873461385175
cell_carpet,figure_eight,-167,-2.922551175432855,4.461538461538462,4.461538461538462,grass,0.0017648601970320507,0.43094737518503407,0.31733939283980434,0.2499483717781295,grass,0.0017648601970320507,0.43094737518503407,0.31733939283980434,0.2499483717781295
cell_carpet,figure_eight,-167,-2.9224987266574285,4.063145809414467,4.262342135476464,grass,0.0016908018511473943,0.40343378143259545,0.28097579950028523,0.313899617215972,grass,0.0017278310240897224,0.4171905783088148,0.2991575961700448,0.28192399449705074
cell_carpet,circle,-165,-2.883150402699606,3.190585533869116,3.190585533869116,cell_carpet,0.0596914391478573,0.250005058339623,0.14137724713672037,0.5489262553757994,cell_carpet,0.0596914391478573,0.250005058339623,0.14137724713672037,0.5489262553757994
cell_carpet,circle,-165,-2.883184258137838,3.2732491389207805,3.2319173363949485,cell_carpet,0.05038877627242436,0.25484567418235343,0.14449460862314578,0.5502709409220764,cell_carpet,0.055040107710140826,0.2524253662609882,0.1429359278799331,0.549598598148938
cell_carpet,circle,-164,-2.858438579244069,4.856486796785304,4.856486796785304,grass,0.0019553736666911782,0.4644849006787051,0.36152095119811123,0.17203877445649254,grass,0.0019553736666911782,0.4644849006787051,0.36152095119811123,0.17203877445649254
cell_carpet,circle,-164,-2.8582933823293963,5.448909299655569,5.1526980482204365,grass,0.0022009308994870315,0.47986805059394233,0.4173184376267164,0.10061258087985425,grass,0.002078152283089105,0.4721764756363237,0.3894196944124138,0.13632567766817338
cell_carpet,figure_eight,-158,-2.753543616593092,6.535017221584386,6.535017221584386,rubber_carpet,0.003093816739048494,0.41599945496621465,0.5726124962371266,0.00829423205761016,rubber_carpet,0.003093816739048494,0.41599945496621465,0.5726124962371266,0.00829423205761016
cell_carpet,figure_eight,-158,-2.753920578994157,7.111366245694604,6.823191733639495,rubber_carpet,0.003477054891877944,0.37451227897068107,0.6166759732229544,0.005334692914486549,rubber_carpet,0.0032854358154632197,0.3952558669684479,0.5946442347300406,0.0068144624860483555
cell_carpet,figure_eight,-157,-2.746264302961285,2.978185993111366,2.978185993111366,cell_carpet,0.29908330879586703,0.16793453140573836,0.08230611685224228,0.45067604294615227,cell_carpet,0.29908330879586703,0.16793453140573836,0.08230611685224228,0.45067604294615227
cell_carpet,figure_eight,-157,-2.7459677271591607,3.2824339839265213,3.130309988518944,cell_carpet,0.195088663764462,0.19210790814473636,0.09376829315863806,0.5190351349321636,cell_carpet,0.2470859862801645,0.18002121977523736,0.08803720500544017,0.4848555889391579
cell_carpet,circle,-154,-2.683206860219137,1.8633754305396095,1.8633754305396095,linoleum,0.8703575392604483,0.04665935993489766,0.02611591218300031,0.056867188621653686,linoleum,0.8703575392604483,0.04665935993489766,0.02611591218300031,0.056867188621653686
cell_carpet,circle,-154,-2.6827779451953333,1.86796785304248,1.8656716417910448,linoleum,0.8702179879101969,0.046658901150512744,0.026099049644463357,0.057024061294826935,linoleum,0.8702877635853227,0.04665913054270521,0.02610748091373184,0.056945624958240314
cell_carpet,circle,-152,-2.6584719101614267,6.104477611940298,6.104477611940298,grass,0.0023134921519579656,0.5198967976228898,0.4179611825234556,0.05982852770169663,grass,0.0023134921519579656,0.5198967976228898,0.4179611825234556,0.05982852770169663
cell_carpet,circle,-152,-2.6582866589254657,6.585533869115959,6.345005740528128,grass,0.0024586951224375604,0.5063939249098767,0.4581521708598441,0.03299520910784177,grass,0.002386093637197763,0.5131453612663832,0.4380566766916498,0.0464118684047692
cell_carpet,figure_eight,-147,-2.572922105412322,7.560275545350173,7.560275545350173,rubber_carpet,0.0029884543808277146,0.42255250904016556,0.5696917360743201,0.0047673005046866114,rubber_carpet,0.0029884543808277146,0.42255250904016556,0.5696917360743201,0.0047673005046866114
cell_carpet,figure_eight,-147,-2.565319914486207,2.421354764638347,4.99081515499426,cell_carpet,0.0015591942221556388,0.3316999665377629,0.14085549091872246,0.5258853483213589,grass,0.002273824301491677,0.37712623778896426,0.3552736134965213,0.2653263244130228
cell_carpet,figure_eight,-147,-2.573057635573424,7.322617680826635,5.768082663605052,grass,0.0019431099156658105,0.49326713084331086,0.2625919018881826,0.2421978573528407,grass,0.002108467108578744,0.43519668431613756,0.30893275769235196,0.2537620908829317
cell_carpet,figure_eight,-147,-2.5653264424868483,2.2078071182548795,4.878013777267508,cell_carpet,0.0015875298515485245,0.3107043518954356,0.128837679916327,0.5588704383366888,cell_carpet,0.0018479984800636342,0.3729505181057866,0.21888521880433948,0.4063162646098103
cell_carpet,circle,-142,-2.4832180182086394,1.7967853042479909,1.7967853042479909,linoleum,0.950018054632292,0.022739121473526493,0.013331508413104967,0.013911315481076358,linoleum,0.950018054632292,0.022739121473526493,0.013331508413104967,0.013911315481076358
cell_carpet,circle,-142,-2.4831939379321497,1.7967853042479909,1.7967853042479909,linoleum,0.950018054632292,0.022739121473526493,0.013331508413104967,0.013911315481076358,linoleum,0.9500180546322922,0.022739121473526497,0.01333150841310497,0.01391131548107636
cell_carpet,circle,-141,-2.4584031979269305,7.640642939150401,7.640642939150401,grass,0.0026306452193065933,0.5209825575491303,0.4666490744816583,0.009737722749904814,grass,0.0026306452193065933,0.5209825575491303,0.4666490744816583,0.009737722749904814
cell_carpet,circle,-141,-2.458327142400197,7.8231917336394945,7.731917336394948,grass,0.002674525567263127,0.5076437937205435,0.4818460875053099,0.007835593206883457,grass,0.0026525853932848602,0.5143131756348369,0.4742475809934841,0.008786657978394136
cell_carpet,figure_eight,-138,-2.405890920929753,1.618828932261768,1.618828932261768,linoleum,0.9227220294952111,0.03276725306742428,0.024219067856311983,0.020291649581052642,linoleum,0.9227220294952111,0.03276725306742428,0.024219067856311983,0.020291649581052642
cell_carpet,figure_eight,-138,-2.412152670554527,7.21239954075775,4.415614236509759,cell_carpet,0.03568215187465099,0.16542008923371027,0.043954818391862584,0.7549429404997762,linoleum,0.479202090684931,0.09909367115056728,0.034086943124087284,0.3876172950404144
cell_carpet,figure_eight,-138,-2.40554039617332,1.444316877152698,3.4251817833907388,linoleum,0.7956242929692676,0.043390105305024254,0.013088457270275225,0.14789714445543284,linoleum,0.6374131918270993,0.07124188822779576,0.023587700197181254,0.26775721974792366
cell_carpet,figure_eight,-138,-2.4124553087204115,7.577497129735935,4.463260619977038,cell_carpet,0.027608149771306368,0.16788500021979513,0.04460109786569615,0.7599057521432023,cell_carpet,0.3325106707992028,0.11956344422379545,0.0340943990314387,0.513831485945563
cell_carpet,circle,-131,-2.28315788904299,3.066590126291618,3.066590126291618,linoleum,0.9802989745590721,0.006263069142889883,0.0025109799005168854,0.010926976397521179,linoleum,0.9802989745590721,0.006263069142889883,0.0025109799005168854,0.010926976397521179
cell_carpet,circle,-131,-2.283215109501974,3.0195177956371984,3.0430539609644085,linoleum,0.9810754834348361,0.006113958702429193,0.0024945364157315185,0.010316021447003299,linoleum,0.9806872289969542,0.006188513922659538,0.002502758158124202,0.010621498922262239
cell_carpet,figure_eight,-130,-2.263597301727981,7.169919632606201,7.169919632606201,grass,0.002384481513491005,0.5615673432606112,0.16619971809670264,0.2698484571291952,grass,0.002384481513491005,0.5615673432606112,0.16619971809670264,0.2698484571291952
cell_carpet,figure_eight,-130,-2.263659675597836,6.8576349024110215,7.013777267508612,grass,0.0022804202538372472,0.5141860999069148,0.14283098671153824,0.34070249312770984,grass,0.002332450883664126,0.537876721583763,0.15451535240412045,0.30527547512845254
cell_carpet,circle,-129,-2.258423415822437,6.580941446613088,6.580941446613088,cell_carpet,0.0019254530963654308,0.34567512361871533,0.07716953768929223,0.575229885595627,cell_carpet,0.0019254530963654308,0.34567512361871533,0.07716953768929223,0.575229885595627
cell_carpet,circle,-129,-2.258337108296804,7.010332950631458,6.7956371986222734,cell_carpet,0.0020823845471706574,0.4148553010374376,0.09914149818763374,0.48392081622775807,cell_carpet,0.002003918821768044,0.3802652123280765,0.08815551793846299,0.5295753509116925
cell_carpet,figure_eight,-129,-2.25762897180367,1.6762342135476465,1.6762342135476465,linoleum,0.8106584453026742,0.06627694070252997,0.06247941585858715,0.060585198136208794,linoleum,0.40633118206222113,0.22327107651530323,0.07531746689852507,0.29508027452395064
cell_carpet,figure_eight,-129,-2.257614201869755,1.60849598163031,1.642365097588978,linoleum,0.7852889015807064,0.07487908268048447,0.0709568762321235,0.06887513950668561,linoleum,0.5958100418214638,0.14907507959789384,0.07313717156532429,0.18197770701531812
cell_carpet,figure_eight,-123,-2.1401054760323146,7.287026406429391,7.287026406429391,cell_carpet,0.002272425192986531,0.4226112940750033,0.07920293313086828,0.4959133476011418,cell_carpet,0.002272425192986531,0.4226112940750033,0.07920293313086828,0.4959133476011418
cell_carpet,figure_eight,-123,-2.140304741620893,7.662456946039035,7.474741676234213,grass,0.0024404305487537984,0.49503892499123414,0.09955841109944676,0.40296223336056525,grass,0.002356427870870165,0.4588251095331188,0.08938067211515753,0.4494377904808536
cell_carpet,figure_eight,-122,-2.135397564515653,1.892078071182549,1.892078071182549,linoleum,0.7733694263115003,0.07662367686539125,0.07523670621260657,0.07477019061050187,linoleum,0.7733694263115003,0.07662367686539125,0.07523670621260657,0.07477019061050187
cell_carpet,figure_eight,-122,-2.135167753001693,2.35361653272101,2.1228473019517797,linoleum,0.9078974474503333,0.03149217667332338,0.030404796574975065,0.030205579301368392,linoleum,0.8406334368809167,0.05405792676935731,0.05282075139379082,0.052487884955935135
cell_carpet,circle,-119,-2.0828116575824187,4.892078071182549,4.892078071182549,cell_carpet,0.35405894528351983,0.06751230713307405,0.012568595969828737,0.5658601516135773,cell_carpet,0.35405894528351983,0.06751230713307405,0.012568595969828737,0.5658601516135773
cell_carpet,circle,-119,-2.082899157200949,4.904707233065443,4.898392652123996,cell_carpet,0.3454827949820205,0.06820467614925722,0.01264093277326281,0.5736715960954596,cell_carpet,0.3497708701327702,0.06785849164116564,0.012604764371545774,0.5697658738545184
cell_carpet,circle,-118,-2.0584281365103045,7.730195177956372,7.730195177956372,cell_carpet,0.002505674033401938,0.45771849839345075,0.07251083088395453,0.4672649966891927,cell_carpet,0.002505674033401938,0.45771849839345075,0.07251083088395453,0.4672649966891927
cell_carpet,circle,-118,-2.0583172718710223,7.06199770378875,7.396096440872562,cell_carpet,0.0021742124802261223,0.32710809257935897,0.04613007974264623,0.6245876151977687,cell_carpet,0.0023399432568140303,0.39241329548640486,0.05932045531330038,0.5459263059434807
cell_carpet,figure_eight,-116,-2.029737301755638,6.8059701492537314,6.8059701492537314,cell_carpet,0.0018517953153108896,0.15131413156759976,0.016895820720289206,0.8299382523968002,cell_carpet,0.0018517953153108896,0.15131413156759976,0.016895820720289206,0.8299382523968002
cell_carpet,figure_eight,-116,-2.0253684594886043,3.149253731343284,4.977611940298508,cell_carpet,0.41609882093787454,0.05790879918005833,0.01160928024867249,0.5143830996333948,cell_carpet,0.2089753081265927,0.10461146537382905,0.014252550484480847,0.6721606760150975
cell_carpet,figure_eight,-116,-2.0299174726037865,7.784156142365098,5.913126674320704,cell_carpet,0.0037720256387630277,0.08679431469058917,0.010231751142181255,0.8992019085284666,cell_carpet,0.10637366688267787,0.09570289003220911,0.012242150813331052,0.7856812922717821
cell_carpet,figure_eight,-116,-2.025326324255297,3.422502870264064,5.290470723306544,cell_carpet,0.0906729161212452,0.0790534783121579,0.012450657763299311,0.8178229478032977,cell_carpet,0.09852329150196151,0.08737818417218349,0.012346404288315179,0.8017521200375397
cell_carpet,figure_eight,-111,-1.9350818862912915,4.460390355912744,4.460390355912744,linoleum,0.9693022552945679,0.005440599133310411,0.0026029421183141523,0.022654203453807496,linoleum,0.9693022552945679,0.005440599133310411,0.0026029421183141523,0.022654203453807496
cell_carpet,figure_eight,-111,-1.9385314810749137,8.02411021814007,6.242250287026407,cell_carpet,0.0029716864711331527,0.07734970539979208,0.008070360378767742,0.9116082477503071,linoleum,0.4861369708828505,0.041395152266551244,0.005336651248540947,0.46713122560205733
cell_carpet,figure_eight,-111,-1.9349018364633253,4.954075774971298,5.8128587830080365,cell_carpet,0.01172771365149358,0.071103745696129,0.009162923531041905,0.9080056171213355,cell_carpet,0.24893234226717204,0.05624944898134012,0.007249787389791425,0.6875684213616964
cell_carpet,figure_eight,-111,-1.938693970265228,8.819747416762342,6.564580941446613,cell_carpet,0.00218444898266651,0.09091509453941371,0.008758038604741097,0.8981424178731787,cell_carpet,0.12555839562491927,0.07358227176037692,0.008003912997266261,0.7928554196174376
cell_carpet,circle,-108,-1.883163754140036,6.427095292766936,6.427095292766936,cell_carpet,0.0027386771787235365,0.07364906183900974,0.007207662975470723,0.916404598006796,cell_carpet,0.0027386771787235365,0.07364906183900974,0.007207662975470723,0.916404598006796
cell_carpet,circle,-108,-1.8831875959979456,6.355912743972446,6.391504018369691,cell_carpet,0.0028554246957727784,0.07256812407517024,0.007200576101866086,0.9173758751271909,cell_carpet,0.0027970509372481573,0.07310859295708999,0.007204119538668405,0.9168902365669934
cell_carpet,circle,-106,-1.8584202210134773,7.199770378874857,7.199770378874857,cell_carpet,0.0019253560282893102,0.11669867174740906,0.009730986031427868,0.8716449861928739,cell_carpet,0.0019253560282893102,0.11669867174740906,0.009730986031427868,0.8716449861928739
cell_carpet,circle,-106,-1.85836681525176,7.169919632606199,7.184845005740527,cell_carpet,0.0019280635963894398,0.1150201747065245,0.009592098773051522,0.8734596629240344,cell_carpet,0.001926709812339375,0.11585942322696677,0.009661542402239695,0.8725523245584541
cell_carpet,figure_eight,-106,-1.855837798918218,7.6130884041331806,7.6130884041331806,cell_carpet,0.0020142427615688252,0.18326122079617427,0.015828060321205293,0.7988964761210516,cell_carpet,0.0019704762869541003,0.14956032201157055,0.012744801361722496,0.8357244003397529
cell_carpet,figure_eight,-106,-1.8524612841491144,4.865671641791044,6.239380022962113,cell_carpet,0.004145343962661968,0.0648580002927005,0.007093853125682198,0.9239028026189553,cell_carpet,0.003057910124808034,0.10720916115213552,0.009919327243702347,0.8798136014793541
cell_carpet,figure_eight,-106,-1.855924195903872,7.394948335246842,6.624569460390355,cell_carpet,0.0024433722605747606,0.07503183846381617,0.0068537069770583554,0.9156710822985507,cell_carpet,0.002750641192691398,0.09112049980797586,0.008386517110380352,0.8977423418889524
cell_carpet,figure_eight,-106,-1.852448673587185,5.841561423650976,6.428817451205511,cell_carpet,0.0029808079207315533,0.0685704998563157,0.0067731188629175584,0.9216755733600351,cell_carpet,0.0028657245567114756,0.07984549983214578,0.007579817986648955,0.9097089576244938
cell_carpet,figure_eight,-102,-1.7826370123096782,6.267508610792192,6.267508610792192,cell_carpet,0.00493924129847542,0.05943059111971251,0.006866119692358231,0.9287640478894539,cell_carpet,0.00493924129847542,0.05943059111971251,0.006866119692358231,0.9287640478894539
cell_carpet,figure_eight,-102,-1.7853692759607591,7.538461538461538,6.902985074626866,cell_carpet,0.002214202170119122,0.07748663416636345,0.006444059133936943,0.9138551045295805,cell_carpet,0.003576721734297271,0.06845861264303799,0.006655089413147587,0.9213095762095171
cell_carpet,figure_eight,-102,-1.7825082948254565,6.747416762342136,6.851128970531955,cell_carpet,0.002283228094023278,0.07485044955675546,0.006324313435936786,0.9165420089132844,cell_carpet,0.002929974914160275,0.07165453109989674,0.0064897014245421875,0.9189257925614008
cell_carpet,figure_eight,-102,-1.785508287536879,3.5338691159586686,6.021814006888634,cell_carpet,0.012953078585024905,0.05892124940990081,0.008377579014044642,0.9197480929910297,cell_carpet,0.00794152674959259,0.06528789025489877,0.007433640219293415,0.9193369427762152
cell_carpet,figure_eight,-98,-1.7187991107440344,7.3214695752009185,7.3214695752009185,cell_carpet,0.001971002174102475,0.09841317774230791,0.007378200306659622,0.89223761977693,cell_carpet,0.001971002174102475,0.09841317774230791,0.007378200306659622,0.89223761977693
cell_carpet,figure_eight,-98,-1.7160183607024582,6.427095292766935,6.874282433983927,cell_carpet,0.0023828944701893115,0.06915229919458439,0.005810318627385692,0.9226544877078405,cell_carpet,0.0021769483221458935,0.08378273846844617,0.006594259467022657,0.9074460537423853
cell_carpet,figure_eight,-98,-1.7188816553629498,8.280137772675086,7.342900880214313,cell_carpet,0.001964328134586797,0.10047132972622635,0.007515191728174771,0.8900491504110122,cell_carpet,0.0020706382283663454,0.09212703409733626,0.007054725597598715,0.8987476020766987
cell_carpet,figure_eight,-98,-1.7160061600817764,7.799081515499426,7.456946039035592,cell_carpet,0.0019449557431683055,0.11276045656987911,0.00836781227347054,0.876926775413482,cell_carpet,0.0020077969857673255,0.10244374533360769,0.0077112689355346275,0.8878371887450903
cell_carpet,circle,-96,-1.683128658925192,8.5752009184845,8.5752009184845,cell_carpet,0.0028779808359598266,0.4271218845950868,0.03835469145361012,0.5316454431153432,cell_carpet,0.0028779808359598266,0.4271218845950868,0.03835469145361012,0.5316454431153432
cell_carpet,circle,-96,-1.682830874119894,8.366245694603904,8.470723306544201,cell_carpet,0.0027312816517447297,0.3776925255903806,0.03267097683931642,0.5869052159185582,cell_carpet,0.002804631243852278,0.4024072050927337,0.035512834146463265,0.5592753295169507
cell_carpet,circle,-95,-1.6584049145406998,8.019517795637197,8.019517795637197,cell_carpet,0.0021806160047420312,0.20929717216370397,0.01589296106033474,0.7726292507712192,cell_carpet,0.0021806160047420312,0.20929717216370397,0.01589296106033474,0.7726292507712192
cell_carpet,circle,-95,-1.6584211270040787,8.134328358208956,8.076923076923077,cell_carpet,0.002234914034850924,0.22547155121407259,0.017320763972340277,0.7549727707787361,cell_carpet,0.0022077650197964774,0.21738436168888828,0.016606862516337507,0.7638010107749778
cell_carpet,figure_eight,-95,-1.6569338111242442,7.483352468427095,7.483352468427095,cell_carpet,0.0019492157436366171,0.11044160803576435,0.008049025664189371,0.8795601505564097,cell_carpet,0.0020784903817165474,0.1639129848623263,0.01232794409026344,0.8216805806656937
cell_carpet,figure_eight,-95,-1.6592922374977093,8.383467278989668,7.933409873708381,cell_carpet,0.002109238104233102,0.18740982674455717,0.014018558216322164,0.7964623769348875,cell_carpet,0.0020938642429748247,0.17566140580344175,0.013173251153292802,0.8090714788002906
cell_carpet,figure_eight,-95,-1.656818269036788,7.8645235361653265,7.910447761194031,cell_carpet,0.0020923089899774444,0.18202998301444603,0.013568345994319815,0.8023093620012567,cell_carpet,0.0020930866164761345,0.17884569440894388,0.013370798573806308,0.8056904204007737
cell_carpet,figure_eight,-95,-1.659425194266008,7.111366245694604,7.710677382319174,cell_carpet,0.001983885755672686,0.14246022949159518,0.010396288429554377,0.8451595963231776,cell_carpet,0.0020384861860744106,0.16065296195026954,0.011883543501680345,0.8254250083619757
cell_carpet,figure_eight,-92,-1.6000465246998703,9.14695752009185,9.14695752009185,grass,0.0034509267326342068,0.6911276104092979,0.07837134515783409,0.22705011770023387,grass,0.0034509267326342068,0.6911276104092979,0.07837134515783409,0.22705011770023387
cell_carpet,figure_eight,-92,-1.59748964219089,7.203214695752009,8.17508610792193,cell_carpet,0.0023317632797569014,0.2530154748876034,0.019717271430369707,0.72493549040227,cell_carpet,0.002891345006195554,0.47207154264845064,0.0490443082941019,0.47599280405125194
cell_carpet,figure_eight,-92,-1.6000855023711005,6.983926521239955,7.778032912361271,cell_carpet,0.002009597944654135,0.1525026618997526,0.011115087759174903,0.8343726523964183,cell_carpet,0.0024504714754248445,0.3122871022741016,0.030079698026638402,0.6551827282238352
cell_carpet,figure_eight,-92,-1.5974591636501994,8.261768082663604,7.898966704936854,cell_carpet,0.0020796318079348776,0.17712223935085067,0.013087483498156645,0.8077106453430578,cell_carpet,0.002265051641679861,0.24470467081247615,0.021583590762397523,0.7314466867834465
cell_carpet,figure_eight,-88,-1.5416800175857084,7.4351320321469565,7.4351320321469565,cell_carpet,0.0019493062348616907,0.10824269011162135,0.007969528389336998,0.88183847526418,cell_carpet,0.0019493062348616907,0.10824269011162135,0.007969528389336998,0.88183847526418
cell_carpet,figure_eight,-88,-1.5439700239546874,7.6475315729047075,7.541331802525832,cell_carpet,0.0019471855218440508,0.12116629804009292,0.008889691878795614,0.8679968245592675,cell_carpet,0.0019482458783528708,0.11470449407585714,0.008429610134066307,0.8749176499117237
cell_carpet,figure_eight,-88,-1.541551599408456,8.700344431687714,7.927669345579793,cell_carpet,0.0021156081895190052,0.19211326261272982,0.014563812725670047,0.7912073164720811,cell_carpet,0.002031927033935938,0.15340887834429348,0.011496711429868177,0.8330624831919025
cell_carpet,figure_eight,-88,-1.5440778630188166,8.352468427095292,8.033869115958668,cell_carpet,0.0022071665849195143,0.220132142545158,0.017023618323375258,0.7606370725465472,cell_carpet,0.002119546809427726,0.18677051044472576,0.014260164876621718,0.7968497778692248
cell_carpet,circle,-85,-1.4830728212939663,8.907003444316878,8.907003444316878,grass,0.0032971237819843444,0.6229636197235237,0.06896880236585409,0.3047704541286379,grass,0.0032971237819843444,0.6229636197235237,0.06896880236585409,0.3047704541286379
cell_carpet,circle,-85,-1.4831584135638638,8.068886337543054,8.487944890929967,cell_carpet,0.00281272411206379,0.4183538836987602,0.038792121448463016,0.5400412707407131,grass,0.003054923947024067,0.520658751711142,0.053880461907158554,0.4224058624346755
cell_carpet,figure_eight,-85,-1.4848028111896874,7.866819747416763,7.866819747416763,cell_carpet,0.0020977182499796413,0.19254769303806749,0.015037097456132397,0.7903174912558204,cell_carpet,0.002576321098501854,0.35660322237460473,0.03445877968164548,0.606361676845248
cell_carpet,figure_eight,-85,-1.4821501161549964,8.5556831228473,8.21125143513203,cell_carpet,0.0024445351773781294,0.29880663063204915,0.02528436935991413,0.6734644648306587,cell_carpet,0.0025104281379399918,0.32770492650332694,0.029871574520779806,0.6399130708379533
cell_carpet,figure_eight,-85,-1.484816039224479,7.769230769230768,8.063911213164944,cell_carpet,0.0022754376463709107,0.24746703414092375,0.02013396294499354,0.7301235652677118,cell_carpet,0.0023929328921554515,0.28758598032212535,0.025002768732886673,0.6850183180528326
cell_carpet,figure_eight,-85,-1.482125722533965,8.226176808266361,8.104477611940299,cell_carpet,0.002319221494222846,0.2606965592626423,0.021425757645932297,0.7155584615972026,cell_carpet,0.0023560771931891485,0.27414126979238385,0.023214263189409487,0.7002883898250176
cell_carpet,circle,-84,-1.4585522095388688,7.513203214695753,7.513203214695753,cell_carpet,0.0019429677569889228,0.1309264528563542,0.010003522597287038,0.8571270567893698,cell_carpet,0.0019429677569889228,0.1309264528563542,0.010003522597287038,0.8571270567893698
cell_carpet,circle,-84,-1.4583021084493912,7.220436280137772,7.366819747416763,cell_carpet,0.001940102551352198,0.11209246794030223,0.008563731398821302,0.8774036981095243,cell_carpet,0.0019415351541705603,0.12150946039832822,0.00928362699805417,0.8672653774494471
cell_carpet,figure_eight,-82,-1.4229318958220678,7.578645235361654,7.578645235361654,cell_carpet,0.0019663303354806377,0.15250788550375657,0.012113087313143292,0.8334126968476195,cell_carpet,0.0019663303354806377,0.15250788550375657,0.012113087313143292,0.8334126968476195
cell_carpet,figure_eight,-82,-1.42543709873347,7.181400688863374,7.380022962112514,cell_carpet,0.0019296139418732271,0.12252797863291189,0.009622545760122612,0.8659198616650923,cell_carpet,0.0019479721386769324,0.13751793206833424,0.010867816536632952,0.8496662792563558
cell_carpet,figure_eight,-82,-1.422777124103194,8.022962112514351,7.594336012246459,cell_carpet,0.0019722558672243926,0.15530356627260444,0.012355197129781934,0.8303689807303893,cell_carpet,0.0019601140029506625,0.14641074917046934,0.011611506833207443,0.8400176299933726
cell_carpet,figure_eight,-82,-1.4255762271432797,6.866819747416762,7.412456946039035,cell_carpet,0.0019306424677393457,0.12679426431342325,0.009963789902722706,0.8613113033161146,cell_carpet,0.0019453782353450041,0.1366025067419463,0.010787648367965075,0.8506644666547436
cell_carpet,figure_eight,-78,-1.3592017078263892,7.439724454649828,7.439724454649828,cell_carpet,0.0019442730543423586,0.15930788413771846,0.013740882382095946,0.8250069604258432,cell_carpet,0.0019442730543423586,0.15930788413771846,0.013740882382095946,0.8250069604258432
cell_carpet,figure_eight,-78,-1.356093970786733,7.466130884041332,7.452927669345581,cell_carpet,0.0019488835100271512,0.16168903654482705,0.013969602633474503,0.8223924773116712,cell_carpet,0.001946578282184755,0.16049846034127277,0.013855242507785226,0.8236997188687573
cell_carpet,figure_eight,-78,-1.3591229369976203,5.794489092996556,6.900114810562573,cell_carpet,0.0020375828546332505,0.09469902970260749,0.008134875439455597,0.8951285120033037,cell_carpet,0.001992080568409003,0.12759874502194013,0.010995058973620412,0.8594141154360304
cell_carpet,figure_eight,-78,-1.3558034912776422,7.521239954075775,7.055396096440873,cell_carpet,0.0019489968929444087,0.10787250511578231,0.009148040746168346,0.881030457245105,cell_carpet,0.0019705387306767057,0.11773562506886122,0.010071549859894379,0.8702222863405678
cell_carpet,circle,-74,-1.283058230076925,7.107921928817452,7.107921928817452,cell_carpet,0.0018883844767192445,0.143374084998927,0.01352687535871121,0.8412106551656424,cell_carpet,0.0018883844767192445,0.143374084998927,0.01352687535871121,0.8412106551656424
cell_carpet,figure_eight,-74,-1.2859220003229983,7.622273249138921,7.622273249138921,cell_carpet,0.0021279592621322005,0.25372133674608705,0.02627257242671484,0.7178781315650659,cell_carpet,0.002008171869425723,0.19854771087250705,0.01989972389271303,0.7795443933653542
cell_carpet,figure_eight,-74,-1.2889657875688236,4.95752009184845,6.289896670493686,cell_carpet,0.002781245344737401,0.07949113251653887,0.008086697880898087,0.9096409242578256,cell_carpet,0.002394708607081562,0.13901942169452297,0.013993210886805559,0.84459265881159
cell_carpet,figure_eight,-74,-1.2857720602126834,7.958668197474168,6.846153846153847,cell_carpet,0.001942668883734528,0.11267188694124053,0.010515890460972607,0.8748695537140524,cell_carpet,0.002168688745408045,0.12584565431788175,0.012254550673889083,0.8597311062628212
cell_carpet,figure_eight,-74,-1.289193879343971,5.965556831228473,6.626004592422503,cell_carpet,0.0021094479354432645,0.09538765606230175,0.009032384644876,0.893470511357379,cell_carpet,0.0021390683404256547,0.11061665519009176,0.010643467659382542,0.8766008088101
cell_carpet,circle,-73,-1.2827721277820034,7.335246842709528,7.335246842709528,cell_carpet,0.0019565792463045145,0.19551954910712388,0.019807742446764674,0.7827161291998069,cell_carpet,0.0019565792463045145,0.19551954910712388,0.019807742446764674,0.7827161291998069
cell_carpet,circle,-72,-1.258487312001637,5.675086107921929,5.675086107921929,cell_carpet,0.01732386615806328,0.0757454920106361,0.010020970136496762,0.8969096716948038,cell_carpet,0.01732386615806328,0.0757454920106361,0.010020970136496762,0.8969096716948038
cell_carpet,circle,-72,-1.2583344856924332,5.9230769230769225,5.7990815154994255,cell_carpet,0.008933144337657475,0.07631939319267822,0.009411360889571233,0.905336101580093,cell_carpet,0.013128505247860378,0.07603244260165716,0.009716165513033998,0.9011228866374484
cell_carpet,figure_eight,-69,-1.2067078739539034,4.649827784156143,4.649827784156143,linoleum,0.8208562465261311,0.02272377010045538,0.006132221615407972,0.15028776175800557,linoleum,0.8208562465261311,0.02272377010045538,0.006132221615407972,0.15028776175800557
cell_carpet,figure_eight,-69,-1.2023950297239134,7.5786452353616545,6.114236509758898,cell_carpet,0.002576296616416301,0.09430364403341132,0.010524903125397994,0.8925951562247744,cell_carpet,0.4117162715712737,0.05851370706693335,0.008328562370402984,0.5214414589913899
cell_carpet,figure_eight,-69,-1.2067185599220058,4.516647531572905,5.581706850363567,cell_carpet,0.015769810843052165,0.08301477314328054,0.010930691435004868,0.8902847245786624,cell_carpet,0.21374304120716295,0.07076424010510694,0.009629626902703926,0.7058630917850262
cell_carpet,figure_eight,-69,-1.202694995450687,7.7405281285878305,6.121412169919633,cell_carpet,0.002553200672263688,0.09460338593400477,0.010546217398665965,0.8922971959950656,cell_carpet,0.10814812093971332,0.08268381301955585,0.010087922150684946,0.7990801438900459
cell_carpet,figure_eight,-64,-1.1120569136192338,7.430539609644088,7.430539609644088,cell_carpet,0.0023220145690706195,0.42222372788504653,0.07242502789860653,0.5030292296472764,cell_carpet,0.0023220145690706195,0.42222372788504653,0.07242502789860653,0.5030292296472764
cell_carpet,figure_eight,-64,-1.1161832398680438,3.5028702640642937,5.466704936854191,cell_carpet,0.009615348268944779,0.09941274300881196,0.013699809306099327,0.877272099416144,cell_carpet,0.005968681419007699,0.2608182354469292,0.04306241860235292,0.6901506645317101
cell_carpet,figure_eight,-64,-1.1118582112946125,7.050516647531573,5.994642173746652,cell_carpet,0.002171552997648375,0.11916374026391073,0.015455529268602651,0.8632091774698383,cell_carpet,0.004070117208328037,0.18999098785541998,0.029258973935477786,0.7766799210007742
cell_carpet,figure_eight,-64,-1.1162949702911895,3.225028702640643,5.302238805970149,cell_carpet,0.024377476537090742,0.0971354706243252,0.01400287817123539,0.8644841746673487,cell_carpet,0.01422379687270939,0.14356322923987258,0.021630926053356588,0.8205820478340615
cell_carpet,circle,-62,-1.083188597355978,7.920780711825488,7.920780711825488,grass,0.0027310346498868464,0.6452416069554858,0.15730946316707964,0.19471789522754765,grass,0.0027310346498868464,0.6452416069554858,0.15730946316707964,0.19471789522754765
cell_carpet,circle,-62,-1.0831399599658411,7.811710677382319,7.866245694603903,grass,0.0027069265670731386,0.630776773628029,0.14981649756448034,0.2166998022404176,grass,0.0027189806084799923,0.6380091902917574,0.15356298036577998,0.20570884873398262
cell_carpet,circle,-61,-1.0584565083212174,5.694603903559128,5.694603903559128,cell_carpet,0.00259092636740689,0.12392729902925953,0.018079096503122345,0.8554026781002112,cell_carpet,0.00259092636740689,0.12392729902925953,0.018079096503122345,0.8554026781002112
cell_carpet,circle,-61,-1.0583034435934344,5.26406429391504,5.479334098737084,cell_carpet,0.004836090834342124,0.11475087416999118,0.016921160010125613,0.863491874985541,cell_carpet,0.003713508600874507,0.11933908659962536,0.01750012825662398,0.8594472765428761
cell_carpet,figure_eight,-58,-1.00647057764272,1.8381171067738231,1.8381171067738231,linoleum,0.8633077392827467,0.047670886641687754,0.04497752835927377,0.04404384571629173,linoleum,0.8633077392827467,0.047670886641687754,0.04497752835927377,0.04404384571629173
cell_carpet,figure_eight,-58,-1.0071092119772789,2.1205510907003444,1.979334098737084,linoleum,0.9208879233353678,0.028046589624540107,0.02579173902268345,0.02527374801740854,linoleum,0.8920978313090573,0.03785873813311393,0.03538463369097861,0.03465879686685014
cell_carpet,figure_eight,-57,-1.0013035206766052,7.301951779563719,7.301951779563719,grass,0.0024290004007624464,0.5605238663148293,0.15060770502855142,0.2864394282558569,grass,0.0024290004007624464,0.5605238663148293,0.15060770502855142,0.2864394282558569
cell_carpet,figure_eight,-57,-1.0012697943155462,7.564867967853043,7.433409873708381,grass,0.0025067053560853068,0.597950303007574,0.17019245005247657,0.2293505415838641,grass,0.0024678528784238766,0.5792370846612016,0.160400077540514,0.2578949849198605
cell_carpet,circle,-51,-0.8831637541400357,7.293915040183696,7.293915040183696,grass,0.002456577338272507,0.6243590607418589,0.2650061840130541,0.10817817790681453,grass,0.002456577338272507,0.6243590607418589,0.2650061840130541,0.10817817790681453
cell_carpet,circle,-51,-0.8831849733935757,6.846153846153848,7.0700344431687725,grass,0.0023747458238387686,0.5960867204522781,0.22755304289707123,0.17398549082681183,grass,0.002415661581055638,0.6102228905970685,0.24627961345506266,0.14108183436681318
cell_carpet,figure_eight,-51,-0.8837395349449978,1.6762342135476465,1.6762342135476465,linoleum,0.905116042256036,0.03671660325708564,0.030458818829578,0.027708535657300325,linoleum,0.45376585191854585,0.32346974692707703,0.13836921614232034,0.08439518501205676
cell_carpet,figure_eight,-51,-0.883977809553936,1.412169919632606,1.5442020665901262,linoleum,0.8471383104100167,0.057389116504866604,0.049958150894378994,0.0455144221907376,linoleum,0.6504520811642813,0.19042943171597182,0.09416368351834967,0.06495480360139717
cell_carpet,figure_eight,-50,-0.8782325282185589,7.733639494833524,7.733639494833524,grass,0.002547293184926248,0.612286779768268,0.3569562459256308,0.02820968112117497,grass,0.002547293184926248,0.612286779768268,0.3569562459256308,0.02820968112117497
cell_carpet,figure_eight,-50,-0.8780163576626195,7.690011481056256,7.71182548794489,grass,0.002543021901744222,0.6140324006805532,0.3534619820856451,0.029962595332057466,grass,0.002545157543335235,0.6131595902244106,0.3552091140056379,0.029086138226616216
cell_carpet,circle,-49,-0.8584307114309587,3.148105625717566,3.148105625717566,linoleum,0.937230566123689,0.016610302069824813,0.005357598590307655,0.04080153321617844,linoleum,0.937230566123689,0.016610302069824813,0.005357598590307655,0.04080153321617844
cell_carpet,circle,-49,-0.8582940975851334,3.0619977037887485,3.105051664753157,linoleum,0.9436921864259432,0.015350962056999018,0.0050466081934393316,0.03591024332361842,linoleum,0.9404613762748162,0.015980632063411916,0.005202103391873493,0.03835588826989843
cell_carpet,figure_eight,-42,-0.7359692471559531,1.397244546498278,1.397244546498278,linoleum,0.888852234996683,0.05097226315110606,0.03545026068429102,0.024725241167919958,linoleum,0.888852234996683,0.05097226315110606,0.03545026068429102,0.024725241167919958
cell_carpet,figure_eight,-42,-0.7291162020487993,6.498277841561424,3.9477611940298503,cell_carpet,0.10374968969329643,0.17364660368221677,0.05551391345872931,0.6670897931657576,linoleum,0.4963009623449897,0.11230943341666141,0.04548208707151016,0.34590751716683876
cell_carpet,figure_eight,-42,-0.7365715936618367,1.442020665901263,3.1125143513203217,linoleum,0.7828173083934459,0.05160479504107443,0.018049834789510277,0.14752806177596947,linoleum,0.6395591353692178,0.08195711422886792,0.03176596093051022,0.2467177894714041
cell_carpet,figure_eight,-42,-0.729080592304354,8.19747416762342,4.383754305396097,cell_carpet,0.011590577456990908,0.20489941035497414,0.06618603201457149,0.7173239801734635,cell_carpet,0.32557485641310435,0.14342826229192102,0.048975996472540854,0.4820208848224338
cell_carpet,circle,-39,-0.6831494013415739,6.576349024110218,6.576349024110218,grass,0.002344241886510452,0.5504439862621762,0.3908308692368224,0.05638090261449083,grass,0.002344241886510452,0.5504439862621762,0.3908308692368224,0.05638090261449083
cell_carpet,circle,-39,-0.6832063833819799,6.912743972445466,6.744546498277842,grass,0.0024201721475413064,0.5415877825288956,0.4191699740379942,0.036822071285568914,grass,0.0023822070170258793,0.5460158843955359,0.4050004216374084,0.04660148695002988
cell_carpet,circle,-38,-0.6584161202139182,1.592422502870264,1.592422502870264,linoleum,0.9182883952639691,0.03766654429948565,0.022360668358605926,0.021684392077939398,linoleum,0.9182883952639691,0.03766654429948565,0.022360668358605926,0.021684392077939398
cell_carpet,circle,-38,-0.6582895199484148,1.657864523536165,1.6251435132032146,linoleum,0.9211308847786532,0.036089143476072415,0.021118939983868795,0.021661031761405488,linoleum,0.9197096400213112,0.03687784388777903,0.02173980417123736,0.021672711919672443
cell_carpet,figure_eight,-33,-0.5690111790218588,7.394948335246844,7.394948335246844,rubber_carpet,0.003426033118121726,0.36478941851219665,0.6274972883334097,0.0042872600362718945,rubber_carpet,0.003426033118121726,0.36478941851219665,0.6274972883334097,0.0042872600362718945
cell_carpet,figure_eight,-33,-0.575893265661273,2.1630309988518945,4.77898966704937,cell_carpet,0.0015618916317953085,0.36234480060168983,0.18206761044543085,0.45402569732108405,rubber_carpet,0.002493962374958517,0.36356710955694327,0.40478244938942026,0.22915647867867797
cell_carpet,figure_eight,-33,-0.5686103590824764,8.281285878300803,5.9464217374665145,grass,0.0022232385668344208,0.5210093258213894,0.3907965749111522,0.0859708607006241,grass,0.002358600470896469,0.4422882176891663,0.39778951215028624,0.15756366968965102
cell_carpet,figure_eight,-33,-0.5762527470380479,1.8691159586681971,4.927095292766935,cell_carpet,0.0015996261059486663,0.39076815731060016,0.20383572866474386,0.40379648791870726,grass,0.001979113288422568,0.4165281874998833,0.3008126204075151,0.28068007880417917
cell_carpet,circle,-28,-0.4827495257007046,5.964408725602755,5.964408725602755,grass,0.0024827409009652718,0.48782032828549954,0.4717043673603145,0.03799256345322074,grass,0.0024827409009652718,0.48782032828549954,0.4717043673603145,0.03799256345322074
cell_carpet,circle,-28,-0.4829278627978725,5.873708381171068,5.919058553386911,grass,0.002448295969995791,0.49086152732129423,0.46421137580435623,0.042478800904353735,grass,0.0024655184354805313,0.4893409278033969,0.46795787158233537,0.04023568217878724
cell_carpet,circle,-26,-0.4584239403433122,1.9712973593570609,1.9712973593570609,linoleum,0.7875835218084701,0.06691003344173126,0.03781358787538718,0.10769285687441146,linoleum,0.7875835218084701,0.06691003344173126,0.03781358787538718,0.10769285687441146
cell_carpet,circle,-26,-0.4582999626821794,1.9184845005740525,1.9448909299655568,linoleum,0.7925733139906255,0.066081700349016,0.03754664520999598,0.10379834045036251,linoleum,0.7900784178995479,0.06649586689537364,0.03768011654269159,0.105745598662387
cell_carpet,figure_eight,-23,-0.3956529047329826,3.1262916188289323,3.1262916188289323,cell_carpet,0.10697237411228361,0.22663857246648705,0.12118897733943133,0.545200076081798,cell_carpet,0.10697237411228361,0.22663857246648705,0.12118897733943133,0.545200076081798
cell_carpet,figure_eight,-23,-0.3956731351389095,3.300803673938003,3.213547646383468,cell_carpet,0.07690963000262693,0.23740902969311908,0.1273772335674122,0.5583041067368419,cell_carpet,0.09194100205745527,0.23202380107980308,0.12428310545342178,0.5517520914093199
cell_carpet,figure_eight,-22,-0.3876729362410538,6.233065442020666,6.233065442020666,rubber_carpet,0.003260961392003475,0.4049521924150433,0.5825617340056761,0.009225112187277033,rubber_carpet,0.003260961392003475,0.4049521924150433,0.5825617340056761,0.009225112187277033
cell_carpet,figure_eight,-22,-0.3875992652759394,6.818599311136625,6.525832376578645,rubber_carpet,0.0037211245466584964,0.3641798380529457,0.6262378513944432,0.005861186005952621,rubber_carpet,0.003491042969330986,0.3845660152339945,0.6043997927000597,0.007543149096614827
cell_carpet,circle,-16,-0.2831972281085425,5.157290470723306,5.157290470723306,grass,0.002448336592273086,0.46799903131606757,0.46468979638846936,0.0648628357031899,grass,0.002448336592273086,0.46799903131606757,0.46468979638846936,0.0648628357031899
cell_carpet,circle,-16,-0.2832048575030728,4.884041331802527,5.020665901262916,grass,0.0023128517786825255,0.4701508518063252,0.4407606846470742,0.08677561176791802,grass,0.002380594185477806,0.46907494156119645,0.4527252405177718,0.07581922373555398
cell_carpet,circle,-15,-0.2583957592672624,3.5774971297359355,3.5774971297359355,cell_carpet,0.006576217510116368,0.31911096210021733,0.20198751588894004,0.4723253045007262,cell_carpet,0.006576217510116368,0.31911096210021733,0.20198751588894004,0.4723253045007262
cell_carpet,circle,-15,-0.2583683411306657,3.2411021814006884,3.409299655568312,cell_carpet,0.014094365413724165,0.2979319393860542,0.18407027861978026,0.5039034165804412,cell_carpet,0.010335291461920268,0.3085214507431358,0.1930288972543602,0.4881143605405838
cell_carpet,figure_eight,-13,-0.2186645478390914,3.64638346727899,3.64638346727899,cell_carpet,0.004312862543953521,0.33596874884367167,0.2204583281526748,0.4392600604597001,cell_carpet,0.004312862543953521,0.33596874884367167,0.2204583281526748,0.4392600604597001
cell_carpet,figure_eight,-13,-0.219024848189325,4.157290470723307,3.901836969001149,grass,0.0020837827750455435,0.37205488618744603,0.2570718498013652,0.36878948123614325,cell_carpet,0.003198322659499532,0.3540118175155589,0.23876508897702,0.40402477084792165
cell_carpet,figure_eight,-12,-0.2114956812760237,5.528128587830079,5.528128587830079,rubber_carpet,0.0030985945123640692,0.42847655979553706,0.5478597612136706,0.020565084478428232,rubber_carpet,0.0030985945123640692,0.42847655979553706,0.5478597612136706,0.020565084478428232
cell_carpet,figure_eight,-12,-0.2111215546175289,6.438576349024111,5.983352468427095,rubber_carpet,0.0038674712897589377,0.3737633068410038,0.614362756973931,0.008006464895306315,rubber_carpet,0.0034830329010615037,0.40111993331827045,0.5811112590938008,0.014285774686867272
cell_carpet,circle,-5,-0.0831516424762173,4.459242250287027,4.459242250287027,grass,0.0020457616135876582,0.44997072373952013,0.38900143039115476,0.15898208425573757,grass,0.0020457616135876582,0.44997072373952013,0.38900143039115476,0.15898208425573757
cell_carpet,circle,-5,-0.0831676165210162,4.117106773823192,4.288174512055109,grass,0.0018988334931607403,0.4358584788352055,0.3563116002208856,0.2059310874507481,grass,0.0019722975533741994,0.4429146012873628,0.3726565153060202,0.18245658585324281
cell_carpet,circle,-3,-0.0584007183737077,4.215843857634902,4.215843857634902,grass,0.0018568532299825897,0.4290366046999176,0.3443816479011476,0.2247248941689521,grass,0.0018568532299825897,0.4290366046999176,0.3443816479011476,0.2247248941689521
cell_carpet,circle,-3,-0.0584031025594987,4.090700344431688,4.153272101033295,grass,0.0018249454055099935,0.4220590103587589,0.332593391846734,0.24352265238899706,grass,0.0018408993177462917,0.42554780752933835,0.3384875198739408,0.23412377327897463
cell_carpet,figure_eight,-2,-0.0419034591801623,5.090700344431688,5.090700344431688,rubber_carpet,0.0027554659453252646,0.4503233715849736,0.5025799430488372,0.04434121942086393,rubber_carpet,0.0027554659453252646,0.4503233715849736,0.5025799430488372,0.04434121942086393
cell_carpet,figure_eight,-2,-0.0345504704124315,4.979334098737083,5.035017221584385,rubber_carpet,0.002685648095003267,0.4534003523838013,0.49353871661619886,0.05037528290499657,rubber_carpet,0.002720557020164266,0.45186186198438744,0.49805932983251805,0.04735825116293025
cell_carpet,figure_eight,-2,-0.0420428977767851,4.202066590126291,4.757367011098354,grass,0.0023625668196670395,0.4603317666643643,0.44601667808406714,0.09128898843190145,rubber_carpet,0.0025415619199156527,0.4560968143243759,0.4720380039582926,0.06932361979741584
cell_carpet,figure_eight,-2,-0.0344779172379521,5.793340987370837,5.016360505166475,rubber_carpet,0.002662682162240944,0.4543150972763069,0.4904745334937415,0.05254768706771072,rubber_carpet,0.002602122041078299,0.45520595580034146,0.48125626872601707,0.06093565343256329
cell_carpet,figure_eight,6,0.1117317837591546,5.289322617680827,5.289322617680827,rubber_carpet,0.002826093183697842,0.4472557914440144,0.5153720035763909,0.03454611179589694,rubber_carpet,0.002826093183697842,0.4472557914440144,0.5153720035763909,0.03454611179589694
cell_carpet,figure_eight,6,0.1116283485203985,5.152698048220436,5.221010332950631,rubber_carpet,0.0027415905723417178,0.4520941085805236,0.5045528690473119,0.04061143179982267,rubber_carpet,0.00278384187801978,0.44967495001226904,0.5099624363118515,0.03757877179785981
cell_carpet,figure_eight,7,0.1178180523024382,4.865671641791044,4.865671641791044,grass,0.002310835297996409,0.46521695065116003,0.4393406574133514,0.09313155663749222,grass,0.002310835297996409,0.46521695065116003,0.4393406574133514,0.09313155663749222
cell_carpet,figure_eight,7,0.1181103891107705,5.570608495981631,5.2181400688863375,rubber_carpet,0.0026965412758743566,0.45478615030486574,0.49936247736727035,0.043154831051989535,rubber_carpet,0.002503688286935383,0.4600015504780129,0.46935156739031086,0.06814319384474088
cell_carpet,circle,8,0.1415940841012678,5.833524684270953,5.833524684270953,rubber_carpet,0.0035052791155557044,0.3980316456404596,0.5875594818749267,0.0109035933690579,rubber_carpet,0.0035052791155557044,0.3980316456404596,0.5875594818749267,0.0109035933690579
cell_carpet,circle,8,0.1416787226968489,5.822043628013777,5.827784156142365,rubber_carpet,0.003495488258867628,0.398746706850436,0.5867258286754432,0.011031976215253123,rubber_carpet,0.0035003836872116666,0.39838917624544784,0.587142655275185,0.010967784792155514
cell_carpet,circle,11,0.199977159500122,0.4339839265212399,0.4339839265212399,linoleum,0.41203621546795743,0.2628317255039435,0.24277586753695504,0.0823561914911439,linoleum,0.41203621546795743,0.2628317255039435,0.24277586753695504,0.0823561914911439
cell_carpet,circle,11,0.20003342628479,4.584385763490241,2.5091848450057403,cell_carpet,0.33892376792186074,0.17101213013885316,0.10044448441292625,0.38961961752635976,linoleum,0.3754799916949091,0.21692192782139835,0.17161017597494066,0.23598790450875184
cell_carpet,figure_eight,14,0.2505087400821111,4.536165327210103,4.536165327210103,grass,0.0017842014477569433,0.4364289964636293,0.32170449002987594,0.24008231205873773,grass,0.0017842014477569433,0.4364289964636293,0.32170449002987594,0.24008231205873773
cell_carpet,figure_eight,14,0.2504457508023125,5.982778415614236,5.2594718714121695,grass,0.0023962030758288306,0.4743057340551731,0.45664963093414696,0.06664843193485101,grass,0.0020902022617928875,0.4553673652594013,0.3891770604820115,0.1533653719967944
cell_carpet,figure_eight,15,0.2560294916856893,3.647531572904707,3.647531572904707,cell_carpet,0.007717542708851372,0.3035240231109007,0.17962343440814368,0.5091349997721042,cell_carpet,0.007717542708851372,0.3035240231109007,0.17962343440814368,0.5091349997721042
cell_carpet,figure_eight,15,0.2560775392891377,4.516647531572905,4.082089552238806,cell_carpet,0.0018956104432369253,0.3647884637727393,0.23351258840079248,0.39980333738323126,cell_carpet,0.004806576576044148,0.33415624344182004,0.20656801140446807,0.4544691685776677
cell_carpet,circle,20,0.3411363681131086,6.09873708381171,6.09873708381171,rubber_carpet,0.0028094090651375725,0.44964916539651234,0.529931809498962,0.01760961603938814,rubber_carpet,0.0028094090651375725,0.44964916539651234,0.529931809498962,0.01760961603938814
cell_carpet,circle,20,0.3416048606210432,6.332950631458094,6.215843857634902,rubber_carpet,0.0029328490242055013,0.4359460933631694,0.5478830367430568,0.013238020869568164,rubber_carpet,0.002871129044671537,0.4427976293798409,0.5389074231210094,0.015423818454478152
cell_carpet,figure_eight,21,0.3664468526009775,3.645235361653272,3.645235361653272,cell_carpet,0.017574244574495832,0.2658750219159032,0.13850837255339765,0.5780423609562032,cell_carpet,0.017574244574495832,0.2658750219159032,0.13850837255339765,0.5780423609562032
cell_carpet,figure_eight,21,0.3623302510876219,6.029850746268657,4.837543053960965,grass,0.0017537081884678187,0.44182514495945563,0.293494275149531,0.2629268717025455,cell_carpet,0.009663976381481825,0.35385008343767943,0.21600132385146434,0.42048461632937434
cell_carpet,figure_eight,21,0.3666621372479854,3.7106773823191737,4.4619211634137015,cell_carpet,0.0016082737208745835,0.3807121057121599,0.22796438257883583,0.38971523798812957,cell_carpet,0.005636125051178205,0.3672810945749197,0.22198285321515013,0.40509992715875204
cell_carpet,figure_eight,21,0.3616937602009587,4.7508610792192885,4.534156142365098,grass,0.0016081469004679508,0.39295282818192445,0.23957237442323612,0.3658666504943715,cell_carpet,0.003622135975823078,0.3801169613784221,0.23077761381919312,0.3854832888265618
cell_carpet,circle,23,0.4000163078308105,3.909299655568312,3.909299655568312,cell_carpet,0.006902432565159298,0.2807766933686477,0.14307658067923837,0.5692442933869547,cell_carpet,0.006902432565159298,0.2807766933686477,0.14307658067923837,0.5692442933869547
cell_carpet,circle,23,0.4003584384918213,3.298507462686568,3.60390355912744,cell_carpet,0.029583691867106018,0.2481439318936335,0.12262305521884838,0.599649321020412,cell_carpet,0.018243062216132658,0.2644603126311406,0.13284981794904338,0.5844468072036834
cell_carpet,figure_eight,26,0.4583650610856213,5.624569460390356,5.624569460390356,grass,0.002100220667971864,0.5071298854242787,0.36550696088711765,0.1252629330206318,grass,0.002100220667971864,0.5071298854242787,0.36550696088711765,0.1252629330206318
cell_carpet,figure_eight,26,0.4620618491758247,2.16532721010333,3.894948335246843,cell_carpet,0.012478165970931886,0.2552381839076769,0.11895606214407306,0.6133275879773181,grass,0.007289193319451875,0.38118403466597783,0.24223151151559535,0.369295260498975
cell_carpet,figure_eight,26,0.4582398434448181,5.250287026406429,4.346727898966705,cell_carpet,0.002093430852365251,0.31161922050083446,0.15458857748556998,0.5316987711612303,cell_carpet,0.004691312085908563,0.34640162758340615,0.19841004450058267,0.45049701583010265
cell_carpet,figure_eight,26,0.4621448351051841,2.414466130884041,3.863662456946039,cell_carpet,0.014547104234531545,0.2521017507530729,0.1171462445663096,0.616204900446086,cell_carpet,0.009619208160220053,0.2992516891682395,0.15777814453344613,0.5333509581380943
cell_carpet,circle,31,0.5416041930490222,6.801377726750861,6.801377726750861,grass,0.002579620837069667,0.49781043324076124,0.4821019458263106,0.017508000095858435,grass,0.002579620837069667,0.49781043324076124,0.4821019458263106,0.017508000095858435
cell_carpet,circle,31,0.5416061003976546,6.42020665901263,6.610792192881745,grass,0.0024690318959358173,0.5173246257522198,0.45131959033924623,0.028886752012598094,grass,0.002524326366502742,0.5075675294964905,0.46671076808277845,0.023197376054228266
cell_carpet,figure_eight,31,0.5364336283299646,2.1262916188289323,2.1262916188289323,linoleum,0.908040677284956,0.032576218020056814,0.01609724712470313,0.0432858575702842,linoleum,0.4552825018257294,0.2700718737582737,0.24140400760374078,0.033241616812256236
cell_carpet,figure_eight,31,0.5336625623715017,4.879448909299656,3.502870264064294,cell_carpet,0.1864885797226023,0.17566320429340876,0.06947104440132537,0.5683771715826635,linoleum,0.32088554077416587,0.22286753902584122,0.15543752600253308,0.3008093941974599
cell_carpet,figure_eight,31,0.5366592757034574,1.862227324913892,2.9559892843474933,linoleum,0.6402301363702498,0.08600096347040828,0.03553172687599218,0.2382371732833496,linoleum,0.48055783857220785,0.15443425124812477,0.09548462643926263,0.26952328374040474
cell_carpet,figure_eight,31,0.5334919254041688,6.787600459242252,3.913892078071183,cell_carpet,0.03154622613372545,0.2175911717293663,0.0864273576703147,0.6644352444665935,cell_carpet,0.25605203235296664,0.18601271148874554,0.09095599205478866,0.4669792641034991
cell_carpet,circle,34,0.5999736785888672,3.748564867967853,3.748564867967853,cell_carpet,0.1280291361593746,0.17853294422872745,0.0639754036340501,0.6294625159778479,cell_carpet,0.1280291361593746,0.17853294422872745,0.0639754036340501,0.6294625159778479
cell_carpet,circle,34,0.6000573635101318,1.795637198622273,2.772101033295063,linoleum,0.8391196533568009,0.04300646104944152,0.017275319664038963,0.10059856592971866,linoleum,0.4835743947580878,0.11076970263908449,0.04062536164904453,0.3650305409537833
cell_carpet,figure_eight,34,0.5973188487462487,6.2319173363949485,6.2319173363949485,grass,0.002179228816109612,0.5455120824811652,0.32944713127822556,0.12286155742449958,grass,0.2428768117870987,0.32814089256012485,0.18503624646363503,0.24394604918914142
cell_carpet,figure_eight,34,0.5997684681458202,1.791044776119403,4.011481056257176,cell_carpet,0.03829388392103692,0.2018023466534583,0.07242789477735746,0.6874758746481474,cell_carpet,0.14058534785406782,0.2649716196067916,0.12873207062049624,0.4657109619186444
cell_carpet,figure_eight,34,0.5973076527639007,4.841561423650976,4.288174512055109,cell_carpet,0.009347454916705756,0.2231303291663015,0.08135662785326474,0.6861655880637281,cell_carpet,0.07496640138538678,0.24405097438654655,0.1050443492368805,0.5759382749911862
cell_carpet,figure_eight,34,0.5997832554740857,1.7003444316877154,3.641216991963261,cell_carpet,0.19427841145759575,0.16536242178410024,0.0594445361144055,0.5809146306438986,cell_carpet,0.13462240642149126,0.20470669808532338,0.082244442675643,0.5784264528175425
cell_carpet,figure_eight,37,0.6485047345619305,1.8748564867967852,1.8748564867967852,linoleum,0.951223653300168,0.02180781379421743,0.011970705574324855,0.014997827331289708,linoleum,0.951223653300168,0.02180781379421743,0.011970705574324855,0.014997827331289708
cell_carpet,figure_eight,37,0.6466906455595648,6.166475315729047,4.020665901262916,cell_carpet,0.07421333880099601,0.17882186853150348,0.057538073885277506,0.6894267187822231,linoleum,0.512718496050582,0.10031484116286045,0.03475438972980118,0.3522122730567564
cell_carpet,figure_eight,37,0.6485892946470413,1.9506314580941448,3.3306544202066592,linoleum,0.6311511112928315,0.07931239124440129,0.02695384753678101,0.2625826499259861,linoleum,0.5719348036717067,0.08981361620363087,0.030854118633291096,0.30739746149137126
cell_carpet,figure_eight,37,0.6465703650522497,6.284730195177957,4.069173363949483,cell_carpet,0.05874530446047155,0.182526912804409,0.058721217656999516,0.7000065650781199,cell_carpet,0.3153400540660891,0.13617026450401992,0.04478766814514531,0.5037020132847456
cell_carpet,figure_eight,39,0.6878429501983531,6.559127439724454,6.559127439724454,grass,0.002229052637831893,0.566446085730577,0.2854362445485505,0.14588861708304068,grass,0.002229052637831893,0.566446085730577,0.2854362445485505,0.14588861708304068
cell_carpet,figure_eight,39,0.6878779256857434,6.205510907003444,6.38231917336395,grass,0.0021391532138452696,0.5416744552377935,0.2533344366384271,0.20285195490993432,grass,0.002184102925838581,0.5540602704841852,0.26938534059348873,0.1743702859964875
cell_carpet,figure_eight,40,0.6894816533516113,3.1354764638346726,3.1354764638346726,linoleum,0.8656635170702373,0.03266310421833808,0.010899680161090004,0.09077369855033461,linoleum,0.8656635170702373,0.03266310421833808,0.010899680161090004,0.09077369855033461
cell_carpet,figure_eight,40,0.6895266590794858,2.729047072330655,2.932261768082664,linoleum,0.9186853605448111,0.02235857503044504,0.007939659407141692,0.05101640501760211,linoleum,0.8921744388075241,0.02751083962439156,0.009419669784115847,0.07089505178396836
cell_carpet,figure_eight,41,0.7203469357857399,4.359357060849598,4.359357060849598,cell_carpet,0.03686486035764914,0.17036293131505806,0.04694433672192655,0.7458278716053662,cell_carpet,0.03686486035764914,0.17036293131505806,0.04694433672192655,0.7458278716053662
cell_carpet,figure_eight,41,0.7192117582328893,6.706084959816304,5.532721010332951,cell_carpet,0.0016173623638999662,0.3036622542460326,0.09584062945056301,0.5988797539395044,cell_carpet,0.01924111136077455,0.23701259278054532,0.07139248308624478,0.6723538127724353
cell_carpet,figure_eight,41,0.7204959501501613,3.924225028702641,4.996555683122847,cell_carpet,0.0021615134290182223,0.21737760244967003,0.06236624840677578,0.718094635714536,cell_carpet,0.010701312394896387,0.22719509761510767,0.06687936574651028,0.6952242242434856
cell_carpet,figure_eight,41,0.7190866170352446,5.552238805970149,5.135476463834673,cell_carpet,0.0017647712287253935,0.2346530074786495,0.0686462555419989,0.6949359657506261,cell_carpet,0.00623304181181089,0.2309240525468786,0.06776281064425459,0.6950800949970559
cell_carpet,circle,42,0.7415741999917708,7.991963260619976,7.991963260619976,grass,0.0026718622028979438,0.5269652903409257,0.4628890652956006,0.007473782160575753,grass,0.0026718622028979438,0.5269652903409257,0.4628890652956006,0.007473782160575753
cell_carpet,circle,42,0.7417048533731185,8.24569460390356,8.118828932261769,grass,0.002729897222854332,0.5068480591414173,0.48468216872824704,0.0057398749074812965,grass,0.0027008797128761385,0.5169066747411716,0.47378561701192384,0.006606828534028526
cell_carpet,figure_eight,43,0.7444403281698183,7.64638346727899,7.64638346727899,grass,0.0025358447774981112,0.590097017732772,0.384613472129982,0.022753665359748012,grass,0.0025358447774981112,0.590097017732772,0.384613472129982,0.022753665359748012
cell_carpet,figure_eight,43,0.7453923898539516,5.404133180252583,6.525258323765787,grass,0.002130035183749927,0.5191847960829667,0.19606774572725916,0.28261742300602405,grass,0.002332939980624019,0.5546409069078694,0.29034060892862057,0.15268554418288602
cell_carpet,figure_eight,43,0.7444341056681288,7.836969001148105,6.96249521622656,grass,0.0023515527956284523,0.5977031917149851,0.2718897781343429,0.12805547735504344,grass,0.0023422463881262357,0.5761720493114273,0.28111519353148173,0.14037051076896473
cell_carpet,figure_eight,43,0.7453956613266443,4.6509758897818605,6.384615384615385,grass,0.002039166253483505,0.48245386873391627,0.17287346767062337,0.34263349734197684,grass,0.0021907063208048702,0.5293129590226717,0.22699433060105256,0.2415020040554708
cell_carpet,figure_eight,44,0.7754613044615156,2.5614236509758896,2.5614236509758896,linoleum,0.9769735643228943,0.00882692018381311,0.003951561381463308,0.010247954111829273,linoleum,0.9769735643228943,0.00882692018381311,0.003951561381463308,0.010247954111829273
cell_carpet,figure_eight,44,0.7759368202819169,5.5614236509758905,4.06142365097589,cell_carpet,0.29649952729130713,0.11747372066020567,0.029711941103115175,0.5563148109453722,linoleum,0.6367365458071007,0.0631503204220094,0.016831751242289243,0.28328138252860074
cell_carpet,figure_eight,44,0.7631233138146554,5.7301951779563725,4.617680826636051,cell_carpet,0.020409114643416965,0.1611992841416796,0.039271264804400775,0.7791203364105027,cell_carpet,0.32857283022525885,0.11217480228184451,0.02805150802334501,0.5312008594695518
cell_carpet,figure_eight,44,0.7624900776536283,5.865671641791045,4.929678530424799,cell_carpet,0.004215384609885096,0.17860674934978496,0.043977087205054936,0.7732007788352749,cell_carpet,0.16639410741757196,0.14539077581581472,0.03601429761419997,0.6522008191524133
cell_carpet,figure_eight,44,0.7754868015730175,1.827784156142365,4.309299655568313,cell_carpet,0.10427887178608883,0.14463384284101927,0.035635473250182376,0.7154518121227096,cell_carpet,0.1353364896018304,0.145012309328417,0.03582488543219117,0.6838263156375615
cell_carpet,figure_eight,44,0.775936843596515,5.439724454649828,4.497703788748566,cell_carpet,0.03938488756341158,0.15566838779396286,0.037988852995617654,0.7669578716470079,cell_carpet,0.08736068858262099,0.15034034856118994,0.03690686921390442,0.7253920936422846
cell_carpet,figure_eight,44,0.7631600762823121,5.058553386911596,4.577825159914712,cell_carpet,0.02541830456657552,0.15938063188194992,0.03883600118449093,0.7763650623669835,cell_carpet,0.056389496574598255,0.15486049022156995,0.037871435199197674,0.7508785780046341
cell_carpet,figure_eight,44,0.7624594047140485,5.989667049368541,4.754305396096441,cell_carpet,0.00973403456083471,0.1678617344353076,0.040977465695648016,0.7814267653082096,cell_carpet,0.033061765567716485,0.16136111232843878,0.03942445044742285,0.7661526716564219
cell_carpet,figure_eight,45,0.7830396723902764,6.499425947187141,6.499425947187141,grass,0.0020582850732827674,0.4722983171207882,0.15395732206053292,0.3716860757453961,grass,0.0020582850732827674,0.4722983171207882,0.15395732206053292,0.3716860757453961
cell_carpet,figure_eight,45,0.7828437893533658,6.153846153846154,6.326636050516648,cell_carpet,0.0019391861050911327,0.4209486422614076,0.12934210122653145,0.44777007040696976,grass,0.00199873558918695,0.4466234796910979,0.14164971164353218,0.4097280730761829
cell_carpet,figure_eight,45,0.7830487524443959,6.389207807118256,6.347493302717183,cell_carpet,0.00195338813684842,0.4271530326675946,0.13214979944790783,0.4387437797476493,grass,0.001976061863017685,0.43688825617934623,0.13689975554572,0.4242359264119161
cell_carpet,figure_eight,45,0.7828202479276882,6.17910447761194,6.305396096440873,cell_carpet,0.0019248335944409105,0.414649403500847,0.12653217476816636,0.4568935881365457,cell_carpet,0.0019504477287292977,0.4257688298400966,0.13171596515694317,0.4405647572742309
cell_carpet,circle,46,0.7999925613403319,5.601607347876004,5.601607347876004,cell_carpet,0.0016583907645067448,0.22780612483956017,0.05484197199778679,0.7156935123981463,cell_carpet,0.0016583907645067448,0.22780612483956017,0.05484197199778679,0.7156935123981463
cell_carpet,circle,46,0.8000617027282715,3.2514351320321477,4.426521239954075,cell_carpet,0.09786308282471806,0.13746483254062905,0.0313105910232435,0.7333614936114093,cell_carpet,0.04976073679461241,0.18263547869009464,0.04307628151051515,0.7245275030047779
cell_carpet,circle,54,0.9415818770700178,8.243398392652123,8.243398392652123,grass,0.002721164959551957,0.6916306563174481,0.2542312681023867,0.051416910620613245,grass,0.002721164959551957,0.6916306563174481,0.2542312681023867,0.051416910620613245
cell_carpet,circle,54,0.9416214545541488,7.938002296211251,8.090700344431687,grass,0.002715820451832861,0.6880307522729477,0.23220030936897623,0.07705311790624311,grass,0.0027184927056924093,0.689830704295198,0.2432157887356815,0.06423501426342819
cell_carpet,circle,57,0.9999659061431884,6.486796785304248,6.486796785304248,cell_carpet,0.0017848475828309736,0.19635288322085778,0.029510944869230213,0.772351324327081,cell_carpet,0.0017848475828309736,0.19635288322085778,0.029510944869230213,0.772351324327081
cell_carpet,circle,57,1.0000085830688477,4.624569460390355,5.555683122847302,cell_carpet,0.004322374761368053,0.11064017441863797,0.01584616651866982,0.8691912843013242,cell_carpet,0.0030536111720995134,0.15349652881974787,0.02267855569395002,0.8207713043142026
cell_carpet,circle,65,1.1415719111734113,7.493685419058552,7.493685419058552,cell_carpet,0.0021490126460087067,0.29066002012478603,0.03551919265447877,0.6716717745747266,cell_carpet,0.0021490126460087067,0.29066002012478603,0.03551919265447877,0.6716717745747266
cell_carpet,circle,65,1.141681822138377,7.43857634902411,7.466130884041331,cell_carpet,0.0021249367991839755,0.2817961759213925,0.034165483484250116,0.6819134037951734,cell_carpet,0.002136974722596341,0.28622809802308924,0.034842338069364445,0.67679258918495
cell_carpet,circle,69,1.2000088691711426,6.623421354764639,6.623421354764639,cell_carpet,0.002113408865904895,0.09472523804059287,0.009024433334065074,0.8941369197594372,cell_carpet,0.002113408865904895,0.09472523804059287,0.009024433334065074,0.8941369197594372
cell_carpet,circle,69,1.2005906105041504,5.7646383467278985,6.1940298507462686,cell_carpet,0.00321088329693234,0.07628759524429554,0.008073236952745162,0.912428284506027,cell_carpet,0.0026621460814186173,0.08550641664244421,0.008548835143405119,0.903282602132732
cell_carpet,circle,77,1.341604622202464,8.346727898966705,8.346727898966705,cell_carpet,0.0026928508098246853,0.39100929035856347,0.03734441450204458,0.5689534443295672,cell_carpet,0.0026928508098246853,0.39100929035856347,0.03734441450204458,0.5689534443295672
cell_carpet,circle,77,1.341705234842845,8.228473019517796,8.28760045924225,cell_carpet,0.0026144742671504696,0.364656795888783,0.034121213409309216,0.5986075164347572,cell_carpet,0.0026536625384875777,0.3778330431236733,0.0357328139556769,0.5837804803821622
cell_carpet,circle,80,1.400029182434082,7.48564867967853,7.48564867967853,cell_carpet,0.001940812522758586,0.12267908777357912,0.00926917290945703,0.8661109267942052,cell_carpet,0.001940812522758586,0.12267908777357912,0.00926917290945703,0.8661109267942052
cell_carpet,circle,80,1.4000022411346436,7.8094144661308835,7.647531572904707,cell_carpet,0.0019761609242545455,0.14723871190868001,0.011204223957376427,0.8395809032096889,cell_carpet,0.001958486723506566,0.13495889984112958,0.010236698433416729,0.8528459150019471
cell_carpet,circle,88,1.5415672381692611,7.896670493685419,7.896670493685419,cell_carpet,0.002078089838401989,0.17660010503073298,0.013045693449544378,0.8082761116813206,cell_carpet,0.002078089838401989,0.17660010503073298,0.013045693449544378,0.8082761116813206
cell_carpet,circle,88,1.541698606806346,8.225028702640643,8.060849598163031,cell_carpet,0.002212710778143113,0.2179783609956938,0.016560301174891684,0.7632486270512714,cell_carpet,0.002145400308272551,0.19728923301321338,0.014802997312218031,0.7857623693662961
cell_carpet,circle,92,1.600019454956055,8.600459242250286,8.600459242250286,cell_carpet,0.0029223357593259744,0.445782144339859,0.040880023533241695,0.5104154963675733,cell_carpet,0.0029223357593259744,0.445782144339859,0.040880023533241695,0.5104154963675733
cell_carpet,circle,92,1.5999789237976074,7.597014925373134,8.09873708381171,cell_carpet,0.0022721734102021936,0.23932434646337655,0.018782941264132196,0.739620538862289,cell_carpet,0.0025972545847640837,0.3425532454016178,0.029831482398686944,0.6250180176149311
cell_carpet,circle,100,1.7415432055764877,7.42939150401837,7.42939150401837,cell_carpet,0.0019330991637391474,0.1413363121327925,0.011586460231651392,0.8451441284718169,cell_carpet,0.0019330991637391474,0.1413363121327925,0.011586460231651392,0.8451441284718169
cell_carpet,circle,100,1.7416724284463607,7.1699196326062,7.299655568312285,cell_carpet,0.0019222931628741808,0.12317375716738381,0.010034975913028857,0.8648689737567131,cell_carpet,0.0019276961633066642,0.13225503465008814,0.010810718072340124,0.855006551114265
cell_carpet,circle,103,1.8000140190124514,8.110218140068886,8.110218140068886,cell_carpet,0.0025461026377786578,0.37430413015962344,0.03947816587451175,0.5836716013280863,cell_carpet,0.0025461026377786578,0.37430413015962344,0.03947816587451175,0.5836716013280863
cell_carpet,circle,103,1.7999811172485352,7.482204362801379,7.796211251435132,cell_carpet,0.0021968005101284647,0.2573121800793648,0.024659749263689034,0.7158312701468177,cell_carpet,0.002371451573953561,0.3158081551194941,0.032068957569100394,0.649751435737452
cell_carpet,circle,111,1.9415062983804423,6.22617680826636,6.22617680826636,cell_carpet,0.002291120499782362,0.09922961722573372,0.010947431512192728,0.8875318307622913,cell_carpet,0.002291120499782362,0.09922961722573372,0.010947431512192728,0.8875318307622913
cell_carpet,circle,111,1.9416903575235087,5.982778415614237,6.104477611940299,cell_carpet,0.0026099323692676535,0.09359328543033574,0.010500697309073154,0.8932960848913235,cell_carpet,0.0024505264345250077,0.09641145132803472,0.010724064410632941,0.8904139578268073
cell_carpet,circle,115,1.9999961853027344,7.5820895522388065,7.5820895522388065,cell_carpet,0.0024305928907734043,0.4538095458380289,0.07718455964900907,0.4665753016221885,cell_carpet,0.0024305928907734043,0.4538095458380289,0.07718455964900907,0.4665753016221885
cell_carpet,circle,115,1.9999675750732424,7.440872560275546,7.511481056257176,cell_carpet,0.0023620134444117076,0.42537272469747367,0.07046261601313746,0.5018026458449771,cell_carpet,0.0023963031675925564,0.43959113526775134,0.07382358783107328,0.4841889737335829
cell_carpet,circle,123,2.1412834246926984,4.905855338691159,4.905855338691159,cell_carpet,0.03737874051327138,0.12120939430164694,0.021586107887126067,0.8198257572979557,cell_carpet,0.03737874051327138,0.12120939430164694,0.021586107887126067,0.8198257572979557
cell_carpet,circle,123,2.1416594107919416,4.6796785304248,4.79276693455798,cell_carpet,0.07096576163644366,0.11748285420659495,0.02131249503067338,0.790238889126288,cell_carpet,0.05417225107485752,0.11934612425412094,0.021449301458899724,0.8050323232121219
cell_carpet,circle,126,2.2000300884246826,7.920780711825488,7.920780711825488,grass,0.002600603974253462,0.6525477629449797,0.3032140901583606,0.04163754292240611,grass,0.002600603974253462,0.6525477629449797,0.3032140901583606,0.04163754292240611
cell_carpet,circle,126,2.2000603675842285,7.921928817451206,7.921354764638346,grass,0.0026006633908397317,0.652524429990607,0.3033026676420689,0.04157223897648437,grass,0.0026006336825465976,0.6525360964677934,0.30325837890021484,0.04160489094944524
cell_carpet,circle,134,2.3412717898660382,3.630309988518944,3.630309988518944,linoleum,0.5775541109480684,0.08214585742111129,0.023949265381315806,0.3163507662495045,linoleum,0.5775541109480684,0.08214585742111129,0.023949265381315806,0.3163507662495045
cell_carpet,circle,134,2.34164014657075,3.357060849598163,3.4936854190585533,linoleum,0.7025766500859951,0.06112085730105533,0.01828443510383593,0.21801805750911357,linoleum,0.6400653805170318,0.07163335736108331,0.02111685024257587,0.267184411879309
cell_carpet,figure_eight,135,2.358542282384273,6.446613088404133,6.446613088404133,grass,0.002152177080447016,0.5433229710186004,0.24392600731587277,0.2105988445850799,grass,0.002152177080447016,0.5433229710186004,0.24392600731587277,0.2105988445850799
cell_carpet,figure_eight,135,2.358760003126472,6.6337543053960975,6.540183696900115,grass,0.0022018244563596985,0.55875136776023,0.2608193171895317,0.17822749059387855,grass,0.0021770007684033576,0.5510371693894152,0.2523726622527023,0.19441316758947924
cell_carpet,figure_eight,135,2.3585365924862,5.780711825487945,6.287026406429392,grass,0.0020586434255912838,0.5109682119575581,0.21543068270078433,0.2715424619160664,grass,0.002117822096997321,0.5310026906734866,0.23390167247674332,0.23297781475277282
cell_carpet,figure_eight,135,2.3587675828768115,5.776119402985075,6.159299655568312,grass,0.0019780429648368785,0.48078819052594496,0.19340209255233012,0.3238316739568881,grass,0.0020479325309171,0.5058954405997158,0.2136518825145367,0.2784047443548305
cell_carpet,figure_eight,136,2.3784511187573285,5.168771526980482,5.168771526980482,cell_carpet,0.0016112732057562864,0.27002827524474693,0.08793032329538611,0.6404301282541107,cell_carpet,0.0016112732057562864,0.27002827524474693,0.08793032329538611,0.6404301282541107
cell_carpet,figure_eight,136,2.379128722583184,6.138920780711825,5.653846153846153,cell_carpet,0.0016981174448958978,0.3714866307973746,0.13537156296572178,0.4914436887920078,cell_carpet,0.001654695325326092,0.32075745302106073,0.11165094313055395,0.5659369085230592
cell_carpet,figure_eight,136,2.3660763110541723,1.841561423650976,4.383084577114428,cell_carpet,0.019231673555162587,0.18767046910774057,0.05593672384502639,0.7371611334920704,cell_carpet,0.010443184440244342,0.2542139610644007,0.08379383348779018,0.6515490210075648
cell_carpet,figure_eight,136,2.3656783690430947,5.7784156142365095,4.7319173363949485,cell_carpet,0.0035346303969294446,0.213626817748255,0.06526305122229216,0.7175755006325235,cell_carpet,0.006988907418586893,0.23392038940632787,0.07452844235504116,0.6845622608200441
cell_carpet,figure_eight,136,2.3784189684806885,5.827784156142366,4.951090700344432,cell_carpet,0.0019511474371604865,0.23791241451786804,0.07471000325291142,0.68542643479206,cell_carpet,0.00447002742787369,0.23591640196209795,0.07461922280397629,0.6849943478060521
cell_carpet,figure_eight,136,2.379139445479622,6.407577497129736,5.193838499808649,cell_carpet,0.0016000038426482958,0.2742753631873128,0.08973850716843323,0.6343861258016057,cell_carpet,0.003035015635260993,0.2550958825747054,0.08217886498620476,0.6596902368038289
cell_carpet,figure_eight,136,2.366096779674592,1.5499425947187142,4.673281941938659,cell_carpet,0.004488009069691976,0.20833566535732537,0.06327831208690866,0.723898013486074,cell_carpet,0.0037615123524764845,0.2317157739660154,0.07272858853655671,0.6917941251449514
cell_carpet,figure_eight,136,2.365658981050528,5.938002296211251,4.831371986222733,cell_carpet,0.0025403330456114743,0.22371872325218276,0.06912643804480798,0.7046145056573978,cell_carpet,0.0031509226990439794,0.2277172486090991,0.07092751329068234,0.6982043154011746
cell_carpet,figure_eight,137,2.397117601400508,7.412169919632606,7.412169919632606,grass,0.002572417839138217,0.5329095863176457,0.4501959314146364,0.014322064428579705,grass,0.002572417839138217,0.5329095863176457,0.4501959314146364,0.014322064428579705
cell_carpet,figure_eight,137,2.3962341448978526,5.493685419058553,6.45292766934558,grass,0.002196958480224581,0.5581653674087532,0.2873048407624161,0.15233283334860617,grass,0.002384688159681399,0.5455374768631995,0.3687503860885262,0.08332744888859293
cell_carpet,figure_eight,137,2.397143298638752,7.293915040183696,6.733256792958286,grass,0.002319367516268555,0.5767398565921222,0.3373811763457728,0.08355959954583644,grass,0.002352027837974977,0.5611386667276609,0.3530657812171495,0.08344352421721468
cell_carpet,figure_eight,137,2.39619150659252,5.06084959816303,6.315154994259472,grass,0.002125015341824612,0.5393495768649331,0.26204242734674266,0.19648298044649964,grass,0.0022385215898997946,0.550244121796297,0.3075541042819461,0.13996325233185716
cell_carpet,circle,138,2.4000158309936523,7.422502870264064,7.422502870264064,grass,0.002617977110642207,0.5141359867969463,0.47188824524728895,0.011357790845122655,grass,0.002617977110642207,0.5141359867969463,0.47188824524728895,0.011357790845122655
cell_carpet,circle,138,2.399997472763061,8.243398392652123,7.832950631458093,rubber_carpet,0.0028648492207191986,0.451413690014719,0.5408593752147113,0.004862085549850641,rubber_carpet,0.002741413165680702,0.4827748384058325,0.506373810231,0.008109938197486647
cell_carpet,figure_eight,139,2.4211906047204272,4.644087256027555,4.644087256027555,cell_carpet,0.00292804827243865,0.23789310323993884,0.08252799838357636,0.6766508501040461,cell_carpet,0.00292804827243865,0.23789310323993884,0.08252799838357636,0.6766508501040461
cell_carpet,figure_eight,139,2.4224348565435245,6.717566016073477,5.680826636050516,grass,0.0017949293778235702,0.4343782895455585,0.1895866920141134,0.37424008906250467,cell_carpet,0.0023614888251311103,0.33613569639274865,0.13605734519884488,0.5254454695832754
cell_carpet,figure_eight,139,2.421173883040601,4.022962112514351,5.128205128205128,cell_carpet,0.0015664588663490116,0.3111671626494905,0.11727217267183672,0.5699942058123236,cell_carpet,0.001963973845740061,0.3236514295211196,0.1266647589353408,0.5477198376977995
cell_carpet,figure_eight,139,2.422457095388712,5.991963260619976,5.34414466130884,cell_carpet,0.0016151983844400416,0.3559505008097867,0.14113735514024156,0.5012969456655317,cell_carpet,0.0017895861150900513,0.3398009651654531,0.13390105703779118,0.5245083916816656
cell_carpet,figure_eight,140,2.45212098452546,3.460390355912744,3.460390355912744,cell_carpet,0.39688367374729,0.12579474868862794,0.0442214001511218,0.4331001774129603,cell_carpet,0.39688367374729,0.12579474868862794,0.0442214001511218,0.4331001774129603
cell_carpet,figure_eight,141,2.4536405276025093,6.504018369690011,6.504018369690011,grass,0.0023103206485773596,0.5523741630013875,0.3781733201553759,0.06714219619465916,grass,0.0023103206485773596,0.5523741630013875,0.3781733201553759,0.06714219619465916
cell_carpet,figure_eight,141,2.4521930093559,3.3983926521239955,4.951205510907004,cell_carpet,0.0015753667051166607,0.3096607591134411,0.12401668591530192,0.5647471882661405,grass,0.0019428436768470102,0.43101746105741434,0.25109500303533894,0.3159446922303998
cell_carpet,figure_eight,141,2.45371028171394,5.536165327210103,5.14619211634137,cell_carpet,0.0015758795887078998,0.34760822210342346,0.14542063542623007,0.5053952628816385,cell_carpet,0.001759361632777455,0.3893128415804189,0.1982578192307845,0.41066997755601914
cell_carpet,figure_eight,143,2.4929869208078084,1.946039035591275,1.946039035591275,linoleum,0.9249213810353925,0.02990691209828769,0.01548987976670299,0.02968182709961691,linoleum,0.9249213810353925,0.02990691209828769,0.01548987976670299,0.02968182709961691
cell_carpet,figure_eight,143,2.4949997575056844,6.446613088404133,4.196326061997704,cell_carpet,0.009499764462890225,0.23356042585166648,0.09105828355329967,0.6658815261321437,linoleum,0.46721057274914135,0.13173366897497707,0.05327408166000133,0.3477816766158803
cell_carpet,figure_eight,143,2.492980836901801,2.2445464982778414,3.545732874091083,cell_carpet,0.1905849294647232,0.1724519703410663,0.06591319468094656,0.5710499055132638,cell_carpet,0.32889775110693226,0.15209281965802168,0.059593638170473945,0.4594157910645721
cell_carpet,figure_eight,143,2.4950109688095834,5.478760045924226,4.028989667049369,cell_carpet,0.022158405758323396,0.21944651114846073,0.08448228753784431,0.6739127955553715,cell_carpet,0.17552807843262783,0.1857696654032412,0.07203796285415913,0.5666642933099718
cell_carpet,circle,146,2.5415870269113263,1.9827784156142363,1.9827784156142363,linoleum,0.8961218399054698,0.03790792355051566,0.019798726363631496,0.046171510180382964,linoleum,0.8961218399054698,0.03790792355051566,0.019798726363631496,0.046171510180382964
cell_carpet,circle,146,2.541611822443553,1.9299655568312288,1.956371986222733,linoleum,0.8975946339166491,0.037861011309188626,0.019929655082095515,0.0446146996920668,linoleum,0.8968582369110595,0.03788446742985215,0.01986419072286351,0.045393104936224886
cell_carpet,figure_eight,146,2.5441542776285413,6.313432835820895,6.313432835820895,grass,0.002394468492076753,0.5178010394519353,0.4370441891237013,0.04276030293228673,linoleum,0.44962635270156814,0.27784275344089376,0.2284541899232824,0.044076703934255806
cell_carpet,figure_eight,146,2.541905002557092,2.2365097588978187,4.2749712973593565,cell_carpet,0.003736941273431283,0.270629888979594,0.11907683435774241,0.6065563353892324,cell_carpet,0.2266816469874997,0.2742363212102439,0.1737655121405124,0.3253165196617441
cell_carpet,figure_eight,146,2.544431792485069,6.029850746268656,4.859931113662457,cell_carpet,0.0015637917623707697,0.36453085017921366,0.17926189259426842,0.45464346546414725,cell_carpet,0.11412271937493523,0.3193835856947288,0.1765137023673904,0.3899799925629457
cell_carpet,figure_eight,146,2.541817451823633,2.200918484500574,4.195177956371986,cell_carpet,0.005238893317675432,0.2612840773866637,0.11377508509146018,0.6197019442042007,cell_carpet,0.059680806346305335,0.29033383154069625,0.14514439372942528,0.5048409683835732
cell_carpet,circle,149,2.600696086883545,7.024110218140069,7.024110218140069,rubber_carpet,0.0032193557434795064,0.3944620411027555,0.5969288724022102,0.005389730751554812,rubber_carpet,0.0032193557434795064,0.3944620411027555,0.5969288724022102,0.005389730751554812
cell_carpet,circle,149,2.600266695022583,6.85419058553387,6.93915040183697,rubber_carpet,0.00311978746634231,0.40727125881830717,0.5835257263132545,0.006083227402096046,rubber_carpet,0.0031695716049109086,0.4008666499605314,0.5902272993577324,0.00573647907682543
cell_carpet,figure_eight,149,2.6050043164198247,2.149253731343284,2.149253731343284,linoleum,0.8359485301411645,0.051771419413384145,0.02675453371562632,0.08552551672982492,linoleum,0.41955905087303774,0.22631903468695777,0.30849091653667937,0.04563099790332517
cell_carpet,figure_eight,149,2.608076086238247,5.998851894374282,4.074052812858783,cell_carpet,0.00533292159869159,0.2751142129956145,0.13066863727069997,0.5888842281349939,cell_carpet,0.21244598623586466,0.2507166238412861,0.21957977690368968,0.3172576130191595
cell_carpet,figure_eight,149,2.6049710569589384,1.9885189437428243,3.378874856486797,cell_carpet,0.12721991480035966,0.20316204387813505,0.09200076848772483,0.5776172728337805,cell_carpet,0.16983295051811215,0.2269393338597106,0.15579027269570725,0.44743744292647003
cell_carpet,figure_eight,149,2.608105193700325,6.082663605051665,4.054822043628014,cell_carpet,0.005814973409339505,0.2728592008189348,0.12927530455926756,0.5920505212124583,cell_carpet,0.08782396196372583,0.2498992673393227,0.14253278862748742,0.5197439820694641
cell_carpet,figure_eight,154,2.683063996271537,5.955223880597015,5.955223880597015,rubber_carpet,0.002601947315844258,0.47243565921586755,0.49595674326332684,0.02900565020496133,rubber_carpet,0.002601947315844258,0.47243565921586755,0.49595674326332684,0.02900565020496133
cell_carpet,figure_eight,154,2.679695021299364,2.257175660160735,4.106199770378876,cell_carpet,0.0024972786815177345,0.32372051615941905,0.17966992103169668,0.4941122841273664,grass,0.0025496129986809966,0.39807808768764336,0.3378133321475118,0.26155896716616395
cell_carpet,figure_eight,154,2.683257528042878,5.959816303099886,4.724071947952545,grass,0.001683642181762838,0.42439777581327043,0.2725171868386222,0.30140139516634445,grass,0.002116627590221917,0.41123793175045686,0.305165259493067,0.2814801811662542
cell_carpet,figure_eight,154,2.679543233692335,2.38691159586682,4.139781859931114,cell_carpet,0.0022860194059424674,0.3287061249927471,0.18356836321326936,0.48543949238804107,cell_carpet,0.0022013234980821925,0.369972028371602,0.24436681135316818,0.3834598367771476
cell_carpet,circle,157,2.741506727533885,3.9115958668197472,3.9115958668197472,cell_carpet,0.003535342256413452,0.31936415955383013,0.18494692508054364,0.49215357310921276,cell_carpet,0.003535342256413452,0.31936415955383013,0.18494692508054364,0.49215357310921276
cell_carpet,circle,157,2.741596611338206,5.213547646383468,4.562571756601607,grass,0.0016825042606256296,0.41998381823027436,0.2820042878834803,0.2963293896256197,cell_carpet,0.002608923258519541,0.3696739888920523,0.233475606482012,0.3942414813674162
cell_carpet,figure_eight,159,2.774884816433405,3.642939150401837,3.642939150401837,cell_carpet,0.008851029846513533,0.2973324485171355,0.17245956296593276,0.5213569586704182,cell_carpet,0.008851029846513533,0.2973324485171355,0.17245956296593276,0.5213569586704182
cell_carpet,figure_eight,159,2.779477951748425,5.446613088404133,4.544776119402985,grass,0.0017294507801890399,0.42867949316262216,0.3020445774941273,0.2675464785630615,cell_carpet,0.005290240313351287,0.36300597083987884,0.23725207023003003,0.3944517186167399
cell_carpet,figure_eight,159,2.774838874786314,3.3823191733639493,4.157290470723306,cell_carpet,0.0017819246896344939,0.369970127222215,0.23557964455109442,0.392668303537056,cell_carpet,0.00353608250149289,0.3664880490310469,0.23641585739056223,0.393560011076898
cell_carpet,figure_eight,159,2.7795356939771345,5.3318025258323765,4.450918484500575,grass,0.0016815632453753054,0.4152469625240609,0.28479804324027286,0.298273430990291,grass,0.002608822873434098,0.3908675057775539,0.26060695031541753,0.3459167210335945
cell_carpet,circle,160,2.8000082969665527,5.936854190585533,5.936854190585533,rubber_carpet,0.0030595240198329028,0.42647523923734076,0.5558606608991904,0.014604575843635946,rubber_carpet,0.0030595240198329028,0.42647523923734076,0.5558606608991904,0.014604575843635946
cell_carpet,circle,160,2.799983263015747,6.3593570608495975,6.148105625717566,rubber_carpet,0.0033518392216923434,0.40007921181949174,0.5873588551457505,0.009210093813065489,rubber_carpet,0.003205681620762623,0.4132772255284163,0.5716097580224704,0.011907334828350716
cell_carpet,figure_eight,165,2.885758628888501,4.303099885189437,4.303099885189437,grass,0.0017519658502113625,0.42112847100812795,0.31329964191729226,0.2638199212243683,grass,0.0017519658502113625,0.42112847100812795,0.31329964191729226,0.2638199212243683
cell_carpet,figure_eight,165,2.885622120538537,4.079219288174512,4.191159586681975,grass,0.0017255991574038068,0.406079417216486,0.2928954964909678,0.29929948713514243,grass,0.0017387825038075848,0.413603944112307,0.30309756920413006,0.28155970417975545
cell_carpet,figure_eight,166,2.890903890172821,4.536165327210103,4.536165327210103,grass,0.0019378815824874903,0.4491484101230205,0.3649883744529076,0.1839253338415844,grass,0.0019378815824874903,0.4491484101230205,0.3649883744529076,0.1839253338415844
cell_carpet,figure_eight,166,2.891089261436209,5.127439724454649,4.8318025258323765,grass,0.002208276535219318,0.4660257373604618,0.420963639778203,0.1108023463261158,grass,0.002073079058853404,0.4575870737417411,0.3929760071155553,0.14736384008385012
cell_carpet,circle,169,2.941582115488597,4.522388059701493,4.522388059701493,grass,0.002006303459568438,0.4514669138656469,0.38083092571158655,0.16569585696319805,grass,0.002006303459568438,0.4514669138656469,0.38083092571158655,0.16569585696319805
cell_carpet,circle,169,2.941570909815379,4.504018369690011,4.513203214695752,grass,0.0019980382489881094,0.45078823218940134,0.3790738128051422,0.16813991675646836,grass,0.0020021708542782737,0.45112757302752415,0.3799523692583644,0.16691788685983322
cell_carpet,circle,172,3.0000479221343994,4.756601607347876,4.756601607347876,grass,0.002305073742734033,0.4616061061847931,0.4372155968562319,0.09887322321624095,grass,0.002305073742734033,0.4616061061847931,0.4372155968562319,0.09887322321624095
cell_carpet,circle,172,3.0000076293945312,5.24569460390356,5.001148105625718,rubber_carpet,0.002576396036749259,0.4582272058357369,0.47987612483649456,0.05932027329101934,grass,0.0024407348897416458,0.459916656010265,0.45854586084636323,0.07909674825363014
cell_carpet,figure_eight,173,3.023470419509926,4.902411021814007,4.902411021814007,rubber_carpet,0.00248425160099744,0.46023211659847835,0.4658292446638776,0.07145438713664683,rubber_carpet,0.00248425160099744,0.46023211659847835,0.4658292446638776,0.07145438713664683
cell_carpet,figure_eight,173,3.023418163980748,5.057405281285877,4.979908151549942,rubber_carpet,0.002573500075329898,0.4579917743585961,0.4790272486839198,0.060407476882154205,rubber_carpet,0.0025288758381636686,0.4591119454785371,0.4724282466738986,0.0659309320094005
cell_carpet,figure_eight,174,3.030016201992124,5.814006888633754,5.814006888633754,rubber_carpet,0.003874518729668834,0.379314685476197,0.607680091329185,0.009130704464949358,rubber_carpet,0.003874518729668834,0.379314685476197,0.607680091329185,0.009130704464949358
cell_carpet,figure_eight,174,3.031243217437827,4.6796785304248,5.246842709529277,rubber_carpet,0.0029291473226972717,0.4410531465042626,0.5241649774184164,0.031852728754623805,rubber_carpet,0.003401833026183052,0.4101839159902297,0.5659225343738006,0.02049171660978658
grass,figure_eight,-178,-3.0997959440753995,6.34902411021814,6.34902411021814,rubber_carpet,0.005202663325818001,0.3081561225532765,0.6806568330129237,0.00598438110798178,rubber_carpet,0.005202663325818001,0.3081561225532765,0.6806568330129237,0.00598438110798178
grass,figure_eight,-178,-3.099687808004637,6.270952927669345,6.309988518943743,rubber_carpet,0.005080308773714584,0.31365055648065343,0.6752784670306957,0.005990667714936304,rubber_carpet,0.005141486049766293,0.310903339516965,0.6779676500218098,0.005987524411459042
grass,circle,-177,-3.0833697954760955,6.236509758897819,6.236509758897819,rubber_carpet,0.004794211089551376,0.3262511954006389,0.6628945496392481,0.00606004387056168,rubber_carpet,0.004794211089551376,0.3262511954006389,0.6628945496392481,0.00606004387056168
grass,circle,-177,-3.0832141081439417,6.204362801377727,6.220436280137773,rubber_carpet,0.004749082384536276,0.32850297064120065,0.6606538215788318,0.006094125395431201,rubber_carpet,0.004771646737043826,0.3273770830209198,0.66177418560904,0.006077084632996441
grass,circle,-177,-3.083207432423728,5.917336394948335,6.119402985074626,rubber_carpet,0.0044793130078643485,0.3425724031896194,0.6465121796506463,0.006436104151869931,rubber_carpet,0.004625479872454087,0.3349747431052696,0.6541431826298432,0.006256594392433186
grass,circle,-175,-3.058252898854665,7.078071182548794,7.078071182548794,rubber_carpet,0.007950949781793538,0.21586739658347665,0.7681898700110981,0.007991783623631791,rubber_carpet,0.007950949781793538,0.21586739658347665,0.7681898700110981,0.007991783623631791
grass,circle,-175,-3.0584214607900906,6.498277841561424,6.788174512055109,rubber_carpet,0.006520271020606937,0.2546344513796375,0.732172769797916,0.0066725078018393304,rubber_carpet,0.007235610401200238,0.2352509239815571,0.7501813199045071,0.007332145712735561
grass,circle,-175,-3.057993737859181,6.803673938002296,6.793340987370837,rubber_carpet,0.00654267609034686,0.2539238073079609,0.7328420074656014,0.006691509136090991,rubber_carpet,0.006889143245773549,0.24458736564475897,0.7415116636850543,0.007011827424413275
grass,figure_eight,-170,-2.9748173640293807,8.964408725602755,8.964408725602755,rubber_carpet,0.029016070885624242,0.0726710903157426,0.8692967662860627,0.02901607251257062,rubber_carpet,0.029016070885624242,0.0726710903157426,0.8692967662860627,0.02901607251257062
grass,figure_eight,-170,-2.974856331858711,8.48564867967853,8.725028702640643,rubber_carpet,0.023643709363734507,0.08083824802877612,0.8718743252541632,0.023643717353326255,rubber_carpet,0.026329890124679373,0.07675466917225937,0.8705855457701129,0.026329894932948437
grass,figure_eight,-170,-2.9749735998743017,8.591274397244547,8.680443934175278,rubber_carpet,0.022769646809068296,0.08279032551717518,0.8716703702006536,0.022769657473102906,rubber_carpet,0.024549768466873834,0.07977249734471728,0.8711279579853832,0.02454977620302567
grass,figure_eight,-170,-2.974040841709457,7.915040183696901,8.489092996555684,rubber_carpet,0.019407804063642918,0.0927041472451847,0.8684802087900054,0.019407839901166932,rubber_carpet,0.021978786265258378,0.08623832229495099,0.8698040833876943,0.021978808052096302
grass,figure_eight,-167,-2.9224689840834275,4.084959816303099,4.084959816303099,grass,0.0018127492769804544,0.37687513152297913,0.2512485903219841,0.37006352887805627,grass,0.0018127492769804544,0.37687513152297913,0.2512485903219841,0.37006352887805627
grass,figure_eight,-167,-2.9225413679862813,4.401836969001148,4.243398392652123,grass,0.0016917152715064299,0.4006500473819803,0.27766335453971686,0.3199948828067965,grass,0.001752232274243442,0.3887625894524797,0.2644559724308505,0.34502920584242636
grass,figure_eight,-167,-2.9225656200557864,4.215843857634902,4.234213547646383,grass,0.0016929123328335266,0.3992935447827723,0.27606820952599226,0.322945333358402,grass,0.0017225723035384842,0.394028067117626,0.27026209097842135,0.33398726960041414
grass,figure_eight,-167,-2.9233293044237696,4.623421354764639,4.331515499425947,grass,0.0017021887281891638,0.41340132128689705,0.2933111286880773,0.29158536129683643,grass,0.001712380515863824,0.4037146942022615,0.2817866098332493,0.3127863154486253
grass,circle,-165,-2.883361403142111,3.6865671641791047,3.6865671641791047,cell_carpet,0.00647496987128523,0.3083798628435263,0.18362879739325563,0.5015163698919327,cell_carpet,0.00647496987128523,0.3083798628435263,0.18362879739325563,0.5015163698919327
grass,circle,-165,-2.883206431065695,4.29735935706085,3.991963260619977,cell_carpet,0.002219971490878642,0.351085372968777,0.22054904151016097,0.4261456140301833,cell_carpet,0.004347470681081937,0.3297326179061517,0.20208891945170834,0.4638309919610581
grass,circle,-165,-2.883177582417624,4.3318025258323765,4.105243015690777,cell_carpet,0.0018421769570830804,0.36831940249567696,0.23700694424364094,0.39283147630359894,cell_carpet,0.003094823819082509,0.34902601020091434,0.21954793184767463,0.42833123413232854
grass,circle,-164,-2.858288375539235,8.741676234213548,8.741676234213548,rubber_carpet,0.016328521168454124,0.0910889865818004,0.8762539417580161,0.016328550491729422,rubber_carpet,0.016328521168454124,0.0910889865818004,0.8762539417580161,0.016328550491729422
grass,circle,-164,-2.8583920876211444,7.724454649827784,8.233065442020667,rubber_carpet,0.011090296065617396,0.13136929946656553,0.8464494994252355,0.011090905042581612,rubber_carpet,0.01370940861703576,0.11122914302418296,0.8613517205916258,0.013709727767155518
grass,circle,-164,-2.8579719940847674,8.38691159586682,8.284347493302718,rubber_carpet,0.011515929124110712,0.12655221752040233,0.850415469522584,0.011516383832902967,rubber_carpet,0.012612668870573236,0.11889068027229265,0.8558835950571049,0.012613055800029242
grass,figure_eight,-163,-2.845169013591504,9.276693455797934,9.276693455797934,rubber_carpet,0.023341094096155594,0.06781327870805644,0.8855045319243462,0.023341095271441858,rubber_carpet,0.023341094096155594,0.06781327870805644,0.8855045319243462,0.023341095271441858
grass,figure_eight,-163,-2.844443040055374,8.569460390355914,8.923076923076923,rubber_carpet,0.017509616435948856,0.08313963310960959,0.8818411217402997,0.017509628714141804,rubber_carpet,0.020425355266052225,0.075476455908833,0.883672826832323,0.02042536199279183
grass,figure_eight,-160,-2.7912437305152022,4.31572904707233,4.31572904707233,cell_carpet,0.0016845510231354632,0.3649506664888234,0.2175605531400631,0.4158042293479781,cell_carpet,0.0016845510231354632,0.3649506664888234,0.2175605531400631,0.4158042293479781
grass,figure_eight,-160,-2.7911930869649004,4.181400688863376,4.248564867967853,cell_carpet,0.0017884925565794115,0.3540303163602046,0.207983419578426,0.43619777150478994,cell_carpet,0.0017365217898574373,0.359490491424514,0.21277198635924455,0.426001000426384
grass,circle,-154,-2.6833642164813445,3.504018369690011,3.504018369690011,cell_carpet,0.07735017175847478,0.21676768602769894,0.09881379743210272,0.6070683447817236,cell_carpet,0.07735017175847478,0.21676768602769894,0.09881379743210272,0.6070683447817236
grass,circle,-154,-2.683233801518576,3.61308840413318,3.5585533869115955,cell_carpet,0.061222412673235256,0.22240898956570887,0.10155478394643125,0.6148138138146246,cell_carpet,0.06928629221585501,0.2195883377967039,0.10018429068926699,0.6109410792981741
grass,circle,-154,-2.6831784884082244,3.555683122847302,3.5575966322234973,cell_carpet,0.06147889488460714,0.2223124962503566,0.10150727965917895,0.6147013292058574,cell_carpet,0.06538259355023107,0.22095041702353024,0.10084578517422296,0.6128212042520158
grass,circle,-152,-2.658327190083913,10.367393800229625,10.367393800229625,rubber_carpet,0.019839739344914842,0.049571291807035574,0.9107492294663365,0.019839739381713142,rubber_carpet,0.019839739344914842,0.049571291807035574,0.9107492294663365,0.019839739381713142
grass,circle,-152,-2.658372251195363,9.81171067738232,10.089552238805972,rubber_carpet,0.016051414647606677,0.05771296398112188,0.9101842064464166,0.01605141492485482,rubber_carpet,0.01794557699626076,0.053642127894078726,0.9104667179563766,0.01794557715328398
grass,circle,-152,-2.657992688817433,9.461538461538462,9.880214313050134,rubber_carpet,0.01377033648459334,0.06673340230610536,0.9057259235280443,0.013770337681256961,rubber_carpet,0.015857956740427052,0.06018776510009205,0.9080963207422105,0.015857957417270474
grass,figure_eight,-152,-2.660303196111653,9.624569460390354,9.624569460390354,rubber_carpet,0.011506607552940225,0.08135696254368074,0.8956298156871804,0.011506614216198679,rubber_carpet,0.013682282146683638,0.0707723638218864,0.9018630682146954,0.013682285816734576
grass,figure_eight,-152,-2.6603453887168564,9.772675086107922,9.69862227324914,rubber_carpet,0.012110636008363356,0.07669893459698524,0.8990797893025851,0.012110640092066109,rubber_carpet,0.012896459077523497,0.07373564920943582,0.9004714287586403,0.012896462954400343
grass,figure_eight,-152,-2.660368335786916,10.027554535017222,9.808266360505169,rubber_carpet,0.013080540717577773,0.07043789035555215,0.9034010262542107,0.013080542672659295,rubber_carpet,0.012988499897550635,0.07208676978249398,0.9019362275064255,0.012988502813529819
grass,figure_eight,-152,-2.659488313108789,10.444316877152698,9.967278989667047,rubber_carpet,0.0146668560211508,0.06266865197959559,0.9079976353227025,0.014666856676551161,rubber_carpet,0.013827677959350717,0.06737771088104479,0.9049669314145641,0.01382767974504049
grass,figure_eight,-150,-2.6093187225617656,3.1297359357060848,3.1297359357060848,linoleum,0.4518635065117736,0.12443609276628821,0.051812368799691866,0.3718880319222463,linoleum,0.4518635065117736,0.12443609276628821,0.051812368799691866,0.3718880319222463
grass,figure_eight,-149,-2.6084944659992,3.722158438576349,3.722158438576349,cell_carpet,0.07758776031696202,0.20045990038436956,0.07938138582181488,0.6425709534768534,cell_carpet,0.07758776031696202,0.20045990038436956,0.07938138582181488,0.6425709534768534
grass,figure_eight,-149,-2.6085439285184933,3.656716417910448,3.689437428243399,cell_carpet,0.0894898477654011,0.19724675833609856,0.07808687879132019,0.6351765151071802,cell_carpet,0.08353880404118157,0.1988533293602341,0.07873413230656755,0.6388737342920169
grass,figure_eight,-149,-2.608287170181201,3.618828932261768,3.665901262916188,cell_carpet,0.09893363150774835,0.1948333352965673,0.07712524492081123,0.6291077882748731,cell_carpet,0.09123621777446496,0.19684333232840068,0.07792968861368939,0.633990761283445
grass,figure_eight,-145,-2.534842767298512,10.507462686567166,10.507462686567166,rubber_carpet,0.010785255259796145,0.06259783676452148,0.9158316522974536,0.010785255678228764,rubber_carpet,0.010785255259796145,0.06259783676452148,0.9158316522974536,0.010785255678228764
grass,figure_eight,-145,-2.534178405238771,10.299655568312286,10.403559127439726,rubber_carpet,0.010096693975592468,0.0683720771899313,0.9114345339913741,0.01009669484310218,rubber_carpet,0.010440974617694308,0.0654849569772264,0.9136330931444139,0.010440975260665472
grass,circle,-142,-2.483354155217306,3.301951779563719,3.301951779563719,linoleum,0.7043337023592083,0.06434783381765384,0.021562945969956757,0.2097555178531811,linoleum,0.7043337023592083,0.06434783381765384,0.021562945969956757,0.2097555178531811
grass,circle,-142,-2.483199659978048,4.058553386911596,3.6802525832376576,cell_carpet,0.34449989871461306,0.12674814064710296,0.04029962485345386,0.48845233578483005,linoleum,0.5244168005369108,0.0955479872323784,0.03093128541170531,0.3491039268190056
grass,circle,-142,-2.483184639607565,3.6176808266360494,3.6593953310371217,cell_carpet,0.3654728649395537,0.12321602388122252,0.039257451513319504,0.47205365966590435,linoleum,0.44494483273823227,0.10938200555680046,0.035094368462512404,0.41057879324245494
grass,figure_eight,-142,-2.4853634050765026,3.2261768082663607,3.2261768082663607,linoleum,0.7560557161368537,0.054893312231753005,0.018663434076742393,0.17038753755465078,linoleum,0.600500274437543,0.08213765889427674,0.0268789012696274,0.29048316539855285
grass,figure_eight,-142,-2.4853056733421144,3.355912743972445,3.291044776119403,linoleum,0.7123322359326746,0.06289715393854498,0.021119083107597126,0.2036515270211832,linoleum,0.6564162551851088,0.07251740641641087,0.023998992188612265,0.24706734620986806
grass,circle,-141,-2.458274928731374,12.058553386911596,12.058553386911596,rubber_carpet,0.020926641138680434,0.03203815151390276,0.9261085662087143,0.02092664113870253,rubber_carpet,0.020926641138680434,0.03203815151390276,0.9261085662087143,0.02092664113870253
grass,circle,-141,-2.45841678778594,10.027554535017222,11.043053960964407,rubber_carpet,0.010368743319483467,0.05338496579318034,0.9258775474961127,0.010368743391223479,rubber_carpet,0.015647692229081953,0.04271155865354155,0.9259930568524135,0.015647692264963004
grass,circle,-141,-2.4579683224386493,10.238805970149253,10.774971297359356,rubber_carpet,0.008834535888042543,0.06767712019979698,0.9146538075256114,0.00883453638654904,rubber_carpet,0.012241114058562248,0.055194339426669264,0.9203234321890125,0.012241114325756022
grass,figure_eight,-136,-2.370865562618221,10.51894374282434,10.51894374282434,rubber_carpet,0.0053936706804634865,0.13553746902047445,0.8536751540302676,0.005393706268794497,rubber_carpet,0.0053936706804634865,0.13553746902047445,0.8536751540302676,0.005393706268794497
grass,figure_eight,-136,-2.3708483085905026,10.239954075774971,10.379448909299656,rubber_carpet,0.005087772724764336,0.15324873208606968,0.8365756367418992,0.005087858447266854,rubber_carpet,0.005240721702613912,0.14439310055327206,0.8451253953860833,0.005240782358030676
grass,figure_eight,-136,-2.3708614843704026,11.187141216991964,10.648679678530426,rubber_carpet,0.005705326873925477,0.12047067168055445,0.8681186591795967,0.005705342265923253,rubber_carpet,0.005473024288269695,0.13243188611691328,0.8566220272828401,0.005473062311976965
grass,figure_eight,-136,-2.370194099229177,11.18828932261768,10.78358208955224,rubber_carpet,0.006060651561596423,0.10623851575690703,0.8816401748147704,0.006060657866726162,rubber_carpet,0.005766837924933059,0.11933520093691016,0.8691311010488052,0.005766860089351563
grass,figure_eight,-133,-2.327405598717291,3.4569460390355915,3.4569460390355915,linoleum,0.9207138052143566,0.01789127682445088,0.005259849024288619,0.056135068936903884,linoleum,0.9207138052143566,0.01789127682445088,0.005259849024288619,0.056135068936903884
grass,figure_eight,-133,-2.3274659277019167,3.194029850746269,3.32548794489093,linoleum,0.9463001105250223,0.013322635518541204,0.004186784278380255,0.03619046967805649,linoleum,0.9335069578696895,0.015606956171496041,0.004723316651334438,0.046162769307480186
grass,figure_eight,-133,-2.3274704525147363,3.4890929965556827,3.3800229621125144,linoleum,0.9371533789640231,0.01498277323533579,0.004576020151707208,0.043287827648934005,linoleum,0.9353301684168562,0.015294864703415916,0.004649668401520823,0.044725298478207096
grass,figure_eight,-133,-2.328057937822908,3.092996555683123,3.3082663605051663,linoleum,0.9488290051390423,0.012857445235513631,0.0040782202256695495,0.03423532939977444,linoleum,0.9420795867779492,0.014076154969464773,0.004363944313595186,0.03948031393899076
grass,circle,-131,-2.2831576506244105,4.355912743972445,4.355912743972445,cell_carpet,0.2750741753597279,0.10454798238451576,0.022301028778246128,0.5980768134775102,cell_carpet,0.2750741753597279,0.10454798238451576,0.022301028778246128,0.5980768134775102
grass,circle,-131,-2.283139053975241,3.375430539609644,3.865671641791044,linoleum,0.8013810032462467,0.035415841749264015,0.008826955374912928,0.15437619962957635,linoleum,0.5382275893029873,0.06998191206688989,0.015563992076579528,0.3762265065535433
grass,circle,-131,-2.2831185499774382,4.497129735935706,4.076157673172598,linoleum,0.6094300717992175,0.06231274277722981,0.014352273064292424,0.3139049123592601,linoleum,0.5738288305511025,0.06614732742205987,0.014958132570435977,0.34506570945640175
grass,figure_eight,-130,-2.2665541161890914,11.346727898966709,11.346727898966709,rubber_carpet,0.005381794321388978,0.11154265927399976,0.8776937490778913,0.005381797326719915,rubber_carpet,0.005381794321388978,0.11154265927399976,0.8776937490778913,0.005381797326719915
grass,figure_eight,-130,-2.2666378034116104,11.265212399540758,11.305970149253731,rubber_carpet,0.005298533573975726,0.11607028553021898,0.8733326433481895,0.005298537547615731,rubber_carpet,0.005340163947682351,0.11380647240210937,0.8755131962130405,0.005340167437167823
grass,circle,-129,-2.258257953328542,13.078071182548795,13.078071182548795,rubber_carpet,0.011709124850590915,0.02504540323523219,0.9515363470635791,0.011709124850597778,rubber_carpet,0.011709124850590915,0.02504540323523219,0.9515363470635791,0.011709124850597778
grass,circle,-129,-2.258409825963429,11.32950631458094,12.203788748564868,rubber_carpet,0.007297402056828784,0.05146034420402774,0.9339448516727189,0.0072974020664244394,rubber_carpet,0.009503263453709849,0.03825287371962996,0.942740599368149,0.009503263458511109
grass,circle,-129,-2.258071033162526,11.194029850746269,11.867202449292002,rubber_carpet,0.0062776464358128775,0.07285081442255281,0.9145938925819457,0.006277646559688577,rubber_carpet,0.007890454944761364,0.05555184407109139,0.9286672459750475,0.007890455009099845
grass,figure_eight,-128,-2.2275404241258805,3.205510907003444,3.205510907003444,linoleum,0.9848178769882477,0.0047566816595318575,0.0020609166871766275,0.008364524665043763,linoleum,0.9848178769882477,0.0047566816595318575,0.0020609166871766275,0.008364524665043763
grass,figure_eight,-128,-2.2271371193744507,3.420206659012629,3.3128587830080365,linoleum,0.9812311167101836,0.005435065700203312,0.0021543416947219394,0.011179475894891057,linoleum,0.9830244968492157,0.005095873679867585,0.0021076291909492835,0.00977200027996741
grass,figure_eight,-122,-2.13774580063736,11.32491389207807,11.32491389207807,rubber_carpet,0.003957698005707524,0.23747990474665026,0.7546045499760793,0.003957847271562769,rubber_carpet,0.003957698005707524,0.23747990474665026,0.7546045499760793,0.003957847271562769
grass,figure_eight,-122,-2.1377188209556026,11.036739380022963,11.180826636050517,rubber_carpet,0.003818505228929957,0.26608791935017395,0.7262747090613041,0.0038188663595919345,rubber_carpet,0.0038881016173187405,0.25178391204841216,0.7404396295186918,0.0038883568155773525
grass,figure_eight,-122,-2.1379135338065174,11.10332950631458,11.154994259471872,rubber_carpet,0.0037945097125412827,0.2713741451332664,0.721036413472334,0.0037949316818581933,rubber_carpet,0.003841305664930012,0.26157902859083926,0.7307380214955129,0.003841644248717773
grass,figure_eight,-122,-2.1373339186741287,10.328358208955224,10.94833524684271,rubber_carpet,0.003612508314288713,0.31510589711095655,0.6776676627558323,0.0036139318189223734,rubber_carpet,0.0037269069896093627,0.28834246285089793,0.7042028421256726,0.003727788033820073
grass,figure_eight,-121,-2.104149428537684,3.898966704936854,3.898966704936854,linoleum,0.9757522143154818,0.005347474209002171,0.0021077170555015195,0.016792594420014545,linoleum,0.9757522143154818,0.005347474209002171,0.0021077170555015195,0.016792594420014545
grass,figure_eight,-121,-2.104166149974412,2.9253731343283587,3.412169919632606,linoleum,0.9918719154498737,0.0026354236934947855,0.0016074204495679916,0.003885240407063593,linoleum,0.9838120648826778,0.003991448951248478,0.0018575687525347554,0.010338917413539069
grass,figure_eight,-121,-2.104219103748403,3.249138920780712,3.3578262533486414,linoleum,0.9922402688462847,0.002582747739267097,0.001641811486607208,0.003535171927840904,linoleum,0.9880261668644813,0.003287098345257788,0.001749690119570982,0.006937044670689987
grass,figure_eight,-121,-2.104648683913896,3.1182548794489096,3.2979334098737088,linoleum,0.9924845117297346,0.0025622204292591734,0.001700690020442734,0.0032525778205635164,linoleum,0.990255339297108,0.002924659387258481,0.001725190070006858,0.005094811245626752
grass,circle,-119,-2.083380524312155,4.320321469575202,4.320321469575202,linoleum,0.9202799295148346,0.012530345862821824,0.003820628812693764,0.0633690958096497,linoleum,0.9202799295148346,0.012530345862821824,0.003820628812693764,0.0633690958096497
grass,circle,-119,-2.0828395525561736,4.363949483352468,4.3421354764638345,linoleum,0.9125488284738151,0.013473500639855104,0.004021629809561426,0.06995604107676824,linoleum,0.916414378994325,0.013001923251338466,0.003921129311127596,0.06666256844320899
grass,circle,-119,-2.083078209553854,4.430539609644088,4.371603520857253,linoleum,0.9008358658082173,0.014877682449310396,0.004315632823988562,0.0799708189184838,linoleum,0.9086251224012709,0.013939802850324427,0.004118381067558078,0.07331669368084638
grass,circle,-118,-2.0583012978262225,12.819747416762343,12.819747416762343,rubber_carpet,0.005315653890459573,0.07812446952326747,0.9112442226695783,0.005315653916694722,rubber_carpet,0.005315653890459573,0.07812446952326747,0.9112442226695783,0.005315653916694722
grass,circle,-118,-2.058416215581349,12.869115958668196,12.84443168771527,rubber_carpet,0.005356785451769257,0.07599581171408686,0.913290617360712,0.005356785473431859,rubber_carpet,0.0053362196711144155,0.07706014061867716,0.9122674200151452,0.0053362196950632905
grass,circle,-118,-2.0579558293051043,12.125143513203216,12.604668962877918,rubber_carpet,0.004984574128429245,0.09904294546375453,0.8909879061443566,0.004984574263459587,rubber_carpet,0.005160396899771831,0.08805154304121586,0.901627663079751,0.0051603969792614396
grass,figure_eight,-118,-2.0574902896623355,9.973593570608497,9.973593570608497,grass,0.002922643795228695,0.6176657253575388,0.37577324289902453,0.003638387948207968,rubber_carpet,0.004041520347500263,0.35285863419937735,0.6387004529893877,0.004399392463734704
grass,figure_eight,-118,-2.057545916491873,10.799081515499427,10.386337543053962,grass,0.0030642191084036246,0.5340140026165241,0.45974801291830014,0.003173765356772015,rubber_carpet,0.0035528697279519437,0.4434363184079507,0.5492242329538439,0.0037865789102533593
grass,figure_eight,-116,-2.027585528597869,3.866819747416762,3.866819747416762,linoleum,0.9903700486182258,0.0026143654395910133,0.0015476046655194234,0.0054679812766639455,linoleum,0.9903700486182258,0.0026143654395910133,0.0015476046655194234,0.0054679812766639455
grass,figure_eight,-116,-2.027562667998885,3.948335246842709,3.907577497129736,linoleum,0.9894066310672829,0.0027776613127679576,0.0015889671339143815,0.00622674048603478,linoleum,0.9898883398427543,0.0026960133761794857,0.0015682858997169025,0.005847360881349363
grass,figure_eight,-112,-1.9588428878303537,9.940298507462686,9.940298507462686,grass,0.002955393283138201,0.7229947485365896,0.26766017571906886,0.006389682461203198,grass,0.002955393283138201,0.7229947485365896,0.26766017571906886,0.006389682461203198
grass,figure_eight,-112,-1.9588077689723609,10.435132032146957,10.18771526980482,grass,0.002962512549517934,0.6855008663372829,0.3073178502671928,0.004218770846006361,grass,0.002958952916328067,0.7042478074369363,0.28748901299313084,0.005304226653604779
grass,figure_eight,-112,-1.958792264992216,10.479908151549942,10.285112897053194,grass,0.002974750964646376,0.6688981678590121,0.3243221891406988,0.003804892035642564,grass,0.0029668519404872215,0.6865729876479743,0.30590560106691483,0.004554559344623671
grass,figure_eight,-112,-1.9584223372473823,10.244546498277842,10.274971297359356,grass,0.0029732326569958346,0.6706723936103464,0.3225139823239392,0.003840391408718603,grass,0.002970042298741528,0.6786226906291604,0.314209791695427,0.004197475376671137
grass,figure_eight,-111,-1.932974558629761,4.048220436280138,4.048220436280138,linoleum,0.9918062947475242,0.0022304231594949247,0.0015169628259577763,0.004446319267022982,linoleum,0.9918062947475242,0.0022304231594949247,0.0015169628259577763,0.004446319267022982
grass,figure_eight,-111,-1.932940857730812,3.9529276693455793,4.000574052812858,linoleum,0.9925537214682766,0.0021029384390066352,0.0014768599816414247,0.003866480111075466,linoleum,0.9921800081079004,0.00216668079925078,0.0014969114037996006,0.004156399689049224
grass,figure_eight,-111,-1.932723458903059,3.714121699196327,3.905089934940681,linoleum,0.9936055552426185,0.0019227371269161637,0.0014317426533468382,0.0030399649771185146,linoleum,0.9928927816752593,0.002044708963083471,0.0014643270285732192,0.0035981823330838683
grass,figure_eight,-111,-1.9333482584391908,4.776119402985075,4.122847301951779,linoleum,0.990232835895575,0.0024924670921327584,0.0016060388962054095,0.005668658116086838,linoleum,0.9915628087854172,0.002268588027608115,0.0015351829623893147,0.004633420224585354
grass,figure_eight,-109,-1.8967695960774853,11.508610792192885,11.508610792192885,rubber_carpet,0.0034137323212741094,0.4528384237854362,0.5403300797672518,0.0034177641260378522,rubber_carpet,0.0034137323212741094,0.4528384237854362,0.5403300797672518,0.0034177641260378522
grass,figure_eight,-109,-1.8968147618253743,10.058553386911594,10.78358208955224,grass,0.003081412534911913,0.6207448056287287,0.3729247322910747,0.0032490495452847865,grass,0.0032475724280930105,0.5367916147070824,0.45662740602916313,0.0033334068356613185
grass,circle,-108,-1.883307997380392,6.241102181400689,6.241102181400689,cell_carpet,0.003612699375221852,0.06899145517263039,0.007327878883037875,0.9200679665691099,cell_carpet,0.003612699375221852,0.06899145517263039,0.007327878883037875,0.9200679665691099
grass,circle,-108,-1.8832340876208704,7.252583237657864,6.746842709529277,cell_carpet,0.002139349155299769,0.08816427086847209,0.0079077084582513,0.9017886715179768,cell_carpet,0.0028760242652608103,0.07857786302055124,0.007617793670644587,0.9109283190435433
grass,circle,-108,-1.883171621953146,7.331802525832376,6.941829314963644,cell_carpet,0.001980483335351409,0.10234871642645547,0.00896436065833245,0.8867064395798606,cell_carpet,0.0024282538003061096,0.09046328972350336,0.00829107716448852,0.898817379311702
grass,figure_eight,-107,-1.8730864211496177,5.003444316877152,5.003444316877152,linoleum,0.8021214763911103,0.02134775447806205,0.0073345819457017025,0.16919618718512588,linoleum,0.8021214763911103,0.02134775447806205,0.0073345819457017025,0.16919618718512588
grass,figure_eight,-107,-1.8733946428404848,5.427095292766935,5.215269804822043,linoleum,0.5317704050695229,0.04152565130098903,0.011215046806026448,0.4154888968234616,linoleum,0.6669459407303167,0.03143670288952554,0.009274814375864075,0.2923425420042937
grass,circle,-106,-1.858293143910817,13.309988518943744,13.309988518943744,rubber_carpet,0.004636133552901531,0.11435875920456263,0.87636897363278,0.004636133609755785,rubber_carpet,0.004636133552901531,0.11435875920456263,0.87636897363278,0.004636133609755785
grass,circle,-106,-1.858411399526052,13.932261768082665,13.621125143513204,rubber_carpet,0.0049628915201287115,0.07989944835675476,0.9101747685981045,0.004962891525011991,rubber_carpet,0.004799512536515121,0.0971291037806587,0.8932718711154423,0.004799512567383888
grass,circle,-106,-1.8580137173361104,12.90585533869116,13.38270187523919,rubber_carpet,0.004707080427861844,0.10535247802116537,0.8852333610907407,0.004707080460232066,rubber_carpet,0.0047532964821884825,0.10124079090091204,0.8892526161030915,0.004753296513807977
grass,figure_eight,-104,-1.8189704951108072,10.955223880597014,10.955223880597014,grass,0.003105609214270286,0.6515748701465671,0.34203028848397415,0.0032892321551884133,grass,0.003105609214270286,0.6515748701465671,0.34203028848397415,0.0032892321551884133
grass,figure_eight,-104,-1.8189460998895213,10.574052812858785,10.7646383467279,grass,0.003063681430524246,0.6876457396015396,0.3057856136628018,0.0035049653051343528,grass,0.003084645322397266,0.6696103048740534,0.323907951073388,0.003397098730161383
grass,figure_eight,-104,-1.8189472971799043,12.101033295063145,11.210103329506316,grass,0.003190104606923258,0.5978188239917858,0.3957476636984869,0.0032434077028041276,grass,0.0031373749646602623,0.6337145644329196,0.35982780738593745,0.0033202532164827553
grass,figure_eight,-104,-1.8187461829272888,11.091848450057409,11.180539609644088,grass,0.0031787827489037274,0.6043566463107015,0.3892240253844774,0.0032405455559174384,grass,0.003158078856781995,0.6190356053718106,0.37452591638520744,0.003280399386200097
grass,figure_eight,-103,-1.798133705094047,7.134328358208956,7.134328358208956,cell_carpet,0.0019913146168710873,0.09621518386098603,0.00768952122630231,0.8941039802958406,cell_carpet,0.0019913146168710873,0.09621518386098603,0.00768952122630231,0.8941039802958406
grass,figure_eight,-103,-1.798145456418128,7.044776119402984,7.08955223880597,cell_carpet,0.002016606332701799,0.09255497947721762,0.007440408427731452,0.8979880057623492,cell_carpet,0.002003960474786443,0.09438508166910183,0.007564964827016881,0.8960459930290949
grass,figure_eight,-103,-1.798136316481871,7.029850746268657,7.069651741293533,cell_carpet,0.0020294115721044615,0.09101643998562536,0.007338502569378933,0.8996156458728912,cell_carpet,0.0020166860234454523,0.09270076082736359,0.007451733698197907,0.8978308194509931
grass,figure_eight,-103,-1.7984588999143123,7.238805970149253,7.111940298507463,cell_carpet,0.002003361562213587,0.09435000946575253,0.007561467422277283,0.8960851615497566,cell_carpet,0.0020100237928295196,0.09352538514655806,0.007506600560237595,0.8969579905003748
grass,figure_eight,-101,-1.768605534611468,11.805970149253731,11.805970149253731,rubber_carpet,0.0034441981146600986,0.4870456298935396,0.5060624667344832,0.0034477052573170853,rubber_carpet,0.0034441981146600986,0.4870456298935396,0.5060624667344832,0.0034477052573170853
grass,figure_eight,-101,-1.7686615959737662,10.185993111366246,10.99598163030999,grass,0.0031093682832054477,0.6716416412663843,0.3219151174829485,0.003333872967461707,grass,0.003276783198932773,0.5793436355799619,0.41398879210871586,0.0033907891123893964
grass,figure_eight,-100,-1.749263689969893,7.524684270952928,7.524684270952928,cell_carpet,0.0019451747242251436,0.12790448454619094,0.009680274205282422,0.8604700665243016,cell_carpet,0.0019451747242251436,0.12790448454619094,0.009680274205282422,0.8604700665243016
grass,figure_eight,-100,-1.7492715523430309,8.532721010332951,8.02870264064294,cell_carpet,0.002240741159823583,0.23605016268177614,0.019097097647562795,0.7426119985108375,cell_carpet,0.0020929579420243634,0.18197732361398355,0.014388685926422609,0.8015410325175696
grass,figure_eight,-98,-1.7033034594470873,12.37657864523536,12.37657864523536,rubber_carpet,0.003753281891126349,0.3628320100959465,0.6296612589496037,0.0037534490633233802,rubber_carpet,0.003753281891126349,0.3628320100959465,0.6296612589496037,0.0037534490633233802
grass,figure_eight,-98,-1.7034014306115308,11.63719862227325,12.006888633754304,rubber_carpet,0.003529611344670464,0.459268846162779,0.5336703742293686,0.0035311682631818616,rubber_carpet,0.0036414466178984065,0.41105042812936277,0.5816658165894861,0.0036423086632526207
grass,figure_eight,-98,-1.7033029458634463,10.57979334098737,11.531190202831992,grass,0.0032831508771469274,0.5782655814618834,0.4151467409360217,0.0033045267249480247,rubber_carpet,0.003462298747522667,0.4946580047956231,0.4984062787627539,0.0034734176941003227
grass,figure_eight,-98,-1.703310007662876,10.917336394948336,11.37772675086108,grass,0.0032195327223683576,0.6133407820955422,0.38017320240569535,0.003266482776394038,grass,0.0033409157349455123,0.5539993934455827,0.43928974058422465,0.0033699502352471803
grass,figure_eight,-97,-1.6853354940447636,10.36739380022962,10.36739380022962,grass,0.0031147829683318214,0.787226620895777,0.20199249501638772,0.0076661011195035406,grass,0.0031147829683318214,0.787226620895777,0.20199249501638772,0.0076661011195035406
grass,figure_eight,-97,-1.6851409150996914,9.39609644087256,9.881745120551091,grass,0.003284470342215908,0.8182921144311263,0.14852217055670522,0.02990124466995253,grass,0.0031996266552738644,0.8027593676634517,0.17525733278654648,0.018783672894728036
grass,figure_eight,-97,-1.6853334761935783,9.18369690011481,9.649062380405663,grass,0.0033874923257182625,0.8105459768333023,0.1266548721235996,0.05941165871737968,grass,0.0032935594904960636,0.806652672248377,0.15095610245507304,0.03909766580605386
grass,figure_eight,-97,-1.6855980995637485,9.187141216991964,9.53358208955224,grass,0.003430632001079461,0.7981159904606208,0.11624430624640841,0.08220907129189126,grass,0.0033620957457877625,0.802384331354499,0.13360020435074074,0.06065336854897257
grass,circle,-96,-1.6833596865283411,8.725602755453501,8.725602755453501,grass,0.0030804725457063667,0.5022933100940525,0.04784893995934255,0.4467772774008987,grass,0.0030804725457063667,0.5022933100940525,0.04784893995934255,0.4467772774008987
grass,circle,-96,-1.683161799107687,8.662456946039036,8.694029850746269,grass,0.00303966350471787,0.486305019823636,0.04573251025669506,0.46492280641495104,grass,0.0030600680252121184,0.4942991649588443,0.04679072510801881,0.4558500419079249
grass,circle,-96,-1.6832245031939908,7.957520091848449,8.44852659778033,cell_carpet,0.0027002372634294075,0.3676300875509263,0.0315614813112047,0.5981081938744396,cell_carpet,0.002880152644320763,0.4309646262548853,0.039176103209611755,0.5269791178911822
grass,circle,-95,-1.658344117803029,12.079219288174514,12.079219288174514,rubber_carpet,0.0035551442145390555,0.4542659673081641,0.5386225004620016,0.0035563880152952813,rubber_carpet,0.0035551442145390555,0.4542659673081641,0.5386225004620016,0.0035563880152952813
grass,circle,-95,-1.6584010998434342,11.876004592422502,11.977611940298509,rubber_carpet,0.003497058622483808,0.48078632289575357,0.5122173205563094,0.0034992979254531193,rubber_carpet,0.0035261014185114315,0.46752614510195883,0.5254199105091555,0.0035278429703742
grass,circle,-95,-1.6580096165365494,11.909299655568311,11.954841178721775,rubber_carpet,0.003484325344866806,0.48668732232832973,0.5063414768093524,0.003486875517451076,rubber_carpet,0.0035052133816891188,0.4771067337151443,0.5158806936592539,0.003507359243912638
grass,figure_eight,-95,-1.6594002902949914,11.894374282433985,11.894374282433985,grass,0.003451075588898036,0.5022589082949136,0.49083535026505476,0.003454665851133689,rubber_carpet,0.0034781444852935773,0.4896828210050289,0.5033580219621543,0.0034810125475231634
grass,figure_eight,-95,-1.6594206470092534,12.274397244546496,12.08438576349024,rubber_carpet,0.00355814870195289,0.45291105792348085,0.5399714379277919,0.0035593554467743677,rubber_carpet,0.0035181465936232337,0.4712969394642549,0.521664729944973,0.0035201839971487655
grass,figure_eight,-94,-1.642117728728536,10.872560275545348,10.872560275545348,grass,0.0030933152192932174,0.7245192968129829,0.2686765712204332,0.003710816747290912,grass,0.0030933152192932174,0.7245192968129829,0.2686765712204332,0.003710816747290912
grass,figure_eight,-94,-1.6421009041482677,10.96785304247991,10.920206659012628,grass,0.00309833790371571,0.7165652408936242,0.27673862715499425,0.0035977940476658787,grass,0.003095826561504464,0.7205422688533035,0.2727075991877137,0.0036543053974783953
grass,figure_eight,-92,-1.6000321475100951,12.96211251435132,12.96211251435132,rubber_carpet,0.004102840274022263,0.23701176795349213,0.7547825469329307,0.004102844839554884,rubber_carpet,0.004102840274022263,0.23701176795349213,0.7547825469329307,0.004102844839554884
grass,figure_eight,-92,-1.6000572777106803,11.120551090700344,12.041331802525832,rubber_carpet,0.003529831953680919,0.4675966682991834,0.5253420383337236,0.003531461413412156,rubber_carpet,0.0038163361138515914,0.3523042181263378,0.6400622926333271,0.00381715312648352
grass,figure_eight,-92,-1.6000970076983445,12.03788748564868,12.040183696900115,rubber_carpet,0.0035291753006683546,0.467896788257553,0.525043220809617,0.0035308156321617393,rubber_carpet,0.003672755707259973,0.41010050319194535,0.5825527567214721,0.0036739843793226297
grass,figure_eight,-92,-1.5999966065082716,12.068886337543052,12.047359357060849,rubber_carpet,0.003533283456237518,0.4660204780331824,0.5269113815430525,0.003534856967527346,rubber_carpet,0.0036030195817487454,0.4380604906125639,0.5547320691322624,0.0036044206734249878
grass,figure_eight,-91,-1.5831722464075622,11.354764638346726,11.354764638346726,grass,0.0032034814156797807,0.6327725352050965,0.360756275182459,0.003267708196764712,grass,0.0032034814156797807,0.6327725352050965,0.360756275182459,0.003267708196764712
grass,figure_eight,-91,-1.5827552131197329,12.004592422502872,11.679678530424798,grass,0.0033396096950039935,0.5581349057789095,0.4351738505596449,0.0033516339664415307,grass,0.0032715455553418873,0.5954537204920031,0.397965062871052,0.0033096710816031215
grass,figure_eight,-91,-1.5831648503416795,11.510907003444316,11.623421354764638,grass,0.003313162053929608,0.571692814332939,0.4216646455768034,0.003329378036328156,grass,0.0032923538046357474,0.583573267412471,0.4098148542239277,0.0033195245589656384
grass,figure_eight,-91,-1.5834448314984355,11.850746268656716,11.680252583237657,grass,0.0033398850760505217,0.557995341981716,0.4353129004691534,0.0033518724730800063,grass,0.0033161194403431345,0.5707843046970935,0.42256387734654055,0.0033356985160228224
grass,figure_eight,-89,-1.558385454723965,11.244546498277842,11.244546498277842,grass,0.003170035617783825,0.650859786898502,0.34269720195163983,0.003272975532074337,grass,0.003170035617783825,0.650859786898502,0.34269720195163983,0.003272975532074337
grass,figure_eight,-89,-1.5584020362825697,11.210103329506316,11.22732491389208,grass,0.003164803579428625,0.6543922559471196,0.33916623847486244,0.0032767019985894216,grass,0.003167419598606225,0.6526260214228108,0.34093172021325113,0.003274838765331879
grass,figure_eight,-88,-1.5413734616182224,11.653272101033297,11.653272101033297,grass,0.0033370683204192023,0.5543139680960122,0.4389998045683147,0.0033491590152537427,grass,0.0033370683204192023,0.5543139680960122,0.4389998045683147,0.0033491590152537427
grass,figure_eight,-88,-1.5415460263176255,10.37772675086108,11.015499425947189,grass,0.003113172506102612,0.6916888892465749,0.3017963693505026,0.003401568896819888,grass,0.0032251204132609074,0.6230014286712936,0.37039808695940873,0.003375363956036816
grass,figure_eight,-86,-1.4994583439442153,10.419058553386911,10.419058553386911,grass,0.003090161888287884,0.7743171131359607,0.21622640982332336,0.006366315152427964,grass,0.003090161888287884,0.7743171131359607,0.21622640982332336,0.006366315152427964
grass,figure_eight,-86,-1.4994715111569428,10.75086107921929,10.5849598163031,grass,0.0030744382691733746,0.752622110347737,0.23956483339828055,0.004738617984809156,grass,0.0030823000787306284,0.7634696117418487,0.2278956216108019,0.005552466568618559
grass,figure_eight,-86,-1.4995019904046931,10.461538461538462,10.543819364714889,grass,0.003076669449258171,0.758316023552924,0.2335566446090467,0.005050662388771138,grass,0.0030794847639943994,0.7608928176473864,0.2307261331099243,0.0053015644786948484
grass,figure_eight,-86,-1.499451760297636,11.025258323765788,10.664179104477611,grass,0.0030732081665205573,0.7410996881344314,0.25156210717550753,0.004264996523540433,grass,0.0030763464652574786,0.750996252890909,0.24114412014271594,0.004783280501117642
grass,circle,-85,-1.4833224455462857,12.024110218140068,12.024110218140068,rubber_carpet,0.0035618545910179357,0.4392356987966849,0.5536394520690866,0.0035629945432107514,rubber_carpet,0.0035618545910179357,0.4392356987966849,0.5536394520690866,0.0035629945432107514
grass,circle,-85,-1.4831865469561978,12.135476463834673,12.07979334098737,rubber_carpet,0.0035950148399454224,0.4247101943576473,0.5680989553420098,0.003595835460397427,rubber_carpet,0.0035784347154816784,0.431972946577166,0.5608692037055482,0.0035794150018040884
grass,circle,-85,-1.4832084814654751,12.44316877152698,12.200918484500574,rubber_carpet,0.003668745933494102,0.39314612950087047,0.5995159826072706,0.0036691419583650318,rubber_carpet,0.00362359032448789,0.41255953803901824,0.5801925931564094,0.00362427848008456
grass,figure_eight,-85,-1.4821630001770338,13.399540757749712,13.399540757749712,rubber_carpet,0.004488198167850632,0.13533844158165426,0.8556851619766356,0.0044881982738594305,rubber_carpet,0.004055894246169261,0.2739489898103362,0.7179388775665225,0.0040562383769719955
grass,figure_eight,-85,-1.4819198041579376,11.034443168771528,12.21699196326062,rubber_carpet,0.0036786756381548182,0.38897258217504893,0.6036697075262977,0.0036790346604984644,rubber_carpet,0.0038672849421620397,0.3314607859926926,0.6608042925464102,0.00386763651873523
grass,figure_eight,-85,-1.4821626300495547,12.870264064293917,12.43474933027172,rubber_carpet,0.003815906327264837,0.33327534416147414,0.659092751187292,0.003815998323968967,rubber_carpet,0.0038415956347134387,0.3323680650770834,0.659948521866851,0.003841817421352098
grass,figure_eight,-85,-1.4824284783872448,11.977037887485649,12.320321469575202,rubber_carpet,0.003743208094846348,0.3623087594455683,0.630204634772328,0.003743397687257194,rubber_carpet,0.0037924018647798935,0.34733841226132584,0.6450765783195895,0.0037926075543046464
grass,circle,-84,-1.458325235051564,9.587830080367391,9.587830080367391,grass,0.0033378695068321386,0.8063960174293944,0.133508847079452,0.05675726598432137,grass,0.0033378695068321386,0.8063960174293944,0.133508847079452,0.05675726598432137
grass,circle,-84,-1.4584208409017838,9.972445464982778,9.780137772675086,grass,0.003258480525521417,0.812349734037932,0.15214945323821485,0.032242332198331725,grass,0.0032981750161767786,0.8093728757336633,0.14282915015883343,0.04449979909132656
grass,circle,-84,-1.4587653557485856,9.694603903559129,9.751626482969767,grass,0.003270471416682813,0.8123092935344262,0.14931704155075326,0.03510319349813763,grass,0.0032843232164297955,0.8108410846340448,0.14607309585479333,0.03980149629473209
grass,figure_eight,-83,-1.456385159413039,9.47187141216992,9.47187141216992,grass,0.0033553675192848575,0.7966078494605068,0.1269311646622956,0.07310561835791271,grass,0.0033553675192848575,0.7966078494605068,0.1269311646622956,0.07310561835791271
grass,figure_eight,-83,-1.4562459351780486,9.880597014925373,9.676234213547646,grass,0.003278024052834641,0.8095688581119682,0.1465468858214207,0.0406062320137765,grass,0.0033166957860597496,0.8030883537862376,0.1367390252418582,0.05685592518584461
grass,figure_eight,-82,-1.438310507630217,10.848450057405282,10.848450057405282,grass,0.003082363547335972,0.6817727668963648,0.3117152756784238,0.0034295938778753556,grass,0.003082363547335972,0.6817727668963648,0.3117152756784238,0.0034295938778753556
grass,figure_eight,-82,-1.438314359414238,10.912743972445464,10.880597014925373,grass,0.0030889311064248174,0.6757901552440939,0.3177322210526335,0.0033886925968477583,grass,0.0030856473268803947,0.6787814610702294,0.31472374836552863,0.003409143237361557
grass,figure_eight,-80,-1.3923330303332115,8.974741676234213,8.974741676234213,grass,0.003317355768574013,0.7036350389416388,0.09506116743258754,0.19798643785719955,grass,0.003317355768574013,0.7036350389416388,0.09506116743258754,0.19798643785719955
grass,figure_eight,-80,-1.3923406214740863,8.47187141216992,8.723306544202067,grass,0.0031718520246826146,0.6036507062709418,0.07205581878551924,0.3211216229188563,grass,0.003244603896628314,0.6536428726062904,0.0835584931090534,0.259554030388028
grass,figure_eight,-80,-1.3923547191091468,7.672789896670493,8.373134328358208,cell_carpet,0.002780887129577739,0.4363337148739232,0.044896619884165184,0.515988778112334,grass,0.0030127455131030265,0.5449882937401068,0.0642275564966093,0.387771404250181
grass,figure_eight,-80,-1.3923949772846689,8.8105625717566,8.482491389207807,grass,0.0029183773799186337,0.4889205099935394,0.052529951635413984,0.4556311609911281,grass,0.0029655614465108303,0.5169544018668231,0.058378754066011646,0.42170128262065454
grass,figure_eight,-79,-1.3729478903892995,10.996555683122846,10.996555683122846,grass,0.0031331460634342985,0.6185876903624439,0.37503724271780264,0.00324192085631929,grass,0.0031331460634342985,0.6185876903624439,0.37503724271780264,0.00324192085631929
grass,figure_eight,-79,-1.3726331504913605,11.700344431687714,11.34845005740528,grass,0.0032781953868698355,0.5389645358660876,0.45446056268453017,0.0032967060625122575,grass,0.003205670725152067,0.5787761131142658,0.41474890270116643,0.0032693134594157743
grass,figure_eight,-79,-1.3728930781107531,12.398392652123997,11.698430922311518,rubber_carpet,0.00346508292117639,0.452209283955365,0.5408578056288665,0.003467827494592264,grass,0.003335376823164228,0.5154926985348153,0.4778033541650164,0.0033685704770040183
grass,figure_eight,-79,-1.3732403846285473,10.486796785304248,11.3955223880597,grass,0.003301177227898512,0.5276358005679634,0.4657474004321282,0.003315621772009771,grass,0.0033182770255313705,0.5215642495513895,0.4717753772985724,0.003342096124506895
grass,figure_eight,-77,-1.3437114804166197,7.094144661308841,7.094144661308841,cell_carpet,0.0019197249951157208,0.11791146652795957,0.010205822220506111,0.8699629862564187,cell_carpet,0.0019197249951157208,0.11791146652795957,0.010205822220506111,0.8699629862564187
grass,figure_eight,-77,-1.343429207097448,7.134328358208956,7.114236509758898,cell_carpet,0.0019155460717335633,0.12017223758370979,0.010403473442941938,0.8675087429016147,cell_carpet,0.0019176355334246421,0.11904185205583467,0.010304647831724025,0.8687358645790166
grass,figure_eight,-76,-1.3225621393939695,9.588978185993112,9.588978185993112,grass,0.003098314523529489,0.7856356036567278,0.18691617235106822,0.024349909468674415,grass,0.003098314523529489,0.7856356036567278,0.18691617235106822,0.024349909468674415
grass,figure_eight,-76,-1.322666607990546,11.355912743972446,10.47244546498278,grass,0.003013898583494862,0.6796780306413004,0.31360459963916404,0.0037034711360406677,grass,0.0030561065535121756,0.7326568171490141,0.25026038599511613,0.014026690302357541
grass,circle,-74,-1.283363405858175,12.54190585533869,12.54190585533869,rubber_carpet,0.004234779461462576,0.18456958943090407,0.8069608482187299,0.004234782888903464,rubber_carpet,0.004234779461462576,0.18456958943090407,0.8069608482187299,0.004234782888903464
grass,circle,-74,-1.2831757704364224,12.24569460390356,12.393800229621124,rubber_carpet,0.00411084421021636,0.2122447875156459,0.7795335145411969,0.004110853732940808,rubber_carpet,0.004172811835839467,0.198407188473275,0.7932471813799634,0.004172818310922136
grass,circle,-74,-1.2831528822528286,12.859931113662457,12.549177190968235,rubber_carpet,0.004241038263862571,0.18327357286107196,0.808244347353777,0.0042410415212883875,rubber_carpet,0.004206925049851019,0.19084038066717346,0.8007457643668703,0.004206929916105262
grass,figure_eight,-73,-1.268215282985504,5.738231917336395,5.738231917336395,cell_carpet,0.0146911393152768,0.0737043589177409,0.009610455705745403,0.9019940460612369,cell_carpet,0.0146911393152768,0.0737043589177409,0.009610455705745403,0.9019940460612369
grass,figure_eight,-73,-1.2682229412777928,5.719862227324914,5.729047072330655,cell_carpet,0.015467002164409608,0.07368234060116505,0.009663736200004401,0.901186921034421,cell_carpet,0.015079070739843204,0.07369334975945296,0.009637095952874902,0.901590483547829
grass,figure_eight,-73,-1.268235324701702,4.911595866819748,5.456563337160351,cell_carpet,0.08035943057586549,0.07240836040486417,0.011597372482562483,0.8356348365367079,cell_carpet,0.047719250657854345,0.07305085508215857,0.010617234217718693,0.8686126600422684
grass,figure_eight,-73,-1.2681644425914649,5.65556831228473,5.506314580941447,cell_carpet,0.05931270221365867,0.0729942100489295,0.01122935979217351,0.8564637279452383,cell_carpet,0.05351597643575651,0.07302253256554403,0.010923297004946101,0.8625381939937533
grass,circle,-72,-1.2583101669973649,7.23995407577497,7.23995407577497,cell_carpet,0.0019273202871402425,0.18916772235845974,0.01964375994390687,0.789261197410493,cell_carpet,0.0019273202871402425,0.18916772235845974,0.01964375994390687,0.789261197410493
grass,circle,-72,-1.2584217468923846,6.7301951779563725,6.985074626865671,cell_carpet,0.0018735120420774719,0.14547432694386267,0.014561064472184172,0.8380910965418757,cell_carpet,0.0019004161646088572,0.16732102465116122,0.017102412208045523,0.8136761469761844
grass,circle,-72,-1.25795849959319,6.892078071182549,6.954075774971297,cell_carpet,0.0018745725031746115,0.14122240971595584,0.014093730229406505,0.842809287551463,cell_carpet,0.0018874943338917343,0.15427171718355853,0.015598071218726015,0.8282427172638237
grass,figure_eight,-71,-1.2447697717325132,11.106773823191734,11.106773823191734,rubber_carpet,0.0033287587135878796,0.45384240183738916,0.5394906951600283,0.0033381442889946393,rubber_carpet,0.0033287587135878796,0.45384240183738916,0.5394906951600283,0.0033381442889946393
grass,figure_eight,-71,-1.244355340567607,9.753157290470725,10.429965556831228,grass,0.003021772710372261,0.6061628043880745,0.3875219529444296,0.003293469957123652,grass,0.0031752657119800696,0.5300026031127317,0.46350632405222886,0.003315807123059145
grass,figure_eight,-71,-1.2447767075996838,11.135476463834673,10.66513585916571,grass,0.003107105379447454,0.5564168637587465,0.4372792457547755,0.0031967851070305578,grass,0.0031411855457137623,0.5432097334357392,0.45039278490350226,0.003256296115044852
grass,figure_eight,-71,-1.2451348994731168,10.299655568312286,10.573765786452354,grass,0.00307096488845856,0.5762442061681684,0.417474864797841,0.0032099641455319784,grass,0.0031060752170861614,0.5597269698019538,0.43393382485067167,0.0032331301302884153
grass,figure_eight,-69,-1.2092498637081774,4.246842709529276,4.246842709529276,linoleum,0.9682214692492271,0.005982542908543782,0.002452296261344136,0.02334369158088483,linoleum,0.9682214692492271,0.005982542908543782,0.002452296261344136,0.02334369158088483
grass,figure_eight,-69,-1.208607338971473,3.580941446613088,3.913892078071182,linoleum,0.9892145324779698,0.0028318051021837807,0.0015962345468695078,0.0063574278729769855,linoleum,0.9787180008635985,0.004407174005363781,0.0020242654041068217,0.014850559726930907
grass,figure_eight,-68,-1.1828414816413495,10.789896670493684,10.789896670493684,rubber_carpet,0.0032475152097853487,0.4637156601893293,0.5297693220118112,0.0032675025890742558,rubber_carpet,0.0032475152097853487,0.4637156601893293,0.5297693220118112,0.0032675025890742558
grass,figure_eight,-68,-1.182749578951776,11.187141216991964,10.988518943742823,rubber_carpet,0.0033670986405633964,0.41689008395715166,0.5763687602740205,0.0033740571282644422,rubber_carpet,0.0033073069251743728,0.44030287207324054,0.5530690411429159,0.0033207798586693494
grass,figure_eight,-64,-1.1141147707407917,4.117106773823192,4.117106773823192,linoleum,0.9460350051361778,0.009794251780586363,0.003083598887356072,0.041087144195879825,linoleum,0.9460350051361778,0.009794251780586363,0.003083598887356072,0.041087144195879825
grass,figure_eight,-64,-1.1141045887839776,2.8220436280137773,3.4695752009184844,linoleum,0.9912808035355277,0.002757857394478531,0.001589534035358821,0.004371805034634777,linoleum,0.9686579043358527,0.006276054587532447,0.0023365664613574466,0.022729474615257303
grass,figure_eight,-64,-1.1140395452438003,2.950631458094145,3.296593953310371,linoleum,0.9924649557755572,0.0025855275314866475,0.0017022330199192577,0.003247283673036886,linoleum,0.9805614300557051,0.004430791059509548,0.0020193997406383526,0.012988379144147097
grass,figure_eight,-64,-1.1136096401355495,2.42939150401837,3.0797933409873712,linoleum,0.9920819472731167,0.002845070261140551,0.0021466010126878444,0.002926381453054851,linoleum,0.986321688664411,0.00363793066032505,0.002083000376663099,0.007957380298600976
grass,circle,-62,-1.0827198664294644,11.625717566016071,11.625717566016071,rubber_carpet,0.004421250728775335,0.1658182772997741,0.8253392073779359,0.004421264593514734,rubber_carpet,0.004421250728775335,0.1658182772997741,0.8253392073779359,0.004421264593514734
grass,circle,-62,-1.0832153002368374,12.15154994259472,11.888633754305395,rubber_carpet,0.004774091876850059,0.12853132312267235,0.8619204908195959,0.00477409418088161,rubber_carpet,0.004597671302812697,0.14717480021122323,0.8436298490987659,0.0045976793871981714
grass,circle,-62,-1.0832000414477758,11.649827784156145,11.809031764255645,rubber_carpet,0.004661692364056305,0.1390966131550591,0.8515799981146888,0.004661696366195738,rubber_carpet,0.004629681833434501,0.14313570668314118,0.8476049236067273,0.004629687876696955
grass,figure_eight,-62,-1.0840469543990432,11.059701492537313,11.059701492537313,rubber_carpet,0.0038066725190200224,0.2679995770005402,0.7243865816789653,0.0038071688014744524,rubber_carpet,0.004218177176227263,0.20556764184184073,0.7859957526428464,0.004218428339085705
grass,figure_eight,-62,-1.0838263581525591,10.838117106773822,10.948909299655568,rubber_carpet,0.003704654317694477,0.2909024614369922,0.7016872752170494,0.0037056090282638963,rubber_carpet,0.00396141574696087,0.24823505163941648,0.7438415139299479,0.0039620186836748
grass,figure_eight,-62,-1.0840673803957392,10.951779563719864,10.949866054343666,rubber_carpet,0.0037055126837256943,0.2907015618930914,0.7018864633463948,0.003706462076788043,rubber_carpet,0.0038334642153432822,0.26946830676625394,0.7228639886381714,0.003834240380231422
grass,figure_eight,-62,-1.0844132257284411,10.91963260619977,10.942307692307692,rubber_carpet,0.003698742188196364,0.2922900539183733,0.7003114695135496,0.0036997343798808708,rubber_carpet,0.003766103201769822,0.2808791803423136,0.7115877290758604,0.0037669873800561457
grass,circle,-61,-1.058302728337697,4.219288174512055,4.219288174512055,linoleum,0.8405484354289438,0.024880911921477844,0.005964487963922453,0.12860616468565594,linoleum,0.8405484354289438,0.024880911921477844,0.005964487963922453,0.12860616468565594
grass,circle,-61,-1.0584066788381854,3.812858783008037,4.016073478760045,linoleum,0.9283848096208561,0.013107225903927744,0.0036800863537613613,0.054827878121454815,linoleum,0.8844666225248999,0.018994068912702795,0.004822287158841907,0.09171702140355538
grass,circle,-61,-1.057965127629689,4.487944890929965,4.1733639494833525,linoleum,0.8670674214450953,0.021459808051233795,0.005321924852925223,0.10615084565074563,linoleum,0.8757670219849976,0.020226938481968295,0.005072106005883565,0.0989339335271505
grass,figure_eight,-59,-1.037762483661479,2.902411021814007,2.902411021814007,linoleum,0.9901515414636062,0.0036855107042630775,0.002321997512859898,0.003840950319270728,linoleum,0.9901515414636062,0.0036855107042630775,0.002321997512859898,0.003840950319270728
grass,figure_eight,-59,-1.037393524089989,3.4385763490241104,3.170493685419059,linoleum,0.9890996730359697,0.0036945080346794112,0.0018813987603522138,0.005324420168998513,linoleum,0.989625607249788,0.0036900093694712446,0.002101698136606056,0.00458268524413462
grass,figure_eight,-58,-1.0039020265863117,10.154994259471872,10.154994259471872,rubber_carpet,0.0033585915025449876,0.3681880373691514,0.6250792128212483,0.003374158307055292,rubber_carpet,0.0033585915025449876,0.3681880373691514,0.6250792128212483,0.003374158307055292
grass,figure_eight,-58,-1.0037928906953724,10.09529276693456,10.125143513203216,rubber_carpet,0.0033351302600318996,0.3745895394122406,0.6187220300444841,0.003353300283243225,rubber_carpet,0.003346860881288444,0.37138878839069606,0.6219006214328663,0.003363729295149259
grass,figure_eight,-52,-0.9141796233602604,2.9334098737083814,2.9334098737083814,linoleum,0.9776722653849665,0.007448334329626414,0.0029204922210427516,0.011958908064364398,linoleum,0.9776722653849665,0.007448334329626414,0.0029204922210427516,0.011958908064364398
grass,figure_eight,-52,-0.9141361648526958,2.48105625717566,2.7072330654420207,linoleum,0.9826585869071703,0.006585611243027088,0.0030293188369889673,0.007726483012813709,linoleum,0.9801654261460684,0.007016972786326751,0.0029749055290158597,0.009842695538589054
grass,figure_eight,-52,-0.9142562136939336,2.3478760045924223,2.5874473784921546,linoleum,0.9833549753457029,0.00663610116923318,0.0033315547913989087,0.006677368693664967,linoleum,0.9817602007458857,0.006826536977779966,0.003153230160207384,0.008260032116127011
grass,figure_eight,-52,-0.9135848682757768,3.0803673938002296,2.710677382319173,linoleum,0.9826208464820348,0.0065892016111821095,0.0030234031598795354,0.007766548746903319,linoleum,0.9821905236139603,0.006707869294481038,0.00308831666004346,0.008013290431515165
grass,circle,-51,-0.8830338160144254,11.060849598163031,11.060849598163031,rubber_carpet,0.006041870705362901,0.09746977440860603,0.8904464814758482,0.006041873410182904,rubber_carpet,0.006041870705362901,0.09746977440860603,0.8904464814758482,0.006041873410182904
grass,circle,-51,-0.8831840197192594,9.85763490241102,10.459242250287026,rubber_carpet,0.004729058812481987,0.16940998177108638,0.8211317650474016,0.004729194369030153,rubber_carpet,0.0053854647589224435,0.1334398780898462,0.8557891232616248,0.005385533889606529
grass,circle,-51,-0.8831141630755825,9.345579793340988,10.088021431305014,rubber_carpet,0.004138290358366224,0.2282424245398341,0.7634797701189359,0.0041395149828639165,rubber_carpet,0.004761877558644333,0.18084115131484013,0.8096344466902803,0.004762524436235222
grass,figure_eight,-50,-0.874965914342821,11.421354764638346,11.421354764638346,rubber_carpet,0.007691797199903257,0.06201190472934934,0.922604500749035,0.007691797321712561,rubber_carpet,0.007691797199903257,0.06201190472934934,0.922604500749035,0.007691797321712561
grass,figure_eight,-50,-0.8748756950241242,11.070034443168772,11.24569460390356,rubber_carpet,0.007044778740101545,0.07367128626816678,0.9122391558160753,0.007044779175656473,rubber_carpet,0.007368287970002401,0.06784159549875807,0.9174218282825551,0.007368288248684517
grass,figure_eight,-50,-0.8743869975493475,10.280137772675085,10.923842326827405,rubber_carpet,0.006060768320026137,0.10084065099369033,0.8870378082658303,0.006060772420453189,rubber_carpet,0.006714528145014267,0.08434112324622418,0.9022298182741926,0.006714530334568852
grass,figure_eight,-50,-0.8755830303490435,10.788748564867968,10.890068886337543,rubber_carpet,0.005970261545800882,0.10415634626593792,0.8839031254903753,0.005970266697885884,rubber_carpet,0.006342394845407575,0.09424873475608106,0.8930664718822839,0.006342398516227367
grass,circle,-49,-0.8582604805654802,2.836969001148106,2.836969001148106,linoleum,0.9679344686440897,0.010516941668290154,0.003952834006469258,0.01759575568115091,linoleum,0.9679344686440897,0.010516941668290154,0.003952834006469258,0.01759575568115091
grass,circle,-49,-0.8583911339468279,2.8059701492537314,2.8214695752009185,linoleum,0.9687500239577514,0.010355156627106753,0.003925350591097363,0.016969468824044463,linoleum,0.9683422463009206,0.010436049147698453,0.0039390922987833105,0.01728261225259769
grass,circle,-49,-0.8579986969656272,2.243398392652124,2.6287791810179875,linoleum,0.9756160095227371,0.009089899509950372,0.0038557827886089376,0.011438308178703567,linoleum,0.9719791279118288,0.009762974328824413,0.003897437543696124,0.014360460215650628
grass,figure_eight,-47,-0.814644839479565,3.252583237657865,3.252583237657865,linoleum,0.8748203206921793,0.029668927516829053,0.009242931563649253,0.08626782022734251,linoleum,0.8748203206921793,0.029668927516829053,0.009242931563649253,0.08626782022734251
grass,figure_eight,-47,-0.8141653368351769,2.546498277841561,2.899540757749713,linoleum,0.9479120303210317,0.015509902975130318,0.005499540271804434,0.03107852643203354,linoleum,0.9113661755066055,0.022589415245979686,0.007371235917726844,0.05867317332968803
grass,figure_eight,-44,-0.7696797635904368,10.619977037887486,10.619977037887486,rubber_carpet,0.008101719935771069,0.07671203383309694,0.9070845248205817,0.008101721410550376,rubber_carpet,0.008101719935771069,0.07671203383309694,0.9070845248205817,0.008101721410550376
grass,figure_eight,-44,-0.7707208167162553,10.436280137772677,10.52812858783008,rubber_carpet,0.007702653124962787,0.08350979180468192,0.9010848991791359,0.007702655891219489,rubber_carpet,0.007902186530366928,0.08011091281888943,0.9040847119998587,0.007902188650884932
grass,circle,-39,-0.6833220163928443,11.357060849598165,11.357060849598165,rubber_carpet,0.021987874663136016,0.03733374730222715,0.9186905033711177,0.021987874663519102,rubber_carpet,0.021987874663136016,0.03733374730222715,0.9186905033711177,0.021987874663519102
grass,circle,-39,-0.6832316557513639,11.530424799081514,11.44374282433984,rubber_carpet,0.023538464797599322,0.037118462247364994,0.9158046081572478,0.02353846479778784,rubber_carpet,0.02276316973036767,0.03722610477479607,0.9172475557641828,0.02276316973065347
grass,circle,-39,-0.6831048170672818,10.408725602755457,11.098737083811711,rubber_carpet,0.018047489302859526,0.039867118788080406,0.9240379026031906,0.01804748930586945,rubber_carpet,0.0204053295166136,0.03854661178143824,0.9206427291836867,0.02040532951826146
grass,circle,-38,-0.6582961956686296,3.68886337543054,3.68886337543054,cell_carpet,0.1333806841402018,0.18172122521997422,0.06688208081361628,0.6180160098262077,cell_carpet,0.1333806841402018,0.18172122521997422,0.06688208081361628,0.6180160098262077
grass,circle,-38,-0.6584459225363057,3.2330654420206657,3.4609644087256024,cell_carpet,0.2961736375550584,0.14961664163275454,0.05552491058070604,0.4986848102314811,cell_carpet,0.2147771608476301,0.16566893342636438,0.06120349569716116,0.5583504100288444
grass,circle,-38,-0.6579554955190935,3.071182548794489,3.331037122081898,linoleum,0.4152575376768841,0.12705682506762786,0.04759080199552105,0.410094835259967,cell_carpet,0.3150173492622571,0.14636287924699612,0.0543971488463411,0.48422262264440574
grass,figure_eight,-38,-0.6567456849919331,3.840413318025258,3.840413318025258,cell_carpet,0.06926246118681137,0.19686024847640513,0.07245325025181953,0.6614240400849639,cell_carpet,0.19213990522453422,0.17161156386170062,0.06342519954908032,0.5728233313646849
grass,figure_eight,-38,-0.6563423187557731,3.3857634902411022,3.61308840413318,cell_carpet,0.17874192467166475,0.17238116560563074,0.06354914488463959,0.5853277648380649,cell_carpet,0.1854409149480995,0.1719963647336657,0.06348717221685996,0.579075548101375
grass,figure_eight,-38,-0.6563313878453679,3.202066590126292,3.476081132797551,cell_carpet,0.2831520175872517,0.15209664997452874,0.05639666181549068,0.5083546706227289,cell_carpet,0.2342964662676756,0.1620465073540972,0.05994191701617532,0.5437151093620519
grass,figure_eight,-38,-0.6555967949247943,2.748564867967853,3.294202066590126,linoleum,0.4499825840226118,0.12047463073866521,0.04527120502521407,0.38427158021350905,cell_carpet,0.3421395251451437,0.14126056904638118,0.05260656102069468,0.46399334478778037
grass,figure_eight,-35,-0.6073608268732195,11.526980482204362,11.526980482204362,rubber_carpet,0.04090738082697583,0.04806430847691027,0.8701209298691288,0.04090738082698515,rubber_carpet,0.04090738082697583,0.04806430847691027,0.8701209298691288,0.04090738082698515
grass,figure_eight,-35,-0.6072430833736595,10.53386911595867,11.030424799081516,rubber_carpet,0.027004082953150318,0.041964478863913836,0.9040273552291932,0.02700408295374256,rubber_carpet,0.033955731890063075,0.04501439367041205,0.8870741425491611,0.033955731890363855
grass,figure_eight,-35,-0.607396675664502,10.919632606199771,10.993494068120931,rubber_carpet,0.026203653895391234,0.04195736635345783,0.9056353258549629,0.026203653896188176,rubber_carpet,0.030079692892727154,0.043485880011934944,0.8963547342020619,0.030079692893276014
grass,figure_eight,-35,-0.6080945360208329,9.408725602755451,10.597301951779563,rubber_carpet,0.019153059873579736,0.045893752352635035,0.915800127882797,0.01915305989098838,rubber_carpet,0.024616376383153445,0.044689816182284986,0.9060774310424294,0.024616376392132197
grass,figure_eight,-31,-0.5334003975028453,2.8140068886337546,2.8140068886337546,linoleum,0.537756630580689,0.11360467703702971,0.05263021366535686,0.29600847871692443,linoleum,0.537756630580689,0.11360467703702971,0.05263021366535686,0.29600847871692443
grass,figure_eight,-31,-0.5330952780569103,2.8897818599311136,2.851894374282434,linoleum,0.5086611809131252,0.1196823417486095,0.055250831840169434,0.3164056454980957,linoleum,0.5232089057469071,0.11664350939281962,0.05394052275276315,0.30620706210751003
grass,circle,-28,-0.4833594004260464,9.676234213547644,9.676234213547644,rubber_carpet,0.019059485553629636,0.0617420533834371,0.900138974896636,0.019059486166297317,rubber_carpet,0.019059485553629636,0.0617420533834371,0.900138974896636,0.019059486166297317
grass,circle,-28,-0.483205858861105,9.723306544202066,9.699770378874856,rubber_carpet,0.01941648084480487,0.060941773573158206,0.9002252642173432,0.019416481364693865,rubber_carpet,0.019237983199217254,0.06134191347829765,0.9001821195569896,0.01923798376549559
grass,circle,-28,-0.4832671324359341,10.058553386911594,9.8193647148871,rubber_carpet,0.02135635738614921,0.0573777459068466,0.8999095390974112,0.02135635760959308,rubber_carpet,0.020297170292683228,0.059359829692572114,0.9000458293272002,0.020297170687544334
grass,figure_eight,-28,-0.4813534856303825,10.314580941446613,10.314580941446613,rubber_carpet,0.03214899894937833,0.05123068801790236,0.8844713140776919,0.032148998955027465,rubber_carpet,0.02622308462103078,0.055295258855237235,0.892258571702446,0.0262230848212859
grass,figure_eight,-28,-0.4812687313499925,9.863375430539609,10.08897818599311,rubber_carpet,0.026612336309540872,0.05234526080529895,0.8944300665443282,0.02661233634083194,rubber_carpet,0.026417710465285828,0.05382025983026809,0.8933443191233872,0.02641771058105892
grass,circle,-26,-0.4582892338461198,3.6199770378874856,3.6199770378874856,cell_carpet,0.019797708058321352,0.2636752975798229,0.1366866279623947,0.5798403663994611,cell_carpet,0.019797708058321352,0.2636752975798229,0.1366866279623947,0.5798403663994611
grass,circle,-26,-0.4586630741781515,3.492537313432836,3.5562571756601606,cell_carpet,0.02668826840007561,0.25700549146460255,0.13246728262011034,0.5838389575152114,cell_carpet,0.02324298822919848,0.2603403945222127,0.13457695529125252,0.5818396619573363
grass,circle,-26,-0.4579637924856463,3.5648679678530426,3.5591274397244548,cell_carpet,0.026335158017722755,0.2573040944560305,0.1326533814210075,0.5837073661052394,cell_carpet,0.02478907312346062,0.2588222444891216,0.13361516835613002,0.5827735140312879
grass,figure_eight,-20,-0.3513288986223584,3.6211251435132032,3.6211251435132032,cell_carpet,0.008705909922724187,0.3004620182560138,0.17695949687642987,0.5138725749448322,cell_carpet,0.008705909922724187,0.3004620182560138,0.17695949687642987,0.5138725749448322
grass,figure_eight,-20,-0.3504483204123586,4.126291618828932,3.873708381171068,cell_carpet,0.0030783031931369367,0.3339901534978619,0.204910414529746,0.4580211287792552,cell_carpet,0.005892106557930561,0.31722608587693785,0.19093495570308794,0.48594685186204367
grass,figure_eight,-20,-0.3504388720099329,4.011481056257176,3.919632606199771,cell_carpet,0.0026681681292065264,0.340581347330506,0.21076841577390384,0.44598206876638374,cell_carpet,0.004280137343568544,0.3289037166037219,0.20085168573849588,0.4659644603142137
grass,figure_eight,-20,-0.3496346135896502,4.253731343283581,4.003157290470723,cell_carpet,0.0021671745669476945,0.352897229752224,0.22206341283463685,0.4228721828461915,cell_carpet,0.0032236559552581193,0.34090047317797295,0.21145754928656635,0.44441832158020256
grass,figure_eight,-17,-0.2966248549880738,10.082663605051664,10.082663605051664,rubber_carpet,0.06781068463298535,0.07825543417972537,0.7861231965536734,0.06781068463361596,rubber_carpet,0.06781068463298535,0.07825543417972537,0.7861231965536734,0.06781068463361596
grass,figure_eight,-17,-0.2970978918334917,9.681974741676234,9.88231917336395,rubber_carpet,0.057125863398778835,0.07136326959091684,0.8143850036083835,0.057125863401920884,rubber_carpet,0.06246827401588209,0.0748093518853211,0.8002541000810284,0.06246827401776842
grass,figure_eight,-17,-0.2970620265348435,8.7451205510907,9.503252965939533,rubber_carpet,0.04105357322571545,0.06538558645697085,0.8525072670349796,0.04105357328233405,rubber_carpet,0.051760923620798774,0.07009746917114598,0.826380683558004,0.051760923650051235
grass,figure_eight,-17,-0.297927350010255,9.871412169919632,9.595292766934556,rubber_carpet,0.044494007795672225,0.06597668433846018,0.8450353000416496,0.044494007824217925,rubber_carpet,0.048127465708235506,0.0680370767548031,0.8357079917998269,0.04812746573713459
grass,circle,-16,-0.2833686510669155,7.784156142365097,7.784156142365097,rubber_carpet,0.010613772224082054,0.15300625176039098,0.8257636646419798,0.01061631137354714,rubber_carpet,0.010613772224082054,0.15300625176039098,0.8257636646419798,0.01061631137354714
grass,circle,-16,-0.2832317988025122,8.56601607347876,8.175086107921928,rubber_carpet,0.014301422030024845,0.11626480472316951,0.855132064969257,0.014301708277548456,rubber_carpet,0.01245759712705345,0.13463552824178027,0.8404478648056185,0.012459009825547799
grass,circle,-16,-0.2832344214068814,8.300803673938002,8.21699196326062,rubber_carpet,0.014780952400385293,0.11289929695012933,0.8575385741167303,0.014781176532755175,rubber_carpet,0.013619274763719368,0.12376741259595478,0.8489932194611742,0.013620093179151483
grass,circle,-15,-0.2583359162039079,4.884041331802527,4.884041331802527,grass,0.002221927254993,0.46767727687973126,0.42359354625299345,0.10650724961228218,grass,0.002221927254993,0.46767727687973126,0.42359354625299345,0.10650724961228218
grass,circle,-15,-0.2587767521566667,4.615384615384615,4.749712973593571,grass,0.0020955981498236077,0.4628885772054287,0.39852571579162,0.1364901088531276,grass,0.0021587627024083045,0.4652829270425801,0.4110596310223068,0.12149867923270491
grass,circle,-15,-0.2580018917745866,5.125143513203216,4.874856486796786,grass,0.0022131248797066217,0.4674768672963865,0.4219039045332445,0.1084061032906623,grass,0.002185943791057463,0.4663798971694833,0.4164817677777757,0.1149523912616836
grass,figure_eight,-13,-0.2196471826567214,4.971297359357061,4.971297359357061,grass,0.0023856724512806094,0.46578394486010477,0.45263737242977525,0.07919301025883953,grass,0.0023856724512806094,0.46578394486010477,0.45263737242977525,0.07919301025883953
grass,figure_eight,-13,-0.2190240486732507,4.351320321469576,4.661308840413319,grass,0.002079830913342968,0.45898057827003963,0.3957647766259894,0.143174814190628,grass,0.002232751682311788,0.4623822615650721,0.42420107452788225,0.11118391222473373
grass,figure_eight,-10,-0.1668543296562121,9.266360505166476,9.266360505166476,rubber_carpet,0.04765915777335649,0.07211534849983711,0.8325663358719841,0.04765915785482224,rubber_carpet,0.04765915777335649,0.07211534849983711,0.8325663358719841,0.04765915785482224
grass,figure_eight,-10,-0.1667859506596257,8.52353616532721,8.894948335246841,rubber_carpet,0.03436167103910613,0.07369696086248112,0.8575796959198809,0.03436167217853187,rubber_carpet,0.04101041440623131,0.07290615468115912,0.8450730158959325,0.04101041501667706
grass,circle,-5,-0.0833464304553424,7.070034443168771,7.070034443168771,rubber_carpet,0.008636867393098924,0.2069513046016395,0.7757432975106081,0.008668530494653477,rubber_carpet,0.008636867393098924,0.2069513046016395,0.7757432975106081,0.008668530494653477
grass,circle,-5,-0.0832379500018512,7.5820895522388065,7.326061997703789,rubber_carpet,0.010442804619990876,0.17619571413590163,0.8029096744335442,0.010451806810563203,rubber_carpet,0.009539836006544901,0.19157350936877057,0.7893264859720762,0.009560168652608341
grass,circle,-5,-0.0831466356860562,6.663605051664754,7.105243015690777,rubber_carpet,0.008860953015605414,0.20255080311889417,0.7797005365188248,0.008887707346675613,rubber_carpet,0.00920039451107516,0.19706215624383241,0.7845135112454505,0.00922393799964198
grass,circle,-3,-0.0583306233114518,6.299655568312285,6.299655568312285,rubber_carpet,0.005197395685696705,0.3103829390450207,0.678362387289452,0.006057277979830667,rubber_carpet,0.005197395685696705,0.3103829390450207,0.678362387289452,0.006057277979830667
grass,circle,-3,-0.0589781681722921,6.834672789896671,6.567164179104478,rubber_carpet,0.006160912267903779,0.2729127248996927,0.7144741420308038,0.006452220801599721,rubber_carpet,0.005679153976800242,0.29164783197235666,0.6964182646601279,0.006254749390715194
grass,circle,-3,-0.0579574982351579,6.112514351320321,6.415614236509758,rubber_carpet,0.005587297462201407,0.2940975726682958,0.694184616873999,0.006130512995503806,rubber_carpet,0.005633225719500825,0.29287270232032625,0.6953014407670635,0.0061926311931095
grass,figure_eight,-2,-0.0426914725273339,4.47646383467279,4.47646383467279,grass,0.0020714214082433297,0.4513329114729544,0.3940769340035118,0.15251873311529057,grass,0.0020714214082433297,0.4513329114729544,0.3940769340035118,0.15251873311529057
grass,figure_eight,-2,-0.041888555400473,5.700344431687715,5.088404133180253,rubber_carpet,0.002752547634859003,0.45046025867322576,0.5022101239887925,0.04457706970312267,grass,0.0024119845215511667,0.45089658507309005,0.4481435289961522,0.09854790140920662
grass,figure_eight,-2,-0.0418750381359907,6.524684270952927,5.567164179104478,rubber_carpet,0.003458748351514444,0.4070899756734143,0.5749625613790188,0.014488714596052443,rubber_carpet,0.0029353664365328056,0.4289932803732522,0.5115530451875855,0.05651830800262953
grass,figure_eight,-2,-0.0411889234787329,5.2973593570608495,5.499712973593571,rubber_carpet,0.0033447970829548275,0.41466264328517943,0.5651178388613246,0.016874720770541134,rubber_carpet,0.0031400817597438168,0.4218279618292158,0.538335442024455,0.03669651438658533
grass,figure_eight,0,0.0062933329237787,8.126291618828933,8.126291618828933,rubber_carpet,0.019838904396901964,0.10370805506908586,0.8566140284362882,0.01983901209772401,rubber_carpet,0.019838904396901964,0.10370805506908586,0.8566140284362882,0.01983901209772401
grass,figure_eight,0,0.0062678223879631,8.081515499425947,8.10390355912744,rubber_carpet,0.01946880613810764,0.10517942051617245,0.8558828440465454,0.019468929299174428,rubber_carpet,0.019653855267504804,0.10444373779262917,0.8562484362414169,0.019653970698449222
grass,figure_eight,0,0.0062929972618871,9.239954075774971,8.482587064676617,rubber_carpet,0.026915568565363576,0.08499473432640921,0.8611741167992071,0.026915580309020144,rubber_carpet,0.023284711916434192,0.09471923605951918,0.858711276520312,0.023284775503734683
grass,figure_eight,0,0.0056288988642299,7.3214695752009185,8.192307692307693,rubber_carpet,0.020976950817164202,0.09957058818325398,0.858475437918188,0.02097702308139381,rubber_carpet,0.0221308313667992,0.09714491212138658,0.85859335721925,0.022130899292564246
grass,figure_eight,4,0.0736107918366453,6.33524684270953,6.33524684270953,rubber_carpet,0.005001796901099168,0.3148761596511179,0.6742015963847098,0.005920447063073097,rubber_carpet,0.005001796901099168,0.3148761596511179,0.6742015963847098,0.005920447063073097
grass,figure_eight,4,0.0741810781237954,7.041331802525832,6.688289322617681,rubber_carpet,0.006243035919844468,0.265225977175969,0.7220703280143098,0.006460658889876739,rubber_carpet,0.005622416410471818,0.29005106841354344,0.6981359621995098,0.0061905529764749185
grass,figure_eight,7,0.1180498556280599,7.064293915040184,7.064293915040184,rubber_carpet,0.007438093224669409,0.22406738356232608,0.7610034498562381,0.007491073356766378,rubber_carpet,0.007438093224669409,0.22406738356232608,0.7610034498562381,0.007491073356766378
grass,figure_eight,7,0.1180961923807007,7.121699196326062,7.092996555683123,rubber_carpet,0.007586741507528874,0.22029556834507708,0.764484602225896,0.007633087921498013,rubber_carpet,0.007512417366099141,0.22218147595370158,0.7627440260410671,0.007562080639132196
grass,circle,8,0.1417421420388899,6.996555683122847,6.996555683122847,rubber_carpet,0.006876785276228311,0.2371397780888779,0.749025708181415,0.006957728453478924,rubber_carpet,0.006876785276228311,0.2371397780888779,0.749025708181415,0.006957728453478924
grass,circle,8,0.1410523970895491,6.881745120551091,6.939150401836969,rubber_carpet,0.006619216896733096,0.2449524470833491,0.7417042737541547,0.006724062265762975,rubber_carpet,0.006748001086480703,0.2410461125861135,0.7453649909677849,0.00684089535962095
grass,circle,8,0.1420132239633284,7.710677382319172,7.196326061997703,rubber_carpet,0.007882042896504737,0.2107563211390412,0.7734476514600057,0.007913984504448322,rubber_carpet,0.00731502199149272,0.22590121686257736,0.7594063212138953,0.0073774399320346365
grass,circle,11,0.199831485748291,6.058553386911596,6.058553386911596,rubber_carpet,0.0036274096285286474,0.3847218972393064,0.6032905524639286,0.00836014066823626,rubber_carpet,0.0036274096285286474,0.3847218972393064,0.6032905524639286,0.00836014066823626
grass,circle,11,0.19997239112854,6.377726750861079,6.2181400688863375,rubber_carpet,0.003929496739014316,0.3630185425979404,0.6264058774153225,0.0066460832477227855,rubber_carpet,0.003778453183771482,0.37387021991862346,0.6148482149396256,0.007503111957979524
grass,circle,11,0.19999361038208,7.2422502870264065,6.559510141599694,rubber_carpet,0.004728052049380794,0.31448654470893483,0.6753046540071211,0.005480749234563271,rubber_carpet,0.004253252616576138,0.3441783823137792,0.6450764344733734,0.006491930596271397
grass,figure_eight,12,0.2181295528019746,6.322617680826636,6.322617680826636,rubber_carpet,0.004018483901204629,0.3547883335154668,0.635064297256315,0.006128885327013544,rubber_carpet,0.004018483901204629,0.3547883335154668,0.635064297256315,0.006128885327013544
grass,figure_eight,13,0.2186797377573321,6.877152698048221,6.877152698048221,rubber_carpet,0.00527107509723948,0.28167829132737043,0.7075056713791126,0.005544962196277488,rubber_carpet,0.00527107509723948,0.28167829132737043,0.7075056713791126,0.005544962196277488
grass,figure_eight,13,0.2182471724340536,7.481056257175661,7.179104477611941,rubber_carpet,0.0063482260665020255,0.23896250160476043,0.7482686628516053,0.006420609477132144,rubber_carpet,0.0058096505818707525,0.2603203964660654,0.727887167115359,0.005982785836704816
grass,figure_eight,13,0.2192297987142845,7.253731343283581,7.203980099502488,rubber_carpet,0.0064500244818429175,0.2355420770620236,0.7514933063649045,0.006514592091228902,rubber_carpet,0.006129837531856836,0.24793123676404452,0.7396902367401318,0.006248688963966859
grass,figure_eight,15,0.2560175161161546,7.049368541905855,7.049368541905855,rubber_carpet,0.005346566171499193,0.27145836902369874,0.7176645531486788,0.0055305116561232895,rubber_carpet,0.005346566171499193,0.27145836902369874,0.7176645531486788,0.0055305116561232895
grass,figure_eight,15,0.2560022976343817,6.8369690011481055,6.94316877152698,rubber_carpet,0.005026029754357447,0.28688129867605083,0.7027766310363447,0.005316040533246914,rubber_carpet,0.00518629796292832,0.2791698338498748,0.7102205920925118,0.005423276094685101
grass,figure_eight,15,0.2561121727796629,6.57979334098737,6.822043628013777,rubber_carpet,0.004693772029019947,0.3046157572508294,0.6855167847882994,0.005173685931851443,rubber_carpet,0.004940034995974134,0.29189279555035214,0.6978686884404056,0.0052984810132682735
grass,figure_eight,15,0.2555365548881989,6.826636050516648,6.823191733639495,rubber_carpet,0.004696765252801228,0.30444726206961925,0.685681542184977,0.00517443049260241,rubber_carpet,0.004818400124387682,0.2981700288099857,0.6917751153126914,0.005236455752935343
grass,figure_eight,18,0.3073199961797699,7.278989667049369,7.278989667049369,rubber_carpet,0.0052785576021948735,0.2633277237028982,0.7259938166882055,0.0053999020067014725,rubber_carpet,0.0052785576021948735,0.2633277237028982,0.7259938166882055,0.0053999020067014725
grass,figure_eight,18,0.3075949332443189,6.828932261768083,7.053960964408725,rubber_carpet,0.0046549425648203385,0.29650781282580646,0.6938602228898401,0.004977021719533127,rubber_carpet,0.004966750083507606,0.27991776826435233,0.7099270197890228,0.0051884618631173
grass,figure_eight,19,0.3402568438011173,6.005740528128587,6.005740528128587,rubber_carpet,0.0027961552022778007,0.45093232601856903,0.5267950525568219,0.019476466222331405,rubber_carpet,0.0027961552022778007,0.45093232601856903,0.5267950525568219,0.019476466222331405
grass,circle,20,0.3417462428384509,7.994259471871413,7.994259471871413,rubber_carpet,0.007263602018723349,0.18289767710012014,0.8025688808796523,0.007269840001504219,rubber_carpet,0.007263602018723349,0.18289767710012014,0.8025688808796523,0.007269840001504219
grass,circle,20,0.3411203940683093,8.13662456946039,8.065442020665902,rubber_carpet,0.007603516431644314,0.17413829361457603,0.8106503722748517,0.007607817678927837,rubber_carpet,0.007433559225183832,0.17851798535734809,0.806609626577252,0.0074388288402160285
grass,circle,20,0.3420209010415754,8.719862227324914,8.283582089552239,rubber_carpet,0.008782168819750398,0.14903158920639525,0.8334027459622605,0.008783496011593945,rubber_carpet,0.008107864022467114,0.16377478728187167,0.8200061862697563,0.008111162425904987
grass,figure_eight,20,0.34035090320741,5.414466130884041,5.414466130884041,grass,0.0022213852034222293,0.4909593690928009,0.41690409066811956,0.08991515503565735,rubber_carpet,0.005164624612944672,0.3273670781873363,0.618455138468938,0.049013158730781166
grass,circle,23,0.4001028537750244,5.903559127439724,5.903559127439724,grass,0.0024333503468506163,0.4925038175496419,0.46100690404125655,0.04405592806225089,grass,0.0024333503468506163,0.4925038175496419,0.46100690404125655,0.04405592806225089
grass,circle,23,0.3999617099761963,5.172215843857636,5.53788748564868,grass,0.002170467470584435,0.5000246022816953,0.3972052025493474,0.10059972769837278,grass,0.002301908908717526,0.4962642099156686,0.42910605329530194,0.07232782788031183
grass,circle,23,0.4000489711761474,4.09873708381171,5.058170685036356,grass,0.001831395241448271,0.4607041770795198,0.30580687822884867,0.23165754945018333,grass,0.0020666520750828987,0.4784841934975942,0.3674564657620753,0.15199268866524757
grass,figure_eight,24,0.4133836299353932,7.088404133180253,7.088404133180253,rubber_carpet,0.003584252230461551,0.3583282098624049,0.6334472766044893,0.004640261302644324,rubber_carpet,0.003584252230461551,0.3583282098624049,0.6334472766044893,0.004640261302644324
grass,figure_eight,24,0.4136888526471846,8.282433983926522,7.6854190585533875,rubber_carpet,0.004764299499135494,0.26585687706929517,0.7245309913105277,0.004847832121041744,rubber_carpet,0.004174275864798522,0.31209254346584997,0.6789891339575084,0.004744046711843033
grass,figure_eight,24,0.4137097939802426,7.235361653272101,7.535399923459625,rubber_carpet,0.004413109627297754,0.28880349090956986,0.7022061399287608,0.004577259534371619,rubber_carpet,0.004293692746048138,0.3004480171877099,0.6905976369431346,0.004660653123107326
grass,figure_eight,24,0.4141393751860898,8.112514351320323,7.6796785304248,rubber_carpet,0.004750078396881814,0.26672613554838837,0.7236879470363613,0.004835839018368504,rubber_carpet,0.004521885571464977,0.2835870763680492,0.707142791989748,0.004748246070737916
grass,figure_eight,25,0.4405167369090837,3.9988518943742815,3.9988518943742815,cell_carpet,0.006340661155462329,0.27475613563671253,0.13355745763532495,0.5853457455725003,cell_carpet,0.006340661155462329,0.27475613563671253,0.13355745763532495,0.5853457455725003
grass,figure_eight,25,0.4405207960851314,4.322617680826636,4.160734787600459,cell_carpet,0.003229012370266593,0.2950500670157189,0.1467164131034239,0.5550045075105907,cell_carpet,0.00478483676286446,0.28490310132621566,0.1401369353693744,0.5701751265415455
grass,figure_eight,25,0.4405781740576891,4.313432835820896,4.211634137007271,cell_carpet,0.002719584335602512,0.3020649938004523,0.15142755799373675,0.5437878638702085,cell_carpet,0.0037522105492334857,0.293484047563334,0.1457822466815556,0.5569814952058769
grass,figure_eight,25,0.4400997334515825,4.473019517795637,4.276980482204363,cell_carpet,0.002262907156594097,0.3115237933429853,0.1579106832393517,0.5283026162610689,cell_carpet,0.0030075588529137913,0.30250392045315966,0.15184646496045365,0.5426420557334729
grass,figure_eight,27,0.476922323999926,7.684270952927669,7.684270952927669,rubber_carpet,0.004052039232314209,0.3050461431595918,0.6866559457636946,0.004245871844399383,rubber_carpet,0.004052039232314209,0.3050461431595918,0.6866559457636946,0.004245871844399383
grass,figure_eight,27,0.4772358604422647,7.739380022962112,7.711825487944891,rubber_carpet,0.004103745531430534,0.300658038118795,0.6909628093875475,0.004275406962226942,rubber_carpet,0.004077892381872373,0.30285209063919344,0.6888093775756211,0.004260639403313163
grass,figure_eight,29,0.5003118496719755,3.7118254879448895,3.7118254879448895,cell_carpet,0.054292408632414565,0.21540251418660303,0.09049644927625644,0.6398086279047259,cell_carpet,0.054292408632414565,0.21540251418660303,0.09049644927625644,0.6398086279047259
grass,figure_eight,29,0.500386604614797,3.8300803673938,3.770952927669345,cell_carpet,0.041247751831156775,0.22072666866197355,0.09294838559405298,0.6450771939128167,cell_carpet,0.04777008023178567,0.2180645914242883,0.09172241743515472,0.6424429109087713
grass,circle,31,0.5417269786172595,9.099885189437428,9.099885189437428,rubber_carpet,0.00650302430240654,0.15201726223568873,0.8349761139134456,0.006503599548459124,rubber_carpet,0.00650302430240654,0.15201726223568873,0.8349761139134456,0.006503599548459124
grass,circle,31,0.5413264354043689,9.63719862227325,9.368541905855338,rubber_carpet,0.007581367702112999,0.12242505312288694,0.8624120936772857,0.007581485497714418,rubber_carpet,0.007042196002259769,0.13722115767928783,0.8486941037953657,0.007042542523086771
grass,circle,31,0.5420168956094465,10.611940298507465,9.78300803673938,rubber_carpet,0.009776005603325507,0.086400911592571,0.8940470685469133,0.009776014257190088,rubber_carpet,0.008409100802792637,0.11181103463592942,0.8713705861711395,0.00840927839013843
grass,figure_eight,32,0.5516944995704989,6.949483352468428,6.949483352468428,grass,0.002613144952528212,0.4945525318786142,0.4884327484174384,0.01440157475141909,grass,0.002613144952528212,0.4945525318786142,0.4884327484174384,0.01440157475141909
grass,figure_eight,32,0.5518722514443906,7.998851894374283,7.474167623421355,rubber_carpet,0.0030131155259595214,0.4182970462463675,0.5738048754497229,0.004884962777950163,rubber_carpet,0.0028131302392438665,0.45642478906249084,0.5311188119335807,0.009643268764684626
grass,figure_eight,32,0.5518442280593957,8.019517795637197,7.65595101415997,rubber_carpet,0.0031972872715328475,0.38864071344327344,0.6040445212770589,0.004117478008134709,rubber_carpet,0.0030052087553883574,0.4225327512528822,0.5675816666053198,0.0068803733864096685
grass,figure_eight,32,0.5521445623772482,8.002296211251435,7.742537313432836,rubber_carpet,0.0032949955653671934,0.37423477184727144,0.6185276457657485,0.003942586821612907,rubber_carpet,0.0031501021603777754,0.3983837615500768,0.5930546561855341,0.005411480104011287
grass,figure_eight,33,0.5705634776391673,3.5212399540757757,3.5212399540757757,cell_carpet,0.24612506547336543,0.1582782267620003,0.05897765392528309,0.5366190538393512,cell_carpet,0.24612506547336543,0.1582782267620003,0.05897765392528309,0.5366190538393512
grass,figure_eight,33,0.5705679744884676,4.567164179104478,4.044202066590127,cell_carpet,0.02577821113869346,0.21217162490880026,0.07906596677789753,0.6829841971746087,cell_carpet,0.13595163830602947,0.18522492583540032,0.06902181035159032,0.60980162550698
grass,figure_eight,33,0.5705565395070008,3.7141216991963257,3.93417527745886,cell_carpet,0.044514633633461746,0.20365716744926013,0.07556639364307581,0.6762618052742024,cell_carpet,0.09023313596974561,0.19444104664233022,0.07229410199733306,0.6430317153905912
grass,figure_eight,33,0.570288009765259,3.4856486796785298,3.822043628013777,cell_carpet,0.07540957716420849,0.19423992902052697,0.07192408417451773,0.6584264096407468,cell_carpet,0.08282135656697705,0.1943404878314286,0.07210909308592539,0.650729062515669
grass,circle,34,0.6004104614257812,4.358208955223881,4.358208955223881,cell_carpet,0.00662190757627872,0.2293450526397592,0.08414789619196511,0.6798851435919969,cell_carpet,0.00662190757627872,0.2293450526397592,0.08414789619196511,0.6798851435919969
grass,circle,34,0.5999972820281982,3.712973593570609,4.035591274397245,cell_carpet,0.03395352791416968,0.20360351221775028,0.07313305221724413,0.689309907650836,cell_carpet,0.020287717745224202,0.21647428242875474,0.07864047420460463,0.6845975256214165
grass,circle,34,0.5999710559844971,3.7910447761194033,3.954075774971298,cell_carpet,0.05073408187169431,0.1974047791552549,0.07074556919993469,0.681115569773116,cell_carpet,0.035510899808459256,0.20693953079200483,0.07469302170226966,0.6828565476972663
grass,figure_eight,34,0.5960965466284494,8.685419058553386,8.685419058553386,rubber_carpet,0.004362792577953701,0.25056598709567557,0.7406915458171106,0.004379674509260203,rubber_carpet,0.01993684619320648,0.2287527589438402,0.40769228375969013,0.3436181111032633
grass,figure_eight,34,0.5960857670230372,7.621125143513203,8.153272101033295,rubber_carpet,0.0035153202205378325,0.33992658269412607,0.6528336988685414,0.0037243982167946797,rubber_carpet,0.011726083206872157,0.28433967081898315,0.5302629913141157,0.17367125466002897
grass,figure_eight,35,0.6122384425339865,3.195177956371986,3.195177956371986,linoleum,0.6420537457263965,0.08026460521552126,0.029234053876413448,0.24844759518166884,linoleum,0.6420537457263965,0.08026460521552126,0.029234053876413448,0.24844759518166884
grass,figure_eight,35,0.6120948138782396,3.7141216991963257,3.454649827784156,cell_carpet,0.40269586045119427,0.12432581886189968,0.04390866634038707,0.42906965434651884,linoleum,0.5223748030887954,0.10229521203871048,0.03657136010840026,0.33875862476409385
grass,figure_eight,37,0.647580805215048,8.28358208955224,8.28358208955224,rubber_carpet,0.003255506563389664,0.3741051373251744,0.6190670016562013,0.0035723544552344806,rubber_carpet,0.003255506563389664,0.3741051373251744,0.6190670016562013,0.0035723544552344806
grass,figure_eight,37,0.6476007042060803,7.814006888633753,8.048794489092996,rubber_carpet,0.003032028975415106,0.41539865678425103,0.5776868721555795,0.0038824420847544455,rubber_carpet,0.003143767769402385,0.3947518970547127,0.5983769369058904,0.0037273982699944632
grass,figure_eight,37,0.647568132673471,8.298507462686567,8.13203214695752,rubber_carpet,0.003106478573162934,0.40087821687629444,0.5923052612839443,0.0037100432665982653,rubber_carpet,0.0031251231712826595,0.39781505696550357,0.5953410990949174,0.003718720768296364
grass,figure_eight,37,0.647727655232274,8.106773823191734,8.125717566016075,rubber_carpet,0.003100651511334883,0.4019853920786147,0.5911936647945475,0.0037202916155029335,rubber_carpet,0.0031128873413087703,0.39990022452205903,0.5932673819447324,0.003719506191899648
grass,figure_eight,38,0.6604194222164275,4.143513203214695,4.143513203214695,cell_carpet,0.05194195335365466,0.17996067865389972,0.055764400908482156,0.7123329670839633,cell_carpet,0.05194195335365466,0.17996067865389972,0.055764400908482156,0.7123329670839633
grass,figure_eight,38,0.6604181036209916,3.332950631458094,3.7382319173363943,cell_carpet,0.2882880141204478,0.13667415183599485,0.043042319450592254,0.531995514592965,cell_carpet,0.17011498373705122,0.1583174152449473,0.049403360179537205,0.6221642408384642
grass,figure_eight,38,0.6604184552473457,3.1148105625717566,3.530424799081516,linoleum,0.4981951918839051,0.10102260080900184,0.03251777102269654,0.3682644362843966,cell_carpet,0.3341550878104782,0.1296700080269746,0.040960565601116876,0.49521433856143043
grass,figure_eight,38,0.6602186255380239,4.605051664753158,3.799081515499426,cell_carpet,0.23437623959105752,0.14576553660801003,0.045693674515471176,0.5741645492854613,cell_carpet,0.2842656637007679,0.13771777231749233,0.043327120058294026,0.5346894439234459
grass,figure_eight,39,0.6886861943798541,4.107921928817452,4.107921928817452,cell_carpet,0.07914765534155334,0.16952217433441058,0.050608365976117564,0.7007218043479185,cell_carpet,0.07914765534155334,0.16952217433441058,0.050608365976117564,0.7007218043479185
grass,figure_eight,39,0.6778329042946073,8.695752009184845,6.401836969001149,grass,0.002149780218888621,0.5449142937007,0.256886327865633,0.19604959821477838,cell_carpet,0.04064871778022098,0.35721823401755526,0.15374734692087527,0.44838570128134847
grass,figure_eight,39,0.6887030129070445,3.861079219288175,5.554917719096824,cell_carpet,0.001651432479029341,0.34745945704853554,0.12350678201280296,0.5273823284596322,cell_carpet,0.02115007512962516,0.3523388455330454,0.13862706446683912,0.4878840148704903
grass,figure_eight,39,0.6778215907969564,8.243398392652125,6.227037887485649,grass,0.0020491218199489318,0.5119376437506,0.22528141989543524,0.2607318145340159,grass,0.011599598474787046,0.4321382446418227,0.18195424218113718,0.3743079147022531
grass,figure_eight,41,0.7125052995179361,8.45235361653272,8.45235361653272,rubber_carpet,0.003000708467826921,0.427224071350923,0.566192967890002,0.003582252291248107,rubber_carpet,0.003000708467826921,0.427224071350923,0.566192967890002,0.003582252291248107
grass,figure_eight,41,0.7210243539490173,3.383467278989667,5.9179104477611935,cell_carpet,0.001795922927827402,0.3970961367136737,0.1387405266660163,0.4623674136924825,grass,0.0023983156978271613,0.41216010403229836,0.35246674727800914,0.2329748329918653
grass,figure_eight,41,0.7125243472072222,9.092996555683122,6.97627248373517,grass,0.0023699442755508865,0.5963433209853294,0.3164646184176354,0.08482211632148433,grass,0.002384129986689024,0.5042517125088138,0.3344656828478223,0.1588984746566748
grass,figure_eight,41,0.7210118329859717,3.900114810562572,6.20723306544202,grass,0.0019806353539103907,0.4744377668314266,0.1821376207783713,0.34144397703629153,grass,0.0021823826702997073,0.4893447396701202,0.25830165181309683,0.25017122584648316
grass,figure_eight,41,0.7125231607179819,7.892078071182548,6.544202066590126,grass,0.0021850974217076406,0.5506803565119779,0.24046919736013297,0.2066653487061815,grass,0.0021837400460036744,0.5200125480910491,0.24938542458661495,0.2284182872763324
grass,figure_eight,41,0.7210100938486836,3.107921928817451,5.97148871029468,cell_carpet,0.0018286628093169563,0.41142788771561095,0.14610965775233453,0.44063379172273764,grass,0.0020062014276603147,0.46572021790332996,0.19774754116947468,0.33452603949953497
grass,figure_eight,41,0.7126215994872017,8.236509758897817,6.295063145809414,grass,0.0020372714788109043,0.4966822980830109,0.1967990749004625,0.3044813555377157,grass,0.0020217364532356093,0.48120125799317043,0.1972733080349686,0.31950369751862534
grass,figure_eight,41,0.7209081895916991,3.4316877152698053,5.937141216991963,cell_carpet,0.0018075422014885208,0.4022222726298314,0.14134743948539263,0.4546227456832875,grass,0.001914639327362065,0.4417117653115009,0.1693103737601806,0.3870632216009564
grass,circle,42,0.741708191233226,10.326061997703787,10.326061997703787,rubber_carpet,0.005611372786579554,0.1332462976571033,0.8555309108440384,0.005611418712278727,rubber_carpet,0.005611372786579554,0.1332462976571033,0.8555309108440384,0.005611418712278727
grass,circle,42,0.7415815909677228,10.433983926521242,10.380022962112516,rubber_carpet,0.005749875149516482,0.12699155608727725,0.8615086610156598,0.005749907747546319,rubber_carpet,0.005680623968048018,0.1301189268721903,0.8585197859298491,0.005680663229912524
grass,figure_eight,42,0.739484574766215,4.061997703788749,4.061997703788749,cell_carpet,0.1957648627666354,0.13864081179382648,0.03731224159102732,0.6282820838485107,rubber_carpet,0.10072274336734173,0.1343798693330084,0.44791601376043827,0.3169813735392117
grass,figure_eight,42,0.7322370350443791,7.985074626865671,6.02353616532721,cell_carpet,0.0018321358497146141,0.4037653643374104,0.13687765705887223,0.45752484275400285,cell_carpet,0.05127743960852817,0.2690726168352094,0.2923968354096552,0.3872531081466073
grass,figure_eight,42,0.7394064071590487,3.866819747416762,5.304630692690394,cell_carpet,0.0016476463606621518,0.24451281672169842,0.06975103323047113,0.6840885036871682,cell_carpet,0.02646254298459516,0.2567927167784539,0.1810739343200632,0.5356708059168878
grass,figure_eight,42,0.7324017628730458,8.112514351320321,6.006601607347876,cell_carpet,0.0018216650076252536,0.3991365462376382,0.13461111469167386,0.4644306740630626,cell_carpet,0.014142103996110208,0.32796463150804606,0.15784252450586853,0.5000507399899752
grass,circle,43,0.7419928630166731,10.82893226176808,10.82893226176808,rubber_carpet,0.006633129924051826,0.09199200008711116,0.8947417372882642,0.006633132700572813,rubber_carpet,0.006633129924051826,0.09199200008711116,0.8947417372882642,0.006633132700572813
grass,figure_eight,43,0.7543532089379302,6.796785304247991,6.796785304247991,grass,0.0022807488669845865,0.575747249882772,0.2430804769996603,0.17889152425058313,rubber_carpet,0.004456939395518207,0.3338696249849416,0.5689111071439623,0.09276232847557797
grass,figure_eight,43,0.7543721428255379,9.634902411021814,8.215843857634903,grass,0.002732429036500423,0.5120666575619802,0.4796445377684837,0.005556375633035766,rubber_carpet,0.003594684216009315,0.42296814127346094,0.524277822456223,0.04915935205430687
grass,figure_eight,43,0.754360936259779,9.654420206659012,8.695369307309605,rubber_carpet,0.0030210500301045993,0.4267215215808253,0.5668318865761193,0.0034255418129508883,rubber_carpet,0.003307867123056956,0.424844831427143,0.545554854516171,0.026292446933628873
grass,figure_eight,43,0.7544434226619332,10.582089552238807,9.167049368541909,rubber_carpet,0.003444121572374789,0.3370277279838871,0.6560377289540082,0.003490421489730089,rubber_carpet,0.003375994347715873,0.380936279705515,0.6007962917350896,0.014891434211679482
grass,figure_eight,44,0.7595624610611272,4.1561423650975895,4.1561423650975895,cell_carpet,0.207198210865793,0.13003365090130112,0.03249928878593975,0.6302688494469662,cell_carpet,0.207198210865793,0.13003365090130112,0.03249928878593975,0.6302688494469662
grass,figure_eight,44,0.7701097041836942,5.073478760045925,4.614810562571757,cell_carpet,0.020734282844923485,0.1610676501043601,0.03923928817106574,0.7789587788796506,cell_carpet,0.11396624685535824,0.14555065050283061,0.03586928847850275,0.7046138141633084
grass,figure_eight,44,0.7661842953406865,7.898966704936854,5.709529276693456,cell_carpet,0.0016446121153131466,0.283036821157237,0.07814695736395261,0.6371716093634974,cell_carpet,0.057805429485335694,0.2142937358300338,0.05700812292122768,0.6708927117634029
grass,figure_eight,44,0.7595085722892146,4.9161882893226165,5.5111940298507465,cell_carpet,0.0016315422826422463,0.2457247671341803,0.06515191713537388,0.6874917734478037,cell_carpet,0.02971848588398897,0.23000925148210705,0.06108002002830078,0.6791922426056033
grass,figure_eight,44,0.7595165416800171,4.154994259471871,5.239954075774971,cell_carpet,0.0018859932879828224,0.20733322365509643,0.05265909102068638,0.7381216920362343,cell_carpet,0.015802239585985898,0.21867123756860174,0.056869555524493576,0.7086569673209189
grass,figure_eight,44,0.7701083951693561,5.120551090700344,5.220053578262533,cell_carpet,0.0019338332767989176,0.20504255931045137,0.05194311929212016,0.7410804881206295,cell_carpet,0.008868036431392407,0.21185689843952654,0.05440633740830687,0.7248687277207742
grass,figure_eight,44,0.7661790081196033,7.988518943742824,5.615548630474003,cell_carpet,0.0016283072856900945,0.2643383529995085,0.07152944873453905,0.6625038909802623,cell_carpet,0.0052481718585412505,0.2380976257195175,0.06296789307142296,0.6936863093505182
grass,figure_eight,44,0.7594473716840279,4.675086107921929,5.497990815154994,cell_carpet,0.001634102648043117,0.24352816486638212,0.06441297755846434,0.6904247549271104,cell_carpet,0.0034411372532921836,0.2408128952929498,0.06369043531494364,0.6920555321388143
grass,figure_eight,45,0.7778295290632927,2.647531572904706,2.647531572904706,linoleum,0.9785514708034383,0.008026897667916878,0.0035365414628403995,0.009885090065804522,linoleum,0.9785514708034383,0.008026897667916878,0.0035365414628403995,0.009885090065804522
grass,figure_eight,45,0.7802062816703912,5.43857634902411,4.043053960964409,cell_carpet,0.3777172911805374,0.10316996555431751,0.025472260397353928,0.4936404828677913,linoleum,0.6781343809919878,0.05559843161111718,0.01450440093009716,0.25176278646679784
grass,figure_eight,45,0.7841010449655627,6.012629161882893,4.6995790279372365,cell_carpet,0.017066733534305416,0.1576171202683156,0.03682027417645561,0.7884958720209234,cell_carpet,0.3476005572631466,0.10660777593971639,0.025662337553276383,0.5201293292438607
grass,figure_eight,45,0.7828335446341403,7.08036739380023,5.294776119402985,cell_carpet,0.0018892860773551622,0.2008146885166423,0.048742854007277604,0.748553171398725,cell_carpet,0.17474492167025088,0.15371123222817934,0.037202595780276994,0.6343412503212928
grass,figure_eight,45,0.7778364030806743,2.6808266360505164,4.771986222732491,cell_carpet,0.011496001039463598,0.16092310675278196,0.03761074149012528,0.7899701507176292,cell_carpet,0.09312046135485724,0.15731716949048064,0.03740666863520113,0.712155700519461
grass,figure_eight,45,0.7801776546651099,5.842709529276694,4.950440107156525,cell_carpet,0.004752464357003874,0.17077108168078348,0.04016320566820144,0.7843132482940113,cell_carpet,0.048936462855930556,0.16404412558563206,0.03878493715170128,0.7482344744067362
grass,figure_eight,45,0.777833202878178,4.0769230769230775,4.825651959980318,cell_carpet,0.008658699167765321,0.16358544223668578,0.03827633531736533,0.7894795232781835,cell_carpet,0.02879758101184794,0.16381478391115892,0.0385306362345333,0.7688569988424598
grass,figure_eight,45,0.7801801674256597,6.33524684270953,5.014351320321469,cell_carpet,0.003664238295989823,0.17511026694698517,0.0413468349765101,0.779878659780515,cell_carpet,0.01623090965391888,0.16946252542907203,0.039938735605521705,0.7743678293114874
grass,figure_eight,45,0.7840988381023115,6.510907003444317,5.180635285112897,cell_carpet,0.0022604678019034607,0.18892582682336598,0.04525501639532517,0.7635586889794054,cell_carpet,0.00924568872791117,0.17919417612621902,0.04259687600042344,0.7689632591454464
grass,figure_eight,45,0.7828323263626091,7.549942594718714,5.725347620870009,cell_carpet,0.0016453482628992822,0.2671286093616461,0.06978100622001346,0.6614450361554411,cell_carpet,0.005445518495405226,0.22316139274393257,0.05618894111021845,0.7152041476504438
grass,figure_eight,45,0.7778686753493149,2.772675086107922,5.429136369434877,cell_carpet,0.0017039403268183473,0.21765523237489448,0.05384201945102307,0.7267988078472641,cell_carpet,0.0035747294111117866,0.2204083125594135,0.05501548028062076,0.721001477748854
grass,figure_eight,45,0.7801514673745332,5.966704936854191,5.424033677765021,cell_carpet,0.001708086322868855,0.21695576856360088,0.05362678438465773,0.7277093607288725,cell_carpet,0.002641407866990321,0.2186820405615072,0.054321132332639244,0.7243554192388633
grass,circle,46,0.8007090091705322,3.5361653272101035,3.5361653272101035,linoleum,0.8732687308997044,0.02673490294451013,0.007494998340592538,0.09250136781519301,linoleum,0.8732687308997044,0.02673490294451013,0.007494998340592538,0.09250136781519301
grass,circle,46,0.7999780178070068,3.0516647531572905,3.293915040183697,linoleum,0.9390419648290673,0.015159050496533941,0.00472675909624894,0.04107222557814999,linoleum,0.9061553478643858,0.020946976720522037,0.006110878718420739,0.06678679669667151
grass,circle,46,0.8003497123718262,3.2123995407577493,3.266743207041715,linoleum,0.9434648223379412,0.014335890672708134,0.004530416156369458,0.03766887083298135,linoleum,0.9248100851011635,0.017641433696615087,0.005320647437395099,0.052227833764826426
grass,circle,54,0.9416913111978256,10.587830080367391,10.587830080367391,rubber_carpet,0.003638182178320525,0.3014924295914811,0.6912289878779153,0.003640400352283191,rubber_carpet,0.003638182178320525,0.3014924295914811,0.6912289878779153,0.003640400352283191
grass,circle,54,0.9415957053476058,11.606199770378876,11.097014925373134,rubber_carpet,0.004181678487352171,0.20411902312533495,0.7875175125929891,0.0041817857943239,rubber_carpet,0.003909930332836347,0.252805726358408,0.7393732502354521,0.003911093073303545
grass,circle,54,0.9420162757211408,13.061997703788748,11.752009184845006,rubber_carpet,0.005142962735082188,0.11072692288449973,0.878987150271722,0.005142964108696116,rubber_carpet,0.004526446533959267,0.18176632462145387,0.8091802002535871,0.0045270285909998305
grass,circle,57,1.0008506774902344,3.4408725602755457,3.4408725602755457,linoleum,0.9893015493547054,0.003267047814729737,0.0016734233546144828,0.005757979475950475,linoleum,0.9893015493547054,0.003267047814729737,0.0016734233546144828,0.005757979475950475
grass,circle,57,0.9999759197235109,3.4913892078071185,3.4661308840413323,linoleum,0.9888157620441691,0.003355491780519268,0.0016808739047170917,0.006147872270594453,linoleum,0.9890586556994372,0.0033112697976245024,0.0016771486296657872,0.005952925873272464
grass,circle,57,1.0003893375396729,3.607347876004592,3.513203214695752,linoleum,0.9877474774094962,0.003550309316015398,0.0017051611510329006,0.0069970521234553945,linoleum,0.9884030665544667,0.0034307895568199505,0.001691154890349344,0.006474988998363929
grass,circle,65,1.1417209227853498,13.149253731343284,13.149253731343284,rubber_carpet,0.0053339361612285315,0.07038578467012094,0.9189463429996635,0.005333936168987002,rubber_carpet,0.0053339361612285315,0.07038578467012094,0.9189463429996635,0.005333936168987002
grass,circle,65,1.1416374762826644,13.259471871412169,13.204362801377728,rubber_carpet,0.005423207915134848,0.06606761070023048,0.9230859734645024,0.005423207920132249,rubber_carpet,0.00537857203818169,0.06822669768517571,0.9210161582320829,0.005378572044559626
grass,circle,65,1.1420384963327133,13.043628013777267,13.15078453884424,rubber_carpet,0.005336369299415903,0.07026231525165595,0.9190649461418476,0.00533636930708052,rubber_carpet,0.005357470668798798,0.06924450646841585,0.9200405521869653,0.005357470675820074
grass,circle,69,1.2004103660583496,6.747416762342136,6.747416762342136,cell_carpet,0.002002487888095049,0.10359150962905443,0.009757332607756046,0.8846486698750945,cell_carpet,0.002002487888095049,0.10359150962905443,0.009757332607756046,0.8846486698750945
grass,circle,69,1.200003147125244,6.470723306544201,6.609070034443169,cell_carpet,0.0021294035819498197,0.0938194750513205,0.008954430042681085,0.8950966913240487,cell_carpet,0.0020659457350224344,0.09870549234018747,0.009355881325218566,0.8898726805995716
grass,circle,69,1.2007231712341309,6.05625717566016,6.424799081515499,cell_carpet,0.0024158518936064468,0.08412527730622164,0.008301036017877725,0.9051578347822942,cell_carpet,0.0022408988143144404,0.09141538482320455,0.008828458671548144,0.8975152576909329
grass,circle,77,1.3417443354898175,13.568312284730196,13.568312284730196,rubber_carpet,0.004735170617236424,0.09950348235502708,0.8910261763943853,0.004735170633351091,rubber_carpet,0.004735170617236424,0.09950348235502708,0.8910261763943853,0.004735170633351091
grass,circle,77,1.3415962775521957,13.815154994259473,13.691733639494837,rubber_carpet,0.004859123335405236,0.08612582829179465,0.9041559250313793,0.004859123341420749,rubber_carpet,0.004797146976320831,0.09281465532341088,0.8975910507128825,0.004797146987385921
grass,circle,77,1.3420044501596176,13.369690011481056,13.58438576349024,rubber_carpet,0.004750779507267616,0.09766639567035384,0.8928320453009223,0.004750779521456158,rubber_carpet,0.0047739632417942235,0.09524052549688236,0.8952115480069024,0.004773963254421039
grass,circle,80,1.400022268295288,9.742824339839268,9.742824339839268,grass,0.0032965781504224727,0.8137011576439603,0.14435690070844417,0.038645363497173006,grass,0.0032965781504224727,0.8137011576439603,0.14435690070844417,0.038645363497173006
grass,circle,80,1.3999629020690918,9.02870264064294,9.385763490241104,grass,0.0034231085468772,0.7796670817236941,0.11113923982658358,0.10577056990284515,grass,0.0033598433486498364,0.7966841196838272,0.1277480702675139,0.07220796670000908
grass,circle,80,1.400618553161621,9.140068886337543,9.303865288939916,grass,0.00343442778707013,0.7624412612873905,0.10374198503677758,0.13038232588876184,grass,0.003397135567859983,0.7795626904856089,0.11574502765214573,0.10129514629438546
grass,circle,88,1.541707666712352,11.91963260619977,11.91963260619977,grass,0.0034616353108418213,0.49918486910909604,0.4938885931256376,0.0034649024544245086,grass,0.0034616353108418213,0.49918486910909604,0.4938885931256376,0.0034649024544245086
grass,circle,88,1.541707666712352,12.0459242250287,11.982778415614234,rubber_carpet,0.0034965815715080856,0.4828671383496899,0.5101374160456922,0.0034988640331098404,rubber_carpet,0.003479108441174953,0.491026003729393,0.5020130045856649,0.0034818832437671747
grass,circle,88,1.541999252634593,12.014925373134329,11.993494068120931,rubber_carpet,0.0035025979521239605,0.48008318049717735,0.5129094769738131,0.003504744576885737,rubber_carpet,0.0034908531966494566,0.48555459211328517,0.507461240779739,0.0034933139103264558
grass,circle,92,1.5998003482818604,11.86796785304248,11.86796785304248,grass,0.0034466964164135173,0.5007343990594967,0.49236847963104247,0.0034504248930472096,grass,0.0034466964164135173,0.5007343990594967,0.49236847963104247,0.0034504248930472096
grass,circle,92,1.5999431610107422,12.24110218140069,12.054535017221584,rubber_carpet,0.003551864926432991,0.4523778837238173,0.5405171055328156,0.003553145816934057,rubber_carpet,0.0034992806714232542,0.47655614139165703,0.516442792581929,0.0035017853549906336
grass,circle,92,1.600533962249756,11.597014925373136,11.90202831993877,rubber_carpet,0.0034653341895080543,0.4919956791350347,0.5010705747820609,0.003468411893396214,rubber_carpet,0.003482307430465654,0.4842759102633459,0.508756683681995,0.003485098624193424
grass,circle,100,1.7416857798867904,8.832376578645235,8.832376578645235,grass,0.0032534374440755633,0.6505103083343022,0.08185820292866389,0.2643780512929582,grass,0.0032534374440755633,0.6505103083343022,0.08185820292866389,0.2643780512929582
grass,circle,100,1.7416042407327377,9.33065442020666,9.081515499425947,grass,0.0033399869537330627,0.7357223481050237,0.10525369001454077,0.1556839749267025,grass,0.003296712198904313,0.693116328219663,0.09355594647160233,0.21003101310983036
grass,circle,100,1.742018850641795,8.817451205510906,8.993494068120933,grass,0.0033242805377732333,0.7096435107198628,0.0968784691675868,0.19015373957477727,grass,0.003310496368338773,0.7013799194697629,0.09521720781959456,0.2000923763423038
grass,circle,103,1.799894094467163,13.331802525832376,13.331802525832376,rubber_carpet,0.004788771867150469,0.09810742956863945,0.89231502667059,0.004788771893619994,rubber_carpet,0.004788771867150469,0.09810742956863945,0.89231502667059,0.004788771893619994
grass,circle,103,1.7999646663665771,10.51435132032147,11.923076923076923,rubber_carpet,0.0036495035828491536,0.3648551098468945,0.6278454175743982,0.003649968995858173,rubber_carpet,0.004219137724999812,0.231481269707767,0.7600802221224942,0.004219370444739084
grass,circle,103,1.8001246452331543,11.322617680826635,11.722923842326828,rubber_carpet,0.0035223210158235713,0.4151084725516494,0.5778453632111396,0.0035238432213875108,rubber_carpet,0.0038707293704116907,0.3232948711297082,0.6689627926668168,0.003871606833063297
grass,circle,111,1.9417006095224103,6.955223880597015,6.955223880597015,cell_carpet,0.0018629240153720857,0.1755622254143279,0.019904937518135386,0.8026699130521646,cell_carpet,0.0018629240153720857,0.1755622254143279,0.019904937518135386,0.8026699130521646
grass,circle,111,1.9415957053476056,7.099885189437429,7.027554535017222,cell_carpet,0.001882198928790314,0.1889497057730586,0.021694471165023436,0.7874736241331276,cell_carpet,0.0018725614720812,0.18225596559369328,0.020799704341579416,0.7950717685926462
grass,circle,111,1.9420255740457253,6.718714121699197,6.92460773057788,cell_carpet,0.001857281026379484,0.17030501823221192,0.01921515604015303,0.8086225447012556,cell_carpet,0.001864921249230342,0.17628049191295259,0.020007430190866225,0.8018471566469509
grass,circle,115,1.9998276233673096,11.115958668197475,11.115958668197475,rubber_carpet,0.0036150184450067712,0.3209964321218031,0.671772358877955,0.0036161905552352528,rubber_carpet,0.0036150184450067712,0.3209964321218031,0.671772358877955,0.0036161905552352528
grass,circle,115,1.9999649524688723,11.366245694603904,11.24110218140069,rubber_carpet,0.003717762252507044,0.2935719610030003,0.6989919534276604,0.0037183233168321273,rubber_carpet,0.0036663903487569073,0.3072841965624017,0.6853821561528077,0.00366725693603369
grass,circle,115,1.999974012374878,12.003444316877152,11.495216226559512,rubber_carpet,0.003944148589164167,0.2409169627350366,0.7511946216797205,0.003944266996078591,rubber_carpet,0.0038052694689605375,0.2741005796487192,0.7182883889162642,0.0038057619660561413
grass,circle,123,2.1416775306039533,4.834672789896671,4.834672789896671,cell_carpet,0.05614157204579442,0.1190296910297378,0.021433915194802453,0.8033948217296654,cell_carpet,0.05614157204579442,0.1190296910297378,0.021433915194802453,0.8033948217296654
grass,circle,123,2.1415978987985334,4.389207807118256,4.611940298507463,cell_carpet,0.18025033011297237,0.10655823988018548,0.02011640166032681,0.6930750283465154,cell_carpet,0.1181959510793834,0.11279396545496165,0.02077515842756463,0.7482349250380904
grass,circle,123,2.1420299132638654,4.269804822043628,4.497895139686185,cell_carpet,0.29433557799909865,0.09455924018164169,0.0184343873554218,0.5926707944638379,cell_carpet,0.20626576453924103,0.10367660281830167,0.019604772891493216,0.6704528597509641
grass,circle,126,2.2000534534454346,10.99081515499426,10.99081515499426,rubber_carpet,0.0049596517609183585,0.14059256312533336,0.8494881135534604,0.004959671560287868,rubber_carpet,0.0049596517609183585,0.14059256312533336,0.8494881135534604,0.004959671560287868
grass,circle,126,2.1999547481536865,10.846153846153843,10.918484500574053,rubber_carpet,0.004830561368793136,0.1502141367540879,0.8401247088401084,0.004830593037010636,rubber_carpet,0.004895106564855747,0.14540334993971063,0.8448064111967843,0.004895132298649252
grass,circle,126,2.200031042098999,10.388059701492535,10.741676234213548,rubber_carpet,0.004538173719233445,0.17563589975343447,0.8152876555759221,0.004538270951410008,rubber_carpet,0.004716640142044596,0.16051962484657256,0.8300470333863532,0.00471670162502963
grass,circle,134,2.34172240098054,3.4971297359357063,3.4971297359357063,linoleum,0.6997989407933236,0.0615976647241538,0.018413986599051146,0.22018940788347147,linoleum,0.6997989407933236,0.0615976647241538,0.018413986599051146,0.22018940788347147
grass,circle,134,2.3416170199685773,2.994259471871412,3.245694603903559,linoleum,0.8506324994927537,0.034813375469732497,0.011056481685373742,0.10349764335214012,linoleum,0.7752157201430386,0.04820552009694315,0.014735234142212443,0.1618435256178058
grass,circle,134,2.3420280535989484,3.788748564867968,3.4267125908916958,linoleum,0.7524722929019638,0.05246594070973957,0.015923845438172803,0.1791379209501238,linoleum,0.7638440065225012,0.050335730403341356,0.015329539790192623,0.1704907232839648
grass,figure_eight,135,2.3574932486806817,7.042479908151551,7.042479908151551,grass,0.0024009282049930305,0.5899965783378747,0.34866204240698245,0.05894045105014973,grass,0.0024009282049930305,0.5899965783378747,0.34866204240698245,0.05894045105014973
grass,figure_eight,135,2.358761325166866,8.101033295063147,7.571756601607347,grass,0.0025718634602127917,0.547597033733808,0.43549642422423207,0.014334678581747138,grass,0.0024863958326029113,0.5687968060358414,0.39207923331560735,0.03663756481594844
grass,figure_eight,135,2.3637509789617424,2.504018369690012,5.88251052430157,cell_carpet,0.0018017343676499616,0.40916949501607763,0.15016898011526592,0.43885979050100643,grass,0.0021440651001264363,0.48898315052595953,0.27112410671543663,0.23774867765847743
grass,figure_eight,135,2.361419920902464,5.361653272101033,5.752296211251435,cell_carpet,0.0017263923570488625,0.37560928958575607,0.132667399576789,0.4899969184804061,grass,0.0019352287285876494,0.43229622005585777,0.2018957531461128,0.3638727980694418
grass,figure_eight,135,2.357494457023901,6.599311136624569,5.921699196326062,cell_carpet,0.0018258433618717237,0.41944492511576514,0.1558205995104036,0.4229086320119595,grass,0.0018805360452296867,0.42587057258581146,0.1788581763282582,0.39339071504070067
grass,figure_eight,135,2.3587614302245314,8.685419058553386,6.38231917336395,grass,0.0021157151934870946,0.5311325996388625,0.23236522762699016,0.23438645754066023,grass,0.001998125619358391,0.47850158611233695,0.20561170197762418,0.31388858629068045
grass,figure_eight,135,2.357482376706192,6.580941446613089,6.410693783828113,grass,0.002132028878195556,0.5366633776679549,0.23745830748956054,0.223746285964289,grass,0.002065077248776973,0.507582481890146,0.22153500473359236,0.2688174361274847
grass,figure_eight,135,2.358766454509793,7.693455797933409,6.571039035591275,grass,0.0022172546273848473,0.5631976926024668,0.26638577955357623,0.16819927321657224,grass,0.00214116593808091,0.5353900872463063,0.24396039214358423,0.21850835467202842
grass,figure_eight,135,2.363758105087391,2.52353616532721,6.121316494450823,grass,0.0019535581472240778,0.47129284983362807,0.1870579468399107,0.33969564517923717,grass,0.002047362042652494,0.5033414685399672,0.21550916949174748,0.2791019999256328
grass,figure_eight,135,2.36141483339458,6.138920780711825,6.020921035846409,grass,0.0018887162055094375,0.4454686835709294,0.17086722397344842,0.3817753762501128,grass,0.0019680391240809655,0.4744050760554483,0.19318819673259796,0.3304386880878728
grass,figure_eight,135,2.3575026917164603,6.583237657864523,5.852277076157673,cell_carpet,0.001783522831566571,0.40127877910015586,0.1459277958908126,0.451009902177465,grass,0.0018757809778237682,0.43784192757780205,0.16955799631170526,0.39072429513266893
grass,figure_eight,135,2.358737386794746,7.430539609644087,6.399668325041459,grass,0.0021257304144250517,0.5345419288870134,0.2354773052351,0.2278550354634616,grass,0.0020007556961244097,0.4861919282324077,0.2025176507734026,0.3092896652980653
grass,figure_eight,136,2.3714828970467488,6.215843857634902,6.215843857634902,grass,0.002041785773711362,0.5096734946888175,0.22322859080591478,0.26505612873155615,grass,0.002041785773711362,0.5096734946888175,0.22322859080591478,0.26505612873155615
grass,figure_eight,136,2.37541571330862,7.498277841561424,6.857060849598163,grass,0.0023507552090100917,0.5838204623617625,0.33801289143679764,0.07581589099242972,grass,0.002196270491360727,0.5467469785252902,0.28062074112135627,0.17043600986199295
grass,figure_eight,136,2.3820931264348792,5.2594718714121695,6.3245311902028325,grass,0.002106374468815281,0.5314785763385074,0.2427958232834453,0.22361922590923203,grass,0.002151322480088004,0.5391127774318988,0.2617082822024008,0.1970276178856125
grass,figure_eight,136,2.3714863006002447,6.929965556831228,6.475889781859931,grass,0.0021884480997293207,0.5561063675459624,0.27034913227974045,0.17135605207456783,grass,0.002169885289908662,0.5476095724889306,0.26602870724107064,0.18419183498009017
grass,figure_eight,136,2.3754166881877032,9.138920780711825,7.008495981630309,grass,0.0024025701160806006,0.5817943972176379,0.36365154177027054,0.05215149089601104,grass,0.0022862277029946313,0.5647019848532843,0.31484012450567056,0.1181716629380506
grass,figure_eight,136,2.371481823700808,6.582089552238807,6.937428243398393,grass,0.0023787452424901194,0.5835672534535722,0.3517039324616281,0.062350068842309515,grass,0.0023324864727423756,0.5741346191534282,0.33327202848364934,0.09026086589018006
grass,figure_eight,136,2.375420735693699,7.856486796785304,7.068722322453666,grass,0.0024223831611717124,0.5792420966047349,0.3736757805093429,0.04465973972475034,grass,0.002377434816957044,0.5766883578790816,0.3534739044964961,0.0674603028074652
grass,figure_eight,136,2.3820811705865577,4.764638346727899,6.780711825487945,grass,0.0023226588551893564,0.5822073333853406,0.3248120490317815,0.0906579587276886,grass,0.0023500468360732,0.5794478456322111,0.33914297676413885,0.0790591307675769
grass,figure_eight,136,2.3715292981063256,5.205510907003444,6.605689501211889,grass,0.0022505043061772623,0.5711573930625429,0.2938344237191923,0.13275767891208762,grass,0.002300275571125232,0.575302619347377,0.3164887002416656,0.10590840483983227
grass,figure_eight,136,2.375369835087737,7.22158438576349,6.717438448781732,grass,0.0022979505957601157,0.5794222936735692,0.3137244225789547,0.10455533315171582,grass,0.002299113083442674,0.5773624565104731,0.3151065614103101,0.10523186899577405
grass,figure_eight,137,2.3872128242681563,10.545350172215842,10.545350172215842,rubber_carpet,0.008441153142464995,0.07578954065392811,0.9073281515829256,0.008441154620681261,rubber_carpet,0.008441153142464995,0.07578954065392811,0.9073281515829256,0.008441154620681261
grass,figure_eight,137,2.387223226144542,9.933409873708383,10.239380022962113,rubber_carpet,0.007130615663998441,0.10016240553108598,0.8855763516030656,0.007130627201849953,rubber_carpet,0.007785884403231719,0.08797597309250706,0.8964522515929957,0.007785890911265607
grass,circle,138,2.3998472690582275,12.12743972445465,12.12743972445465,rubber_carpet,0.028234751445262274,0.03567861780123705,0.9078518793082349,0.028234751445265726,rubber_carpet,0.028234751445262274,0.03567861780123705,0.9078518793082349,0.028234751445265726
grass,circle,138,2.4000163078308105,10.768082663605052,11.447761194029852,rubber_carpet,0.01671227105729488,0.03657020030269234,0.9300052575816828,0.01671227105832988,rubber_carpet,0.02247351125127858,0.0361244090519647,0.918928568444959,0.022473511251797806
grass,circle,138,2.400005340576172,10.532721010332953,11.142747799464216,rubber_carpet,0.013481650826963171,0.043116939567082915,0.9299197587677314,0.01348165083822268,rubber_carpet,0.017977581039120873,0.0396206743095238,0.9244241636063449,0.01797758104501024
grass,figure_eight,138,2.402177382671548,3.881745120551091,3.881745120551091,cell_carpet,0.13826963382956264,0.1665031536594061,0.05352937899759509,0.6416978335134361,rubber_carpet,0.07812360743434175,0.10306191398446495,0.48897677130197004,0.3298377072792232
grass,figure_eight,138,2.409194510194065,8.329506314580941,6.105625717566016,grass,0.002029766111621064,0.5125194834676852,0.24434805079615876,0.24110269962453496,rubber_carpet,0.04007668677298141,0.30779069872607506,0.3666624110490644,0.28547020345187907
grass,figure_eight,138,2.402186913634851,3.923076923076923,5.378109452736318,cell_carpet,0.0016120538542797765,0.34546470447124056,0.13095850784679416,0.5219647338276854,cell_carpet,0.020844370313630595,0.3266277015986579,0.24881045944792932,0.40371746863978225
grass,figure_eight,138,2.409193062385931,8.516647531572906,6.162743972445465,grass,0.002063623612644033,0.5229104390497966,0.25485324868339493,0.2201726886541643,grass,0.011453996963137314,0.4247690703242273,0.2518318540656621,0.3119450786469733
grass,figure_eight,138,2.402176048426597,3.5614236509758896,5.64247990815155,cell_carpet,0.0017431708892140928,0.40740096752503546,0.1660135582616979,0.42484230332405265,grass,0.006598583926175704,0.41608501892463134,0.20892270616368,0.368393690985513
grass,figure_eight,138,2.409193114092969,9.049368541905856,6.210294680443934,grass,0.002091002956467094,0.5308763454067308,0.26364014922501344,0.20339250241178866,grass,0.004344793441321399,0.47348068216568107,0.23628142769434674,0.2858930966986508
grass,figure_eight,138,2.402271931977648,4.019517795637198,5.897326554042972,grass,0.0019002458110508617,0.46844649540021244,0.20712235929041867,0.32253089949831804,grass,0.0031225196261861305,0.47096358878294675,0.2217018934923827,0.3042119980984844
grass,figure_eight,138,2.409087279407418,8.606199770378876,6.235935706084961,grass,0.0021054338732297106,0.5348977358372236,0.2683856543846785,0.1946111759048683,grass,0.0026139767497079204,0.5029306623100851,0.2450437739385306,0.24941158700167637
grass,figure_eight,139,2.429104968062695,9.567164179104475,9.567164179104475,rubber_carpet,0.005835944587293381,0.15139675368899794,0.8369310553473988,0.005836246376309977,rubber_carpet,0.005835944587293381,0.15139675368899794,0.8369310553473988,0.005836246376309977
grass,figure_eight,139,2.4205952562904383,3.805970149253731,6.686567164179104,grass,0.002339030812098086,0.5641514952619243,0.3701094518243215,0.0634000221016561,rubber_carpet,0.0040874876996957335,0.35777412447546114,0.6035202535858601,0.03461813423898304
grass,figure_eight,139,2.4290723654731976,9.025258323765788,7.466130884041331,rubber_carpet,0.002693103027493775,0.4900823226420894,0.4987681228947057,0.008456451435711184,rubber_carpet,0.0033902953635947548,0.4239282235587753,0.551144188240283,0.021537292837347115
grass,figure_eight,139,2.420582733656376,4.702640642939151,6.775258323765787,grass,0.0023747499089058375,0.5615484244957032,0.3851891820770405,0.050887643518350546,grass,0.0028825226362502957,0.49273832402723916,0.46816668515866167,0.036212468177848824
grass,figure_eight,141,2.452878776603433,3.484500574052813,3.484500574052813,cell_carpet,0.32249742774884493,0.14177788340393582,0.05121189255158013,0.4845127962956391,cell_carpet,0.32249742774884493,0.14177788340393582,0.05121189255158013,0.4845127962956391
grass,figure_eight,141,2.463794409272796,9.588978185993112,6.536739380022962,grass,0.0023251391696726066,0.5517809910931896,0.3838267005699749,0.06206716916716284,grass,0.16241128345925876,0.3467794372485627,0.21751929656077754,0.273289982731401
grass,figure_eight,141,2.452909138438768,3.8105625717566016,5.628013777267508,grass,0.0018231923938622776,0.4537635210006355,0.21773075914712298,0.32668252745837917,grass,0.08211723792656053,0.40027147912459915,0.2176250278539503,0.29998625509489013
grass,figure_eight,141,2.463777994682105,7.157290470723306,6.010332950631458,grass,0.0020585534418373283,0.5229073670296468,0.28813928304842973,0.1868947964800862,grass,0.042087895684198934,0.461589423077123,0.25288215545119,0.24344052578748815
grass,figure_eight,141,2.4529013985728896,3.9483352468427095,5.597933409873709,grass,0.0018044557754381132,0.44724837893802616,0.21251619894687274,0.3384309663396631,grass,0.021946175729818523,0.45441890100757454,0.23269917719903138,0.29093574606357564
grass,figure_eight,141,2.46381249907122,9.097588978185993,6.181209337925755,grass,0.002153341555382522,0.5415981417671991,0.32015754367999827,0.13609097299742015,grass,0.012049758642600522,0.4980085213873868,0.2764283604395148,0.21351335953049788
grass,figure_eight,141,2.453061485373599,3.842709529276693,5.847137936690175,grass,0.0019605133721825652,0.4972600042684943,0.2574711700517547,0.24330831230756841,grass,0.0070051360073915435,0.49763426282794054,0.26694976524563474,0.22841083591903316
grass,figure_eight,141,2.463603351369608,8.882893226176808,6.226607347876005,grass,0.002177024134663314,0.5450420394073618,0.3285492927473799,0.1242316437105949,grass,0.00459108007102743,0.5213381511176512,0.29774952899650736,0.17632123981481407
grass,figure_eight,142,2.4812016271732587,3.520091848450057,3.520091848450057,cell_carpet,0.24690094043288882,0.158584014941808,0.058881716911729165,0.5356333277135741,cell_carpet,0.24690094043288882,0.158584014941808,0.058881716911729165,0.5356333277135741
grass,figure_eight,142,2.481181934274169,3.5396096440872555,3.5298507462686564,cell_carpet,0.23916493671721867,0.16007292776376608,0.05940697189459635,0.541355163624419,cell_carpet,0.24303293857505376,0.15932847135278705,0.059144344403162755,0.5384942456689965
grass,figure_eight,143,2.49416772852454,8.289322617680826,8.289322617680826,rubber_carpet,0.004093695276128534,0.28193878744180734,0.7098159000460061,0.0041516172360580045,rubber_carpet,0.004093695276128534,0.28193878744180734,0.7098159000460061,0.0041516172360580045
grass,figure_eight,143,2.4939995520703606,9.244546498277842,8.766934557979333,rubber_carpet,0.005107966861559587,0.2075802496208613,0.7821985166576556,0.0051132668599234736,rubber_carpet,0.00460083106884406,0.24475951853133432,0.7460072083518309,0.004632442047990739
grass,figure_eight,145,2.5294828790429267,4.195177956371986,4.195177956371986,cell_carpet,0.006323212663307371,0.2518149719770584,0.10574995403096679,0.6361118613286675,cell_carpet,0.006323212663307371,0.2518149719770584,0.10574995403096679,0.6361118613286675
grass,figure_eight,145,2.5294868391309286,3.557979334098737,3.8765786452353614,cell_carpet,0.03053581561516999,0.22265736934952318,0.09104661515140162,0.6557601998839052,cell_carpet,0.01842951413923868,0.23723617066329078,0.09839828459118422,0.6459360306062863
grass,figure_eight,145,2.52946263959372,3.7657864523536166,3.83964791427478,cell_carpet,0.03653049698693256,0.21952918450721942,0.08959808934739051,0.6543422291584576,cell_carpet,0.02748000556308562,0.2283826775852551,0.09399818696928736,0.650139129882372
grass,figure_eight,145,2.529741188891325,3.768082663605052,3.821756601607348,cell_carpet,0.03980466434245669,0.21800240150209416,0.08890158119392162,0.6532913529615275,cell_carpet,0.03364233495277116,0.22319253954367463,0.09144988408160448,0.6517152414219498
grass,circle,146,2.5417329390817365,4.453501722158439,4.453501722158439,cell_carpet,0.002132686164826425,0.2945979938800026,0.13322751637624042,0.5700418035789306,cell_carpet,0.002132686164826425,0.2945979938800026,0.13322751637624042,0.5700418035789306
grass,circle,146,2.5416232665353498,4.841561423650975,4.647531572904708,cell_carpet,0.0016313630967786314,0.32555956853946866,0.15267341535723622,0.5201356530065164,cell_carpet,0.0018820246308025282,0.31007878120973564,0.14295046586673832,0.5450887282927235
grass,circle,146,2.541882904367992,5.411021814006888,4.902028319938768,cell_carpet,0.001573220845497542,0.37271660755777725,0.18519761300130627,0.4405125585954188,cell_carpet,0.0017276227381500353,0.3413976943837565,0.16407403943402232,0.4928006434440712
grass,figure_eight,146,2.545536884316634,9.136624569460391,9.136624569460391,rubber_carpet,0.00773201995093108,0.1281393738980279,0.8563963746530638,0.007732231497977132,rubber_carpet,0.004729821344540558,0.23476853414089222,0.5102352070435431,0.2502664374710242
grass,figure_eight,146,2.545526455023312,8.350172215843857,8.743398392652125,rubber_carpet,0.0061589016586091,0.17377090192722705,0.8139093008596205,0.006160895554543364,rubber_carpet,0.0054443615015748285,0.20426971803405963,0.6620722539515818,0.12821366651278376
grass,figure_eight,146,2.545535243726222,8.478760045924226,8.655185610409491,rubber_carpet,0.005867645336892263,0.18531548956420343,0.8029460021269001,0.0058708629720041535,rubber_carpet,0.005656003419233545,0.19479260379913155,0.732509128039241,0.06704226474239396
grass,figure_eight,146,2.545274754152473,7.8059701492537314,8.442881745120552,rubber_carpet,0.005242370999177304,0.21483526463539615,0.7746701842279367,0.005252180137489821,rubber_carpet,0.005449187209205425,0.20481393421726385,0.7535896561335889,0.03614722243994189
grass,figure_eight,147,2.5710684942167616,3.568312284730195,3.568312284730195,cell_carpet,0.08424230116297614,0.20935244055007393,0.09002406829180903,0.6163811899951408,cell_carpet,0.08424230116297614,0.20935244055007393,0.09002406829180903,0.6163811899951408
grass,figure_eight,147,2.571025578465635,3.719862227324914,3.6440872560275546,cell_carpet,0.06063111686885993,0.21694523710360566,0.09347718276613468,0.6289464632613997,cell_carpet,0.07243670901591805,0.21314883882683983,0.09175062552897187,0.6226638266282704
grass,figure_eight,148,2.589685410620345,7.928817451205512,7.928817451205512,rubber_carpet,0.0045566008027391,0.26580372918091033,0.7250190192068983,0.004620650809452323,rubber_carpet,0.0045566008027391,0.26580372918091033,0.7250190192068983,0.004620650809452323
grass,figure_eight,148,2.589709193495615,9.559127439724456,8.743972445464983,rubber_carpet,0.007109405729352439,0.15328618815626863,0.8324940327404795,0.007110373373899345,rubber_carpet,0.00583300326604577,0.2095449586685895,0.7787565259736889,0.005865512091675835
grass,circle,149,2.600070238113404,10.882893226176808,10.882893226176808,rubber_carpet,0.03773045597925996,0.049487225958575916,0.8750518620826557,0.0377304559795084,rubber_carpet,0.03773045597925996,0.049487225958575916,0.8750518620826557,0.0377304559795084
grass,circle,149,2.5999786853790283,10.101033295063148,10.491963260619976,rubber_carpet,0.027170250814498524,0.04752977046348784,0.898129727901938,0.02717025082007565,rubber_carpet,0.03245035339687924,0.04850849821103188,0.8865907949922969,0.03245035339979203
grass,circle,149,2.599990129470825,9.827784156142366,10.270570225794108,rubber_carpet,0.022688255409334255,0.049879632604977714,0.9047438565464138,0.022688255439274326,rubber_carpet,0.027569304403106745,0.04919406540800479,0.8956673257693553,0.027569304419533175
grass,figure_eight,151,2.641228632917516,3.855338691159586,3.855338691159586,cell_carpet,0.010532656122718526,0.2670863107394679,0.1312875732418295,0.591093459895984,cell_carpet,0.010532656122718526,0.2670863107394679,0.1312875732418295,0.591093459895984
grass,figure_eight,151,2.641167086965452,4.43857634902411,4.146957520091848,cell_carpet,0.0029916923033503785,0.3027842950964119,0.15488794845379486,0.5393360641464429,cell_carpet,0.006762174213034452,0.2849353029179399,0.14308776084781216,0.5652147620212135
grass,figure_eight,151,2.64120318632024,4.555683122847302,4.283199387677,cell_carpet,0.002060367501732845,0.32269255077011344,0.16905264704063233,0.5061944346875215,cell_carpet,0.004411270857383649,0.30381392684402664,0.15607020394422225,0.5357045983543675
grass,figure_eight,151,2.6415753581650177,3.5384615384615388,4.097014925373134,cell_carpet,0.003583429342021497,0.29601494044487336,0.15023274981351692,0.5501688803995883,cell_carpet,0.003997350099702572,0.29991443364445,0.15315147687886957,0.5429367393769778
grass,figure_eight,153,2.664408327918668,8.20321469575201,8.20321469575201,rubber_carpet,0.007272174504590133,0.17303356214319401,0.8124184323790397,0.007275830973176193,rubber_carpet,0.007272174504590133,0.17303356214319401,0.8124184323790397,0.007275830973176193
grass,figure_eight,153,2.66436152392894,8.439724454649827,8.321469575200918,rubber_carpet,0.007839704886033643,0.15897647458041456,0.8253421795830842,0.00784164095046774,rubber_carpet,0.007555939695311888,0.16600501836180429,0.8188803059810619,0.007558735961821966
grass,figure_eight,153,2.664368789167572,7.979334098737085,8.20742441637964,rubber_carpet,0.007291435324779381,0.17251970103771483,0.812893852683382,0.007295010954123688,rubber_carpet,0.007423687510045634,0.16926235969975956,0.8158870793322219,0.007426873457972827
grass,figure_eight,153,2.664014130837652,7.567164179104477,8.04735935706085,rubber_carpet,0.006604194408204611,0.19271951426016948,0.7940638507741306,0.00661244055749532,rubber_carpet,0.007013940959125123,0.18099093697996452,0.8049754650531762,0.007019657007734073
grass,figure_eight,155,2.700683088721932,4.532721010332951,4.532721010332951,grass,0.0016242113471523385,0.40102740432344886,0.25199204433165034,0.34535633999774834,grass,0.0016242113471523385,0.40102740432344886,0.25199204433165034,0.34535633999774834
grass,figure_eight,155,2.701056912680033,4.427095292766935,4.479908151549942,grass,0.001614928693687601,0.3922865305785156,0.24313732221310771,0.36296121851468904,grass,0.0016195700204199703,0.39665696745098233,0.24756468327237907,0.35415877925621875
grass,figure_eight,156,2.7278407840424013,8.355912743972446,8.355912743972446,rubber_carpet,0.009899915151602762,0.13462715988444807,0.8455723409394565,0.009900584024492516,rubber_carpet,0.009899915151602762,0.13462715988444807,0.8455723409394565,0.009900584024492516
grass,figure_eight,156,2.7279294406637185,8.677382319173363,8.516647531572904,rubber_carpet,0.01109518192416777,0.11940637149657528,0.8584029992281811,0.011095447351075743,rubber_carpet,0.010497548537885268,0.1270167656905117,0.851987670083819,0.010498015687784131
grass,circle,157,2.7417499144845685,4.849598163030999,4.849598163030999,grass,0.001872579153792338,0.45808339844346607,0.33623770294365113,0.20380631945909056,grass,0.001872579153792338,0.45808339844346607,0.33623770294365113,0.20380631945909056
grass,circle,157,2.7415384372049054,5.300803673938002,5.075200918484501,grass,0.002048065492441489,0.4774251772252961,0.3796989487142597,0.1408278085680028,grass,0.001960322323116913,0.467754287834381,0.3579683258289554,0.17231706401354666
grass,circle,157,2.741679581003733,4.942594718714122,5.030998851894374,grass,0.0020130126248158312,0.4745292982798636,0.3712493534377609,0.15220833565755962,grass,0.0019866674739663723,0.47114179305712234,0.3646088396333581,0.16226269983555314
grass,circle,160,2.799896240234375,9.446613088404131,9.446613088404131,rubber_carpet,0.03154434413037793,0.06311373097799085,0.8737975805656732,0.03154434432595791,rubber_carpet,0.03154434413037793,0.06311373097799085,0.8737975805656732,0.03154434432595791
grass,circle,160,2.7999675273895264,8.536165327210103,8.991389207807117,rubber_carpet,0.02148326925356845,0.07540080742658846,0.8816326495796626,0.02148327374018051,rubber_carpet,0.026513806691973195,0.06925726920228967,0.877715115072668,0.026513809033069213
grass,circle,160,2.7999730110168457,8.73134328358209,8.904707233065443,rubber_carpet,0.020007226312201674,0.07926403561344555,0.8807215038418811,0.02000723423247178,rubber_carpet,0.023260516502087433,0.0742606524078676,0.8792183094572743,0.02326052163277049
grass,figure_eight,160,2.801243329188664,5.513203214695753,5.513203214695753,rubber_carpet,0.0025856099016055194,0.4663812131184085,0.4900266208540298,0.04100655612595611,rubber_carpet,0.012923063201846476,0.27032093276313807,0.6846224651556521,0.0321335388793633
grass,figure_eight,161,2.801268590686324,6.208955223880596,6.208955223880596,rubber_carpet,0.0035600795078110765,0.38428572021112517,0.6044543782796026,0.007699822001461111,rubber_carpet,0.0035600795078110765,0.38428572021112517,0.6044543782796026,0.007699822001461111
grass,figure_eight,161,2.801287086424192,5.22617680826636,5.717566016073478,rubber_carpet,0.002872819109879955,0.4435939696776448,0.531073451678691,0.022459759533784148,rubber_carpet,0.003216449308845516,0.413939844944385,0.5677639149791469,0.015079790767622631
grass,figure_eight,161,2.8014158966239133,5.002296211251435,5.4791427477994645,rubber_carpet,0.002612521776358954,0.46364179382778564,0.4935613741508618,0.04018431024499352,rubber_carpet,0.0029144855426022354,0.43879081938608533,0.5306626445650043,0.027632050506308077
grass,figure_eight,162,2.8340463559482054,6.557979334098737,6.557979334098737,rubber_carpet,0.004399822535719496,0.32752158811814236,0.6626786900378433,0.005399899308294864,rubber_carpet,0.004399822535719496,0.32752158811814236,0.6626786900378433,0.005399899308294864
grass,figure_eight,162,2.8340694830491344,8.520091848450056,7.539035591274397,rubber_carpet,0.008062024916366015,0.1911858880350475,0.7926771267130899,0.008074960335496633,rubber_carpet,0.0062309237260427565,0.25935373807659495,0.7276779083754666,0.00673742982189575
grass,figure_eight,162,2.834002249969644,6.966704936854192,7.348258706467661,rubber_carpet,0.007089664590310567,0.21564277153452482,0.7701450614390843,0.0071225024360802355,rubber_carpet,0.006660294158176662,0.2374982548055599,0.7489114849072755,0.006929966128987993
grass,figure_eight,162,2.8335292036785344,6.679678530424798,7.181113662456945,rubber_carpet,0.006360295248737541,0.23821513368259578,0.748992511164385,0.006432059904281695,rubber_carpet,0.0065102947034571,0.2378566942440778,0.7489519980358302,0.006681013016634842
grass,figure_eight,165,2.8856272428050427,6.437428243398393,6.437428243398393,rubber_carpet,0.004563528789856063,0.32571460348442205,0.6640881318098265,0.005633735915895383,rubber_carpet,0.004563528789856063,0.32571460348442205,0.6640881318098265,0.005633735915895383
grass,figure_eight,165,2.8855449594319733,5.597014925373134,6.017221584385764,rubber_carpet,0.0036556442527542255,0.38408019313803965,0.6037268279626207,0.008537334646585374,rubber_carpet,0.004109586521305144,0.35489739831123085,0.6339074798862236,0.007085535281240379
grass,figure_eight,167,2.922858353389409,7.517795637198622,7.517795637198622,rubber_carpet,0.009930280823531899,0.17139746124433522,0.8087354797880919,0.009936778144041012,rubber_carpet,0.009930280823531899,0.17139746124433522,0.8087354797880919,0.009936778144041012
grass,figure_eight,167,2.923023409907932,7.39150401836969,7.454649827784156,rubber_carpet,0.009480708222048431,0.17868026332411305,0.80234935159055,0.009489676863288476,rubber_carpet,0.009705494522790164,0.17503886228422413,0.805542415689321,0.009713227503664743
grass,circle,169,2.9416798671060285,7.526980482204362,7.526980482204362,rubber_carpet,0.010726564412378075,0.16431973255775617,0.8142222662168472,0.010731436813018502,rubber_carpet,0.010726564412378075,0.16431973255775617,0.8142222662168472,0.010731436813018502
grass,circle,169,2.941567095118113,7.435132032146957,7.481056257175659,rubber_carpet,0.010362620393960366,0.16941375682020057,0.8098548222408393,0.010368800544999737,rubber_carpet,0.01054459240316922,0.16686674468897839,0.8120385442288433,0.01055011867900912
grass,circle,169,2.941500099497386,7.334098737083812,7.432070417145044,rubber_carpet,0.009990826666754223,0.17496968187219883,0.8050407221760643,0.009998769284982667,rubber_carpet,0.010267709534961722,0.17091821328058862,0.8085396332024538,0.010274443981995895
grass,circle,172,2.999865293502807,7.715269804822045,7.715269804822045,rubber_carpet,0.01347025914572196,0.1390591737800108,0.8339989554540337,0.01347161162023356,rubber_carpet,0.01347025914572196,0.1390591737800108,0.8339989554540337,0.01347161162023356
grass,circle,172,2.999960660934448,8.017221584385764,7.866245694603904,rubber_carpet,0.015201557375980057,0.12549147173445124,0.8441048303201723,0.015202140569396463,rubber_carpet,0.014335908260851009,0.13227532275723103,0.8390518928871029,0.014336876094815012
grass,circle,172,2.99995756149292,7.7680826636050515,7.833524684270952,rubber_carpet,0.014805338128603737,0.12830965630451555,0.8420789660172763,0.014806039549604626,rubber_carpet,0.01457062319472737,0.13029248953087327,0.8405654294521894,0.014571457822209815
grass,figure_eight,173,3.023475122642501,6.18828932261768,6.18828932261768,rubber_carpet,0.004726553710652904,0.33042376304533055,0.6586746827247956,0.0061750005192208815,rubber_carpet,0.004726553710652904,0.33042376304533055,0.6586746827247956,0.0061750005192208815
grass,figure_eight,173,3.0234562231523143,7.981630309988519,7.084959816303099,rubber_carpet,0.00851402119759539,0.20774106811466325,0.7751988584236569,0.00854605226408454,rubber_carpet,0.006620287454124147,0.2690824155799969,0.7169367705742262,0.007360526391652711
grass,figure_eight,173,3.02348091449379,6.871412169919632,7.013777267508611,rubber_carpet,0.008090793404943468,0.21681866866677063,0.7669549189211422,0.00813561900714357,rubber_carpet,0.007355540429533808,0.24295054212338377,0.7419458447476842,0.007748072699398141
grass,figure_eight,173,3.024083756545788,8.035591274397245,7.269230769230769,rubber_carpet,0.009745255602888499,0.1852104340804519,0.7952859949645161,0.00975831535214344,rubber_carpet,0.008550398016211153,0.21408048810191782,0.7686159198561002,0.00875319402577079
grass,figure_eight,176,3.067456704635233,6.772675086107922,6.772675086107922,rubber_carpet,0.007049454957515131,0.24513822157617118,0.7406415007296328,0.007170822736680761,rubber_carpet,0.007049454957515131,0.24513822157617118,0.7406415007296328,0.007170822736680761
grass,figure_eight,176,3.067428101430169,6.236509758897819,6.504592422502871,rubber_carpet,0.005896351604444203,0.2820801388884085,0.7057452739725009,0.006278235534646562,rubber_carpet,0.006472903280979667,0.26360918023228985,0.7231933873510668,0.006724529135663662
grass,figure_eight,176,3.067405219390696,6.31572904707233,6.441637964026024,rubber_carpet,0.005663114464671468,0.29089684417881945,0.6972829465384963,0.006157094818012804,rubber_carpet,0.0060680088728255685,0.2772530122055547,0.7102381669447816,0.006440811976838234
grass,figure_eight,176,3.0667246920599367,6.36854190585534,6.4233639494833525,rubber_carpet,0.005597806222319041,0.293460978075368,0.694811555835317,0.006129659866996086,rubber_carpet,0.005832907547572305,0.2853569951404613,0.7025248613900492,0.00628523592191716
grass,figure_eight,180,3.1354134503983504,8.212399540757751,8.212399540757751,rubber_carpet,0.02133875211281244,0.09832467795476992,0.8589977538825955,0.02133881604982231,rubber_carpet,0.02133875211281244,0.09832467795476992,0.8589977538825955,0.02133881604982231
grass,figure_eight,180,3.1353530276039114,8.13203214695752,8.172215843857636,rubber_carpet,0.020624139517102628,0.10074995283533006,0.8580016864855301,0.0206242211620373,rubber_carpet,0.020981445814957533,0.09953731539504998,0.8584997201840627,0.020981518605929804
linoleum,figure_eight,-178,-3.0996333906831675,1.8530424799081515,1.8530424799081515,linoleum,0.5960850046206954,0.11489827049955802,0.07410806453084007,0.21490866034890665,linoleum,0.5960850046206954,0.11489827049955802,0.07410806453084007,0.21490866034890665
linoleum,figure_eight,-178,-3.099661812694064,2.442020665901263,2.147531572904707,linoleum,0.4617166202872582,0.14452710397750035,0.09061670004725363,0.30313957568798783,linoleum,0.5289008124539768,0.1297126872385292,0.08236238228904685,0.25902411801844727
linoleum,figure_eight,-178,-3.0998337207016347,2.415614236509759,2.236892460773058,linoleum,0.41107630861172206,0.15651974567710422,0.09759242843188771,0.3348115172792859,linoleum,0.46998856053284943,0.1431162164578167,0.08997740536046728,0.2969178176488666
linoleum,circle,-177,-3.083169285451071,2.1779563719862227,2.1779563719862227,linoleum,0.4507130204080609,0.14693170356376517,0.09171540893494186,0.31063986709323194,linoleum,0.4507130204080609,0.14693170356376517,0.09171540893494186,0.31063986709323194
linoleum,circle,-177,-3.0831649939166472,2.008036739380023,2.092996555683123,linoleum,0.49642974253744093,0.13637027463787899,0.08566149663248569,0.28153848619219446,linoleum,0.47357138147275096,0.1416509891008221,0.08868845278371379,0.2960891766427132
linoleum,circle,-177,-3.0831175486194056,2.149253731343284,2.111748947569843,linoleum,0.48667959920069354,0.13859583012648952,0.08692881960975682,0.2877957510630601,linoleum,0.48012549033672225,0.14012340961365582,0.0878086361967353,0.2919424638528867
linoleum,circle,-175,-3.0583411137289325,1.8909299655568312,1.8909299655568312,linoleum,0.5999514188541296,0.11341974621512879,0.07234378782368985,0.21428504710705182,linoleum,0.5999514188541296,0.11341974621512879,0.07234378782368985,0.21428504710705182
linoleum,circle,-175,-3.058508006734304,2.118254879448909,2.00459242250287,linoleum,0.553504370646544,0.12324589166489983,0.07761083652451047,0.24563890116404558,linoleum,0.5767278947503368,0.11833281894001431,0.07497731217410016,0.2299619741355487
linoleum,circle,-175,-3.0584190766043,2.2479908151549943,2.0857252200535785,linoleum,0.514881620540875,0.13178469035411305,0.08234770515882389,0.27098598394618806,linoleum,0.545804757645606,0.12505875464706367,0.07866250866646202,0.2504739790408684
linoleum,figure_eight,-170,-2.9747339123312373,2.0998851894374284,2.0998851894374284,linoleum,0.5641512001570066,0.11928506172806042,0.07273929739329629,0.24382444072163684,linoleum,0.5641512001570066,0.11928506172806042,0.07273929739329629,0.24382444072163684
linoleum,figure_eight,-170,-2.974832804174017,2.214695752009185,2.1572904707233067,linoleum,0.5355851341830885,0.1255581598536768,0.07612495926807888,0.2627317466951558,linoleum,0.5498681671700475,0.12242161079086858,0.07443212833068757,0.25327809370839627
linoleum,figure_eight,-170,-2.9747456765895626,2.205510907003444,2.1733639494833525,linoleum,0.5271793524774918,0.1274253800544024,0.0771406534262354,0.26825461404187045,linoleum,0.5385237598237697,0.12492349542263549,0.07578639087846148,0.26076635387513336
linoleum,figure_eight,-167,-2.922696578895799,1.200918484500574,1.200918484500574,linoleum,0.7396489101517129,0.09969429154009904,0.0714142166061589,0.0892425817020292,linoleum,0.7396489101517129,0.09969429154009904,0.0714142166061589,0.0892425817020292
linoleum,figure_eight,-167,-2.9225264435686755,1.8128587830080367,1.5068886337543057,linoleum,0.7490410826286612,0.08546566397232182,0.05666410254118084,0.10882915085783618,linoleum,0.744344996390187,0.09257997775621044,0.06403915957366987,0.09903586627993269
linoleum,figure_eight,-167,-2.92264210646681,1.246842709529277,1.420206659012629,linoleum,0.7516852702924572,0.08750011548526329,0.05920112071498387,0.10161349350729562,linoleum,0.7480151333413221,0.09004004662073686,0.061620140144326874,0.10032467989361415
linoleum,circle,-165,-2.8831644693957728,1.428243398392652,1.428243398392652,linoleum,0.7685942302334526,0.08331035139668233,0.055874158195563274,0.09222126017430177,linoleum,0.7685942302334526,0.08331035139668233,0.055874158195563274,0.09222126017430177
linoleum,circle,-165,-2.883171145115988,1.0206659012629162,1.2244546498277842,linoleum,0.7558252591840366,0.09499618695907829,0.06731842014674654,0.08186013371013853,linoleum,0.7622097447087447,0.08915326917788031,0.061596289171154915,0.08704069694222016
linoleum,circle,-165,-2.8832178751574915,1.398392652123995,1.282433983926521,linoleum,0.7618664841138176,0.09070118636144056,0.06322996483801735,0.08420236468672448,linoleum,0.7620381144112811,0.08992722776966044,0.062413127004586136,0.08562153081447232
linoleum,circle,-164,-2.858408776921681,2.4959816303099887,2.4959816303099887,linoleum,0.44844022561815555,0.1418547315784547,0.07943493499780495,0.3302701078055848,linoleum,0.44844022561815555,0.1418547315784547,0.07943493499780495,0.3302701078055848
linoleum,circle,-164,-2.8585022370046893,2.5373134328358207,2.5166475315729047,linoleum,0.43453276438059324,0.1450096636381977,0.0810865567947599,0.3393710151864492,linoleum,0.4414864949993744,0.1434321976083262,0.08026074589628243,0.334820561496017
linoleum,circle,-164,-2.8584061543173105,2.970149253731344,2.6678147722923846,cell_carpet,0.3304027095246107,0.16918339699691642,0.09384518190556866,0.40656871157290425,linoleum,0.38594460226199256,0.15630779730262132,0.08705296390092554,0.37069463653446066
linoleum,figure_eight,-163,-2.844494384226344,2.0769230769230766,2.0769230769230766,linoleum,0.6898732092822789,0.08888443795444026,0.05162726527501731,0.16961508748826346,linoleum,0.6898732092822789,0.08888443795444026,0.05162726527501731,0.16961508748826346
linoleum,figure_eight,-163,-2.8443626256376264,2.5430539609644085,2.309988518943743,linoleum,0.5861065297620542,0.11071616651301243,0.062364338269283566,0.24081296545564976,linoleum,0.6379898695221666,0.09980030223372635,0.05699580177215044,0.2052140264719566
linoleum,figure_eight,-163,-2.844302220132423,2.486796785304248,2.3689246077305777,linoleum,0.5529495485413435,0.11792186003509186,0.06601112714957243,0.26311746427399213,linoleum,0.5954697090317551,0.10886108113440911,0.06150346446086143,0.23416574537297435
linoleum,figure_eight,-160,-2.7911704107751363,1.296211251435132,1.296211251435132,linoleum,0.8016552283917445,0.08081934787481154,0.055294118781046606,0.062231304952397495,linoleum,0.8016552283917445,0.08081934787481154,0.055294118781046606,0.062231304952397495
linoleum,figure_eight,-160,-2.791220298414501,1.4638346727898963,1.3800229621125144,linoleum,0.8100241657140953,0.0750885878760215,0.05007064693166234,0.06481659947822081,linoleum,0.8058396970529199,0.07795396787541653,0.05268238285635447,0.06352395221530915
linoleum,figure_eight,-160,-2.7913865911229583,1.4133180252583235,1.391121316494451,linoleum,0.810852103944563,0.0744476230710912,0.04947906658149089,0.06522120640285502,linoleum,0.8083459004987414,0.07620079547325387,0.05108072471892268,0.06437257930908208
linoleum,circle,-154,-2.683189932500021,0.8392652123995409,0.8392652123995409,linoleum,0.6672876476111147,0.1557951991350337,0.12611889388991895,0.05079825936393252,linoleum,0.6672876476111147,0.1557951991350337,0.12611889388991895,0.05079825936393252
linoleum,circle,-154,-2.683137718831198,1.0195177956371986,0.9293915040183698,linoleum,0.7208503380612118,0.13092024253483062,0.1020578964253233,0.04617152297863437,linoleum,0.6940689928361633,0.14335772083493217,0.11408839515762113,0.048484891171283455
linoleum,circle,-154,-2.683202568684713,1.1285878300803671,0.9957902793723687,linoleum,0.7535165803222664,0.1153532579027706,0.0874884003320928,0.04364176144287018,linoleum,0.723792786579215,0.1293554893688514,0.10078839774485698,0.046063326307076824
linoleum,circle,-152,-2.65841564337676,2.7267508610792195,2.7267508610792195,linoleum,0.6739357881878527,0.08240395239488837,0.037488514877312876,0.20617174453994594,linoleum,0.6739357881878527,0.08240395239488837,0.037488514877312876,0.20617174453994594
linoleum,circle,-152,-2.658836690587452,2.8185993111366248,2.772675086107922,linoleum,0.6452192608868685,0.08829232581343709,0.03991868741259994,0.2265697258870945,linoleum,0.6595775245373606,0.08534813910416272,0.03870360114495641,0.21637073521352024
linoleum,circle,-152,-2.658402053517751,3.082663605051665,2.8760045924225026,linoleum,0.5724441545109241,0.10315842346728635,0.04605973773734955,0.27833768428443983,linoleum,0.6160108395241425,0.09425328128572455,0.04238166944115299,0.24735420974898006
linoleum,figure_eight,-152,-2.6601980869329083,2.827784156142365,2.827784156142365,linoleum,0.6077577651827166,0.09595399694997496,0.043083227723642356,0.253205010143666,linoleum,0.6118843023534296,0.09510363911784976,0.042732448582397685,0.2502796099463231
linoleum,figure_eight,-152,-2.660345018604062,2.6073478760045923,2.7175660160734787,linoleum,0.679401181453523,0.08128171008412463,0.037025691550085366,0.20229141691226696,linoleum,0.6456427419034763,0.0881926746009872,0.03987907006624153,0.22628551342929504
linoleum,figure_eight,-152,-2.660237687553636,2.889781859931114,2.774971297359357,linoleum,0.6437229917940008,0.08859876511928953,0.04004521776401365,0.2276330253226961,linoleum,0.6446828668487384,0.08839571986013835,0.03996214391512758,0.22695926937599553
linoleum,figure_eight,-149,-2.6086555863708565,0.8760045924225027,0.8760045924225027,linoleum,0.6617230352918589,0.15398943970759532,0.126254737471895,0.058032787528650646,linoleum,0.6617230352918589,0.15398943970759532,0.126254737471895,0.058032787528650646
linoleum,figure_eight,-149,-2.6085148328039565,1.0080367393800231,0.9420206659012628,linoleum,0.7104084741352107,0.13343958381139281,0.10627576617399985,0.049876175879396585,linoleum,0.6860657547135348,0.14371451175949407,0.11626525182294742,0.053954481704023616
linoleum,figure_eight,-149,-2.6081704372497607,0.8966704936854191,0.9269039418293148,linoleum,0.6998531170938894,0.13794630643340863,0.11060225770081211,0.051598318771889765,linoleum,0.6929594359037121,0.14083040909645134,0.11343375476187977,0.05277640023795669
linoleum,figure_eight,-145,-2.5342202285032056,3.499425947187141,3.499425947187141,cell_carpet,0.3594929652890929,0.13171594068784184,0.04652625934901664,0.46226483467404866,cell_carpet,0.3594929652890929,0.13171594068784184,0.04652625934901664,0.46226483467404866
linoleum,figure_eight,-145,-2.534190354647682,3.4006888633754304,3.450057405281286,cell_carpet,0.4073951835393542,0.12306333407195673,0.04366195297492992,0.42587952941375906,cell_carpet,0.38344407441422357,0.12738963737989928,0.04509410616197328,0.44407218204390386
linoleum,figure_eight,-145,-2.533989684972712,3.4489092996555684,3.449674703406046,cell_carpet,0.40776974633930924,0.12299558839487298,0.04363949335454796,0.4255951719112699,cell_carpet,0.39560691037676643,0.12519261288738615,0.04436679975826062,0.4348336769775869
linoleum,circle,-142,-2.483182493840353,2.027554535017221,2.027554535017221,linoleum,0.9587996719105922,0.017764783741328425,0.00923508251860729,0.014200461829472016,linoleum,0.9587996719105922,0.017764783741328425,0.00923508251860729,0.014200461829472016
linoleum,circle,-142,-2.4831641356097625,1.9690011481056255,1.9982778415614235,linoleum,0.9582810168891815,0.018160265777684495,0.009581441681687137,0.013977275651446802,linoleum,0.9585403443998869,0.01796252475950646,0.009408262100147214,0.01408886874045941
linoleum,circle,-142,-2.483152691517965,2.135476463834673,2.0440107156525067,linoleum,0.9590268995127609,0.0175669454215052,0.009057219073521618,0.01434893599221242,linoleum,0.9587836219563239,0.01776473509050583,0.009232740586834416,0.014218902366335915
linoleum,figure_eight,-142,-2.485263315298508,0.9506314580941446,0.9506314580941446,linoleum,0.5831537441609242,0.16509597789257474,0.1456336002391499,0.10611667770735105,linoleum,0.7709686830586241,0.09143035649154028,0.07743317041299215,0.06016779003684348
linoleum,figure_eight,-142,-2.485345299632052,0.7657864523536165,0.8582089552238805,linoleum,0.4900971573506543,0.19687119353266597,0.1789136821576324,0.13411796695904732,linoleum,0.6305329202046392,0.14415077501210313,0.12817342628531228,0.0971428784979454
linoleum,figure_eight,-142,-2.4853914176804373,1.04247990815155,0.9196326061997704,linoleum,0.5517242851460977,0.17600634319591896,0.15688895224267846,0.11538041941530483,linoleum,0.5911286026753685,0.16007855910401103,0.14253118926399538,0.10626164895662511
linoleum,circle,-141,-2.4583638588613788,3.357060849598163,3.357060849598163,linoleum,0.710656903852219,0.06189053426864688,0.020073685550651824,0.2073788763284822,linoleum,0.710656903852219,0.06189053426864688,0.020073685550651824,0.2073788763284822
linoleum,circle,-141,-2.458845225972584,3.483352468427095,3.4202066590126288,linoleum,0.6602147919888669,0.07079821826656969,0.022696827185804284,0.24629016255875927,linoleum,0.6854358479205429,0.06634437626760828,0.021385256368228054,0.22683451944362074
linoleum,circle,-141,-2.4583910385793954,3.0952927669345582,3.3119020283199387,linoleum,0.7427689969143236,0.05613736715768653,0.018371110985284222,0.18272252494270577,linoleum,0.7141024224174333,0.0612408717126474,0.019878183676756138,0.20477852219316325
linoleum,figure_eight,-136,-2.370793097420758,2.862227324913892,2.862227324913892,linoleum,0.9666924440782663,0.010607630417359248,0.004005744433804929,0.018694181070569575,linoleum,0.9666924440782663,0.010607630417359248,0.004005744433804929,0.018694181070569575
linoleum,figure_eight,-136,-2.370873719156729,2.848450057405281,2.8553386911595866,linoleum,0.9670950361362364,0.010528296750222634,0.0039906082139308805,0.01838605889961012,linoleum,0.9668937401072513,0.01056796358379094,0.003998176323867905,0.018540119985089847
linoleum,figure_eight,-136,-2.3708119191161683,2.9047072330654418,2.871794871794872,linoleum,0.9661163470853154,0.010721335380089392,0.0040279194808371345,0.01913439805375801,linoleum,0.9665050435962833,0.010644649481940167,0.00401304790235252,0.01883725901942393
linoleum,figure_eight,-133,-2.327496998473863,1.732491389207807,1.732491389207807,linoleum,0.9124061645997819,0.033302380762581005,0.02818745479585164,0.02610399984178545,linoleum,0.9124061645997819,0.033302380762581005,0.02818745479585164,0.02610399984178545
linoleum,figure_eight,-133,-2.326619827179232,1.322617680826636,1.5275545350172215,linoleum,0.8142208231305775,0.06775823963914246,0.06116738674032134,0.056853550489958646,linoleum,0.8633134938651797,0.05053031020086174,0.0446774207680865,0.041478775165872055
linoleum,figure_eight,-133,-2.327458989693256,1.7738231917336391,1.6096440872560276,linoleum,0.8627707055678211,0.050844909454310576,0.04485372359273197,0.04153066138513641,linoleum,0.8630420997165005,0.05068760982758616,0.04476557218040923,0.041504718275504233
linoleum,circle,-131,-2.2831917444812224,2.8300803673938004,2.8300803673938004,linoleum,0.9853362850270818,0.005369548125124137,0.002576894989116426,0.006717271858677596,linoleum,0.9853362850270818,0.005369548125124137,0.002576894989116426,0.006717271858677596
linoleum,circle,-131,-2.28318196931948,2.8507462686567164,2.8404133180252584,linoleum,0.9852246596145839,0.005383136722833551,0.002562959278373112,0.006829244384209518,linoleum,0.9852804723208328,0.005376342423978844,0.0025699271337447692,0.006773258121443557
linoleum,circle,-131,-2.282721344624655,2.835820895522388,2.8388825105243014,linoleum,0.985241726339889,0.005380987693246801,0.002564955345866315,0.006812330620997935,linoleum,0.9852610993303608,0.0053786650586128215,0.0025674412398055415,0.006792794371220745
linoleum,figure_eight,-130,-2.2666247533851407,3.238805970149253,3.238805970149253,linoleum,0.976816485418967,0.0066909449258816716,0.002491400258703117,0.014001169396448179,linoleum,0.976816485418967,0.0066909449258816716,0.002491400258703117,0.014001169396448179
linoleum,figure_eight,-130,-2.266589575961099,3.336394948335247,3.2876004592422503,linoleum,0.9740207027082438,0.007221712886207885,0.002593624938520693,0.016163959467027762,linoleum,0.9754185940636052,0.006956328906044777,0.0025425125986119046,0.015082564431737968
linoleum,figure_eight,-130,-2.266469301876181,3.729047072330655,3.434749330271719,linoleum,0.9615973197426105,0.009506965990283245,0.0030769527698597827,0.02581876149724648,linoleum,0.9685079569031079,0.008231647448164011,0.002809732684235844,0.020450662964492224
linoleum,circle,-129,-2.2583609501547137,3.448909299655568,3.448909299655568,linoleum,0.9677101702903618,0.008138189147451357,0.0027331772993760134,0.021418463262810827,linoleum,0.9677101702903618,0.008138189147451357,0.0027331772993760134,0.021418463262810827
linoleum,circle,-129,-2.2588160912222186,3.606199770378875,3.527554535017221,linoleum,0.9593277546707207,0.009619891339318877,0.0030526533876594443,0.02799970060230076,linoleum,0.9635189624805413,0.008879040243385117,0.002892915343517729,0.024709081932555794
linoleum,circle,-129,-2.258399335545949,2.7141216991963266,3.256410256410257,linoleum,0.9800382440303969,0.005856516429402122,0.002279551174679074,0.011825688365521897,linoleum,0.9717786032554693,0.0073677783363936215,0.002586233259098402,0.018267385149038848
linoleum,figure_eight,-128,-2.2274469820030287,2.417910447761194,2.417910447761194,linoleum,0.9818193936871839,0.006977394508518459,0.005345838496742605,0.005857373307555055,linoleum,0.9818193936871839,0.006977394508518459,0.005345838496742605,0.005857373307555055
linoleum,figure_eight,-128,-2.227515704448363,2.018369690011481,2.218140068886337,linoleum,0.9693549814112012,0.011425695815653072,0.009576590757799748,0.009642732015345844,linoleum,0.9755871875491926,0.009201545162085765,0.007461214627271177,0.007750052661450449
linoleum,figure_eight,-128,-2.2275252119335134,2.1331802525832377,2.1898201301186373,linoleum,0.9665853639710422,0.012401125593421509,0.010505335307426922,0.010508175128109375,linoleum,0.9710862757601174,0.010801335377753636,0.00898327496734905,0.009129113894779913
linoleum,figure_eight,-123,-2.138258354653485,3.507462686567164,3.507462686567164,linoleum,0.9879055457320874,0.003508710742225477,0.0017014880030403923,0.0068842555226466436,linoleum,0.9879055457320874,0.003508710742225477,0.0017014880030403923,0.0068842555226466436
linoleum,figure_eight,-122,-2.13764566469026,3.404133180252583,3.404133180252583,linoleum,0.9910682464648465,0.002851724504351078,0.0016313489537406912,0.004448680077061779,linoleum,0.9910682464648465,0.002851724504351078,0.0016313489537406912,0.004448680077061779
linoleum,figure_eight,-122,-2.1377611138587675,4.067738231917336,3.73593570608496,linoleum,0.982192212821707,0.004410265648683732,0.0018753280004837588,0.011522193529125486,linoleum,0.9866302296432767,0.003630995076517405,0.0017533384771122248,0.007985436803093632
linoleum,figure_eight,-121,-2.1039940770561443,2.6061997703788755,2.6061997703788755,linoleum,0.9807466062167071,0.006783267112584665,0.006154657461767766,0.006315469208940489,linoleum,0.9807466062167071,0.006783267112584665,0.006154657461767766,0.006315469208940489
linoleum,figure_eight,-121,-2.1042095810725194,2.5442020665901266,2.575200918484501,linoleum,0.9789423293226595,0.00739852856024892,0.006760419149227223,0.006898722967864364,linoleum,0.9798444677696834,0.007090897836416793,0.006457538305497495,0.006607096088402427
linoleum,figure_eight,-121,-2.104223749001773,2.553386911595867,2.567929582854956,linoleum,0.9784848300520661,0.007554391923759152,0.006913820830273447,0.007046957193901245,linoleum,0.9791646489108747,0.007322644880087973,0.006685679567885471,0.006827026641151836
linoleum,circle,-119,-2.083184067402976,2.6394948335246844,2.6394948335246844,linoleum,0.978940938384509,0.007306453577172397,0.0068221080228606824,0.006930500015457862,linoleum,0.978940938384509,0.007306453577172397,0.0068221080228606824,0.006930500015457862
linoleum,circle,-119,-2.0831497351275847,2.754305396096441,2.6969001148105627,linoleum,0.9821789259232158,0.00620884822105097,0.005736246039664352,0.005875979816068871,linoleum,0.9805599321538624,0.006757650899111683,0.006279177031262517,0.006403239915763366
linoleum,circle,-119,-2.083200041447775,3.001148105625718,2.798316111748948,linoleum,0.9863504286190431,0.004789908882955188,0.004328226154410649,0.004531436343591095,linoleum,0.9834551803864527,0.005773779891033436,0.005303701592836583,0.00546733812967723
linoleum,circle,-118,-2.0588015000051767,3.912743972445465,3.912743972445465,linoleum,0.9854509939207852,0.0035355717713657967,0.0017435705653040174,0.009269863742545072,linoleum,0.9854509939207852,0.0035355717713657967,0.0017435705653040174,0.009269863742545072
linoleum,circle,-118,-2.0591371933645526,3.946039035591274,3.9293915040183696,linoleum,0.9847262240601022,0.0036532757798532095,0.0017736136308412356,0.009846886529203359,linoleum,0.9850886089904437,0.003594423775609503,0.0017585920980726266,0.009558375135874216
linoleum,circle,-118,-2.058403102559499,2.48564867967853,3.44814389590509,linoleum,0.9933204974953392,0.002225645508364209,0.0015870996552881291,0.0028667573410082994,linoleum,0.9892045532428916,0.002910034641986856,0.001672845876680378,0.006212566238441258
linoleum,figure_eight,-118,-2.05751158377244,3.478760045924225,3.478760045924225,linoleum,0.9932229114674626,0.002232215238927128,0.0015610495822319446,0.0029838237113783057,linoleum,0.9912137323551771,0.002571124940456992,0.0016169477294561614,0.004598194974909782
linoleum,figure_eight,-118,-2.0575393974882683,3.0332950631458093,3.256027554535017,linoleum,0.9931475219344653,0.002388533085125275,0.0018930832969781635,0.0025708616834311075,linoleum,0.9921806271448212,0.0024798290127911334,0.0017550155132171623,0.003584528329170445
linoleum,figure_eight,-118,-2.057399253969428,3.284730195177956,3.2655951014159967,linoleum,0.9931875693279782,0.002371570752724562,0.0018710241381914988,0.0025698357811057646,linoleum,0.9926840982363996,0.002425699882757847,0.0018130198257043301,0.0030771820551381036
linoleum,figure_eight,-116,-2.0276281345468488,3.0884041331802528,3.0884041331802528,linoleum,0.9912037490779966,0.003061673960436913,0.002737752657086593,0.002996824304480002,linoleum,0.9912037490779966,0.003061673960436913,0.002737752657086593,0.002996824304480002
linoleum,figure_eight,-116,-2.027539808188875,2.8955223880597014,2.9919632606199773,linoleum,0.989360127922788,0.0036916649715068813,0.0033780295840912093,0.0035701775216138115,linoleum,0.9902819385003924,0.0033766694659718975,0.0030578911205889014,0.003283500913046907
linoleum,figure_eight,-116,-2.0276632605364475,2.9770378874856487,2.986988136241868,linoleum,0.989244651767782,0.0037309409866758333,0.00341761636111651,0.0036067908844256953,linoleum,0.9897632951340871,0.003553805226323865,0.003237753740852706,0.0034451458987363012
linoleum,figure_eight,-112,-1.958761258174952,2.74052812858783,2.74052812858783,linoleum,0.9704568508786873,0.009976879667573024,0.009768172411974217,0.009798097041765406,linoleum,0.9704568508786873,0.009976879667573024,0.009768172411974217,0.009798097041765406
linoleum,figure_eight,-112,-1.958822712928302,3.812858783008037,3.276693455797933,linoleum,0.9925023930753794,0.0025712224964218274,0.0023598121906282174,0.00256657223757056,linoleum,0.9814796219770334,0.006274051081997426,0.006063992301301218,0.006182334639667984
linoleum,figure_eight,-112,-1.9587685427721653,2.669345579793341,3.074244163796403,linoleum,0.9887942875803533,0.003827218818528631,0.0036344805764623,0.0037440130246557016,linoleum,0.9851369547786933,0.005050634950263029,0.004849236438881759,0.0049631738321618424
linoleum,figure_eight,-111,-1.9330374837887567,2.4270952927669343,2.4270952927669343,linoleum,0.8931411563763748,0.03579461590649644,0.03554295189390169,0.035521275823227186,linoleum,0.8931411563763748,0.03579461590649644,0.03554295189390169,0.035521275823227186
linoleum,figure_eight,-111,-1.932987824375617,3.567164179104478,2.9971297359357063,linoleum,0.9854836748894943,0.004929450188469182,0.00475818292278102,0.0048286919992555416,linoleum,0.9393124156329345,0.02036203304748281,0.020150567408341355,0.020174983911241364
linoleum,figure_eight,-111,-1.9330032416772456,2.722158438576349,2.9054726368159205,linoleum,0.981125035119238,0.00639076749644838,0.006216573150399011,0.006267624233914489,linoleum,0.9602187253760863,0.013376400271965596,0.013183570279370184,0.013221304072577926
linoleum,figure_eight,-109,-1.8968101943538889,3.427095292766935,3.427095292766935,linoleum,0.993434642711182,0.0022334320952386664,0.0020680601549963678,0.002263865038582989,linoleum,0.993434642711182,0.0022334320952386664,0.0020680601549963678,0.002263865038582989
linoleum,figure_eight,-109,-1.8967871883394416,3.176808266360505,3.30195177956372,linoleum,0.9919725972775608,0.0027318227526447196,0.0025824423051344185,0.0027131376646600783,linoleum,0.9927036199943714,0.002482627423941693,0.0023252512300653934,0.0024885013516215337
linoleum,figure_eight,-109,-1.8967158074317645,3.313432835820896,3.305778798316112,linoleum,0.992028818207195,0.002712795704032151,0.0025630450446448697,0.002695341044127937,linoleum,0.9923662191007832,0.002597711563986922,0.0024441481373551318,0.0025919211978747353
linoleum,circle,-108,-1.883170191441672,3.85878300803674,3.85878300803674,linoleum,0.9946607506266737,0.0017098004422482086,0.0014242088983490615,0.0022052400327289058,linoleum,0.9946607506266737,0.0017098004422482086,0.0014242088983490615,0.0022052400327289058
linoleum,circle,-108,-1.8831680456744595,3.985074626865672,3.9219288174512057,linoleum,0.9944303991933149,0.001740715069350336,0.0014120946863789695,0.0024167910509557515,linoleum,0.9945455749099944,0.0017252577557992723,0.0014181517923640156,0.002311015541842329
linoleum,circle,-108,-1.8832109610186976,4.0769230769230775,3.9735935706084966,linoleum,0.994139260295357,0.0017876701887515234,0.001416012617494887,0.0026570568983965556,linoleum,0.9943424176026758,0.0017564639722753982,0.0014170822049294515,0.0024840362201194424
linoleum,circle,-107,-1.85886820952361,3.4569460390355915,3.4569460390355915,linoleum,0.9933760787625597,0.002246202531756212,0.0021104791000501324,0.002267239605633948,linoleum,0.9933760787625597,0.002246202531756212,0.0021104791000501324,0.002267239605633948
linoleum,figure_eight,-107,-1.8733633576297453,4.118254879448909,4.118254879448909,linoleum,0.9931587313420079,0.0019465270244489496,0.0014724655054901877,0.003422276128052887,linoleum,0.9932674050522838,0.002096364778102581,0.0017914723027701602,0.002844757866843417
linoleum,figure_eight,-107,-1.8733881249596784,3.383467278989667,3.750861079219288,linoleum,0.9948345816112337,0.001710948121505573,0.0015073148807541064,0.0019471553865066456,linoleum,0.9940509933317588,0.0019036564498040771,0.0016493935917621335,0.002395956626675032
linoleum,figure_eight,-107,-1.873409308319724,3.307692307692308,3.603138155376961,linoleum,0.9944104587276005,0.001884698178060317,0.0017235294026157978,0.001981313691723347,linoleum,0.9942307260296797,0.001894177313932197,0.0016864614971889656,0.00218863515919919
linoleum,circle,-106,-1.858764974278859,3.5614236509758896,3.5614236509758896,linoleum,0.9940913168857071,0.001996721342176189,0.0018598473006095134,0.002052114471507296,linoleum,0.9940913168857071,0.001996721342176189,0.0018598473006095134,0.002052114471507296
linoleum,circle,-106,-1.8584490696615488,3.991963260619976,3.776693455797933,linoleum,0.9948949528075,0.0016892926914359072,0.0014994992437723706,0.001916255257291747,linoleum,0.9944931348466035,0.0018430070168060481,0.0016796732721909421,0.0019841848643995215
linoleum,figure_eight,-104,-1.8188967135582603,4.275545350172216,4.275545350172216,linoleum,0.9922260378650221,0.002087138775635858,0.0015692041491860917,0.004117619210155937,linoleum,0.9922260378650221,0.002087138775635858,0.0015692041491860917,0.004117619210155937
linoleum,figure_eight,-104,-1.819124969273076,3.818599311136624,4.04707233065442,linoleum,0.9945860995609181,0.0016767596699491696,0.0014043337080450555,0.002332807061087614,linoleum,0.9934060687129702,0.0018819492227925142,0.0014867689286155738,0.0032252131356217757
linoleum,figure_eight,-104,-1.8189323312066,4.1768082663605055,4.090317642556449,linoleum,0.9943333642717156,0.0017197626051963855,0.0014155046117870311,0.0025313685113009894,linoleum,0.9938697164923429,0.0018008559139944499,0.0014511367702013025,0.0028782908234613828
linoleum,figure_eight,-103,-1.7981989927945494,3.717566016073479,3.717566016073479,linoleum,0.9947254871490495,0.0017676336396592045,0.001640523327682168,0.0018663558836093106,linoleum,0.9947254871490495,0.0017676336396592045,0.001640523327682168,0.0018663558836093106
linoleum,figure_eight,-103,-1.7981048354182678,3.2721010332950637,3.494833524684271,linoleum,0.9931114556476265,0.00232583784621782,0.0022292537818231904,0.0023334527243324987,linoleum,0.9939184713983378,0.002046735742938512,0.0019348885547526787,0.002099904303970904
linoleum,figure_eight,-103,-1.7980781429377428,3.917336394948335,3.635667814772293,linoleum,0.9943111523340682,0.0019154844460764634,0.0018024061726030617,0.001970957047252282,linoleum,0.994114811866203,0.0019811100945074877,0.0018686473636778701,0.002035430675611593
linoleum,figure_eight,-101,-1.7686227838015482,3.4684270952927667,3.4684270952927667,linoleum,0.9924641595629715,0.0025405591691331627,0.002458873694776916,0.0025364075731182487,linoleum,0.9924641595629715,0.0025405591691331627,0.002458873694776916,0.0025364075731182487
linoleum,figure_eight,-101,-1.768628626361824,3.609644087256028,3.539035591274397,linoleum,0.9933175730113188,0.0022527778718596948,0.002165789306253962,0.002263859810567535,linoleum,0.9928908662871452,0.0023966685204964287,0.002312331500515439,0.0024001336918428916
linoleum,figure_eight,-101,-1.7685658908446946,3.7049368541905854,3.59433601224646,linoleum,0.9938406584310366,0.0020751641506162916,0.001982901982417511,0.0021012754359293626,linoleum,0.9933657623590911,0.0022359163355563606,0.0021476167414664752,0.0022507045638861275
linoleum,figure_eight,-100,-1.7492630121828536,4.390355912743972,4.390355912743972,linoleum,0.9917388341985357,0.0021584695462279007,0.0016501922762174658,0.004452503979018834,linoleum,0.9917388341985357,0.0021584695462279007,0.0016501922762174658,0.004452503979018834
linoleum,figure_eight,-100,-1.7492532521154571,3.35361653272101,3.8719862227324913,linoleum,0.995105035138776,0.0016200303329505482,0.0014887272991253248,0.0017862072291483016,linoleum,0.9934219346686557,0.001889249939589224,0.0015694597876713947,0.003119355604083567
linoleum,figure_eight,-100,-1.7493230664237296,3.78760045924225,3.843857634902411,linoleum,0.9950544638053763,0.0016426033142738457,0.0015179551741763392,0.0017849777061736132,linoleum,0.994238199237016,0.001765926626931535,0.001543707480923867,0.00245216665512859
linoleum,figure_eight,-98,-1.703242473332836,3.4247990815154994,3.4247990815154994,linoleum,0.9913028417512566,0.0029263800425720484,0.0028587694576991604,0.002912008748472069,linoleum,0.9913028417512566,0.0029263800425720484,0.0028587694576991604,0.002912008748472069
linoleum,figure_eight,-98,-1.7032871533021752,3.729047072330655,3.576923076923077,linoleum,0.9934178846130982,0.0022156852268614673,0.0021391185636046575,0.0022273115964355733,linoleum,0.9923603631821775,0.0025710326347167583,0.0024989440106519094,0.0025696601724538213
linoleum,figure_eight,-98,-1.7032966544864034,3.7313432835820897,3.628396479142748,linoleum,0.9938977005000605,0.002053028704350362,0.001972010437846867,0.0020772603577421563,linoleum,0.993129031841119,0.00231203066953356,0.002235477224249388,0.002323460265097989
linoleum,figure_eight,-97,-1.6853858154449863,4.091848450057405,4.091848450057405,linoleum,0.9950494446526403,0.0015736234839517432,0.001394565056009728,0.001982366807398121,linoleum,0.9950494446526403,0.0015736234839517432,0.001394565056009728,0.001982366807398121
linoleum,figure_eight,-97,-1.685317207408024,4.052812858783009,4.072330654420207,linoleum,0.9951000423416211,0.0015667305452284296,0.0013959289595008447,0.0019372981536497189,linoleum,0.9950747434971308,0.0015701770145900864,0.0013952470077552865,0.00195983248052392
linoleum,figure_eight,-97,-1.685358825726701,4.1836969001148105,4.109452736318408,linoleum,0.9949950598385615,0.001581837644815334,0.001394819357619096,0.0020282831590040544,linoleum,0.9950349016678461,0.0015760073297027102,0.0013950331826871913,0.001994057819763987
linoleum,circle,-96,-1.6831660906421109,4.067738231917336,4.067738231917336,linoleum,0.9951397332701281,0.0015596475951363071,0.0013970055010152226,0.0019036136337202564,linoleum,0.9951397332701281,0.0015596475951363071,0.0013970055010152226,0.0019036136337202564
linoleum,circle,-96,-1.6831856409655972,4.008036739380023,4.03788748564868,linoleum,0.9951890647618173,0.0015556514044072066,0.0014039109978286714,0.0018513728359466663,linoleum,0.9951643990159729,0.0015576494997717573,0.0014004582494219471,0.0018774932348334617
linoleum,circle,-96,-1.683157030736105,3.57060849598163,3.88212782242633,linoleum,0.9951202426452248,0.001619862101229169,0.001509852183451356,0.0017500430700946857,linoleum,0.9951423208305988,0.001588755800500463,0.0014551552164366517,0.0018137681524640738
linoleum,circle,-95,-1.6590007225698746,3.625717566016074,3.625717566016074,linoleum,0.9937338258316771,0.0021072513754696945,0.002033956533966358,0.0021249662588868393,linoleum,0.9937338258316771,0.0021072513754696945,0.002033956533966358,0.0021249662588868393
linoleum,circle,-95,-1.6587260643667496,3.704936854190586,3.66532721010333,linoleum,0.9940688669412965,0.0019934165611199804,0.0019166192572032039,0.002021097240380395,linoleum,0.9939013463864869,0.0020503339682948376,0.0019752878955847813,0.0020730317496336177
linoleum,circle,-95,-1.6583860794729508,3.918484500574053,3.749712973593571,linoleum,0.9946203122791901,0.0018035209093018485,0.0017174527581824057,0.0018587140533255823,linoleum,0.9942608293328385,0.001926927438798343,0.0018463703268835935,0.0019658729014795998
linoleum,figure_eight,-95,-1.6596849425349065,3.946039035591274,3.946039035591274,linoleum,0.9952170070236571,0.0015758235068639207,0.0014546651121544677,0.0017525043573244567,linoleum,0.9947389181782478,0.0017513754728311318,0.0016505177195190305,0.0018591886294020282
linoleum,figure_eight,-95,-1.6594157120195523,3.812858783008037,3.879448909299655,linoleum,0.995111197115091,0.0016241356832925674,0.0015175393538675863,0.0017471278477488095,linoleum,0.9949250576466694,0.0016877555780618497,0.0015840285366933084,0.001803158238575419
linoleum,figure_eight,-95,-1.659365252802636,3.854190585533869,3.871029468044393,linoleum,0.9950910106863351,0.0016322222278025063,0.001527245208888567,0.001749521876973937,linoleum,0.9950080341665022,0.001659988902932178,0.0015556368727909376,0.001776340057774678
linoleum,figure_eight,-94,-1.6421051712353922,3.7198622273249136,3.7198622273249136,linoleum,0.9944329797392979,0.0018684491107542577,0.001787319286929502,0.0019112518630183479,linoleum,0.9944329797392979,0.0018684491107542577,0.001787319286929502,0.0019112518630183479
linoleum,figure_eight,-94,-1.642104805484626,3.9115958668197472,3.81572904707233,linoleum,0.994911779092164,0.0016998887933888476,0.001606105117300695,0.0017822269971465,linoleum,0.994672379415731,0.0017841689520715527,0.0016967122021150985,0.001846739430082424
linoleum,figure_eight,-94,-1.6419794797563063,4.196326061997704,3.942594718714121,linoleum,0.995216175946503,0.0015777252740632722,0.001459543373475624,0.001746555405958044,linoleum,0.994944277681117,0.0016809471130674125,0.0015781277877953612,0.001796647418020234
linoleum,figure_eight,-92,-1.5999966065082716,3.645235361653272,3.645235361653272,linoleum,0.9938711758948382,0.00206040284189892,0.001987156175380198,0.002081265087882589,linoleum,0.9938711758948382,0.00206040284189892,0.001987156175380198,0.002081265087882589
linoleum,figure_eight,-92,-1.600041002895263,3.340987370838117,3.493111366245694,linoleum,0.9920892589247807,0.0026603802205279153,0.002597065903378193,0.002653294951313068,linoleum,0.9929802174098096,0.002360391531213418,0.002292111039379196,0.002367280019597829
linoleum,figure_eight,-92,-1.6000194628048965,3.768082663605052,3.58476846536548,linoleum,0.9932828560133385,0.0022593033504904755,0.002190704661658103,0.002267135974512942,linoleum,0.9931315367115741,0.002309847440851947,0.0022414078505186494,0.0023172079970553853
linoleum,figure_eight,-91,-1.5832138792146515,4.521239954075775,4.521239954075775,linoleum,0.9900694823962635,0.002431301158330166,0.0018308630637618188,0.005668353381644622,linoleum,0.9900694823962635,0.002431301158330166,0.0018308630637618188,0.005668353381644622
linoleum,figure_eight,-91,-1.583078364537849,4.003444316877153,4.262342135476464,linoleum,0.9942868671017372,0.001705251110265049,0.0014463924994534954,0.0025614892885442286,linoleum,0.9921781747490004,0.0020682761342976077,0.0016386277816076572,0.004114921335094425
linoleum,figure_eight,-91,-1.5831981326861022,4.064293915040183,4.196326061997704,linoleum,0.994724550231432,0.0016253053844674824,0.0014101458354359598,0.0022399985486645274,linoleum,0.9934513624902161,0.0018467907593825452,0.0015243868085218085,0.003177459941879476
linoleum,figure_eight,-89,-1.5586020862094487,3.7485648679678527,3.7485648679678527,linoleum,0.9946326516958552,0.0017995841597670183,0.0017110817085664461,0.0018566824358113207,linoleum,0.9946326516958552,0.0017995841597670183,0.0017110817085664461,0.0018566824358113207
linoleum,figure_eight,-89,-1.5584103866961647,3.064293915040184,3.4064293915040182,linoleum,0.9906984138842551,0.0031273195264314383,0.0030644644017755393,0.0031098021875380524,linoleum,0.9926655327900551,0.002463451843099228,0.002387773055170993,0.0024832423116746866
linoleum,figure_eight,-89,-1.558354677361185,3.5487944890929963,3.453884424033678,linoleum,0.9915902603594464,0.002828717044510596,0.002764060158734275,0.002816962437308703,linoleum,0.9921278965747508,0.002646084443804912,0.002575916606952634,0.0026501023744916947
linoleum,figure_eight,-88,-1.5415381282424712,3.7026406429391514,3.7026406429391514,linoleum,0.9943947644548838,0.0018826085072976187,0.0017967378332152883,0.0019258892046030763,linoleum,0.9943947644548838,0.0018826085072976187,0.0017967378332152883,0.0019258892046030763
linoleum,figure_eight,-88,-1.5415335808584631,4.261768082663605,3.9822043628013777,linoleum,0.9952115369062888,0.001564965953446066,0.0014249819547612098,0.0017985151855038411,linoleum,0.9948031506805864,0.0017237872303718425,0.0016108598939882492,0.001862202195053459
linoleum,figure_eight,-88,-1.541586354113755,3.9988518943742815,3.987753539992346,linoleum,0.9952100650890472,0.0015637503629128376,0.0014220891529499351,0.0018040953950900684,linoleum,0.9950066078848168,0.00164376879664234,0.0015164745234690922,0.0018331487950717638
linoleum,figure_eight,-86,-1.4994181101296449,4.218140068886338,4.218140068886338,linoleum,0.9942418586005666,0.0017195409540074645,0.001439247588472159,0.0025993528569538005,linoleum,0.9942418586005666,0.0017195409540074645,0.001439247588472159,0.0025993528569538005
linoleum,figure_eight,-86,-1.499466146749887,3.920780711825488,4.069460390355913,linoleum,0.9950139243606,0.0015856966383858907,0.0013959538028911196,0.0020044251981229423,linoleum,0.9946278914805833,0.0016526187961966776,0.0014176006956816392,0.0023018890275383714
linoleum,figure_eight,-86,-1.4994392025270322,3.902411021814007,4.013777267508611,linoleum,0.9951329260126441,0.001572474296036519,0.0014059025418170106,0.0018886971495024258,linoleum,0.9948804087466137,0.0016125465461165984,0.001411751618749325,0.0020952930885203987
linoleum,circle,-85,-1.483168427144186,4.637198622273249,4.637198622273249,linoleum,0.9820227598409667,0.003613247360850636,0.002350116128282741,0.012013876669899939,linoleum,0.9820227598409667,0.003613247360850636,0.002350116128282741,0.012013876669899939
linoleum,circle,-85,-1.4831820170031949,4.288174512055109,4.462686567164178,linoleum,0.9899773763788983,0.002450541490882871,0.001794214460282591,0.005777867669936365,linoleum,0.9860000681099325,0.0030318944258667536,0.002072165294282666,0.008895872169918152
linoleum,circle,-85,-1.4831581751452847,3.827784156142365,4.251052430156908,linoleum,0.9937882264431895,0.0018039623183679692,0.0014729796912722492,0.0029348315471703053,linoleum,0.989894147276561,0.0024179283721173614,0.0017725724927774575,0.005915351858544228
linoleum,figure_eight,-85,-1.4821687988273944,3.9253731343283578,3.9253731343283578,linoleum,0.9951514484302502,0.0015920564587743875,0.0014449824097306201,0.0018115127012448772,linoleum,0.9925227978534056,0.0020049924154458745,0.001608777451254039,0.003863432279894553
linoleum,figure_eight,-85,-1.4818305840735273,4.225028702640643,4.0752009184845,linoleum,0.9949282159024174,0.0016024105847720852,0.0013965207803430782,0.0020728527324673086,linoleum,0.9937255068779115,0.0018037015001089798,0.0015026491157985587,0.0029681425061809305
linoleum,figure_eight,-85,-1.4822003825207717,3.464982778415614,3.871794871794872,linoleum,0.9951036064830846,0.001621314659964972,0.0014889095622612186,0.0017861692946890334,linoleum,0.9944145566804982,0.0017125080800369761,0.0014957793390298888,0.0023771559004349824
linoleum,circle,-84,-1.4583505074209488,3.5855338691159577,3.5855338691159577,linoleum,0.9937639968883396,0.002101918634625963,0.002009617063344235,0.0021244674136901035,linoleum,0.9937639968883396,0.002101918634625963,0.002009617063344235,0.0021244674136901035
linoleum,circle,-84,-1.4584017674154557,3.388059701492537,3.4867967853042474,linoleum,0.9927077563248005,0.0024591576668571906,0.0023753535921385662,0.002457732416203693,linoleum,0.9932358766065701,0.0022805381507415767,0.0021924853277414005,0.002291099914946898
linoleum,circle,-84,-1.458402482671193,4.261768082663605,3.7451205510907,linoleum,0.9947663379153632,0.0017533488301946685,0.0016391164148888146,0.0018411968395532136,linoleum,0.9940011072609667,0.0020169434904681225,0.0019158008713151076,0.002066148377250056
linoleum,figure_eight,-83,-1.4565291566614595,3.809414466130884,3.809414466130884,linoleum,0.9949874104657432,0.0016678440923103552,0.0015304113690718533,0.001814334072874472,linoleum,0.9949874104657432,0.0016678440923103552,0.0015304113690718533,0.001814334072874472
linoleum,figure_eight,-83,-1.4562507276188683,4.4902411021814,4.149827784156142,linoleum,0.9942974223798045,0.001718823723509958,0.0014241982236489266,0.0025595556730366713,linoleum,0.9946424164227738,0.0016933339079101568,0.00147730479636039,0.0021869448729555717
linoleum,figure_eight,-83,-1.4563368617613013,3.5866819747416767,3.96211251435132,linoleum,0.9950562487430621,0.0016000285662365241,0.0014141323507349604,0.0019295903399665119,linoleum,0.994849332582918,0.0016466812370733404,0.0014457185735476752,0.002058267606461042
linoleum,figure_eight,-82,-1.4383072977982574,3.831228473019518,3.831228473019518,linoleum,0.995021209045622,0.0016486590990282594,0.0014925819900116649,0.0018375498653381162,linoleum,0.995021209045622,0.0016486590990282594,0.0014925819900116649,0.0018375498653381162
linoleum,figure_eight,-82,-1.4382597910157302,3.5120551090700345,3.671641791044777,linoleum,0.994513956309065,0.0018450377396322334,0.0017247912861112988,0.0019162146651913806,linoleum,0.9947675826773436,0.0017468484193302466,0.0016086866380614821,0.0018768822652647486
linoleum,figure_eight,-82,-1.438389080931379,3.917336394948335,3.753539992345962,linoleum,0.9948512238606672,0.0017212117305083511,0.0015849577704861886,0.0018426066383382738,linoleum,0.9948094032690054,0.0017340300749192987,0.0015968222042738354,0.0018597444518015111
linoleum,figure_eight,-80,-1.3922819237457755,3.524684270952928,3.524684270952928,linoleum,0.9936931541160867,0.002133375586353584,0.002012907469662893,0.0021605628278968635,linoleum,0.9936931541160867,0.002133375586353584,0.002012907469662893,0.0021605628278968635
linoleum,figure_eight,-80,-1.3923617678301612,4.184845005740528,3.854764638346728,linoleum,0.9949650767003877,0.0016490691767375412,0.0014492257404049873,0.0019366283824696908,linoleum,0.9943291154082372,0.0018912223815455626,0.0017310666050339403,0.002048595605183277
linoleum,figure_eight,-80,-1.3922931756191048,3.640642939150402,3.783390738614619,linoleum,0.9949248620670512,0.0016844358115859044,0.0015098556921117731,0.0018808464292510618,linoleum,0.9946269887376443,0.0017878290965657338,0.001620461148572857,0.00196472101721717
linoleum,figure_eight,-79,-1.372968200490094,3.7462686567164174,3.7462686567164174,linoleum,0.9948502855639179,0.0017143019083479764,0.0015317382066965207,0.0019036743210377146,linoleum,0.9948502855639179,0.0017143019083479764,0.0015317382066965207,0.0019036743210377146
linoleum,figure_eight,-79,-1.3729384306968595,4.008036739380023,3.8771526980482207,linoleum,0.9948675272236595,0.0016626391203592387,0.0014281439063449015,0.002041689749636458,linoleum,0.9948589063937885,0.001688470514353607,0.0014799410565207107,0.001972682035337086
linoleum,figure_eight,-79,-1.372975155873802,3.6991963260619976,3.8178339073861465,linoleum,0.994912633819792,0.001672106690104864,0.0014639979992462342,0.0019512614908569492,linoleum,0.9948857701067904,0.0016802886022292357,0.0014719695278834727,0.001961971763097018
linoleum,figure_eight,-77,-1.343741789557583,3.5361653272101035,3.5361653272101035,linoleum,0.9941182584279729,0.001993311399766295,0.0018245580237334323,0.002063872148527508,linoleum,0.9941182584279729,0.001993311399766295,0.0018245580237334323,0.002063872148527508
linoleum,figure_eight,-77,-1.3434152789715876,4.1940298507462686,3.865097588978186,linoleum,0.994638543331563,0.001716469698515379,0.0014221463787017898,0.002222840591219959,linoleum,0.9943784008797679,0.001854890549140837,0.001623352201217611,0.0021433563698737335
linoleum,figure_eight,-77,-1.3433711713598124,4.407577497129736,4.045924225028703,linoleum,0.9935362358495322,0.0018969200390157408,0.0014426478730543515,0.0031241962383976286,linoleum,0.9939573183646501,0.0018759052940782888,0.0015330000371359812,0.002633776304135681
linoleum,figure_eight,-76,-1.322592523804112,3.729047072330655,3.729047072330655,linoleum,0.9947041907503812,0.0017490584418558078,0.001491951540770294,0.0020547992669926562,linoleum,0.9947041907503812,0.0017490584418558078,0.001491951540770294,0.0020547992669926562
linoleum,figure_eight,-76,-1.3225498654907637,3.57060849598163,3.6498277841561424,linoleum,0.9946167542429952,0.00180377461670852,0.0015791988456575713,0.002000272294638647,linoleum,0.9946604724966883,0.0017764165292821642,0.0015355751932139329,0.0020275357808156517
linoleum,figure_eight,-76,-1.3226995316202312,3.4121699196326065,3.5706084959816304,linoleum,0.9943634776681155,0.0019058742690309508,0.0017062610224414044,0.0020243870404121245,linoleum,0.9945119750824019,0.0018411453991565574,0.0016209181078276685,0.002025961410613888
linoleum,circle,-74,-1.2831502596484583,3.774971297359357,3.774971297359357,linoleum,0.9943409110603515,0.0018152451882764615,0.0014409431728261684,0.0024029005785458518,linoleum,0.9943409110603515,0.0018152451882764615,0.0014409431728261684,0.0024029005785458518
linoleum,circle,-74,-1.2831848303424285,3.885189437428244,3.8300803673938,linoleum,0.9941059376068375,0.0018480358280305383,0.0014272207302625205,0.0026188058348692975,linoleum,0.9942234243335946,0.0018316405081535,0.0014340819515443444,0.0025108532067075746
linoleum,circle,-74,-1.2831297556506558,3.331802525832376,3.663987753539992,linoleum,0.9945184212392336,0.001817780395378956,0.0015144632031654157,0.002149335162221898,linoleum,0.9943709227864141,0.001824710451766228,0.00147427257735488,0.0023300941844647365
linoleum,figure_eight,-73,-1.268166723979428,3.198622273249139,3.198622273249139,linoleum,0.991398877874996,0.0029504190259670706,0.0027444810311334483,0.0029062220679034485,linoleum,0.991398877874996,0.0029504190259670706,0.0027444810311334483,0.0029062220679034485
linoleum,figure_eight,-73,-1.2682596020213006,3.3731343283582094,3.2858783008036743,linoleum,0.9926057751091384,0.0025388639937785826,0.002321245133612339,0.0025341157634707514,linoleum,0.9920023264920672,0.0027446415098728266,0.002532863082372894,0.0027201689156871
linoleum,figure_eight,-73,-1.2682395610801218,3.329506314580941,3.3004209720627635,linoleum,0.9927687404086781,0.0024828190040958272,0.0022627459382240913,0.0024856946490020085,linoleum,0.9923855334503726,0.002613730256984327,0.0023978045102984926,0.0026029317823445543
linoleum,circle,-72,-1.2583771626180924,3.764638346727899,3.764638346727899,linoleum,0.9937993099003878,0.0019451303698463805,0.0014423685578504443,0.0028131911719154403,linoleum,0.9937993099003878,0.0019451303698463805,0.0014423685578504443,0.0028131911719154403
linoleum,circle,-72,-1.2583874146169938,4.050516647531573,3.907577497129736,linoleum,0.9924673899524905,0.002171583174934196,0.001470087904979307,0.0038909389675959583,linoleum,0.9931333499264392,0.0020583567723902883,0.0014562282314148755,0.003352065069755699
linoleum,circle,-72,-1.2584305683798112,4.00918484500574,3.941446613088405,linoleum,0.991975276540199,0.0022569765431983435,0.001491588263388593,0.004276158653214111,linoleum,0.9925543132333191,0.002157666657794316,0.0014739082474017342,0.003814111861484905
linoleum,figure_eight,-71,-1.2448337141219468,3.4121699196326056,3.4121699196326056,linoleum,0.9938482712866146,0.002109275279554489,0.0017831282607774662,0.0022593251730533125,linoleum,0.9938482712866146,0.002109275279554489,0.0017831282607774662,0.0022593251730533125
linoleum,figure_eight,-71,-1.2445856893122178,3.43398392652124,3.4230769230769225,linoleum,0.9938932252161073,0.0020913533713870576,0.0017607947406709996,0.0022546266718346327,linoleum,0.993870748251361,0.002100314325470774,0.001771961500724233,0.002256975922443973
linoleum,figure_eight,-71,-1.2448284704161503,3.845005740528129,3.563719862227325,linoleum,0.994142842252723,0.0019552433297941887,0.0015503952669683042,0.002351519150514382,linoleum,0.994006795252042,0.0020277788276324817,0.001661178383846269,0.002304247536479178
linoleum,figure_eight,-69,-1.209000529303893,2.9414466130884045,2.9414466130884045,linoleum,0.9880678866967162,0.0041360661643701545,0.0038161523682248262,0.003979894770689152,linoleum,0.9880678866967162,0.0041360661643701545,0.0038161523682248262,0.003979894770689152
linoleum,figure_eight,-69,-1.2085650302872428,3.551090700344432,3.246268656716418,linoleum,0.9929923119666764,0.0024412247840833083,0.0020715705449726794,0.0024948927042676332,linoleum,0.9905300993316961,0.0032886454742267306,0.0029438614565987517,0.0032373937374783916
linoleum,figure_eight,-69,-1.2085094509687668,3.2858783008036743,3.2594718714121704,linoleum,0.9930904937202911,0.002405434771994573,0.002031332707158652,0.002472738800555523,linoleum,0.9918102965259936,0.0028470401231106518,0.002487597081878702,0.002855066269016957
linoleum,figure_eight,-68,-1.1827908621006926,3.0470723306544203,3.0470723306544203,linoleum,0.9909329972563881,0.003178217752355295,0.0028026007888182006,0.003086184202438557,linoleum,0.9909329972563881,0.003178217752355295,0.0028026007888182006,0.003086184202438557
linoleum,figure_eight,-68,-1.1827331396607923,4.215843857634902,3.631458094144661,linoleum,0.9928015462763259,0.0022534178380275026,0.0014908691722682252,0.0034541667133784655,linoleum,0.991867271766357,0.0027158177951913985,0.002146734980543213,0.003270175457908511
linoleum,figure_eight,-68,-1.1828711790385251,3.973593570608496,3.74550325296594,linoleum,0.9914706648660957,0.0024845477315032895,0.001507557338993664,0.0045372300634072445,linoleum,0.9916689683162263,0.002600182763347344,0.0018271461597684385,0.003903702760657878
linoleum,figure_eight,-64,-1.1139842636039283,1.959816303099885,1.959816303099885,linoleum,0.7989839556555232,0.06792598722842243,0.06671684851282014,0.06637320860323424,linoleum,0.7989839556555232,0.06792598722842243,0.06671684851282014,0.06637320860323424
linoleum,figure_eight,-64,-1.1140636515819295,2.8082663605051663,2.3840413318025258,linoleum,0.9607782618978643,0.013577390712989803,0.012817593531260468,0.012826753857885382,linoleum,0.8798811087766938,0.040751688970706114,0.039767221022040306,0.039599981230559814
linoleum,figure_eight,-64,-1.114403956060839,2.1676234213547647,2.3119020283199387,linoleum,0.9490592782057535,0.017538167617716885,0.016721385913275776,0.01668116826325392,linoleum,0.9144701934912236,0.0291449282942115,0.028244303467658043,0.028140574746906864
linoleum,circle,-62,-1.0831707159625454,3.828932261768083,3.828932261768083,linoleum,0.9708905978201883,0.006472218425161827,0.0022973834643181703,0.02033980029033165,linoleum,0.9708905978201883,0.006472218425161827,0.0022973834643181703,0.02033980029033165
linoleum,circle,-62,-1.0831423441516324,3.683122847301952,3.7560275545350175,linoleum,0.9769585614709667,0.005473633939263935,0.0020797082043668568,0.015488096385402498,linoleum,0.9739245796455775,0.005972926182212881,0.0021885458343425136,0.017913948337867074
linoleum,circle,-62,-1.0831521193133755,3.626865671641791,3.712973593570609,linoleum,0.9797506733509214,0.0049995436455006394,0.001977730653377536,0.01327205235020057,linoleum,0.9768376264982495,0.005486234913856761,0.002083138243860025,0.015593000344033821
linoleum,figure_eight,-62,-1.0841293065432225,3.2479908151549943,3.2479908151549943,linoleum,0.9914655252677482,0.002920231341680644,0.0017432807383764583,0.00387096265219478,linoleum,0.9841515758829986,0.004203233127768702,0.0019132094911182413,0.009731981498114299
linoleum,figure_eight,-62,-1.0840693360442106,4.057405281285878,3.652698048220437,linoleum,0.9828957096998273,0.00445217288188196,0.0018633518142293153,0.010788765604061529,linoleum,0.983523642791413,0.0043277030048253316,0.0018882806526737785,0.010260373551087916
linoleum,figure_eight,-62,-1.0841356074853872,3.153846153846154,3.486414083429009,linoleum,0.9883527360355323,0.0034648633953554032,0.001689608402109455,0.006492792167002854,linoleum,0.9859381894134727,0.0038962832000903674,0.0017889445273916167,0.008376582859045386
linoleum,circle,-61,-1.0583556572622574,3.1423650975889785,3.1423650975889785,linoleum,0.9912370489197693,0.0030924082564724835,0.0018677460421717572,0.0038027967815865184,linoleum,0.9912370489197693,0.0030924082564724835,0.0018677460421717572,0.0038027967815865184
linoleum,circle,-61,-1.058438388509206,3.2158438576349027,3.179104477611941,linoleum,0.9910837490060539,0.0031023502258591385,0.0018206193700788418,0.003993281398008092,linoleum,0.9911603989629116,0.003097379241165811,0.0018441827061252995,0.0038980390897973053
linoleum,circle,-61,-1.0584646145529069,2.9804822043628016,3.1128970531955606,linoleum,0.9913117326298209,0.0030968996083353914,0.0019130285076174973,0.0036783392542262686,linoleum,0.9912360657963663,0.0030971394247506015,0.0018786056068713984,0.0037881891720117867
linoleum,figure_eight,-59,-1.0377169834359017,2.484500574052813,2.484500574052813,linoleum,0.9823242876999816,0.006618720440374549,0.005336164414128037,0.005720827445515736,linoleum,0.9823242876999816,0.006618720440374549,0.005336164414128037,0.005720827445515736
linoleum,figure_eight,-59,-1.0374028142497067,2.8691159586681976,2.676808266360505,linoleum,0.9878473976352699,0.004624243094782841,0.00337800181338957,0.004150357456557631,linoleum,0.9850858426676258,0.005621481767578696,0.004357083113758805,0.004935592451036684
linoleum,figure_eight,-59,-1.0372548542346935,2.4592422502870264,2.604286261002679,linoleum,0.9862775948315349,0.005201512023772071,0.003955678604490399,0.004565214540202755,linoleum,0.9856817187495803,0.005411496895675384,0.0041563808591246025,0.004750403495619719
linoleum,figure_eight,-58,-1.0038429639097637,4.032146957520093,4.032146957520093,linoleum,0.848882829419639,0.02577618070053121,0.0062306962896292424,0.11911029359020049,linoleum,0.848882829419639,0.02577618070053121,0.0062306962896292424,0.11911029359020049
linoleum,figure_eight,-58,-1.003800183117732,3.2123995407577497,3.622273249138921,linoleum,0.9646889656896186,0.008298539120571232,0.0026789189742558684,0.024333576215554188,linoleum,0.9067858975546289,0.017037359910551223,0.004454807631942556,0.07172193490287736
linoleum,figure_eight,-58,-1.0039929206045248,3.656716417910448,3.633754305396097,linoleum,0.9633920339214816,0.008521030354892586,0.0027258246827091557,0.02536111104091668,linoleum,0.9350889657380552,0.012779195132721905,0.003590316157325856,0.04854152297189702
linoleum,figure_eight,-52,-0.9140356587373948,2.0918484500574053,2.0918484500574053,linoleum,0.9703637638103352,0.012201601952864018,0.008595595683835264,0.0088390385529655,linoleum,0.9703637638103352,0.012201601952864018,0.008595595683835264,0.0088390385529655
linoleum,figure_eight,-52,-0.9141456715867644,1.9425947187141217,2.0172215843857635,linoleum,0.9642788922653898,0.014518246074115459,0.010674114837523216,0.01052874682297155,linoleum,0.9673213280378625,0.01335992401348974,0.00963485526067924,0.009683892687968525
linoleum,figure_eight,-52,-0.9141204106074828,1.979334098737084,2.00459242250287,linoleum,0.9630474854722503,0.014982372364796962,0.011091948393415669,0.010878193769537109,linoleum,0.9651844067550565,0.014171148189143353,0.010363401827047456,0.010281043228752819
linoleum,circle,-51,-0.8831446806537075,3.9770378874856487,3.9770378874856487,linoleum,0.5218901849246846,0.08115739888675676,0.01965172924651135,0.37730068694204716,linoleum,0.5218901849246846,0.08115739888675676,0.01965172924651135,0.37730068694204716
linoleum,circle,-51,-0.883155171071188,4.293915040183697,4.135476463834673,cell_carpet,0.3360744915603283,0.10704252991992959,0.02510558440291507,0.531777394116827,cell_carpet,0.42898233824250653,0.09409996440334319,0.022378656824713215,0.4545390405294371
linoleum,circle,-51,-0.8831697146045132,3.436280137772675,3.9024110218140073,linoleum,0.6060466212823878,0.06891613584669129,0.01698899012506868,0.3080482527458523,linoleum,0.5175144797624471,0.08150805012501725,0.01968382347489095,0.3812936466376447
linoleum,figure_eight,-50,-0.8750705918759513,3.756601607347876,3.756601607347876,linoleum,0.6908827401478262,0.057635765979375336,0.014982402763480883,0.23649909110931766,linoleum,0.6908827401478262,0.057635765979375336,0.014982402763480883,0.23649909110931766
linoleum,figure_eight,-50,-0.8748947042214631,3.235361653272101,3.4959816303099887,linoleum,0.8614680983655506,0.029767386502021518,0.00838324527619684,0.100381269856231,linoleum,0.7761754192566884,0.043701576240698425,0.011682824019838861,0.16844018048277432
linoleum,figure_eight,-50,-0.8750254883611635,4.185993111366246,3.725985457328741,linoleum,0.7176514452187167,0.053424897831451934,0.01400178781183665,0.21492186913799463,linoleum,0.7469134322377026,0.04856323703607518,0.012842305915837755,0.19168102481038446
linoleum,circle,-49,-0.8583455959982199,2.487944890929965,2.487944890929965,linoleum,0.9776824156019,0.008918102902462897,0.004133458269997948,0.009266023225639224,linoleum,0.9776824156019,0.008918102902462897,0.004133458269997948,0.009266023225639224
linoleum,circle,-49,-0.858372537297658,2.3616532721010333,2.4247990815154994,linoleum,0.9779468075889824,0.009036920846233604,0.004363985410412587,0.008652286154371419,linoleum,0.9778146115954411,0.00897751187434825,0.004248721840205267,0.00895915469000532
linoleum,circle,-49,-0.858463851613454,2.65556831228473,2.5017221584385765,linoleum,0.9775718566568744,0.008908548190470463,0.004092603795473058,0.009426991357182186,linoleum,0.9776932341261577,0.008943030032409358,0.004170662817839163,0.009193073023593753
linoleum,figure_eight,-47,-0.8141466348339119,1.8427095292766933,1.8427095292766933,linoleum,0.9560068620909862,0.019525529091773183,0.012528315295057608,0.01193929352218296,linoleum,0.9560068620909862,0.019525529091773183,0.012528315295057608,0.01193929352218296
linoleum,figure_eight,-47,-0.8145287534864195,1.4110218140068886,1.626865671641791,linoleum,0.9241336043488251,0.032470456973101455,0.023586536365954154,0.01980940231211934,linoleum,0.9400702332199057,0.025997993032437324,0.018057425830505885,0.015874347917151154
linoleum,figure_eight,-47,-0.8139970068973527,1.4190585533869118,1.557596632223498,linoleum,0.9064621227901509,0.03937230831641563,0.02965990548858189,0.02450566340485153,linoleum,0.9232661780050283,0.032685150674426476,0.023858665659543886,0.02019000566100134
linoleum,figure_eight,-44,-0.7707371297097263,3.483352468427095,3.483352468427095,linoleum,0.6029305848813502,0.0817205281216846,0.025542282622372656,0.2898066043745924,linoleum,0.6029305848813502,0.0817205281216846,0.025542282622372656,0.2898066043745924
linoleum,figure_eight,-44,-0.7707644220913572,2.809414466130884,3.146383467278989,linoleum,0.8330969316548826,0.04003019422961457,0.013378842101562238,0.11349403201394057,linoleum,0.7180137582681164,0.06087536117564958,0.019460562361967446,0.2016503181942665
linoleum,figure_eight,-44,-0.7708588425197487,3.056257175660161,3.1163413700727136,linoleum,0.8455911876899097,0.03763996788168842,0.012673216366447016,0.10409562806195492,linoleum,0.7818024729790131,0.049257664528669004,0.01606688936420723,0.1528729731281107
linoleum,circle,-39,-0.68316632906069,4.274397244546498,4.274397244546498,cell_carpet,0.010008094962881872,0.22288264810075795,0.08074565808840012,0.6863635988479602,cell_carpet,0.010008094962881872,0.22288264810075795,0.08074565808840012,0.6863635988479602
linoleum,circle,-39,-0.6831889788257046,3.959816303099885,4.117106773823192,cell_carpet,0.0224223873608349,0.21060569988233277,0.07547679414383399,0.6914951186129984,cell_carpet,0.016215241161858386,0.21674417399154536,0.07811122611611705,0.6889293587304792
linoleum,circle,-39,-0.6831985155688688,3.74052812858783,3.991580558744738,cell_carpet,0.04220065653031204,0.20129193499938225,0.07175744850486764,0.684749959965438,cell_carpet,0.029207948846085213,0.2090180544954638,0.07493433731049234,0.6868396593479587
linoleum,circle,-38,-0.6588996330923357,2.1814006888633752,2.1814006888633752,linoleum,0.924268172322662,0.027542108130937097,0.013020959510020465,0.03516876003638038,linoleum,0.924268172322662,0.027542108130937097,0.013020959510020465,0.03516876003638038
linoleum,circle,-38,-0.6583786884969988,2.0964408725602754,2.1389207807118256,linoleum,0.9266590941018273,0.02727960572231488,0.01307909373695863,0.032982206438899105,linoleum,0.9254636332122447,0.02741085692662599,0.013050026623489547,0.034075483237639745
linoleum,circle,-38,-0.6584552208608904,1.6831228473019515,1.9869881362418675,linoleum,0.9315995567950474,0.027444870081129898,0.01387965409863262,0.027075919025190073,linoleum,0.928531595003646,0.027427863503877943,0.013464840361061083,0.03057570113141491
linoleum,figure_eight,-38,-0.6561739060633591,0.928817451205511,0.928817451205511,linoleum,0.6765130695339078,0.14534436875912632,0.11723422850332157,0.060908333203644464,linoleum,0.8025223322687767,0.08638611613150211,0.06534953443219131,0.04574201716752968
linoleum,figure_eight,-38,-0.6563638387656134,0.7003444316877154,0.8145809414466132,linoleum,0.5759952987508028,0.18485765343911512,0.15663041293846622,0.08251663487161588,linoleum,0.6892588155097897,0.13562188478530862,0.11098997368532876,0.06412932601957277
linoleum,figure_eight,-38,-0.6563030354456255,0.7979334098737084,0.8090317642556449,linoleum,0.5707748218911671,0.1868421420828634,0.15867761134676006,0.08370542467920933,linoleum,0.6300168187004785,0.16123201343408602,0.13483379251604444,0.07391737534939107
linoleum,figure_eight,-35,-0.6075530667826069,3.2376578645235363,3.2376578645235363,cell_carpet,0.3556175095799437,0.14466051952695066,0.05912463184381717,0.44059733904928833,cell_carpet,0.3556175095799437,0.14466051952695066,0.05912463184381717,0.44059733904928833
linoleum,figure_eight,-35,-0.607263820824843,2.6693455797933408,2.9535017221584385,linoleum,0.5983295512902762,0.09621868446162957,0.04034280846434941,0.26510895578374466,linoleum,0.47697353043511,0.12043960199429013,0.0497337201540833,0.3528531474165166
linoleum,figure_eight,-35,-0.6074982435167541,3.4374282433983927,3.1148105625717566,linoleum,0.46443568149214887,0.12298322106414969,0.05072676811673925,0.3618543293269622,linoleum,0.4707046059636294,0.12171141152921991,0.05023024413541127,0.3573537383717394
linoleum,figure_eight,-31,-0.533046179180653,0.5396096440872561,0.5396096440872561,linoleum,0.42407615944530475,0.26170372352386745,0.23670931294266664,0.07751080408816106,linoleum,0.42407615944530475,0.26170372352386745,0.23670931294266664,0.07751080408816106
linoleum,figure_eight,-31,-0.5333905789657536,0.4535017221584386,0.4965556831228473,linoleum,0.3873690107118299,0.2758848278872581,0.25402101962270673,0.0827251417782053,linoleum,0.4057225850785673,0.2687942757055628,0.24536516628268668,0.08011797293318318
linoleum,figure_eight,-31,-0.5328614135490369,0.4029850746268657,0.4653654802908535,linoleum,0.36174105029058506,0.28542736511581274,0.2661855189832146,0.08664606561038753,linoleum,0.3837318176845762,0.2771108204106878,0.25577534263295065,0.08338201927178535
linoleum,circle,-28,-0.4831672350512914,2.888633754305396,2.888633754305396,cell_carpet,0.36704041178047664,0.1537666105108818,0.07512706184028616,0.4040659158683555,cell_carpet,0.36704041178047664,0.1537666105108818,0.07512706184028616,0.4040659158683555
linoleum,circle,-28,-0.4831927458392544,3.717566016073479,3.3030998851894378,cell_carpet,0.10688578312025632,0.21648221338853113,0.10508505288799291,0.5715469506032195,cell_carpet,0.23696309745036648,0.18512441194970647,0.09010605736413954,0.4878064332357875
linoleum,circle,-28,-0.4826081434832983,2.7611940298507465,3.1224646000765404,cell_carpet,0.19965904853616936,0.19195818534051184,0.09308843560422098,0.5152943305190978,cell_carpet,0.2183110729932679,0.18854129864510916,0.09159724648418026,0.5015503818774426
linoleum,figure_eight,-28,-0.4812665106860884,2.748564867967853,2.748564867967853,linoleum,0.4751697531666347,0.13028924626699984,0.064246217933119,0.3302947826332465,cell_carpet,0.3467404130799513,0.1594152724560545,0.07792173220864962,0.41592258225534456
linoleum,figure_eight,-28,-0.4812468947601031,3.252583237657865,3.0005740528128597,cell_carpet,0.28224658429568467,0.17265995391893732,0.0839530159424197,0.4611404458429584,cell_carpet,0.31449349868781795,0.1660376131874959,0.08093737407553467,0.43853151404915147
linoleum,figure_eight,-28,-0.4814308359888439,3.3306544202066592,3.1106008419441253,cell_carpet,0.20707014540476557,0.1901674664508472,0.09223304960972546,0.5105293385346619,cell_carpet,0.26078182204629174,0.17810253981917157,0.08658521184263007,0.47453042629190667
linoleum,circle,-26,-0.4583259503073015,1.1894374282433984,1.1894374282433984,linoleum,0.79079994291652,0.09017468558653124,0.06294711463389553,0.05607825686305324,linoleum,0.79079994291652,0.09017468558653124,0.06294711463389553,0.05607825686305324
linoleum,circle,-26,-0.4583874623007097,1.087256027554535,1.1383467278989667,linoleum,0.7795840008334559,0.09636370197845343,0.0684485251124572,0.05560377207563347,linoleum,0.785191971874988,0.09326919378249234,0.06569781987317637,0.05584101446934335
linoleum,circle,-26,-0.4584268013662614,0.9242250287026406,1.066972828166858,linoleum,0.7605122433741586,0.10655333386334417,0.07760177138005091,0.05533265138244635,linoleum,0.7728521076245731,0.09991126382291823,0.07164979562661362,0.055586832925894836
linoleum,figure_eight,-20,-0.3502616194474418,1.408725602755453,1.408725602755453,linoleum,0.7678540115216774,0.0846479793776865,0.05660661094081023,0.09089139815982587,linoleum,0.7678540115216774,0.0846479793776865,0.05660661094081023,0.09089139815982587
linoleum,figure_eight,-20,-0.3504823346371746,1.2399540757749712,1.324339839265212,linoleum,0.7644585568224302,0.08875355106758745,0.06067243606030892,0.08611545604967323,linoleum,0.766156284172054,0.08670076522263699,0.058639523500559586,0.08850342710474957
linoleum,figure_eight,-20,-0.3503319158936713,0.9448909299655568,1.1978568694986604,linoleum,0.7517462362463141,0.09799771946591194,0.06939611102501567,0.08085993326275832,linoleum,0.758951260209184,0.09234924234427447,0.06401781726278763,0.08468168018375394
linoleum,figure_eight,-17,-0.2972326706874825,1.87256027554535,1.87256027554535,linoleum,0.6775511995189644,0.09535126146087684,0.05891513369518503,0.1681824053249739,linoleum,0.6775511995189644,0.09535126146087684,0.05891513369518503,0.1681824053249739
linoleum,figure_eight,-17,-0.2969657569867226,2.249138920780712,2.0608495981630317,linoleum,0.6107509374498816,0.10877526253053141,0.06549654694750645,0.21497725307208038,linoleum,0.6441510684844229,0.10206326199570412,0.06220584032134574,0.19157982919852712
linoleum,figure_eight,-17,-0.2971767958202366,1.9827784156142363,2.0348258706467663,linoleum,0.621550929834213,0.10651032327144581,0.06433790764152666,0.20760083925281464,linoleum,0.632850999159318,0.10428679263357496,0.0632718739814362,0.19959033422567088
linoleum,circle,-16,-0.283160750065939,3.416762342135476,3.416762342135476,cell_carpet,0.014848903870997042,0.2948448150440168,0.18001810763592746,0.5102881734490586,cell_carpet,0.014848903870997042,0.2948448150440168,0.18001810763592746,0.5102881734490586
linoleum,circle,-16,-0.2831605116473599,3.5740528128587834,3.49540757749713,cell_carpet,0.01034622942509361,0.30446989531965857,0.18784327924095637,0.4973405960142915,cell_carpet,0.012597566648045327,0.29965735518183767,0.18393069343844193,0.5038143847316751
linoleum,circle,-16,-0.2831879297839565,2.381171067738232,3.1239954075774974,cell_carpet,0.05329887758240421,0.26015511172104494,0.15427061844246068,0.5322753922540903,cell_carpet,0.032948222115224766,0.2799062334514413,0.16910065594045132,0.5180448884928827
linoleum,circle,-15,-0.2587779442495622,1.304247990815155,1.304247990815155,linoleum,0.7280943407409035,0.09744509544486953,0.06796341865657601,0.106497145157651,linoleum,0.7280943407409035,0.09744509544486953,0.06796341865657601,0.106497145157651
linoleum,circle,-15,-0.2583993355459489,1.2135476463834671,1.2588978185993112,linoleum,0.7258895181408536,0.099926244042476,0.07047974845551068,0.10370448936115967,linoleum,0.7269919294408785,0.09868566974367277,0.06922158355604335,0.10510081725940534
linoleum,circle,-15,-0.2587209622091569,0.6349024110218139,1.050899349406812,linoleum,0.6991616006066607,0.11808514161678126,0.08807959697089969,0.09467366080565834,linoleum,0.7130767650237696,0.108385405680227,0.07865059026347151,0.09988723903253184
linoleum,figure_eight,-13,-0.2190359881285542,1.3846153846153846,1.3846153846153846,linoleum,0.7162646047394472,0.09692733744766655,0.0666779413708464,0.12013011644203991,linoleum,0.7162646047394472,0.09692733744766655,0.0666779413708464,0.12013011644203991
linoleum,figure_eight,-13,-0.2190072588696335,1.708381171067738,1.5464982778415617,linoleum,0.7046133742183274,0.09500239054111836,0.06320437344999921,0.13717986179055502,linoleum,0.7104389894788873,0.09596486399439245,0.0649411574104228,0.12865498911629747
linoleum,figure_eight,-13,-0.2188856280047641,1.8197474167623424,1.6375813241484884,linoleum,0.6912417942804137,0.09611794195068991,0.06288147880503737,0.149758784963859,linoleum,0.7008403918796505,0.0960414029725412,0.06391131810773011,0.13920688704007825
linoleum,figure_eight,-10,-0.1667429388735134,1.9150401836969,1.9150401836969,linoleum,0.5907062787875849,0.11552966301140488,0.07330538793885462,0.2204586702621557,linoleum,0.5907062787875849,0.11552966301140488,0.07330538793885462,0.2204586702621557
linoleum,figure_eight,-10,-0.1667098533091951,2.2319173363949485,2.073478760045924,linoleum,0.5208461354402804,0.1306568964906077,0.0815595025477408,0.2669374655213711,linoleum,0.5557762071139326,0.12309327975100628,0.0774324452432977,0.2436980678917634
linoleum,figure_eight,-10,-0.1669591069853931,2.2112514351320325,2.1194029850746268,linoleum,0.49745936203384433,0.13592946965629094,0.08451983392686938,0.2820913343829952,linoleum,0.5266177845738885,0.12951137470364862,0.08097613958508355,0.2628947011373794
linoleum,circle,-5,-0.0831607023822232,1.7634902411021816,1.7634902411021816,linoleum,0.6188515600535266,0.11080802425301989,0.07239703420878174,0.1979433814846717,linoleum,0.6188515600535266,0.11080802425301989,0.07239703420878174,0.1979433814846717
linoleum,circle,-5,-0.083181444798605,1.9862227324913893,1.8748564867967852,linoleum,0.5811450696382028,0.1183080519282273,0.07623059971886345,0.2243162787147064,linoleum,0.5999983148458647,0.11455803809062359,0.0743138169638226,0.21112983009968905
linoleum,circle,-5,-0.0829075018512173,1.1504018369690012,1.6333716035208574,linoleum,0.6521529739817943,0.1051106107648831,0.06999234674674358,0.1727440685065791,linoleum,0.6260756444138296,0.10983432442775334,0.07215308185528309,0.1919369493031341
linoleum,circle,-3,-0.0583251396841325,1.7657864523536164,1.7657864523536164,linoleum,0.6154676991793842,0.11155509245184085,0.07295604659846396,0.20002116177031107,linoleum,0.6154676991793842,0.11155509245184085,0.07295604659846396,0.20002116177031107
linoleum,circle,-3,-0.0584104935354509,1.785304247990815,1.7755453501722158,linoleum,0.6124682214206257,0.11212649208087276,0.07323513341625955,0.20217015308224193,linoleum,0.613967960300005,0.1118407922663568,0.07309559000736175,0.2010956574262765
linoleum,circle,-3,-0.0584007183737077,2.2916188289322617,1.947569843092231,linoleum,0.5487313888043022,0.12526793085742413,0.08019872810818224,0.24580195223009155,linoleum,0.5813496745521536,0.11855436156189048,0.076647159057772,0.22344880482818402
linoleum,figure_eight,-2,-0.0417339799976943,1.967853042479908,1.967853042479908,linoleum,0.5398759953306042,0.127188246790216,0.08127208919563776,0.2516636686835421,linoleum,0.5398759953306042,0.127188246790216,0.08127208919563776,0.2516636686835421
linoleum,figure_eight,-2,-0.0420677563277163,2.039035591274397,2.0034443168771525,linoleum,0.5236622926414777,0.1307669814140574,0.08327872444883422,0.2622920014956306,linoleum,0.5317691439860409,0.1289776141021367,0.082275406822236,0.2569778350895864
linoleum,figure_eight,-2,-0.0417946300444437,1.7072330654420207,1.904707233065442,linoleum,0.5665418182060059,0.12144008682384969,0.07810584502141886,0.23391224994872545,linoleum,0.5491554810960234,0.12520885046299318,0.08019062592182744,0.24544504251915591
linoleum,figure_eight,0,0.0061832314597362,1.656716417910448,1.656716417910448,linoleum,0.6470472311266623,0.10583807705806808,0.0702610570460376,0.17685363476923202,linoleum,0.6470472311266623,0.10583807705806808,0.0702610570460376,0.17685363476923202
linoleum,figure_eight,0,0.0062953468934372,1.492537313432836,1.5746268656716418,linoleum,0.6635782860869377,0.10355615701341829,0.06966041302175845,0.16320514387788548,linoleum,0.6553127586068,0.10469711703574322,0.06996073503389803,0.1700293893235588
linoleum,figure_eight,0,0.0062641300346397,2.298507462686567,1.8159203980099503,linoleum,0.6022115028326581,0.11398324922167995,0.07400422346032175,0.20980102448534013,linoleum,0.6287621307197291,0.10934018312871158,0.07198247924710989,0.18991520690444946
linoleum,figure_eight,4,0.07416296311179,3.227324913892078,3.227324913892078,cell_carpet,0.02197373198491494,0.2930911353184879,0.18700626264420814,0.497928870052389,cell_carpet,0.02197373198491494,0.2930911353184879,0.18700626264420814,0.497928870052389
linoleum,figure_eight,4,0.074199192843551,2.1676234213547647,2.697474167623421,cell_carpet,0.16027134353416658,0.2235311318207374,0.13741248040573892,0.4787850442393571,cell_carpet,0.09112253775954077,0.25831113356961266,0.16220937152497353,0.488356957145873
linoleum,figure_eight,4,0.0743618944157498,2.2835820895522394,2.5595101415996937,cell_carpet,0.23149196161335273,0.2023267739202038,0.12418735700767901,0.44199390745876455,cell_carpet,0.16130724968644675,0.23031895374490824,0.14319836426632626,0.4651754323023188
linoleum,figure_eight,7,0.1181358207821219,1.6199770378874856,1.6199770378874856,linoleum,0.6870439251991657,0.09725639380230258,0.0641773948626726,0.15152228613585908,linoleum,0.6870439251991657,0.09725639380230258,0.0641773948626726,0.15152228613585908
linoleum,figure_eight,7,0.1181315531841398,1.7772675086107923,1.698622273249139,linoleum,0.6716015722216692,0.09937675521306248,0.06470650554703353,0.16431516701823462,linoleum,0.6793227487104175,0.09831657450768254,0.06444195020485308,0.1579187265770469
linoleum,figure_eight,7,0.1179958949733373,1.722158438576349,1.7064676616915424,linoleum,0.6698429984241328,0.09965194168611939,0.06480316022924716,0.16570189966050067,linoleum,0.6745828735672752,0.09898425809690096,0.06462255521705013,0.16181031311877378
linoleum,circle,8,0.1416727622323713,2.207807118254879,2.207807118254879,linoleum,0.4811636971874771,0.1386644278418049,0.08458762736359074,0.2955842476071272,linoleum,0.4811636971874771,0.1386644278418049,0.08458762736359074,0.2955842476071272
linoleum,circle,8,0.141282232599803,2.0941446613088406,2.15097588978186,linoleum,0.5121467464951893,0.13163409811163362,0.08067292813782063,0.2755462272553565,linoleum,0.4966552218413332,0.13514926297671925,0.0826302777507057,0.28556523743124185
linoleum,circle,8,0.1416136344247541,3.242250287026406,2.5147340221967087,cell_carpet,0.29368259175918476,0.1839695568334157,0.11053290810774007,0.4118149432996595,linoleum,0.39516890680025896,0.15955940990506748,0.09658159292922289,0.3486900903654507
linoleum,circle,11,0.2000353336334228,1.86796785304248,1.86796785304248,linoleum,0.6667419814143122,0.0977729834815929,0.06099269845327295,0.17449233665082198,linoleum,0.6667419814143122,0.0977729834815929,0.06099269845327295,0.17449233665082198
linoleum,circle,11,0.2000010013580322,1.815154994259472,1.841561423650976,linoleum,0.674323143403584,0.0963674489953554,0.06035949636953642,0.16894991123152417,linoleum,0.6705325624089481,0.09707021623847414,0.060676097411404686,0.17172112394117306
linoleum,circle,11,0.2000319957733154,1.948335246842709,1.8771526980482205,linoleum,0.6639909984981198,0.09829263976555543,0.0612324539025988,0.17648390783372597,linoleum,0.6672617804535339,0.09768142800201479,0.06095427565700175,0.17410251588744952
linoleum,figure_eight,13,0.2187717587297125,2.0918484500574053,2.0918484500574053,linoleum,0.6135026291650919,0.1074133934494507,0.06418321623467899,0.2149007611507785,linoleum,0.6135026291650919,0.1074133934494507,0.06418321623467899,0.2149007611507785
linoleum,figure_eight,13,0.2186615494117613,2.176808266360505,2.134328358208955,linoleum,0.5943523709105764,0.11149060642493254,0.0662851630348481,0.2278718596296429,linoleum,0.6039275000378341,0.10945199993719162,0.06523418963476355,0.2213863103902107
linoleum,figure_eight,13,0.2187296856170027,2.916188289322618,2.3949483352468426,linoleum,0.44890006827232565,0.14385782109907183,0.08351350009503068,0.32372861053357177,linoleum,0.5264137841550799,0.1266549105181317,0.07437384486489712,0.2725574604618912
linoleum,figure_eight,15,0.2559388407272644,1.626865671641791,1.626865671641791,linoleum,0.7594180905201421,0.08009778156406597,0.051140779331955065,0.1093433485838369,linoleum,0.7594180905201421,0.08009778156406597,0.051140779331955065,0.1093433485838369
linoleum,figure_eight,15,0.256019837550305,1.21699196326062,1.4219288174512057,linoleum,0.768373510756605,0.08373888258631736,0.056104353417016084,0.09178325324006145,linoleum,0.7638958006383736,0.08191833207519167,0.05362256637448558,0.10056330091194918
linoleum,figure_eight,15,0.2562586460634045,1.833524684270953,1.5591274397244546,linoleum,0.7648200336396986,0.08046697367217516,0.05215878588555529,0.10255420680257092,linoleum,0.7643579171390361,0.08119265287368341,0.052890676130020436,0.10155875385726004
linoleum,figure_eight,18,0.3074952738087436,2.609644087256028,2.609644087256028,linoleum,0.4212151754443795,0.14661243972662014,0.07932938748134677,0.35284299734765356,linoleum,0.4212151754443795,0.14661243972662014,0.07932938748134677,0.35284299734765356
linoleum,figure_eight,18,0.3075353302587926,2.5591274397244548,2.584385763490241,linoleum,0.4389772278397489,0.1426143554722828,0.07729469430504209,0.3411137223829263,linoleum,0.4300962016420642,0.14461339759945147,0.07831204089319443,0.3469783598652899
linoleum,figure_eight,18,0.3076912394649486,2.164179104477612,2.444316877152698,linoleum,0.5322850358603441,0.12192119659443788,0.06683079550957427,0.2789629720356438,linoleum,0.48119061875120417,0.13326729709694468,0.07257141820138435,0.31297066595046685
linoleum,figure_eight,19,0.3402918077502287,0.8771526980482205,0.8771526980482205,linoleum,0.6823317970173006,0.14279201037692094,0.11249302076104993,0.06238317184472843,linoleum,0.6823317970173006,0.14279201037692094,0.11249302076104993,0.06238317184472843
linoleum,figure_eight,19,0.3403030859841954,0.9942594718714124,0.9357060849598164,linoleum,0.7070883912749618,0.13031022374438694,0.10048899258735401,0.062112392393297446,linoleum,0.6947100941461313,0.13655111706065393,0.10649100667420197,0.06224778211901294
linoleum,figure_eight,19,0.3401884887013386,0.9804822043628016,0.9506314580941448,linoleum,0.7128379979975858,0.12737818258766806,0.09770192467030189,0.062081894744444234,linoleum,0.7037740460718586,0.131964649824161,0.10209646567225193,0.062164838431728583
linoleum,circle,20,0.3416337092691144,3.1595866819747416,3.1595866819747416,cell_carpet,0.1208552554144193,0.21805487978834381,0.11281934233542099,0.5482705224618158,cell_carpet,0.1208552554144193,0.21805487978834381,0.11281934233542099,0.5482705224618158
linoleum,circle,20,0.3415748198800764,2.9988518943742823,3.079219288174512,cell_carpet,0.15917242999729114,0.20711979173661102,0.107058914601907,0.5266488636641908,cell_carpet,0.1400138427058552,0.2125873357624774,0.109939128468664,0.5374596930630033
linoleum,circle,20,0.3415874560647687,1.746268656716418,2.6349024110218138,linoleum,0.46068195915247856,0.13599646532398674,0.07140139635762037,0.3319201791659144,cell_carpet,0.3003479009291669,0.1742919005432321,0.0906702624131422,0.4346899361144589
linoleum,circle,23,0.3999989032745362,2.6199770378874856,2.6199770378874856,linoleum,0.5672810139823403,0.11007381633477843,0.05522359837424233,0.267421571308639,linoleum,0.5672810139823403,0.11007381633477843,0.05522359837424233,0.267421571308639
linoleum,circle,23,0.4000062942504883,2.721010332950632,2.670493685419059,linoleum,0.5325808445612029,0.11746830024517955,0.058636856802398926,0.2913139983912187,linoleum,0.5499309292717716,0.113771058289979,0.05693022758832063,0.27936778484992886
linoleum,circle,23,0.4000072479248047,2.1595866819747416,2.5001913509376195,linoleum,0.6408371161229854,0.09447060112694876,0.04805496629656631,0.21663731645349943,linoleum,0.5953840226973786,0.10412082970846387,0.05249259694244347,0.24800255065171414
linoleum,figure_eight,24,0.4136377675495546,2.788748564867968,2.788748564867968,linoleum,0.4810337171918634,0.12735516343959932,0.06181001846604871,0.3298011009024886,linoleum,0.4810337171918634,0.12735516343959932,0.06181001846604871,0.3298011009024886
linoleum,figure_eight,24,0.4136892440825019,2.7313432835820897,2.760045924225029,linoleum,0.5028048481165994,0.1227297076968742,0.05971228932380113,0.3147531548627253,linoleum,0.4919192826542314,0.12504243556823677,0.060761153894924924,0.322277127882607
linoleum,figure_eight,24,0.4137377795431524,2.6486796785304247,2.722923842326827,linoleum,0.5302226063465497,0.11691587471262853,0.05707822155066092,0.2957832973901609,linoleum,0.5110709445003906,0.12097915514043264,0.05891968772279292,0.30903021263638397
linoleum,figure_eight,25,0.4404530767378974,0.8289322617680827,0.8289322617680827,linoleum,0.6622967108721433,0.158381773257628,0.12777664937063984,0.05154486649958878,linoleum,0.6622967108721433,0.158381773257628,0.12777664937063984,0.05154486649958878
linoleum,figure_eight,25,0.4408041075867024,0.8277841561423651,0.8283582089552239,linoleum,0.6619290574113724,0.15855242649842022,0.1279448461723476,0.05157366991785961,linoleum,0.662112884141758,0.15846709987802413,0.12786074777149375,0.05155926820872421
linoleum,figure_eight,25,0.4407762641080091,0.9506314580941448,0.8691159586681975,linoleum,0.6869641148346686,0.14685448576788807,0.1165209667982977,0.04966043259914585,linoleum,0.6745384994882132,0.15266079282295605,0.1221908572848957,0.050609850403935015
linoleum,figure_eight,27,0.4772213300052965,2.1343283582089554,2.1343283582089554,linoleum,0.8547032554463614,0.04694464836867104,0.024155011827334517,0.07419708435763298,linoleum,0.8547032554463614,0.04694464836867104,0.024155011827334517,0.07419708435763298
linoleum,figure_eight,27,0.477234001927736,2.594718714121699,2.3645235361653274,linoleum,0.8039090810011025,0.05681886691956937,0.02781534636018571,0.11145670571914236,linoleum,0.829306168223732,0.05188175764412021,0.02598517909376012,0.09282689503838769
linoleum,figure_eight,27,0.4772209920818143,2.509758897818599,2.4129353233830844,linoleum,0.7886806298021254,0.05993120939439943,0.02907032443460508,0.12231783636887016,linoleum,0.8089933990129285,0.05590648351925981,0.027527751764182592,0.1075723657036289
linoleum,figure_eight,29,0.5004446485593889,1.4512055109070034,1.4512055109070034,linoleum,0.883962637155049,0.05222352643137579,0.03291450559953454,0.030899330814040716,linoleum,0.883962637155049,0.05222352643137579,0.03291450559953454,0.030899330814040716
linoleum,figure_eight,29,0.5003883540175594,1.2365097588978184,1.343857634902411,linoleum,0.8679981202464552,0.060857523431037376,0.04003083517126439,0.03111352115124302,linoleum,0.8759803787007521,0.05654052493120658,0.03647267038539946,0.031006425982641868
linoleum,figure_eight,29,0.5002768528030763,1.1148105625717566,1.267508610792193,linoleum,0.852278442324171,0.06894491791798252,0.04679460532019417,0.031982034437652324,linoleum,0.8641294105124615,0.06274272142459456,0.04163363785279682,0.03149423021014709
linoleum,circle,31,0.541656406717845,3.34443168771527,3.34443168771527,cell_carpet,0.3077702292183876,0.15123931024594867,0.060218904149065305,0.48077155638659835,cell_carpet,0.3077702292183876,0.15123931024594867,0.060218904149065305,0.48077155638659835
linoleum,circle,31,0.5416313727670393,3.287026406429392,3.315729047072331,cell_carpet,0.3326069753009833,0.1463572115184536,0.058376367795028104,0.46265944538553494,cell_carpet,0.3201886022596855,0.14879826088220113,0.05929763597204671,0.4717155008860666
linoleum,circle,31,0.5415650924020491,2.431687715269805,3.021048603138156,linoleum,0.5910369823779245,0.09575114371640896,0.039236056320052774,0.27397581758561373,linoleum,0.45561279231880497,0.12227470229930504,0.049266846146049745,0.3728456592358402
linoleum,figure_eight,32,0.5519143501437699,3.082663605051665,3.082663605051665,linoleum,0.5881344053436073,0.09490903659706983,0.03771326835257644,0.2792432897067465,linoleum,0.5881344053436073,0.09490903659706983,0.03771326835257644,0.2792432897067465
linoleum,figure_eight,32,0.5518542074067898,3.388059701492538,3.235361653272101,linoleum,0.4539225484680958,0.12085012426056345,0.047244414187008504,0.3779829130843322,linoleum,0.5210284769058515,0.10787958042881664,0.04247884126979247,0.32861310139553934
linoleum,figure_eight,32,0.5518661001850855,2.3960964408725607,2.9556065824722544,linoleum,0.6824862473937762,0.07638489768211698,0.030875460709891032,0.21025339421421577,linoleum,0.6017573621498139,0.09213223905546682,0.036677150989841756,0.2694332478048776
linoleum,figure_eight,33,0.5705228743728775,2.319173363949484,2.319173363949484,linoleum,0.9132342560095004,0.029061655454627102,0.013303756650053624,0.0444003318858189,linoleum,0.9132342560095004,0.029061655454627102,0.013303756650053624,0.0444003318858189
linoleum,figure_eight,33,0.5705687453699526,2.613088404133181,2.4661308840413323,linoleum,0.8936714222138233,0.03282404056846542,0.014416246974170563,0.05908829024354053,linoleum,0.903452839111662,0.030942848011546262,0.013860001812112095,0.05174431106467972
linoleum,figure_eight,33,0.5707810455762413,1.7749712973593572,2.2357443551473404,linoleum,0.9207696236519485,0.027786102990181662,0.013049782840750476,0.0383944905171193,linoleum,0.9121112313818053,0.029364475500863966,0.013454892326431286,0.045069400790899515
linoleum,circle,34,0.6000015735626221,1.9586681974741675,1.9586681974741675,linoleum,0.9387581507865769,0.025280165589971752,0.01305884454803044,0.022902839075421007,linoleum,0.9387581507865769,0.025280165589971752,0.01305884454803044,0.022902839075421007
linoleum,circle,34,0.6000049114227295,2.068886337543054,2.013777267508611,linoleum,0.9384232027291597,0.024796171115074275,0.012534349502857423,0.024246276652908596,linoleum,0.9385906767578682,0.025038168352523014,0.012796597025443932,0.0235745578641648
linoleum,circle,34,0.6000463962554932,2.050516647531573,2.026023727516265,linoleum,0.9382628958689987,0.024718829691579784,0.012436333763311774,0.024581940676109765,linoleum,0.9384267863134335,0.0248784990220514,0.012616465394377854,0.024078249270137284
linoleum,figure_eight,34,0.5960664329278719,3.2996555683122843,3.2996555683122843,linoleum,0.49817615209475463,0.10880081712193462,0.04010983718461843,0.35291319359869244,linoleum,0.718301469204094,0.066839658071993,0.026363151289498135,0.18849572143441481
linoleum,figure_eight,34,0.5960571754941395,3.064293915040184,3.181974741676234,linoleum,0.6034794740247492,0.08901327734739489,0.03328148244943026,0.27422576617842565,linoleum,0.6608904716144216,0.07792646770969394,0.029822316869464197,0.23136074380642024
linoleum,figure_eight,34,0.5961311086868989,2.7072330654420207,3.0237275162648296,linoleum,0.7198618775686619,0.06666830295007321,0.025519067853656333,0.18795075162760863,linoleum,0.6903761745915418,0.07229738532988358,0.027670692361560265,0.20965574771701445
linoleum,figure_eight,35,0.6121168145451167,2.6394948335246844,2.6394948335246844,linoleum,0.8943869118913595,0.03092527160171051,0.012634143764716037,0.06205367274221388,linoleum,0.8943869118913595,0.03092527160171051,0.012634143764716037,0.06205367274221388
linoleum,figure_eight,35,0.6121024043317453,2.320321469575201,2.4799081515499424,linoleum,0.9191631739629651,0.025949609942907757,0.011099557406525974,0.043787658687601115,linoleum,0.9067750429271624,0.028437440772309135,0.011866850585621005,0.0529206657149075
linoleum,figure_eight,35,0.612028579935599,2.0355912743972446,2.3318025258323765,linoleum,0.9332010988226366,0.023350841216485656,0.010478568646190572,0.032969491314687224,linoleum,0.9199880708748995,0.025894140994397394,0.011172709615905788,0.04294507851479736
linoleum,figure_eight,37,0.6476297982839319,3.106773823191733,3.106773823191733,linoleum,0.7862844787240785,0.05053012180691197,0.01787386037879717,0.14531153909021233,linoleum,0.7862844787240785,0.05053012180691197,0.01787386037879717,0.14531153909021233
linoleum,figure_eight,37,0.647577425947796,2.9219288174512053,3.0143513203214694,linoleum,0.8296746822990454,0.042169266498189674,0.01521674931984554,0.11293930188291935,linoleum,0.8079795805115619,0.04634969415255082,0.016545304849321353,0.12912542048656583
linoleum,figure_eight,37,0.6476175041973851,3.328358208955224,3.119020283199388,linoleum,0.7796973897805268,0.05178497199372484,0.018272182322817146,0.15024545590293112,linoleum,0.7938384851460444,0.049067333073137834,0.01740874358606925,0.1396854381947485
linoleum,figure_eight,38,0.6603844323509683,2.9047072330654418,2.9047072330654418,linoleum,0.8898066230073894,0.02950281190734202,0.010776585124442788,0.0699139799608258,linoleum,0.8898066230073894,0.02950281190734202,0.010776585124442788,0.0699139799608258
linoleum,figure_eight,38,0.660425487636305,2.388059701492537,2.64638346727899,linoleum,0.9345797904617966,0.02049074411639715,0.008116824439884244,0.036812640981921996,linoleum,0.912193206734593,0.024996778011869586,0.009446704782163515,0.053363310471373895
linoleum,figure_eight,38,0.6605875112980544,2.7313432835820897,2.67470340604669,linoleum,0.9312546774237443,0.02115861222088547,0.008299989445434043,0.039286720909936124,linoleum,0.9217239420791687,0.023077695116377528,0.00887334711379878,0.04632501569065501
linoleum,figure_eight,39,0.6886905852363554,3.3708381171067736,3.3708381171067736,linoleum,0.699972592990591,0.06405244447200285,0.02061579076604544,0.21535917177136066,linoleum,0.699972592990591,0.06405244447200285,0.02061579076604544,0.21535917177136066
linoleum,figure_eight,39,0.6778152963348523,3.924225028702641,3.647531572904708,linoleum,0.43642519189828227,0.10931574060400966,0.03371469637777959,0.4205443711199286,linoleum,0.5681988924444367,0.08668409253800625,0.027165243571912516,0.3179517714456446
linoleum,figure_eight,39,0.6887209456630541,3.316877152698048,3.537313432835821,linoleum,0.5509199643179208,0.09000859725283664,0.02817454283147914,0.3308968955977635,linoleum,0.5595594283811787,0.08834634489542145,0.027669893201695828,0.3244243335217041
linoleum,figure_eight,39,0.6778289207564434,2.7772675086107923,3.3473019517795635,linoleum,0.7176553083567894,0.06089361647037143,0.01968710015049898,0.20176397502234034,linoleum,0.638607368368984,0.07461998068289644,0.023678496676097404,0.2630941542720222
linoleum,figure_eight,39,0.6886454054641055,3.227324913892078,3.3233065442020666,linoleum,0.7347545187569678,0.05781952027700366,0.01878146799284302,0.18864449297318553,linoleum,0.6866809435629759,0.06621975047995005,0.02122998233447021,0.22586932362260387
linoleum,figure_eight,39,0.6778527408941806,2.933409873708381,3.2583237657864523,linoleum,0.7764233641598811,0.05023933248650567,0.01654061826639165,0.15679668508722155,linoleum,0.7315521538614285,0.058229541483227856,0.01888530030043093,0.1913330043549127
linoleum,figure_eight,41,0.7125428923855196,2.010332950631458,2.010332950631458,linoleum,0.965965368140129,0.015114671110174019,0.008515554209374679,0.010404406540322307,linoleum,0.965965368140129,0.015114671110174019,0.008515554209374679,0.010404406540322307
linoleum,figure_eight,41,0.7209924110323077,3.045924225028702,2.5281285878300803,linoleum,0.9657944152312562,0.012463769496674416,0.005257702127121709,0.01648411314494772,linoleum,0.9658798916856927,0.01378922030342422,0.0068866281682481946,0.013444259842635016
linoleum,figure_eight,41,0.712499678311762,3.706084959816304,2.920780711825488,linoleum,0.9343680899750285,0.01862147065683341,0.006613162448353949,0.040397276919784196,linoleum,0.9501239908303604,0.01620534548012881,0.00674989530830107,0.0269207683812096
linoleum,figure_eight,41,0.7210233685554024,3.033295063145809,2.9489092996555684,linoleum,0.9300935507475653,0.01947351078439314,0.006843681507435409,0.04358925696060613,linoleum,0.9401087707889628,0.017839428132260977,0.006796788407868239,0.035255012670907866
linoleum,figure_eight,41,0.7125237227406606,3.5442020665901266,3.06796785304248,linoleum,0.9069353531998199,0.02402212750079067,0.00809814110560739,0.06094437819378203,linoleum,0.9235220619943914,0.020930777816525824,0.007447464756737815,0.04809969543234495
linoleum,figure_eight,41,0.7211330398794368,2.8427095292766933,3.030424799081516,linoleum,0.9152290065285206,0.022406397738847006,0.007649600115785577,0.05471499561684678,linoleum,0.919375534261456,0.021668587777686415,0.007548532436261695,0.05140734552459586
linoleum,circle,42,0.7416738589578352,4.2594718714121695,4.2594718714121695,cell_carpet,0.07999907989875259,0.15677412755477266,0.0416519278808362,0.7215748646656386,cell_carpet,0.07999907989875259,0.15677412755477266,0.0416519278808362,0.7215748646656386
linoleum,circle,42,0.7416192611032209,3.90585533869116,4.082663605051664,cell_carpet,0.17984891658429922,0.14103537947367656,0.03788923953546806,0.6412264644065562,cell_carpet,0.1299239982415259,0.1489047535142246,0.03977058370815213,0.6814006645360974
linoleum,circle,42,0.7415901740365707,3.7152698048220434,3.960199004975124,cell_carpet,0.28677208308983726,0.12499102109789885,0.03398590993009655,0.5542509858821673,cell_carpet,0.20834804066568158,0.13694788730606172,0.03687824681912434,0.6178258252091323
linoleum,figure_eight,42,0.7394052157192714,3.26406429391504,3.26406429391504,linoleum,0.8710316576299297,0.030094889073699487,0.009449459405687873,0.08942399389068285,linoleum,0.5396898491478057,0.0835213881898806,0.023163853112406107,0.3536249095499076
linoleum,figure_eight,42,0.7323923002226258,2.5970149253731343,2.930539609644087,linoleum,0.9445465615904273,0.01603513712434243,0.005680106840697949,0.0337381944445323,linoleum,0.7421182053691165,0.04977826265711152,0.01442197997655203,0.19368155199721998
linoleum,figure_eight,42,0.739425753676552,3.5384615384615383,3.1331802525832373,linoleum,0.9096766907816424,0.022852725219333958,0.0074908460794361935,0.059979737919587495,linoleum,0.8258974480753795,0.03631549393822274,0.010956413027994112,0.12683064495840374
linoleum,figure_eight,42,0.732402745277861,3.721010332950631,3.280137772675086,linoleum,0.8650586997039372,0.03119074231590988,0.009745597856346468,0.09400496012380641,linoleum,0.8454780738896583,0.03375311812706631,0.01035100544217029,0.11041780254110507
linoleum,figure_eight,42,0.7393851968985404,3.307692307692308,3.2856486796785305,linoleum,0.8629397454882548,0.03157818625539157,0.00985024973850509,0.09563181851784838,linoleum,0.8542089096889566,0.03266565219122894,0.01010062759033769,0.10302481052947673
linoleum,figure_eight,42,0.7324268367418405,3.546498277841562,3.3291236127057022,linoleum,0.8448758996310052,0.03485489779740105,0.010734105727971835,0.1095350968436218,linoleum,0.849542404659981,0.033760274994315005,0.010417366659154765,0.10627995368654929
linoleum,figure_eight,43,0.7543845707183157,4.51435132032147,4.51435132032147,cell_carpet,0.027391827620188155,0.1636229522565252,0.04155565787451525,0.7674295622487713,cell_carpet,0.027391827620188155,0.1636229522565252,0.04155565787451525,0.7674295622487713
linoleum,figure_eight,43,0.7543614717776161,5.127439724454649,4.82089552238806,cell_carpet,0.005485442097947344,0.1804107841907302,0.046227153185769365,0.7678766205255532,cell_carpet,0.016438634859067748,0.17201686822362772,0.043891405530142306,0.7676530913871622
linoleum,figure_eight,43,0.7543611275167316,4.257175660160734,4.632988901645618,cell_carpet,0.0143340862395705,0.16945498193662123,0.04308090183753006,0.7731300299862782,cell_carpet,0.015386360549319123,0.17073592508012447,0.04348615368383618,0.7703915606867202
linoleum,figure_eight,44,0.7701129241086679,3.3777267508610795,3.3777267508610795,linoleum,0.881005518040752,0.02681495194143763,0.007996557784104784,0.08418297223370565,linoleum,0.881005518040752,0.02681495194143763,0.007996557784104784,0.08418297223370565
linoleum,figure_eight,44,0.766176349448499,3.400688863375431,3.389207807118255,linoleum,0.8768626321784294,0.027551506870773967,0.008183193685842336,0.08740266726495424,linoleum,0.8789340751095907,0.027183229406105798,0.008089875734973561,0.08579281974932995
linoleum,figure_eight,44,0.7594976555343445,3.290470723306544,3.356295445847685,linoleum,0.8883261214155275,0.02550586542952716,0.007664508544173475,0.07850350461077198,linoleum,0.8836300982625591,0.02634454741781648,0.007877192139573518,0.08214816218005097
linoleum,figure_eight,44,0.7701159342856876,3.1733639494833525,3.3105625717566016,linoleum,0.9022857288798317,0.022980390857929796,0.00702295612184197,0.06771092414039652,linoleum,0.8929579135711954,0.024662469137873136,0.007450074130707744,0.07492954316022374
linoleum,figure_eight,44,0.7661766744076631,2.504018369690012,3.149253731343284,linoleum,0.9372312479322521,0.016450571188434123,0.005367605032410249,0.040950575846903516,linoleum,0.9150945807517237,0.02055652016315363,0.006408839581558997,0.05794005950356362
linoleum,figure_eight,44,0.7595106513887291,3.31572904707233,3.1769996172981245,linoleum,0.9325167173062352,0.01735202867234605,0.005594542521178605,0.04453671150024002,linoleum,0.9238056490289794,0.018954274417749842,0.006001691051368801,0.05123838550190182
linoleum,figure_eight,44,0.7595506564451093,3.0574052812858787,3.1599147121535185,linoleum,0.9354731028298165,0.016787589783115255,0.005452316191192702,0.04228699119587563,linoleum,0.9296393759293979,0.01787093210043255,0.005727003621280751,0.04676268834888873
linoleum,figure_eight,44,0.7700948041267475,3.404133180252583,3.190442020665901,linoleum,0.930064642871883,0.017818077922000995,0.005712249007814664,0.046405030198301465,linoleum,0.9298520094006404,0.017844505011216774,0.0057196263145477075,0.046583859273595096
linoleum,figure_eight,44,0.766194335980301,2.778415614236509,3.1446613088404134,linoleum,0.9379688333056708,0.01630887819968447,0.005332044330464828,0.04039024416417983,linoleum,0.9339104213531556,0.01707669160545062,0.005525835322506268,0.04348705171888746
linoleum,figure_eight,45,0.7840994347376079,3.338691159586682,3.338691159586682,linoleum,0.9141783771518148,0.02022099902438785,0.006121470148778748,0.05947915367501859,linoleum,0.9141783771518148,0.02022099902438785,0.006121470148778748,0.05947915367501859
linoleum,figure_eight,45,0.782831401962003,2.869115958668197,3.1039035591274398,linoleum,0.9542660231126353,0.012698579149720987,0.004283323878633243,0.02875207385901049,linoleum,0.9342222001322251,0.016459789087054418,0.005202397013705996,0.04411561376701454
linoleum,figure_eight,45,0.7778423470692801,1.539609644087256,2.582472254114045,linoleum,0.9794593803346225,0.007940196053334491,0.003651725120313053,0.00894869849172978,linoleum,0.9568407902334238,0.012199992570194454,0.004427061067009524,0.02653215612937216
linoleum,figure_eight,45,0.7801746295086086,2.8289322617680828,2.6440872560275546,linoleum,0.9786102712642183,0.00801939090768564,0.0035411927807681115,0.009829145047327743,linoleum,0.9677255307488212,0.010109691738940049,0.003984126923888819,0.018180650588349955
linoleum,figure_eight,45,0.7840995838749311,2.903559127439725,2.6959816303099884,linoleum,0.977589466947412,0.008167635937640071,0.0034874477307102946,0.010755449384237635,linoleum,0.9726574988481166,0.00913866383829006,0.0037357873272995568,0.014468049986293795
linoleum,figure_eight,45,0.7828339016584385,3.675086107921929,2.8591657099119785,linoleum,0.9721811853052336,0.00916372112276554,0.003537050416367482,0.015118043155633493,linoleum,0.9724193420766751,0.0091511924805278,0.003636418871833519,0.014793046570963645
linoleum,figure_eight,45,0.7778346939679439,1.3719862227324915,2.646711497457766,linoleum,0.9785655831526517,0.00802508055948554,0.0035376346802241418,0.009871701607638485,linoleum,0.9754924626146635,0.00858813652000667,0.0035870267760288307,0.012332374089301065
linoleum,figure_eight,45,0.7801789487384037,3.253731343283582,2.722588978185993,linoleum,0.9769486491369743,0.008273413239214131,0.003473148278530098,0.011304789345281258,linoleum,0.976220555875819,0.008430774879610402,0.0035300875272794648,0.011818581717291164
linoleum,figure_eight,45,0.7778341302809838,1.8404133180252584,2.624569460390356,linoleum,0.9789203635562022,0.007983035607794847,0.003570543885445801,0.009526056950557197,linoleum,0.9775704597160106,0.008206905243702625,0.003550315706362633,0.01067231933392418
linoleum,figure_eight,45,0.7801757283003653,2.668197474167624,2.550070162010461,linoleum,0.9797576849186451,0.00794029780071085,0.0037317287094312417,0.008570288571212618,linoleum,0.9786640723173279,0.008073601522206738,0.0036410222078969373,0.009621303952568399
linoleum,figure_eight,45,0.7840953674351626,2.473019517795637,2.5060594463579537,linoleum,0.9800052992213826,0.007987097086585621,0.003866743254142561,0.008140860437889285,linoleum,0.9793346857693552,0.00803034930439618,0.003753882731019749,0.008881082195228842
linoleum,figure_eight,45,0.7828368304111308,3.415614236509759,2.714504401071565,linoleum,0.9771521801045908,0.00823909202297721,0.003476559846344184,0.0111321680260878,linoleum,0.978243432936973,0.008134720663686694,0.0036152212886819664,0.010006625110658321
linoleum,circle,46,0.8000044822692871,2.9575200918484503,2.9575200918484503,linoleum,0.9723771158879863,0.008750285811965037,0.003287103818304422,0.015585494481744344,linoleum,0.9723771158879863,0.008750285811965037,0.003287103818304422,0.015585494481744344
linoleum,circle,46,0.8000111579895021,2.9299655568312284,2.94374282433984,linoleum,0.9730567178001742,0.0086163829079278,0.003264493956655986,0.015062405335242205,linoleum,0.9727169168440802,0.008683334359946417,0.003275798887480204,0.015323949908493274
linoleum,circle,46,0.7999677658081056,2.230769230769231,2.706084959816303,linoleum,0.9803593678344482,0.007273889566169246,0.003220347460796257,0.009146395138586443,linoleum,0.9765381423392641,0.00797861196305783,0.0032480731741382296,0.012235172523539855
linoleum,circle,54,0.9410099108987532,3.7141216991963257,3.7141216991963257,linoleum,0.9620140283026296,0.008435497750093888,0.0027166657139994924,0.026833808233277003,linoleum,0.9620140283026296,0.008435497750093888,0.0027166657139994924,0.026833808233277003
linoleum,circle,54,0.9415904601388656,3.493685419058553,3.6039035591274393,linoleum,0.973101725978342,0.006565771581525714,0.0023186141498276105,0.018013888290304775,linoleum,0.9675578771404858,0.0075006346658098005,0.0025176399319135514,0.02242384826179089
linoleum,circle,54,0.9415670951181137,4.084959816303099,3.764255644852659,linoleum,0.9550427541277252,0.00956595512595409,0.002958089305765167,0.03243320144055545,linoleum,0.9613003156341056,0.008533294895881945,0.0027378646188393595,0.02742852485117317
linoleum,circle,57,1.0000507831573486,3.192881745120551,3.192881745120551,linoleum,0.9917223625804777,0.0028809359878821427,0.001807022902579873,0.0035896785290602637,linoleum,0.9917223625804777,0.0028809359878821427,0.001807022902579873,0.0035896785290602637
linoleum,circle,57,1.00001859664917,2.890929965556832,3.0419058553386917,linoleum,0.9916502799657106,0.003022212176211525,0.0021054404767565068,0.0032220673813214045,linoleum,0.9916863212730942,0.002951574082046834,0.00195623168966819,0.0034058729551908343
linoleum,circle,57,0.999974489212036,2.2089552238805967,2.76425564485266,linoleum,0.9884464309186821,0.004227406823158201,0.0034224151451841675,0.003903747112975372,linoleum,0.9900663760958882,0.003589490452602518,0.002689323417426179,0.0036548100340831036
linoleum,circle,65,1.1416737159066876,3.981630309988519,3.981630309988519,linoleum,0.9888508702287951,0.00283750206585076,0.0016228822639318128,0.006688745441422324,linoleum,0.9888508702287951,0.00283750206585076,0.0016228822639318128,0.006688745441422324
linoleum,circle,65,1.1415731032663068,4.512055109070034,4.246842709529276,linoleum,0.9736766991137774,0.005111573332334775,0.0022797740447274926,0.018931953509160437,linoleum,0.9812637846712863,0.003974537699092767,0.0019513281543296528,0.012810349475291381
linoleum,circle,65,1.1415750106149398,4.106773823191734,4.200153080750096,linoleum,0.9778581126097798,0.004520978083703877,0.0021122240746742254,0.015508685231841941,linoleum,0.9795609486405331,0.004247757891398324,0.0020317761145019395,0.014159517353566664
linoleum,circle,69,1.2000885009765625,3.9460390355912742,3.9460390355912742,linoleum,0.9932145820323957,0.001992177382991446,0.0014455491297157498,0.003347691454897229,linoleum,0.9932145820323957,0.001992177382991446,0.0014455491297157498,0.003347691454897229
linoleum,circle,69,1.2000222206115725,4.049368541905856,3.997703788748565,linoleum,0.9925896350226585,0.0020999327976786606,0.0014748270702970156,0.003835605109365852,linoleum,0.9929021085275271,0.0020460550903350534,0.0014601881000063828,0.0035916482821315406
linoleum,circle,69,1.1999895572662354,3.436280137772675,3.810562571756602,linoleum,0.9942065698330129,0.0018286486365464655,0.0014304261002567942,0.0025343554301837626,linoleum,0.99355433918027,0.0019373518634407593,0.0014453071001315886,0.003063001856157652
linoleum,circle,77,1.3410166819863998,3.9862227324913886,3.9862227324913886,linoleum,0.994936933295509,0.0016177794090696342,0.001404223680799273,0.002041063614622233,linoleum,0.994936933295509,0.0016177794090696342,0.001404223680799273,0.002041063614622233
linoleum,circle,77,1.3415741046243392,4.016073478760045,4.001148105625717,linoleum,0.9948965075370743,0.0016228404920389217,0.0014017874450122424,0.00207886452587457,linoleum,0.9949167204162916,0.001620309950554278,0.0014030055629057577,0.0020599640702484018
linoleum,circle,77,1.3412148078256332,4.024110218140069,4.008802143130501,linoleum,0.9948733451069319,0.0016259888125306492,0.001400935206882907,0.002099730873654558,linoleum,0.9948950327616117,0.0016231493815424636,0.0014019703848943323,0.0020798474719514798
linoleum,circle,80,1.4000327587127686,4.257175660160734,4.257175660160734,linoleum,0.9937264500979321,0.0018136002081692857,0.0014783989740407095,0.002981550719857748,linoleum,0.9937264500979321,0.0018136002081692857,0.0014783989740407095,0.002981550719857748
linoleum,circle,80,1.4000191688537595,4.624569460390356,4.440872560275546,linoleum,0.9905765664729586,0.002351424092125324,0.0017464212414381767,0.00532558819347801,linoleum,0.9921515082854453,0.0020825121501473047,0.0016124101077394431,0.004153569456667879
linoleum,circle,80,1.4000325202941897,3.892078071182549,4.257941063911213,linoleum,0.9937183647407491,0.0018150524342553692,0.0014790901340025699,0.002987492690992987,linoleum,0.9929349365130973,0.001948782292201337,0.0015457501208710066,0.003570531073830433
linoleum,circle,88,1.5416215976052965,4.086107921928818,4.086107921928818,linoleum,0.9951442496257566,0.001555770574412834,0.0013951145143575156,0.0019048652854730403,linoleum,0.9951442496257566,0.001555770574412834,0.0013951145143575156,0.0019048652854730403
linoleum,circle,88,1.5415979941659652,4.090700344431688,4.088404133180253,linoleum,0.9951391998116739,0.0015563936633291627,0.0013948493353254626,0.0019095571896713408,linoleum,0.9951417247187153,0.0015560821188709984,0.001394981924841489,0.0019072112375721905
linoleum,circle,88,1.541606815653392,4.774971297359357,4.317259854573288,linoleum,0.9938064653670318,0.0017929632184939329,0.0014916530326151616,0.0029089183818590855,linoleum,0.9944740950428735,0.0016745226686824656,0.0014433174787283252,0.002408064809715638
linoleum,circle,92,1.6000354290008545,4.470723306544202,4.470723306544202,linoleum,0.9908662487665428,0.0023026921503680403,0.001748738705050772,0.005082320378038388,linoleum,0.9908662487665428,0.0023026921503680403,0.001748738705050772,0.005082320378038388
linoleum,circle,92,1.6000490188598633,4.762342135476463,4.616532721010333,linoleum,0.9856135145577388,0.0031056941750943544,0.0021573660533237213,0.00912342521384317,linoleum,0.9882398816621408,0.002704193162731197,0.0019530523791872465,0.007102872795940779
linoleum,circle,92,1.5999863147735596,4.669345579793341,4.634137007271336,linoleum,0.9846830558091688,0.003238439420305066,0.0022227075057185924,0.00985579726480754,linoleum,0.9864614687356548,0.0029713162915181316,0.0020878799424529195,0.008479335030374159
linoleum,circle,100,1.7416831572824203,4.106773823191734,4.106773823191734,linoleum,0.9939704952939614,0.0017919989249939765,0.0014327873918044663,0.0028047183892400576,linoleum,0.9939704952939614,0.0017919989249939765,0.0014327873918044663,0.0028047183892400576
linoleum,circle,100,1.7415722926431385,4.371986222732491,4.239380022962113,linoleum,0.9923531643049445,0.0020743996256742375,0.0015481917010700692,0.0040242443683111044,linoleum,0.9931618297994531,0.0019331992753341075,0.001490489546437268,0.0034144813787755817
linoleum,circle,100,1.741586836176463,4.926521239954076,4.468427095292767,linoleum,0.9853944592577463,0.0031629954665851646,0.002024180690671952,0.00941836458499643,linoleum,0.9892781445285997,0.0025480973709596367,0.0017573351185546102,0.006416422981886007
linoleum,circle,103,1.8000104427337649,4.516647531572904,4.516647531572904,linoleum,0.9752639109895425,0.00459077693735464,0.002468677275088756,0.017676634798014144,linoleum,0.9752639109895425,0.00459077693735464,0.002468677275088756,0.017676634798014144
linoleum,circle,103,1.8000328540802002,4.529276693455797,4.52296211251435,linoleum,0.9746275972664693,0.004673232765795854,0.0024983054612018364,0.018200864506533056,linoleum,0.9749457541280059,0.004632004851575246,0.0024834913681452964,0.0179387496522736
linoleum,circle,103,1.7999961376190188,4.123995407577497,4.389973210868733,linoleum,0.9845948479405796,0.0033152123685955275,0.0019930462242995993,0.01009689346652546,linoleum,0.9797703010342927,0.003973608610085387,0.002238268796222448,0.01401782155939953
linoleum,circle,111,1.9416390975290023,3.623421354764638,3.623421354764638,linoleum,0.9933920340424788,0.00211029434237739,0.0014865744331413176,0.0030110971820025674,linoleum,0.9933920340424788,0.00211029434237739,0.0014865744331413176,0.0030110971820025674
linoleum,circle,111,1.9416095336251933,3.9196326061997695,3.771526980482205,linoleum,0.9920060996930606,0.0023429230236730217,0.0014873741912286402,0.004163603092037795,linoleum,0.9926990668677695,0.002226608683025205,0.0014869743121849785,0.0035873501370201804
linoleum,circle,111,1.9415344317727767,4.014925373134329,3.852659778032912,linoleum,0.9906495372622428,0.0025790257878062443,0.0015354868715332978,0.005235950078417538,linoleum,0.9916743020650064,0.0024028172354157253,0.0015112305918591386,0.00441165010771886
linoleum,circle,115,1.9999933242797847,3.4753157290470726,3.4753157290470726,linoleum,0.99208872691008,0.0025390861023136075,0.001567398796828896,0.0038047881907776076,linoleum,0.99208872691008,0.0025390861023136075,0.001567398796828896,0.0038047881907776076
linoleum,circle,115,2.000076532363892,3.836969001148105,3.6561423650975886,linoleum,0.989475151004917,0.002999650526520898,0.0015931419612699284,0.005932056507292213,linoleum,0.9907819389574986,0.002769368314417253,0.0015802703790494122,0.00486842234903491
linoleum,circle,115,1.999978303909301,5.180252583237658,4.164179104477612,linoleum,0.9478220822645455,0.009298410738192722,0.0030329285067576305,0.03984657849050411,linoleum,0.969302010611022,0.006033889526304988,0.0023065994429035215,0.02235750041976951
linoleum,circle,123,2.141627701120921,2.8082663605051663,2.8082663605051663,linoleum,0.9888160690530631,0.004262003141457234,0.002522501388890463,0.004399426416589304,linoleum,0.9888160690530631,0.004262003141457234,0.002522501388890463,0.004399426416589304
linoleum,circle,123,2.14160409768159,3.1148105625717566,2.9615384615384617,linoleum,0.9885433452388932,0.004152303066948787,0.0021790968302458614,0.0051252548639120895,linoleum,0.9886797071459781,0.004207153104203011,0.0023507991095681625,0.0047623406402506965
linoleum,circle,123,2.1415559371286115,3.205510907003444,3.042862610026789,linoleum,0.9878043738236497,0.0042522171641236,0.0020877227882648347,0.005855686223961621,linoleum,0.988242040484814,0.004229685134163307,0.002219260948916499,0.0053090134321061595
linoleum,circle,126,2.200035095214844,4.110218140068887,4.110218140068887,linoleum,0.5695394995096699,0.06826639250737591,0.015381508343535655,0.3468125996394186,linoleum,0.5695394995096699,0.06826639250737591,0.015381508343535655,0.3468125996394186
linoleum,circle,126,2.20009708404541,4.092996555683123,4.101607347876005,linoleum,0.5796814593849281,0.06691118531734004,0.015117166739658456,0.33829018855807347,linoleum,0.574610479447299,0.06758878891235798,0.015249337541597055,0.342551394098746
linoleum,circle,126,2.199976682662964,3.7083811710677375,3.970531955606583,linoleum,0.7175962895089708,0.047920791209941443,0.011327122469178552,0.22315579681190925,linoleum,0.646103384478135,0.05775479006114971,0.013288230005387803,0.2828535954553276
linoleum,circle,134,2.3416413386636457,2.7715269804822045,2.7715269804822045,linoleum,0.9513575289427659,0.015285424072784808,0.005727997650776653,0.027629049333672637,linoleum,0.9513575289427659,0.015285424072784808,0.005727997650776653,0.027629049333672637
linoleum,circle,134,2.3416110595041,2.7164179104477606,2.7439724454649825,linoleum,0.9536795609248802,0.014819416598268551,0.005619186349470419,0.02588183612738094,linoleum,0.952518544933823,0.01505242033552668,0.0056735920001235365,0.02675544273052679
linoleum,circle,134,2.341609628992625,2.6762342135476462,2.7213930348258706,linoleum,0.9554252740462611,0.014471025364497313,0.005541309384409802,0.024562391204831797,linoleum,0.9539719094900421,0.014761722850011996,0.005607450692266669,0.025658916967679295
linoleum,figure_eight,135,2.363757650512333,0.6727898966704936,0.6727898966704936,linoleum,0.3063549348254721,0.2474403633072926,0.2387589517199631,0.20744575014727215,linoleum,0.3063549348254721,0.2474403633072926,0.2387589517199631,0.20744575014727215
linoleum,figure_eight,135,2.361414637771536,3.2686567164179103,1.970723306544202,linoleum,0.9626288155329386,0.016740282204920645,0.009288282835621327,0.011342619426519377,linoleum,0.6344918751792054,0.13209032275610663,0.12402361727779221,0.10939418478689576
linoleum,figure_eight,135,2.3574752875087097,3.862227324913892,2.601224646000765,linoleum,0.9561629530898743,0.014947785969657323,0.005992549298429162,0.022896711642039165,linoleum,0.7953274141345399,0.07351905436288197,0.06500808328811068,0.06614544821446747
linoleum,figure_eight,135,2.358756599815998,3.454649827784156,2.814580941446613,linoleum,0.936768263387318,0.018821196412548626,0.006925921386637497,0.03748461881349575,linoleum,0.8660478387609291,0.046170125387715304,0.0359670023373741,0.05181503351398161
linoleum,figure_eight,135,2.363760414544894,1.5889781859931114,2.569460390355913,linoleum,0.9580070878064313,0.014601466814033764,0.005935764417133639,0.02145568096240123,linoleum,0.9120274632836802,0.030385796100874534,0.020951383377253868,0.03663535723819142
linoleum,figure_eight,135,2.361426366688906,3.043628013777268,2.6484883275928053,linoleum,0.9529946468047097,0.015561256599519504,0.006114002186731993,0.02533009440903884,linoleum,0.932511055044195,0.02297352635019702,0.013532692781992931,0.03098272582361513
linoleum,figure_eight,135,2.3574939497493874,3.425947187141217,2.759553878956864,linoleum,0.9431639640907127,0.017527492138623108,0.006585312185974565,0.032723231584689524,linoleum,0.9378375095674538,0.02025050924441006,0.010059002483983748,0.031852978704152324
linoleum,figure_eight,135,2.3587606423448912,2.9609644087256024,2.784730195177956,linoleum,0.9403807708741443,0.018090213036067827,0.006731648631703708,0.03479736745808419,linoleum,0.939109140220799,0.019170361140238942,0.008395325557843728,0.03332517308111826
linoleum,figure_eight,135,2.3574952330478176,3.576349024110218,2.872687842837097,linoleum,0.9286434214976189,0.020462422542435486,0.00737367882299469,0.043520477136951,linoleum,0.9338762808592089,0.019816391841337214,0.00788450219041921,0.03842282510903463
linoleum,figure_eight,135,2.358762575493704,3.467278989667049,3.1831866309478247,linoleum,0.8473939738367194,0.03627115290918522,0.01188326073247529,0.10445161252161993,linoleum,0.8906351273479642,0.02804377237526122,0.009883881461447249,0.07143721881532727
linoleum,figure_eight,135,2.3637466540647294,1.428243398392652,2.978696262278352,linoleum,0.9092595780893657,0.024337413493027232,0.008462860351498092,0.05794014806610881,linoleum,0.899947352718665,0.026190592934144226,0.009173370906472671,0.06468868344071804
linoleum,figure_eight,135,2.3613943133319406,2.6486796785304247,2.8438576349024114,linoleum,0.9328662253688905,0.01961023000128339,0.007139562880485475,0.04038398174934062,linoleum,0.9164067890437778,0.02290041146771381,0.008156466893479075,0.052536332595029336
linoleum,figure_eight,136,2.3820789530185498,2.950631458094145,2.950631458094145,linoleum,0.8976551812792434,0.027332048522043233,0.00968100422738484,0.06533176597132849,linoleum,0.8976551812792434,0.027332048522043233,0.00968100422738484,0.06533176597132849
linoleum,figure_eight,136,2.3714945755112007,3.0619977037887485,3.0063145809414467,linoleum,0.8830505126556879,0.03021807626747731,0.010532863651056944,0.07619854742577795,linoleum,0.8903528469674656,0.02877506239476027,0.010106933939220892,0.07076515669855321
linoleum,figure_eight,136,2.375404577916569,3.4179104477611943,3.143513203214696,linoleum,0.8345158657601426,0.0395891853275656,0.013311829399415038,0.11258311951287657,linoleum,0.8624343563638042,0.034182123861162934,0.011709381669317965,0.0916741381057149
linoleum,figure_eight,136,2.382085917913641,3.4351320321469574,3.216417910447761,linoleum,0.7996503482669272,0.04614763522734439,0.015254198551594995,0.13894781795413358,linoleum,0.8310423523153656,0.040164879544253664,0.013481790110456481,0.11531097802992424
linoleum,figure_eight,136,2.371484232239574,3.684270952927669,3.309988518943743,linoleum,0.7436267146034415,0.05645073097827974,0.018291686816851973,0.18163086760142677,linoleum,0.7873345334594036,0.048307805261266705,0.01588673846365423,0.14847092281567553
linoleum,figure_eight,136,2.3754150929446887,3.048220436280137,3.266360505166475,linoleum,0.7714237795951049,0.05137125960733614,0.01679654657929402,0.160408414218265,linoleum,0.7793791565272543,0.04983953243430142,0.016341642521474124,0.15443966851697027
linoleum,figure_eight,136,2.37148899754416,2.9380022962112515,3.2194521896014434,linoleum,0.798040578426844,0.046447478290476865,0.015342854839688166,0.14016908844299106,linoleum,0.7887098674770492,0.04814350536238914,0.015842248680581143,0.14730437847998068
linoleum,figure_eight,136,2.3754095396840142,4.087256027554535,3.32792766934558,linoleum,0.7313151861591394,0.058681953384262645,0.018946938006258126,0.19105592245033984,linoleum,0.7600125268180943,0.05341272937332589,0.017394593343419633,0.16918015046516027
linoleum,figure_eight,136,2.382097008396105,3.3892078071182548,3.334736573542544,linoleum,0.7265058011475809,0.059550659512460496,0.019201802113071178,0.19474173722688737,linoleum,0.7432591639828376,0.05648169444289319,0.018298197728245404,0.18196094384602382
linoleum,figure_eight,137,2.3872229201796795,4.8163030998851895,4.8163030998851895,cell_carpet,0.002327377677743436,0.23401971949906578,0.075694777305334,0.6879581255178566,cell_carpet,0.002327377677743436,0.23401971949906578,0.075694777305334,0.6879581255178566
linoleum,figure_eight,137,2.38722299667074,5.030998851894374,4.923650975889782,cell_carpet,0.0018838998333507771,0.24758522013478548,0.08132857205802972,0.6692023079738341,cell_carpet,0.0021056387555471066,0.24080246981692563,0.07851167468168185,0.6785802167458453
linoleum,figure_eight,137,2.387202347842622,5.199770378874857,5.015690776884807,cell_carpet,0.0016983018234425942,0.26077373018629596,0.08695129881511714,0.6505766691751443,cell_carpet,0.0019019702894948504,0.2507881000016108,0.0827314867483995,0.6645784429604948
linoleum,circle,138,2.400012731552124,2.983926521239954,2.983926521239954,linoleum,0.8415385230464641,0.040017281382832004,0.01446609890611453,0.1039780966645894,linoleum,0.8415385230464641,0.040017281382832004,0.01446609890611453,0.1039780966645894
linoleum,circle,138,2.400145530700684,3.313432835820896,3.148679678530425,linoleum,0.7626633894950595,0.055234292294061696,0.019278461898993883,0.16282385631188487,linoleum,0.8021009562707618,0.04762578683844685,0.01687228040255421,0.13340097648823712
linoleum,circle,138,2.399996519088745,4.00459242250287,3.43398392652124,linoleum,0.5357929096013064,0.09675725253214036,0.032256105630285574,0.33519373223626764,linoleum,0.6689469329360341,0.07219151968529361,0.02456419301641989,0.23429735436225238
linoleum,figure_eight,138,2.402202737521605,3.284730195177956,3.284730195177956,linoleum,0.6688059432479886,0.07273481246252396,0.02477995808305484,0.2336792862064325,linoleum,0.6688764380920114,0.07246316607390879,0.024672075549737365,0.23398832028434244
linoleum,figure_eight,138,2.40918825375928,2.647531572904707,2.9661308840413314,linoleum,0.8481178666189412,0.038720865491844524,0.014056073247303713,0.09910519464191052,linoleum,0.7584971523554764,0.055592015782876675,0.01936407439852054,0.1665467574631265
linoleum,figure_eight,138,2.402172141121987,3.247990815154994,3.060084194412552,linoleum,0.8093606698793833,0.04629345870134124,0.016452431480305625,0.12789343993897007,linoleum,0.7839289111174297,0.050942737242108946,0.017908252939413078,0.14722009870104827
linoleum,figure_eight,138,2.409190321954777,2.4374282433983927,2.904420206659013,linoleum,0.8684886676410551,0.03467647397129515,0.01277932215127549,0.0840555362363743,linoleum,0.8262087893792425,0.04280960560670205,0.015343787545344285,0.11563781746871128
linoleum,figure_eight,138,2.4021916318785945,2.753157290470723,2.8741676234213545,linoleum,0.8772096688764608,0.032930593416382305,0.012230204358419827,0.077629533348737,linoleum,0.8517092291278516,0.037870099511542174,0.013786995951882056,0.09663367540872414
linoleum,figure_eight,138,2.409179205954481,3.137772675086108,2.9181017986988134,linoleum,0.8642824328535439,0.035515422835974475,0.013043733210969197,0.08715841109951239,linoleum,0.8579958309906978,0.036692761173758325,0.013415364581425625,0.09189604325411826
linoleum,figure_eight,139,2.429071366299714,3.029850746268657,3.029850746268657,linoleum,0.7907741281822567,0.050896859507695694,0.01856478201491838,0.1397642302951292,linoleum,0.7907741281822567,0.050896859507695694,0.01856478201491838,0.1397642302951292
linoleum,figure_eight,139,2.4205568813225566,2.8507462686567164,2.9402985074626864,linoleum,0.8306365875882942,0.04306826758387101,0.01600744416574194,0.1102877006620929,linoleum,0.8107053578852754,0.046982563545783354,0.01728611309033016,0.12502596547861106
linoleum,figure_eight,139,2.429079422372326,3.3788748564867968,3.086490623804057,linoleum,0.7603441035824633,0.05678554300047289,0.020487203845350296,0.16238314957171363,linoleum,0.7855247307338693,0.051884053273128124,0.018886658467840226,0.14370455752516234
linoleum,figure_eight,139,2.420582211911414,3.3513203214695757,3.1526980482204365,linoleum,0.7191220790096605,0.06465861210802334,0.023052192935679384,0.19316711594663685,linoleum,0.7523234048717649,0.05827133269057573,0.020969425701759803,0.1684358367358996
linoleum,figure_eight,139,2.429040333607879,3.8897818599311136,3.3001148105625715,linoleum,0.6047491445755505,0.08600265963132443,0.029965767458509825,0.27928242833461525,linoleum,0.6785362747236576,0.07213699616095008,0.025467596580134814,0.2238591325352574
linoleum,figure_eight,139,2.420606272768812,3.010332950631458,3.251817833907386,linoleum,0.6455549165851198,0.07846122400804093,0.02753010577619926,0.2484537536306401,linoleum,0.6620455956543887,0.0752991100844955,0.026498851178167037,0.23615644308294875
linoleum,figure_eight,141,2.4529269267357066,3.507462686567164,3.507462686567164,cell_carpet,0.3017916325323053,0.14561896866338334,0.05251838531449664,0.5000710134898146,cell_carpet,0.3017916325323053,0.14561896866338334,0.05251838531449664,0.5000710134898146
linoleum,figure_eight,141,2.4637507468503657,3.0424799081515497,3.2749712973593565,linoleum,0.5209967232410632,0.10488967380598244,0.03861123270959284,0.3355023702433616,cell_carpet,0.4113941778866842,0.12525432123468289,0.04556480901204474,0.4177866918665881
linoleum,figure_eight,141,2.452893733516248,2.686567164179104,3.0788365862992726,linoleum,0.682879193030508,0.07409894682772761,0.02798992905484358,0.2150319310869207,linoleum,0.5471366854585962,0.09967663403120525,0.03677736903344416,0.31640931147675444
linoleum,figure_eight,141,2.463779667940033,2.610792192881745,2.961825487944891,linoleum,0.7560765407595726,0.0597979137120602,0.023026066281789673,0.16109947924657744,linoleum,0.6516066131090844,0.07973727387163272,0.029901717657616917,0.23875439536166593
linoleum,figure_eight,141,2.4529217909891035,3.1239954075774974,2.994259471871412,linoleum,0.7376184379843463,0.06343232825110817,0.0242887889582719,0.17466044480627363,linoleum,0.6946125255467154,0.07158480106137044,0.02709525330794441,0.20670742008396978
linoleum,figure_eight,141,2.4637767995081754,3.0367393800229623,3.0013394565633376,linoleum,0.7334053637762755,0.06425907383377767,0.02457594544377063,0.1777596169461763,linoleum,0.7140089446614954,0.06792193744757405,0.02583559937585752,0.19223351851507303
linoleum,figure_eight,142,2.4811589032326267,2.9632606199770377,2.9632606199770377,linoleum,0.7175209814756586,0.06852715079802496,0.02695270198930257,0.18699916573701392,linoleum,0.7175209814756586,0.06852715079802496,0.02695270198930257,0.18699916573701392
linoleum,figure_eight,142,2.4811836045739413,2.6429391504018365,2.803099885189437,linoleum,0.800019037106808,0.05202868454278305,0.02104901412825343,0.12690326422215548,linoleum,0.7587700092912333,0.06027791767040401,0.024000858058778,0.1569512149795847
linoleum,figure_eight,142,2.4811909892349817,2.8105625717566016,2.805587447378492,linoleum,0.7989659821546018,0.05224171663010743,0.02112507974094417,0.12766722147434661,linoleum,0.7788679957229175,0.05625981715025572,0.022562968899861084,0.14230921822696566
linoleum,figure_eight,143,2.4939918555251595,2.801377726750861,2.801377726750861,linoleum,0.7700501787723635,0.05908291653764627,0.024379510415270512,0.14648739427471982,linoleum,0.7700501787723635,0.05908291653764627,0.024379510415270512,0.14648739427471982
linoleum,figure_eight,143,2.493988007361741,3.483352468427095,3.1423650975889776,linoleum,0.5374729545479896,0.10507392966419303,0.04130014380506858,0.3161529719827488,linoleum,0.6537615666601766,0.08207842310091965,0.03283982711016954,0.2313201831287343
linoleum,figure_eight,143,2.4939835961419994,3.578645235361653,3.2877918101798698,cell_carpet,0.4052399318995387,0.13058395553477323,0.050627624897847855,0.41354848766784,linoleum,0.5295007492798577,0.10633118931784644,0.041733726004008695,0.32243433539828714
linoleum,figure_eight,145,2.5295318346298568,2.4684270952927667,2.4684270952927667,linoleum,0.8388149896107232,0.0469295742094998,0.02140494054538877,0.09285049563438831,linoleum,0.8388149896107232,0.0469295742094998,0.02140494054538877,0.09285049563438831
linoleum,figure_eight,145,2.5294675893044083,2.467278989667049,2.4678530424799083,linoleum,0.8389671652327088,0.046898491392447554,0.021393384801673455,0.09274095857317027,linoleum,0.8388910774217158,0.046914032800973664,0.02139916267353111,0.09279572710377927
linoleum,figure_eight,145,2.529512471249824,2.34902411021814,2.428243398392652,linoleum,0.8489168755460067,0.04487329998077237,0.020646639704374112,0.08556318476884678,linoleum,0.8439039764838614,0.04589366639087302,0.021022901188952614,0.08917945593631303
linoleum,circle,146,2.5413407405191144,2.095292766934558,2.095292766934558,linoleum,0.887251633009467,0.03887508139678593,0.0196674668099756,0.05420581878377164,linoleum,0.887251633009467,0.03887508139678593,0.0196674668099756,0.05420581878377164
linoleum,circle,146,2.541562708216258,1.9219288174512053,2.008610792192881,linoleum,0.8944649715313452,0.038019690827928304,0.019708161745768265,0.04780717589495817,linoleum,0.8908583022704061,0.03844738611235712,0.01968781427787193,0.05100649733936491
linoleum,circle,146,2.541608961420604,2.48564867967853,2.1676234213547647,linoleum,0.8790942242175581,0.04017356587426807,0.019938496488479146,0.06079371341969474,linoleum,0.8849762632439822,0.039310475993312596,0.01981315538317554,0.05590010537952983
linoleum,figure_eight,146,2.5454896628431127,2.25947187141217,2.25947187141217,linoleum,0.8654890413296841,0.042647972126551754,0.020688026706990777,0.07117495983677345,linoleum,0.8752326522868331,0.04097922405993218,0.020250591045083158,0.06353753260815165
linoleum,figure_eight,146,2.5456886832017607,2.6360505166475314,2.4477611940298507,linoleum,0.8231717003902436,0.05109691826246781,0.0237736307227911,0.10195775062449763,linoleum,0.8492021763385383,0.0460380711612,0.02201211088393713,0.08274764161632464
linoleum,figure_eight,146,2.5455075895998527,1.970149253731343,2.288557213930348,linoleum,0.8603232436423552,0.0436394116212307,0.021023454114945505,0.07501389062146867,linoleum,0.8547627099904466,0.044838741391215346,0.021517782499441314,0.07888076611889665
linoleum,figure_eight,147,2.571004379902312,1.9070034443168773,1.9070034443168773,linoleum,0.8896293929547011,0.040862980853663876,0.022010567810714678,0.04749705838092025,linoleum,0.8896293929547011,0.040862980853663876,0.022010567810714678,0.04749705838092025
linoleum,figure_eight,147,2.5710074632338773,2.2123995407577497,2.0597014925373136,linoleum,0.8781710003616131,0.04183227769611662,0.021592867583360313,0.05840385435891003,linoleum,0.8839001966581571,0.041347629274890246,0.021801717697037495,0.05295045636991514
linoleum,figure_eight,147,2.5710783888640685,2.025258323765786,2.048220436280138,linoleum,0.8793265754565314,0.041674280868126655,0.021576993255681052,0.05742215041966094,linoleum,0.8816133860573441,0.04151095507150845,0.02168935547635927,0.05518630339478803
linoleum,figure_eight,148,2.589733935075844,2.3513203214695757,2.3513203214695757,linoleum,0.8075691499736435,0.05625110607613619,0.027498335976117404,0.10868140797410294,linoleum,0.8075691499736435,0.05625110607613619,0.027498335976117404,0.10868140797410294
linoleum,figure_eight,148,2.5897127474141763,3.296211251435132,2.8237657864523538,linoleum,0.570293386183338,0.10538337370207755,0.0479635604739903,0.27635967964059416,linoleum,0.6889312680784907,0.08081723988910687,0.03773094822505385,0.19252054380734857
linoleum,figure_eight,148,2.5896845905535115,3.025258323765786,2.8909299655568312,linoleum,0.5188790327139438,0.11600097148705346,0.052440067493680846,0.312679928305322,linoleum,0.6039051503962172,0.09840910568808017,0.04508550785936735,0.2526002360563353
linoleum,circle,149,2.600041627883911,3.1262916188289323,3.1262916188289323,cell_carpet,0.2873447253661395,0.1661082442504684,0.07555096222962322,0.4709960681537689,cell_carpet,0.2873447253661395,0.1661082442504684,0.07555096222962322,0.4709960681537689
linoleum,circle,149,2.600119113922119,3.101033295063146,3.113662456946039,cell_carpet,0.2971033141168324,0.16399965564707977,0.07463106426290797,0.46426596597317976,cell_carpet,0.29222401974148593,0.1650539499487741,0.0750910132462656,0.4676310170634743
linoleum,circle,149,2.6000986099243164,3.4569460390355915,3.228090317642556,cell_carpet,0.2138931575083336,0.18233649938393842,0.08267007393958796,0.5211002691681401,cell_carpet,0.25305858862490976,0.17369522466635626,0.07888054359292679,0.4943656431158072
linoleum,figure_eight,151,2.64113735137854,1.3524684270952927,1.3524684270952927,linoleum,0.8384477323794731,0.06928324635516621,0.045540201967269114,0.04672881929809157,linoleum,0.8384477323794731,0.06928324635516621,0.045540201967269114,0.04672881929809157
linoleum,figure_eight,151,2.640989504039761,1.4592422502870264,1.4058553386911594,linoleum,0.8445227482726624,0.06550168679677841,0.04228822168986253,0.047687343240696546,linoleum,0.8414852403260679,0.06739246657597232,0.04391421182856583,0.04720808126939407
linoleum,figure_eight,151,2.641240879716745,1.233065442020666,1.3482587064676617,linoleum,0.8379046095779814,0.06960973170850668,0.04582055382183226,0.04666510489167966,linoleum,0.8396949249520247,0.06850109914223951,0.044867382825199045,0.04693659308053687
linoleum,figure_eight,153,2.664305265081812,2.903559127439725,2.903559127439725,cell_carpet,0.32303269692788467,0.16460108972702295,0.08208819890176557,0.43027801444332686,cell_carpet,0.32303269692788467,0.16460108972702295,0.08208819890176557,0.43027801444332686
linoleum,figure_eight,153,2.6643796027928155,3.012629161882893,2.9580941446613087,cell_carpet,0.282987443587407,0.17370463054925034,0.08645029067046489,0.4568576351928777,cell_carpet,0.3030100702576458,0.16915286013813663,0.08426924478611522,0.4435678248181023
linoleum,figure_eight,153,2.664365241011124,2.256027554535017,2.724071947952545,linoleum,0.45927656986305787,0.13454407078815842,0.06781082826706702,0.3383685310817166,cell_carpet,0.3811433200603519,0.15184846546314754,0.07604003652659114,0.3909681779499095
linoleum,figure_eight,155,2.701076285698577,1.2181400688863375,1.2181400688863375,linoleum,0.7896852437611307,0.08834293568192658,0.061498822037222095,0.0604729985197205,linoleum,0.7896852437611307,0.08834293568192658,0.061498822037222095,0.0604729985197205
linoleum,figure_eight,155,2.7010875408925195,1.3582089552238807,1.2881745120551091,linoleum,0.8001568586544472,0.08201932568378136,0.05583683819340329,0.061986977468368294,linoleum,0.7949210512077889,0.08518113068285396,0.058667830115312694,0.0612299879940444
linoleum,figure_eight,155,2.701135332553251,1.2055109070034442,1.2606199770378874,linoleum,0.7963968353574047,0.08434879592686288,0.057923436438935626,0.061330932276796854,linoleum,0.7956589432825968,0.08476496330485842,0.058295633277124156,0.06128046013542063
linoleum,figure_eight,156,2.727902626637632,2.367393800229621,2.367393800229621,linoleum,0.6031662805196147,0.10599295559398868,0.057717861875534,0.2331229020108626,linoleum,0.6031662805196147,0.10599295559398868,0.057717861875534,0.2331229020108626
linoleum,figure_eight,156,2.7278666160385665,2.357060849598163,2.362227324913892,linoleum,0.6059782659018728,0.10538867960853915,0.057422705213528255,0.23121034927605982,linoleum,0.6045722732107438,0.10569081760126393,0.057570283544531135,0.23216662564346124
linoleum,figure_eight,156,2.727825716031691,2.360505166475316,2.3616532721010333,linoleum,0.6062893242596029,0.1053218645604617,0.05739008228994453,0.2309987288899908,linoleum,0.6054307987351734,0.10550634108086282,0.05748018291723783,0.23158267726672602
linoleum,circle,157,2.741691978769847,2.2835820895522385,2.2835820895522385,linoleum,0.6226535843670223,0.10253519860673838,0.057053578719739026,0.2177576383065002,linoleum,0.6226535843670223,0.10253519860673838,0.057053578719739026,0.2177576383065002
linoleum,circle,157,2.741584213572093,2.172215843857635,2.2278989667049367,linoleum,0.6490907923464225,0.09692174667771347,0.054309807760257886,0.199677653215606,linoleum,0.6358721883567224,0.09972847264222592,0.055681693239998456,0.2087176457610531
linoleum,circle,157,2.7415763457589826,4.73593570608496,3.0639112131649444,cell_carpet,0.1332961593386096,0.21814306195470998,0.11663335529942868,0.5319274234072517,linoleum,0.384584173847666,0.15893576729846795,0.08615752426971357,0.37032253458415243
linoleum,circle,160,2.800027370452881,2.360505166475316,2.360505166475316,linoleum,0.5117187065323732,0.128663080063573,0.07334313944384772,0.28627507396020613,linoleum,0.5117187065323732,0.128663080063573,0.07334313944384772,0.28627507396020613
linoleum,circle,160,2.8000409603118896,2.277841561423651,2.319173363949483,linoleum,0.5361287946567108,0.12324740390391807,0.07051675337998863,0.2701070480593826,linoleum,0.523923750594542,0.12595524198374553,0.07192994641191817,0.2781910610097944
linoleum,circle,160,2.799997806549072,2.8392652123995408,2.492537313432836,linoleum,0.42725902269506166,0.14775709132169332,0.08340661031728616,0.34157727566595886,linoleum,0.47559138664480183,0.13685616665271944,0.07766827836460216,0.30988416833787663
linoleum,figure_eight,160,2.801236562906951,1.2158438576349024,1.2158438576349024,linoleum,0.7543488731244289,0.09619195078277604,0.0679543635379398,0.08150481255485541,linoleum,0.6149701298846153,0.11652405871774774,0.07281132095127098,0.19569449044636603
linoleum,figure_eight,161,2.801354984481351,1.1928817451205511,1.1928817451205511,linoleum,0.7446895455737536,0.09952577493656899,0.07094704674482372,0.08483763274485363,linoleum,0.7446895455737536,0.09952577493656899,0.07094704674482372,0.08483763274485363
linoleum,figure_eight,161,2.801343479588044,1.2433983926521242,1.2181400688863375,linoleum,0.7478620416136013,0.09740497344285624,0.06894115539847491,0.08579182954506753,linoleum,0.7462757935936776,0.09846537418971263,0.06994410107164932,0.08531473114496059
linoleum,figure_eight,162,2.8339307334817643,2.7083811710677383,2.7083811710677383,cell_carpet,0.24521182313890064,0.19335592397712253,0.11070593681421116,0.4507263160697657,cell_carpet,0.24521182313890064,0.19335592397712253,0.11070593681421116,0.4507263160697657
linoleum,figure_eight,162,2.834032289373821,2.8564867967853043,2.7824339839265213,cell_carpet,0.2018717177872461,0.20495770667618177,0.11730427035322179,0.4758663051833503,cell_carpet,0.22354177046307339,0.19915681532665214,0.11400510358371647,0.463296310626558
linoleum,figure_eight,162,2.8346278966548337,2.8220436280137773,2.795637198622273,cell_carpet,0.194569700233047,0.20698232055898788,0.1184671949039802,0.4799807843039849,cell_carpet,0.2090557353480602,0.20306956794282,0.11623614924384834,0.47163854746527145
linoleum,figure_eight,165,2.8855663676518075,1.4408725602755452,1.4408725602755452,linoleum,0.7276498362065094,0.09253659576308108,0.06263818448374164,0.11717538354666784,linoleum,0.7276498362065094,0.09253659576308108,0.06263818448374164,0.11717538354666784
linoleum,figure_eight,165,2.8856251791535827,1.5797933409873708,1.510332950631458,linoleum,0.7232901568000896,0.09156050045534754,0.06106222492531016,0.1240871178192527,linoleum,0.7254699965032995,0.09204854810921431,0.0618502047045259,0.12063125068296027
linoleum,figure_eight,165,2.8856496854086067,1.5189437428243395,1.513203214695752,linoleum,0.7230509074067245,0.09153998275182589,0.061012130034795754,0.12439697980665394,linoleum,0.724260451955012,0.0917942654305201,0.061431167369660825,0.1225141152448071
linoleum,figure_eight,167,2.9229256747758856,2.700344431687716,2.700344431687716,cell_carpet,0.18697342748546286,0.21323274063544673,0.12789163962235178,0.4719021922567385,cell_carpet,0.18697342748546286,0.21323274063544673,0.12789163962235178,0.4719021922567385
linoleum,figure_eight,167,2.92291563048346,2.021814006888633,2.3610792192881744,linoleum,0.38973861717110997,0.16022179251539964,0.09671284120140586,0.35332674911208445,cell_carpet,0.28835602232828644,0.1867272665754232,0.11230224041187883,0.41261447068441154
linoleum,figure_eight,167,2.9228184519762155,1.4718714121699197,2.0646766169154227,linoleum,0.5551880650347277,0.12218828540054119,0.07541790981264856,0.24720573975208257,linoleum,0.4217720436815071,0.15445777598798222,0.0938600751122637,0.32991010521824704
linoleum,circle,169,2.9416796286874494,1.9885189437428243,1.9885189437428243,linoleum,0.5689980815295834,0.11978952246234481,0.07518093459127806,0.23603146141679354,linoleum,0.5689980815295834,0.11978952246234481,0.07518093459127806,0.23603146141679354
linoleum,circle,169,2.9416023810678205,2.010332950631458,1.9994259471871407,linoleum,0.5642536324144496,0.12080980318755037,0.07573305332003316,0.23920351107796678,linoleum,0.5666258569720165,0.12029966282494758,0.07545699395565561,0.23761748624738016
linoleum,circle,169,2.9415957053476056,1.7359357060849598,1.9115958668197477,linoleum,0.6000552135890033,0.11325399555399025,0.07170803572954024,0.2149827551274663,linoleum,0.58334053528051,0.11677682918946893,0.07358251484259794,0.22630012068742325
linoleum,circle,172,3.000028133392334,2.0964408725602754,2.0964408725602754,linoleum,0.49458682876637206,0.13689223668573222,0.0858795197496997,0.282641414798196,linoleum,0.49458682876637206,0.13689223668573222,0.0858795197496997,0.282641414798196
linoleum,circle,172,3.0000104904174805,2.171067738231917,2.133754305396097,linoleum,0.4749170702182767,0.14140363543382783,0.08845453639740299,0.2952247579504925,linoleum,0.48475194949232436,0.13914793605978004,0.08716702807355134,0.28893308637434423
linoleum,circle,172,3.000093698501587,2.1676234213547647,2.1450440107156523,linoleum,0.4688140321996748,0.14281549136451197,0.08926421063244956,0.29910626580336375,linoleum,0.4767829908459996,0.14098171371214602,0.08821561935300046,0.294019676088854
linoleum,figure_eight,173,3.0235931001743093,1.0918484500574053,1.0918484500574053,linoleum,0.6795036977406489,0.1177124391991244,0.0875561439740965,0.11522771908613016,linoleum,0.6795036977406489,0.1177124391991244,0.0875561439740965,0.11522771908613016
linoleum,figure_eight,173,3.0227568904303954,1.979334098737084,1.5355912743972446,linoleum,0.6749203714178165,0.10183699843489027,0.06881475458583848,0.1544278755614548,linoleum,0.6772120345792327,0.10977471881700734,0.07818544927996748,0.13482779732379246
linoleum,figure_eight,173,3.0235376154543454,1.6762342135476465,1.5824722541140452,linoleum,0.6674208864273865,0.10255698911931592,0.06874000940980982,0.16128211504348766,linoleum,0.6723164605033097,0.10616585396816165,0.07346272934488866,0.1480549561836401
linoleum,figure_eight,176,3.0672806475788312,2.389207807118255,2.389207807118255,cell_carpet,0.3097809576652474,0.18222309603492526,0.11344975377699015,0.3945461925228373,cell_carpet,0.3097809576652474,0.18222309603492526,0.11344975377699015,0.3945461925228373
linoleum,figure_eight,176,3.067812080735278,1.7577497129735935,2.073478760045925,linoleum,0.4905225822848811,0.13822006359599576,0.08745711368074266,0.28380024043838037,linoleum,0.40015176997506424,0.1602215798154605,0.1004534337288664,0.33917321648060883
linoleum,figure_eight,176,3.067346109613708,2.106773823191733,2.084577114427861,linoleum,0.484827327726415,0.1395246934636002,0.08820602329994527,0.28744195551003954,linoleum,0.4424895488507397,0.14987313663953036,0.09432972851440585,0.3133075859953242
linoleum,figure_eight,180,3.135338257988373,1.8071182548794489,1.8071182548794489,linoleum,0.6051264450069778,0.11343013545149293,0.0737077376586832,0.20773568188284602,linoleum,0.6051264450069778,0.11343013545149293,0.0737077376586832,0.20773568188284602
linoleum,figure_eight,180,3.1353476568164003,2.709529276693456,2.258323765786452,linoleum,0.3902561808955906,0.16188154510516053,0.10113563525261438,0.34672663874663456,linoleum,0.49769131295128427,0.13765584027832675,0.08742168645564881,0.2772311603147403
linoleum,figure_eight,180,3.135437284558737,2.7313432835820897,2.415996938384998,cell_carpet,0.2960258187424959,0.18573941261787058,0.1154339725583021,0.4028007960813313,linoleum,0.39685856584689005,0.16169762644809865,0.10142782950697546,0.3400159781980358
rubber_carpet,figure_eight,-178,-3.099713802903304,7.204362801377727,7.204362801377727,rubber_carpet,0.009284947755514732,0.1932484317978133,0.7881636883830969,0.009302932063575015,rubber_carpet,0.009284947755514732,0.1932484317978133,0.7881636883830969,0.009302932063575015
rubber_carpet,figure_eight,-178,-3.0997099903439427,8.021814006888635,7.613088404133181,rubber_carpet,0.012675831458594036,0.14788585001815502,0.8267602846560529,0.012678033867198003,rubber_carpet,0.010980389607054384,0.17056714090798417,0.8074619865195749,0.01099048296538651
rubber_carpet,figure_eight,-178,-3.099618486261166,8.336394948335247,7.8541905855338685,rubber_carpet,0.01536769110405794,0.1255989449832558,0.8436650906002695,0.015368273312416778,rubber_carpet,0.013174040355556162,0.14808304294561997,0.8255635385599223,0.013179378138901644
rubber_carpet,circle,-177,-3.083145205174582,7.959816303099885,7.959816303099885,rubber_carpet,0.01639944659052747,0.11806107167671952,0.8491396936276873,0.016399788105065767,rubber_carpet,0.01639944659052747,0.11806107167671952,0.8491396936276873,0.016399788105065767
rubber_carpet,circle,-177,-3.082599226628439,8.3398392652124,8.149827784156141,rubber_carpet,0.019192238675028006,0.10423502251567311,0.8573803884893313,0.019192350319967504,rubber_carpet,0.01779584263277774,0.11114804709619631,0.8532600410585093,0.017796069212516634
rubber_carpet,circle,-177,-3.083109680806296,8.287026406429392,8.195560658247226,rubber_carpet,0.019942498076087563,0.10127285692864196,0.8588420621619413,0.019942582833329274,rubber_carpet,0.01886917035443265,0.10621045201241913,0.8560510516102253,0.018869326022922954
rubber_carpet,circle,-175,-3.0583952347463894,9.446613088404131,9.446613088404131,rubber_carpet,0.05580336574989493,0.07495966305604199,0.8134336054229476,0.055803365771115374,rubber_carpet,0.05580336574989493,0.07495966305604199,0.8134336054229476,0.055803365771115374
rubber_carpet,circle,-175,-3.058439103764943,9.118254879448909,9.28243398392652,rubber_carpet,0.048329252411689755,0.07242595068448807,0.8309155444197605,0.04832925248406159,rubber_carpet,0.05206630908079235,0.07369280687026504,0.8221745749213542,0.05206630912758849
rubber_carpet,circle,-175,-3.0586069504446307,9.180252583237658,9.248373517030233,rubber_carpet,0.04690236009604268,0.07213600218792088,0.8340592775270621,0.046902360188974215,rubber_carpet,0.04948433458841752,0.07291440452909297,0.8281169262242082,0.04948433465828136
rubber_carpet,figure_eight,-170,-2.9748000856768777,11.04247990815155,11.04247990815155,rubber_carpet,0.15089249264614835,0.15228702273858213,0.545927991969121,0.1508924926461484,rubber_carpet,0.15089249264614835,0.15228702273858213,0.545927991969121,0.1508924926461484
rubber_carpet,figure_eight,-170,-2.9749291194496363,9.600459242250285,10.321469575200918,rubber_carpet,0.09260910917969631,0.09870936772264807,0.7160724139179105,0.0926091091797451,rubber_carpet,0.12175080091292233,0.12549819523061512,0.6310002029435158,0.12175080091294675
rubber_carpet,figure_eight,-170,-2.9747835424789977,10.349024110218142,10.330654420206658,rubber_carpet,0.0932754670452234,0.0992757042757926,0.7141733616337155,0.09327546704526847,rubber_carpet,0.10751313397907289,0.11238694975320389,0.6725867822886157,0.10751313397910764
rubber_carpet,figure_eight,-167,-2.9225600234363527,6.814006888633755,6.814006888633755,rubber_carpet,0.005075416752000446,0.29128192805099257,0.6982104112666079,0.0054322439303992505,rubber_carpet,0.005075416752000446,0.29128192805099257,0.6982104112666079,0.0054322439303992505
rubber_carpet,figure_eight,-167,-2.9225600234363527,6.229621125143513,6.5218140068886346,rubber_carpet,0.00430883112156999,0.33367650354647815,0.6565576963313446,0.005456969000607192,rubber_carpet,0.004692123936785218,0.3124792157987354,0.6773840537989763,0.005444606465503221
rubber_carpet,figure_eight,-167,-2.922555173027024,7.181400688863375,6.741676234213547,rubber_carpet,0.004867625937641986,0.30177428860703437,0.6880096393476979,0.005348446107625796,rubber_carpet,0.004779874937213602,0.3071267522028849,0.6826968465733371,0.005396526286564509
rubber_carpet,circle,-165,-2.8831732908832,5.878300803673938,5.878300803673938,rubber_carpet,0.002982108096810275,0.43396910874572836,0.5462785968622335,0.016770186295227876,rubber_carpet,0.002982108096810275,0.43396910874572836,0.5462785968622335,0.016770186295227876
rubber_carpet,circle,-165,-2.8831115404712127,6.187141216991963,6.032721010332951,rubber_carpet,0.0031818516823821706,0.4157178978572398,0.5693908973829078,0.011709353077470359,rubber_carpet,0.0030819798895962217,0.42484350330148396,0.5578347471225705,0.014239769686349114
rubber_carpet,circle,-165,-2.8831227461444304,6.597014925373135,6.220818982013012,rubber_carpet,0.003458811242169204,0.3912784882714457,0.5972267179294537,0.0080359825569315,rubber_carpet,0.003270395565882713,0.4080609957864648,0.5775307325260122,0.011137876121640307
rubber_carpet,circle,-164,-2.858387557668141,9.832376578645237,9.832376578645237,rubber_carpet,0.04068354702063069,0.061309758878990886,0.8573231470642068,0.04068354703617174,rubber_carpet,0.04068354702063069,0.061309758878990886,0.8573231470642068,0.04068354703617174
rubber_carpet,circle,-164,-2.858430711430959,9.11251435132032,9.472445464982778,rubber_carpet,0.02982054098774436,0.06277478572413274,0.8775841320806882,0.029820541207434655,rubber_carpet,0.03525204400418753,0.06204227230156181,0.8674536395724475,0.035252044121803196
rubber_carpet,circle,-164,-2.8589037338918963,9.423650975889782,9.456180635285111,rubber_carpet,0.029409344154492024,0.06303243575672812,0.878148875687598,0.02940934440118179,rubber_carpet,0.03233069407933978,0.06253735402914497,0.8728012576300228,0.032330694261492494
rubber_carpet,figure_eight,-163,-2.8438503030877937,11.049368541905856,11.049368541905856,rubber_carpet,0.10342975274774333,0.1065330340748582,0.6866074604296544,0.10342975274774419,rubber_carpet,0.10342975274774333,0.1065330340748582,0.6866074604296544,0.10342975274774419
rubber_carpet,figure_eight,-163,-2.8444536109297864,12.053960964408724,11.55166475315729,rubber_carpet,0.1445822323475561,0.14564517916516043,0.5651903561397275,0.1445822323475561,rubber_carpet,0.12400599254764971,0.12608910662000933,0.6258989082846909,0.12400599254765014
rubber_carpet,figure_eight,-163,-2.844467579572794,10.09988518943743,11.067738231917335,rubber_carpet,0.10484752132107664,0.10784098718874005,0.6824639701691058,0.10484752132107736,rubber_carpet,0.11442675693436317,0.11696504690437469,0.6541814392268983,0.11442675693436374
rubber_carpet,figure_eight,-160,-2.7918061061689,5.60849598163031,5.60849598163031,grass,0.0023725903513807673,0.4882933399123109,0.4507155411455635,0.0586185285907447,grass,0.0023725903513807673,0.4882933399123109,0.4507155411455635,0.0586185285907447
rubber_carpet,figure_eight,-160,-2.7911435773053648,6.079219288174512,5.843857634902411,rubber_carpet,0.0025685169955854616,0.47455379270059117,0.4895702767370551,0.03330741356676826,grass,0.0024705536734831147,0.48142356630645106,0.47014290894130933,0.045962971078756486
rubber_carpet,figure_eight,-160,-2.79112203495916,5.680826636050517,5.789513968618446,rubber_carpet,0.002521679287591419,0.4785915431239802,0.4808031933936265,0.03808358419480171,grass,0.002496116480537267,0.4800075547152157,0.475473051167468,0.042023277636779106
rubber_carpet,circle,-154,-2.683198992406026,4.291618828932262,4.291618828932262,cell_carpet,0.002394818999576446,0.3032016101195346,0.14915160137696565,0.5452519695039233,cell_carpet,0.002394818999576446,0.3032016101195346,0.14915160137696565,0.5452519695039233
rubber_carpet,circle,-154,-2.683089081441061,3.83467278989667,4.063145809414467,cell_carpet,0.005604518449535743,0.27324700164584054,0.12997848178606877,0.591169998118555,cell_carpet,0.0039996687245560944,0.28822430588268755,0.13956504158151722,0.5682109838112391
rubber_carpet,circle,-154,-2.6827436129199427,4.926521239954076,4.350937619594336,cell_carpet,0.002075395103430245,0.31202894404457354,0.1550744647311717,0.5308211961208245,cell_carpet,0.0030375319139931698,0.3001266249636305,0.14731975315634446,0.5495160899660319
rubber_carpet,circle,-152,-2.6584149281210223,10.461538461538462,10.461538461538462,rubber_carpet,0.02136131901219564,0.047750067363087866,0.9095272945943329,0.021361319030383675,rubber_carpet,0.02136131901219564,0.047750067363087866,0.9095272945943329,0.021361319030383675
rubber_carpet,circle,-152,-2.6583872715658456,9.742824339839265,10.102181400688863,rubber_carpet,0.01620340835222937,0.05725015051284798,0.9103430325292691,0.0162034086056536,rubber_carpet,0.018782363682212505,0.05250010893796792,0.9099351635618009,0.018782363818018635
rubber_carpet,circle,-152,-2.65897258917754,10.489092996555682,10.231151932644469,rubber_carpet,0.01786073761117329,0.053036107296118296,0.9112424173813592,0.017860737711349224,rubber_carpet,0.0183215506466929,0.052768108117043105,0.9105887904715801,0.01832155076468393
rubber_carpet,figure_eight,-152,-2.660269516416552,12.012629161882892,12.012629161882892,rubber_carpet,0.07814463312144787,0.08053976118912955,0.7631709725679747,0.0781446331214479,rubber_carpet,0.04823309188407037,0.06665393465308632,0.8368798815197772,0.0482330919430659
rubber_carpet,figure_eight,-152,-2.6603798093786346,11.375430539609646,11.694029850746269,rubber_carpet,0.059924808048134416,0.06417226084640906,0.8159781230573213,0.059924808048135075,rubber_carpet,0.05407894996610241,0.0654130977497477,0.8264290022885494,0.054078949995600506
rubber_carpet,figure_eight,-152,-2.6603091178499634,11.761194029850746,11.71641791044776,rubber_carpet,0.06107204598128974,0.06515862177108205,0.812697286266338,0.061072045981290284,rubber_carpet,0.05757549797369607,0.06528585976041487,0.8195631442774437,0.0575754979884454
rubber_carpet,figure_eight,-149,-2.608556657996872,4.269804822043628,4.269804822043628,cell_carpet,0.005441034861327584,0.24934039340287859,0.10216026477571469,0.6430583069600792,cell_carpet,0.005441034861327584,0.24934039340287859,0.10216026477571469,0.6430583069600792
rubber_carpet,figure_eight,-149,-2.608458824478169,4.74052812858783,4.505166475315729,cell_carpet,0.002298469267250575,0.2780665452105867,0.11757360218395323,0.6020613833382095,cell_carpet,0.0038697520642890794,0.26370346930673266,0.10986693347983395,0.6225598451491443
rubber_carpet,figure_eight,-149,-2.608597029044045,4.796785304247991,4.602372751626483,cell_carpet,0.001878457507837394,0.2922451207581686,0.1255527167362171,0.5803237049977769,cell_carpet,0.002874104786063237,0.27797429503245064,0.11770982510802552,0.6014417750734606
rubber_carpet,figure_eight,-145,-2.5342174168259213,11.800229621125142,11.800229621125142,rubber_carpet,0.027753973910132557,0.03720245084726874,0.9072896013324491,0.02775397391014962,rubber_carpet,0.027753973910132557,0.03720245084726874,0.9072896013324491,0.02775397391014962
rubber_carpet,figure_eight,-145,-2.534193166284376,13.355912743972446,12.578071182548792,rubber_carpet,0.05332369496782811,0.05599302113435845,0.8373595889299853,0.05332369496782812,rubber_carpet,0.040538834438980334,0.0465977359908136,0.8723245951312172,0.04053883443898887
rubber_carpet,figure_eight,-145,-2.53423042086871,11.204362801377728,12.120168388825103,rubber_carpet,0.036163177359223184,0.04192651151695055,0.885747133764602,0.03616317735922422,rubber_carpet,0.03835100589910176,0.044262123753882075,0.8790358644479096,0.03835100589910655
rubber_carpet,circle,-142,-2.4831956068622034,3.298507462686568,3.298507462686568,linoleum,0.7068797537321683,0.06388648605882248,0.021421828965286112,0.20781193124372316,linoleum,0.7068797537321683,0.06388648605882248,0.021421828965286112,0.20781193124372316
rubber_carpet,circle,-142,-2.4825626055346888,3.194029850746269,3.246268656716418,linoleum,0.7432121946220657,0.05725800917321042,0.01939011267195702,0.18013968353276688,linoleum,0.7250459741771169,0.06057224761601645,0.020405970818621565,0.19397580738824502
rubber_carpet,circle,-142,-2.4831221739398406,3.0539609644087258,3.182166092613853,linoleum,0.7820586620211909,0.05006751952716044,0.01717755638928322,0.15069626206236547,linoleum,0.7535523180991539,0.055319883571588443,0.01879176360395239,0.17233603472530523
rubber_carpet,figure_eight,-142,-2.48538321881837,3.823191733639495,3.823191733639495,cell_carpet,0.21482859974091997,0.14857166787967446,0.04669339390072927,0.5899063384786764,linoleum,0.4841904589200369,0.10194577572563146,0.03274257875234083,0.3811211866019908
rubber_carpet,figure_eight,-142,-2.485281761404354,3.6176808266360494,3.720436280137773,cell_carpet,0.3052439583042777,0.13334612857170505,0.042240615889354245,0.519169297234663,cell_carpet,0.3947172086121573,0.11764595214866826,0.03749159732084754,0.4501452419183269
rubber_carpet,figure_eight,-142,-2.4852701471645653,3.881745120551091,3.7742058936088783,cell_carpet,0.25587344630515235,0.14164177232654568,0.044670821622965644,0.5578139597453363,cell_carpet,0.32529532745865486,0.12964386223760696,0.04108120947190659,0.5039796008318316
rubber_carpet,circle,-141,-2.458380309743336,11.680826636050517,11.680826636050517,rubber_carpet,0.01583335687062793,0.03479242822001406,0.9335408580382171,0.01583335687114081,rubber_carpet,0.01583335687062793,0.03479242822001406,0.9335408580382171,0.01583335687114081
rubber_carpet,circle,-141,-2.458471862477712,11.486796785304248,11.58381171067738,rubber_carpet,0.01478802193250495,0.036406922620813055,0.9340170335130566,0.014788021933625318,rubber_carpet,0.01531068940156644,0.03559967542041356,0.9337789457756369,0.015310689402383063
rubber_carpet,circle,-141,-2.458910552663258,12.063145809414468,11.743589743589745,rubber_carpet,0.016560913019254404,0.033953915226847535,0.932924258734336,0.016560913019562015,rubber_carpet,0.01593580121041042,0.03477679532363055,0.9333516022549865,0.015935801210972537
rubber_carpet,figure_eight,-136,-2.370855210170895,12.313432835820896,12.313432835820896,rubber_carpet,0.014304820388557493,0.029576468087952675,0.9418138911348735,0.014304820388616208,rubber_carpet,0.014304820388557493,0.029576468087952675,0.9418138911348735,0.014304820388616208
rubber_carpet,figure_eight,-136,-2.370868386028928,12.939150401836969,12.626291618828931,rubber_carpet,0.017821705987263937,0.02749557009965026,0.9368610179258179,0.017821705987267903,rubber_carpet,0.01606326318791072,0.028536019093801473,0.9393374545303458,0.01606326318794206
rubber_carpet,figure_eight,-136,-2.370792783728413,11.520091848450058,12.257558362035974,rubber_carpet,0.013776348164670405,0.030303492050661032,0.9421438116199043,0.013776348164764324,rubber_carpet,0.014919805676290563,0.029419755572231254,0.9407406330751251,0.014919805676353192
rubber_carpet,figure_eight,-133,-2.3274816138026,2.8760045924225026,2.8760045924225026,linoleum,0.9796032950232361,0.006976691818852832,0.0028968567022148273,0.01052315645569623,linoleum,0.9796032950232361,0.006976691818852832,0.0028968567022148273,0.01052315645569623
rubber_carpet,figure_eight,-133,-2.327382674607044,2.4351320321469574,2.6555683122847302,linoleum,0.9832118916513791,0.006456110107563496,0.003136148636674433,0.007195849604382974,linoleum,0.9814075933373076,0.006716400963208163,0.00301650266944463,0.008859503030039602
rubber_carpet,figure_eight,-133,-2.3271899507899576,3.309988518943743,2.8737083811710677,linoleum,0.9796666297423146,0.006965024972682475,0.0028966130174462004,0.010471732267556816,linoleum,0.9805371115398112,0.006840712967945319,0.0029565578434454154,0.00966561764879821
rubber_carpet,circle,-131,-2.283182207738058,2.734787600459242,2.734787600459242,linoleum,0.9859870786108921,0.005345244247345444,0.0027597945297464597,0.0059078826120159056,linoleum,0.9859870786108921,0.005345244247345444,0.0027597945297464597,0.0059078826120159056
rubber_carpet,circle,-131,-2.2831206957446497,2.746268656716418,2.74052812858783,linoleum,0.9859665801212967,0.005341528549406509,0.002745813763944924,0.00594607756535187,linoleum,0.9859768293660945,0.0053433863983759775,0.0027528041468456925,0.0059269800886838885
rubber_carpet,circle,-131,-2.283140961323874,2.9402985074626864,2.8071182548794487,linoleum,0.985554755470955,0.005347034826860609,0.002611814510286273,0.006486395191898103,linoleum,0.9857657924185248,0.005345210612618293,0.0026823093285659825,0.006206687640290996
rubber_carpet,figure_eight,-130,-2.266085889839651,11.64179104477612,11.64179104477612,rubber_carpet,0.006058543342068927,0.08297943941981865,0.9049034735206022,0.006058543717510161,rubber_carpet,0.006058543342068927,0.08297943941981865,0.9049034735206022,0.006058543717510161
rubber_carpet,figure_eight,-130,-2.2665822002176284,13.74626865671642,12.694029850746269,rubber_carpet,0.010185922954822724,0.030381383382964814,0.9492467707072898,0.010185922954922632,rubber_carpet,0.008122233148445826,0.05668041140139174,0.927075122113946,0.008122233336216398
rubber_carpet,figure_eight,-130,-2.2666145404481246,12.606199770378876,12.664753157290471,rubber_carpet,0.010016257024370194,0.031054800320146823,0.9489126856309851,0.010016257024497956,rubber_carpet,0.00906924508640801,0.04386760586076928,0.9379939038724656,0.009069245180357177
rubber_carpet,circle,-129,-2.2583819309896747,13.365097588978188,13.365097588978188,rubber_carpet,0.014063545309484627,0.022719368403975978,0.9491535409770541,0.014063545309485155,rubber_carpet,0.014063545309484627,0.022719368403975978,0.9491535409770541,0.014063545309485155
rubber_carpet,circle,-129,-2.2584689537710467,12.368541905855338,12.866819747416764,rubber_carpet,0.010324419483802747,0.028433619835835613,0.9509175411965162,0.010324419483845472,rubber_carpet,0.012193982396643687,0.025576494119905795,0.9500355410867851,0.012193982396665314
rubber_carpet,circle,-129,-2.259032813710622,12.823191733639495,12.852277076157677,rubber_carpet,0.01023821441868236,0.028725785757944294,0.9507977854046427,0.010238214418730726,rubber_carpet,0.011216098407663026,0.02715113993892505,0.9504166632457139,0.011216098407698022
rubber_carpet,figure_eight,-128,-2.22796756064524,2.567164179104477,2.567164179104477,linoleum,0.9862106655303264,0.005350275236653553,0.00376735155788201,0.004671707675138044,linoleum,0.9862106655303264,0.005350275236653553,0.00376735155788201,0.004671707675138044
rubber_carpet,figure_eight,-128,-2.2275605263595053,2.9770378874856487,2.772101033295063,linoleum,0.9887113788799332,0.004311969902779137,0.0026438386973565886,0.004332812519931069,linoleum,0.9874610222051299,0.0048311225697163455,0.003205595127619299,0.004502260097534556
rubber_carpet,figure_eight,-128,-2.227477403917788,3.048220436280138,2.864140834290088,linoleum,0.988915390018648,0.004138927661826245,0.002368012089237493,0.0045776702302883195,linoleum,0.9881882061118887,0.004485025115771295,0.002786803608428396,0.004539965163911437
rubber_carpet,figure_eight,-122,-2.137749932745862,11.664753157290471,11.664753157290471,rubber_carpet,0.004326025909953733,0.17690923010898973,0.8144387012813352,0.004326042699721343,rubber_carpet,0.004326025909953733,0.17690923010898973,0.8144387012813352,0.004326042699721343
rubber_carpet,figure_eight,-122,-2.137740210173632,13.522388059701491,12.593570608495982,rubber_carpet,0.005777038817681502,0.06814836678256145,0.920297555561053,0.005777038838704141,rubber_carpet,0.005051532363817618,0.12252879844577559,0.867368128421194,0.005051540769212742
rubber_carpet,figure_eight,-122,-2.1376799330213143,12.307692307692308,12.498277841561425,rubber_carpet,0.0055849663320117465,0.07564721612450812,0.9131828511677335,0.005584966375746555,rubber_carpet,0.005318249347914682,0.09908800728514186,0.8902754897944638,0.005318253572479649
rubber_carpet,figure_eight,-121,-2.1042339686644933,2.322617680826636,2.322617680826636,linoleum,0.9510650655020336,0.016842529105769645,0.016062564971298477,0.016029840420898164,linoleum,0.9510650655020336,0.016842529105769645,0.016062564971298477,0.016029840420898164
rubber_carpet,figure_eight,-121,-2.104194252151032,3.029850746268657,2.6762342135476462,linoleum,0.9840740747198422,0.005645485127483457,0.0050325505034331764,0.0052478896492412115,linoleum,0.9675695701109379,0.01124400711662655,0.010547557737365827,0.010638865035069688
rubber_carpet,figure_eight,-121,-2.1042483693440945,2.331802525832376,2.5614236509758896,linoleum,0.9780637159689659,0.007697812843965251,0.00705496314259506,0.007183508044473771,linoleum,0.972816643039952,0.009470909980295903,0.008801260439980444,0.00891118653977173
rubber_carpet,circle,-119,-2.083168808613913,4.694603903559128,4.694603903559128,linoleum,0.6312710194671315,0.043061492314196044,0.009330723985515365,0.31633676423315704,linoleum,0.6312710194671315,0.043061492314196044,0.009330723985515365,0.31633676423315704
rubber_carpet,circle,-119,-2.0827363173114226,4.482204362801378,4.588404133180253,linoleum,0.7530356536560961,0.031038601860739444,0.007364142573760127,0.20856160190940437,linoleum,0.6921533365616138,0.037050047087467744,0.008347433279637745,0.26244918307128073
rubber_carpet,circle,-119,-2.0828090349780486,3.840413318025258,4.339073861461921,linoleum,0.9136800302658414,0.013336359797206007,0.003992585283219967,0.06899102465373258,linoleum,0.8029166834137276,0.025193203442336876,0.0061700092814288565,0.16572010386250666
rubber_carpet,circle,-118,-2.05838665167754,14.298507462686567,14.298507462686567,rubber_carpet,0.00989400072532345,0.018935698082274625,0.9612763004670783,0.00989400072532353,rubber_carpet,0.00989400072532345,0.018935698082274625,0.9612763004670783,0.00989400072532353
rubber_carpet,circle,-118,-2.0584422032064715,14.126291618828931,14.212399540757753,rubber_carpet,0.009445671931411838,0.019798605478822243,0.961310050658354,0.009445671931412016,rubber_carpet,0.009669836328367643,0.019367151780548434,0.9612931755627161,0.009669836328367773
rubber_carpet,circle,-118,-2.0587588230795184,13.38691159586682,13.937236892460774,rubber_carpet,0.008218901562040963,0.024003976916743133,0.9595582199591727,0.008218901562043203,rubber_carpet,0.008944368945204303,0.021685564348645783,0.9604256977609444,0.008944368945205488
rubber_carpet,figure_eight,-118,-2.0571149271176883,12.548794489092996,12.548794489092996,rubber_carpet,0.004905800435188238,0.10520612167189404,0.8849822772528992,0.004905800640018452,rubber_carpet,0.0069250846901962705,0.06344584301026991,0.9227039875069218,0.006925084792611971
rubber_carpet,figure_eight,-118,-2.0575233175455825,14.229621125143511,13.389207807118254,rubber_carpet,0.00648022373860929,0.04121267901484332,0.9458268735076737,0.0064802237388737315,rubber_carpet,0.006702654214402781,0.05232926101255662,0.9342654305072977,0.006702654265742851
rubber_carpet,figure_eight,-118,-2.0575037613690763,13.776119402985076,13.51817833907386,rubber_carpet,0.006822290069778002,0.035856569542428184,0.9504988503179271,0.0068222900698666905,rubber_carpet,0.006762472142090392,0.0440929152774924,0.9423821404126125,0.00676247216780477
rubber_carpet,figure_eight,-116,-2.0279281164156364,2.772675086107922,2.772675086107922,linoleum,0.9813589621155557,0.006396267735688595,0.006077120931833261,0.006167649216922447,linoleum,0.9813589621155557,0.006396267735688595,0.006077120931833261,0.006167649216922447
rubber_carpet,figure_eight,-116,-2.0275427175754235,2.609644087256028,2.691159586681975,linoleum,0.9760672365975932,0.008177477882911796,0.007846260169069003,0.007909025350425819,linoleum,0.9787130993565746,0.007286872809300197,0.006961690550451133,0.007038337283674134
rubber_carpet,figure_eight,-116,-2.027553731797411,2.8668197474167623,2.749712973593571,linoleum,0.9800422783396376,0.0068397765866748395,0.006517792998450917,0.006600152075236554,linoleum,0.979377688848106,0.007063324697987518,0.006739741774451025,0.006819244679455344
rubber_carpet,figure_eight,-112,-1.9591289551654447,13.62227324913892,13.62227324913892,rubber_carpet,0.00563345922626884,0.0524258643061032,0.9363072172407683,0.00563345922685968,rubber_carpet,0.00563345922626884,0.0524258643061032,0.9363072172407683,0.00563345922685968
rubber_carpet,figure_eight,-112,-1.9588087029592365,13.034443168771526,13.328358208955224,rubber_carpet,0.005171730954629593,0.07392079574900884,0.9157357423352149,0.005171730961146657,rubber_carpet,0.005402595090449216,0.06317333002755601,0.9260214797879915,0.005402595094003169
rubber_carpet,figure_eight,-112,-1.9587778821224149,13.7646383467279,13.473784921546114,rubber_carpet,0.005387881338626344,0.06238934916388539,0.9268348881568499,0.005387881340638324,rubber_carpet,0.00539523821453778,0.0627813395957207,0.9264281839724207,0.005395238217320747
rubber_carpet,figure_eight,-111,-1.932986031690805,3.7531572904707233,3.7531572904707233,linoleum,0.9944122648290261,0.0018017671871551758,0.0014504453554692127,0.0023355226283495374,linoleum,0.9944122648290261,0.0018017671871551758,0.0014504453554692127,0.0023355226283495374
rubber_carpet,figure_eight,-111,-1.9329460561552072,3.9425947187141217,3.847876004592423,linoleum,0.9940144100500091,0.0018554975389310285,0.0014258912100779259,0.002704201200981922,linoleum,0.9942133374395177,0.0018286323630431023,0.0014381682827735694,0.0025198619146657294
rubber_carpet,figure_eight,-111,-1.9330453722897216,3.888633754305397,3.8614619211634142,linoleum,0.9939300495317761,0.001868962178510767,0.001425875990845488,0.0027751122988675567,linoleum,0.994071693485647,0.0018487972707769348,0.001432022136809529,0.0026474871067666433
rubber_carpet,figure_eight,-109,-1.896491907074697,14.889781859931112,14.889781859931112,rubber_carpet,0.008286225188583345,0.017661391016986584,0.9657661586058468,0.008286225188583369,rubber_carpet,0.008286225188583345,0.017661391016986584,0.9657661586058468,0.008286225188583369
rubber_carpet,figure_eight,-109,-1.896779407085448,11.796785304247992,13.343283582089551,rubber_carpet,0.004878138565842127,0.09096101384638654,0.8992827090045189,0.004878138583252378,rubber_carpet,0.006582181877212736,0.054311202431686564,0.9325244338051828,0.006582181885917873
rubber_carpet,figure_eight,-109,-1.8968056269158524,13.946039035591276,13.544202066590126,rubber_carpet,0.0051262674434194985,0.07197803393674126,0.9177694311729225,0.005126267446916816,rubber_carpet,0.005854224660316118,0.06314461818421391,0.9251469324890527,0.005854224666417345
rubber_carpet,circle,-108,-1.8831768671618865,7.769230769230768,7.769230769230768,cell_carpet,0.0021736175322952943,0.2483776910760705,0.023719294550587775,0.7257293968410464,cell_carpet,0.0021736175322952943,0.2483776910760705,0.023719294550587775,0.7257293968410464
rubber_carpet,circle,-108,-1.88308293024172,7.44316877152698,7.606199770378874,cell_carpet,0.002044196101048957,0.20402651572266875,0.018778584503460247,0.775150703672822,cell_carpet,0.002108906816672126,0.22620210339936966,0.021248939527024013,0.7504400502569343
rubber_carpet,circle,-108,-1.883103434239523,5.8783008036739375,7.030233448143895,cell_carpet,0.0019399907465459478,0.11051441116011715,0.009637986849931026,0.877907611243406,cell_carpet,0.002024448781609037,0.1683582572797434,0.01544346318847752,0.8141738307501701
rubber_carpet,figure_eight,-107,-1.873646773814336,5.556831228473019,5.556831228473019,cell_carpet,0.10872526716806323,0.06379754077127363,0.011882077143717964,0.8155951149169451,cell_carpet,0.10872526716806323,0.06379754077127363,0.011882077143717964,0.8155951149169451
rubber_carpet,figure_eight,-107,-1.8734060492947304,5.125143513203215,5.340987370838117,cell_carpet,0.3375383329097074,0.053496619983589115,0.012547193957778624,0.5964178531489248,cell_carpet,0.22313180003888533,0.05864708037743137,0.012214635550748294,0.706006484032935
rubber_carpet,figure_eight,-107,-1.8733946428404848,5.504018369690012,5.395331037122081,cell_carpet,0.26322089466559884,0.05744342751301762,0.012691679115678723,0.6666439987057047,cell_carpet,0.2431763473522421,0.0580452539452245,0.01245315733321351,0.6863252413693199
rubber_carpet,circle,-106,-1.858382074040822,14.43857634902411,14.43857634902411,rubber_carpet,0.0062671245975311545,0.030395736628022127,0.9570700141769111,0.006267124597535662,rubber_carpet,0.0062671245975311545,0.030395736628022127,0.9570700141769111,0.006267124597535662
rubber_carpet,circle,-106,-1.8584063927358905,13.451205510907004,13.944890929965558,rubber_carpet,0.00538415678064215,0.05424862820490486,0.9349830582334745,0.00538415678097837,rubber_carpet,0.005825640689086653,0.042322182416463495,0.9460265362051928,0.005825640689257017
rubber_carpet,circle,-106,-1.858434764546804,13.539609644087257,13.809797168006122,rubber_carpet,0.005196287228657125,0.06381642210402172,0.9257910034376219,0.005196287229699363,rubber_carpet,0.005510963958871889,0.053069302260242604,0.9359087698214074,0.00551096395947819
rubber_carpet,figure_eight,-104,-1.8189148214496405,12.721010332950632,12.721010332950632,rubber_carpet,0.004081196168269604,0.23086692464666675,0.7609706761664151,0.004081203018648483,rubber_carpet,0.004081196168269604,0.23086692464666675,0.7609706761664151,0.004081203018648483
rubber_carpet,figure_eight,-104,-1.8189342767638927,13.219288174512055,12.970149253731345,rubber_carpet,0.004264212428132345,0.18194605535236266,0.8095255186079482,0.0042642136115567985,rubber_carpet,0.004172704298200975,0.20640648999951475,0.7852480973871817,0.004172708315102642
rubber_carpet,figure_eight,-104,-1.818910930455769,13.560275545350173,13.166858017604286,rubber_carpet,0.004419243664253332,0.1485537104893356,0.8426078019022355,0.0044192439441756125,rubber_carpet,0.004295973981227153,0.17748010024442518,0.8139279496447086,0.0042959761296391275
rubber_carpet,figure_eight,-103,-1.7981663481617365,6.981630309988518,6.981630309988518,cell_carpet,0.0020984022119647588,0.08481594828155356,0.006948661319115424,0.9061369881873662,cell_carpet,0.0020984022119647588,0.08481594828155356,0.006948661319115424,0.9061369881873662
rubber_carpet,figure_eight,-103,-1.7981331247870014,6.597014925373135,6.789322617680827,cell_carpet,0.0023324241063765617,0.07425418656548335,0.006407413815942845,0.9170059755121973,cell_carpet,0.0022154131591706604,0.07953506742351846,0.006678037567529134,0.9115714818497818
rubber_carpet,figure_eight,-103,-1.7981608350004663,6.918484500574053,6.832376578645236,cell_carpet,0.0022684426664737367,0.07630019207155657,0.006494159843578352,0.9149372054183913,cell_carpet,0.0022419279128221984,0.07791762974753752,0.006586098705553743,0.9132543436340865
rubber_carpet,figure_eight,-101,-1.7683950995771685,13.870264064293917,13.870264064293917,rubber_carpet,0.004954456246290618,0.0760450794117542,0.9140460080935248,0.004954456248430486,rubber_carpet,0.004954456246290618,0.0760450794117542,0.9140460080935248,0.004954456248430486
rubber_carpet,figure_eight,-101,-1.7686191670020204,13.630309988518944,13.75028702640643,rubber_carpet,0.004829253710577236,0.08775184284533971,0.9025896497278206,0.004829253716262397,rubber_carpet,0.004891854978433927,0.08189846112854696,0.9083178289106727,0.004891854982346441
rubber_carpet,figure_eight,-101,-1.768644902312727,13.30654420206659,13.602372751626485,rubber_carpet,0.004687637614739671,0.10432327659130036,0.8863014481607007,0.004687637633259282,rubber_carpet,0.0047897462965867995,0.09311086885992366,0.8973096385356867,0.004789746307802862
rubber_carpet,figure_eight,-100,-1.7491946943015335,8.451205510907002,8.451205510907002,cell_carpet,0.0027647622696511305,0.40048311126757397,0.03671962962357028,0.5600324968392046,cell_carpet,0.0027647622696511305,0.40048311126757397,0.03671962962357028,0.5600324968392046
rubber_carpet,figure_eight,-100,-1.749260301040646,7.7715269804822045,8.111366245694603,cell_carpet,0.0023284563122455177,0.2625113676574526,0.02166896319140958,0.7134912128388923,cell_carpet,0.002546609290948324,0.3314972394625133,0.029194296407489932,0.6367618548390485
rubber_carpet,figure_eight,-100,-1.74926165661056,8.110218140068886,8.110983543819364,cell_carpet,0.002328028502782117,0.2623823263900532,0.021656183262408146,0.7136334618447565,cell_carpet,0.0024373188968652205,0.29693978292628326,0.02542523983494904,0.6751976583419025
rubber_carpet,figure_eight,-98,-1.7032736720553654,13.864523536165326,13.864523536165326,rubber_carpet,0.0048469933478052256,0.08435452596224693,0.905951487338554,0.00484699335139391,rubber_carpet,0.0048469933478052256,0.08435452596224693,0.905951487338554,0.00484699335139391
rubber_carpet,figure_eight,-98,-1.7032844570374923,13.2548794489093,13.559701492537313,rubber_carpet,0.0045725909142822286,0.12032599823408369,0.8705288198966733,0.004572590954960766,rubber_carpet,0.004709792131043727,0.10234026209816531,0.8882401536176137,0.004709792153177338
rubber_carpet,figure_eight,-98,-1.703258136760816,12.777267508610793,13.298890164561806,rubber_carpet,0.0043698842845693005,0.16002625075307936,0.831233980381062,0.004369884581289363,rubber_carpet,0.004539838207806514,0.13118325642562234,0.8597370669993378,0.0045398383672333505
rubber_carpet,figure_eight,-97,-1.6853522675806831,9.923076923076923,9.923076923076923,grass,0.003266149888065375,0.8177284216880863,0.15259018940964666,0.02641523901420168,grass,0.003266149888065375,0.8177284216880863,0.15259018940964666,0.02641523901420168
rubber_carpet,figure_eight,-97,-1.6853328456158667,9.09414466130884,9.508610792192885,grass,0.0034384630591099124,0.7945317723461163,0.11401657547684127,0.08801318911793247,grass,0.003352306473587644,0.8061300970171014,0.133303382443244,0.05721421406606709
rubber_carpet,figure_eight,-97,-1.6853401603402685,9.79678530424799,9.604668962877918,grass,0.0034052190077773397,0.8065405930110339,0.12262874194803249,0.0674254460331562,grass,0.0033787627406824923,0.8063353450140677,0.12796606219563827,0.06231983004961165
rubber_carpet,circle,-96,-1.6831596533404751,9.28702640642939,9.28702640642939,grass,0.003477701672793668,0.7440659758805863,0.09279326841970983,0.15966305402691022,grass,0.003477701672793668,0.7440659758805863,0.09279326841970983,0.15966305402691022
rubber_carpet,circle,-96,-1.6831954161273404,9.399540757749712,9.343283582089551,grass,0.0034782905685767124,0.7594348689560493,0.09768323751870517,0.13940360295666876,grass,0.0034779961206851903,0.7517504224183178,0.0952382529692075,0.1495333284917895
rubber_carpet,circle,-96,-1.6831095854388638,9.078071182548792,9.254879448909298,grass,0.00347448583707692,0.7343970096371243,0.09001138157852168,0.1721171229472771,grass,0.0034762409788810554,0.743073716027721,0.0926248172738646,0.16082522571953328
rubber_carpet,circle,-95,-1.6584440151876725,11.328358208955224,11.328358208955224,grass,0.0031946810527841074,0.6364568605636748,0.3570826201115022,0.003265838272038952,grass,0.0031946810527841074,0.6364568605636748,0.3570826201115022,0.003265838272038952
rubber_carpet,circle,-95,-1.6585141102499283,11.114810562571758,11.22158438576349,grass,0.0031608792898916555,0.6586385603900737,0.33491985246006356,0.003280707859971118,grass,0.0031777801713378812,0.6475477104768743,0.3460012362857829,0.003273273066005035
rubber_carpet,circle,-95,-1.6588505188650406,12.555683122847304,11.666283964791427,grass,0.003334353998484219,0.5592529893622263,0.434065774084353,0.003346882554936413,grass,0.00325606708491105,0.6034003499195504,0.39003350518506796,0.003310077810470724
rubber_carpet,figure_eight,-95,-1.6592110494708214,13.39609644087256,13.39609644087256,rubber_carpet,0.00440832208440815,0.15187770362051922,0.8393056520267926,0.004408322268279961,rubber_carpet,0.0038321945846596,0.3776390267700348,0.6146695786059303,0.0038592000393753425
rubber_carpet,figure_eight,-95,-1.6594079394479797,13.111366245694605,13.253731343283585,rubber_carpet,0.004306144503866677,0.17637215974687673,0.8150155507142921,0.0043061450349645616,rubber_carpet,0.004069169544263139,0.27700559325845575,0.7148425646601112,0.004082672537169952
rubber_carpet,figure_eight,-95,-1.6594199067596285,13.82089552238806,13.44278606965174,rubber_carpet,0.004442977214899311,0.14440799864909942,0.8467060467919695,0.0044429773440318975,rubber_carpet,0.004256073379581225,0.2107067959537776,0.7807743057260403,0.0042628249406009245
rubber_carpet,figure_eight,-94,-1.6423292701040606,11.055109070034444,11.055109070034444,grass,0.0031198420120822413,0.6927044160678183,0.3007856576955098,0.003390084224589575,grass,0.0031198420120822413,0.6927044160678183,0.3007856576955098,0.003390084224589575
rubber_carpet,figure_eight,-94,-1.642124556144372,10.19862227324914,10.626865671641792,grass,0.003090017934527809,0.7614971161457084,0.23054935682241431,0.00486350909734951,grass,0.0031049299733050257,0.7271007661067634,0.2656675072589621,0.004126796660969543
rubber_carpet,figure_eight,-94,-1.6420833482511048,10.478760045924224,10.577497129735937,grass,0.003094082848199835,0.7680822067685664,0.22355445318687595,0.005269257196357804,grass,0.0030995064107524305,0.7475914864376649,0.24461098022291902,0.004698026928663674
rubber_carpet,figure_eight,-92,-1.600018385803562,13.197474167623422,13.197474167623422,rubber_carpet,0.00426035015860397,0.1889822457069139,0.802497053123268,0.00426035101121409,rubber_carpet,0.00426035015860397,0.1889822457069139,0.802497053123268,0.00426035101121409
rubber_carpet,figure_eight,-92,-1.6000524909930705,13.105625717566015,13.15154994259472,rubber_carpet,0.00422903769460651,0.1978312862141044,0.7937106372071937,0.004229038884095432,rubber_carpet,0.0042446939266052395,0.19340676596050915,0.7981038451652309,0.004244694947654761
rubber_carpet,figure_eight,-92,-1.6000139581345936,13.541905855338689,13.281668580176044,rubber_carpet,0.004318712221390947,0.17344465565867268,0.8179179194387017,0.004318712681234717,rubber_carpet,0.004281703073998094,0.18342571080959091,0.8080108823019663,0.004281703814444739
rubber_carpet,figure_eight,-91,-1.5831946732252016,12.24454649827784,12.24454649827784,rubber_carpet,0.003651293720327555,0.41294791122765123,0.5797490204099438,0.0036517746420772824,rubber_carpet,0.003651293720327555,0.41294791122765123,0.5797490204099438,0.0036517746420772824
rubber_carpet,figure_eight,-91,-1.5831569771169396,11.525832376578643,11.885189437428242,grass,0.0034445633062104813,0.506798586285655,0.4863083841482163,0.003448466259918185,rubber_carpet,0.003547928513269018,0.45987324875665314,0.5330287022790801,0.0035501204509977334
rubber_carpet,figure_eight,-91,-1.583210061871857,12.67049368541906,12.146957520091847,rubber_carpet,0.0035929723745354706,0.4386537016082805,0.5541594906151874,0.003593835401996379,rubber_carpet,0.0035704504439022446,0.44926347518246684,0.5435940964471339,0.0035719779264970566
rubber_carpet,figure_eight,-89,-1.5581772879297136,12.343283582089551,12.343283582089551,rubber_carpet,0.0037200466216567446,0.3812098995224869,0.6113497662549309,0.0037202876009255186,rubber_carpet,0.0037200466216567446,0.3812098995224869,0.6113497662549309,0.0037202876009255186
rubber_carpet,figure_eight,-89,-1.5583973839059109,11.51435132032147,11.92881745120551,rubber_carpet,0.0034753741759040425,0.4896802811517634,0.5033661513877263,0.0034781932846062098,rubber_carpet,0.0035977103987803937,0.43544509033712514,0.5573579588213287,0.003599240442765864
rubber_carpet,figure_eight,-89,-1.5584236280503794,12.525832376578643,12.12782242632989,rubber_carpet,0.0035895626311047094,0.4377476264939959,0.5550723588988146,0.0035904519760848186,rubber_carpet,0.0035936365149425516,0.43659635841556055,0.5562151588600717,0.0035948462094253413
rubber_carpet,figure_eight,-88,-1.5417816447409656,13.634902411021814,13.634902411021814,rubber_carpet,0.0046190621236989835,0.11270455372594364,0.8780573220014748,0.004619062148882633,rubber_carpet,0.0046190621236989835,0.11270455372594364,0.8780573220014748,0.004619062148882633
rubber_carpet,figure_eight,-88,-1.541563378092106,11.802525832376578,12.718714121699197,rubber_carpet,0.003965040357718365,0.28268169204122756,0.7093882073261554,0.003965060274898686,rubber_carpet,0.004292051240708674,0.1976931228835856,0.7937227646638151,0.004292061211890659
rubber_carpet,figure_eight,-88,-1.5414149879569805,13.075774971297358,12.837734404898583,rubber_carpet,0.004042562569497935,0.25512336725528967,0.7367914987134022,0.00404257146181022,rubber_carpet,0.004167306905103305,0.22640824506943763,0.7652571316886086,0.00416731633685044
rubber_carpet,figure_eight,-86,-1.4994527356543768,13.064293915040183,13.064293915040183,rubber_carpet,0.004219912478660142,0.19774761506421967,0.7938125585152054,0.004219913941914738,rubber_carpet,0.004219912478660142,0.19774761506421967,0.7938125585152054,0.004219913941914738
rubber_carpet,figure_eight,-86,-1.4994871166035522,10.530424799081514,11.797359357060849,grass,0.0034237996020861734,0.5058551213752908,0.487292623230294,0.0034284557923292703,rubber_carpet,0.0038218560403731577,0.3518013682197552,0.6405525908727496,0.003824184867122004
rubber_carpet,figure_eight,-86,-1.4994360325889329,11.082663605051666,11.559127439724454,grass,0.0033042619055846526,0.564691459338095,0.4286831031355724,0.0033211756207478776,rubber_carpet,0.003563058972978905,0.45824641377892505,0.534617847004161,0.0035726802439349408
rubber_carpet,circle,-85,-1.4831858317004605,11.927669345579792,11.927669345579792,rubber_carpet,0.003505719103568215,0.464307554459293,0.5286790116547705,0.0035077147823684217,rubber_carpet,0.003505719103568215,0.464307554459293,0.5286790116547705,0.0035077147823684217
rubber_carpet,circle,-85,-1.4831724802600308,11.89207807118255,11.90987370838117,rubber_carpet,0.0034955593248179526,0.4689129937955324,0.5240936774502526,0.003497769429396978,rubber_carpet,0.0035006392141930837,0.46661027412741274,0.5263863445525115,0.0035027421058827
rubber_carpet,circle,-85,-1.4830656687365933,10.389207807118254,11.402985074626864,grass,0.0032421675726789405,0.593568500082455,0.3999128187279713,0.003276513616894853,grass,0.0033714033934360114,0.5300893871049338,0.46314958164024134,0.0033896278613887755
rubber_carpet,figure_eight,-85,-1.4821564612430416,13.191733639494831,13.191733639494831,rubber_carpet,0.004329212703806687,0.168928387747351,0.8224131863419164,0.004329213206925782,rubber_carpet,0.0038503080486213493,0.3495088874261424,0.6427813839910789,0.003859420534157279
rubber_carpet,figure_eight,-85,-1.4821521430614202,12.60390355912744,12.897818599311137,rubber_carpet,0.004121531998941683,0.2255729201850366,0.7661840116685452,0.004121536147476534,rubber_carpet,0.003985920023781517,0.28754090380558955,0.7044826978298121,0.003990478340816907
rubber_carpet,figure_eight,-85,-1.482178545437943,14.289322617680826,13.361653272101032,rubber_carpet,0.004458206955772551,0.14105809278472023,0.8500254931623537,0.004458207097153565,rubber_carpet,0.004222063489777034,0.21429949829515488,0.7772540954960829,0.004224342718985237
rubber_carpet,circle,-84,-1.458397475881032,8.94259471871412,8.94259471871412,grass,0.0033243481699353162,0.6485825241197999,0.0749979374025333,0.2730951903077316,grass,0.0033243481699353162,0.6485825241197999,0.0749979374025333,0.2730951903077316
rubber_carpet,circle,-84,-1.4586542526907242,9.016073478760044,8.979334098737084,grass,0.003346866348176744,0.6639344637854885,0.07817140822081474,0.25454726164552016,grass,0.00333560725905603,0.6562584939526441,0.07658467281167403,0.2638212259766259
rubber_carpet,circle,-84,-1.4584091583914078,10.30654420206659,9.421737466513584,grass,0.0033933289786902943,0.788376561961164,0.1180291843115466,0.09020092474859923,grass,0.003364468118873162,0.7223175279569041,0.09730692856161031,0.17701107536261257
rubber_carpet,figure_eight,-83,-1.4560405966624417,9.692307692307692,9.692307692307692,grass,0.0032714260455641653,0.8098751832150137,0.14813204660756282,0.038721344131859244,grass,0.0032714260455641653,0.8098751832150137,0.14813204660756282,0.038721344131859244
rubber_carpet,figure_eight,-83,-1.4562625825114233,9.540757749712972,9.616532721010334,grass,0.0033022104421403416,0.807592106535017,0.1407219618421349,0.04838372118070784,grass,0.0032868182438522534,0.8087336448750153,0.14442700422484886,0.043552532656283546
rubber_carpet,figure_eight,-83,-1.456272293335759,9.892078071182548,9.708381171067735,grass,0.0032648130015141006,0.8100906485158881,0.14972505384596116,0.036919484636636614,grass,0.0032758156226831777,0.8094121466954518,0.14707602903540504,0.04023600864646009
rubber_carpet,figure_eight,-82,-1.4383740600677968,13.706084959816303,13.706084959816303,rubber_carpet,0.004875892885773096,0.08435532573922049,0.9058928884838734,0.0048758928911329215,rubber_carpet,0.004875892885773096,0.08435532573922049,0.9058928884838734,0.0048758928911329215
rubber_carpet,figure_eight,-82,-1.438308581732344,12.718714121699197,13.21239954075775,rubber_carpet,0.004424907199897869,0.1474799354992863,0.8436702498516743,0.0044249074491416055,rubber_carpet,0.004650400042835482,0.11591763061925339,0.8747815691677738,0.0046504001701372635
rubber_carpet,figure_eight,-82,-1.4381143027440515,13.758897818599312,13.394565633371604,rubber_carpet,0.004577520393741859,0.12084416803067975,0.8700007911192689,0.004577520456309545,rubber_carpet,0.00461396021828867,0.11838089932496657,0.8723911801435213,0.004613960313223404
rubber_carpet,figure_eight,-80,-1.3923116120691086,11.114810562571758,11.114810562571758,grass,0.0031669589316887965,0.6060553116588756,0.38753806822465897,0.0032396611847767243,grass,0.0031669589316887965,0.6060553116588756,0.38753806822465897,0.0032396611847767243
rubber_carpet,figure_eight,-80,-1.392325574675779,7.892078071182549,9.503444316877154,grass,0.003259615685775492,0.7995853311765424,0.14629757671927157,0.05085747641841058,grass,0.0032132873087321445,0.702820321417709,0.26691782247196527,0.027048568801593655
rubber_carpet,figure_eight,-80,-1.3923025294612597,8.265212399540758,9.090700344431689,grass,0.0033393237385781604,0.7382893851441966,0.10608592018795637,0.1522853709292689,grass,0.0032763055236551524,0.7205548532809528,0.18650187132996082,0.08966696986543127
rubber_carpet,figure_eight,-79,-1.3729236844605062,14.618828932261769,14.618828932261769,rubber_carpet,0.00669070095896919,0.02487378287620689,0.9617448152058539,0.006690700958970061,rubber_carpet,0.00669070095896919,0.02487378287620689,0.9617448152058539,0.006690700958970061
rubber_carpet,figure_eight,-79,-1.3729523419667329,13.630309988518944,14.124569460390356,rubber_carpet,0.005668122710470103,0.04338420819296573,0.9452795463860216,0.005668122710542405,rubber_carpet,0.006179411834719648,0.034128995534586315,0.9535121807959378,0.006179411834756234
rubber_carpet,figure_eight,-79,-1.3729814156623183,13.506314580941448,13.918484500574053,rubber_carpet,0.005348393957426601,0.055563879828922864,0.9337393322558037,0.005348393957846927,rubber_carpet,0.005763902896073123,0.04484643768175458,0.9436257565258706,0.005763902896301579
rubber_carpet,figure_eight,-77,-1.3431948574608952,7.369690011481056,7.369690011481056,cell_carpet,0.0019288247898906845,0.15625317130518976,0.013764739184509883,0.8280532647204096,cell_carpet,0.0019288247898906845,0.15625317130518976,0.013764739184509883,0.8280532647204096
rubber_carpet,figure_eight,-77,-1.3434451660580573,6.975889781859932,7.172789896670494,cell_carpet,0.001907895567875571,0.12719712070073683,0.011029011093472936,0.8598659726379146,cell_carpet,0.0019183601788831277,0.1417251460029633,0.01239687513899141,0.8439596186791621
rubber_carpet,figure_eight,-77,-1.343436316135194,6.971297359357061,7.105625717566016,cell_carpet,0.0019172381490086155,0.11919426393874594,0.010317740757661105,0.8685707571545842,cell_carpet,0.0019177991639458716,0.13045970497085463,0.011357307948326258,0.8562651879168732
rubber_carpet,figure_eight,-76,-1.3229353364135978,13.532721010332953,13.532721010332953,rubber_carpet,0.005114755062036731,0.07230541337311766,0.9174650764989681,0.005114755065877601,rubber_carpet,0.005114755062036731,0.07230541337311766,0.9174650764989681,0.005114755065877601
rubber_carpet,figure_eight,-76,-1.322677383177842,12.630309988518942,13.081515499425947,rubber_carpet,0.004603398733312208,0.1210933710952321,0.8696998313068984,0.004603398864557292,rubber_carpet,0.004859076897674469,0.09669939223417486,0.8935824539029331,0.004859076965217445
rubber_carpet,figure_eight,-76,-1.322263010098293,13.729047072330657,13.297359357060849,rubber_carpet,0.004830130846856969,0.09507188445631287,0.8952678538249926,0.004830130871837484,rubber_carpet,0.004844603872265719,0.09588563834524386,0.8944251538639629,0.004844603918527465
rubber_carpet,circle,-74,-1.2831972281085415,13.82089552238806,13.82089552238806,rubber_carpet,0.005830648028147817,0.044399303726711636,0.9439394002168265,0.005830648028314018,rubber_carpet,0.005830648028147817,0.044399303726711636,0.9439394002168265,0.005830648028314018
rubber_carpet,circle,-74,-1.2831528822528286,13.006888633754304,13.413892078071182,rubber_carpet,0.005173388102545723,0.07165344248430311,0.9179997813057653,0.0051733881073858234,rubber_carpet,0.0055020180653467705,0.05802637310550737,0.9309695907612959,0.005502018067849921
rubber_carpet,circle,-73,-1.2827511469470425,13.244546498277842,13.244546498277842,rubber_carpet,0.005061273977136771,0.0806135128626045,0.9092639391704241,0.00506127398983461,rubber_carpet,0.005061273977136771,0.0806135128626045,0.9092639391704241,0.00506127398983461
rubber_carpet,figure_eight,-73,-1.2681874190486675,7.917336394948335,7.917336394948335,cell_carpet,0.0024667244622307506,0.38070744276705915,0.04529597224759916,0.5715298605231109,rubber_carpet,0.0037639992196837604,0.23066047781483182,0.47727995570901166,0.28829556725647276
rubber_carpet,figure_eight,-73,-1.268209742886038,5.312284730195179,6.614810562571757,cell_carpet,0.002065431731461886,0.1001188136474406,0.009681178342565882,0.8881345762785317,cell_carpet,0.0029147154755728233,0.1653896457311362,0.24348056702578877,0.5882150717675022
rubber_carpet,figure_eight,-73,-1.2681683535371833,5.459242250287026,6.229621125143513,cell_carpet,0.0028436043417968,0.08116832947904098,0.008439044569242679,0.9075490216099196,cell_carpet,0.0028791599086848115,0.1232789876050886,0.12595980579751573,0.7478820466887108
rubber_carpet,circle,-72,-1.2584286610311783,7.009184845005741,7.009184845005741,cell_carpet,0.0018738792200056543,0.14892564824928256,0.014944400950185474,0.8342560715805264,cell_carpet,0.0018738792200056543,0.14892564824928256,0.014944400950185474,0.8342560715805264
rubber_carpet,circle,-72,-1.2583957592672623,6.68886337543054,6.84902411021814,cell_carpet,0.0018915143459174088,0.1282610724021938,0.012706115846395416,0.8571412974054934,cell_carpet,0.0018826967829615317,0.13859336032573819,0.013825258398290446,0.8456986844930099
rubber_carpet,circle,-72,-1.2585519234365738,7.40068886337543,7.032912361270571,cell_carpet,0.0018752414743556055,0.15244967176234087,0.015339352799641251,0.8303357339636622,cell_carpet,0.0018789691286585687,0.14552151604403954,0.014582305598965851,0.8380172092283361
rubber_carpet,figure_eight,-71,-1.2448044502970208,13.555683122847302,13.555683122847302,rubber_carpet,0.005874353901077182,0.047593722696218525,0.9406575695011884,0.005874353901515904,rubber_carpet,0.005874353901077182,0.047593722696218525,0.9406575695011884,0.005874353901515904
rubber_carpet,figure_eight,-71,-1.2447789067609731,13.876004592422504,13.715843857634905,rubber_carpet,0.006209134615999402,0.03963961836421877,0.9479421124036692,0.0062091346161126685,rubber_carpet,0.006041744258538292,0.04361667053021864,0.9442998409524288,0.006041744258814286
rubber_carpet,figure_eight,-71,-1.2448071568355656,14.94833524684271,14.126674320704174,rubber_carpet,0.00729351881472123,0.025702707046678142,0.9597102553238763,0.0072935188147243086,rubber_carpet,0.006667631536629762,0.03465968878844839,0.9520050481381526,0.006667631536769298
rubber_carpet,figure_eight,-69,-1.2085467434441073,4.275545350172216,4.275545350172216,linoleum,0.9644103483816098,0.006500309831507528,0.0025870715301897686,0.02650227025669303,linoleum,0.9644103483816098,0.006500309831507528,0.0025870715301897686,0.02650227025669303
rubber_carpet,figure_eight,-69,-1.2086197083423518,3.81171067738232,4.043628013777267,linoleum,0.9844856482266892,0.00360575871441725,0.0018069770420935834,0.010101616016799958,linoleum,0.9744479983041494,0.0050530342729623885,0.002197024286141676,0.018301943136746494
rubber_carpet,figure_eight,-69,-1.208628312977723,4.056257175660161,4.047837734404898,linoleum,0.9842805067000966,0.0036381600636558992,0.0018159751879825825,0.01026535804826475,linoleum,0.9793642525021231,0.004345597168309145,0.0020064997370621298,0.014283650592505625
rubber_carpet,figure_eight,-68,-1.1827908621006926,14.277841561423651,14.277841561423651,rubber_carpet,0.009181615856932888,0.019537683116898682,0.9620990851692355,0.009181615856933056,rubber_carpet,0.009181615856932888,0.019537683116898682,0.9620990851692355,0.009181615856933056
rubber_carpet,figure_eight,-68,-1.1827987074615214,12.65097588978186,13.464408725602755,rubber_carpet,0.006383215751113297,0.04083428835735178,0.9463992801401903,0.006383215751344703,rubber_carpet,0.007782415804023092,0.030185985737125234,0.9542491826547128,0.00778241580413888
rubber_carpet,figure_eight,-68,-1.182360899254975,14.204362801377728,13.711060084194411,rubber_carpet,0.007042152053439972,0.03136077025016413,0.954554925642928,0.00704215205346796,rubber_carpet,0.007412283928731532,0.03077337799364468,0.9544020541488204,0.00741228392880342
rubber_carpet,figure_eight,-64,-1.1140642750100704,5.734787600459242,5.734787600459242,cell_carpet,0.0033131726203774465,0.10631735449267632,0.014000666119053394,0.8763688067678929,cell_carpet,0.0033131726203774465,0.10631735449267632,0.014000666119053394,0.8763688067678929
rubber_carpet,figure_eight,-64,-1.1140850556123243,2.675086107921929,4.204936854190586,linoleum,0.9231775653322448,0.012879144324416409,0.0037341403918675735,0.0602091499514712,cell_carpet,0.46324536897631113,0.05959824940854636,0.008867403255460484,0.46828897835968203
rubber_carpet,figure_eight,-64,-1.1140023449487664,2.7072330654420207,3.705702257941064,linoleum,0.9862108993642559,0.0036663312213610112,0.0017143882412322673,0.008408381173150906,linoleum,0.7247281341702835,0.03163229031495369,0.005290895748346376,0.23834867976641647
rubber_carpet,circle,-62,-1.0831969420062466,12.863375430539609,12.863375430539609,rubber_carpet,0.006755558170504701,0.045359936219910205,0.941128947437624,0.006755558171961144,rubber_carpet,0.006755558170504701,0.045359936219910205,0.941128947437624,0.006755558171961144
rubber_carpet,circle,-62,-1.083164993916647,13.896670493685418,13.380022962112513,rubber_carpet,0.008576376981428862,0.027404517500803294,0.9554427285363201,0.008576376981447755,rubber_carpet,0.007665967575966781,0.03638222686035675,0.9482858379869721,0.007665967576704449
rubber_carpet,circle,-62,-1.083160225545065,12.918484500574053,13.22617680826636,rubber_carpet,0.007951252919157879,0.0314226751181866,0.9526748190434264,0.007951252919228963,rubber_carpet,0.0078086102475623306,0.03390245098927167,0.9504803285151993,0.007808610247966706
rubber_carpet,figure_eight,-62,-1.0840693360442106,12.4247990815155,12.4247990815155,rubber_carpet,0.005696086703634553,0.07308648685771121,0.915521339689087,0.005696086749567325,rubber_carpet,0.006752348475598442,0.05349446892349144,0.9330008341021432,0.006752348498767016
rubber_carpet,figure_eight,-62,-1.084052169605248,13.809414466130884,13.117106773823192,rubber_carpet,0.007554132166173055,0.03490379808605087,0.949987937581424,0.007554132166352038,rubber_carpet,0.0071532403208857485,0.04419913350477116,0.9414943858417836,0.007153240332559527
rubber_carpet,figure_eight,-62,-1.084091716955452,13.516647531572904,13.250287026406433,rubber_carpet,0.008043978137416514,0.030726667147152605,0.9531853765779565,0.00804397813747437,rubber_carpet,0.007598609229151131,0.03746290032596188,0.9473398812098701,0.007598609235016949
rubber_carpet,circle,-61,-1.0584076325125016,4.368541905855339,4.368541905855339,linoleum,0.7179114498262785,0.039799476281474414,0.008612392926057493,0.2336766809661896,linoleum,0.7179114498262785,0.039799476281474414,0.008612392926057493,0.2336766809661896
rubber_carpet,circle,-61,-1.05841073195403,4.243398392652124,4.3059701492537314,linoleum,0.7765989275048631,0.03281705274430176,0.007401694503324277,0.18318232524751077,linoleum,0.747255188665571,0.03630826451288809,0.008007043714690886,0.2084295031068502
rubber_carpet,circle,-61,-1.0584350506490985,4.401836969001149,4.337925755836204,linoleum,0.7479784030257005,0.0362536233829309,0.008003464875786606,0.2077645087155818,linoleum,0.7476167958456357,0.0362809439479095,0.008005254295238746,0.208097005911216
rubber_carpet,figure_eight,-59,-1.036990448229682,2.512055109070034,2.512055109070034,linoleum,0.9834165647785651,0.006230179653482117,0.0049602474658827535,0.00539300810207013,linoleum,0.9834165647785651,0.006230179653482117,0.0049602474658827535,0.00539300810207013
rubber_carpet,figure_eight,-59,-1.0373791241059451,2.140068886337543,2.3260619977037886,linoleum,0.9729312452367828,0.00991742732879617,0.00851062923009865,0.008640698204322419,linoleum,0.9781739050076739,0.008073803491139144,0.006735438347990702,0.007016853153196274
rubber_carpet,figure_eight,-59,-1.0373579881248416,2.9184845005740527,2.52353616532721,linoleum,0.9838360389299,0.006080483969771318,0.0048150662129540465,0.00526841088737461,linoleum,0.981004971968787,0.007077143730455231,0.005775252280472374,0.006142632020285442
rubber_carpet,figure_eight,-58,-1.004265294048107,12.373134328358208,12.373134328358208,rubber_carpet,0.0069250215610188025,0.0516561985507317,0.9344937583193164,0.006925021568933227,rubber_carpet,0.0069250215610188025,0.0516561985507317,0.9344937583193164,0.006925021568933227
rubber_carpet,figure_eight,-58,-1.003875290967891,13.058553386911598,12.715843857634905,rubber_carpet,0.00813787388828653,0.03661890238446897,0.9471053498384537,0.008137873888790741,rubber_carpet,0.007531447724652666,0.04413755046760033,0.940799554078885,0.007531447728861984
rubber_carpet,figure_eight,-57,-1.0033072999670674,12.994259471871414,12.994259471871414,rubber_carpet,0.010207384745968773,0.027092986429693364,0.9524922440783427,0.010207384745995318,rubber_carpet,0.010207384745968773,0.027092986429693364,0.9524922440783427,0.010207384745995318
rubber_carpet,figure_eight,-52,-0.914171203444012,3.3008036739380024,3.3008036739380024,linoleum,0.9496559035170585,0.01289303770027862,0.0040322295790655455,0.0334188292035974,linoleum,0.9496559035170585,0.01289303770027862,0.0040322295790655455,0.0334188292035974
rubber_carpet,figure_eight,-52,-0.9141432270079278,2.5396096440872555,2.9202066590126288,linoleum,0.978126978174869,0.007359947068839542,0.0029119097689142095,0.011601164987377116,linoleum,0.9638914408459638,0.01012649238455908,0.0034720696739898773,0.022509997095487257
rubber_carpet,figure_eight,-52,-0.9141163361872822,2.772675086107922,2.871029468044393,linoleum,0.979617279512257,0.007075698172700855,0.002896036352361901,0.010410985962680225,linoleum,0.9717543601791103,0.008601095278629968,0.0031840530131758893,0.016460491529083743
rubber_carpet,circle,-51,-0.8832169214831763,14.304247990815156,14.304247990815156,rubber_carpet,0.053457468940150486,0.05419149869175882,0.8388935634279401,0.053457468940150486,rubber_carpet,0.053457468940150486,0.05419149869175882,0.8388935634279401,0.053457468940150486
rubber_carpet,circle,-51,-0.8832023779498501,14.21699196326062,14.260619977037887,rubber_carpet,0.05151807548405046,0.05231753577151082,0.8446463132603881,0.05151807548405046,rubber_carpet,0.052487772212100485,0.05325451723163483,0.8417699383441642,0.052487772212100485
rubber_carpet,circle,-51,-0.8831408659564419,13.346727898966703,13.955989284347494,rubber_carpet,0.03982194503298964,0.041243200556337026,0.8791129093776837,0.03982194503298964,rubber_carpet,0.046154858622545064,0.04724885889398593,0.8604414238609239,0.046154858622545064
rubber_carpet,figure_eight,-50,-0.8749352747966158,13.141216991963262,13.141216991963262,rubber_carpet,0.023332937987720365,0.02822867621415124,0.9251054478104079,0.02333293798772044,rubber_carpet,0.023332937987720365,0.02822867621415124,0.9251054478104079,0.02333293798772044
rubber_carpet,figure_eight,-50,-0.8749602404286089,11.38691159586682,12.26406429391504,rubber_carpet,0.012498954543068923,0.030788792708439296,0.9442132982052572,0.012498954543234598,rubber_carpet,0.017915946265394646,0.029508734461295268,0.9346593730078325,0.01791594626547752
rubber_carpet,figure_eight,-50,-0.8750456291935459,13.841561423650974,12.789896670493684,rubber_carpet,0.017916596390938407,0.026410338908781014,0.9377564683093405,0.017916596390940204,rubber_carpet,0.017916271328166526,0.02795953668503814,0.9362079206585865,0.01791627132820886
rubber_carpet,circle,-49,-0.8584435860342303,2.1216991963260616,2.1216991963260616,linoleum,0.9730777523719089,0.011721598138889294,0.006919413297747427,0.008281236191454475,linoleum,0.9730777523719089,0.011721598138889294,0.006919413297747427,0.008281236191454475
rubber_carpet,circle,-49,-0.8585303703970233,1.941446613088404,2.031572904707233,linoleum,0.9689436148891777,0.013509792646954533,0.008454646518902254,0.009091945944965494,linoleum,0.9710106836305432,0.012615695392921913,0.00768702990832484,0.008686591068209983
rubber_carpet,circle,-49,-0.8584106842703142,2.2009184845005745,2.0880214313050134,linoleum,0.9717272825111322,0.012316960983324805,0.007432611373196009,0.008523145132347032,linoleum,0.9713689830708377,0.012466328188123361,0.007559820640760426,0.00860486810027851
rubber_carpet,figure_eight,-47,-0.8136116777339355,2.381171067738232,2.381171067738232,linoleum,0.9727914382545252,0.011017345014164678,0.005084030275029726,0.011107186456280489,linoleum,0.9727914382545252,0.011017345014164678,0.005084030275029726,0.011107186456280489
rubber_carpet,figure_eight,-47,-0.8139958001342624,2.851894374282434,2.6165327210103326,linoleum,0.967465022566804,0.01163403009113376,0.004714981409791202,0.01618596593227101,linoleum,0.9701282304106646,0.011325687552649219,0.0048995058424104645,0.013646576194275749
rubber_carpet,figure_eight,-47,-0.8141354738043421,2.479908151549943,2.5709911978568694,linoleum,0.9690823360685683,0.011356657428975321,0.004713886228770618,0.014847120273685684,linoleum,0.9696052832396165,0.01134117249081227,0.004806696035590542,0.014246848233980716
rubber_carpet,figure_eight,-44,-0.7712703131714813,11.265212399540758,11.265212399540758,rubber_carpet,0.011943002707558341,0.0439240446948046,0.9321899498765444,0.011943002721092742,rubber_carpet,0.011943002707558341,0.0439240446948046,0.9321899498765444,0.011943002721092742
rubber_carpet,figure_eight,-44,-0.7707509328333041,13.5097588978186,12.38748564867968,rubber_carpet,0.027102114426889496,0.033672050249169805,0.91212372089705,0.02710211442689075,rubber_carpet,0.01952255856722392,0.0387980474719872,0.9221568353867972,0.019522558573991745
rubber_carpet,figure_eight,-44,-0.7704428332692548,13.909299655568311,12.894756984309224,rubber_carpet,0.041243655299127546,0.04410173048631851,0.8734109589154263,0.04124365529912755,rubber_carpet,0.03038310693317573,0.04144988897915286,0.8977838971511117,0.03038310693655965
rubber_carpet,circle,-39,-0.6831832567798061,13.277841561423651,13.277841561423651,rubber_carpet,0.1060956020579186,0.10663154330957085,0.6811772525745919,0.1060956020579186,rubber_carpet,0.1060956020579186,0.10663154330957085,0.6811772525745919,0.1060956020579186
rubber_carpet,circle,-39,-0.6831479708301,13.280137772675086,13.27898966704937,rubber_carpet,0.10618461781826641,0.10671919330368432,0.6809115710597827,0.10618461781826641,rubber_carpet,0.1061401099380925,0.10667536830662758,0.6810444118171873,0.1061401099380925
rubber_carpet,circle,-39,-0.6831060091601773,12.044776119402984,12.86758515116724,rubber_carpet,0.07714434117108722,0.07840933777972546,0.7673019798781,0.07714434117108722,rubber_carpet,0.09164222555458988,0.09254235304317653,0.7241731958476437,0.09164222555458988
rubber_carpet,circle,-38,-0.6586543003744401,2.772675086107922,2.772675086107922,linoleum,0.8121823322368474,0.04974680363231442,0.02015121724564446,0.11791964688519367,linoleum,0.8121823322368474,0.04974680363231442,0.02015121724564446,0.11791964688519367
rubber_carpet,circle,-38,-0.6584859768575944,2.6016073478760045,2.6871412169919635,linoleum,0.8420877370692756,0.043633801385299376,0.017990475509845467,0.0962879860355795,linoleum,0.8271350346530616,0.04669030250880691,0.019070846377744966,0.1071038164603866
rubber_carpet,circle,-38,-0.6584120670980729,3.0470723306544207,2.807118254879449,linoleum,0.7981196133744337,0.052604958114177605,0.021166949170819543,0.12810847934056915,linoleum,0.8126273240137477,0.04964763031149227,0.020118897774282257,0.1176061479004779
rubber_carpet,figure_eight,-38,-0.6562565774066549,2.576349024110218,2.576349024110218,linoleum,0.8717905082685451,0.03753777135116762,0.015872554907919428,0.07479916547236785,linoleum,0.8422089161411463,0.04359270083132995,0.017995726341100842,0.09620265668642287
rubber_carpet,figure_eight,-38,-0.6563102089922166,3.847301951779564,3.211825487944891,linoleum,0.5261463370186804,0.10596941397025954,0.040148052546313484,0.3277361964647466,linoleum,0.6841776265799133,0.07478105740079474,0.029071889443707165,0.21196942657558474
rubber_carpet,figure_eight,-38,-0.656263751163205,3.656716417910448,3.3601224646000767,cell_carpet,0.38789397661789937,0.1322363079488582,0.04941415738168902,0.4304555580515534,linoleum,0.5360358015989064,0.10350868267482648,0.03924302341269809,0.3212124923135691
rubber_carpet,figure_eight,-35,-0.6073608268732195,13.98966704936854,13.98966704936854,rubber_carpet,0.20580840869009284,0.20583571536119905,0.38254746725861527,0.20580840869009284,rubber_carpet,0.20580840869009284,0.20583571536119905,0.38254746725861527,0.20580840869009284
rubber_carpet,figure_eight,-35,-0.6074131939944765,10.781859931113663,12.385763490241102,rubber_carpet,0.08414990111419861,0.08573630667911869,0.7459638910924842,0.08414990111419861,rubber_carpet,0.14497915490214572,0.14578601102015887,0.5642556791755498,0.14497915490214572
rubber_carpet,figure_eight,-35,-0.6074402556247456,11.597014925373136,12.12284730195178,rubber_carpet,0.0678641853137223,0.07047588741049074,0.7937957419620646,0.06786418531372235,rubber_carpet,0.10642167010793403,0.10813094921532482,0.6790257105688072,0.10642167010793405
rubber_carpet,figure_eight,-31,-0.5323641537397693,4.51894374282434,4.51894374282434,cell_carpet,0.0016505399039397674,0.3398102864595034,0.1740126222617912,0.4845265513747655,cell_carpet,0.0016505399039397674,0.3398102864595034,0.1740126222617912,0.4845265513747655
rubber_carpet,figure_eight,-31,-0.5330403599925895,4.700344431687715,4.609644087256028,cell_carpet,0.0015831285377666741,0.3556134012952314,0.18577964882781886,0.4570238213391831,cell_carpet,0.0016168342208532208,0.3477118438773674,0.17989613554480505,0.47077518635697435
rubber_carpet,figure_eight,-31,-0.5330472702769525,4.816303099885189,4.6785304247990815,cell_carpet,0.0015698635495658881,0.3680340084462184,0.19539911880063457,0.43499700920358114,cell_carpet,0.0015933488852095546,0.3578729261617929,0.18764762717271982,0.4528860977802778
rubber_carpet,circle,-28,-0.4831491152392789,11.369690011481056,11.369690011481056,rubber_carpet,0.07881293948344448,0.0824484449115119,0.7599256761215983,0.07881293948344528,rubber_carpet,0.07881293948344448,0.0824484449115119,0.7599256761215983,0.07881293948344528
rubber_carpet,circle,-28,-0.4831643740283413,11.369690011481056,11.369690011481056,rubber_carpet,0.07881293948344448,0.0824484449115119,0.7599256761215983,0.07881293948344528,rubber_carpet,0.07881293948344448,0.0824484449115119,0.7599256761215983,0.07881293948344528
rubber_carpet,circle,-28,-0.4831193129168911,9.881745120551091,10.873708381171069,rubber_carpet,0.05190645379126295,0.06032012926173301,0.8358669631556792,0.051906453791324844,rubber_carpet,0.06535969663735372,0.07138428708662245,0.7978963196386388,0.06535969663738506
rubber_carpet,figure_eight,-28,-0.4808286421467621,11.44316877152698,11.44316877152698,rubber_carpet,0.0836359441691194,0.0868116590662101,0.7459164525955507,0.08363594416911982,rubber_carpet,0.07449782040323656,0.07909797307641628,0.7719063861170947,0.07449782040325244
rubber_carpet,figure_eight,-28,-0.4812998204959507,11.70264064293915,11.572904707233064,rubber_carpet,0.09265743863743836,0.09513939678469273,0.7195457259404305,0.09265743863743849,rubber_carpet,0.08357762952033745,0.0871186849305545,0.7457260560287626,0.08357762952034546
rubber_carpet,figure_eight,-28,-0.4812813150853666,11.3398392652124,11.495216226559512,rubber_carpet,0.08717932480829227,0.09005952822468896,0.7355818221587263,0.08717932480829252,rubber_carpet,0.08537847716431486,0.08858910657762173,0.7406539390937444,0.08537847716431898
rubber_carpet,circle,-26,-0.4583936611837668,4.21699196326062,4.21699196326062,cell_carpet,0.0019466522674566075,0.34067245931325985,0.19301808575481905,0.4643628026644645,cell_carpet,0.0019466522674566075,0.34067245931325985,0.19301808575481905,0.4643628026644645
rubber_carpet,circle,-26,-0.4585097710317888,4.2525832376578645,4.234787600459242,cell_carpet,0.001891352426909874,0.34346883818329554,0.19530878452498315,0.45933102486481137,cell_carpet,0.0019190023471832409,0.3420706487482777,0.19416343513990109,0.46184691376463793
rubber_carpet,circle,-26,-0.4584537426656999,4.314580941446613,4.261385380788366,cell_carpet,0.0018212997860486983,0.34769316123249205,0.1988052543564539,0.4516802846250053,cell_carpet,0.0018701510666159697,0.34488190499038485,0.1964843447481775,0.4567635991948216
rubber_carpet,figure_eight,-20,-0.3504823346371746,2.320321469575201,2.320321469575201,linoleum,0.5353484394534048,0.123586695584088,0.07057740447031495,0.2704874604921922,linoleum,0.5353484394534048,0.123586695584088,0.07057740447031495,0.2704874604921922
rubber_carpet,figure_eight,-20,-0.3504301794771533,5.791044776119403,4.055683122847302,cell_carpet,0.001969525996521483,0.3608200833273485,0.22958835085630863,0.4076220398198214,cell_carpet,0.26865898272496314,0.24220338945571823,0.1500828776633118,0.33905475015600683
rubber_carpet,figure_eight,-20,-0.3503364511428247,5.981630309988519,4.697665518561041,grass,0.0018693569444011777,0.451402757176398,0.34227993155331893,0.2044479543258819,grass,0.13526416983468215,0.3468030733160581,0.24618140460831536,0.2717513522409444
rubber_carpet,figure_eight,-17,-0.2971092177367477,11.70838117106774,11.70838117106774,rubber_carpet,0.19123861329002592,0.19156488286296694,0.4259578905569812,0.19123861329002592,rubber_carpet,0.19123861329002592,0.19156488286296694,0.4259578905569812,0.19123861329002592
rubber_carpet,figure_eight,-17,-0.297052588313943,10.345579793340988,11.026980482204362,rubber_carpet,0.1375451894317575,0.13930876583254226,0.5856008553039426,0.13754518943175764,rubber_carpet,0.16439190136089174,0.1654368243477546,0.5057793729304619,0.1643919013608918
rubber_carpet,figure_eight,-17,-0.2970450377419004,10.85763490241102,10.970531955606582,rubber_carpet,0.1327966904243281,0.1347922204769614,0.5996143986743822,0.13279669042432837,rubber_carpet,0.14859429589260992,0.150114522412358,0.552696885802422,0.14859429589261008
rubber_carpet,circle,-16,-0.283176962529317,10.43398392652124,10.43398392652124,rubber_carpet,0.09579870494995432,0.1011006941813731,0.7073018959186939,0.09579870494997868,rubber_carpet,0.09579870494995432,0.1011006941813731,0.7073018959186939,0.09579870494997868
rubber_carpet,circle,-16,-0.2830701510058804,10.219288174512055,10.326636050516647,rubber_carpet,0.08807315755106605,0.09450589360533183,0.7293477912924744,0.08807315755112764,rubber_carpet,0.0919359312505102,0.09780329389335246,0.7183248436055841,0.09193593125055316
rubber_carpet,circle,-16,-0.2831171194659634,9.106773823191734,9.92001530807501,rubber_carpet,0.06286246437441058,0.07545174240691567,0.7988233288424833,0.06286246437619035,rubber_carpet,0.07739919781246038,0.08662751815013406,0.7585740862240338,0.07739919781337176
rubber_carpet,circle,-15,-0.2584000508016862,6.531572904707233,6.531572904707233,rubber_carpet,0.004817698411576343,0.3118261296248843,0.6777967518088249,0.005559420154714414,rubber_carpet,0.004817698411576343,0.3118261296248843,0.6777967518088249,0.005559420154714414
rubber_carpet,circle,-15,-0.2586122433370866,6.6819747416762345,6.606773823191734,rubber_carpet,0.00503371607867992,0.30102198485735376,0.6883613629606322,0.005582936103333995,rubber_carpet,0.004925707245128132,0.3064240572411191,0.6830790573847286,0.005571178129024205
rubber_carpet,circle,-15,-0.2587035576528825,6.137772675086108,6.450440107156525,rubber_carpet,0.004599704277981253,0.3234677456999998,0.66631441549754,0.005618134524478925,rubber_carpet,0.0047627057615546925,0.31494590147055945,0.6746967364411343,0.005594656326751565
rubber_carpet,figure_eight,-13,-0.2191643393402869,6.343283582089551,6.343283582089551,rubber_carpet,0.004590840267537505,0.32840513808560845,0.661178723425444,0.005825298221410029,rubber_carpet,0.004590840267537505,0.32840513808560845,0.661178723425444,0.005825298221410029
rubber_carpet,figure_eight,-13,-0.2190524049330582,6.694603903559128,6.518943742824339,rubber_carpet,0.005085667439518911,0.3033792418726974,0.6858271546756197,0.005707936012163979,rubber_carpet,0.004838253853528208,0.3158921899791529,0.6735029390505318,0.005766617116787004
rubber_carpet,figure_eight,-13,-0.2190143478899282,6.440872560275546,6.492920015308076,rubber_carpet,0.00500755664724778,0.30709331608977364,0.6822013269244991,0.005697800338479495,rubber_carpet,0.004922905250387994,0.3114927530344633,0.6778521329875155,0.00573220872763325
rubber_carpet,figure_eight,-10,-0.167434879348561,9.676234213547648,9.676234213547648,rubber_carpet,0.06801853489109291,0.0815177775411561,0.7824451526730694,0.06801853489468168,rubber_carpet,0.06801853489109291,0.0815177775411561,0.7824451526730694,0.06801853489468168
rubber_carpet,figure_eight,-10,-0.1667550703396984,11.04822043628014,10.362227324913894,rubber_carpet,0.11655845645168467,0.12061337837497191,0.6462697087216476,0.11655845645169591,rubber_carpet,0.09228849567138879,0.101065577958064,0.7143574306973585,0.0922884956731888
rubber_carpet,figure_eight,-10,-0.1668017585670014,9.52812858783008,10.084194412552622,rubber_carpet,0.09490873346018712,0.1017505478014376,0.7084319852780614,0.0949087334603139,rubber_carpet,0.09359861456578795,0.1014080628797508,0.7113947079877099,0.09359861456675134
rubber_carpet,circle,-5,-0.083197895680563,8.394948335246843,8.394948335246843,rubber_carpet,0.02495068949980871,0.08868852278711287,0.8614100776653195,0.024950710047759023,rubber_carpet,0.02495068949980871,0.08868852278711287,0.8614100776653195,0.024950710047759023
rubber_carpet,circle,-5,-0.082833830510274,8.211251435132032,8.303099885189438,rubber_carpet,0.023056174225299302,0.09322129684991598,0.8606663181391083,0.023056210785676455,rubber_carpet,0.024003431862554006,0.09095490981851442,0.8610381979022139,0.02400346041671774
rubber_carpet,circle,-5,-0.0831254164325161,8.949483352468429,8.518561040949102,rubber_carpet,0.027773278033362988,0.08353074180869174,0.8609226928147893,0.0277732873431561,rubber_carpet,0.0258883549479585,0.08724282581360308,0.8609804453585016,0.02588837387993692
rubber_carpet,circle,-3,-0.0586229244894308,7.79678530424799,7.79678530424799,rubber_carpet,0.015300317481783987,0.12800615810405344,0.8413925065068804,0.015301017907282074,rubber_carpet,0.015300317481783987,0.12800615810405344,0.8413925065068804,0.015301017907282074
rubber_carpet,circle,-3,-0.0583973805136003,7.572904707233065,7.684845005740527,rubber_carpet,0.013978705667477703,0.13805331758074343,0.833987966615489,0.013980010136289824,rubber_carpet,0.014639511574630846,0.13302973784239847,0.8376902365611848,0.01464051402178595
rubber_carpet,circle,-3,-0.0584133545584001,8.264064293915041,7.877918101798699,rubber_carpet,0.01634881151920829,0.12122480787017917,0.8460771269148066,0.016349253695805924,rubber_carpet,0.015494161546919568,0.12712727285628883,0.8418836817379958,0.015494883858795938
rubber_carpet,figure_eight,-2,-0.0419148970564029,3.94374282433984,3.94374282433984,grass,0.001871778819142013,0.39560903995078484,0.2945593191483454,0.3079598620817277,grass,0.001871778819142013,0.39560903995078484,0.2945593191483454,0.3079598620817277
rubber_carpet,figure_eight,-2,-0.0419148970564029,8.12743972445465,6.035591274397245,rubber_carpet,0.00444371130723759,0.34714823333690703,0.641651397457166,0.006756657898689313,rubber_carpet,0.003157745063189802,0.371378636643846,0.46810535830275574,0.15735825999020853
rubber_carpet,figure_eight,-2,-0.0418133453689227,7.028702640642939,6.366628396479143,rubber_carpet,0.005417465956699152,0.3010093248450169,0.6874950241747194,0.006078185023564463,rubber_carpet,0.004287605509944477,0.33619398074443146,0.5778001912387376,0.0817182225068865
rubber_carpet,figure_eight,0,0.0062758783974087,11.260619977037887,11.260619977037887,rubber_carpet,0.1979852985898409,0.19837596187263984,0.40565344094767847,0.1979852985898409,rubber_carpet,0.1979852985898409,0.19837596187263984,0.40565344094767847,0.1979852985898409
rubber_carpet,figure_eight,0,0.006258087980693,9.148105625717566,10.204362801377728,rubber_carpet,0.11482742825738664,0.11950164833649289,0.6508434951487081,0.11482742825741235,rubber_carpet,0.15640636342361378,0.15893880510456637,0.5282484680481933,0.15640636342362663
rubber_carpet,figure_eight,0,0.006171482311148,9.71641791044776,10.041714504401073,rubber_carpet,0.10197068643670015,0.10832708780478684,0.6877315393217075,0.10197068643680572,rubber_carpet,0.12918852493015695,0.13363294645467658,0.6079900036849503,0.12918852493021615
rubber_carpet,figure_eight,4,0.0747809329786819,7.708381171067739,7.708381171067739,rubber_carpet,0.013074736401613505,0.1414549344589211,0.8323940705239766,0.01307625861548881,rubber_carpet,0.013074736401613505,0.1414549344589211,0.8323940705239766,0.01307625861548881
rubber_carpet,figure_eight,4,0.0741693192896342,8.370838117106775,8.039609644087257,rubber_carpet,0.01707043047120143,0.11300085239464092,0.8528580526093669,0.01707066452479071,rubber_carpet,0.015072583436407466,0.127227893426781,0.8426260615666717,0.01507346157013976
rubber_carpet,figure_eight,4,0.0741874341990968,8.253731343283583,8.110983543819366,rubber_carpet,0.01810629527795455,0.10780893967891515,0.8559783160545889,0.018106448988541385,rubber_carpet,0.01658943935718101,0.1175184165528481,0.8493021888106304,0.016589955279340575
rubber_carpet,figure_eight,7,0.1176671899285833,7.691159586681975,7.691159586681975,rubber_carpet,0.011740671178509,0.14985474114625574,0.8266616194247135,0.011742968250521702,rubber_carpet,0.011740671178509,0.14985474114625574,0.8266616194247135,0.011742968250521702
rubber_carpet,figure_eight,7,0.1180583915081649,8.814006888633754,8.252583237657865,rubber_carpet,0.018367940904449754,0.10224524950568115,0.8610187751092907,0.018368034480578405,rubber_carpet,0.015054306041479379,0.12604999532596847,0.8438401972670022,0.015055501365550056
rubber_carpet,figure_eight,7,0.1181446607481425,9.404133180252582,8.63643321852277,rubber_carpet,0.02538162467313175,0.08179593247069689,0.8674408097281402,0.025381633128031187,rubber_carpet,0.020217965357305565,0.10392296389833268,0.8556405034975711,0.020218567246790622
rubber_carpet,circle,8,0.1416164954477038,9.525832376578649,9.525832376578649,rubber_carpet,0.05271078042768597,0.07198027300360535,0.8225981661217314,0.05271078044697722,rubber_carpet,0.05271078042768597,0.07198027300360535,0.8225981661217314,0.05271078044697722
rubber_carpet,circle,8,0.1416174491220198,9.781859931113662,9.653846153846152,rubber_carpet,0.05891521143883055,0.0749162831435756,0.8072532939715393,0.05891521144605467,rubber_carpet,0.05581299593325826,0.07344827807359047,0.8149257300466354,0.05581299594651594
rubber_carpet,circle,8,0.1415988524728499,8.85878300803674,9.388825105243017,rubber_carpet,0.04675052892540574,0.07006882943955156,0.8364301126557626,0.046750528979279976,rubber_carpet,0.051281762429331995,0.07175855375657102,0.825677921351199,0.05128176246289796
rubber_carpet,circle,11,0.2000365257263184,8.92881745120551,8.92881745120551,rubber_carpet,0.026563822451357955,0.07396613856925208,0.8729062139724931,0.026563825006896767,rubber_carpet,0.026563822451357955,0.07396613856925208,0.8729062139724931,0.026563825006896767
rubber_carpet,circle,11,0.2000653743743896,8.444316877152698,8.686567164179104,rubber_carpet,0.021643559579226087,0.08357399845277909,0.8731388698526192,0.02164357211537555,rubber_carpet,0.024103691015292025,0.0787700685110156,0.8730225419125562,0.02410369856113616
rubber_carpet,circle,11,0.200009822845459,10.910447761194028,9.427860696517412,rubber_carpet,0.040959666126157784,0.06660832821864095,0.8514723394520926,0.040959666203108765,rubber_carpet,0.032531678570724906,0.07268919836482828,0.8622474406823244,0.032531682382122465
rubber_carpet,figure_eight,13,0.2186968398371889,5.072330654420206,5.072330654420206,grass,0.002270622959547587,0.47394881351506435,0.43285321096164947,0.09092735256373864,grass,0.002270622959547587,0.47394881351506435,0.43285321096164947,0.09092735256373864
rubber_carpet,figure_eight,13,0.2186726796447055,9.152698048220437,7.112514351320321,rubber_carpet,0.006086191363211467,0.24820574070416507,0.7395239348388135,0.006184133093809957,rubber_carpet,0.004178407161379527,0.3610772771096147,0.5861885729002315,0.0485557428287743
rubber_carpet,figure_eight,13,0.2187212707168386,8.912743972445465,7.71259089169537,rubber_carpet,0.009094582448424647,0.17081066597635247,0.8109948281419039,0.009099923433318986,rubber_carpet,0.006636494804902087,0.26594397154298355,0.6985917005210678,0.028827833131046643
rubber_carpet,figure_eight,15,0.2559842413781335,8.016073478760045,8.016073478760045,rubber_carpet,0.010090858296570276,0.14767545680077485,0.832141216544936,0.010092468357718902,rubber_carpet,0.010090858296570276,0.14767545680077485,0.832141216544936,0.010092468357718902
rubber_carpet,figure_eight,15,0.2560172581785501,7.090700344431688,7.553386911595867,rubber_carpet,0.007331186036325959,0.202030983416584,0.7832888562872571,0.0073489742598328205,rubber_carpet,0.008711022166448118,0.17485322010867943,0.8077150364160965,0.008720721308775862
rubber_carpet,figure_eight,15,0.255963347127193,7.095292766934557,7.400688863375429,rubber_carpet,0.006637689416306642,0.22218749507406807,0.7644998994283745,0.006674916081250778,rubber_carpet,0.007674355791377381,0.1985203575913738,0.7861074679222356,0.007697818695013321
rubber_carpet,figure_eight,18,0.3080227131445717,8.537313432835822,8.537313432835822,rubber_carpet,0.01210102952842206,0.11313834809141951,0.8626594160581604,0.012101206321998056,rubber_carpet,0.01210102952842206,0.11313834809141951,0.8626594160581604,0.012101206321998056
rubber_carpet,figure_eight,18,0.3075677549990632,9.832376578645237,9.184845005740527,rubber_carpet,0.019973881873157892,0.07235929580369709,0.8876929374605562,0.019973884862588755,rubber_carpet,0.016037455700789977,0.09274882194755829,0.8751761767593583,0.016037545592293406
rubber_carpet,figure_eight,18,0.3076018468169118,8.33524684270953,8.901645618063528,rubber_carpet,0.015951498466732036,0.08683148266277417,0.8812655014871524,0.01595151738334132,rubber_carpet,0.015994477083761005,0.08979015230516624,0.8782208391232553,0.015994531487817362
rubber_carpet,figure_eight,19,0.3398797731279003,7.717566016073478,7.717566016073478,rubber_carpet,0.006491877908823246,0.2105111963791997,0.7764855292549299,0.006511396457047301,rubber_carpet,0.006491877908823246,0.2105111963791997,0.7764855292549299,0.006511396457047301
rubber_carpet,figure_eight,19,0.3403139128780248,7.42939150401837,7.573478760045925,rubber_carpet,0.00594593744296858,0.2302487716740606,0.7578201881015059,0.005985102781464921,rubber_carpet,0.006218907675895911,0.22037998402663012,0.7671528586782177,0.006248249619256109
rubber_carpet,figure_eight,19,0.3402852662718711,7.385763490241102,7.510907003444316,rubber_carpet,0.005728438103200921,0.2390541069342584,0.7494364126144629,0.005781042348077734,rubber_carpet,0.005973672889548417,0.22971704548044428,0.7582946356463404,0.006014645983666922
rubber_carpet,circle,20,0.3416074832254134,10.168771526980484,10.168771526980484,rubber_carpet,0.03819999267007528,0.05610278928787943,0.86749722536695,0.03819999267509532,rubber_carpet,0.03819999267007528,0.05610278928787943,0.86749722536695,0.03819999267509532
rubber_carpet,circle,20,0.3416005690866194,10.120551090700344,10.144661308840414,rubber_carpet,0.03741536028034592,0.05592641158549732,0.8692428678477613,0.03741536028639555,rubber_carpet,0.037807676475210605,0.05601460043668838,0.8683700466073556,0.037807676480745435
rubber_carpet,circle,20,0.3415967543893538,10.18828932261768,10.159203980099504,rubber_carpet,0.03788658899198009,0.05602879185392825,0.8681980301567053,0.03788658899738634,rubber_carpet,0.03784713273359534,0.05602169614530832,0.8682840383820305,0.037847132739065883
rubber_carpet,circle,23,0.4000062942504883,5.667049368541906,5.667049368541906,grass,0.0022619510930512324,0.5008591173964555,0.4204840013483737,0.07639493016211957,grass,0.0022619510930512324,0.5008591173964555,0.4204840013483737,0.07639493016211957
rubber_carpet,circle,23,0.4000248908996581,5.135476463834673,5.401262916188289,grass,0.0020737596619881237,0.4945740886381782,0.37174508836770154,0.13160706333213218,grass,0.002167855377519678,0.49771660301731685,0.39611454485803765,0.10400099674712587
rubber_carpet,circle,23,0.400048017501831,10.770378874856489,7.1909682357443545,rubber_carpet,0.003927523468181563,0.32985378783030855,0.6617384833217943,0.004480205379715626,rubber_carpet,0.00304768942285062,0.4137851954238127,0.528926514089916,0.05424060106342075
rubber_carpet,figure_eight,24,0.4137260375512266,5.711825487944891,5.711825487944891,grass,0.0022453448079866184,0.5047127485085505,0.4135550636478701,0.0794868430355927,grass,0.0022453448079866184,0.5047127485085505,0.4135550636478701,0.0794868430355927
rubber_carpet,figure_eight,24,0.4136900269521615,8.92881745120551,7.320321469575201,rubber_carpet,0.00397733338346218,0.32224186821294115,0.6693899736964327,0.004390824707163808,rubber_carpet,0.0031113390957244,0.4134773083607459,0.5414725186721515,0.04193883387137826
rubber_carpet,figure_eight,24,0.4137516738557726,9.554535017221584,8.065059318790661,rubber_carpet,0.0058643380511062175,0.21066696123319498,0.777590892855445,0.005877807860253861,rubber_carpet,0.004487838573415309,0.31207213479697044,0.6595317057637983,0.02390832086581606
rubber_carpet,figure_eight,25,0.4405100945400307,5.979334098737084,5.979334098737084,grass,0.0023782580983509765,0.50314315629092,0.4447507100445813,0.049727875566147675,grass,0.0023782580983509765,0.50314315629092,0.4447507100445813,0.049727875566147675
rubber_carpet,figure_eight,25,0.4405469953183267,5.7956371986222734,5.887485648679679,grass,0.00231643212971405,0.5067807614209479,0.42908289190719306,0.06181991454214498,grass,0.0023473451140325133,0.504961958855934,0.43691680097588714,0.05577389505414633
rubber_carpet,figure_eight,25,0.440470791799572,6.299655568312285,6.024875621890548,grass,0.00240937470273108,0.5006910765582864,0.4523841675239719,0.044515381215010585,grass,0.002378359908381797,0.5028265177071102,0.44465048424992953,0.05014463813457846
rubber_carpet,figure_eight,27,0.4774557793768569,8.625717566016073,8.625717566016073,rubber_carpet,0.006625522744102471,0.16813478593128503,0.818612305319228,0.006627386005384357,rubber_carpet,0.006625522744102471,0.16813478593128503,0.818612305319228,0.006627386005384357
rubber_carpet,figure_eight,27,0.4772539382649116,9.87256027554535,9.249138920780712,rubber_carpet,0.009757341326036563,0.10319838593578164,0.8772868825514354,0.00975739018674634,rubber_carpet,0.008191432035069519,0.13566658593353337,0.8479495939353318,0.00819238809606535
rubber_carpet,figure_eight,27,0.4772291021658049,9.540757749712974,9.346345197091466,rubber_carpet,0.010409485309892634,0.09537428334844222,0.8838067194410207,0.01040951190064436,rubber_carpet,0.009300458672481075,0.1155204346409878,0.8658781566881762,0.009300949998354855
rubber_carpet,figure_eight,29,0.50031423570152,4.597014925373134,4.597014925373134,cell_carpet,0.001700053500999079,0.3167616026251945,0.14723253631577243,0.534305807558034,cell_carpet,0.001700053500999079,0.3167616026251945,0.14723253631577243,0.534305807558034
rubber_carpet,figure_eight,29,0.5003400038395692,4.980482204362802,4.788748564867968,cell_carpet,0.0015607130672213442,0.3507730196003999,0.16977824282356213,0.47788802450881657,cell_carpet,0.0016303832841102115,0.3337673111127972,0.15850538956966728,0.5060969160334253
rubber_carpet,figure_eight,29,0.5003455707939943,4.517795637198622,4.69843092231152,cell_carpet,0.0015900287722603072,0.33423595231563535,0.15858769602244446,0.5055863228896599,cell_carpet,0.0016102060281852593,0.33400163171421626,0.15854654279605587,0.5058416194615426
rubber_carpet,circle,31,0.5415863116555896,11.536165327210105,11.536165327210105,rubber_carpet,0.03649371912581568,0.04469046273980633,0.8823220990085471,0.036493719125831,rubber_carpet,0.03649371912581568,0.04469046273980633,0.8823220990085471,0.036493719125831
rubber_carpet,circle,31,0.5414420684152331,11.34443168771527,11.440298507462686,rubber_carpet,0.03366661402320427,0.043148233038574936,0.8895185389149819,0.03366661402323898,rubber_carpet,0.03508016657450998,0.043919347889190635,0.8859203189617645,0.035080166574534985
rubber_carpet,circle,31,0.5415858348184309,11.938002296211252,11.606199770378874,rubber_carpet,0.038721003721731685,0.0460758049260158,0.8764821876305126,0.038721003721740054,rubber_carpet,0.036900585148120835,0.04499757640760321,0.8812012532961385,0.036900585148137516
rubber_carpet,figure_eight,32,0.5518652800080217,5.808266360505167,5.808266360505167,grass,0.0019996094878492444,0.5077596570277226,0.2898805154259543,0.20036021805847376,grass,0.0019996094878492444,0.5077596570277226,0.2898805154259543,0.20036021805847376
rubber_carpet,figure_eight,32,0.5518588552131497,9.537313432835822,7.672789896670494,rubber_carpet,0.003215762725836911,0.385850048463054,0.6068584365760258,0.004075752235083363,rubber_carpet,0.0026076861068430775,0.4468048527453883,0.44836947600099003,0.10221798514677856
rubber_carpet,figure_eight,32,0.5518964452218971,10.275545350172216,8.540375047837735,rubber_carpet,0.004577784397580853,0.24250169546940029,0.7483257215167098,0.004594798616309092,rubber_carpet,0.0035927352522119654,0.34465327410739427,0.5983475987588499,0.05340639188154383
rubber_carpet,figure_eight,33,0.5705467744485951,3.974741676234214,3.974741676234214,cell_carpet,0.0364922990830166,0.20683169306756835,0.07684616467169395,0.6798298431777211,cell_carpet,0.0364922990830166,0.20683169306756835,0.07684616467169395,0.6798298431777211
rubber_carpet,figure_eight,33,0.5705624497781557,3.088404133180253,3.5315729047072333,cell_carpet,0.23795033399550267,0.1598497244762349,0.059533204879524106,0.5426667366487383,cell_carpet,0.13722131653925965,0.18334070877190164,0.06818968477560904,0.6112482899132298
rubber_carpet,figure_eight,33,0.5705390649608624,3.977037887485648,3.680061232300039,cell_carpet,0.13834126922010637,0.17970910271429227,0.06659754319310016,0.6153520848725013,cell_carpet,0.137781292879683,0.18152490574309696,0.06739361398435459,0.6133001873928655
rubber_carpet,circle,34,0.599989652633667,3.502870264064294,3.502870264064294,cell_carpet,0.30606219686669206,0.14438137416278576,0.0522886301390488,0.4972677988314734,cell_carpet,0.30606219686669206,0.14438137416278576,0.0522886301390488,0.4972677988314734
rubber_carpet,circle,34,0.600257158279419,2.836969001148106,3.1699196326062,linoleum,0.613477616551904,0.0871160050822915,0.032624455653421335,0.2667819227123832,linoleum,0.45976990670929807,0.11574868962253863,0.04245654289623507,0.3820248607719283
rubber_carpet,circle,34,0.5999653339385985,9.595866819747418,5.311902028319939,cell_carpet,0.00164201493210444,0.3830608333845466,0.16737284644730033,0.4479243052360487,cell_carpet,0.23070596082070124,0.24940476150354263,0.1049146946717677,0.4149745830039885
rubber_carpet,figure_eight,34,0.596291089367338,9.02411021814007,9.02411021814007,rubber_carpet,0.005098708120791313,0.19883098378163358,0.790968732347494,0.00510157575008109,rubber_carpet,0.11790233447074627,0.2241178726425881,0.44794171350963086,0.21003807937703478
rubber_carpet,figure_eight,34,0.5960936174315813,10.382319173363951,9.70321469575201,rubber_carpet,0.007257506092988462,0.1158062994432075,0.8696786336059941,0.007257560857809948,rubber_carpet,0.06257992028186737,0.1699620860428978,0.6588101735578125,0.10864782011742237
rubber_carpet,figure_eight,34,0.5960787366074739,10.30195177956372,9.902793723689248,rubber_carpet,0.008136437797539859,0.09745415097845973,0.8862729579756898,0.008136453248310593,rubber_carpet,0.03535817903970362,0.13370811851067876,0.7725415657667511,0.05839213668286648
rubber_carpet,figure_eight,35,0.6119069577023599,2.85878300803674,2.85878300803674,linoleum,0.8344052421644383,0.043053918858409986,0.01667244421654649,0.10586839476060511,linoleum,0.8344052421644383,0.043053918858409986,0.01667244421654649,0.10586839476060511
rubber_carpet,figure_eight,35,0.6121074645033181,2.908151549942595,2.883467278989668,linoleum,0.8250389512584351,0.04492470486685233,0.017304183466917613,0.11273216040779496,linoleum,0.8297220967114368,0.043989311862631164,0.016988313841732054,0.10930027758420005
rubber_carpet,figure_eight,35,0.6121065844809942,3.275545350172216,3.0141599693838503,linoleum,0.7639290804968625,0.05696269865449453,0.021377061694531355,0.1577311591541115,linoleum,0.7968255886041496,0.05047600525856284,0.019182687768131704,0.13351571836915577
rubber_carpet,figure_eight,37,0.647586718797697,6.087256027554536,6.087256027554536,grass,0.00201901592602456,0.5089169781034597,0.24102756315214396,0.24803644281837184,grass,0.00201901592602456,0.5089169781034597,0.24102756315214396,0.24803644281837184
rubber_carpet,figure_eight,37,0.6475966682473108,9.650975889781858,7.869115958668196,rubber_carpet,0.0028879915288651486,0.44602368962528793,0.546464600437288,0.004623718408559006,grass,0.0024535037274448545,0.4774703338643738,0.39374608179471593,0.12633008061346543
rubber_carpet,figure_eight,37,0.6476191935052179,10.445464982778416,8.727898966704936,rubber_carpet,0.0038050316742682284,0.29546997419392695,0.6968787999319431,0.0038461941998617177,rubber_carpet,0.0031292677008565415,0.3864701540291504,0.5453124408633295,0.06508813740666357
rubber_carpet,figure_eight,38,0.6604028072379922,3.172215843857635,3.172215843857635,linoleum,0.7873439159104977,0.049283601969974396,0.016857242684616205,0.1465152394349118,linoleum,0.7873439159104977,0.049283601969974396,0.016857242684616205,0.1465152394349118
rubber_carpet,figure_eight,38,0.660415818033659,2.9115958668197472,3.0419058553386917,linoleum,0.8470466626444567,0.03790306949152161,0.01335603351143655,0.10169423435258494,linoleum,0.8171952892774773,0.04359333573074801,0.015106638098026379,0.12410473689374839
rubber_carpet,figure_eight,38,0.6603900593013904,2.7233065442020665,2.935706084959816,linoleum,0.8816210454543594,0.031129331742678425,0.011273941490386916,0.07597568131257527,linoleum,0.8494081673659182,0.03736133373671321,0.013190289794206644,0.1000402091031618
rubber_carpet,figure_eight,39,0.6885891911751397,2.9804822043628016,2.9804822043628016,linoleum,0.8902817947373484,0.028665858890696002,0.010121669145796597,0.07093067722615898,linoleum,0.8902817947373484,0.028665858890696002,0.010121669145796597,0.07093067722615898
rubber_carpet,figure_eight,39,0.677733127781222,9.148105625717564,6.064293915040183,grass,0.0019472177332668867,0.47470476265138295,0.1968928202758275,0.3264551993395227,linoleum,0.44611450623530763,0.25168531077103945,0.10350724471081205,0.19869293828284085
rubber_carpet,figure_eight,39,0.6886835151510252,3.0241102181400694,5.050899349406811,cell_carpet,0.0017257219959908887,0.2511375576929441,0.08029182751267933,0.6668448927983857,cell_carpet,0.22392011411564927,0.25141143423199175,0.09189953611174569,0.43276891554061325
rubber_carpet,figure_eight,39,0.6778107546130104,9.81171067738232,6.241102181400688,grass,0.002057633286405882,0.5148964993001015,0.22779615570160122,0.25524971171189137,grass,0.11298887370102757,0.3831539667660466,0.15984784590667345,0.3440093136262523
rubber_carpet,figure_eight,39,0.6886790496649682,3.07577497129736,5.608036739380023,cell_carpet,0.0016759960559610738,0.3600345018893226,0.12976688171454562,0.5085226203401707,cell_carpet,0.05733243487849432,0.3715942343276846,0.14480736381060955,0.4262659669832115
rubber_carpet,figure_eight,39,0.6778147385862168,9.602755453501723,6.27382319173364,grass,0.002077186935180674,0.5215895947874541,0.23367282917663734,0.2426603891007277,grass,0.0297048109068375,0.4465919145575694,0.18924009649362344,0.3344631780419696
rubber_carpet,figure_eight,41,0.7125224113503236,5.5958668197474175,5.5958668197474175,cell_carpet,0.0016367707171504138,0.31739159189361327,0.10166629908686005,0.5793053383023762,cell_carpet,0.0016367707171504138,0.31739159189361327,0.10166629908686005,0.5793053383023762
rubber_carpet,figure_eight,41,0.7210077749554704,3.039035591274397,4.317451205510907,cell_carpet,0.04594791342672223,0.16799151363296685,0.04630361066709787,0.7397569622732131,cell_carpet,0.02379234207193632,0.24269155276329007,0.07398495487697895,0.6595311502877946
rubber_carpet,figure_eight,41,0.7125164786915165,10.422502870264063,6.3524684270952925,grass,0.0020733790584044776,0.5104875304754255,0.20664565353161277,0.2807934369345573,cell_carpet,0.012932860565170397,0.37658954161935776,0.14031530420429586,0.47016229361117595
rubber_carpet,figure_eight,41,0.7211923770165064,3.1021814006888637,5.539896670493685,cell_carpet,0.0016192875114340141,0.30518553425554745,0.09647981329835302,0.5967153649346655,cell_carpet,0.007276074038302206,0.34088753793745263,0.11839755875132443,0.5334388292729207
rubber_carpet,figure_eight,41,0.7125345879960799,9.446613088404131,6.321239954075774,grass,0.0020538498849010725,0.503060083244501,0.2012665203009278,0.2936195465696701,grass,0.004664961961601639,0.42197381059097683,0.15983203952612612,0.41352918792129545
rubber_carpet,figure_eight,41,0.7210582576121333,3.257175660160735,5.810562571756601,cell_carpet,0.0017344577428983119,0.36904075631604416,0.12499344835879186,0.5042313375822658,cell_carpet,0.0031997098522499757,0.3955072834535105,0.142412743942459,0.4588802627517806
rubber_carpet,circle,42,0.7415472586923322,12.97703788748565,12.97703788748565,rubber_carpet,0.02982301603886372,0.033921640570856844,0.9064323273514157,0.029823016038863764,rubber_carpet,0.02982301603886372,0.033921640570856844,0.9064323273514157,0.029823016038863764
rubber_carpet,circle,42,0.7416090091043197,12.557979334098738,12.767508610792197,rubber_carpet,0.025201441039605227,0.030950911158642295,0.9186462067621469,0.025201441039605522,rubber_carpet,0.027512228539234473,0.03243627586474957,0.9125392670567813,0.027512228539234643
rubber_carpet,circle,42,0.7415293772988997,12.861079219288175,12.79869881362419,rubber_carpet,0.02583292560920721,0.031304300346624875,0.9170298484349605,0.02583292560920743,rubber_carpet,0.026672577074220844,0.031870288105687226,0.914784557745871,0.02667257707422104
rubber_carpet,figure_eight,42,0.7394708616235255,3.822043628013777,3.822043628013777,cell_carpet,0.4342945272926686,0.10251431708586566,0.02838225827162941,0.4348088973498364,rubber_carpet,0.2304835521834447,0.06719230259577644,0.4715834080087502,0.23074073721202873
rubber_carpet,figure_eight,42,0.7324985048543606,9.390355912743972,6.606199770378875,grass,0.002199297836351954,0.5514741254788941,0.23053575441066182,0.21579082227409224,rubber_carpet,0.11634142500989833,0.30933321403733527,0.35105958120970604,0.2232657797430605
rubber_carpet,figure_eight,42,0.7396300851871901,3.675086107921929,5.629161882893226,cell_carpet,0.0016368220008452818,0.3050313787424885,0.09294850810826041,0.6003832911484058,cell_carpet,0.058989123505371804,0.3071822963899119,0.2220040446589832,0.41182453544573316
rubber_carpet,figure_eight,42,0.7323761131991322,9.36739380022962,6.563719862227325,grass,0.002175668879219735,0.542933200739123,0.22306079300341464,0.23183033737824268,grass,0.03058239619229577,0.42505774856451745,0.22253241883119892,0.3218274364119879
rubber_carpet,figure_eight,42,0.7394145084826446,3.964408725602756,6.043857634902411,cell_carpet,0.0018448471328777972,0.4093424596215487,0.13964110759131618,0.4491715856542573,grass,0.016213621662586785,0.4172001040930331,0.18108676321125755,0.38549951103312263
rubber_carpet,figure_eight,42,0.732394627194742,9.638346727898966,6.642939150401837,grass,0.0022189599959967663,0.5583961688700522,0.23702117035941705,0.20236370077453408,grass,0.009216290829291776,0.48779813648154263,0.2090539667853373,0.2939316059038284
rubber_carpet,figure_eight,43,0.7543643022876528,4.718714121699197,4.718714121699197,cell_carpet,0.009084630888863026,0.17407900427623144,0.04437365584992022,0.7724627089849853,cell_carpet,0.009084630888863026,0.17407900427623144,0.04437365584992022,0.7724627089849853
rubber_carpet,figure_eight,43,0.7543634225497085,11.293915040183697,8.006314580941446,grass,0.0026448800649307696,0.5449183570904476,0.44370718738385967,0.008729575460762001,cell_carpet,0.005864755476896898,0.3594986806833395,0.24404042161688994,0.39059614222287364
rubber_carpet,figure_eight,43,0.7543804411371096,10.543053960964407,8.851894374282434,rubber_carpet,0.003145077897711284,0.39714369314010395,0.5963634363828194,0.0033477925793653296,rubber_carpet,0.004504916687304091,0.37832118691172173,0.42020192899985465,0.1969719674011195
rubber_carpet,figure_eight,44,0.7595082604164947,4.77841561423651,4.77841561423651,cell_carpet,0.00858562776266969,0.16916188088467568,0.04132739518166489,0.7809250961709898,cell_carpet,0.00858562776266969,0.16916188088467568,0.04132739518166489,0.7809250961709898
rubber_carpet,figure_eight,44,0.7700997803882712,6.985074626865671,5.881745120551091,cell_carpet,0.0017057486144016999,0.3220340751544217,0.09265870776374184,0.5836014684674348,cell_carpet,0.005145688188535695,0.2455979780195487,0.06699305147270336,0.6822632823192123
rubber_carpet,figure_eight,44,0.7661796284480998,9.119402985074627,6.960964408725602,grass,0.0023438235353000283,0.5935348863208552,0.25057559556829434,0.1535456945755504,grass,0.0037447558619178615,0.41956643217020195,0.15878432352049884,0.4179044884473814
rubber_carpet,figure_eight,44,0.7595109632458633,5.033295063145808,6.479047072330654,grass,0.0020735375067366946,0.4880507142215634,0.1691160219837673,0.34075972628793255,grass,0.002909146684327278,0.45380857319588264,0.16395017275213308,0.379332107367657
rubber_carpet,figure_eight,44,0.7701591418007885,6.059701492537313,6.395177956371986,grass,0.0020168289647740445,0.46425977456768924,0.15610744366157167,0.377615952805965,grass,0.002462987824550661,0.4590341738817859,0.1600288082068524,0.378474030086811
rubber_carpet,figure_eight,44,0.7661279570979219,9.884041331802528,6.976655185610409,grass,0.002350297754481596,0.5956600513623123,0.2532734195015073,0.14871623138169887,grass,0.0024066427895161283,0.527347112622049,0.20665111385417984,0.26359513073425495
rubber_carpet,figure_eight,44,0.7595032701764789,4.920780711825487,6.682958832212563,grass,0.0022030686605269325,0.5409539042025471,0.20274282969856283,0.2541001974383632,grass,0.0023048557250215304,0.534150508412298,0.20469697177637133,0.2588476640863091
rubber_carpet,figure_eight,44,0.7701068766390415,6.179104477611941,6.619977037887486,grass,0.002164886690804145,0.5256099507253276,0.19212204248852574,0.2801031200953424,grass,0.0022348712079128382,0.5298802295688129,0.19840950713244856,0.26947539209082577
rubber_carpet,figure_eight,44,0.76617729477615,9.781859931113662,6.97129735935706,grass,0.0023481046011952543,0.5949450952025057,0.25235261110291357,0.15035418909338544,grass,0.0022914879045540463,0.5624126623856593,0.22538105911768108,0.2099147905921056
rubber_carpet,figure_eight,45,0.7778345303191085,7.94833524684271,7.94833524684271,grass,0.002589919934288055,0.590826192200851,0.39105006300322126,0.015533824861639688,grass,0.002589919934288055,0.590826192200851,0.39105006300322126,0.015533824861639688
rubber_carpet,figure_eight,45,0.7801785274301297,6.668197474167624,7.308266360505167,grass,0.0024575462621518056,0.6235784443379896,0.2881547925007283,0.08580921689913046,grass,0.00252373309821993,0.6072023182694202,0.33960242775197474,0.05067152088038506
rubber_carpet,figure_eight,45,0.7840864943166523,7.671641791044776,7.429391504018369,grass,0.002485822417077256,0.626019805580086,0.30790748977976107,0.06358688222307572,grass,0.002504777757648593,0.6166110619247531,0.3237549587658679,0.05712920155173039
rubber_carpet,figure_eight,45,0.7828513965392824,9.553386911595869,7.960390355912744,grass,0.0025928002299707214,0.5893694653266912,0.39300864032801053,0.015029094115327556,grass,0.002548788993809657,0.6029902636257222,0.3583817995469392,0.036079147833528974
rubber_carpet,figure_eight,45,0.77783538490969,2.021814006888634,6.772675086107922,grass,0.0022356826728691533,0.5465412017213866,0.19781157292356832,0.25341154268217586,grass,0.0023922358333394052,0.5747657326735545,0.27809668623525374,0.14474534525785243
rubber_carpet,figure_eight,45,0.7801786778993561,7.645235361653272,6.918101798698814,grass,0.002314516339207709,0.5781067788767069,0.22244669744208898,0.19713200734199646,grass,0.002353376086273557,0.5764362557751307,0.2502716918386714,0.17093867629992443
rubber_carpet,figure_eight,45,0.7841140686375222,7.908151549942595,7.059537477447925,grass,0.0023775131878647194,0.6014722447711509,0.246538487246956,0.1496117547940283,grass,0.0023654446370691383,0.5889542502731409,0.2484050895428137,0.16027521554697638
rubber_carpet,figure_eight,45,0.7828114129087366,8.60849598163031,7.253157290470724,grass,0.002442728880981257,0.6207360418653892,0.27905532135081,0.09776590790281942,grass,0.002404086759025198,0.6048451460692651,0.2637302054468119,0.12902056172489793
rubber_carpet,figure_eight,45,0.7778376756956213,1.8897818599311136,6.657226687077434,grass,0.0021642883462124366,0.5170045357754908,0.1787316689262633,0.30209950695203347,grass,0.002284187552618817,0.5609248409223779,0.2212309371865376,0.2155600343384657
rubber_carpet,figure_eight,45,0.7801747348772983,7.045924225028702,6.556958795764766,grass,0.002097690781770309,0.48901631737000206,0.16277357577098134,0.34611241607724624,grass,0.002190939167194563,0.52497057914619,0.19200225647875946,0.280836225207856
rubber_carpet,figure_eight,45,0.7840980473485846,7.700344431687716,6.6716417910447765,grass,0.002173557114592475,0.5208706695791225,0.18107854120735697,0.29587723209892797,grass,0.002182248140893519,0.5229206243626563,0.18654039884305823,0.288356728653392
rubber_carpet,figure_eight,45,0.7828331560792193,9.079219288174512,6.828039290725858,grass,0.0022672944809422574,0.5593824333227676,0.20714004661862234,0.23121022557766788,grass,0.002224771310917888,0.541151528842712,0.1968402227308403,0.25978347711552996
rubber_carpet,circle,46,0.7999894618988036,2.574052812858783,2.574052812858783,linoleum,0.9817380829426752,0.007192122970642424,0.0034900960499898185,0.007579698036692628,linoleum,0.9817380829426752,0.007192122970642424,0.0034900960499898185,0.007579698036692628
rubber_carpet,circle,46,0.8000319004058838,2.65556831228473,2.6148105625717566,linoleum,0.981480099442361,0.007170151402233436,0.0033814575747368567,0.007968291580668458,linoleum,0.9816090911925182,0.00718113718643793,0.003435776812363338,0.007773994808680544
rubber_carpet,circle,46,0.800041913986206,9.588978185993112,4.9395331037122086,cell_carpet,0.006255212511305136,0.16151291138577104,0.03625580956227313,0.7959760665406506,linoleum,0.49393215185191164,0.08434702428610448,0.019845793187318234,0.40187503067466557
rubber_carpet,circle,54,0.941539915400096,13.926521239954075,13.926521239954075,rubber_carpet,0.015227459608219897,0.02069658852577618,0.9488484922577839,0.015227459608219918,rubber_carpet,0.015227459608219897,0.02069658852577618,0.9488484922577839,0.015227459608219918
rubber_carpet,circle,54,0.9415833075814924,14.515499425947189,14.221010332950634,rubber_carpet,0.01873621257179238,0.0220968122768294,0.9404307625795859,0.01873621257179238,rubber_carpet,0.016981836090006138,0.02139670040130279,0.9446396274186849,0.01698183609000615
rubber_carpet,circle,54,0.941272409754344,13.38691159586682,13.942977420589363,rubber_carpet,0.015399078626473136,0.020724261983436937,0.9484775807636168,0.015399078626473153,rubber_carpet,0.016190457358239638,0.021060481192369862,0.9465586040911509,0.01619045735823965
rubber_carpet,circle,57,0.999987840652466,3.779563719862228,3.779563719862228,linoleum,0.975258405946702,0.005709287839694191,0.002143539901285048,0.016888766312318785,linoleum,0.975258405946702,0.005709287839694191,0.002143539901285048,0.016888766312318785
rubber_carpet,circle,57,1.0001723766326904,3.8633754305396097,3.8214695752009193,linoleum,0.9716649689459242,0.006292888932745945,0.0022723767737179512,0.019769765347611674,linoleum,0.9734616874463132,0.006001088386220069,0.0022079583375015,0.018329265829965233
rubber_carpet,circle,57,1.0000765323638916,11.20780711825488,6.283582089552239,cell_carpet,0.0017929334834420314,0.1654308670191792,0.024080975313872877,0.8086952241835058,linoleum,0.4876273104648776,0.08571597770269963,0.01314446682568719,0.4135122450067355
rubber_carpet,circle,65,1.141556652384349,13.855338691159586,13.855338691159586,rubber_carpet,0.00681269483444082,0.031734871121748935,0.9546397392093482,0.0068126948344620925,rubber_carpet,0.00681269483444082,0.031734871121748935,0.9546397392093482,0.0068126948344620925
rubber_carpet,circle,65,1.1415583213144025,14.117106773823192,13.986222732491388,rubber_carpet,0.007190023063605874,0.02777164375929469,0.9578483101134868,0.007190023063612574,rubber_carpet,0.007001358949023348,0.029753257440521815,0.9562440246614176,0.007001358949037334
rubber_carpet,circle,65,1.141551884012767,12.873708381171069,13.615384615384617,rubber_carpet,0.0062171199382520985,0.04124030509140619,0.9463254550319214,0.006217119938420392,rubber_carpet,0.0066092394436377214,0.035496781265964,0.9512847398466693,0.006609239443728861
rubber_carpet,circle,69,1.1999945640563965,5.935706084959817,5.935706084959817,cell_carpet,0.0066053308420966714,0.0720328505857022,0.008594449914748253,0.9127673686574529,cell_carpet,0.0066053308420966714,0.0720328505857022,0.008594449914748253,0.9127673686574529
rubber_carpet,circle,69,1.2000324726104736,6.695752009184845,6.315729047072331,cell_carpet,0.002696147554427837,0.07988634785690263,0.008114203531441756,0.9093033010572278,cell_carpet,0.004650739198262254,0.07595959922130241,0.008354326723095004,0.9110353348573403
rubber_carpet,circle,69,1.200068473815918,11.917336394948334,8.182931496364331,grass,0.0027410744171106048,0.47335832966651553,0.05924680349359365,0.4646537924227802,cell_carpet,0.0036959068076864296,0.27465896444390897,0.03380056510834433,0.6878445636400603
rubber_carpet,circle,77,1.3415917475991923,14.430539609644088,14.430539609644088,rubber_carpet,0.0058822548916421386,0.03542370788435928,0.952811782332345,0.005882254891653504,rubber_carpet,0.0058822548916421386,0.03542370788435928,0.952811782332345,0.005882254891653504
rubber_carpet,circle,77,1.3416225035958969,13.850746268656716,14.140642939150403,rubber_carpet,0.005410638532477013,0.05013328960826857,0.9390454333266338,0.00541063853262053,rubber_carpet,0.0056464467120595765,0.04277849874631393,0.9459286078294895,0.005646446712137018
rubber_carpet,circle,77,1.341590317087718,12.96670493685419,13.74933027171833,rubber_carpet,0.004920432086356868,0.0804398684824606,0.9097192673410512,0.004920432090131388,rubber_carpet,0.005283439399208222,0.06160918361438726,0.9278239375852704,0.005283439401134203
rubber_carpet,circle,80,1.3999924659729004,9.16532721010333,9.16532721010333,grass,0.0034267116192440742,0.7239949993218711,0.09134574425430628,0.1812325448045786,grass,0.0034267116192440742,0.7239949993218711,0.09134574425430628,0.1812325448045786
rubber_carpet,circle,80,1.399993896484375,8.897818599311137,9.031572904707232,grass,0.0033802973920786816,0.6759214465507832,0.07959555379407234,0.24110270226306588,grass,0.003403504505661378,0.6999582229363271,0.0854706490241893,0.21116762353382224
rubber_carpet,circle,80,1.40002703666687,11.793340987370838,9.9521622655951,grass,0.003208536235832909,0.8106855771740886,0.16542183524368445,0.020684051346393985,grass,0.003306020370747144,0.7553219000552079,0.1254462421339369,0.11592583744010812
rubber_carpet,circle,88,1.5415546019845685,11.978185993111364,11.978185993111364,rubber_carpet,0.0034940105083371307,0.484059041220736,0.5089505945878569,0.003496353683070255,rubber_carpet,0.0034940105083371307,0.484059041220736,0.5089505945878569,0.003496353683070255
rubber_carpet,circle,88,1.541419418650218,12.48105625717566,12.229621125143511,rubber_carpet,0.003640409639875455,0.41810265663711427,0.5746159887752809,0.003640944947729425,rubber_carpet,0.0035672100741062918,0.451080848928925,0.5417832916815687,0.003568649315399839
rubber_carpet,circle,88,1.5416051467233385,12.546498277841565,12.33524684270953,rubber_carpet,0.003704593364867418,0.39032948780359433,0.6022610443952305,0.00370487443630759,rubber_carpet,0.003635901719486855,0.4207051683662597,0.5720221680383997,0.0036367618758537147
rubber_carpet,circle,92,1.6003158092498782,10.791044776119405,10.791044776119405,grass,0.003083595948083198,0.7302520233483832,0.2627914668089435,0.003872913894590112,grass,0.003083595948083198,0.7302520233483832,0.2627914668089435,0.003872913894590112
rubber_carpet,circle,92,1.6000211238861084,11.407577497129736,11.09931113662457,grass,0.0031309914840151184,0.6759641346787133,0.31757870221294865,0.0033261716243228358,grass,0.0031072937160491585,0.7031080790135483,0.2901850845109461,0.0035995427594564746
rubber_carpet,circle,92,1.6000213623046875,13.996555683122846,12.06505931879066,rubber_carpet,0.0035580014652580798,0.4496228499093385,0.5432599427594587,0.003559205865944785,grass,0.0033326475906536182,0.5763654644614433,0.4167225136352023,0.003579374312700629
rubber_carpet,circle,100,1.7415591796212877,9.595866819747418,9.595866819747418,grass,0.003226045542938477,0.8022491816111762,0.15569704437819026,0.03882772846769499,grass,0.003226045542938477,0.8022491816111762,0.15569704437819026,0.03882772846769499
rubber_carpet,circle,100,1.7415079196267809,9.035591274397245,9.315729047072333,grass,0.0033187811558435384,0.7827845732323775,0.12783267925525962,0.08606396635651926,grass,0.003272413349391008,0.7925168774217769,0.14176486181672496,0.06244584741210713
rubber_carpet,circle,100,1.741579206781932,9.305396096440871,9.31228473019518,grass,0.0033196041844863185,0.7823163843893947,0.12749760288359002,0.08686640854252907,grass,0.003296008766938663,0.7874166309055858,0.1346312323501575,0.0746561279773181
rubber_carpet,circle,103,1.800004005432129,12.772675086107922,12.772675086107922,rubber_carpet,0.004268136141385238,0.1787125436687371,0.8127511823224343,0.004268137867443387,rubber_carpet,0.004268136141385238,0.1787125436687371,0.8127511823224343,0.004268137867443387
rubber_carpet,circle,103,1.7999980449676514,14.563719862227323,13.668197474167624,rubber_carpet,0.005193716567848873,0.06619516915186495,0.9234173977106497,0.0051937165696365395,rubber_carpet,0.004730926354617056,0.12245385641030102,0.868084290016542,0.004730927218539963
rubber_carpet,circle,103,1.800020456314087,13.479908151549942,13.605434366628396,rubber_carpet,0.00511095731648264,0.07131599583476848,0.9184620895292804,0.005110957319468438,rubber_carpet,0.004920941835549849,0.09688492612253476,0.8932731897729113,0.004920942269004201
rubber_carpet,circle,111,1.941617401438304,6.0769230769230775,6.0769230769230775,cell_carpet,0.0027115381955337557,0.09251125253712435,0.010429492522164664,0.8943477167451772,cell_carpet,0.0027115381955337557,0.09251125253712435,0.010429492522164664,0.8943477167451772
rubber_carpet,circle,111,1.9416095336251933,6.012629161882893,6.044776119402986,cell_carpet,0.002849947081235236,0.09133384185422315,0.010359976989948458,0.8954562340745932,cell_carpet,0.0027807426383844955,0.09192254719567375,0.01039473475605656,0.8949019754098853
rubber_carpet,circle,111,1.941593797998973,7.10332950631458,6.397627248373517,cell_carpet,0.0020439160570489283,0.10984613129170874,0.011973232156015529,0.8761367204952267,cell_carpet,0.0024123293477167117,0.10088433924369125,0.011183983456036044,0.885519347952556
rubber_carpet,circle,115,2.000448226928711,14.33524684270953,14.33524684270953,rubber_carpet,0.011669375452688447,0.018164134595377576,0.9584971144992456,0.011669375452688464,rubber_carpet,0.011669375452688447,0.018164134595377576,0.9584971144992456,0.011669375452688464
rubber_carpet,circle,115,2.00062108039856,13.463834672789895,13.899540757749714,rubber_carpet,0.009137796853802026,0.02201777983397718,0.9597066264584178,0.00913779685380307,rubber_carpet,0.010403586153245235,0.02009095721467738,0.9591018704788317,0.010403586153245766
rubber_carpet,circle,115,2.0000598430633545,12.817451205510908,13.53884424033678,rubber_carpet,0.007658453195844674,0.029645777533418363,0.9550373160748666,0.00765845319587044,rubber_carpet,0.009031019674544954,0.02486836737404787,0.9570695932768492,0.009031019674558103
rubber_carpet,circle,123,2.1415704806619367,3.489092996555683,3.489092996555683,linoleum,0.9706238229851224,0.007449113029339832,0.002533404691430715,0.0193936592941071,linoleum,0.9706238229851224,0.007449113029339832,0.002533404691430715,0.0193936592941071
rubber_carpet,circle,123,2.141594084101268,3.574052812858783,3.5315729047072333,linoleum,0.9667791907747926,0.008135179586694923,0.0026771743539554704,0.02240845528455691,linoleum,0.9687015068799575,0.007792146308017377,0.002605289522693093,0.020901057289332003
rubber_carpet,circle,123,2.141578825312205,4.258323765786453,3.7738231917336393,linoleum,0.9265868342849005,0.014789485441459459,0.004089951531064112,0.05453372874257581,linoleum,0.947644170582429,0.011290815874738418,0.0033476205268786023,0.03771739301595391
rubber_carpet,circle,126,2.199995994567871,12.407577497129736,12.407577497129736,rubber_carpet,0.009433649957656937,0.03526568912551807,0.9458670109585826,0.009433649958242382,rubber_carpet,0.009433649957656937,0.03526568912551807,0.9458670109585826,0.009433649958242382
rubber_carpet,circle,126,2.200507640838623,12.203214695752008,12.305396096440871,rubber_carpet,0.008920215452940963,0.03854708380634933,0.9436124852864275,0.008920215454282083,rubber_carpet,0.009176932705298952,0.03690638646593371,0.9447397481225052,0.009176932706262233
rubber_carpet,circle,126,2.200024604797364,13.22502870264064,12.61194029850746,rubber_carpet,0.010605072194783849,0.0300967917405106,0.948693063869814,0.010605072194891561,rubber_carpet,0.0098910024500414,0.03350158910322215,0.9467164059961596,0.009891002450576898
rubber_carpet,circle,134,2.341597946482249,2.642939150401837,2.642939150401837,linoleum,0.960518167632049,0.013474283826001153,0.005345619449130611,0.020661929092819293,linoleum,0.960518167632049,0.013474283826001153,0.005345619449130611,0.020661929092819293
rubber_carpet,circle,134,2.341315897303172,2.609644087256028,2.6262916188289323,linoleum,0.9614247304551189,0.013302248298910713,0.005318482140431612,0.019954539105538644,linoleum,0.960971449043584,0.013388266062455934,0.005332050794781113,0.020308234099178972
rubber_carpet,circle,134,2.341553362207957,3.0952927669345582,2.7826253348641408,linoleum,0.9503590148015131,0.015486418138250664,0.005776234391434669,0.02837833266880151,linoleum,0.9556652319225485,0.0144373421003533,0.005554142593107891,0.024343283383990243
rubber_carpet,figure_eight,135,2.3574924732515745,8.29276693455798,8.29276693455798,rubber_carpet,0.0029656391060980045,0.4337454596257798,0.559508060896518,0.0037808403716042276,rubber_carpet,0.0029656391060980045,0.4337454596257798,0.559508060896518,0.0037808403716042276
rubber_carpet,figure_eight,135,2.3587610625321886,9.07118254879449,8.681974741676235,rubber_carpet,0.0033095165019642503,0.3626953678405885,0.6305345398682525,0.0034605757891948466,rubber_carpet,0.003137577804031127,0.3982204137331842,0.5950213003823852,0.003620708080399537
rubber_carpet,figure_eight,135,2.363725447750906,1.541905855338691,6.30195177956372,grass,0.002067791913749707,0.5142765770726848,0.2180610915276434,0.265594539485922,grass,0.002602684858890417,0.4562484954029345,0.4065411959550143,0.13460762378316077
rubber_carpet,figure_eight,135,2.3614391497171807,7.49483352468427,6.600172215843857,grass,0.002231386731512948,0.5670931741004498,0.27163248156024516,0.1590429576077921,grass,0.002417035795201683,0.5116708347516922,0.33908683875762974,0.14682529069547645
rubber_carpet,figure_eight,135,2.357493673774139,8.192881745120552,6.918714121699196,grass,0.002360370845966935,0.590164118298908,0.32770065925118946,0.07977485160393559,grass,0.002388703320584309,0.5509174765253001,0.3333937490044096,0.11330007114970603
rubber_carpet,figure_eight,135,2.3587624073646665,9.159586681974742,7.29219288174512,grass,0.002477517717617908,0.5770174960240368,0.3898638853492664,0.030641100909078785,grass,0.0024331105191011085,0.5639674862746684,0.36162881717683804,0.07197058602939241
rubber_carpet,figure_eight,135,2.363757923255688,1.841561423650976,6.513531244874528,grass,0.002188115381067448,0.5546499334834886,0.2560065095726283,0.18715544156281558,grass,0.0023106129500842783,0.5593087098790785,0.30881766337473315,0.129563013796104
rubber_carpet,figure_eight,135,2.361413960643636,7.22617680826636,6.602611940298507,grass,0.002232550946291793,0.5674059163459991,0.27207134599393906,0.15829018671377013,grass,0.002271581948188036,0.5633573131125389,0.29044450468433614,0.14392660025493706
rubber_carpet,figure_eight,135,2.357469215083169,8.69345579793341,6.834927924480163,grass,0.0023304823380033424,0.5875110065401443,0.3132413342431269,0.09691717687872525,grass,0.002301032143095689,0.5754341598263416,0.30184291946373154,0.12042188856683116
rubber_carpet,figure_eight,135,2.358790297717368,9.14580941446613,6.929710422247736,grass,0.002364127234139094,0.5903411800904699,0.3295817440731594,0.07771294860223148,grass,0.002332579688617392,0.5828876699584058,0.3157123317684455,0.09906741858453132
rubber_carpet,figure_eight,135,2.3637582869213345,1.4247990815154996,6.080112259216737,grass,0.0019269118375048174,0.46079938485604394,0.1803056445487874,0.3569680587576639,grass,0.0021297457630611045,0.5218435274072248,0.24800898815861644,0.22801773867109762
rubber_carpet,figure_eight,135,2.361414321772956,7.479908151549942,6.739890292129098,grass,0.0022933730873656187,0.581597404876803,0.2965732489326101,0.11953597310322127,grass,0.002211559425213362,0.551720466142014,0.27229111854561333,0.17377685588715946
rubber_carpet,figure_eight,136,2.37148085510549,6.346727898966705,6.346727898966705,grass,0.0021190288028304738,0.5355342669389636,0.24682696279162106,0.2155197414665848,grass,0.0021190288028304738,0.5355342669389636,0.24682696279162106,0.2155197414665848
rubber_carpet,figure_eight,136,2.375414649834104,9.246842709529275,7.796785304247991,grass,0.002713846466685643,0.49669061574405066,0.49378537313472876,0.006810164654534928,grass,0.002416437634758058,0.5161124413415071,0.3703061679631749,0.11116495306055987
rubber_carpet,figure_eight,136,2.3821439634485766,5.590126291618828,7.06123230003827,grass,0.0024199290632944156,0.5796093009202676,0.3724335924748365,0.045537177541601484,grass,0.0024181833490262367,0.5478608711308874,0.3713698802190057,0.07835106530108069
rubber_carpet,figure_eight,136,2.37148383952945,6.415614236509759,6.899827784156143,grass,0.0023658195471134382,0.5839260100903503,0.3453236517583948,0.06838451860414146,grass,0.0023920014480698377,0.5658934406106189,0.35834676598870024,0.07336779195261108
rubber_carpet,figure_eight,136,2.3754524223116618,9.486796785304248,7.417221584385762,grass,0.002542169005138595,0.5492089769615413,0.43074700538007227,0.01750184865324782,grass,0.0024670852266042162,0.5575512087860801,0.39454688568438623,0.045434820302929446
rubber_carpet,figure_eight,136,2.3820822101069496,4.890929965556831,6.996172981247608,grass,0.002398483054244303,0.5822007606880433,0.3615896524112012,0.05381110384651124,grass,0.0024327841404242594,0.5698759847370617,0.3780682690477937,0.04962296207472035
rubber_carpet,figure_eight,136,2.371449354064396,6.587830080367393,6.937838281121863,grass,0.002378884777586067,0.5835610745930127,0.3517732752165162,0.062286765412885074,grass,0.002405834459005163,0.5767185296650371,0.3649207721321549,0.055954863743802694
rubber_carpet,figure_eight,136,2.375543023498328,10.551090700344432,7.389494833524684,grass,0.0025317735863799665,0.5523813981685586,0.4262186519919285,0.01886817625313286,grass,0.0024688040226925646,0.5645499639167979,0.3955697120620417,0.03741151999846778
rubber_carpet,figure_eight,136,2.381899257070024,6.064293915040183,7.2422502870264065,grass,0.002479752304731308,0.5671741378243246,0.4021952430748853,0.02815086679605865,grass,0.0024742781637119367,0.5658620508705613,0.39888247756846357,0.03278119339726322
rubber_carpet,figure_eight,137,2.387206132896357,11.268656716417912,11.268656716417912,rubber_carpet,0.013242328628271174,0.04167885075042787,0.9318364919855356,0.013242328635765362,rubber_carpet,0.013242328628271174,0.04167885075042787,0.9318364919855356,0.013242328635765362
rubber_carpet,figure_eight,137,2.387225367944941,10.718714121699197,10.993685419058554,rubber_carpet,0.011060109254002077,0.05116062161853531,0.9267191598135175,0.011060109313945169,rubber_carpet,0.012151218941136625,0.046419736184481586,0.9292778258995266,0.012151218974855264
rubber_carpet,figure_eight,137,2.3872246795002496,10.8300803673938,10.939150401836969,rubber_carpet,0.010686139750694565,0.05351685848762416,0.9251108619213696,0.01068613984031162,rubber_carpet,0.011418679345915596,0.049968297336052875,0.9271943439104481,0.011418679407583442
rubber_carpet,circle,138,2.399986743927002,11.738231917336396,11.738231917336396,rubber_carpet,0.02075904232977063,0.034019155539053325,0.9244627598013089,0.020759042329867198,rubber_carpet,0.02075904232977063,0.034019155539053325,0.9244627598013089,0.020759042329867198
rubber_carpet,circle,138,2.400088310241699,11.901262916188289,11.819747416762343,rubber_carpet,0.022106559872410884,0.03389786790924322,0.9218890123458862,0.022106559872459658,rubber_carpet,0.02143280110109076,0.03395851172414828,0.9231758860735976,0.02143280110116343
rubber_carpet,circle,138,2.400040864944458,12.384615384615383,12.008036739380024,rubber_carpet,0.02564402755487043,0.03457140164803388,0.9141405432422155,0.025644027554880208,rubber_carpet,0.023538414327980595,0.03426495668609108,0.9186582146579065,0.02353841432802182
rubber_carpet,figure_eight,138,2.4021788598970737,3.5533869115958665,3.5533869115958665,cell_carpet,0.415704825487778,0.11789737296396337,0.038763528759599666,0.427634272788659,rubber_carpet,0.2196216199078793,0.07608116482502722,0.4787108717087531,0.22558634355834042
rubber_carpet,figure_eight,138,2.409191356070084,9.729047072330657,6.641216991963261,grass,0.0023001337059894112,0.5702381919972447,0.3419443607142699,0.08551731358249597,rubber_carpet,0.11096087680693437,0.323159678411136,0.41032761621151154,0.15555182857041822
rubber_carpet,figure_eight,138,2.40218300580362,3.879448909299655,5.720627631075392,grass,0.0017897397870288957,0.4264056351102587,0.17794019022861832,0.393864434874094,grass,0.05637530829698163,0.37478265676069733,0.29413390322006494,0.2747081317222561
rubber_carpet,figure_eight,138,2.4093088560058424,10.138920780711825,6.825200918484501,grass,0.0023722174122085054,0.5691024481573047,0.3736032799027609,0.05492205452772594,grass,0.02937376285459507,0.471942552459001,0.3338685915614129,0.164815093124991
rubber_carpet,figure_eight,138,2.40219534947721,4.030998851894374,6.266360505166476,grass,0.002122238403517764,0.5394103622606112,0.27401749009049076,0.18444990924538038,grass,0.015748000629056416,0.5056764573598062,0.3039430408259518,0.1746325011851857
rubber_carpet,figure_eight,138,2.4093298780689945,10.252583237657865,6.930730960581706,grass,0.002411875178795186,0.5643483782467162,0.3912869157202307,0.041952830854257925,grass,0.009079937903925802,0.5350124178032611,0.3476149782730913,0.10829266601972182
rubber_carpet,figure_eight,139,2.428968558289536,10.538461538461538,10.538461538461538,rubber_carpet,0.010028844918642624,0.06489161885204392,0.9150506907513295,0.010028845477983822,rubber_carpet,0.010028844918642624,0.06489161885204392,0.9150506907513295,0.010028845477983822
rubber_carpet,figure_eight,139,2.4206924138945283,3.4695752009184844,7.004018369690011,grass,0.002467170053538739,0.5463753691937163,0.4231334926437899,0.028023968108955025,rubber_carpet,0.006248007486090682,0.30563349402288015,0.6690920916975598,0.019026406793469428
rubber_carpet,figure_eight,139,2.4290687435088234,10.381171067738231,8.129735935706085,rubber_carpet,0.003219909426812331,0.3808387357382977,0.6122785837217921,0.003662771113097879,rubber_carpet,0.004733958456451507,0.3432361148805889,0.640685337709676,0.011344588953283654
rubber_carpet,figure_eight,139,2.420578849615366,3.074626865671642,6.865958668197474,grass,0.002410969259369024,0.5568774973163684,0.40037002160075125,0.04034151182351144,rubber_carpet,0.003572463857910265,0.45005680609847865,0.5205276796552136,0.02584305038839755
rubber_carpet,figure_eight,139,2.4290694928718115,10.498277841561425,7.592422502870264,rubber_carpet,0.002771516435130814,0.47095771840846906,0.5198245071875494,0.006446257968850915,rubber_carpet,0.0031719901465205387,0.4605072622534737,0.5201760934213814,0.016144654178624228
rubber_carpet,figure_eight,139,2.4205848206613862,3.168771526980482,6.855147340221966,grass,0.002406643962359051,0.557533527815241,0.39857158206805576,0.041488246154344315,grass,0.002789317054439795,0.5090203950343574,0.45937383774471857,0.02881645016648427
rubber_carpet,figure_eight,141,2.4529033335025057,3.1148105625717566,3.1148105625717566,linoleum,0.6566682269473604,0.07915368868388968,0.029740369004960337,0.2344377153637896,linoleum,0.6566682269473604,0.07915368868388968,0.029740369004960337,0.2344377153637896
rubber_carpet,figure_eight,141,2.4637637328333497,10.399540757749714,6.757175660160735,grass,0.0024242675037002338,0.5409934296237175,0.4209750695488221,0.03560723332376015,linoleum,0.32954624722553033,0.31007355915380364,0.22535771927689122,0.13502247434377487
rubber_carpet,figure_eight,141,2.45290757554956,3.3501722158438576,5.621507845388443,grass,0.0018191291699660604,0.4523622389023782,0.21659680615234445,0.3292218257753113,grass,0.1656826881977482,0.3812178990280909,0.22097726271461782,0.23212215005954306
rubber_carpet,figure_eight,141,2.463920999422798,10.017221584385764,6.720436280137773,grass,0.0024075982841127172,0.5435427651443969,0.41488124051157893,0.039168396059911396,grass,0.08404514324093046,0.4623803320862439,0.3179292516130984,0.13564527305972723
rubber_carpet,figure_eight,141,2.4529233540240982,3.3685419058553383,6.050057405281286,grass,0.0020813771716274828,0.5280416624609204,0.2956224965689025,0.17425446379854972,grass,0.04306326020627897,0.4952109972735822,0.30677587409100043,0.1549498684291385
rubber_carpet,figure_eight,141,2.463839199062821,9.737083811710676,6.664561806352851,grass,0.002382466704893366,0.5468758085233495,0.4055466391557417,0.04519508561601548,grass,0.02272286345558617,0.5210434028984658,0.35616125662337106,0.10007247702257699
rubber_carpet,figure_eight,142,2.4813001226146385,3.428243398392652,3.428243398392652,cell_carpet,0.32530664456481434,0.14365638692291066,0.05362118958601443,0.47741577892626064,cell_carpet,0.32530664456481434,0.14365638692291066,0.05362118958601443,0.47741577892626064
rubber_carpet,figure_eight,142,2.481169363546777,3.4695752009184844,3.4489092996555684,cell_carpet,0.3068946681732898,0.14714362143232812,0.054849841978662876,0.49111186841571913,cell_carpet,0.3161006563690521,0.14540000417761942,0.05423551578233866,0.4842638236709899
rubber_carpet,figure_eight,142,2.481168396602565,3.3628013777267505,3.420206659012629,cell_carpet,0.332563286769636,0.14228368933488955,0.05313748774698174,0.4720155361484927,cell_carpet,0.324331971569344,0.1438418467562545,0.053686501764660194,0.47813967990974127
rubber_carpet,figure_eight,143,2.4939519695593964,10.113662456946038,10.113662456946038,rubber_carpet,0.01107243934097598,0.06980315273071835,0.9080519670908713,0.011072440837434293,rubber_carpet,0.01107243934097598,0.06980315273071835,0.9080519670908713,0.011072440837434293
rubber_carpet,figure_eight,143,2.493984440836248,9.21699196326062,9.665327210103328,rubber_carpet,0.00834655207420818,0.10213555255848056,0.8811713145753127,0.00834658079199853,rubber_carpet,0.009709495707592082,0.08596935264459947,0.8946116408330921,0.009709510814716413
rubber_carpet,figure_eight,143,2.493990541509955,10.110218140068888,9.813624186758515,rubber_carpet,0.009137931171146339,0.08996281834587688,0.8917613082225819,0.009137942260394837,rubber_carpet,0.009423713439369211,0.08796608549523818,0.8931864745278371,0.009423726537555625
rubber_carpet,figure_eight,145,2.529501910051687,3.111366245694604,3.111366245694604,linoleum,0.4676708400852474,0.12199544007862742,0.05051505890554307,0.3598186609305821,linoleum,0.4676708400852474,0.12199544007862742,0.05051505890554307,0.3598186609305821
rubber_carpet,figure_eight,145,2.529501470011653,3.324913892078071,3.218140068886337,cell_carpet,0.3729482096293714,0.14082126676134354,0.05782613085809265,0.42840439275119246,linoleum,0.42030952485730944,0.13140835341998547,0.05417059488181786,0.3941115268408873
rubber_carpet,figure_eight,145,2.5295196223197647,3.106773823191733,3.1810179869881363,linoleum,0.405875277782863,0.13427173072888654,0.05528317043446246,0.4045698210537879,linoleum,0.4130924013200862,0.132840042074436,0.05472688265814016,0.39934067394733763
rubber_carpet,circle,146,2.541606815653392,3.950631458094144,3.950631458094144,cell_carpet,0.017150290827207954,0.23691050603027278,0.1006447356778581,0.6452944674646611,cell_carpet,0.017150290827207954,0.23691050603027278,0.1006447356778581,0.6452944674646611
rubber_carpet,circle,146,2.5413834174447736,3.95292766934558,3.951779563719862,cell_carpet,0.017052402412880703,0.2370137738228513,0.10069773023209153,0.6452360935321766,cell_carpet,0.01710134662004433,0.23696213992656204,0.10067123295497482,0.6452652804984189
rubber_carpet,circle,146,2.541556270914622,3.275545350172216,3.72636815920398,cell_carpet,0.05075948530217878,0.2171553707337316,0.09105231046252309,0.6410328335015665,cell_carpet,0.03393041596111156,0.2270587553301468,0.09586177170874896,0.6431490569999927
rubber_carpet,figure_eight,146,2.5455074724275395,9.779563719862226,9.779563719862226,rubber_carpet,0.011688729935835017,0.07558221113390698,0.901040325326466,0.011688733603792127,rubber_carpet,0.022809572948473286,0.1513204832320269,0.4984510485176075,0.3274188953018924
rubber_carpet,figure_eight,146,2.545742156022281,9.708381171067735,9.743972445464982,rubber_carpet,0.01140862883190244,0.07778028628706862,0.8994024514003218,0.011408633480707149,rubber_carpet,0.017109100890187863,0.11455038475954776,0.6989267499589646,0.16941376439129976
rubber_carpet,figure_eight,146,2.5454965756306502,10.547646383467278,10.011863758132414,rubber_carpet,0.01374917321937054,0.06316946692549659,0.9093321858822594,0.013749173972873528,rubber_carpet,0.015429137054779201,0.08885992584252217,0.804129467920612,0.09158146918208665
rubber_carpet,figure_eight,147,2.5711322370522134,3.404133180252583,3.404133180252583,cell_carpet,0.16016147821014892,0.1899447564444632,0.0816166381366662,0.5682771272087218,cell_carpet,0.16016147821014892,0.1899447564444632,0.0816166381366662,0.5682771272087218
rubber_carpet,figure_eight,147,2.571072734738768,3.774971297359357,3.58955223880597,cell_carpet,0.0769662024666546,0.21154873527798565,0.0910102507847907,0.6204748114705692,cell_carpet,0.11856384033840175,0.20074674586122443,0.08631344446072844,0.5943759693396455
rubber_carpet,figure_eight,147,2.5710376559123698,3.2916188289322617,3.4902411021814004,cell_carpet,0.11582978938133072,0.20071108404488774,0.08622390173717583,0.5972352248366057,cell_carpet,0.11719681485986624,0.2007289149530561,0.08626867309895214,0.5958055970881256
rubber_carpet,figure_eight,148,2.589518161584389,10.143513203214695,10.143513203214695,rubber_carpet,0.01851205072732663,0.053566458367072266,0.9094094400584716,0.018512050847129487,rubber_carpet,0.01851205072732663,0.053566458367072266,0.9094094400584716,0.018512050847129487
rubber_carpet,figure_eight,148,2.589740770112128,9.231917336394948,9.687715269804825,rubber_carpet,0.013193671485516879,0.07243164070599994,0.901181013443669,0.013193674364814164,rubber_carpet,0.015852861106421756,0.06299904953653611,0.9052952267510703,0.015852862605971824
rubber_carpet,figure_eight,148,2.5897176682912777,9.56142365097589,9.645618063528511,rubber_carpet,0.012804185123675385,0.07480293683730922,0.8995886890999424,0.012804188939073017,rubber_carpet,0.014328523115048572,0.06890099318692268,0.9024419579255064,0.014328525772522421
rubber_carpet,circle,149,2.5999972820281982,10.591274397244549,10.591274397244549,rubber_carpet,0.029502438647263252,0.04729574202210812,0.8936993806807905,0.029502438649838255,rubber_carpet,0.029502438647263252,0.04729574202210812,0.8936993806807905,0.029502438649838255
rubber_carpet,circle,149,2.600016832351685,10.71641791044776,10.653846153846157,rubber_carpet,0.031086476700718985,0.04740516922193787,0.8904218773750513,0.031086476702291747,rubber_carpet,0.030294457673991117,0.047350455622022995,0.8920606290279209,0.030294457676065
rubber_carpet,circle,149,2.6000401973724365,11.633754305396096,10.9804822043628,rubber_carpet,0.04100912008921927,0.05117574819472844,0.866806011626722,0.041009120089330234,rubber_carpet,0.035651788881605195,0.04926310190837572,0.8794333203273215,0.03565178888269761
rubber_carpet,figure_eight,151,2.641240879716745,5.1836969001148105,5.1836969001148105,grass,0.0018806498205225714,0.47157302498884507,0.31421810203680656,0.21232822315382585,grass,0.0018806498205225714,0.47157302498884507,0.31421810203680656,0.21232822315382585
rubber_carpet,figure_eight,151,2.6412349948405103,4.578645235361654,4.881171067738232,grass,0.0016826370719405825,0.42562654012245,0.2574249688443723,0.3152658539612371,grass,0.001781643446231577,0.44859978255564753,0.2858215354405894,0.26379703855753145
rubber_carpet,figure_eight,151,2.641039733704992,4.965556831228473,4.909299655568312,grass,0.00169927485060406,0.430409169262001,0.2624927712538924,0.30539878463350256,grass,0.0017404591484178186,0.43950447590882424,0.2741571533472409,0.284597911595517
rubber_carpet,figure_eight,153,2.6643518934692128,9.479908151549944,9.479908151549944,rubber_carpet,0.017911604734558637,0.06759252729465559,0.896584261621211,0.017911606349574862,rubber_carpet,0.017911604734558637,0.06759252729465559,0.896584261621211,0.017911606349574862
rubber_carpet,figure_eight,153,2.6647188611687667,9.724454649827782,9.602181400688863,rubber_carpet,0.019724520560076852,0.06292512583301407,0.8976258323493892,0.01972452125751971,rubber_carpet,0.018818062647317745,0.06525882656383483,0.8971050469853001,0.018818063803547287
rubber_carpet,figure_eight,153,2.6643598343576627,9.315729047072333,9.506697282816686,rubber_carpet,0.018291405408872228,0.06649209759394913,0.8969250902426522,0.01829140675452653,rubber_carpet,0.018554734028094988,0.06587546207889197,0.8970150686139762,0.018554735279036907
rubber_carpet,figure_eight,155,2.7013282127668417,5.670493685419058,5.670493685419058,grass,0.002425654343187953,0.48502734629767114,0.46175991823335694,0.050787081125783964,grass,0.002425654343187953,0.48502734629767114,0.46175991823335694,0.050787081125783964
rubber_carpet,figure_eight,155,2.701076285698577,5.964408725602755,5.817451205510906,rubber_carpet,0.0025491355475232786,0.47585094263298555,0.4859951714011667,0.03560475041832446,grass,0.0024873949453556162,0.48043914446532837,0.4738775448172619,0.04319591577205422
rubber_carpet,figure_eight,155,2.701064846288999,5.636050516647531,5.756984309223115,grass,0.002497476941726992,0.48008610345803954,0.4761323921439724,0.04128402745626105,grass,0.0024924359435413044,0.48026262396168395,0.47500496848061713,0.042239971614157636
rubber_carpet,figure_eight,156,2.728017918193918,9.17451205510907,9.17451205510907,rubber_carpet,0.018256517801871153,0.07454272525812942,0.8889442347279308,0.018256522212068502,rubber_carpet,0.018256517801871153,0.07454272525812942,0.8889442347279308,0.018256522212068502
rubber_carpet,figure_eight,156,2.7278554611392907,9.332950631458091,9.25373134328358,rubber_carpet,0.0194480246227301,0.0710273907078182,0.8900765574448186,0.019448027224633145,rubber_carpet,0.018852271212300625,0.07278505798297381,0.8895103960863747,0.018852274718350825
rubber_carpet,figure_eight,156,2.7278810982314248,9.272101033295064,9.259854573287408,rubber_carpet,0.019543829594657093,0.07077221453453593,0.890140123779005,0.01954383209180192,rubber_carpet,0.01919805040347886,0.07177863625875487,0.8898252599326899,0.019198053405076375
rubber_carpet,circle,157,2.7415203173928937,5.332950631458094,5.332950631458094,grass,0.0022566467008231675,0.4850858993624297,0.4274739525810647,0.08518350135568244,grass,0.0022566467008231675,0.4850858993624297,0.4274739525810647,0.08518350135568244
rubber_carpet,circle,157,2.741610201197215,5.41102181400689,5.371986222732492,grass,0.0022889345164608917,0.48488945476326045,0.43443384658184886,0.07838776413842982,grass,0.0022727906086420294,0.48498767706284507,0.4309538995814568,0.08178563274705614
rubber_carpet,circle,157,2.7415415366464337,4.87715269804822,5.207041714504402,grass,0.0021538682980590815,0.48331523179164126,0.40450339095527593,0.11002750895502375,grass,0.002213329453350555,0.48415145442724306,0.4177286452683663,0.09590657085103992
rubber_carpet,circle,160,2.7999866008758545,9.4052812858783,9.4052812858783,rubber_carpet,0.030444771671904902,0.06368060092507145,0.8754298554684729,0.030444771934550845,rubber_carpet,0.030444771671904902,0.06368060092507145,0.8754298554684729,0.030444771934550845
rubber_carpet,circle,160,2.800756454467773,9.375430539609644,9.390355912743972,rubber_carpet,0.03005793020098101,0.06391201406053304,0.8759721252455027,0.03005793049298309,rubber_carpet,0.030251350936442954,0.06379630749280224,0.8757009903569878,0.030251351213766965
rubber_carpet,circle,160,2.8000190258026123,9.865671641791044,9.548794489092996,rubber_carpet,0.0344494428967627,0.06217752979728434,0.8689235843156842,0.034449442990268725,rubber_carpet,0.032350396916602825,0.06298691864504329,0.872312287336336,0.03235039710201784
rubber_carpet,figure_eight,161,2.8012620496549725,7.150401836969001,7.150401836969001,rubber_carpet,0.00595750416123739,0.24917995473930857,0.7388067646158274,0.006055776483626632,rubber_carpet,0.00595750416123739,0.24917995473930857,0.7388067646158274,0.006055776483626632
rubber_carpet,figure_eight,161,2.8012909209818453,7.607347876004591,7.378874856486796,rubber_carpet,0.006888875238654864,0.21785609828779898,0.7683320787633781,0.006922947710168122,rubber_carpet,0.006423189699946127,0.23351802651355377,0.7535694216896027,0.0064893620968973775
rubber_carpet,figure_eight,161,2.8013186659058804,6.949483352468427,7.2357443551473395,rubber_carpet,0.0062842934252336944,0.23728853781772608,0.7500762510956717,0.006350917661368496,rubber_carpet,0.006353741562589912,0.23540328216563997,0.7518228363926373,0.0064201398791329375
rubber_carpet,figure_eight,162,2.834005110802092,9.832376578645237,9.832376578645237,rubber_carpet,0.05111194441657926,0.06758156554693273,0.8301945456137529,0.05111194442273507,rubber_carpet,0.05111194441657926,0.06758156554693273,0.8301945456137529,0.05111194442273507
rubber_carpet,figure_eight,162,2.834144354058912,7.881745120551091,8.857060849598163,rubber_carpet,0.02206190960854023,0.07832477999939574,0.8775513942804798,0.022061916111584246,rubber_carpet,0.03658692701255974,0.07295317277316424,0.8538729699471164,0.03658693026715966
rubber_carpet,figure_eight,162,2.834010117290884,9.648679678530424,9.120933792575585,rubber_carpet,0.027563732784428207,0.06927649598535882,0.8755960373356281,0.027563733894584958,rubber_carpet,0.03207532989849397,0.07111483437926153,0.8647345036413723,0.03207533208087231
rubber_carpet,figure_eight,165,2.886024351244797,7.182548794489093,7.182548794489093,rubber_carpet,0.007243189987023987,0.22110167499884784,0.7643674611840572,0.007287673830070908,rubber_carpet,0.007243189987023987,0.22110167499884784,0.7643674611840572,0.007287673830070908
rubber_carpet,figure_eight,165,2.8855903559554115,8.313432835820896,7.747990815154994,rubber_carpet,0.010830033395645726,0.15331149373784803,0.8250258354088736,0.01083263745763258,rubber_carpet,0.009036611691334857,0.18720658436834792,0.7946966482964655,0.009060155643851745
rubber_carpet,figure_eight,165,2.885615634844955,7.615384615384617,7.703788748564868,rubber_carpet,0.01047970425482907,0.15802885438959272,0.8210084424524068,0.010482998903171564,rubber_carpet,0.009758157973081964,0.1726177193789703,0.8078525453744361,0.009771577273511654
rubber_carpet,figure_eight,167,2.9224317604171777,9.305396096440871,9.305396096440871,rubber_carpet,0.04344988487433768,0.0694537854553274,0.8436464446965062,0.0434498849738286,rubber_carpet,0.04344988487433768,0.0694537854553274,0.8436464446965062,0.0434498849738286
rubber_carpet,figure_eight,167,2.922907215096709,7.918484500574053,8.611940298507463,rubber_carpet,0.023776006389772706,0.08346123692286006,0.8689867387044985,0.023776017982868675,rubber_carpet,0.0336129456320552,0.07645751118909375,0.8563165917005024,0.03361295147834865
rubber_carpet,figure_eight,167,2.922962052505785,8.803673938002296,8.675851511672407,rubber_carpet,0.025107860914114686,0.08078396043541514,0.8690003100712451,0.025107868579224906,rubber_carpet,0.029360403273084947,0.07862073581225446,0.8626584508858739,0.02936041002878678
rubber_carpet,circle,169,2.9415926059060773,8.94833524684271,8.94833524684271,rubber_carpet,0.03468776653526589,0.07273711837464673,0.857887347651854,0.03468776743823336,rubber_carpet,0.03468776653526589,0.07273711837464673,0.857887347651854,0.03468776743823336
rubber_carpet,circle,169,2.9414877017312726,8.97588978185993,8.96211251435132,rubber_carpet,0.035109829117379636,0.07252565184108506,0.8572546891032552,0.035109829938280115,rubber_carpet,0.03489879782632276,0.0726313851078659,0.8575710183775547,0.03489879868825674
rubber_carpet,circle,169,2.9415344317727765,7.856486796785304,8.593570608495982,rubber_carpet,0.02547995273491464,0.08275302027714898,0.8662870645695703,0.025479962418366135,rubber_carpet,0.0301893752806187,0.07769220269250744,0.8619290414735625,0.030189380553311437
rubber_carpet,circle,172,3.0000166893005376,8.437428243398394,8.437428243398394,rubber_carpet,0.024501707456273097,0.0878394678814085,0.8631570982719514,0.024501726390367032,rubber_carpet,0.024501707456273097,0.0878394678814085,0.8631570982719514,0.024501726390367032
rubber_carpet,circle,172,3.000068664550781,9.055109070034444,8.746268656716419,rubber_carpet,0.032045509361261784,0.07693327347335462,0.8589757052864586,0.03204551187892501,rubber_carpet,0.028273608408767442,0.08238637067738155,0.861066401779205,0.02827361913464602
rubber_carpet,circle,172,3.000072240829468,9.053960964408724,8.848832759280521,rubber_carpet,0.0350686566279882,0.07480767413706987,0.8550550113518937,0.03506865788304836,rubber_carpet,0.03167113251837782,0.07859702240722571,0.8580607065655493,0.03167113850884719
rubber_carpet,figure_eight,173,3.023490364428973,9.0195177956372,9.0195177956372,rubber_carpet,0.04174870205994542,0.07328435281060432,0.8432182427190023,0.04174870241044793,rubber_carpet,0.04174870205994542,0.07328435281060432,0.8432182427190023,0.04174870241044793
rubber_carpet,figure_eight,173,3.023444639771687,8.60849598163031,8.814006888633756,rubber_carpet,0.034820709077804275,0.07550939246654303,0.8548491879142893,0.0348207105413634,rubber_carpet,0.03828470556887485,0.07439687263857367,0.8490337153166458,0.038284706475905664
rubber_carpet,figure_eight,173,3.0234696356566646,8.119402985074625,8.582472254114045,rubber_carpet,0.028424119253174663,0.08162793335805174,0.8615238212629571,0.02842412612581639,rubber_carpet,0.033354412411024756,0.0780124029983127,0.8552787682898015,0.03335441630086103
rubber_carpet,figure_eight,176,3.0674509839359336,8.041331802525832,8.041331802525832,rubber_carpet,0.018638229413976776,0.10907038982379445,0.8536529778618798,0.018638402900348912,rubber_carpet,0.018638229413976776,0.10907038982379445,0.8536529778618798,0.018638402900348912
rubber_carpet,figure_eight,176,3.0674026769706515,8.318025258323766,8.179678530424798,rubber_carpet,0.020940727854281103,0.10000709568202298,0.8581113728821296,0.020940803581566275,rubber_carpet,0.01978947863412894,0.10453874275290873,0.8558821753720047,0.019789603240957594
rubber_carpet,figure_eight,176,3.067355007660728,8.582089552238806,8.313815537696135,rubber_carpet,0.02347993982375911,0.09248740575344262,0.8605526814362557,0.023479972986542596,rubber_carpet,0.021634709228944025,0.09851307425317568,0.8582174284041302,0.021634788113750095
rubber_carpet,figure_eight,180,3.1354869683520485,9.803673938002296,9.803673938002296,rubber_carpet,0.0846510598146886,0.0943002803783129,0.736397599991535,0.08465105981546354,rubber_carpet,0.0846510598146886,0.0943002803783129,0.736397599991535,0.08465105981546354
rubber_carpet,figure_eight,180,3.135482604163699,11.22617680826636,10.514925373134329,rubber_carpet,0.14071084588920676,0.14317302516519828,0.5754052830563866,0.14071084588920832,rubber_carpet,0.11268095285194768,0.11873665277175559,0.6559014415239608,0.11268095285233592
rubber_carpet,figure_eight,180,3.1354037154366954,8.533869115958668,9.854573287409108,rubber_carpet,0.08818370212799996,0.09703374069529036,0.7265988550482001,0.08818370212850962,rubber_carpet,0.10043232748997383,0.10788519673352298,0.6912501482860804,0.10043232749042277
