surface,angle_deg,target_angle,I_mean_wheel_joint_fl,I_mean_wheel_joint_fr,I_mean_wheel_joint_bl,I_mean_wheel_joint_br,I_std_wheel_joint_fl,I_std_wheel_joint_fr,I_std_wheel_joint_bl,I_std_wheel_joint_br,I_total,I_std,cls_raw,linoleum_raw,grass_raw,rubber_carpet_raw,cell_carpet_raw,cls_memory,linoleum_memory,grass_memory,rubber_carpet_memory,cell_carpet_memory
cell_carpet,-180.0,-3.141592653589793,0.5030342791536822,-0.3919140560931606,0.3304083975725766,-0.4526816467114974,0.2126587719158356,0.1888757135486878,0.1923153656504621,0.1972637553180633,1.6780383795309168,0.4901358309439306,linoleum,0.4648938840693964,0.17007566146747022,0.10715474992976966,0.2578757045333639,linoleum,0.4648938840693964,0.17007566146747022,0.10715474992976966,0.2578757045333639
cell_carpet,-175.0,-3.0543261909900767,0.3660160734787601,-0.5117489475698431,0.5054726368159205,-0.3393800229621125,0.2688914918534211,0.3892850816799617,0.4517251075671316,0.2647841945800541,1.722617680826636,0.5054478239436963,linoleum,0.46779954862070217,0.16868108217385896,0.10489324832692842,0.25862612087851056,linoleum,0.46779954862070217,0.16868108217385896,0.10489324832692842,0.25862612087851056
cell_carpet,-170.0,-2.9670597283903604,0.1046211251435132,-0.7799225028702641,0.9154707233065442,-0.0493685419058553,0.282085876283127,0.4998563618115894,0.5890161379046737,0.3287334705584709,1.8493828932261769,0.6953769605521823,linoleum,0.4659186158418423,0.16844969287555248,0.10173347824530175,0.2638982130373034,linoleum,0.4659186158418423,0.16844969287555248,0.10173347824530175,0.2638982130373034
cell_carpet,-165.0,-2.8797932657906435,-0.0454649827784156,-0.9735170302334482,1.1593570608495982,0.082051282051282,0.3269431965922615,0.5924867810076628,0.6737269010934462,0.372974030156313,2.2603903559127443,0.8733604281136736,linoleum,0.39906924603235644,0.19004623766938022,0.10942716411596351,0.3014573521822997,linoleum,0.39906924603235644,0.19004623766938022,0.10942716411596351,0.3014573521822997
cell_carpet,-160.0,-2.792526803190927,-0.1999999999999999,-1.0438576349024111,1.2440872560275549,0.200459242250287,0.3837387898928926,0.6813592969406265,0.755536726071621,0.4757099149188059,2.688404133180253,0.9500011869092682,cell_carpet,0.31222327347661133,0.21908216259458196,0.11882828231529598,0.3498662816135107,cell_carpet,0.31222327347661133,0.21908216259458196,0.11882828231529598,0.3498662816135107
cell_carpet,-155.0,-2.705260340591211,-0.2380405663987753,-1.2365862992728665,1.3660160734787603,0.3926521239954075,0.3912941735251079,0.7170810848432452,0.7941925543100062,0.4443351006778028,3.233295063145809,1.0932847632613396,cell_carpet,0.18368364955523017,0.2661619287048891,0.134836808836943,0.4153176129029377,cell_carpet,0.18368364955523017,0.2661619287048891,0.134836808836943,0.4153176129029377
cell_carpet,-150.0,-2.6179938779914944,-0.4450344431687715,-1.3524684270952927,1.5434127439724454,0.5038748564867968,0.4560025173214559,0.7331832849469774,0.8673198242978335,0.4816985437731327,3.844790470723306,1.2446741432054451,cell_carpet,0.07351366502226221,0.3151213080459385,0.1481877462552454,0.4631772806765539,cell_carpet,0.07351366502226221,0.3151213080459385,0.1481877462552454,0.4631772806765539
cell_carpet,-145.0,-2.530727415391778,-0.476193692172621,-1.412102384007564,1.624569460390356,0.5777672722361045,0.444716370593593,0.7460963625391294,0.8685419058553386,0.4878715298083006,4.090632808806646,1.312653691878872,cell_carpet,0.06659074959952074,0.30933626973129946,0.12511577178194813,0.4989572088872316,cell_carpet,0.06659074959952074,0.30933626973129946,0.12511577178194813,0.4989572088872316
cell_carpet,-140.0,-2.443460952792061,-0.5206276310753922,-1.4528893991580558,1.6391886720244928,0.5797933409873709,0.4606847254699728,0.773228087798766,0.8649211178065954,0.4873332136510922,4.192499043245312,1.3403951274069832,cell_carpet,0.09235896309636664,0.2783853193538709,0.09232816506798197,0.5369275524817805,cell_carpet,0.09235896309636664,0.2783853193538709,0.09232816506798197,0.5369275524817805
cell_carpet,-135.0,-2.356194490192345,-0.6466704936854191,-1.4574483352468428,1.7039322617680823,0.6124425947187141,0.4808713556275071,0.8089314628562044,0.8433314119545697,0.5293342149462946,4.420493685419059,1.3915873797608151,cell_carpet,0.09365831280592696,0.2585308484962512,0.06994636608678727,0.5778644726110346,cell_carpet,0.09365831280592696,0.2585308484962512,0.06994636608678727,0.5778644726110346
cell_carpet,-130.0,-2.2689280275926285,-0.7936997703788748,-1.323837543053961,1.747919058553387,0.7888920780711826,0.6481842417786695,0.783073965163908,0.8160659591558109,0.7116602742729939,4.654348450057405,1.4161131401707516,cell_carpet,0.09312194042059659,0.23646012838017333,0.05153480436711706,0.6188831268321131,cell_carpet,0.09312194042059659,0.23646012838017333,0.05153480436711706,0.6188831268321131
cell_carpet,-125.0,-2.181661564992912,-1.0660543436662842,-1.458936088786835,1.7843092231151934,0.93486414083429,0.7898965354037263,0.7990101641789772,0.9002141625196914,0.869222168379332,5.244163796402603,1.561331695231673,cell_carpet,0.029185615476402867,0.25731002880016923,0.046808487991902126,0.6666958677315258,cell_carpet,0.029185615476402867,0.25731002880016923,0.046808487991902126,0.6666958677315258
cell_carpet,-120.0,-2.094395102393196,-1.2431957857769975,-1.5044235834402646,1.853785371783616,1.1936246369960153,0.7930422985785854,0.774941843763173,0.9129604749020076,0.9020405631351804,5.795029377996894,1.6978042144659886,cell_carpet,0.00890545272989536,0.27155181819956525,0.04177046461152703,0.6777722644590123,cell_carpet,0.00890545272989536,0.27155181819956525,0.04177046461152703,0.6777722644590123
cell_carpet,-115.0,-2.007128639793479,-1.4768465365480288,-1.6063528511289709,2.0313050133945656,1.6713356295445847,0.4580971591308947,0.522413989062583,0.408721794147618,0.3314596952810559,6.78584003061615,1.965119262851578,cell_carpet,0.0024404189728897967,0.361885115287763,0.054339937741329745,0.5813345279980174,cell_carpet,0.0024404189728897967,0.361885115287763,0.054339937741329745,0.5813345279980174
cell_carpet,-110.0,-1.9198621771937625,-1.563935132032147,-1.5336538461538465,1.93506027554535,1.6453788748564868,0.2764175565325465,0.3595405931986231,0.5313269380823135,0.482736002556465,6.678028128587831,1.931444283141705,cell_carpet,0.00282116043704877,0.2958812391808935,0.03441958249104722,0.6668780178910106,cell_carpet,0.00282116043704877,0.2958812391808935,0.03441958249104722,0.6668780178910106
cell_carpet,-105.0,-1.832595714594046,-1.637657864523536,-1.4401836969001147,2.1205510907003444,1.5043628013777268,0.2388214249172003,0.4606475500798653,0.2178276409898346,0.3638812868130492,6.702755453501723,1.952867523647403,cell_carpet,0.003118909981090057,0.2628965014141478,0.025964330430430053,0.7080202581743321,cell_carpet,0.003118909981090057,0.2628965014141478,0.025964330430430053,0.7080202581743321
cell_carpet,-100.0,-1.7453292519943295,-1.20196221688759,-1.199144139442647,1.6175764533973491,1.1104268865462894,1.028105279873632,1.2774225180916643,1.3145835940738462,1.1233674468534485,5.129109696273876,1.4950524942245922,cell_carpet,0.3434348016988505,0.07995310650075578,0.008239926330741328,0.5683721654696524,cell_carpet,0.3434348016988505,0.07995310650075578,0.008239926330741328,0.5683721654696524
cell_carpet,-95.0,-1.6580627893946132,-1.1072840923587193,-1.0718203852532209,1.4699579027937235,1.1157035336139816,1.0506888666860608,1.1682327505359469,1.2525561395463582,1.179606426318865,4.764765914019645,1.3831275513792605,linoleum,0.6296249606055347,0.03990390810555615,0.005082414182900269,0.32538871710600886,linoleum,0.6296249606055347,0.03990390810555615,0.005082414182900269,0.32538871710600886
cell_carpet,-90.0,-1.5707963267948966,-1.4221897505479597,-1.3658282016490972,1.7538879031416343,1.4778206867759105,0.9655748636779048,0.9322585546153423,1.0689254627779097,1.06295520408919,6.019726542114602,1.7415483318523255,cell_carpet,0.027012401664315247,0.15703792907355685,0.01289632076494566,0.8030533484971822,cell_carpet,0.027012401664315247,0.15703792907355685,0.01289632076494566,0.8030533484971822
cell_carpet,-85.0,-1.4835298641951802,-1.490929965556831,-1.34052812858783,1.505281285878301,1.4929965556831228,1.036005601356636,0.9844171236552254,1.0109579023091952,1.1130749927102377,5.8297359357060845,1.6840270270590012,cell_carpet,0.0458842920594726,0.14917105065112918,0.012836338883114567,0.7921083184062837,cell_carpet,0.0458842920594726,0.14917105065112918,0.012836338883114567,0.7921083184062837
cell_carpet,-80.0,-1.3962634015954636,-1.5776015029746373,-1.232543575827158,1.5693560171172112,1.6432522701179415,1.0036474419889465,0.8617693925425836,0.9929059408790364,1.1111280702016544,6.022753366036948,1.7445775364134033,cell_carpet,0.017566542405227936,0.18472171340199228,0.016886633976920962,0.7808251102158588,cell_carpet,0.017566542405227936,0.18472171340199228,0.016886633976920962,0.7808251102158588
cell_carpet,-75.0,-1.3089969389957472,-1.6546228135341392,-1.3539542108462217,1.875666914297292,1.9843992706152496,0.3242347236506069,0.3247778974606217,0.3190762363433024,0.5608973445779353,6.868643209292902,1.9870981397604024,cell_carpet,0.0025309168117570143,0.3269753891125898,0.03973484228899124,0.630758851786662,cell_carpet,0.0025309168117570143,0.3269753891125898,0.03973484228899124,0.630758851786662
cell_carpet,-70.0,-1.2217304763960306,-1.6185993111366246,-1.3282816685801762,1.621125143513203,1.831687715269805,0.5971346443848002,0.6017920660311945,0.7058958504294998,0.7652220029146504,6.399693838499808,1.8532251861493831,cell_carpet,0.0032144842643770273,0.3020444191242458,0.040839803390489135,0.6539012932208881,cell_carpet,0.0032144842643770273,0.3020444191242458,0.040839803390489135,0.6539012932208881
cell_carpet,-65.0,-1.1344640137963142,-1.371220818982013,-1.117030233448144,1.354228855721393,1.556218905472637,1.0581719801517009,0.7662094633039404,0.959462689964339,1.1858895746371878,5.398698813624187,1.5640965056588934,cell_carpet,0.03366599482443524,0.22717146580785058,0.03288905224293345,0.7062734871247807,cell_carpet,0.03366599482443524,0.22717146580785058,0.03288905224293345,0.7062734871247807
cell_carpet,-60.0,-1.0471975511965976,-1.4537313432835823,-1.0301569077688482,1.3007271335629544,1.8731725985457328,0.8319390750140232,0.8076217462590044,0.8896315318117737,0.9982873784101316,5.657787983161118,1.658934976825099,cell_carpet,0.0074888487988709574,0.30786389258172564,0.059723012331862176,0.6249242462875412,cell_carpet,0.0074888487988709574,0.30786389258172564,0.059723012331862176,0.6249242462875412
cell_carpet,-55.0,-0.9599310885968813,-1.3257558362035973,-1.1323383084577114,1.1032529659395331,1.555376961347111,0.9317638803059648,0.6489923156186369,0.7053497716910029,0.9830672645418798,5.116724071947953,1.4906519301683887,cell_carpet,0.022012163245358388,0.2951500177152937,0.067911898534563,0.6149259205047849,cell_carpet,0.022012163245358388,0.2951500177152937,0.067911898534563,0.6149259205047849
cell_carpet,-50.0,-0.8726646259971648,-1.3161882893226178,-0.8398775353999234,0.8110218140068887,1.9742824339839264,0.7792323341159884,0.6224785165819811,0.6516369370377226,0.954375021040254,4.941370072713356,1.5159494440803627,cell_carpet,0.01910063120219963,0.324186765840209,0.09426210059493917,0.5624505023626523,cell_carpet,0.01910063120219963,0.324186765840209,0.09426210059493917,0.5624505023626523
cell_carpet,-45.0,-0.7853981633974483,-1.440800803673938,-0.7474885189437428,0.7224454649827784,1.7207950631458095,0.7615887475565933,0.4176934854290808,0.5055037492195357,0.8381861180558711,4.631529850746269,1.4261205082020574,cell_carpet,0.02553304716543401,0.33321059099605344,0.11768012507831144,0.5235762367602012,cell_carpet,0.02553304716543401,0.33321059099605344,0.11768012507831144,0.5235762367602012
cell_carpet,-40.0,-0.6981317007977318,-1.4365671641791045,-0.5809414466130884,0.6562141216991964,1.6060562571756605,0.7497314930880474,0.4528081623157618,0.5091945257179151,0.911947255820818,4.27977898966705,1.3411779369323449,cell_carpet,0.03883058949164768,0.3322431699822123,0.13808613885753704,0.490840101668603,cell_carpet,0.03883058949164768,0.3322431699822123,0.13808613885753704,0.490840101668603
cell_carpet,-35.0,-0.6108652381980153,-1.3914322617680828,-0.5284873708381171,0.6486796785304247,1.6300229621125144,0.711825175456396,0.4330980939749841,0.4932899207017299,0.8789386086574306,4.198622273249139,1.3242559559821816,cell_carpet,0.02716539869005405,0.3537402899049075,0.176641855184192,0.4424524562208464,cell_carpet,0.02716539869005405,0.3537402899049075,0.176641855184192,0.4424524562208464
cell_carpet,-30.0,-0.5235987755982988,-1.3513203214695753,-0.3244115958668197,0.5954362801377727,1.4450344431687716,0.7564846971204098,0.4240897603458892,0.5726790872773432,0.8954454395978958,3.716202640642939,1.2028743078217206,cell_carpet,0.06318783352876284,0.32864484619184003,0.17706415947189047,0.43110316080750666,cell_carpet,0.06318783352876284,0.32864484619184003,0.17706415947189047,0.43110316080750666
cell_carpet,-25.0,-0.4363323129985824,-1.1900832376578645,-0.3556974741676234,0.3790901262916188,1.342566016073479,0.6878503801633481,0.445122435229618,0.4505539055392765,0.8101623028251914,3.267436854190586,1.07723080090941,cell_carpet,0.12313625914116882,0.2986963418795456,0.17046388089821338,0.40770351808107214,cell_carpet,0.12313625914116882,0.2986963418795456,0.17046388089821338,0.40770351808107214
cell_carpet,-20.0,-0.3490658503988659,-1.0999527250624703,-0.2032822313770513,0.268183967042615,1.26007969203755,0.5764933012287752,0.4161733380639656,0.4731614524508427,0.702058389718368,2.831498615519686,0.9829010893230162,cell_carpet,0.20992691363570118,0.262194772950985,0.1555235332486687,0.3723547801646451,cell_carpet,0.20992691363570118,0.262194772950985,0.1555235332486687,0.3723547801646451
cell_carpet,-15.0,-0.2617993877991494,-0.8874091083046307,0.0908534251817833,0.1150401836969001,1.1337160352085724,0.5555939014162107,0.3022366032586825,0.377718824212798,0.7678638067121591,2.2270187523918867,0.825262429287965,linoleum,0.3685185985735225,0.2026146210162642,0.12230100011087516,0.3065657802993382,linoleum,0.3685185985735225,0.2026146210162642,0.12230100011087516,0.3065657802993382
cell_carpet,-10.0,-0.1745329251994329,-0.6930730960581707,-0.0027554535017221,0.061768082663605,0.8053578262533486,0.7350135563000014,0.7298195744797763,0.7390065905851451,0.7622273739117207,1.5629544584768464,0.6124918331473054,linoleum,0.49298923049043786,0.1605519311261076,0.10035637256297959,0.24610246582047493,linoleum,0.49298923049043786,0.1605519311261076,0.10035637256297959,0.24610246582047493
cell_carpet,-5.0,-0.0872664625997164,-0.7245897210778685,0.0986695481866684,-0.1016411156885257,0.8568244749105153,0.2485641660954702,0.2468024793626532,0.2444103983156363,0.2785421625551776,1.781724859863578,0.6519375731873045,linoleum,0.4451881698375704,0.17676782385233072,0.11109501599991733,0.26694899031018143,linoleum,0.4451881698375704,0.17676782385233072,0.11109501599991733,0.26694899031018143
cell_carpet,0.0,0.0,-0.2768465365480291,0.3972445464982779,-0.4512820512820513,0.3404515882127822,0.2028176446277368,0.2119540163353515,0.1858697891813125,0.2143783923756752,1.4658247225411405,0.4297236025473713,linoleum,0.49526515561186685,0.16020332280601737,0.10184635342889958,0.24268516815321617,linoleum,0.49526515561186685,0.16020332280601737,0.10184635342889958,0.24268516815321617
cell_carpet,5.0,0.0872664625997164,0.0680443934175277,0.8715652506697282,-0.9158055874473784,-0.050899349406812,0.1609504789288713,0.3290587885756491,0.3301949916619434,0.1878029831735153,1.9063145809414463,0.7315196749912446,linoleum,0.429500351948009,0.18175178933527467,0.11265528625592665,0.2760925724607896,linoleum,0.429500351948009,0.18175178933527467,0.11265528625592665,0.2760925724607896
cell_carpet,10.0,0.1745329251994329,0.0846536548029085,0.9588212782242632,-0.9520091848450056,-0.1388442403367776,0.23606405654512,0.4452715185057006,0.4283836896625433,0.2545369542740952,2.134328358208955,0.7856085784433487,linoleum,0.3956204031897893,0.1928026745568322,0.11623677215121965,0.2953401501021588,linoleum,0.3956204031897893,0.1928026745568322,0.11623677215121965,0.2953401501021588
cell_carpet,15.0,0.2617993877991494,0.2093652616040675,0.9166803345907824,-0.8795309168443496,-0.1932917828440216,0.4313050647040859,0.6847672847859048,0.6998727915435744,0.442013120487345,2.198868295883221,0.7515239686605603,linoleum,0.41714961469985246,0.1838052664876749,0.10568773211137275,0.2933573867010998,linoleum,0.41714961469985246,0.1838052664876749,0.10568773211137275,0.2933573867010998
cell_carpet,20.0,0.3490658503988659,0.1227868753398997,1.1416399782464195,-1.001450238685117,-0.1788627711644208,0.5768441478217479,0.6262670590744053,0.7964685143059715,0.6410548375375853,2.4447398634358573,0.885351934445708,linoleum,0.39722592411837665,0.18842608065308414,0.10130138204734915,0.3130466131811901,linoleum,0.39722592411837665,0.18842608065308414,0.10130138204734915,0.3130466131811901
cell_carpet,25.0,0.4363323129985824,0.4092996555683122,1.3506642611120223,-1.3498441856650811,-0.4876168607511891,0.3350649444404561,0.7103464725559259,0.7454349555535749,0.4030529861764344,3.597424963096605,1.1619191353786154,cell_carpet,0.08507198478183041,0.31481260718843396,0.16662796004307348,0.4334874479866622,cell_carpet,0.08507198478183041,0.31481260718843396,0.16662796004307348,0.4334874479866622
cell_carpet,30.0,0.5235987755982988,0.4734787600459242,1.4252583237657863,-1.380252583237658,-0.6582472254114046,0.381376475873298,0.769798590423473,0.8025757158162412,0.5375922679119222,3.937236892460773,1.23680322123352,cell_carpet,0.05754771131317828,0.32616021029666104,0.1554779712737238,0.4608141071164369,cell_carpet,0.05754771131317828,0.32616021029666104,0.1554779712737238,0.4608141071164369
cell_carpet,35.0,0.6108652381980153,0.6616676234213548,1.5298507462686568,-1.6162456946039037,-0.635117680826636,0.467452577840313,0.6701995171183821,0.7316109456779784,0.5332310164686284,4.442881745120551,1.3896014545412014,cell_carpet,0.02366820136885674,0.3492290141223565,0.14992050936313286,0.47718227514565376,cell_carpet,0.02366820136885674,0.3492290141223565,0.14992050936313286,0.47718227514565376
cell_carpet,40.0,0.6981317007977318,0.654276693455798,1.548076923076923,-1.545780711825488,-0.7387342135476463,0.420854217579836,0.7991537499627879,0.8506178007600754,0.5041286296008306,4.486868541905856,1.385411945777951,cell_carpet,0.0400167103899838,0.3160802561818117,0.10912459501531989,0.5347784384128846,cell_carpet,0.0400167103899838,0.3160802561818117,0.10912459501531989,0.5347784384128846
cell_carpet,45.0,0.7853981633974483,0.6974403998109002,1.694738974809212,-1.5877625447423518,-0.8742486661714054,0.3952507064597415,0.7881737680807385,0.797981570066602,0.5259450314073137,4.854190585533869,1.4880238362198055,cell_carpet,0.025376399120102467,0.31340533313526703,0.08997840470665218,0.5712398630379784,cell_carpet,0.025376399120102467,0.31340533313526703,0.08997840470665218,0.5712398630379784
cell_carpet,50.0,0.8726646259971648,0.9116634024447896,1.731478354832174,-1.59687985412305,-1.1514824069696763,0.5229254800120967,0.8552506410224346,0.8149636426611376,0.6539127373803592,5.39150401836969,1.602322961210636,cell_carpet,0.008981182725323585,0.32705382712014563,0.07954939116233077,0.5844155989922,cell_carpet,0.008981182725323585,0.32705382712014563,0.07954939116233077,0.5844155989922
cell_carpet,55.0,0.9599310885968813,1.083122847301952,1.8704936854190584,-1.5644087256027557,-1.3360887868350555,0.7201642708591088,0.8297930303741635,0.8425606735534483,0.8097472514155004,5.854114045158822,1.722759823559232,cell_carpet,0.0044212006211869145,0.33239571892868297,0.06754476150111983,0.5956383189490103,cell_carpet,0.0044212006211869145,0.33239571892868297,0.06754476150111983,0.5956383189490103
cell_carpet,60.0,1.0471975511965976,1.1387676999617298,1.6209720627631077,-1.7532338308457711,-1.4473784921546116,0.8331460607888117,0.8225502769817293,0.949083490579782,0.8881174724355534,5.96035208572522,1.736325959635031,cell_carpet,0.005496655613366037,0.29259572315267524,0.04633473237090548,0.6555728888630532,cell_carpet,0.005496655613366037,0.29259572315267524,0.04633473237090548,0.6555728888630532
cell_carpet,65.0,1.1344640137963142,1.2675761464172353,1.7739582629837238,-1.7135138785709465,-1.5525764840953604,0.7483608478775073,0.8221575570100963,0.8849880230168466,0.8937180781052974,6.307624772067266,1.8337297522407372,cell_carpet,0.0037295183858649314,0.28844492744614325,0.038338568933626485,0.6694869852343655,cell_carpet,0.0037295183858649314,0.28844492744614325,0.038338568933626485,0.6694869852343655
cell_carpet,70.0,1.2217304763960306,1.2544967470340604,1.629697665518561,-1.6157673172598546,-1.5424416379640262,0.825288281607959,0.9339382710105244,0.9541418589872132,0.9689119332636372,6.042403367776503,1.7512600993729353,cell_carpet,0.01115056492023415,0.21485632005438512,0.022481301980485705,0.751511813044895,cell_carpet,0.01115056492023415,0.21485632005438512,0.022481301980485705,0.751511813044895
cell_carpet,75.0,1.3089969389957472,1.4551856104094911,1.894374282433984,-1.653884424033678,-1.9463451970914656,0.3062134953934939,0.249028167082073,0.3911719674509375,0.1513133442378953,6.949789513968619,2.017763082295436,cell_carpet,0.002604661757557246,0.300483853330979,0.03126458824431852,0.6656468966671452,cell_carpet,0.002604661757557246,0.300483853330979,0.03126458824431852,0.6656468966671452
cell_carpet,80.0,1.3962634015954636,1.1668928086838537,1.6358417701701282,-1.371359983300282,-1.651497755975368,0.9048912715198182,0.9269968374008796,1.0499331930959344,0.996538403670736,5.825592318129631,1.696425321506171,cell_carpet,0.04656528570324214,0.14856519570496626,0.012814350617954703,0.7920551679738369,cell_carpet,0.04656528570324214,0.14856519570496626,0.012814350617954703,0.7920551679738369
cell_carpet,85.0,1.4835298641951802,1.378874856486797,1.5638242354660268,-1.456737292558188,-1.6888633754305398,0.8902894000787774,0.9424080742737369,1.0207560175299095,0.986765894835187,6.088299759941552,1.7617125084505436,cell_carpet,0.021155279428541625,0.16297994698957283,0.013328854505244802,0.8025359190766407,cell_carpet,0.021155279428541625,0.16297994698957283,0.013328854505244802,0.8025359190766407
cell_carpet,90.0,1.5707963267948966,1.5237449118046134,1.5610061580210832,-1.5037052499739063,-1.8541905855338687,0.8838271645066117,0.9016850968050184,0.9996495872415092,0.9983909621786816,6.442646905333472,1.865389947808664,cell_carpet,0.006615112003777091,0.19712465193650056,0.016120928413925522,0.7801393076457969,cell_carpet,0.006615112003777091,0.19712465193650056,0.016120928413925522,0.7801393076457969
cell_carpet,95.0,1.6580627893946132,1.5977803291236126,1.5092805204745503,-1.4442212016838885,-1.8682548794489091,0.9339441468752332,0.883655671023134,0.9573153855771552,1.0331168159702986,6.419536930730961,1.8615792569088208,cell_carpet,0.006315319328935523,0.20518872955542264,0.017543821182505585,0.7709521299331362,cell_carpet,0.006315319328935523,0.20518872955542264,0.017543821182505585,0.7709521299331362
cell_carpet,100.0,1.7453292519943295,1.5653898340465504,1.3690637720488466,-1.293915040183697,-1.7657864523536166,0.963559623425764,0.854089867837902,1.008724714168873,1.081801391129352,5.99415509863271,1.7428976937595917,cell_carpet,0.019425124686120235,0.18176593051688125,0.016631992256610075,0.7821769525403884,cell_carpet,0.019425124686120235,0.18176593051688125,0.016631992256610075,0.7821769525403884
cell_carpet,105.0,1.832595714594046,1.6140339028837711,1.4718714121699197,-1.425001688390626,-1.868237995542649,0.7517638835437602,0.6894765019217081,0.7660939903123686,0.8602592277664068,6.379144998986966,1.8512794700239947,cell_carpet,0.00434322204993637,0.2546329764749277,0.02782411913352256,0.7131996823416134,cell_carpet,0.00434322204993637,0.2546329764749277,0.02782411913352256,0.7131996823416134
cell_carpet,110.0,1.9198621771937625,1.702793723689246,1.56884806735553,-1.4593187906620742,-1.9801760428626096,0.5978355197884915,0.4932358638861704,0.5072679214726952,0.6254024673592632,6.71113662456946,1.949739773783472,cell_carpet,0.002493405919060381,0.3499235360707647,0.05130238740530919,0.5962806706048658,cell_carpet,0.002493405919060381,0.3499235360707647,0.05130238740530919,0.5962806706048658
cell_carpet,115.0,2.007128639793479,1.7804247990815156,1.2517221584385765,-1.3203214695752008,-1.8311567164179103,0.8432220583695255,0.7633034136892419,0.8623135941366911,0.9267458989084746,6.183625143513202,1.8101145953310989,cell_carpet,0.0033963236616816562,0.3231861984747641,0.053679050593720676,0.6197384272698335,cell_carpet,0.0033963236616816562,0.3231861984747641,0.053679050593720676,0.6197384272698335
cell_carpet,120.0,2.094395102393196,1.6808266360505169,1.2611602620382252,-1.3243060714526915,-1.8141419598838389,0.7631728275043492,0.7803183437285519,0.8452187525607825,0.8605572358129897,6.080434929425273,1.774913309082973,cell_carpet,0.0029434081781157546,0.36385210085253455,0.0781656323379601,0.5550388586313896,cell_carpet,0.0029434081781157546,0.36385210085253455,0.0781656323379601,0.5550388586313896
cell_carpet,125.0,2.181661564992912,1.516953693073096,1.0404133180252584,-1.051588212782243,-1.9292001530807503,0.7783900277846,0.8259478346289447,0.8534182705665129,0.9671841693726564,5.538155376961347,1.6498927205775222,cell_carpet,0.005817045714605095,0.3453341624271124,0.08663084850380738,0.5622179433544751,cell_carpet,0.005817045714605095,0.3453341624271124,0.08663084850380738,0.5622179433544751
cell_carpet,130.0,2.2689280275926285,1.775760619977038,0.7678673938002296,-0.8703358208955223,-1.595364523536165,0.8135131904682285,0.6513848836109822,0.715436990834599,0.8298922736513035,5.009328358208955,1.5323294181954958,cell_carpet,0.015313976145276187,0.3316490649555714,0.09785690326195377,0.5551800556371985,cell_carpet,0.015313976145276187,0.3316490649555714,0.09785690326195377,0.5551800556371985
cell_carpet,135.0,2.356194490192345,1.7445082280903177,0.487715269804822,-0.7591274397244545,-1.4977420589360888,0.7930084805455835,0.5225093807323803,0.603785556515282,0.9365386563008096,4.489092996555683,1.4260118081308557,cell_carpet,0.03972977290593287,0.31664962015538944,0.10920576896101873,0.5344148379776589,cell_carpet,0.03972977290593287,0.31664962015538944,0.10920576896101873,0.5344148379776589
cell_carpet,140.0,2.443460952792061,1.6328932261768083,0.6077066590126291,-0.6618828932261768,-1.7195034443168773,0.8183312148977532,0.4658641830705061,0.5030348513612002,0.8553861776219254,4.621986222732492,1.463497355033924,cell_carpet,0.013505861865333847,0.36719352157359025,0.16358482952757322,0.45571578703350263,cell_carpet,0.013505861865333847,0.36719352157359025,0.16358482952757322,0.45571578703350263
cell_carpet,145.0,2.530727415391778,1.529812476081133,0.4933027171833142,-0.6035973976272483,-1.6064293915040184,0.7973072952321135,0.4283888473083845,0.5037435913080448,0.862416893287922,4.233141982395714,1.3564518672990102,cell_carpet,0.024483298329736187,0.3569149594578428,0.17957143078810536,0.43903031142431564,cell_carpet,0.024483298329736187,0.3569149594578428,0.17957143078810536,0.43903031142431564
cell_carpet,150.0,2.6179938779914944,1.7680826636050515,0.7821976092388735,-0.8059701492537313,-1.8766124130478827,0.4290387156870515,0.119523506186071,0.1388193355824443,0.4066675207514187,5.232862835145539,1.6232514142490155,grass,0.00249796173554542,0.4257508854892949,0.34719325455610717,0.2245578982190525,grass,0.00249796173554542,0.4257508854892949,0.34719325455610717,0.2245578982190525
cell_carpet,155.0,2.705260340591211,1.3376781252110486,0.3955561558722226,-0.4367528871479706,-1.419193624636996,0.7046506908916667,0.4170374404086445,0.5275240916658457,0.7756410426491954,3.589180792868237,1.175719140904549,cell_carpet,0.05814473965942554,0.3353261223349657,0.2012384328664546,0.40529070513915416,cell_carpet,0.05814473965942554,0.3353261223349657,0.2012384328664546,0.40529070513915416
cell_carpet,160.0,2.792526803190927,1.2444029850746268,0.2138346727898966,-0.2567451205510906,-1.2804965556831227,0.7101269656717698,0.4034893586131681,0.4749446915720514,0.7928734347772657,2.9954793340987367,1.04853757425335,cell_carpet,0.15962451079330078,0.28386728805953765,0.17142705778203213,0.38508114336512933,cell_carpet,0.15962451079330078,0.28386728805953765,0.17142705778203213,0.38508114336512933
cell_carpet,165.0,2.8797932657906435,1.021737466513586,0.030156907768848,-0.0392652123995407,-0.9926521239954076,0.6531833808131099,0.3972050734684001,0.4399698093002337,0.7159180420116275,2.083811710677382,0.822933191948262,linoleum,0.40954170433745546,0.1879573110852073,0.1131866430470427,0.28931434153029456,linoleum,0.40954170433745546,0.1879573110852073,0.1131866430470427,0.28931434153029456
cell_carpet,170.0,2.9670597283903604,0.648105625717566,0.0508036739380022,0.0368111366245694,-0.61904420206659,0.7638150369918738,0.7251669378636509,0.7716808965654267,0.8686874209227798,1.3547646383467278,0.5176193464173735,linoleum,0.5144132156904576,0.15393018288641303,0.0975743656058166,0.2340822358173128,linoleum,0.5144132156904576,0.15393018288641303,0.0975743656058166,0.2340822358173128
cell_carpet,175.0,3.0543261909900767,0.5057405281285878,-0.3342422502870264,0.3936567164179104,-0.4596727898966705,0.383473237176167,0.2773857010588058,0.2816887155027039,0.4108340280456528,1.6933122847301951,0.4936174037861472,linoleum,0.4621716863690054,0.17101315604883766,0.10767583299598443,0.25913932458617245,linoleum,0.4621716863690054,0.17101315604883766,0.10767583299598443,0.25913932458617245
grass,-180.0,-3.141592653589793,0.8430720889479727,-0.8186597377485044,0.9438032509517192,-0.7543053960964409,0.4034590940523499,0.3767723720044288,0.3917045719330854,0.4355197783937994,3.359840473744637,0.9711292612893496,cell_carpet,0.04583481299627842,0.3456911301584454,0.25338004175916007,0.3550940150861161,cell_carpet,0.04583481299627842,0.3456911301584454,0.25338004175916007,0.3550940150861161
grass,-175.0,-3.0543261909900767,0.4737849215461156,-0.9696572084631788,1.0131758788475207,-0.5807227598272374,0.3119114431135492,0.4205060591399042,0.4490680711834848,0.3002129630438306,3.0373407686840523,0.9178718213626368,cell_carpet,0.10522182514185453,0.3116241111163983,0.21065265357807936,0.3725014101636677,cell_carpet,0.10522182514185453,0.3116241111163983,0.21065265357807936,0.3725014101636677
grass,-170.0,-2.9670597283903604,0.252911267836641,-1.1758788475206383,1.3701273850527582,-0.2958285495598929,0.356719788465318,0.5655341086111911,0.641855068105244,0.2838493126708767,3.09474604996993,1.065472269028348,cell_carpet,0.1075101505653082,0.30990664469912044,0.20245814679937846,0.38012505793619294,cell_carpet,0.1075101505653082,0.30990664469912044,0.20245814679937846,0.38012505793619294
grass,-165.0,-2.8797932657906435,0.1903941829314963,-1.206084959816303,1.4483352468427095,-0.160671003954586,0.4067852762566643,0.6474628661304195,0.7744514238448466,0.3722984381838944,3.005485393545095,1.094819413175142,cell_carpet,0.15678046380083122,0.2850525906064873,0.17244154382789392,0.3857254017647876,cell_carpet,0.15678046380083122,0.2850525906064873,0.17244154382789392,0.3857254017647876
grass,-160.0,-2.792526803190927,0.0406671097951538,-1.3288416218502628,1.504260076137531,-0.2478699619312345,0.5782877740098078,0.8284483821692805,0.9894792012050184,0.5917657476052032,3.121638769714182,1.167826928170888,cell_carpet,0.16390282765396386,0.27926530467067306,0.156790436949553,0.40004143072581,cell_carpet,0.16390282765396386,0.27926530467067306,0.156790436949553,0.40004143072581
grass,-155.0,-2.705260340591211,-0.2326189564995535,-1.553833397116979,1.737912999107029,0.1575456053067993,0.6825582248610753,0.9037876760663244,1.1536687537269892,0.6548489240318817,3.681910958030361,1.3553230149374584,cell_carpet,0.06902648124645547,0.3245231146863303,0.17410951020791995,0.43234089385929436,cell_carpet,0.06902648124645547,0.3245231146863303,0.17410951020791995,0.43234089385929436
grass,-150.0,-2.6179938779914944,-0.3714695752009185,-1.773478760045924,2.131687715269805,0.3322043628013778,0.7607927182461116,0.9820322660834544,1.257526891134169,0.8022081429322852,4.608840413318026,1.6240112411309178,cell_carpet,0.007821727482262486,0.3890582805770065,0.21363892491490957,0.3894810670258214,cell_carpet,0.007821727482262486,0.3890582805770065,0.21363892491490957,0.3894810670258214
grass,-145.0,-2.530727415391778,-0.6126510305614783,-1.978678038379531,2.2530206112295663,0.6138538078836586,0.8307925444904446,1.0284346442510746,1.2134162901356893,0.9295362174109963,5.458203488054234,1.8004115387776989,grass,0.00239628785000102,0.4375139270537372,0.24694581070434019,0.31314397439192154,grass,0.00239628785000102,0.4375139270537372,0.24694581070434019,0.31314397439192154
grass,-140.0,-2.443460952792061,-0.5415231534634519,-2.127986441419277,2.213383631294079,0.4591329068941009,0.8682324642158514,1.0604535035119342,1.2373281548412796,0.934882531139611,5.342026133070909,1.8194725871020847,cell_carpet,0.0034024756035087476,0.4071204684526169,0.1705303263589539,0.41894672958492046,cell_carpet,0.0034024756035087476,0.4071204684526169,0.1705303263589539,0.41894672958492046
grass,-135.0,-2.356194490192345,-0.7085624509033778,-2.170221765665599,2.3048522569339536,0.6064414768263944,0.7099234557317605,1.106403620420539,1.2768917529547623,0.8364957465961343,5.790077950329326,1.9054110871349892,cell_carpet,0.002512473113879783,0.4215618249791742,0.15200854409711964,0.4239171578098264,cell_carpet,0.002512473113879783,0.4215618249791742,0.15200854409711964,0.4239171578098264
grass,-130.0,-2.2689280275926285,-1.7549700888271194,-2.379660402441235,2.628557616774428,2.010453803855218,0.427597091147895,1.048259911020918,0.9164739418463476,0.4356633326488261,8.773641911898,2.5580163705032315,rubber_carpet,0.003581767673907178,0.4545061720814048,0.5136415525366226,0.028270507708065332,rubber_carpet,0.003581767673907178,0.4545061720814048,0.5136415525366226,0.028270507708065332
grass,-125.0,-2.181661564992912,-1.3088950850144878,-1.9858947023126128,2.5397189874801818,1.169427587338035,1.2617822628997348,1.051842227218856,1.2267954738561613,1.2450567166569113,7.003936362145318,2.115954839058718,grass,0.002380748873550505,0.5006630210581042,0.14728070271519078,0.3496755273531545,grass,0.002380748873550505,0.5006630210581042,0.14728070271519078,0.3496755273531545
grass,-120.0,-2.094395102393196,-1.5631731452626971,-2.197692854409272,2.6529987425509813,1.513859275053305,1.2755084376313508,1.1114004403944004,1.250201358596161,1.381355609878256,7.927724017276256,2.349633235023278,grass,0.002735947102382827,0.5875968314304418,0.18792313806288685,0.22174408340428853,grass,0.002735947102382827,0.5875968314304418,0.18792313806288685,0.22174408340428853
grass,-115.0,-2.007128639793479,-1.683068175605489,-2.00120277732218,2.603794215734514,1.5817615220600294,1.1752615904304935,1.0663394956766703,1.286257473657545,1.369000548385778,7.869826690722212,2.313469491289033,grass,0.0026545072814008123,0.5571106173565031,0.1261829355581072,0.314051939803989,grass,0.0026545072814008123,0.5571106173565031,0.1261829355581072,0.314051939803989
grass,-110.0,-1.9198621771937625,-1.9632001933651575,-2.059459786089794,2.776844522327633,1.8651278022841256,1.2832614467516636,1.1082933701975684,1.3564160180640108,1.476641107272907,8.66463230406671,2.5291111669628323,grass,0.0029853861028637757,0.6415905739968226,0.1643997516808477,0.19102428821946588,grass,0.0029853861028637757,0.6415905739968226,0.1643997516808477,0.19102428821946588
grass,-105.0,-1.832595714594046,-1.9005612960836844,-2.099183569332823,2.588531700471999,1.7323638219160609,1.2311335755675668,1.166196374795846,1.335238401536248,1.4726718703771646,8.320640387804566,2.428614230217303,grass,0.0027961269665248076,0.5719042424557366,0.09806191638262934,0.3272377141951093,grass,0.0027961269665248076,0.5719042424557366,0.09806191638262934,0.3272377141951093
grass,-100.0,-1.7453292519943295,-2.130137772675086,-2.1389781859931114,2.62548794489093,2.071756601607348,1.189347559219384,1.094085880107759,1.2798001574618263,1.4274986794017637,8.966360505166476,2.5982207664652264,grass,0.003075589264364663,0.6594304527930187,0.13510862264180196,0.20238533530081462,grass,0.003075589264364663,0.6594304527930187,0.13510862264180196,0.20238533530081462
grass,-95.0,-1.6580627893946132,-2.107740648981812,-1.9629584869176384,2.464378512296816,2.154752553024352,1.1615426385280463,1.0992752035024262,1.327544338774819,1.429498091940523,8.689830201220618,2.512415987720795,grass,0.002939550461239372,0.6093168083112009,0.09926631000740316,0.28847733122015656,grass,0.002939550461239372,0.6093168083112009,0.09926631000740316,0.28847733122015656
grass,-90.0,-1.5707963267948966,-2.22158438576349,-1.961620469083156,2.510086927997376,2.309879175550817,1.1078588704445316,1.043066223660566,1.2605314685205251,1.359269442476475,9.00317095839484,2.6024414189742937,grass,0.003083335081295313,0.6593511102696762,0.1269530576379913,0.2106124970110371,grass,0.003083335081295313,0.6593511102696762,0.1269530576379913,0.2106124970110371
grass,-85.0,-1.4835298641951802,-2.1953055236637327,-1.9933027171833144,2.3700089297104223,2.3288046944763368,1.113207291405587,1.1367050124580445,1.2985755521908793,1.5291134806944704,8.887421865033804,2.5669578826037016,grass,0.0030392346808503245,0.64923952529544,0.12730732187974628,0.22041391814396336,grass,0.0030392346808503245,0.64923952529544,0.12730732187974628,0.22041391814396336
grass,-80.0,-1.3962634015954636,-2.3726422830900447,-1.9646274123886067,2.268766059810836,2.5076813733530154,1.091984111944956,1.151727502902649,1.2881972746730714,1.4876844899710553,9.113717128642502,2.6379751266269342,grass,0.0031622761973941803,0.6754547816327549,0.17743345326781465,0.14394948890203638,grass,0.0031622761973941803,0.6754547816327549,0.17743345326781465,0.14394948890203638
grass,-75.0,-1.3089969389957472,-2.1833947670554115,-1.8512901081636357,2.0587346667472355,2.658891775938123,1.1087548906738618,1.270172901165085,1.3044825690663775,1.485307683672532,8.752311317904406,2.54204506788428,grass,0.0030271299708020155,0.6491779678005971,0.17473458218658827,0.1730603200420126,grass,0.0030271299708020155,0.6491779678005971,0.17473458218658827,0.1730603200420126
grass,-70.0,-1.2217304763960306,-2.2392980154174182,-1.672297851402329,1.71559783500082,2.566890820622164,1.0126886202561467,1.175428026033258,1.0927681252951618,1.4222571926577423,8.194084522442731,2.402002619823336,grass,0.0028052981340583472,0.6024835231613874,0.1597501277614947,0.23496105094305955,grass,0.0028052981340583472,0.6024835231613874,0.1597501277614947,0.23496105094305955
grass,-65.0,-1.1344640137963142,-2.2319173363949485,-1.3879388482687776,1.477793220134147,2.6375611819445286,1.042941885989226,1.1246256331848834,1.1649077501110443,1.501516508059514,7.735210586742402,2.3084664037800584,grass,0.0026425060583727985,0.5669941889604049,0.1649620439334018,0.2654012610478204,grass,0.0026425060583727985,0.5669941889604049,0.1649620439334018,0.2654012610478204
grass,-60.0,-1.0471975511965976,-2.0035047434890325,-1.500453199589099,1.581062299836848,2.404193606864463,1.1172612384606506,1.1334045972493554,1.1716495816075618,1.3512267548121433,7.489213849779443,2.1975277035907577,grass,0.0025978230194355872,0.5570608237204993,0.2030443029080647,0.23729705035200047,grass,0.0025978230194355872,0.5570608237204993,0.2030443029080647,0.23729705035200047
grass,-55.0,-0.9599310885968813,-2.058976373194755,-1.0893709589703304,1.2520393981509454,2.3348842830382504,1.0882802062436263,1.2017734215025502,1.0964872478616974,1.5034228267069862,6.735271013354281,2.032839783639508,grass,0.0023327046464871755,0.49873580075697954,0.18367799886505257,0.31525349573148076,grass,0.0023327046464871755,0.49873580075697954,0.18367799886505257,0.31525349573148076
grass,-50.0,-0.8726646259971648,-2.1354764638346726,-0.7951644492469778,0.939555615587222,2.262983723914365,1.57141382031536,0.8096428396368656,0.8716474450890406,1.918239304517735,6.133180252583237,1.9302784021869737,grass,0.0022314219764146487,0.4599595912268105,0.18590400781543487,0.35190497898134004,grass,0.0022314219764146487,0.4599595912268105,0.18590400781543487,0.35190497898134004
grass,-45.0,-0.7853981633974483,-1.83603616532721,-0.4683553386911596,0.8027411021814006,2.122919058553387,1.6379171829349837,0.8107137377756315,0.9117678465319632,1.978321165492164,5.230051664753157,1.697554166442219,cell_carpet,0.004290264853664476,0.3961852897856987,0.1605872109109919,0.4389372344496449,cell_carpet,0.004290264853664476,0.3961852897856987,0.1605872109109919,0.4389372344496449
grass,-40.0,-0.6981317007977318,-2.5424161245056767,-1.0951651996428118,1.186375813241485,3.31751498915678,0.3956198267733172,0.1264357490204055,0.1219931945933752,0.5112901771251022,8.141472126546754,2.574816291838643,rubber_carpet,0.00469613369397083,0.2930735432843979,0.6866868984207708,0.015543424600860509,rubber_carpet,0.00469613369397083,0.2930735432843979,0.6866868984207708,0.015543424600860509
grass,-35.0,-0.6108652381980153,-1.185634328358209,-0.031357634902411,0.1317451205510907,1.2703788748564868,1.7102068623885824,0.7086979573839447,0.7972095271848717,2.0595379951244315,2.619115958668197,1.0048818930579244,linoleum,0.5022532905842334,0.14509861010497893,0.06289184893981606,0.2897562503709716,linoleum,0.5022532905842334,0.14509861010497893,0.06289184893981606,0.2897562503709716
grass,-30.0,-0.5235987755982988,-1.6676234213547645,-0.0215588723051409,0.1362418675851511,1.7897053195560657,1.0309589351606403,0.7080163689490079,0.7889086385307237,1.3977196429434189,3.615129480801122,1.41291958181869,cell_carpet,0.08146907534511932,0.31715289396809,0.16813027660826574,0.433247754078525,cell_carpet,0.08146907534511932,0.31715289396809,0.16813027660826574,0.433247754078525
grass,-25.0,-0.4363323129985824,-1.514963643321852,0.0007654037504783,0.1355530042097206,1.6880214313050133,0.960625038093337,0.4200824343237055,0.4789005328830165,1.149011735818291,3.339303482587064,1.3088134560574487,cell_carpet,0.10560409195040416,0.30759850918486203,0.17729716602499096,0.40950023283974285,cell_carpet,0.10560409195040416,0.30759850918486203,0.17729716602499096,0.40950023283974285
grass,-20.0,-0.3490658503988659,-1.4210103329506312,0.0489667049368541,0.2006888633754305,1.680711825487945,0.8155953172489249,0.491392211480573,0.5094867148654845,0.992104728533676,3.3513777267508607,1.2677900997277958,cell_carpet,0.07586013986722576,0.32599677964352386,0.20718770823102534,0.390955372258225,cell_carpet,0.07586013986722576,0.32599677964352386,0.20718770823102534,0.390955372258225
grass,-15.0,-0.2617993877991494,-1.1944890929965557,0.3001913509376196,-0.0685801760428626,1.306620742441638,0.7345289492688633,0.3090728939302611,0.3512325320549919,0.7749660083608956,2.869881362418676,1.0326890889435234,cell_carpet,0.16520439068514348,0.2827844159264684,0.17915379571973075,0.3728573976686573,cell_carpet,0.16520439068514348,0.2827844159264684,0.17915379571973075,0.3728573976686573
grass,-10.0,-0.1745329251994329,-0.8125307528292602,0.4004428407413482,-0.1455633918320485,0.8786288338527145,0.8007673089727795,0.541330595055539,0.4434494579719818,0.8411239392351731,2.237165819255372,0.7275487104043008,linoleum,0.33937465889772434,0.21402102900798614,0.13350278387088865,0.3131015282234009,linoleum,0.33937465889772434,0.21402102900798614,0.13350278387088865,0.3131015282234009
grass,-5.0,-0.0872664625997164,-0.9387676999617298,0.4235234085980354,-0.2557724199515244,1.1279499936216355,0.459974596727085,0.3317063236034541,0.3350188452950825,0.5127129653402549,2.746013522132925,0.8881623817441519,cell_carpet,0.17015076322117587,0.2816243158989237,0.1865394181180872,0.36168550276181316,cell_carpet,0.17015076322117587,0.2816243158989237,0.1865394181180872,0.36168550276181316
grass,0.0,0.0,-0.6845989831064458,0.6729539117598818,-0.660270078180526,1.1249248264173637,0.2852759812134621,0.3134185968248673,0.2546856724427177,0.2419368361451398,3.142747799464217,0.9258600928172864,cell_carpet,0.07773403525465179,0.32628995319729515,0.2293651593411965,0.3666108522068565,cell_carpet,0.07773403525465179,0.32628995319729515,0.2293651593411965,0.3666108522068565
grass,5.0,0.0872664625997164,-0.4474167623421354,0.9107921928817452,-0.872215843857635,0.6413892078071183,0.2487347092004825,0.4397310179090822,0.4136157037622014,0.3475008332244516,2.871814006888634,0.8540774821510054,cell_carpet,0.14532232672287523,0.2924110694316435,0.19299784183232055,0.3692687620131607,cell_carpet,0.14532232672287523,0.2924110694316435,0.19299784183232055,0.3692687620131607
grass,10.0,0.1745329251994329,-0.2281104598465164,1.1526980482204363,-1.1105806997401657,0.3941023626805245,0.2653705834756921,0.5113359654669658,0.5743441093596694,0.2955897824183575,2.885491570487643,0.9589275207313068,cell_carpet,0.1607817152367674,0.2847065813355089,0.18075817594362517,0.3737535274840985,cell_carpet,0.1607817152367674,0.2847065813355089,0.18075817594362517,0.3737535274840985
grass,15.0,0.2617993877991494,-0.1167049368541905,1.3818599311136626,-1.2497703788748566,0.1018943742824339,0.4235300685674326,0.6505393183139979,0.6867645302517648,0.3559799622306872,2.850229621125144,1.0788924544137346,cell_carpet,0.20394316656016548,0.26456803581443106,0.15733420052470454,0.3741545971006988,cell_carpet,0.20394316656016548,0.26456803581443106,0.15733420052470454,0.3741545971006988
grass,20.0,0.3490658503988659,0.6351633441185679,2.5025049577288385,-2.3068051351633443,-0.9379501095919004,0.3130048691556298,0.3752422154862737,0.3891498139997639,0.36932690771727,6.382423546602651,2.07076451047541,rubber_carpet,0.004288340565417807,0.3497085769395943,0.5929277058463917,0.05307537664859626,rubber_carpet,0.004288340565417807,0.3497085769395943,0.5929277058463917,0.05307537664859626
grass,25.0,0.4363323129985824,0.1453864281829718,1.7044534412955463,-1.7031240558341894,-0.2748806574415373,0.4904012387824948,0.8652005226150892,1.0286495561732525,0.4875949783218752,3.8278445827542447,1.4021867583224228,cell_carpet,0.04693745359046105,0.34022735595008846,0.18705155217345254,0.4257836382859979,cell_carpet,0.04693745359046105,0.34022735595008846,0.18705155217345254,0.4257836382859979
grass,30.0,0.5235987755982988,0.5010114263845608,2.012519818489968,-1.9902684380296325,-0.563719862227325,0.605949274623113,1.0118599451672776,1.0719136548268955,0.5921518797331526,5.067519545131486,1.6911325410639997,grass,0.002895058208881435,0.42081471626600625,0.26396498869892665,0.3123252368261857,grass,0.002895058208881435,0.42081471626600625,0.26396498869892665,0.3123252368261857
grass,35.0,0.6108652381980153,0.6527253840686676,2.103274834618118,-2.257941063911213,-0.6577551801432399,0.7242969381743395,1.0743183585365434,1.331114788050221,0.8155315914050707,5.671696462741239,1.8596038535951387,grass,0.002281202013186799,0.45053554088015896,0.27449283838397176,0.27269041872268257,grass,0.002281202013186799,0.45053554088015896,0.27449283838397176,0.27269041872268257
grass,40.0,0.6981317007977318,0.6613088404133179,2.1838177533385705,-2.258505045622092,-0.881624267327331,0.7583702863449789,1.1355032858461065,1.334279880394082,0.923385864644532,5.985255906701312,1.9203071890510075,grass,0.0022427365026609736,0.4647676527417781,0.24099660905151726,0.2919930017040437,grass,0.0022427365026609736,0.4647676527417781,0.24099660905151726,0.2919930017040437
grass,45.0,0.7853981633974483,0.6329687594416581,2.0795818478457915,-2.189739561302798,-0.6906761737869357,0.9384578875259576,1.0654089634972213,1.317207865360245,1.2076779868048426,5.592966342377183,1.824852355708752,cell_carpet,0.00318814779658372,0.39874146979808445,0.13553609881967865,0.46253428358565324,cell_carpet,0.00318814779658372,0.39874146979808445,0.13553609881967865,0.46253428358565324
grass,50.0,0.8726646259971648,1.1390847958012138,2.24192225684763,-2.3045760209939314,-1.4571100541249795,0.8628782038630246,1.080623530256671,1.2581596127883972,0.9197151833731542,7.142693127767754,2.138670988769224,grass,0.0025223975825901497,0.5353946305898978,0.23554902285892707,0.22653394896858497,grass,0.0025223975825901497,0.5353946305898978,0.23554902285892707,0.22653394896858497
grass,55.0,0.9599310885968813,1.3587527947307996,2.364432896247508,-2.305154389993353,-1.5641428485104842,1.0589045792721987,1.2161577552684524,1.3413971279315888,1.147457414316102,7.592482929482146,2.250310685529014,grass,0.002649614812600617,0.5654794173143896,0.21663010690091808,0.21524086097209166,grass,0.002649614812600617,0.5654794173143896,0.21663010690091808,0.21524086097209166
grass,60.0,1.0471975511965976,1.2551345834927925,2.3510651868860823,-2.329187396351576,-1.52194157418038,1.3508839981774408,1.1961901764627934,1.4295951978645614,1.4404411092583982,7.45732874091083,2.223307808944224,grass,0.0025169496204789444,0.5289741014288687,0.13559392917938093,0.3329150197712715,grass,0.0025169496204789444,0.5289741014288687,0.13559392917938093,0.3329150197712715
grass,65.0,1.1344640137963142,1.4105753284857765,2.43060339328996,-2.417145044010716,-1.729238423268274,1.2426998692793287,1.152269646930851,1.3776951213136126,1.4638593429485716,7.987562189054726,2.359881622520425,grass,0.0027079463345239395,0.5752009668558502,0.13768131929870664,0.2844097675109193,grass,0.0027079463345239395,0.5752009668558502,0.13768131929870664,0.2844097675109193
grass,70.0,1.2217304763960306,2.169482259034498,2.5384615384615383,-2.573123394018916,-2.973210868733257,0.2161162009611459,0.2908625393862736,0.3730063578219718,0.3838358248316209,10.25427806024821,2.9684823553603303,grass,0.0038053210861670275,0.5611308604442472,0.41542022125497546,0.019643597214610113,grass,0.0038053210861670275,0.5611308604442472,0.41542022125497546,0.019643597214610113
grass,75.0,1.3089969389957472,1.7611393581542836,2.3326772729757805,-2.4186758515116726,-2.163905745995298,1.1667610345195685,1.1457192135728027,1.3450615439354543,1.3421243737141126,8.676398228637034,2.5176545469176688,grass,0.002960509700459822,0.631477162966331,0.12955113235882168,0.23601119497438744,grass,0.002960509700459822,0.631477162966331,0.12955113235882168,0.23601119497438744
grass,80.0,1.3962634015954636,1.9827237439177736,2.4436061450986823,-2.4600623257339675,-2.6457274069214365,1.0861774903014256,1.11418167475422,1.2546161943342815,1.455677213040086,9.53211962167186,2.7591525374959325,grass,0.0033285330113708815,0.6963183534502646,0.2005735570940435,0.09977955644432106,grass,0.0033285330113708815,0.6963183534502646,0.2005735570940435,0.09977955644432106
grass,85.0,1.4835298641951802,1.8468554662584515,2.037504783773441,-1.980354637071055,-2.3150274269677253,1.2289372953126383,1.3391193573235594,1.4219709012504227,1.5486574412255265,8.179742314070673,2.36651801883644,grass,0.002709606550179055,0.5028073409251883,0.06449611783816536,0.4299869346864674,grass,0.002709606550179055,0.5028073409251883,0.06449611783816536,0.4299869346864674
grass,90.0,1.5707963267948966,2.1214121699196324,2.3130309988518944,-2.148794489092997,-2.576406429391504,1.0491337427138263,1.0857696638718954,1.2699559560686138,1.3293164881524293,9.159644087256028,2.6510724134989028,grass,0.0031536807321939503,0.6777495462609238,0.1426612401777786,0.17643553282910368,grass,0.0031536807321939503,0.6777495462609238,0.1426612401777786,0.17643553282910368
grass,95.0,1.6580627893946132,2.144833524684271,2.1474167623421354,-2.174913892078071,-2.667164179104478,1.0736220148750604,1.1588962609398128,1.2752779860637815,1.41119533440669,9.134328358208956,2.6445004032263046,grass,0.0031513754481459783,0.6772175305526451,0.15275854248623136,0.16687255151297747,grass,0.0031513754481459783,0.6772175305526451,0.15275854248623136,0.16687255151297747
grass,100.0,1.7453292519943295,2.123632847906218,2.090035651701009,-2.0540213910206053,-2.744757991419421,1.1680211109926877,1.3272174591630197,1.4408467657189223,1.5181007766598456,9.012447882047251,2.6169433262247126,grass,0.003115690836552977,0.6686064976386987,0.16542756512463158,0.16285024640011678,grass,0.003115690836552977,0.6686064976386987,0.16542756512463158,0.16285024640011678
grass,105.0,1.832595714594046,2.0393377243337967,1.9929300864100552,-1.860837512840655,-2.6519427155719377,1.0791704886536806,1.255945942816838,1.3035585172955486,1.4327389801039043,8.545048039156445,2.4878680332898107,grass,0.0029288656176239963,0.6289036939632436,0.15099584913422878,0.2171715912849035,grass,0.0029288656176239963,0.6289036939632436,0.15099584913422878,0.2171715912849035
grass,110.0,1.9198621771937625,2.191890199352886,1.872821208642104,-1.716156977351007,-2.7091117837386496,0.9976877328478588,1.106420949146287,1.0322700637734905,1.28738930731796,8.489980169084646,2.4875572323093325,grass,0.0029491926323766426,0.629605628233577,0.19551516021439802,0.17193001891964815,grass,0.0029491926323766426,0.629605628233577,0.19551516021439802,0.17193001891964815
grass,115.0,2.007128639793479,2.0516647531572905,1.5929965556831231,-1.545350172215844,-2.474486541650721,1.3773381973871148,1.222055156095173,1.168101352250392,1.5775157980429333,7.664498022706979,2.252625722663089,grass,0.002609369510358145,0.558141470617654,0.15706560939707614,0.28218355047491184,grass,0.002609369510358145,0.558141470617654,0.15706560939707614,0.28218355047491184
grass,120.0,2.094395102393196,2.1791044776119404,1.3533748262734906,-1.331198259713578,-2.633331319112937,1.1261831619032836,1.1593663598430095,1.1889374199578182,1.414586145207558,7.497008882711946,2.2538837242713288,grass,0.002601535616574965,0.5577736727633399,0.20403782994840472,0.23558696167168042,grass,0.002601535616574965,0.5577736727633399,0.20403782994840472,0.23558696167168042
grass,125.0,2.181661564992912,2.219348601123935,1.136382863012871,-0.9057949120792798,-2.4365822708320746,1.099816907769548,1.218269106944759,1.171017990539173,1.3410637038246669,6.69810864704816,2.079601502350489,grass,0.002318828706036715,0.4945661637238334,0.17944214166101813,0.3236728659091117,grass,0.002318828706036715,0.4945661637238334,0.17944214166101813,0.3236728659091117
grass,130.0,2.2689280275926285,2.1818841017584147,0.8096561725784035,-0.8196869901504622,-2.487038491751768,0.9889314375468324,0.9583835792514968,0.985059719643884,1.3323997356145076,6.298265756239049,2.020608253621522,grass,0.0022503151054588436,0.4763797737356146,0.20480317293182257,0.3165667382271041,grass,0.0022503151054588436,0.4763797737356146,0.20480317293182257,0.3165667382271041
grass,135.0,2.356194490192345,1.6365097588978186,0.4679678530424799,-0.2972062763107539,-1.702411021814007,1.7903542972040791,0.9752998052625808,1.0043805738965677,1.6792593147356225,4.10409491006506,1.4001123810808815,cell_carpet,0.11555466475972423,0.2666780341088941,0.08723993678891384,0.5305273643424679,cell_carpet,0.11555466475972423,0.2666780341088941,0.08723993678891384,0.5305273643424679
grass,145.0,2.530727415391778,1.8173161342608224,0.1555345444722091,-0.1478354832173971,-1.890457216181536,1.2066534060668646,0.8463868154251837,0.8870765073397955,1.6065852329460384,4.011143378131965,1.518929675589869,cell_carpet,0.04691436127736556,0.33452001012154514,0.1613463767963451,0.4572192518047442,cell_carpet,0.04691436127736556,0.33452001012154514,0.1613463767963451,0.4572192518047442
grass,150.0,2.6179938779914944,2.633089612665418,1.182971780772252,-1.1484681853888452,-3.375309686385884,0.4149607889817307,0.310149875682967,0.2578044851262926,0.3247339621745827,8.3398392652124,2.64064778295423,rubber_carpet,0.008495553585379638,0.16272151434802132,0.818217120274252,0.010565811792347054,rubber_carpet,0.008495553585379638,0.16272151434802132,0.818217120274252,0.010565811792347054
grass,155.0,2.705260340591211,1.1689150401836967,-0.1392078071182548,0.2101033295063145,-1.2583955223880596,1.1074247708188916,0.7571801428949803,0.8181526679838158,1.2925076140085658,2.776621699196326,1.00222378312488,cell_carpet,0.28030828430614435,0.23144296575782314,0.12594449351018502,0.3623042564258475,cell_carpet,0.28030828430614435,0.23144296575782314,0.12594449351018502,0.3623042564258475
grass,160.0,2.792526803190927,1.5451084657683245,-0.0776481962656353,0.2569339537132152,-1.508973351864161,0.845350464058447,0.5360824444764909,0.5053194718602998,0.9608871376859722,3.388663967611336,1.254963944850692,cell_carpet,0.06937811876592337,0.3298399856290618,0.21098228702363742,0.3897996085813773,cell_carpet,0.06937811876592337,0.3298399856290618,0.21098228702363742,0.3897996085813773
grass,165.0,2.8797932657906435,1.0133307819874984,-0.1482969766551856,0.4619849470595739,-1.096568439852022,0.9424030032440394,0.6402709313356839,0.5916444342343684,1.0372864304848677,2.72018114555428,0.9039629168205534,cell_carpet,0.21028045547376759,0.263451301857331,0.1642143557115429,0.3620538869573586,cell_carpet,0.21028045547376759,0.263451301857331,0.1642143557115429,0.3620538869573586
grass,170.0,2.9670597283903604,1.1827401454267126,-0.3458349279244802,0.6468299528001021,-1.0403112641918613,0.6200712366748788,0.3569550908571815,0.2756227629513698,0.6772895817061673,3.215716290343156,0.9949801292978692,cell_carpet,0.07084593270975488,0.3300737691579865,0.2299616409877883,0.36911865714447034,cell_carpet,0.07084593270975488,0.3300737691579865,0.2299616409877883,0.36911865714447034
grass,175.0,3.0543261909900767,0.6338818726878428,-0.5263426457456308,0.8059063656078582,-0.6235489220563847,0.6436537732825943,0.4268837780388011,0.4501284623487713,0.6707799440098848,2.5896798060977164,0.7519155798551839,cell_carpet,0.21647551378705365,0.262021305043007,0.17056808157131656,0.3509350995986228,cell_carpet,0.21647551378705365,0.262021305043007,0.17056808157131656,0.3509350995986228
linoleum,-180.0,-3.141592653589793,0.1481660523294458,-0.1501601305214816,0.356094023808085,-0.3485406973231011,0.0948965412048382,0.091681327535566,0.1292814647684617,0.1124898217450194,1.0029609039821137,0.312397764094128,linoleum,0.5140743958649306,0.15584961261005134,0.1033250189996021,0.2267509725254159,linoleum,0.5140743958649306,0.15584961261005134,0.1033250189996021,0.2267509725254159
linoleum,-175.0,-3.0543261909900767,0.0456111053125978,-0.3397870785930487,0.584698883206346,-0.1108965661204467,0.2074669334338399,0.2413840905920119,0.275150333237318,0.2075330229550593,1.0809936332324392,0.393124262907401,linoleum,0.5225183210482742,0.15238981408550029,0.09936428260085567,0.22572758226536963,linoleum,0.5225183210482742,0.15238981408550029,0.09936428260085567,0.22572758226536963
linoleum,-170.0,-2.9670597283903604,0.0486031381553769,-0.7004082153335885,0.7991452991452991,0.0095037632351065,0.346412440126379,0.4560950226362073,0.4459036564827399,0.3109923752970109,1.557660415869371,0.6125105318505321,linoleum,0.5138933210105271,0.1528144549023549,0.09351052609445161,0.2397816979926664,linoleum,0.5138933210105271,0.1528144549023549,0.09351052609445161,0.2397816979926664
linoleum,-165.0,-2.8797932657906435,-0.0436884403891473,-0.6497069309323826,0.6917034261888936,0.0703365762281709,0.1721526752730229,0.326384999522635,0.3660263588314966,0.1854137630944269,1.4554353737385946,0.549621269098885,linoleum,0.5529491111417788,0.13933206334665044,0.08304358837718799,0.22467523713438284,linoleum,0.5529491111417788,0.13933206334665044,0.08304358837718799,0.22467523713438284
linoleum,-160.0,-2.792526803190927,-0.1416543655349625,-0.6882073150729867,0.7891312667432071,0.1209337925755836,0.1663031994340718,0.3091775272759979,0.3711195864509432,0.1883384373977652,1.73992673992674,0.6135797314786878,linoleum,0.5649423472009061,0.1329377146991276,0.07334108175832771,0.2287788563416387,linoleum,0.5649423472009061,0.1329377146991276,0.07334108175832771,0.2287788563416387
linoleum,-155.0,-2.705260340591211,-0.1807118254879449,-0.7291044776119403,0.8384615384615384,0.1939724454649827,0.1815220369248935,0.3447408274895149,0.3905570637622808,0.2186710099617458,1.9422502870264065,0.6585677364076014,linoleum,0.5918071234300564,0.12138940438268495,0.061140466156066935,0.22566300603119163,linoleum,0.5918071234300564,0.12138940438268495,0.061140466156066935,0.22566300603119163
linoleum,-150.0,-2.6179938779914944,-0.2151791649042238,-0.8186597377485044,0.9117167200435072,0.2873889661006707,0.1984892474658854,0.3527557464567638,0.4192908877074208,0.2491277665148451,2.232944588796906,0.7356397119132051,linoleum,0.6096175266626493,0.1116314987577882,0.04972862199309729,0.22902235258646508,linoleum,0.6096175266626493,0.1116314987577882,0.04972862199309729,0.22902235258646508
linoleum,-145.0,-2.530727415391778,-0.2727052994138618,-0.805184603299293,0.9019880355308476,0.2727052994138618,0.2041912188580657,0.4719012161363364,0.4889250056806817,0.2204005213284658,2.2525832376578645,0.7321881124785928,linoleum,0.6872140397087079,0.08449719455789662,0.03339936473178228,0.1948894010016133,linoleum,0.6872140397087079,0.08449719455789662,0.03339936473178228,0.1948894010016133
linoleum,-140.0,-2.443460952792061,-0.3201939022834544,-0.8403495343793852,0.9181017986988136,0.2735042735042735,0.2008727051392887,0.4397577754686731,0.4446327164448743,0.2120287040153141,2.352149508865927,0.7585481205475314,linoleum,0.7503139821496201,0.062652128728737,0.02155485815786675,0.16547903096377614,linoleum,0.7503139821496201,0.062652128728737,0.02155485815786675,0.16547903096377614
linoleum,-135.0,-2.356194490192345,-0.3934175277458859,-0.6104641627029687,0.9152588704827512,0.2610573506095894,0.1703396975659446,0.5220381037023971,0.602396221096406,0.2045370315330109,2.180197911541195,0.6894104168411879,linoleum,0.8319299438443296,0.039345963421684504,0.012705684897942212,0.11601840783604363,linoleum,0.8319299438443296,0.039345963421684504,0.012705684897942212,0.11601840783604363
linoleum,-130.0,-2.2689280275926285,-0.5541120309384253,-0.6492839446492236,0.6871110036860234,0.4501178318931657,0.372796654203914,0.8878705253893626,0.8868634672959562,0.4089347226518927,2.3406248111668377,0.6836770326648776,linoleum,0.8716122668113894,0.02717931344324653,0.008011603252776323,0.09319681649258779,linoleum,0.8716122668113894,0.02717931344324653,0.008011603252776323,0.09319681649258779
linoleum,-125.0,-2.181661564992912,-0.6649948637379902,-0.7572058734666748,0.8747356335730254,0.6535138074808146,0.3857920739269344,0.5937801036925063,0.7241178519855493,0.4428084918659592,2.950450178258505,0.8573233631335356,linoleum,0.866674156159149,0.024039201829374367,0.005584944117665714,0.1037016978938108,linoleum,0.866674156159149,0.024039201829374367,0.005584944117665714,0.1037016978938108
linoleum,-120.0,-2.094395102393196,-0.8674981734683227,-0.8219914413944264,1.1298924955641374,0.7421981004070556,0.4380825457766777,0.7664691735139941,0.8555959980368669,0.4260609697203674,3.561580210833942,1.0404169521400408,linoleum,0.8193377768010337,0.02833642733479323,0.005205488355481888,0.14712030750869112,linoleum,0.8193377768010337,0.02833642733479323,0.005205488355481888,0.14712030750869112
linoleum,-115.0,-2.007128639793479,-0.880174028642214,-0.6850564988821077,1.0161943319838056,0.7655447459060971,0.4022803324738545,0.3984443103354126,0.4722077308333602,0.4244119933757043,3.346969605414224,0.9748503163053578,linoleum,0.9049542606345317,0.013456923111019033,0.003076497463448926,0.07851231879100022,linoleum,0.9049542606345317,0.013456923111019033,0.003076497463448926,0.07851231879100022
linoleum,-110.0,-1.9198621771937625,-0.8204490368669473,-0.722158438576349,0.946230386528894,0.7463324403622912,0.4647533739931696,0.5643025544499886,0.6205714728796483,0.4574911696243446,3.2351703023344816,0.9383304031760736,linoleum,0.9379376832593743,0.008445017610141428,0.0026029422048415287,0.051014356925642663,linoleum,0.9379376832593743,0.008445017610141428,0.0026029422048415287,0.051014356925642663
linoleum,-105.0,-1.832595714594046,-0.8272101033295064,-0.8608495981630311,1.0337543053960965,0.8446039035591274,0.3783043109686119,0.4245067447655927,0.4305930879027163,0.4232952716289598,3.566417910447761,1.0325193982123717,linoleum,0.9306133967621053,0.008376069457424919,0.0023573226743266503,0.05865321110614315,linoleum,0.9306133967621053,0.008376069457424919,0.0023573226743266503,0.05865321110614315
linoleum,-100.0,-1.7453292519943295,-0.8373517030233448,-0.7455032529659397,0.9554972390793286,0.8612979060740255,0.3580006778678696,0.4057924613695787,0.4388159588491814,0.4232776956324195,3.3996501011426385,0.9828631692845288,linoleum,0.9513970466480492,0.0060866721345932216,0.002320504428671849,0.04019577678868569,linoleum,0.9513970466480492,0.0060866721345932216,0.002320504428671849,0.04019577678868569
linoleum,-95.0,-1.6580627893946132,-0.7675723944380661,-0.7476081132797551,0.8855083556576094,0.8060339328996046,0.483014948732746,0.5246678301301664,0.5469940433342914,0.5174334195586077,3.206722796275035,0.9263054124198524,linoleum,0.9615264387229789,0.005315170035704574,0.0025895232813811803,0.030568867959935322,linoleum,0.9615264387229789,0.005315170035704574,0.0025895232813811803,0.030568867959935322
linoleum,-90.0,-1.5707963267948966,-0.8521031207598372,-0.827053543471454,0.9847615071495668,0.9103955745746792,0.3747821345164848,0.3870669889062006,0.403657502232795,0.4399042745271908,3.5743137459555374,1.032312707025138,linoleum,0.9463208127028937,0.006289919072427074,0.002205796091925007,0.04518347213275418,linoleum,0.9463208127028937,0.006289919072427074,0.002205796091925007,0.04518347213275418
linoleum,-85.0,-1.4835298641951802,-0.9998791467762402,-0.791044776119403,1.0582512538521964,0.8048220436280137,0.4715408776788364,0.6904442463284024,0.4053061918326493,0.4462256273464042,3.6539972203758535,1.063303500277925,linoleum,0.9352246479009406,0.007480903191510798,0.0022446540043554886,0.0550497949031931,linoleum,0.9352246479009406,0.007480903191510798,0.0022446540043554886,0.0550497949031931
linoleum,-80.0,-1.3962634015954636,-0.9011420629645296,-0.7372046649344373,0.9856788929844704,0.8028883920478579,0.4109041884599003,0.4096905163190507,0.4231117332219204,0.4644287200651654,3.426914012931295,0.9943303997932454,linoleum,0.9408903697209444,0.007440461256967775,0.0023629719615360758,0.049306197060551865,linoleum,0.9408903697209444,0.007440461256967775,0.0023629719615360758,0.049306197060551865
linoleum,-75.0,-1.3089969389957472,-0.883467278989667,-0.7106773823191733,1.0105938837282122,0.8204258428139025,0.3085920043270828,0.2804759057456324,0.3060440562188037,0.38003653219313,3.425164387850955,0.994308450974662,linoleum,0.9242685782278193,0.009928592327150116,0.002578866012346996,0.06322396343268358,linoleum,0.9242685782278193,0.009928592327150116,0.002578866012346996,0.06322396343268358
linoleum,-70.0,-1.2217304763960306,-0.9390982152176184,-0.7530529172320217,0.922346310406012,0.9832480951883938,0.4367900816682995,0.4115249909625414,0.3738480862484781,0.4747074353244829,3.597745538044045,1.0416500018840422,linoleum,0.8695382735917011,0.018264887608493215,0.003502352035851109,0.10869448676395459,linoleum,0.8695382735917011,0.018264887608493215,0.003502352035851109,0.10869448676395459
linoleum,-65.0,-1.1344640137963142,-0.7601667774487885,-0.5914556770801862,0.8892380204241949,0.6895280681612181,0.7796567026753334,0.4080507060648615,0.4714718376271234,0.7969192309093173,2.930388543114388,0.8526366955146153,linoleum,0.9096793192077068,0.014927255037568551,0.0037737499412305595,0.0716196758134941,linoleum,0.9096793192077068,0.014927255037568551,0.0037737499412305595,0.0716196758134941
linoleum,-60.0,-1.0471975511965976,-0.910010387622328,-0.7350062872450932,0.8673664643813898,0.9308403039746324,0.3741698034048646,0.4127150882026607,0.4097359799483655,0.4352251588063636,3.4432234432234434,0.9968742150210748,linoleum,0.7699644058632765,0.0416518816319207,0.008114641548168466,0.1802690709566343,linoleum,0.7699644058632765,0.0416518816319207,0.008114641548168466,0.1802690709566343
linoleum,-55.0,-0.9599310885968813,-0.8484500574052812,-0.6421737466513586,0.7797824066480783,0.9800995024875622,0.3915070485487644,0.4149888624785005,0.4136858324948435,0.4425086148259902,3.2505057131922803,0.945654143173888,linoleum,0.7302184309733738,0.055518600459808096,0.012518974990891909,0.2017439935759262,linoleum,0.7302184309733738,0.055518600459808096,0.012518974990891909,0.2017439935759262
linoleum,-50.0,-0.8726646259971648,-0.7178940462522553,-0.4499480618883604,0.6440872560275545,0.7091465748182166,0.5175038372306231,0.3894759286246436,0.3829950274079339,0.6004183363926517,2.5210759389863866,0.7364260214674527,linoleum,0.7993928927287818,0.04625801238691818,0.013531140879362547,0.14081795400493743,linoleum,0.7993928927287818,0.04625801238691818,0.013531140879362547,0.14081795400493743
linoleum,-45.0,-0.7853981633974483,-0.7319475497008882,-0.2598344310834491,0.3685419058553387,0.8385400930569823,0.7565560542345705,0.1959695393047421,0.2277738553650316,0.8916630288131068,2.1988639796966583,0.6905662523546924,linoleum,0.7688378918608292,0.058884443251561155,0.020579050818002178,0.15169861406960752,linoleum,0.7688378918608292,0.058884443251561155,0.020579050818002178,0.15169861406960752
linoleum,-40.0,-0.6981317007977318,-0.8231917336394948,-0.235580340057952,0.3512109780766497,0.9314416926357224,0.4129796739851649,0.1866749204128704,0.2115634721756096,0.4707395677593865,2.341424744409819,0.7553244058958892,linoleum,0.6703361608905312,0.08963147215161107,0.03473705454735424,0.20529531241050342,linoleum,0.6703361608905312,0.08963147215161107,0.03473705454735424,0.20529531241050342
linoleum,-35.0,-0.6108652381980153,-0.7586107921928817,-0.2761768082663605,0.3093570608495982,0.9304247990815154,0.3463396857622501,0.2261341605414042,0.1990346933083803,0.433340081354943,2.274569460390356,0.730901361264519,linoleum,0.5999335267622942,0.11508130132373177,0.050720470452093006,0.23426470146188097,linoleum,0.5999335267622942,0.11508130132373177,0.050720470452093006,0.23426470146188097
linoleum,-30.0,-0.5235987755982988,-0.7049942594718714,-0.1832376578645235,0.3920780711825488,0.6940298507462687,0.4767763452580012,0.2180091264626681,0.2307923781113904,0.5609197461656494,1.9743398392652125,0.6208077706984451,linoleum,0.5859799360588405,0.12366045846793848,0.06173181169667024,0.2286277937765508,linoleum,0.5859799360588405,0.12366045846793848,0.06173181169667024,0.2286277937765508
linoleum,-25.0,-0.4363323129985824,-0.7358810343884971,-0.2040347711989503,0.2783882783882783,0.8603138155376963,0.3095183908319063,0.1736318148881168,0.1930172215186957,0.3690668231430713,2.078617899513422,0.6809091917605605,linoleum,0.5021409274217166,0.15316265285304376,0.08243358549357037,0.2622628342316693,linoleum,0.5021409274217166,0.15316265285304376,0.08243358549357037,0.2622628342316693
linoleum,-20.0,-0.3490658503988659,-0.6715269804822044,-0.1081515499425947,0.1954075774971297,0.7425373134328359,0.3174028004321906,0.1895128915443822,0.1610459424517471,0.3772320628576893,1.7176234213547648,0.5904599806470079,linoleum,0.5236926760927342,0.1484417586706156,0.0863251986419519,0.24154036659469832,linoleum,0.5236926760927342,0.1484417586706156,0.0863251986419519,0.24154036659469832
linoleum,-15.0,-0.2617993877991494,-0.5609771654547774,-0.1415359101926266,0.1916060722030871,0.569843092231152,0.4682146970729278,0.2501620870169375,0.2797843408653384,0.5156937986461896,1.4639622400816432,0.4814192438557809,linoleum,0.523648167563313,0.15009410749602634,0.09224577734683084,0.23401194759382976,linoleum,0.523648167563313,0.15009410749602634,0.09224577734683084,0.23401194759382976
linoleum,-10.0,-0.1745329251994329,-0.4621125143513203,-0.0232901426931277,0.0188617352796457,0.5206659012629162,0.3137863041579674,0.198018423034362,0.236173711819797,0.3379188628647173,1.0249302935870102,0.4019978333735278,linoleum,0.5211997769924129,0.15333470647673345,0.10050049528463527,0.22496502124621834,linoleum,0.5211997769924129,0.15333470647673345,0.10050049528463527,0.22496502124621834
linoleum,-5.0,-0.0872664625997164,-0.4999179924553059,0.0016948225903449,0.0349352140396916,0.6879886282871358,0.158434654200514,0.110070712637626,0.1271433399580671,0.1796342898117699,1.2245366573724783,0.4871163773970809,linoleum,0.5132051483787602,0.1550468409082775,0.10032967910729475,0.2314183316056675,linoleum,0.5132051483787602,0.1550468409082775,0.10032967910729475,0.2314183316056675
linoleum,0.0,0.0,-0.2863703460718386,0.2726477502596905,-0.1015253403313104,0.1341096714231042,0.1091688303706509,0.1358590887075008,0.0900414757574086,0.1094829449525486,0.7946531080859439,0.248024614548057,linoleum,0.5010579710879024,0.16168519295660924,0.1102814007431558,0.22697543521233254,linoleum,0.5010579710879024,0.16168519295660924,0.1102814007431558,0.22697543521233254
linoleum,5.0,0.0872664625997164,0.0241706447519487,0.7255423288416218,-0.4776119402985074,-0.1171672004350716,0.1053706033035503,0.1930048969634792,0.193686095837016,0.1195528278119787,1.3444921143271498,0.5042605431854233,linoleum,0.5151644224690325,0.1536681392551682,0.09753500901041776,0.23363242926538164,linoleum,0.5151644224690325,0.1536681392551682,0.09753500901041776,0.23363242926538164
linoleum,10.0,0.1745329251994329,0.0839929905130219,0.673092029729893,-0.5668016194331984,-0.155175539307511,0.1736510605092131,0.2717511669021564,0.3011341090411917,0.1531310973261424,1.4790621789836242,0.5180550441307328,linoleum,0.5223529170578721,0.1503119559188369,0.09242024033664822,0.2349148866866429,linoleum,0.5223529170578721,0.1503119559188369,0.09242024033664822,0.2349148866866429
linoleum,15.0,0.2617993877991494,0.2190694877262041,0.6548029085342518,-0.6295992564649281,-0.2300038270187524,0.436406051539455,0.8404989771875262,0.8133960483066152,0.4411855371893488,1.7334754797441367,0.5555790883814291,linoleum,0.5214397209412547,0.14892765189030333,0.08671540191951453,0.24291722524892737,linoleum,0.5214397209412547,0.14892765189030333,0.08671540191951453,0.24291722524892737
linoleum,20.0,0.3490658503988659,0.2098481949228218,0.7544329633881872,-0.7664880724582216,-0.2358719224390866,0.193409070686065,0.3543732816924729,0.3644522740929285,0.1877136577089907,1.9666411532083168,0.6470400272847469,linoleum,0.5269064513631664,0.14489170081966243,0.07858204581278143,0.2496198020043897,linoleum,0.5269064513631664,0.14489170081966243,0.07858204581278143,0.2496198020043897
linoleum,25.0,0.4363323129985824,0.3060607891715511,0.7338207746691644,-0.7528551574113239,-0.2831591032690797,0.2430221139932607,0.383317198241796,0.4118702304630623,0.2172817358099336,2.0758958245211194,0.6529758450869144,linoleum,0.5671368765694026,0.12901867190300387,0.06418368003290784,0.23966077149468568,linoleum,0.5671368765694026,0.12901867190300387,0.06418368003290784,0.23966077149468568
linoleum,30.0,0.5235987755982988,0.3157894736842105,0.8624690313614115,-0.8334038310471932,-0.3826817330352287,0.2215392612404144,0.3669776910201613,0.3975693959102339,0.2088409612575992,2.394344069128044,0.7492719476379239,linoleum,0.5707010692263745,0.12343797371703082,0.054236462077588976,0.2516244949790057,linoleum,0.5707010692263745,0.12343797371703082,0.054236462077588976,0.2516244949790057
linoleum,35.0,0.6108652381980153,0.3495981630309988,0.7320321469575202,-0.7153846153846154,-0.4030424799081515,0.2620519073666316,0.7201808565894413,0.6853782061122308,0.2360186421028454,2.200057405281286,0.6663257030064728,linoleum,0.6955407402319882,0.08250367348008748,0.03272447402820359,0.1892311122597207,linoleum,0.6955407402319882,0.08250367348008748,0.03272447402820359,0.1892311122597207
linoleum,40.0,0.6981317007977318,0.2563555847137936,1.063965884861407,-0.9577934503307636,-0.4062653764146302,0.2204476840169769,0.5078729480799452,0.4843845123503713,0.2093891879376737,2.6843802963205943,0.8717192209325278,linoleum,0.6853211540655391,0.07908334361314001,0.02589537364386225,0.20970012867745874,linoleum,0.6853211540655391,0.07908334361314001,0.02589537364386225,0.20970012867745874
linoleum,45.0,0.7853981633974483,0.333388005029796,0.8929528183259525,-0.8925154447542507,-0.4553058881417089,0.186738762801514,0.386165955239226,0.4349830370840766,0.1990881270705786,2.5741621562517083,0.7976444884796442,linoleum,0.7922726680143722,0.04749730175684664,0.013852188424106371,0.1463778418046748,linoleum,0.7922726680143722,0.04749730175684664,0.013852188424106371,0.1463778418046748
linoleum,50.0,0.8726646259971648,0.6104477611940299,0.8908151549942596,-0.7851320321469575,-0.7504018369690011,0.3062841894683282,0.4453049948398047,0.4165246920883386,0.3847985869386161,3.036796785304248,0.8842020338117056,linoleum,0.7858109197650641,0.043546710114973956,0.010315826694652494,0.16032654342530933,linoleum,0.7858109197650641,0.043546710114973956,0.010315826694652494,0.16032654342530933
linoleum,55.0,0.9599310885968813,0.696626756328249,0.7731124596796239,-0.7903340440653873,-0.8284948881963807,0.3779970879174878,0.825691391298479,0.8361863387286151,0.4104339477560405,3.088568148269641,0.8922754541148176,linoleum,0.8473887090371781,0.02741316387277607,0.006010602852857094,0.11918752423718888,linoleum,0.8473887090371781,0.02741316387277607,0.006010602852857094,0.11918752423718888
linoleum,60.0,1.0471975511965976,0.746208230104538,0.9835639615686748,-0.91522146353254,-0.9252522811045985,0.3505094738734716,0.4136996743713318,0.4281173965802246,0.3835951867852091,3.570245936310351,1.035194537549209,linoleum,0.8171304056026103,0.02877842406154412,0.00524838073277582,0.14884278960306968,linoleum,0.8171304056026103,0.02877842406154412,0.00524838073277582,0.14884278960306968
linoleum,65.0,1.1344640137963142,0.7416762342135477,1.012082444918266,-0.964736755781532,-1.006123230003827,0.3617795416766416,0.4009467947349138,0.4395247862524359,0.4144164084612053,3.724618664917173,1.0809890886406557,linoleum,0.8441807547922247,0.021632114902866435,0.0038768058499628714,0.13031032445494606,linoleum,0.8441807547922247,0.021632114902866435,0.0038768058499628714,0.13031032445494606
linoleum,70.0,1.2217304763960306,0.7853042479908151,1.0422502870264063,-1.0167049368541905,-1.05195177956372,0.3803768680569846,0.3866052353770746,0.4503719877289537,0.4288403431395438,3.896211251435132,1.129711959218066,linoleum,0.855671776666838,0.017955139819499394,0.0032570908598506918,0.12311599265381204,linoleum,0.855671776666838,0.017955139819499394,0.0032570908598506918,0.12311599265381204
linoleum,75.0,1.3089969389957472,0.7563464727643833,0.8545095037632352,-0.7419313687970405,-0.8774078326317133,0.4685811034341172,0.5579260820178683,0.6638023193249353,0.5071075503707511,3.230195177956372,0.9349750706796348,linoleum,0.9509638601252817,0.006583680298673167,0.0025082732802685914,0.03994418629577653,linoleum,0.9509638601252817,0.006583680298673167,0.0025082732802685914,0.03994418629577653
linoleum,80.0,1.3962634015954636,0.821182548794489,0.9667049368541906,-0.930137772675086,-1.004190585533869,0.3856060746748417,0.4160226666144107,0.4409918670207872,0.4231369190869511,3.7222158438576343,1.0765768263846986,linoleum,0.9291525907773477,0.008028375018572969,0.002265704713757107,0.06055332949032233,linoleum,0.9291525907773477,0.008028375018572969,0.002265704713757107,0.06055332949032233
linoleum,85.0,1.4835298641951802,0.7995649283944649,0.9456764759199952,-0.9228352166294036,-0.9653755513928334,0.3905594637848356,0.4400274562406473,0.4497151831284384,0.4360672940700155,3.633452172336697,1.050725591256761,linoleum,0.942406757935737,0.0066116841677961,0.0021951584286146113,0.04878639946785232,linoleum,0.942406757935737,0.0066116841677961,0.0021951584286146113,0.04878639946785232
linoleum,90.0,1.5707963267948966,0.746268656716418,0.8320321469575201,-0.791963260619977,-0.8826061997703789,0.5436360057281715,0.5540003780644819,0.6170390051700774,0.5908734950292289,3.252870264064294,0.9404036363970716,linoleum,0.9603133911321757,0.0053521435836253435,0.0025067489029061427,0.03182771638129278,linoleum,0.9603133911321757,0.0053521435836253435,0.0025067489029061427,0.03182771638129278
linoleum,95.0,1.6580627893946132,1.0088222853344613,0.8455495800350474,-0.9384252824944104,-0.9889419300259834,0.3221627148780834,0.3181625519815275,0.3101560145556071,0.3840876575829586,3.7817390778899034,1.0939214730038442,linoleum,0.9230538775644175,0.008618147815888834,0.0022983150182789716,0.0660296596014147,linoleum,0.9230538775644175,0.008618147815888834,0.0022983150182789716,0.0660296596014147
linoleum,100.0,1.7453292519943295,0.7205182876824667,0.8995134219014815,-0.7055929145481384,-1.03449784046799,0.4800408755526213,0.4544917355877073,0.4365955370049133,0.51612315220399,3.3601224646000767,0.9819563124127496,linoleum,0.9448363536392685,0.007078123575037711,0.0023935526771306755,0.04569197010856296,linoleum,0.9448363536392685,0.007078123575037711,0.0023935526771306755,0.04569197010856296
linoleum,105.0,1.832595714594046,0.8152698048220436,0.9558553386911596,-0.8460390355912744,-1.0737657864523535,0.4117301024115705,0.3614824978277123,0.4476672750275184,0.4383877323535776,3.690929965556832,1.0710668957254477,linoleum,0.8935462155776113,0.013416041605711145,0.002819388741339993,0.09021835407533754,linoleum,0.8935462155776113,0.013416041605711145,0.002819388741339993,0.09021835407533754
linoleum,110.0,1.9198621771937625,0.8273467825706632,0.8384998086490624,-0.84363894811656,-1.0094582034880544,0.5475844588257508,0.5707240263712544,0.6276831763565857,0.646541787028186,3.51894374282434,1.018094866897968,linoleum,0.8825808823769326,0.016458371602781723,0.003327260690668988,0.09763348532961674,linoleum,0.8825808823769326,0.016458371602781723,0.003327260690668988,0.09763348532961674
linoleum,115.0,2.007128639793479,0.91699196326062,0.9493685419058552,-0.8657864523536165,-1.1468427095292768,0.3357216624301519,0.2375368053173419,0.2496272572770506,0.4052402690259385,3.878989667049368,1.125708760520844,linoleum,0.717602380228908,0.04538823335406631,0.007407545574486027,0.2296018408425396,linoleum,0.717602380228908,0.04538823335406631,0.007407545574486027,0.2296018408425396
linoleum,120.0,2.094395102393196,0.8783582089552239,0.8083811710677383,-0.7857634902411021,-0.9964408725602756,0.3776106505583438,0.3617179899257997,0.4096857673041043,0.4060675071355336,3.46894374282434,1.005490517997098,linoleum,0.7625251972612875,0.04291334002668757,0.008338434876555735,0.1862230278354692,linoleum,0.7625251972612875,0.04291334002668757,0.008338434876555735,0.1862230278354692
linoleum,125.0,2.181661564992912,0.9873708381171068,0.8069460390355913,-0.7784730195177957,-1.0730195177956372,0.4316552508161055,0.3898617501417696,0.4434416209196481,0.4416175700099917,3.6458094144661306,1.0618595239073356,linoleum,0.5742419478633508,0.09037733411949074,0.019456847323018053,0.3159238706941405,linoleum,0.5742419478633508,0.09037733411949074,0.019456847323018053,0.3159238706941405
linoleum,130.0,2.2689280275926285,0.8628833852714449,0.6585205838937183,-0.5488491607894593,-0.9372915641572356,0.3737281456004402,0.4131712284645293,0.3838476969657071,0.3875485727180476,3.007544694111858,0.8865019457453062,linoleum,0.6988038952681018,0.06918982454333762,0.01871745025348588,0.21328882993507461,linoleum,0.6988038952681018,0.06918982454333762,0.01871745025348588,0.21328882993507461
linoleum,135.0,2.356194490192345,0.746752069611457,0.3521662940358934,-0.3233428001691945,-0.8221644812375369,0.608873309273421,0.2716099248787134,0.3062737094714899,0.6812858626866919,2.244425645054082,0.6980024166479932,linoleum,0.7639823620968286,0.05980773504708269,0.02080642275744979,0.15540348009863889,linoleum,0.7639823620968286,0.05980773504708269,0.02080642275744979,0.15540348009863889
linoleum,140.0,2.443460952792061,0.8564293915040184,0.3789896670493685,-0.2842135476463834,-0.9807118254879448,0.3656255552949304,0.2083297355138208,0.1863011346041913,0.3779564674352938,2.500344431687715,0.7998874587569048,linoleum,0.6349514580670214,0.09921827500067464,0.037985918213970314,0.2278443487183336,linoleum,0.6349514580670214,0.09921827500067464,0.037985918213970314,0.2278443487183336
linoleum,145.0,2.530727415391778,0.8784820835095777,0.2822527040908816,-0.308961266541785,-0.9381231494350112,0.3539256371313269,0.1808213766207739,0.2275486569136671,0.3967599551117909,2.4078192035772554,0.7799712394617998,linoleum,0.5669133836045427,0.12479114628768265,0.05466158504743396,0.25363388506034074,linoleum,0.5669133836045427,0.12479114628768265,0.05466158504743396,0.25363388506034074
linoleum,150.0,2.6179938779914944,0.9078235197638184,0.2628068448963971,-0.2770761576731725,-0.7894592969219835,0.3594331914195325,0.1830693589169405,0.1835426782775948,0.384749274327508,2.237165819255372,0.7281298468984051,linoleum,0.5299251151524335,0.14081498862741806,0.06929684867764384,0.25996304754250454,linoleum,0.5299251151524335,0.14081498862741806,0.06929684867764384,0.25996304754250454
linoleum,155.0,2.705260340591211,0.6857470887321633,0.2621507845388442,-0.2061122956645344,-0.8390465256136898,0.580709185935035,0.1873644830946182,0.2003954547181027,0.5948918599323387,1.993056694549232,0.6539848446525505,linoleum,0.5213496902879793,0.14681114903118087,0.07940403867783218,0.25243512200300766,linoleum,0.5213496902879793,0.14681114903118087,0.07940403867783218,0.25243512200300766
linoleum,160.0,2.792526803190927,0.8217414949543779,0.2157834310230225,-0.209922049670675,-0.8147320079763128,0.3433590565335608,0.1657353087468713,0.1913544826146537,0.3466895021538665,2.0621789836243885,0.6903225503535964,linoleum,0.454068909742557,0.17121198877612098,0.09841132300776997,0.2763077784735521,linoleum,0.454068909742557,0.17121198877612098,0.09841132300776997,0.2763077784735521
linoleum,165.0,2.8797932657906435,0.7522962112514351,0.1702066590126291,-0.1252583237657864,-0.760390355912744,0.3125795872708297,0.148606635377658,0.1867706537021299,0.3265920232050397,1.8081515499425944,0.6294080497928988,linoleum,0.4741385962913421,0.1658432535695252,0.10014424262163134,0.2598739075175014,linoleum,0.4741385962913421,0.1658432535695252,0.10014424262163134,0.2598739075175014
linoleum,170.0,2.9670597283903604,0.7104961024835338,0.0355912743972445,-0.1152335488549157,-0.6475315729047073,0.2379015543158661,0.1374986644547749,0.1575231836170538,0.2621815106259704,1.5088524986404013,0.5593382466075704,linoleum,0.49984758641529786,0.15833101311001194,0.09930072496882154,0.2425206755058686,linoleum,0.49984758641529786,0.15833101311001194,0.09930072496882154,0.2425206755058686
linoleum,175.0,3.0543261909900767,0.5071094232977126,-0.0465129971444552,0.0678854249462745,-0.5065795283935353,0.2478730327616704,0.188373103860353,0.2029663817588138,0.2840598965687169,1.1280873737819777,0.4165072018878234,linoleum,0.5154263263553402,0.15473982723297408,0.10110111399949369,0.22873273241219194,linoleum,0.5154263263553402,0.15473982723297408,0.10110111399949369,0.22873273241219194
rubber_carpet,-180.0,-3.141592653589793,1.21568729777685,-0.2520091848450057,0.2798246529589813,-1.3106147583759524,0.2963197899279108,0.3177437323757728,0.3263887441316632,0.3034779459204835,3.058135893956789,1.0545601155007496,cell_carpet,0.09377563371261767,0.3176804425929281,0.2200875656850781,0.36845635800937615,cell_carpet,0.09377563371261767,0.3176804425929281,0.2200875656850781,0.36845635800937615
rubber_carpet,-175.0,-3.0543261909900767,0.7186567164179105,-0.6987944890929966,0.7769804822043628,-0.7774397244546497,0.3961349675320795,0.4835887741641112,0.5468397687511334,0.3507007528936648,2.97187141216992,0.8588360902928469,cell_carpet,0.12017737650120529,0.3042336546982268,0.2036306429772819,0.3719583258232859,cell_carpet,0.12017737650120529,0.3042336546982268,0.2036306429772819,0.3719583258232859
rubber_carpet,-170.0,-2.9670597283903604,-0.2188863375430539,-1.7884615384615383,1.9373708381171069,0.2810562571756601,0.2737071024253921,0.5019765736266578,0.56922380940268,0.2861584798899908,4.225774971297359,1.5349012648158151,grass,0.005597843688421006,0.38968856334626795,0.3301639965707419,0.27454959639456916,grass,0.005597843688421006,0.38968856334626795,0.3301639965707419,0.27454959639456916
rubber_carpet,-165.0,-2.8797932657906435,0.1434557979334098,-1.4008036739380023,1.528300803673938,-0.1371412169919632,0.666071214515899,0.8744511618927009,0.9884586398644116,0.6918787584635182,3.209701492537313,1.2017855001772373,cell_carpet,0.1045041544500289,0.3102571447909518,0.19286051852409722,0.3923781822349221,cell_carpet,0.1045041544500289,0.3102571447909518,0.19286051852409722,0.3923781822349221
rubber_carpet,-160.0,-2.792526803190927,-0.0568312284730195,-1.6523849285043315,1.748877987683958,0.0809414466130884,0.8198930227366684,1.080604613394214,1.204271210129285,0.8469321889383461,3.539035591274397,1.38985553043452,cell_carpet,0.06604217607248761,0.33007447925327255,0.19643905363610234,0.40744429103813756,cell_carpet,0.06604217607248761,0.33007447925327255,0.19643905363610234,0.40744429103813756
rubber_carpet,-155.0,-2.705260340591211,-0.3416657968896774,-1.869533451623004,2.165170650245277,0.3393173990188916,0.8649748163027313,1.124447212434771,1.4134668343795425,0.9939378749869532,4.715687297776849,1.6726711676537642,grass,0.003955000308019747,0.40688909685086466,0.27758765977181976,0.3115682430692958,grass,0.003955000308019747,0.40688909685086466,0.27758765977181976,0.3115682430692958
rubber_carpet,-150.0,-2.6179938779914944,-0.5373134328358209,-2.100344431687716,2.1854764638346724,0.4691159586681975,0.9829107663954738,1.290405263067433,1.4632946187373188,1.0213353295813672,5.292250287026406,1.7978188561575017,grass,0.0024373026749768367,0.43275234370796584,0.29271415719933963,0.27209619641771776,grass,0.0024373026749768367,0.43275234370796584,0.29271415719933963,0.27209619641771776
rubber_carpet,-145.0,-2.530727415391778,-1.2337761740746815,-2.690394182931496,3.2493576075665627,1.232245366573725,0.4697809834034296,0.7420643144221071,0.9251132512661574,0.6675230797339932,8.405773331146465,2.6305573067253167,rubber_carpet,0.00514975292842364,0.25807274915510287,0.7252348249898903,0.011542672926583307,rubber_carpet,0.00514975292842364,0.25807274915510287,0.7252348249898903,0.011542672926583307
rubber_carpet,-140.0,-2.443460952792061,-1.3959398810145078,-2.830602233587308,3.281233691681453,1.296419997912535,0.4798145328930399,0.8118003917926221,0.96767487140323,0.7581124173037983,8.804195804195803,2.731137532975709,rubber_carpet,0.00478396228937425,0.27313072124905036,0.7116365252030455,0.010448791258529893,rubber_carpet,0.00478396228937425,0.27313072124905036,0.7116365252030455,0.010448791258529893
rubber_carpet,-135.0,-2.356194490192345,-1.4319610737521185,-2.825651959980318,3.262150784538844,1.4150128478486683,0.4825095946043123,0.7575901169399193,0.9415583600710484,0.7052279920879658,8.93477666611995,2.746798435762271,rubber_carpet,0.004193914499610429,0.3367371818903831,0.6458208959627273,0.013248007647279167,rubber_carpet,0.004193914499610429,0.3367371818903831,0.6458208959627273,0.013248007647279167
rubber_carpet,-130.0,-2.2689280275926285,-1.6678530424799085,-2.640872560275545,3.338518943742824,1.6328358208955225,0.6794438366310437,0.8201012338512804,1.0799043519132774,0.9779887782171368,9.2800803673938,2.796309106370434,rubber_carpet,0.004024572239509683,0.3732093129031912,0.6093586540676065,0.013407460789692762,rubber_carpet,0.004024572239509683,0.3732093129031912,0.6093586540676065,0.013407460789692762
rubber_carpet,-125.0,-2.181661564992912,-1.910766679423396,-2.823574435514734,3.301696644980227,1.9557979334098736,0.8594791017854287,0.8945256829302063,1.10099393183352,1.1269878088601626,9.991835693328232,2.959815636224134,rubber_carpet,0.004264001920075416,0.3447770729907016,0.6423599386719381,0.00859898641728497,rubber_carpet,0.004264001920075416,0.3447770729907016,0.6423599386719381,0.00859898641728497
rubber_carpet,-120.0,-2.094395102393196,-2.488727690220228,-2.828306022335873,3.642104164492225,2.333681244129005,0.8999017042371062,0.8655920036010915,0.989871646355896,1.0737486958478404,11.292819121177333,3.306336488068237,rubber_carpet,0.005099417142564789,0.2042345483169172,0.7851950693556534,0.0054709651848646335,rubber_carpet,0.005099417142564789,0.2042345483169172,0.7851950693556534,0.0054709651848646335
rubber_carpet,-115.0,-2.007128639793479,-2.5727838540093053,-3.009789111124539,3.595383406852378,2.4958607770862287,0.9817096741312928,0.8341905768273331,1.0515521032410071,1.0760908408118188,11.67381714907245,3.4043826416131906,rubber_carpet,0.005069806304391863,0.21160124400020702,0.7779741021639733,0.005354847531427854,rubber_carpet,0.005069806304391863,0.21160124400020702,0.7779741021639733,0.005354847531427854
rubber_carpet,-110.0,-1.9198621771937625,-2.678947917753888,-3.145600667988728,3.7189228681766,2.825592318129632,0.7916269103473624,0.9485597075838134,0.9748952559506736,0.8531180757482536,12.369063772048849,3.5942702912518647,rubber_carpet,0.005384361163733188,0.16020728270002862,0.8289501337229089,0.005458222413329295,rubber_carpet,0.005384361163733188,0.16020728270002862,0.8289501337229089,0.005458222413329295
rubber_carpet,-105.0,-1.832595714594046,-2.686840522661418,-3.0624350773604507,3.622327920835384,2.9827784156142365,0.7641914638280365,0.8323441520419242,1.0022510669445075,0.8854115106795113,12.354381936471489,3.5792334224722544,rubber_carpet,0.005175492969959185,0.20614708704610163,0.7833638000941324,0.0053136198898066705,rubber_carpet,0.005175492969959185,0.20614708704610163,0.7833638000941324,0.0053136198898066705
rubber_carpet,-100.0,-1.7453292519943295,-2.7942281598998018,-2.936123577914623,3.606617263333681,2.983404655046446,0.8192675537540939,0.8663827014354626,0.9906833795528674,1.021895687271009,12.320373656194551,3.5661447853134094,rubber_carpet,0.005050031528268811,0.24780902715309022,0.7418651733172285,0.005275768001412428,rubber_carpet,0.005050031528268811,0.24780902715309022,0.7418651733172285,0.005275768001412428
rubber_carpet,-95.0,-1.6580627893946132,-2.871239954075776,-2.808840413318025,3.399885189437428,2.930597014925373,0.7950033626638742,0.8140898111990503,1.047523451971049,1.0642297693134353,12.010562571756603,3.4725334588852155,rubber_carpet,0.0047919302129524185,0.3322548896813008,0.657506017295291,0.005447162810455765,rubber_carpet,0.0047919302129524185,0.3322548896813008,0.657506017295291,0.005447162810455765
rubber_carpet,-90.0,-1.5707963267948966,-2.9382893226176807,-2.7482204362801377,3.389724454649828,3.2157864523536164,0.8540337279316617,0.8776541667650237,1.078737083760261,1.09750133555711,12.292020665901262,3.5499593104632496,rubber_carpet,0.004988819643390369,0.273069848618401,0.7166545734277702,0.0052867583104385255,rubber_carpet,0.004988819643390369,0.273069848618401,0.7166545734277702,0.0052867583104385255
rubber_carpet,-85.0,-1.4835298641951802,-3.0545872038409354,-2.6317190272414157,3.338117106773824,3.187036843753261,0.8977555168127971,0.8703025739409491,1.0053631071465887,1.2259254825769654,12.211460181609436,3.5299084649173587,rubber_carpet,0.004977261959693579,0.2684683982532195,0.7212672556132582,0.005287084173828789,rubber_carpet,0.004977261959693579,0.2684683982532195,0.7212672556132582,0.005287084173828789
rubber_carpet,-80.0,-1.3962634015954636,-3.0852878464818763,-2.4302115794653107,3.057787983161117,3.051938111639604,0.8502255218454139,0.8870800164721448,1.195706637115161,1.3288156311762145,11.625225520747907,3.366553463626399,rubber_carpet,0.004645124250837141,0.3474127262511504,0.6422215636523968,0.005720585845615715,rubber_carpet,0.004645124250837141,0.3474127262511504,0.6422215636523968,0.005720585845615715
rubber_carpet,-75.0,-1.3089969389957472,-3.0918484500574053,-2.525582788399141,3.0371387211101686,3.510956921080217,0.8327423085042535,0.8138416232965509,1.1159589693279532,1.203808843020969,12.165526880646931,3.5247974558374198,rubber_carpet,0.005219683508480118,0.1896007364392108,0.7998221403541111,0.005357439698197989,rubber_carpet,0.005219683508480118,0.1896007364392108,0.7998221403541111,0.005357439698197989
rubber_carpet,-70.0,-1.2217304763960306,-3.1050516647531574,-2.5940924746894893,2.7967853042479907,3.692412065546394,0.8505271294068435,0.9075494244408712,1.0409221664516737,1.0657494403382608,12.18834150923703,3.5435636714650127,rubber_carpet,0.005570263963710266,0.13648121566221627,0.8523168734396744,0.00563164693439897,rubber_carpet,0.005570263963710266,0.13648121566221627,0.8523168734396744,0.00563164693439897
rubber_carpet,-65.0,-1.1344640137963142,-3.115173122243036,-2.293915040183697,2.610913046105505,3.272765726025742,0.8938737029550978,0.9839594172728596,1.2493125488286174,1.341288961254799,11.29276693455798,3.288257044048017,rubber_carpet,0.005109135610233878,0.20271771137859038,0.7866917033068721,0.005481449704303694,rubber_carpet,0.005109135610233878,0.20271771137859038,0.7866917033068721,0.005481449704303694
rubber_carpet,-60.0,-1.0471975511965976,-2.8921874145754747,-2.292056202503964,2.440544530096769,3.4964190038816905,0.9230793438603088,1.003633754564162,1.1042803840875604,1.1024819287581185,11.1212071510579,3.248477916000653,rubber_carpet,0.005513902441063198,0.16032620930592714,0.8283996564366484,0.0057602318163612306,rubber_carpet,0.005513902441063198,0.16032620930592714,0.8283996564366484,0.0057602318163612306
rubber_carpet,-55.0,-0.9599310885968813,-2.908588923514297,-2.056585205838937,2.307473620906457,3.481602974140288,0.8243748154643878,0.8837539711333876,0.9696753996707036,0.9100145210822352,10.75425072439998,3.1604705449950186,rubber_carpet,0.005881839669062139,0.14516696589152783,0.8428022236762425,0.00614897076316747,rubber_carpet,0.005881839669062139,0.14516696589152783,0.8428022236762425,0.00614897076316747
rubber_carpet,-50.0,-0.8726646259971648,-2.7739954075774973,-1.650516647531573,1.9250861079219288,3.360505166475316,0.6679649963262304,0.63810904186847,0.7051050125157415,0.8101210633581116,9.710103329506314,2.900163378523626,rubber_carpet,0.0052392024461268855,0.21488734432390624,0.7730089213316377,0.0068645318983290605,rubber_carpet,0.0052392024461268855,0.21488734432390624,0.7730089213316377,0.0068645318983290605
rubber_carpet,-45.0,-0.7853981633974483,-2.762342135476464,-1.257123473541384,1.5156559858052396,3.367445986848972,0.7804776668722441,0.5567899669784062,0.6628882852011794,1.051807419733488,8.90256758167206,2.7484136091365605,rubber_carpet,0.004951730759689581,0.25666275506431485,0.7288292471402854,0.009556267035710107,rubber_carpet,0.004951730759689581,0.25666275506431485,0.7288292471402854,0.009556267035710107
rubber_carpet,-40.0,-0.6981317007977318,-2.3788748564867968,-0.7803673938002296,0.8925373134328358,2.6719862227324915,1.291101177984316,1.0784446559957868,1.1258067402689431,1.75920485917363,6.723765786452354,2.172793045237934,grass,0.002939083098433192,0.4522702997551457,0.44172359556420204,0.10306702158221909,grass,0.002939083098433192,0.4522702997551457,0.44172359556420204,0.10306702158221909
rubber_carpet,-35.0,-0.6108652381980153,-2.7361966391817134,-1.1050516647531574,1.1848971923598792,3.089134745851164,0.7723494594683458,0.6265052705457567,0.6718963145421661,1.2418061918904428,8.115280242145914,2.5565484965741057,rubber_carpet,0.005850050598206765,0.23394594277215233,0.7482479464715412,0.011956060158099593,rubber_carpet,0.005850050598206765,0.23394594277215233,0.7482479464715412,0.011956060158099593
rubber_carpet,-30.0,-0.5235987755982988,-2.458531518233011,-0.7663878410147067,1.1703023344814387,2.902957738778634,0.7631117451522811,0.6551274824288835,0.718758809618337,1.0631369207985806,7.298179432507791,2.32727152437248,rubber_carpet,0.005247250742885236,0.28627070561089984,0.6863360317586668,0.022146011887548257,rubber_carpet,0.005247250742885236,0.28627070561089984,0.6863360317586668,0.022146011887548257
rubber_carpet,-25.0,-0.4363323129985824,-1.9521075938986387,-0.7672625881581107,0.5236455087201355,2.6894100923951667,0.938569020981876,0.6521093551639584,0.820477353268182,1.0973940242489664,5.932425783172052,1.987093008893126,rubber_carpet,0.003513612125950117,0.3871577001521973,0.518194206120243,0.09113448160160954,rubber_carpet,0.003513612125950117,0.3871577001521973,0.518194206120243,0.09113448160160954
rubber_carpet,-20.0,-0.3490658503988659,-1.5557353094666526,0.0031311971610479,0.127648470932053,1.7062415196743554,1.0654706214308296,0.7976029262971192,0.8767650184116371,1.3259810903766174,3.3927564972341093,1.3326785029626167,cell_carpet,0.06869232364652089,0.33025908934434883,0.21139786603253768,0.38965072097659254,cell_carpet,0.06869232364652089,0.33025908934434883,0.21139786603253768,0.38965072097659254
rubber_carpet,-15.0,-0.2617993877991494,-1.3659325748877988,0.132814946247782,-0.0641373551821312,1.4545976411648054,0.9343334344949782,0.7179103114853228,0.6859011167932061,1.1184316491174695,3.017482517482517,1.1542949260830868,cell_carpet,0.12575130836711826,0.3009426758249259,0.1943748073166679,0.378931208491288,cell_carpet,0.12575130836711826,0.3009426758249259,0.1943748073166679,0.378931208491288
rubber_carpet,-10.0,-0.1745329251994329,-1.716475315729047,-0.3156716417910448,0.414580941446613,2.0993685419058554,0.4600924927347468,0.3860375561572168,0.3416866259708291,0.5351943842144402,4.54609644087256,1.588199012321635,rubber_carpet,0.0033434683996308298,0.39291129941231984,0.39454258533879216,0.20920264684925724,rubber_carpet,0.0033434683996308298,0.39291129941231984,0.39454258533879216,0.20920264684925724
rubber_carpet,-5.0,-0.0872664625997164,-0.8548690115854295,0.4488049264168667,-0.520457154785513,1.1937689176495148,0.4857470476330675,0.3252709761849908,0.3248611260060867,0.7231679365929828,3.017900010437324,0.932797126451803,cell_carpet,0.10213706920397654,0.31337578701318813,0.21569791142143996,0.3687892323613954,cell_carpet,0.10213706920397654,0.31337578701318813,0.21569791142143996,0.3687892323613954
rubber_carpet,0.0,0.0,0.1672789896670493,1.871010332950632,-1.837715269804822,-0.4050516647531573,0.4051694212949803,0.3636095965112937,0.3628473210334645,0.5077404909144115,4.281056257175661,1.5340005885417138,grass,0.004357487929786813,0.3889308662940099,0.3664051648711903,0.24030648090501303,grass,0.004357487929786813,0.3889308662940099,0.3664051648711903,0.24030648090501303
rubber_carpet,5.0,0.0872664625997164,-0.0517795637198622,1.4927095292766934,-1.4466130884041333,-0.0668771526980482,0.2514675230244683,0.3818613945394773,0.3704460722939076,0.2546926227391382,3.057979334098737,1.200931387814031,cell_carpet,0.10076519428645396,0.3138833893180323,0.2128764203074004,0.37247499608811335,cell_carpet,0.10076519428645396,0.3138833893180323,0.2128764203074004,0.37247499608811335
rubber_carpet,10.0,0.1745329251994329,0.0581706850363566,1.595648132961566,-1.6138538078836588,-0.1594773385818161,0.3433404706813267,0.5652084021516188,0.5908431244401212,0.3870101951452864,3.4271499644633976,1.313502078211669,cell_carpet,0.04938417492708821,0.3432951868579697,0.2376508616920325,0.36966977652290955,cell_carpet,0.04938417492708821,0.3432951868579697,0.2376508616920325,0.36966977652290955
rubber_carpet,15.0,0.2617993877991494,-0.0182603466185555,1.4959816303099884,-1.5120551090700345,-0.0228527691214258,0.6723401929577821,0.9025926408590228,0.927753957674072,0.6980601078322205,3.0491498551200045,1.2280485608961402,cell_carpet,0.14456533228850793,0.2907062147506694,0.17675671394107811,0.38797173901974463,cell_carpet,0.14456533228850793,0.2907062147506694,0.17675671394107811,0.38797173901974463
rubber_carpet,20.0,0.3490658503988659,0.3766285628712624,1.9844256975989616,-1.9975041182049615,-0.487445714570958,0.6680511632970826,1.0057746529571412,1.0552368117484872,0.8201544171175029,4.846004093246144,1.663688965557338,grass,0.0028574668692366136,0.41118642958522517,0.344394186746089,0.24156191679944924,grass,0.0028574668692366136,0.41118642958522517,0.344394186746089,0.24156191679944924
rubber_carpet,25.0,0.4363323129985824,0.5132554013151028,2.066537939672268,-2.0834985909612778,-0.5912222106251956,0.7886162894357821,1.099637111595024,1.21875571354835,0.906891843333154,5.254514142573845,1.7533080579544726,grass,0.0024948404673375947,0.4263833820854677,0.35024423762014345,0.2208775398270513,grass,0.0024948404673375947,0.4263833820854677,0.35024423762014345,0.2208775398270513
rubber_carpet,30.0,0.5235987755982988,0.6139084795801214,2.273139795527856,-2.2987808211688807,-0.6917609753430649,0.8392543079055207,1.1763878672663723,1.3467949388736982,0.9714707552630706,5.877590071619922,1.941159184169012,grass,0.002556865048480789,0.4453362381838597,0.37983440575430666,0.17227249101335282,grass,0.002556865048480789,0.4453362381838597,0.37983440575430666,0.17227249101335282
rubber_carpet,35.0,0.6108652381980153,1.275143513203215,2.982376578645236,-3.011710677382319,-1.5110218140068887,0.5270521960774844,0.7871070504482874,0.8024596197137438,0.5927160027896291,8.780252583237658,2.6991705366996044,rubber_carpet,0.005928735268261881,0.20733432245235534,0.7779444599591235,0.008792482320259115,rubber_carpet,0.005928735268261881,0.20733432245235534,0.7779444599591235,0.008792482320259115
rubber_carpet,40.0,0.6981317007977318,1.3141316827235063,3.053811211501023,-3.092247791144612,-1.5911246443368443,0.4979422117461694,0.7455799817357704,0.8714546338519387,0.6410314437270024,9.051315329705986,2.776178733547695,rubber_carpet,0.005189580379928224,0.23662233162024193,0.7496829600950831,0.00850512790474695,rubber_carpet,0.005189580379928224,0.23662233162024193,0.7496829600950831,0.00850512790474695
rubber_carpet,45.0,0.7853981633974483,1.3554535017221585,3.0097588978186,-3.159873708381171,-1.7695752009184846,0.5175920626656846,0.828572009075164,0.8255591573968062,0.6328780720698924,9.294661308840414,2.824447459428548,rubber_carpet,0.004637531531088791,0.27870605928089215,0.7077840467046028,0.008872362483416257,rubber_carpet,0.004637531531088791,0.27870605928089215,0.7077840467046028,0.008872362483416257
rubber_carpet,50.0,0.8726646259971648,1.6059701492537315,2.8752583237657867,-3.417508610792193,-1.7102181400688865,0.6918625267276347,1.0879882239697238,0.9710417822332992,0.9051539882894568,9.608955223880598,2.90665740065371,rubber_carpet,0.004359605546415868,0.3164049667063275,0.670205458645399,0.009029969101857473,rubber_carpet,0.004359605546415868,0.3164049667063275,0.670205458645399,0.009029969101857473
rubber_carpet,55.0,0.9599310885968813,2.1515499425947184,3.356199770378875,-3.3254879448909302,-2.454994259471872,0.9707194204370492,0.8585088532506648,0.8990044418372696,0.961584833786375,11.288231917336397,3.314640009958872,rubber_carpet,0.005734472443330096,0.1407000669075756,0.8476787131311789,0.0058867475179153715,rubber_carpet,0.005734472443330096,0.1407000669075756,0.8476787131311789,0.0058867475179153715
rubber_carpet,60.0,1.0471975511965976,1.733458214997885,2.987189558281468,-2.631035107861502,-1.791588615626322,1.5728612342672796,1.588149854809404,1.6112938920345603,1.7899400939230206,9.143271496767175,2.7103572804538505,grass,0.003387449061207485,0.5732517341729666,0.3764137363049292,0.04694708046089672,grass,0.003387449061207485,0.5732517341729666,0.3764137363049292,0.04694708046089672
rubber_carpet,65.0,1.1344640137963142,2.4053334724976514,3.505114288696378,-3.2336394948335245,-2.9857530529172323,1.179747691539924,0.9524392849266142,0.8768205797546649,0.959214114667136,12.129840308944786,3.5317011597815844,rubber_carpet,0.005505945889645337,0.14451967003812072,0.8443948884604117,0.005579495611822333,rubber_carpet,0.005505945889645337,0.14451967003812072,0.8443948884604117,0.005579495611822333
rubber_carpet,70.0,1.2217304763960306,2.5544803455251213,3.4484719260838665,-3.4580941446613087,-3.0586080586080584,0.8041486605302525,0.9195921475718696,0.9821994979349836,1.0553695464338189,12.519654474878354,3.636153740887728,rubber_carpet,0.005518233085383898,0.13970711564551547,0.8492104335418544,0.005564217727246143,rubber_carpet,0.005518233085383898,0.13970711564551547,0.8492104335418544,0.005564217727246143
rubber_carpet,75.0,1.3089969389957472,2.6743033086316665,3.4109696273875385,-3.4340882997599413,-3.0928921824444213,0.7651478211642151,0.8818179759250468,0.9780166957081332,1.0610960009817691,12.612253418223569,3.655898434913242,rubber_carpet,0.005371794779635725,0.16511575249309615,0.8240782874888081,0.0054341652384599865,rubber_carpet,0.005371794779635725,0.16511575249309615,0.8240782874888081,0.0054341652384599865
rubber_carpet,80.0,1.3962634015954636,2.7421459137877053,3.428504331489406,-3.378979229725499,-3.424694708276798,0.7492294930337886,0.8724572515725598,0.9356911530337828,0.911166304223772,12.974324183279409,3.755878099480502,rubber_carpet,0.005513351504980058,0.14131681213046302,0.8476269645799059,0.005542871784650817,rubber_carpet,0.005513351504980058,0.14131681213046302,0.8476269645799059,0.005542871784650817
rubber_carpet,85.0,1.4835298641951802,2.6660578227742406,3.221375639286087,-3.173729255818808,-3.514716626656925,1.0058025183957706,1.051782304842336,0.915669404338672,0.8739454909911154,12.57587934453606,3.6400783166614,rubber_carpet,0.005181391967049558,0.2190179481964581,0.7704907203409983,0.005309939495494069,rubber_carpet,0.005181391967049558,0.2190179481964581,0.7704907203409983,0.005309939495494069
rubber_carpet,90.0,1.5707963267948966,2.823478760045924,3.2442020665901268,-2.9950057405281285,-3.610332950631458,0.8868748698063905,0.9369128455132,1.1377893685011498,1.0711686175525417,12.673019517795638,3.671020464970143,rubber_carpet,0.0052474330085616715,0.2019454216743854,0.7874642799131084,0.005342865403944452,rubber_carpet,0.0052474330085616715,0.2019454216743854,0.7874642799131084,0.005342865403944452
rubber_carpet,95.0,1.6580627893946132,3.0385763490241104,3.052066590126292,-3.111768082663605,-3.62158438576349,0.8832249915923697,0.851131066939743,1.0093414866061967,1.070992048780978,12.8239954075775,3.7078188502203417,rubber_carpet,0.005405575297044438,0.16216948421811822,0.8269712569480179,0.005453683536819502,rubber_carpet,0.005405575297044438,0.16216948421811822,0.8269712569480179,0.005453683536819502
rubber_carpet,100.0,1.7453292519943295,3.152870264064294,3.131515499425947,-2.8548794489093,-3.67577497129736,0.9083987822147238,0.863252437151154,0.8541998768870983,1.0509822519177847,12.8150401836969,3.714542433452889,rubber_carpet,0.005532089064451423,0.1370495249868095,0.8518537419317407,0.005564644016998407,rubber_carpet,0.005532089064451423,0.1370495249868095,0.8518537419317407,0.005564644016998407
rubber_carpet,105.0,1.832595714594046,3.2974115436802003,2.9686880283895207,-3.085742615593362,-3.662248199561633,0.9192083745613504,0.8419430456465592,1.1329006494310334,1.1108444623914786,13.014090387224716,3.7666008580079873,rubber_carpet,0.0060019391069262885,0.08682792227042958,0.9011592617873307,0.006010876835313553,rubber_carpet,0.0060019391069262885,0.08682792227042958,0.9011592617873307,0.006010876835313553
rubber_carpet,110.0,1.9198621771937625,3.216000417492955,2.8550777580628326,-2.788070138816407,-3.613140590752531,1.0203988910650277,0.9743760627745366,0.953615405789036,1.188601833393721,12.472288905124726,3.619162004368711,rubber_carpet,0.005875781978908621,0.10532800516538393,0.8828956420277086,0.005900570827998668,rubber_carpet,0.005875781978908621,0.10532800516538393,0.8828956420277086,0.005900570827998668
rubber_carpet,115.0,2.007128639793479,3.259127439724455,2.674856486796785,-2.60947187141217,-3.751320321469575,0.8721360809803184,0.8876336229139334,1.0245694302583046,0.9293402967459228,12.294776119402986,3.587616440443768,rubber_carpet,0.0063368253580044906,0.085188223661353,0.9021203677327337,0.006354583247908929,rubber_carpet,0.0063368253580044906,0.085188223661353,0.9021203677327337,0.006354583247908929
rubber_carpet,120.0,2.094395102393196,3.4682548794489096,2.523076923076923,-2.418369690011481,-3.646785304247991,1.0640051562778317,1.0831528603499734,1.273187615624215,1.2129303475926432,12.056486796785306,3.5374615011106663,rubber_carpet,0.007030072900510333,0.0706798962024775,0.9152458891487611,0.00704414174825097,rubber_carpet,0.007030072900510333,0.0706798962024775,0.9152458891487611,0.00704414174825097
rubber_carpet,125.0,2.181661564992912,3.229137712248474,2.163212278687534,-2.4319294217173244,-3.668378754003263,0.9369867758183992,0.9271632218878672,1.0192111555402192,1.0020778225883065,11.492658166656597,3.383922769238676,rubber_carpet,0.007335983492200204,0.0776759401713354,0.9076221928330818,0.0073658835033827185,rubber_carpet,0.007335983492200204,0.0776759401713354,0.9076221928330818,0.0073658835033827185
rubber_carpet,130.0,2.2689280275926285,3.160317294645653,1.635163344118568,-1.7150610583446404,-3.4110218140068884,0.9304884050687124,0.7172661278606192,1.0145676951426728,1.2517183395000435,9.92156351111575,3.011674194145912,rubber_carpet,0.005579197529570586,0.18655243314872627,0.8013250017368351,0.006543367584867873,rubber_carpet,0.005579197529570586,0.18655243314872627,0.8013250017368351,0.006543367584867873
rubber_carpet,135.0,2.356194490192345,3.0063719862227325,1.351377726750861,-1.2779563719862228,-3.279678530424799,1.059713667807722,0.6445286149171184,0.95561605740837,1.2825646707785472,8.915384615384614,2.7835211219660607,rubber_carpet,0.004967873876574604,0.2554690489094022,0.730120577499707,0.009442499714316219,rubber_carpet,0.004967873876574604,0.2554690489094022,0.730120577499707,0.009442499714316219
rubber_carpet,140.0,2.443460952792061,3.0314163448491804,1.3442229412378666,-1.3168771526980485,-3.2458511637616114,0.8780362704204978,0.5959786951734446,0.730502168926089,1.1652498481867024,8.938367602546705,2.784324275166133,rubber_carpet,0.006307380520382544,0.18700941331970863,0.7983762986546785,0.008306907505230228,rubber_carpet,0.006307380520382544,0.18700941331970863,0.7983762986546785,0.008306907505230228
rubber_carpet,145.0,2.530727415391778,2.850015655985805,1.2462686567164178,-1.1935079845527607,-3.249399853877465,1.0268780353816886,0.6902157874122239,0.6986730439596595,1.0059885130742352,8.539192151132449,2.685069741893805,rubber_carpet,0.007001963288199279,0.18259787483539952,0.8009417703418952,0.009458391534505915,rubber_carpet,0.007001963288199279,0.18259787483539952,0.8009417703418952,0.009458391534505915
rubber_carpet,150.0,2.6179938779914944,2.526497069309324,0.9593328902048462,-0.7274759804217777,-2.833887243942232,0.9864942631389206,0.6199701061952123,0.8841261691363624,1.1673546494517877,7.047193183878179,2.29943608524654,rubber_carpet,0.004703553303023871,0.3178484231722049,0.6468807037187856,0.030567319805985597,rubber_carpet,0.004703553303023871,0.3178484231722049,0.6468807037187856,0.030567319805985597
rubber_carpet,155.0,2.705260340591211,2.2916188289322617,0.6196639181713809,-0.5056361548898862,-2.487214278259054,1.0665793861034163,0.7179949235300075,0.8689465941735319,1.312769226445523,5.904133180252583,2.0063017132571908,rubber_carpet,0.003468384199206564,0.3894726026539455,0.5130587435651824,0.09400026958166548,rubber_carpet,0.003468384199206564,0.3894726026539455,0.5130587435651824,0.09400026958166548
rubber_carpet,160.0,2.792526803190927,2.47187141216992,0.6541331802525833,-0.6314006888633755,-2.4954075774971294,0.6733663835432424,0.4900036367187944,0.5479118383514786,0.8820414994648106,6.252812858783008,2.094736589809847,rubber_carpet,0.0048399354603046105,0.3305887547028438,0.6156918930096569,0.048879416827194655,rubber_carpet,0.0048399354603046105,0.3305887547028438,0.6156918930096569,0.048879416827194655
rubber_carpet,165.0,2.8797932657906435,1.9236236400415505,0.2140396916516319,-0.07140123558034,-1.880761030014761,0.7327485538305596,0.5120054976183462,0.6378449178452427,0.8443403483358526,4.089825597288284,1.557765325202819,grass,0.007816677216255515,0.3844898760952912,0.31304908787204117,0.29464435881641204,grass,0.007816677216255515,0.3844898760952912,0.31304908787204117,0.29464435881641204
rubber_carpet,170.0,2.9670597283903604,1.595292766934558,-0.0662456946039035,0.0367967853042479,-1.6486796785304247,0.5657313962248025,0.398597144593553,0.3898078629753809,0.6106439479582602,3.3470149253731343,1.3250321690169544,cell_carpet,0.05140807575422543,0.34198967164239547,0.24430255846851415,0.36229969413486496,cell_carpet,0.05140807575422543,0.34198967164239547,0.24430255846851415,0.36229969413486496
rubber_carpet,175.0,3.0543261909900767,1.0884588048767152,-0.6639877535399924,0.5152807391613362,-0.7959105571045869,0.3909837384163925,0.3886744248507554,0.3684021429261208,0.4874033470516881,3.063637854682631,0.916412859417974,cell_carpet,0.09267027102606783,0.3182488710577399,0.22069218613531533,0.36838867178087686,cell_carpet,0.09267027102606783,0.3182488710577399,0.22069218613531533,0.36838867178087686
