surface,motion_type,angle_deg,target_angle,I_total,I_total_avg,cls_raw,linoleum_raw,grass_raw,rubber_carpet_raw,cell_carpet_raw,cls_memory,linoleum_memory,grass_memory,rubber_carpet_memory,cell_carpet_memory
cell_carpet,straight,-180,-3.141592653589793,1.5970149253731345,1.5970149253731345,linoleum,0.6595202274937677,0.1040219571574644,0.06973459387256073,0.1667232214762071,linoleum,0.6595202274937677,0.1040219571574644,0.06973459387256073,0.1667232214762071
cell_carpet,straight,-180,-3.141592653589793,4.588978185993112,3.092996555683123,cell_carpet,0.03491850743138862,0.2820124954538611,0.18018706723300223,0.5028819298817481,linoleum,0.34721936746257814,0.19301722630566276,0.12496083055278148,0.3348025756789776
cell_carpet,straight,-180,-3.141592653589793,2.1423650975889785,2.776119402985074,cell_carpet,0.11472798430607996,0.24057002425018964,0.15022783990062402,0.4944741515431063,cell_carpet,0.23097367588432904,0.2167936252779262,0.13759433522670275,0.41463836361104195
cell_carpet,straight,-180,-3.141592653589793,1.677382319173364,2.5014351320321477,cell_carpet,0.24634144400351596,0.19910936384600136,0.12365974456207533,0.4308894475884073,cell_carpet,0.23865755994392251,0.20795149456196377,0.13062703989438904,0.42276390559972465
cell_carpet,straight,-180,-3.141592653589793,1.9885189437428243,2.3988518943742827,cell_carpet,0.3062544746449816,0.1830120523033536,0.11382017968260655,0.3969132933690582,cell_carpet,0.2724560172944521,0.1954817734326587,0.1222236097884978,0.40983859948439144
cell_carpet,straight,-180,-3.141592653589793,1.7003444316877154,2.2824339839265213,linoleum,0.3759991770118742,0.1653361912760828,0.10322205553178711,0.35544257618025604,cell_carpet,0.3242275971531631,0.18040898235437072,0.11272283266014244,0.38264058783232363
cell_carpet,straight,-180,-3.141592653589793,1.8541905855338687,2.221256355584714,linoleum,0.411951346311873,0.15656797524627664,0.09803933488476906,0.33344134355708144,linoleum,0.36808947173251805,0.1684884788003237,0.10538108377245575,0.35804096569470256
cell_carpet,straight,-180,-3.141592653589793,1.6819747416762345,2.153846153846154,linoleum,0.4501164675566233,0.14748468854741356,0.09272615242698944,0.30967269146897375,linoleum,0.4091029696445707,0.15798658367386864,0.0990536180997226,0.3338568285818382
cell_carpet,straight,-180,-3.141592653589793,1.5832376578645233,2.090445209848195,linoleum,0.4840869399137692,0.1395911066963885,0.08816277096928342,0.2881591824205588,linoleum,0.44659495477917,0.14878884518512858,0.093608194534503,0.3110080055011985
cell_carpet,straight,-180,-3.141592653589793,1.8668197474167625,2.1204235234085984,linoleum,0.4682860530138976,0.14323988762893322,0.09026521484807465,0.2982088445090946,linoleum,0.4574405038965338,0.14601436640703092,0.09193670469128883,0.3046084250051465
cell_carpet,straight,-180,-3.141592653589793,1.772675086107922,1.807500956754688,linoleum,0.605036347696029,0.11340182607017794,0.07372474452415351,0.2078370817096395,linoleum,0.5312384257962814,0.12970809623860444,0.08283072460772117,0.256222753357393
cell_carpet,straight,-180,-3.141592653589793,1.878300803673938,1.778160479653017,linoleum,0.6144322266562195,0.11157753942552237,0.07281563228568987,0.2011746016325682,linoleum,0.5728353262262504,0.1206428178320634,0.07782317844670553,0.22869867749498057
cell_carpet,straight,-180,-3.141592653589793,1.618828932261768,1.7716545477739507,linoleum,0.6164349378781601,0.11119584884144242,0.07262936564925922,0.19973984763113825,linoleum,0.5946351320522052,0.11591933333675292,0.07522627204798238,0.2142192625630594
cell_carpet,straight,-180,-3.141592653589793,1.848450057405281,1.7560913381808905,linoleum,0.6211074386866723,0.11031633706522688,0.07220640411830184,0.19636982012979895,linoleum,0.6078712853694388,0.11311783520098989,0.07371633808314211,0.20529454134642916
cell_carpet,straight,-180,-3.141592653589793,1.851894374282434,1.7729302206914146,linoleum,0.6160445514634851,0.1112700379333249,0.07266544952399645,0.20001996107919345,linoleum,0.6119579184164621,0.11219393656715741,0.07319089380356929,0.20265725121281133
cell_carpet,straight,-180,-3.141592653589793,1.5304247990815154,1.7369562444189308,linoleum,0.6266246771080319,0.10929972241878598,0.07173018415923134,0.19234541631395063,linoleum,0.6192912977622471,0.11074682949297171,0.07246053898140033,0.197501333763381
cell_carpet,straight,-180,-3.141592653589793,1.5384615384615383,1.7210103329506314,linoleum,0.6310317586178983,0.10850698547536838,0.07137035292275337,0.18909090298397987,linoleum,0.6251615281900726,0.10962690748417005,0.07191544595207686,0.19329611837368044
cell_carpet,straight,-180,-3.141592653589793,3.7278989667049367,1.9593060339329,linoleum,0.5468420593579083,0.1255384345299397,0.08021652070746121,0.24740298540469086,linoleum,0.5860017937739905,0.11758267100705488,0.07606598332976904,0.22034955188918565
cell_carpet,straight,-180,-3.141592653589793,1.965556831228473,1.9702768210230897,linoleum,0.5420194943679238,0.12658987234634722,0.08080014811499137,0.25059048517073756,linoleum,0.5640106440709571,0.12208627167670105,0.07843306572238021,0.2354700185299616
cell_carpet,straight,-180,-3.141592653589793,1.750861079219288,1.967853042479908,linoleum,0.5430919427086636,0.126355580443171,0.08066990198207608,0.24988257486608934,linoleum,0.5535512933898104,0.12422092605993602,0.07955148385222814,0.24267629669802548
cell_carpet,straight,-180,-3.141592653589793,1.657864523536165,1.9433601224646,linoleum,0.5537058253776522,0.1240516929089105,0.07939535999045394,0.24284712172298337,linoleum,0.5536285593837313,0.12413630948442325,0.07947342192134105,0.24276170921050444
cell_carpet,straight,-180,-3.141592653589793,1.6877152698048217,1.9510141599693835,linoleum,0.5504328601698284,0.12475917698115632,0.0797854943282745,0.24502246852074078,linoleum,0.5520307097767798,0.12444774323278979,0.07962945812480778,0.2438920888656226
cell_carpet,straight,-180,-3.141592653589793,1.6750861079219288,1.931751498915678,linoleum,0.5585931824013043,0.12300041141690289,0.07881787848552892,0.23958852769626393,linoleum,0.5553119460890421,0.12372407732484633,0.07922366830516835,0.24174030828094328
cell_carpet,straight,-180,-3.141592653589793,1.8369690011481057,1.930093124122975,linoleum,0.5592838094673037,0.12285237106138006,0.0787367838877382,0.23912703558357817,linoleum,0.5572978777781729,0.12328822419311317,0.07898022609645326,0.24043367193226067
cell_carpet,straight,-180,-3.141592653589793,1.6257175660160734,1.940681209337925,linoleum,0.5548418904260168,0.12380676191153132,0.07926057167271876,0.2420907759897331,linoleum,0.5560698841020948,0.12354749305232224,0.07912039888458601,0.2412622239609969
cell_carpet,straight,-180,-3.141592653589793,1.870264064293915,1.977548156652634,linoleum,0.5387784418518827,0.12729952849817738,0.08119531589203474,0.25272671375790506,linoleum,0.5474241629769888,0.12542351077524985,0.0801578573883104,0.246994468859451
cell_carpet,straight,-180,-3.141592653589793,1.7462686567164178,1.757367011098354,linoleum,0.6207307104235374,0.11038664920442921,0.07223987163309006,0.19664276873894326,linoleum,0.5840774367002631,0.11790507998983954,0.07619886451070024,0.22181861879919712
cell_carpet,straight,-180,-3.141592653589793,1.6888633754305398,1.726623293787473,linoleum,0.6295001542794537,0.1087803911957987,0.071493168718664,0.19022628580608364,linoleum,0.6067887954898584,0.11334273559281913,0.07384601661468213,0.20602245230264038
cell_carpet,straight,-180,-3.141592653589793,1.811710677382319,1.733384360250032,linoleum,0.6276268805735808,0.10911785186934146,0.07164665318946695,0.19160861436761067,linoleum,0.6172078380317196,0.11123029373108029,0.07274633490207454,0.19881553333512553
cell_carpet,straight,-180,-3.141592653589793,1.611940298507463,1.728281668580176,linoleum,0.6290435460757632,0.10886234188692441,0.07153025501435699,0.1905638570229554,linoleum,0.6231256920537415,0.11004631780900236,0.07213829495821578,0.19468969517904047
cell_carpet,straight,-180,-3.141592653589793,1.7876004592422503,1.7393800229621124,linoleum,0.6259396611081435,0.10942454862376966,0.07178782778470423,0.19284796248338268,linoleum,0.6245326765809425,0.10973543321638601,0.07196306137146,0.19376882883121158
cell_carpet,straight,-180,-3.141592653589793,2.1262916188289323,1.7895139686184462,linoleum,0.6108672268744255,0.11226345963891099,0.07315401632245457,0.20371529716420883,linoleum,0.617699951727684,0.1109994464276485,0.07255853884695729,0.1987420629977102
cell_carpet,straight,-180,-3.141592653589793,0.7359357060849598,1.6671769358336523,linoleum,0.6446454279008202,0.10619500728188913,0.07040561039229341,0.1787539544249971,linoleum,0.6311726898142522,0.10859722685476883,0.07148207461962537,0.1887480087113537
cell_carpet,straight,-180,-3.141592653589793,3.1986222732491383,1.841944125526215,linoleum,0.5932419881966208,0.1157588539011095,0.07493579083505826,0.2160633670672113,linoleum,0.6122073390054366,0.11217804037793916,0.07320893272734182,0.20240568788928248
cell_carpet,straight,-180,-3.141592653589793,1.7072330654420207,1.8238295700982268,linoleum,0.5995481483655857,0.11449018790489816,0.0742795481153376,0.21168211561417846,linoleum,0.6058777436855112,0.11333411414141867,0.0737442404213397,0.20704390175173049
cell_carpet,straight,-180,-3.141592653589793,1.8966704936854195,1.8405408853170049,linoleum,0.5937386864165438,0.11565827302273783,0.07488342580483333,0.21571961475588491,linoleum,0.5998082150510275,0.11449619358207824,0.07431383311308651,0.2113817582538077
cell_carpet,straight,-180,-3.141592653589793,1.7462686567164178,1.8469192499043243,linoleum,0.59146987335713,0.11611857741168032,0.07512351569673127,0.21728803353445844,linoleum,0.5956390442040788,0.11530738549687927,0.0747186744049089,0.21433489589413307
cell_carpet,straight,-180,-3.141592653589793,1.827784156142365,1.848705191988774,linoleum,0.5908295075553069,0.11624889566017566,0.0751916902918891,0.21772990649262836,linoleum,0.5932342758796929,0.11577814057852746,0.074955182348399,0.2160324011933807
cell_carpet,straight,-180,-3.141592653589793,1.8174512055109069,1.871539737211379,linoleum,0.5824453573626803,0.11797036419341742,0.0760998939078536,0.22348438453604882,linoleum,0.5878398166211866,0.1168742523859724,0.07552753812812628,0.2197583928647147
cell_carpet,straight,-180,-3.141592653589793,1.8059701492537312,1.8735808138793213,linoleum,0.5816781818220677,0.11812922825898575,0.07618436909159591,0.2240082208273507,linoleum,0.5847589992216271,0.11750174032247908,0.0758559536098611,0.2218833068460327
cell_carpet,straight,-180,-3.141592653589793,1.6176808266360505,1.817068503635668,linoleum,0.6018431481723627,0.11403318956300847,0.07404559396035737,0.2100780683042715,linoleum,0.5933010736969949,0.11576746494274377,0.07495077378510923,0.2159806875751521
cell_carpet,straight,-180,-3.141592653589793,1.4316877152698049,1.894374282433984,linoleum,0.5736967389142813,0.11979428844379884,0.0770756813139182,0.22943329132800178,linoleum,0.5834989063056382,0.11778087669327131,0.07601322754951371,0.22270698945157694
cell_carpet,straight,-180,-3.141592653589793,1.8495981630309988,1.7444827146319684,linoleum,0.624484423693561,0.10969107936132366,0.07191172323066036,0.19391277371445487,linoleum,0.6039916649995996,0.11373597802729749,0.07396247539008705,0.2083098815830159
cell_carpet,straight,-180,-3.141592653589793,1.809414466130884,1.7558362035973978,linoleum,0.6211826503558701,0.11030231273432413,0.07219973638195042,0.19631530052785537,linoleum,0.6125871576777349,0.11201914538081081,0.07308110588601874,0.20231259105543564
cell_carpet,straight,-180,-3.141592653589793,1.6946039035591274,1.7333843602500318,linoleum,0.627626880573581,0.10911785186934143,0.07164665318946693,0.19160861436761065,linoleum,0.6201070191256579,0.11056849862507612,0.07236387953774284,0.19696060271152316
cell_carpet,straight,-180,-3.141592653589793,1.738231917336395,1.732491389207807,linoleum,0.6278760747539595,0.10907277207378144,0.07162603445624253,0.19142511871601667,linoleum,0.6239915469398087,0.10982063534942878,0.07199495699699268,0.1941928607137699
cell_carpet,straight,-180,-3.141592653589793,0.3616532721010333,1.569587957647659,linoleum,0.6644730268855805,0.10343052401872238,0.0696559881679816,0.16244046092771533,linoleum,0.6442322869126946,0.10662557968407557,0.07082547258248714,0.1783166608207426
cell_carpet,straight,-180,-3.141592653589793,3.5109070034443173,1.7577497129735935,linoleum,0.6206174741739316,0.11040780475853063,0.07224995375407227,0.1967247673134654,linoleum,0.6324248805433131,0.1085166922213031,0.0715377131682797,0.187520714067104
cell_carpet,straight,-180,-3.141592653589793,1.9690011481056255,1.7758642684015815,linoleum,0.6151424020663273,0.11144188010311308,0.07274925520317983,0.20066646262737975,linoleum,0.6237836413048202,0.10997928616220809,0.07214348418572977,0.19409358834724189
cell_carpet,straight,-180,-3.141592653589793,1.9380022962112515,1.8114555427988264,linoleum,0.603724221608135,0.11366061184459524,0.07385590965628865,0.20875925689098104,linoleum,0.6137539314564777,0.11181994900340168,0.07299969692100923,0.2014264226191115
cell_carpet,straight,-180,-3.141592653589793,1.6946039035591274,1.8406684526087511,linoleum,0.5936935889168518,0.11566740074713187,0.07488817565844481,0.21575083467757142,linoleum,0.6037237601866647,0.11374367487526678,0.07394393628972702,0.20858862864834146
cell_carpet,straight,-180,-3.141592653589793,1.879448909299656,1.8439852021941572,linoleum,0.5925170604863508,0.11590584422869744,0.07501241614992948,0.2165646791350224,linoleum,0.5981204103365078,0.11482475955198211,0.07447817621982825,0.21257665389168193
cell_carpet,straight,-180,-3.141592653589793,1.827784156142365,1.8460262788621,linoleum,0.5917892197638215,0.11605365340102125,0.0750895841177967,0.21706754271736056,linoleum,0.5949548150501647,0.11543920647650169,0.07478388016881247,0.21482209830452126
cell_carpet,straight,-180,-3.141592653589793,1.6257175660160734,1.838372241357316,linoleum,0.5945036034171834,0.11550359103982037,0.07480300282733528,0.2151898027156609,linoleum,0.594729209233674,0.11547139875816104,0.07479344149807388,0.21500595051009108
cell_carpet,straight,-180,-3.141592653589793,1.9035591274397243,1.856741931368797,linoleum,0.5879202537711469,0.11684308685923257,0.0755036116178229,0.21973304775179764,linoleum,0.5913247315024105,0.11615724280869681,0.0751485265579484,0.2173694991309444
cell_carpet,straight,-180,-3.141592653589793,1.909299655568312,2.028702640642939,linoleum,0.5149903616061229,0.13257654594041693,0.08416116376817723,0.26827192868528293,linoleum,0.5531575465542667,0.12436689437455688,0.07965484516306283,0.2428207139081137
cell_carpet,straight,-180,-3.141592653589793,1.6475315729047073,1.8216609261385384,linoleum,0.6002877537350068,0.11434262577762119,0.0742038552786977,0.21116576520867442,linoleum,0.5767226501446368,0.11935476007608903,0.07692935022088027,0.22699323955839407
cell_carpet,straight,-180,-3.141592653589793,1.708381171067738,1.792703150912106,linoleum,0.6098497635887085,0.11246067367084624,0.07325211406538525,0.20443744867506003,linoleum,0.5932862068666725,0.1159077168734676,0.07509073214313274,0.215715344116727
cell_carpet,straight,-180,-3.141592653589793,1.5706084959816302,1.7518816175532592,linoleum,0.6223427237957756,0.11008655912399312,0.07209748508746816,0.19547323199276295,linoleum,0.6078144653312242,0.11299713799873037,0.07359410861530045,0.205594288054745
cell_carpet,straight,-180,-3.141592653589793,1.8461538461538465,1.7687205000637836,linoleum,0.6173285690833602,0.11102642085712784,0.0725471857896504,0.1990978242698616,linoleum,0.6125715172072922,0.11201177942792911,0.07307064720247543,0.2023460561623033
cell_carpet,square,-180,-3.141592653589793,7.319173363949483,7.319173363949483,rubber_carpet,0.0103856682962193,0.17720545792030745,0.8020138867030666,0.010394987080406638,rubber_carpet,0.3114785927517557,0.14460861867411826,0.43754226695277093,0.10637052162135495
cell_carpet,square,-180,-3.141592653589793,4.6509758897818605,5.985074626865671,rubber_carpet,0.00428397789906669,0.3554934295901629,0.6330936411094011,0.007128951401369249,rubber_carpet,0.15788128532541124,0.25005102413214064,0.5353179540310862,0.05674973651136211
cell_carpet,square,-180,-3.141592653589793,3.864523536165327,5.27822426329889,rubber_carpet,0.0029888083698395634,0.4376045711811997,0.5303944247947502,0.029012195654210475,rubber_carpet,0.0804350468476254,0.34382779765667015,0.5328561894129182,0.04288096608278629
cell_carpet,square,-180,-3.141592653589793,3.87256027554535,4.9268082663605055,rubber_carpet,0.0025416202960664887,0.45848916751151864,0.473792796308729,0.06517641588368592,rubber_carpet,0.04148833357184594,0.40115848258409437,0.5033244928608236,0.05402869098323611
cell_carpet,square,-180,-3.141592653589793,3.0011481056257177,4.541676234213548,grass,0.0021253474714467498,0.45486087013026216,0.40454691953752453,0.13846686286076654,rubber_carpet,0.021806840521646345,0.42800967635717824,0.45393570619917406,0.09624777692200132
cell_carpet,square,-180,-3.141592653589793,2.792192881745121,4.25009567546881,grass,0.0018715812791202792,0.43209697928705587,0.3490156251722863,0.21701581426153746,grass,0.011839210900383316,0.43005332782211714,0.4014756656857303,0.1566317955917694
cell_carpet,square,-180,-3.141592653589793,3.1194029850746263,4.088568148269641,grass,0.001803671707277266,0.4135908656493627,0.3187567683294127,0.2658486943139475,grass,0.006821441303830291,0.4218220967357399,0.36011621700757146,0.21124024495285842
cell_carpet,square,-180,-3.141592653589793,2.934557979334099,3.944316877152698,grass,0.0018729743640916038,0.3948015883162819,0.2929268202094801,0.3103986171101463,grass,0.004347207833960948,0.40831184252601094,0.32652151860852574,0.2608194310315024
cell_carpet,square,-180,-3.141592653589793,2.5660160734787603,3.7911723434111497,grass,0.002269774428200775,0.3736637899246374,0.2673497039687374,0.35671673167842455,grass,0.0033084911310808617,0.3909878162253242,0.29693561128863155,0.3087680813549635
cell_carpet,square,-180,-3.141592653589793,2.743972445464983,3.2828166858017607,cell_carpet,0.015235040827345876,0.3055377432707324,0.1996069685838227,0.4796202473180991,cell_carpet,0.009271765979213368,0.34826277974802833,0.24827128993622713,0.3941941643365313
cell_carpet,square,-180,-3.141592653589793,7.955223880597015,3.649955351447889,cell_carpet,0.0032884275052077186,0.35398155050807845,0.24582179935609244,0.3969082226306215,cell_carpet,0.006280096742210544,0.3511221651280534,0.24704654464615977,0.39555119348357637
cell_carpet,square,-180,-3.141592653589793,3.9115958668197472,3.6551856104094913,cell_carpet,0.0032329280838478457,0.3547054757069312,0.24658141529589678,0.39548018091332415,cell_carpet,0.004756512413029195,0.3529138204174923,0.24681397997102827,0.39551568719845026
cell_carpet,square,-180,-3.141592653589793,4.017221584385764,3.6712590891695367,cell_carpet,0.0030726842004646414,0.35693401430649346,0.2489342702205552,0.3910590312724867,cell_carpet,0.003914598306746918,0.3549239173619929,0.24787412509579174,0.3932873592354685
cell_carpet,square,-180,-3.141592653589793,3.5223880597014925,3.729174639622401,cell_carpet,0.002608877928162919,0.365000638091733,0.2576408291216934,0.3747496548584106,cell_carpet,0.0032617381174549183,0.35996227772686296,0.2527574771087426,0.3840185070469395
cell_carpet,square,-180,-3.141592653589793,3.171067738231917,3.771271845898712,grass,0.002363766081560199,0.37088312091450043,0.2641903777448022,0.3625627352591372,cell_carpet,0.0028127520995075584,0.3654226993206817,0.2584739274267724,0.37329062115303835
cell_carpet,square,-180,-3.141592653589793,3.25947187141217,3.786835055491772,grass,0.002289179467871061,0.373057916903286,0.2666577274772497,0.3579951761515932,grass,0.0025509657836893097,0.36924030811198383,0.26256582745201107,0.3656428986523158
cell_carpet,square,-180,-3.141592653589793,2.742824339839265,3.765531317770124,grass,0.0023933248039552696,0.370080767414864,0.2632865028038877,0.364239404977293,grass,0.0024721452938222897,0.3696605377634239,0.2629261651279494,0.3649411518148044
cell_carpet,square,-180,-3.141592653589793,2.4408725602755457,3.751626482969767,cell_carpet,0.0024697848012371986,0.36813729974792125,0.26111112033050715,0.3682817951203345,grass,0.0024709650475297443,0.3688989187556726,0.26201864272922826,0.36661147346756945
cell_carpet,square,-180,-3.141592653589793,2.8300803673938,3.761194029850746,grass,0.0024164231241472728,0.36947452933415265,0.26260581059084553,0.3655032369508545,grass,0.0024436940858385088,0.3691867240449126,0.2623122266600369,0.366057355209212
cell_carpet,square,-180,-3.141592653589793,2.9115958668197472,3.200790917208828,cell_carpet,0.021956611269251584,0.2953321310408614,0.19094547111341448,0.4917657865764724,cell_carpet,0.012200152677545047,0.332259427542887,0.2266288488867257,0.4289115708928422
cell_carpet,square,-180,-3.141592653589793,7.378874856486797,3.5860441382829444,cell_carpet,0.004119751020990466,0.34519459935685626,0.23677821210710287,0.41390743751505044,cell_carpet,0.008159951849267755,0.33872701344987166,0.23170353049691428,0.4214095042039463
cell_carpet,square,-180,-3.141592653589793,4.605051664753158,3.6513585916570985,cell_carpet,0.003273370342945218,0.35417571176159146,0.2460253094160301,0.3965256084794332,cell_carpet,0.005716661096106487,0.34645136260573156,0.23886441995647217,0.40896755634168974
cell_carpet,square,-180,-3.141592653589793,3.725602755453502,3.673938002296212,cell_carpet,0.0030474318872134813,0.3573059580728097,0.24932911103267053,0.39031749900730633,cell_carpet,0.004382046491659984,0.3518786603392706,0.24409676549457135,0.39964252767449804
cell_carpet,square,-180,-3.141592653589793,3.516647531572904,3.712335757111876,cell_carpet,0.0027270821777507894,0.3626506495103992,0.255072731999863,0.3795495363119869,cell_carpet,0.0035545643347053867,0.35726465492483495,0.2495847487472172,0.38959603199324244
cell_carpet,square,-180,-3.141592653589793,3.478760045924225,3.736701109835439,cell_carpet,0.0025599900485534,0.3660518105855246,0.258798314453451,0.37258988491247097,cell_carpet,0.0030572771916293935,0.3616582327551798,0.2541915316003341,0.38109295845285673
cell_carpet,square,-180,-3.141592653589793,2.960964408725603,3.7609388952672536,grass,0.002417802727974197,0.36943886835660605,0.2625658299510254,0.3655774989643944,cell_carpet,0.002737539959801795,0.3655485505558929,0.2583786807756797,0.37333522870862557
cell_carpet,square,-180,-3.141592653589793,3.0378874856486795,3.82727388697538,grass,0.002129437814983157,0.3786995053761013,0.2731818058390079,0.34598925096990757,grass,0.002433488887392476,0.3721240279659971,0.26578024330734384,0.3596622398392666
cell_carpet,square,-180,-3.141592653589793,3.3788748564867968,3.8882510524301575,grass,0.001964336811238065,0.38714753832065013,0.2833156785439254,0.3275724463241865,grass,0.002198912849315271,0.3796357831433236,0.2745479609256346,0.34361734308172653
cell_carpet,square,-180,-3.141592653589793,3.173363949483352,3.917336394948335,grass,0.0019108659474129004,0.3911354655478694,0.28826816213645967,0.31868550636825804,grass,0.0020548893983640855,0.3853856243455965,0.28140806153104714,0.33115142472499226
cell_carpet,square,-180,-3.141592653589793,2.9299655568312284,3.42301313943105,cell_carpet,0.008115367343680907,0.3234318621058798,0.21567633792532914,0.45277643262511014,cell_carpet,0.005085128371022496,0.3544087432257381,0.24854219972818814,0.3919639286750512
cell_carpet,square,-180,-3.141592653589793,7.847301951779564,3.783263171322873,grass,0.002305602695452024,0.37255887681587957,0.26608928487314726,0.3590462356155212,cell_carpet,0.00369536553323726,0.3634838100208089,0.25731574230066767,0.3755050821452862
cell_carpet,square,-180,-3.141592653589793,4.014925373134329,3.8154101288429647,grass,0.0021715914362318988,0.3770464646326927,0.27125111742077695,0.34953082651029843,grass,0.0029334784847345795,0.3702651373267508,0.2642834298607223,0.3625179543277923
cell_carpet,square,-180,-3.141592653589793,3.3892078071182548,3.801250159459115,grass,0.0022268913643914015,0.3750709979240813,0.26896479699253484,0.3537373137189925,grass,0.0025801849245629905,0.37266806762541604,0.26662411342662856,0.3581276340233924
cell_carpet,square,-180,-3.141592653589793,3.755453501722159,3.831993876769997,grass,0.002113669491931059,0.37935652801856556,0.2739537221822526,0.34457608030725073,grass,0.002346927208247025,0.3760122978219908,0.2702889178044406,0.3513518571653216
cell_carpet,square,-180,-3.141592653589793,3.105625717566016,3.848067355530042,grass,0.002064008323059484,0.3815907135324644,0.2765984096438503,0.3397468685006257,grass,0.002205467765653255,0.37880150567722765,0.27344366372414547,0.3455493628329737
cell_carpet,square,-180,-3.141592653589793,2.7439724454649825,3.8154101288429647,grass,0.0021715914362318988,0.3770464646326927,0.27125111742077695,0.34953082651029843,grass,0.0021885296009425768,0.3779239851549602,0.2723473905724612,0.34754009467163605
cell_carpet,square,-180,-3.141592653589793,2.9081515499425947,3.763107539226942,grass,0.0024061503535147038,0.36974198738358777,0.2629058782941,0.3649459839687975,grass,0.0022973399772286403,0.37383298626927397,0.2676266344332806,0.3562430393202168
cell_carpet,square,-180,-3.141592653589793,2.52353616532721,3.6909044520984815,cell_carpet,0.00289660278935622,0.35966468786118894,0.25184761446544973,0.38559109488400506,cell_carpet,0.00259697138329243,0.3667488370652314,0.25973712444936514,0.3709170671021109
cell_carpet,square,-180,-3.141592653589793,2.2376578645235363,3.613981375175405,cell_carpet,0.0037191899946560913,0.34902113461666917,0.24067711025180608,0.40658256513686847,cell_carpet,0.003158080688974261,0.35788498584095035,0.25020711735058565,0.3887498161194897
cell_carpet,square,-180,-3.141592653589793,2.506314580941446,3.02053833397117,cell_carpet,0.04700923060445837,0.2729765400789828,0.17323086230714363,0.5067833670094153,cell_carpet,0.025083655646716316,0.3154307629599666,0.21171898982886464,0.44776659156445253
cell_carpet,square,-180,-3.141592653589793,7.45809414466131,3.4031126419186126,cell_carpet,0.008866277289248922,0.3208477445488418,0.21328590770383693,0.4570000704580723,cell_carpet,0.01697496646798262,0.3181392537544042,0.21250244876635077,0.4523833310112624
cell_carpet,square,-180,-3.141592653589793,3.849598163030999,3.454267125908917,cell_carpet,0.0070734293220453045,0.3275224145014664,0.2195091162184599,0.4458950399580285,cell_carpet,0.012024197895013963,0.32283083412793534,0.21600578249240532,0.44913918548464543
cell_carpet,square,-180,-3.141592653589793,3.0792192881745124,3.3791299910702897,cell_carpet,0.009871308260315539,0.31775423542693904,0.2104554331469,0.4619190231658455,cell_carpet,0.01094775307766475,0.3202925347774372,0.21323060781965264,0.45552910432524546
cell_carpet,square,-180,-3.141592653589793,3.08955223880597,3.37734404898584,cell_carpet,0.00995079995160705,0.3175247529441983,0.2102468113374701,0.4622776357667245,cell_carpet,0.0104492765146359,0.31890864386081774,0.2117387095785614,0.45890337004598497
cell_carpet,square,-180,-3.141592653589793,2.397244546498278,3.3388187268784284,cell_carpet,0.011836196006538072,0.31260311979840133,0.20581722939411687,0.46974345480094365,cell_carpet,0.011142736260586986,0.31575588182960956,0.20877796948633914,0.4643234124234643
cell_carpet,square,-180,-3.141592653589793,3.197474167623421,3.3709656843985205,cell_carpet,0.010240184764772339,0.3167061555948358,0.20950414077734303,0.4635495188630489,cell_carpet,0.010691460512679662,0.3162310187122227,0.20914105513184109,0.46393646564325663
cell_carpet,square,-180,-3.141592653589793,2.7921928817451205,3.400816430667177,cell_carpet,0.008957627263282525,0.3205505879527072,0.21301254601421676,0.4574792387697936,cell_carpet,0.009824543887981093,0.31839080333246494,0.2110768005730289,0.4607078522065251
cell_carpet,square,-180,-3.141592653589793,2.3742824339839266,3.415996938384998,cell_carpet,0.008371933354906774,0.32251899285823366,0.21482917469379084,0.4542798990930687,cell_carpet,0.009098238621443933,0.3204548980953493,0.21295298763340986,0.45749387564979693
cell_carpet,square,-180,-3.141592653589793,2.6280137772675087,3.429519071310116,cell_carpet,0.00788513825370572,0.32428010792395195,0.21646619631403716,0.45136855750830523,cell_carpet,0.008491688437574826,0.32236750300965067,0.21470959197372352,0.45443121657905106
cell_carpet,square,-180,-3.141592653589793,2.289322617680827,2.85521112386784,cell_carpet,0.08772990458014283,0.2514991207895551,0.15769021987696355,0.5030807547533386,cell_carpet,0.04811079650885883,0.2869333118996029,0.18619990592534352,0.4787559856661948
cell_carpet,hourglass,-150,-2.6179938779914944,7.839265212399541,7.839265212399541,rubber_carpet,0.0037313793559171204,0.32561692242970564,0.6666838695878919,0.003967828626485246,rubber_carpet,0.0037313793559171204,0.32561692242970564,0.6666838695878919,0.003967828626485246
cell_carpet,hourglass,-150,-2.6179938779914944,3.4247990815154994,5.6320321469575205,grass,0.0019565966161935277,0.4962454591731865,0.29487153224972296,0.20692641196089687,rubber_carpet,0.0028439879860553243,0.4109311908014461,0.48077770091880745,0.10544712029369106
cell_carpet,hourglass,-150,-2.6179938779914944,2.058553386911596,4.440872560275545,cell_carpet,0.0024423109917040696,0.28074865421621853,0.12227064661709518,0.5945383881749822,cell_carpet,0.002643149488879697,0.34583992250883233,0.3015241737679513,0.3499927542343366
cell_carpet,hourglass,-150,-2.6179938779914944,2.288174512055109,3.902698048220437,cell_carpet,0.026889698217326202,0.22401761700698916,0.09218612345541768,0.6569065613202668,cell_carpet,0.01476642385310295,0.28492876975791076,0.19685514861168452,0.5034496577773018
cell_carpet,hourglass,-150,-2.6179938779914944,3.5958668197474166,3.841331802525832,cell_carpet,0.036275371958706115,0.21880910506346968,0.08976296359617174,0.6551525593816524,cell_carpet,0.025520897905904533,0.2518689374106902,0.14330905610392813,0.579301108579477
cell_carpet,hourglass,-150,-2.6179938779914944,3.8737083811710673,3.846727898966705,cell_carpet,0.03534285658270507,0.2192689743276778,0.08997374538950613,0.655414423700111,cell_carpet,0.0304318772443048,0.23556895586918403,0.11664140074671714,0.617357766139794
cell_carpet,hourglass,-150,-2.6179938779914944,4.249138920780712,3.904215187797277,cell_carpet,0.026689240297075142,0.22414630986091297,0.09224698582529703,0.6569174640167149,cell_carpet,0.02856055877068997,0.2298576328650485,0.10444419328600708,0.6371376150782544
cell_carpet,hourglass,-150,-2.6179938779914944,4.377726750861079,3.963404133180252,cell_carpet,0.019886925209981716,0.22920292512795837,0.09467499250841623,0.6562351571536438,cell_carpet,0.02422374199033584,0.22953027899650344,0.09955959289721165,0.6466863861159491
cell_carpet,hourglass,-150,-2.6179938779914944,4.950631458094145,4.073096058170685,cell_carpet,0.01147411921099561,0.23900010049794698,0.0995641595203222,0.6499616207707353,cell_carpet,0.017848930600665724,0.2342651897472252,0.09956187620876693,0.6483240034433422
cell_carpet,hourglass,-150,-2.6179938779914944,5.191733639494834,3.7789258834034953,cell_carpet,0.04879249743557996,0.21341239476031215,0.08733429005570058,0.6504608177484074,cell_carpet,0.03332071401812284,0.22383879225376868,0.09344808313223375,0.6493924105958748
cell_carpet,hourglass,-150,-2.6179938779914944,5.063145809414467,3.9609644087256033,cell_carpet,0.02013099615809004,0.22899245077338626,0.09457254254412964,0.656304010524394,cell_carpet,0.02672585508810644,0.22641562151357747,0.0940103128381817,0.6528482105601344
cell_carpet,hourglass,-150,-2.6179938779914944,7.861079219288174,4.605689501211889,cell_carpet,0.0017619054118728588,0.30536176305077367,0.13674543895027408,0.5561308925870794,cell_carpet,0.01424388024998965,0.2658886922821756,0.11537787589422789,0.6044895515736068
cell_carpet,hourglass,-150,-2.6179938779914944,3.524684270952928,4.743079474422758,cell_carpet,0.0015877263786602438,0.32874852206059135,0.15123935606006067,0.5184243955006878,cell_carpet,0.007915803314324947,0.2973186071713835,0.13330861597714427,0.5614569735371473
cell_carpet,hourglass,-150,-2.6179938779914944,2.025258323765786,4.5685674193136885,cell_carpet,0.001854538378223453,0.2994814590476134,0.1332167726341439,0.5654472299400192,cell_carpet,0.0048851708462742,0.2984000331094985,0.13326269430564408,0.5634521017385832
cell_carpet,hourglass,-150,-2.6179938779914944,2.0091848450057403,4.361398137517541,cell_carpet,0.003148260158400357,0.2702604645083927,0.11633641959023179,0.6102548557429751,cell_carpet,0.004016715502337279,0.28433024880894564,0.12479955694793794,0.5868534787407792
cell_carpet,hourglass,-150,-2.6179938779914944,2.809414466130884,4.20142875366756,cell_carpet,0.006147248710525192,0.2517242737816103,0.10620739404376589,0.6359210834640987,cell_carpet,0.005081982106431236,0.268027261295278,0.11550347549585191,0.611387281102439
cell_carpet,hourglass,-150,-2.6179938779914944,3.445464982778415,4.097844112769487,cell_carpet,0.010144050186879356,0.24132985123169437,0.10075814528933999,0.6477679532920864,cell_carpet,0.007613016146655296,0.2546785562634862,0.10813081039259595,0.6295776171972627
cell_carpet,hourglass,-150,-2.6179938779914944,3.9311136624569456,3.9845643576986856,cell_carpet,0.017887311774337798,0.23103891271267515,0.09557356950312519,0.6555002060098619,cell_carpet,0.012750163960496547,0.24285873448808065,0.10185218994786058,0.6425389116035622
cell_carpet,hourglass,-150,-2.6179938779914944,4.072330654420206,3.860186248245949,cell_carpet,0.033111744542525016,0.22041332162629448,0.09050091836528511,0.6559740154658953,cell_carpet,0.02293095425151078,0.23163602805718758,0.09617655415657284,0.6492564635347288
cell_carpet,hourglass,-150,-2.6179938779914944,4.555683122847301,3.8038015052940426,cell_carpet,0.043402466317049075,0.2155850030502125,0.08830221944598707,0.6527103111867514,cell_carpet,0.03316671028427993,0.22361051555370004,0.09223938680127995,0.65098338736074
cell_carpet,hourglass,-150,-2.6179938779914944,4.702640642939151,3.4528638856997063,cell_carpet,0.18771530361516517,0.17770300367779382,0.07263831029115556,0.5619433824158855,cell_carpet,0.11044100694972254,0.20065675961574692,0.08243884854621775,0.6064633848883128
cell_carpet,hourglass,-150,-2.6179938779914944,7.513203214695753,3.896032657226687,cell_carpet,0.02778723240245193,0.2234524487337751,0.09191940035276917,0.6568409185110039,cell_carpet,0.06911411967608724,0.21205460417476102,0.08717912444949347,0.6316521516996583
cell_carpet,hourglass,-150,-2.6179938779914944,3.048220436280138,4.009695114172726,cell_carpet,0.015767743057284893,0.23324797860821206,0.09666602867663861,0.6543182496578646,cell_carpet,0.04244093136668607,0.22265129139148654,0.09192257656306604,0.6429852006787614
cell_carpet,hourglass,-150,-2.6179938779914944,1.8025258323765785,3.9867330016583744,cell_carpet,0.017693838332363574,0.23122823709561613,0.09566672123949585,0.6554112033325245,cell_carpet,0.03006738484952482,0.22693976424355133,0.09379464890128095,0.6491982020056429
cell_carpet,hourglass,-150,-2.6179938779914944,2.687715269804822,3.973210868733256,cell_carpet,0.018934499936481032,0.23005137349767216,0.0950891599892167,0.6559249665766301,cell_carpet,0.024500942393002927,0.22849556887061173,0.09444190444524883,0.6525615842911365
cell_carpet,hourglass,-150,-2.6179938779914944,3.1561423650975886,3.941063911213165,cell_carpet,0.022232683436336123,0.22728351873146121,0.09374509003428834,0.6567387077979143,cell_carpet,0.023366812914669525,0.2278895438010365,0.09409349723976859,0.6546501460445254
cell_carpet,hourglass,-150,-2.6179938779914944,3.758897818599311,3.921928817451205,cell_carpet,0.024450542675691397,0.22565109578408907,0.09296212645898971,0.6569362350812298,cell_carpet,0.02390867779518046,0.2267703197925628,0.09352781184937915,0.6557931905628775
cell_carpet,hourglass,-150,-2.6179938779914944,4.072330654420207,3.921928817451205,cell_carpet,0.024450542675691397,0.22565109578408907,0.09296212645898971,0.6569362350812298,cell_carpet,0.024179610235435932,0.22621070778832594,0.09324496915418444,0.6563647128220538
cell_carpet,hourglass,-150,-2.6179938779914944,4.696900114810563,3.937619594336012,cell_carpet,0.02261719664934528,0.22698900426163407,0.09360328746262565,0.656790511626395,cell_carpet,0.02339840344239061,0.22659985602498,0.09342412830840505,0.6565776122242244
cell_carpet,hourglass,-150,-2.6179938779914944,4.398392652123996,3.903814262023218,cell_carpet,0.026742077317700588,0.22411229874248623,0.0922308964447445,0.6569147274950686,cell_carpet,0.0250702403800456,0.22535607738373312,0.09282751237657477,0.6567461698596465
cell_carpet,hourglass,-150,-2.6179938779914944,5.061997703788748,3.631458094144661,cell_carpet,0.0941501256451077,0.19937284743747455,0.08134830125566983,0.6251287256617478,cell_carpet,0.05961018301257665,0.21236446241060383,0.0870879068161223,0.6409374477606972
cell_carpet,hourglass,-150,-2.6179938779914944,5.525832376578645,3.9067483097333846,cell_carpet,0.02635766735430362,0.2243612374118831,0.09234873618128339,0.65693235905253,cell_carpet,0.04298392518344014,0.21836284991124347,0.08971832149870285,0.6489349034066136
cell_carpet,hourglass,-150,-2.6179938779914944,2.180252583237658,3.948717948717949,cell_carpet,0.021400503633489748,0.22793924642696878,0.09406165849805288,0.6565985914414885,cell_carpet,0.03219221440846494,0.22315104816910614,0.09188998999837786,0.652766747424051
cell_carpet,hourglass,-150,-2.6179938779914944,3.184845005740528,4.003954586044138,cell_carpet,0.016228863966046284,0.23274031864382766,0.09641391151252678,0.6546169058775992,cell_carpet,0.02421053918725561,0.2279456834064669,0.09415195075545232,0.6536918266508251
cell_carpet,hourglass,-150,-2.6179938779914944,3.804822043628014,4.076030105880852,cell_carpet,0.011307287140768459,0.23927359284026506,0.09970375106719519,0.6497153689517712,cell_carpet,0.017758913164012038,0.23360963812336602,0.09692785091132376,0.6517035978012983
cell_carpet,hourglass,-150,-2.6179938779914944,4.134328358208956,4.117744610281924,cell_carpet,0.009193527896459486,0.24324284391301756,0.10174653297305337,0.6458170952174696,cell_carpet,0.013476220530235762,0.2384262410181918,0.09933719194218857,0.6487603465093839
cell_carpet,hourglass,-150,-2.6179938779914944,4.030998851894374,4.113152187779054,cell_carpet,0.009404042501927135,0.24279811298514287,0.10151613046428301,0.646281714048647,cell_carpet,0.011440131516081448,0.24061217700166732,0.10042666120323579,0.6475210302790154
cell_carpet,hourglass,-150,-2.6179938779914944,5.353616532721011,4.186120678657992,cell_carpet,0.006605235623130556,0.2501162156581324,0.10535235022867227,0.6379261984900648,cell_carpet,0.009022683569606001,0.24536419632989986,0.10288950571595404,0.6427236143845401
cell_carpet,hourglass,-150,-2.6179938779914944,4.442020665901263,4.190968235744355,cell_carpet,0.006455963230236514,0.25062255363298835,0.10562113642667978,0.6373003467100954,cell_carpet,0.007739323399921258,0.2479933749814441,0.10425532107131691,0.6400119805473177
cell_carpet,hourglass,-150,-2.6179938779914944,5.683122847301952,4.259982140579156,cell_carpet,0.004718462868861825,0.2581304551098183,0.10965314399030049,0.6274979380310194,cell_carpet,0.006228893134391541,0.2530619150456312,0.1069542325308087,0.6337549592891685
cell_carpet,hourglass,-150,-2.6179938779914944,4.628013777267508,4.160224518433473,cell_carpet,0.007474050821124222,0.24745534869090471,0.10394676578756702,0.641123834700404,cell_carpet,0.006851471977757881,0.25025863186826797,0.10545049915918786,0.6374393969947862
cell_carpet,hourglass,-150,-2.6179938779914944,5.096440872560276,4.484245439469321,cell_carpet,0.0021839858604846573,0.2868500929859319,0.12578706888721625,0.5851788522663671,cell_carpet,0.00451772891912127,0.2685543624271,0.11561878402320207,0.6113091246305767
cell_carpet,hourglass,-150,-2.6179938779914944,2.278989667049369,4.383594846281414,cell_carpet,0.0029147156371907863,0.27310066692290624,0.11792950406856845,0.6060551133713346,cell_carpet,0.003716222278156028,0.2708275146750031,0.11677414404588526,0.6086821190009557
cell_carpet,hourglass,-150,-2.6179938779914944,2.965556831228473,4.290343156014798,cell_carpet,0.0041464164120348325,0.26161976604139775,0.11155509042745912,0.6226787271191083,cell_carpet,0.0039313193450954305,0.26622364035820045,0.11416461723667219,0.615680423060032
cell_carpet,hourglass,-150,-2.6179938779914944,3.679678530424799,4.239826508483225,cell_carpet,0.0051576117296059,0.2558783008798813,0.10843478155955774,0.630529305830955,cell_carpet,0.004544465537350665,0.26105097061904087,0.11129969939811496,0.6231048644454935
cell_carpet,hourglass,-150,-2.6179938779914944,4.2594718714121695,4.265212399540758,cell_carpet,0.00461258960400737,0.25872317255402716,0.10997500829305545,0.6266892295489099,cell_carpet,0.004578527570679018,0.259887071586534,0.1106373538455852,0.6248970469972017
cell_carpet,hourglass,-150,-2.6179938779914944,4.083811710677383,4.124122974869244,cell_carpet,0.00890958221368531,0.24386386849780078,0.10206888707745114,0.6451576622110629,cell_carpet,0.006744054892182164,0.25187547004216737,0.10635312046151818,0.6350273546041323
cell_carpet,hourglass,-150,-2.6179938779914944,5.012629161882892,4.187523918867202,cell_carpet,0.006561611281077503,0.2502625149822676,0.10542996977752396,0.637745903959131,cell_carpet,0.006652833086629834,0.2510689925122175,0.10589154511952106,0.6363866292816316
cell_carpet,hourglass,-150,-2.6179938779914944,4.163030998851895,4.018624824594974,cell_carpet,0.015076261733931149,0.23404156372837956,0.09706138291014157,0.6538207916275478,cell_carpet,0.010864547410280492,0.24255527812029853,0.10147646401483132,0.6451037104545897
cell_carpet,hourglass,-150,-2.6179938779914944,5.483352468427095,4.113662456946039,cell_carpet,0.009380396681502165,0.2428474290418967,0.10154166133871949,0.6462305129378817,cell_carpet,0.01012247204589133,0.24270135358109762,0.1015090626767754,0.6456671116962357
cell_carpet,hourglass,-150,-2.6179938779914944,4.482204362801379,4.045413955861717,cell_carpet,0.013179389655810638,0.23645330342474263,0.09827187767814098,0.6520954292413058,cell_carpet,0.011650930850850984,0.23957732850292013,0.0998904701774582,0.6488812704687708
cell_carpet,square,-90,-1.5707963267948966,2.6727898966704937,2.6727898966704937,linoleum,0.895520808467144,0.03487985127223707,0.03480077579938423,0.03479856446123472,linoleum,0.895520808467144,0.03487985127223707,0.03480077579938423,0.03479856446123472
cell_carpet,square,-90,-1.5707963267948966,6.601607347876005,4.6371986222732495,linoleum,0.9853582891047928,0.003142542904596459,0.002192518374083188,0.009306649616527564,linoleum,0.9404395487859682,0.01901119708841676,0.018496647086733705,0.02205260703888114
cell_carpet,square,-90,-1.5707963267948966,8.537313432835822,5.937236892460774,cell_carpet,0.03294188890591199,0.05651286179015871,0.010069033006695208,0.9004762162972341,linoleum,0.48669071884594023,0.03776202943928774,0.01428284004671446,0.4612644116680577
cell_carpet,square,-90,-1.5707963267948966,7.991963260619976,6.450918484500575,cell_carpet,0.0040319660911466255,0.05637230751884596,0.006157889127025948,0.9334378372629815,cell_carpet,0.24536134246854344,0.04706716847906685,0.010220364586870204,0.6973511244655196
cell_carpet,square,-90,-1.5707963267948966,7.580941446613088,6.676923076923077,cell_carpet,0.002917922815513136,0.06046644094402354,0.005653077217201584,0.9309625590232616,cell_carpet,0.12413963264202829,0.0537668047115452,0.007936720902035895,0.8141568417443906
cell_carpet,square,-90,-1.5707963267948966,7.7990815154994255,6.863949483352468,cell_carpet,0.002462477381633734,0.06633908103977547,0.005617829892386732,0.9255806116862041,cell_carpet,0.06330105501183102,0.060052942875660334,0.0067772753972113135,0.8698687267152974
cell_carpet,square,-90,-1.5707963267948966,7.803673938002296,6.998195834016729,cell_carpet,0.002252107509944761,0.07222966846912837,0.005790520460462686,0.9197277035604642,cell_carpet,0.03277658126088789,0.06614130567239435,0.006283897928837,0.8947982151378808
cell_carpet,square,-90,-1.5707963267948966,7.785304247990814,7.0965843857634905,cell_carpet,0.0021400893835647992,0.07760639445483243,0.006026019020187423,0.9142274971414153,cell_carpet,0.01745833532222634,0.07187385006361338,0.006154958474512211,0.904512856139648
cell_carpet,square,-90,-1.5707963267948966,7.940298507462686,7.190330399285624,cell_carpet,0.002060352560110116,0.0836992523066611,0.006343343652944475,0.9078970514802843,cell_carpet,0.009759343941168229,0.07778655118513725,0.0062491510637283434,0.9062049538099661
cell_carpet,square,-90,-1.5707963267948966,7.7715269804822045,7.756856741931369,cell_carpet,0.0020023259301827803,0.15067141969794004,0.011020563424482665,0.8363056909473945,cell_carpet,0.005880834935675505,0.11422898544153864,0.008634857244105504,0.8712553223786803
cell_carpet,square,-90,-1.5707963267948966,2.213547646383468,7.269294552876643,cell_carpet,0.0020110813695681804,0.08966959288964005,0.006688089264370984,0.9016312364764207,cell_carpet,0.0039459581526218425,0.10194928916558935,0.0076614732542382435,0.8864432794275505
cell_carpet,square,-90,-1.5707963267948966,7.148105625717566,7.114938129863502,cell_carpet,0.0021225323785360574,0.07872054302274152,0.0060807399777817045,0.9130761846209408,cell_carpet,0.00303424526557895,0.09033491609416544,0.006871106616009974,0.8997597320242456
cell_carpet,square,-90,-1.5707963267948966,8.218140068886338,7.140068886337543,cell_carpet,0.0021000670724237334,0.08030672289364205,0.006161410964461025,0.9114317990694731,cell_carpet,0.0025671561690013417,0.08532081949390374,0.006516258790235499,0.9055957655468594
cell_carpet,square,-90,-1.5707963267948966,7.965556831228473,7.182803929072585,cell_carpet,0.002065870710435249,0.08317191231306066,0.006314307569226162,0.9084479094072778,cell_carpet,0.0023165134397182953,0.0842463659034822,0.00641528317973083,0.9070218374770687
cell_carpet,square,-90,-1.5707963267948966,8.16532721010333,7.223497895139685,cell_carpet,0.0020377708338112587,0.08610763565404962,0.006479072934023958,0.9053755205781152,cell_carpet,0.002177142136764777,0.08517700077876592,0.006447178056877394,0.906198679027592
cell_carpet,square,-90,-1.5707963267948966,7.081515499425947,7.143258068631202,cell_carpet,0.0020973432575099706,0.08051314132275157,0.006172130791478627,0.9112173846282597,cell_carpet,0.002137242697137374,0.08284507105075875,0.00630965442417801,0.9087080318279259
cell_carpet,square,-90,-1.5707963267948966,7.814006888633753,7.146447250924863,cell_carpet,0.002094647633899872,0.0807207322709361,0.0061829604786100825,0.911001659616554,cell_carpet,0.0021159451655186233,0.08178290166084742,0.006246307451394047,0.90985484572224
cell_carpet,square,-90,-1.5707963267948966,7.384615384615385,7.084704681719606,cell_carpet,0.002151985942388713,0.07690464944030181,0.005992454337904625,0.9149509102794048,cell_carpet,0.0021339655539536683,0.07934377555057462,0.006119380894649336,0.9124028780008224
cell_carpet,square,-90,-1.5707963267948966,7.370838117106774,7.040183696900115,cell_carpet,0.002200450334698591,0.0744056558411666,0.005879340893098272,0.9175145529310366,cell_carpet,0.0021672079443261294,0.07687471569587061,0.0059993608938738036,0.9149587154659296
cell_carpet,square,-90,-1.5707963267948966,7.277841561423651,7.602883020793469,cell_carpet,0.001955001360919969,0.12591519425543815,0.009143139669930099,0.8629866647137118,cell_carpet,0.002061104652623049,0.10139495497565437,0.007571250281901951,0.8889726900898207
cell_carpet,square,-90,-1.5707963267948966,7.246842709529277,7.613853807883659,cell_carpet,0.00195692408459344,0.12748207107306125,0.00925820180307714,0.8613028030392681,cell_carpet,0.0020090143686082446,0.11443851302435781,0.008414726042489546,0.8751377465645445
cell_carpet,square,-90,-1.5707963267948966,2.55683122847302,6.984819492282179,cell_carpet,0.002269856042761514,0.07157164522707256,0.005765779712949609,0.9203927190172163,cell_carpet,0.002139435205684879,0.09300507912571518,0.007090252877719578,0.8977652327908804
cell_carpet,square,-90,-1.5707963267948966,7.731343283582089,6.958795764765914,cell_carpet,0.0023062762171748847,0.0703384182396207,0.005722489542511751,0.9216328160006927,cell_carpet,0.002222855711429882,0.08167174868266794,0.006406371210115664,0.9096990243957865
cell_carpet,square,-90,-1.5707963267948966,9.052812858783009,7.057405281285878,cell_carpet,0.0021809605453000053,0.07534825923868134,0.005920748636531295,0.9165500315794874,cell_carpet,0.0022019081283649435,0.07851000396067465,0.006163559923323479,0.913124527987637
cell_carpet,square,-90,-1.5707963267948966,8.735935706084959,7.241229748692435,cell_carpet,0.002026831305815916,0.08745338867501057,0.006556962273503578,0.9039628177456699,cell_carpet,0.00211436971709043,0.08298169631784261,0.006360261098413528,0.9085436728666534
cell_carpet,square,-90,-1.5707963267948966,7.915040183696901,7.252455670366118,cell_carpet,0.0020203037447664813,0.088327000928302,0.006608243793391183,0.9030444515335404,cell_carpet,0.0020673367309284557,0.08565434862307231,0.006484252445902356,0.9057940622000968
cell_carpet,square,-90,-1.5707963267948966,7.515499425947186,7.266998341625207,cell_carpet,0.002012299140614236,0.08948420889902609,0.006676992272523591,0.9018264996878361,cell_carpet,0.002039817935771346,0.0875692787610492,0.006580622359212973,0.9038102809439665
cell_carpet,square,-90,-1.5707963267948966,7.760045924225029,7.310243653527236,cell_carpet,0.001991434103593668,0.09310140699430183,0.006897369524682086,0.8980097893774225,cell_carpet,0.002015626019682507,0.09033534287767551,0.00673899594194753,0.9009100351606945
cell_carpet,square,-90,-1.5707963267948966,7.923076923076922,7.38193647148871,cell_carpet,0.001966131465066116,0.09971844746551113,0.0073186805347770926,0.8909967405346455,cell_carpet,0.001990878742374312,0.09502689517159334,0.0070288382383623125,0.8959533878476701
cell_carpet,square,-90,-1.5707963267948966,7.59931113662457,7.421099630054854,cell_carpet,0.0019569869300872164,0.10368679575180215,0.007580696576542878,0.8867755207415677,cell_carpet,0.001973932836230764,0.09935684546169773,0.007304767407452595,0.8913644542946189
cell_carpet,square,-90,-1.5707963267948966,7.204362801377727,7.937492027044267,cell_carpet,0.002111949747829891,0.1885364141302198,0.01409807125661011,0.7952535648653402,cell_carpet,0.0020429412920303274,0.14394662979595876,0.010701419332031352,0.8433090095799796
cell_carpet,square,-90,-1.5707963267948966,1.993111366245695,7.299910702895779,cell_carpet,0.0019960262197856785,0.09221258225063748,0.0068424950601242256,0.8989488964694526,cell_carpet,0.0020194837559080027,0.11807960602329812,0.00877195719607779,0.8711289530247162
cell_carpet,square,-90,-1.5707963267948966,7.531572904707233,7.130884041331803,cell_carpet,0.0021080703591717428,0.07971873918778333,0.006131148275130673,0.9120420421779142,cell_carpet,0.0020637770575398728,0.09889917260554072,0.007451552735604231,0.8915854976013151
cell_carpet,square,-90,-1.5707963267948966,8.180252583237658,7.069141472126547,cell_carpet,0.002168220399633066,0.07600788732307977,0.0059506563037164855,0.9158732359735706,cell_carpet,0.00211599872858647,0.08745352996431026,0.006701104519660359,0.903729366787443
cell_carpet,square,-90,-1.5707963267948966,7.708381171067738,7.046179359612196,cell_carpet,0.002193556237980518,0.07473043970648151,0.005893424461042175,0.9171825795944958,cell_carpet,0.002154777483283494,0.08109198483539588,0.006297264490351267,0.9104559731909694
cell_carpet,square,-90,-1.5707963267948966,7.469575200918484,7.041076667942339,cell_carpet,0.0021994161187248286,0.07445380071301351,0.005881416033980363,0.9174653671342813,cell_carpet,0.0021770968010041613,0.0777728927742047,0.0060893402621658155,0.9139606701626253
cell_carpet,square,-90,-1.5707963267948966,7.648679678530426,7.02870264064294,cell_carpet,0.0022139817252615625,0.07379367645898802,0.0058533562161068335,0.9181389855996436,cell_carpet,0.0021955392631328617,0.07578328461659636,0.005971348239136325,0.9160498278811344
cell_carpet,square,-90,-1.5707963267948966,7.495981630309989,6.98124760811328,cell_carpet,0.0022747052684920005,0.07139873379970614,0.005759460296548068,0.9205671006352538,cell_carpet,0.002235122265812431,0.07359100920815126,0.005865404267842197,0.9183084642581941
cell_carpet,square,-90,-1.5707963267948966,7.1423650975889785,6.930475825998215,cell_carpet,0.0023488917479647653,0.06906477696782333,0.005682568051833543,0.9229037632323784,cell_carpet,0.002292007006888598,0.07132789308798729,0.00577398615983787,0.9206061137452863
cell_carpet,square,-90,-1.5707963267948966,7.329506314580942,6.944380660798571,cell_carpet,0.0023275675787450757,0.06968137268222248,0.005701238533294043,0.9222898212057384,cell_carpet,0.002309787292816837,0.07050463288510489,0.005737612346565956,0.9214479674755124
cell_carpet,square,-90,-1.5707963267948966,7.42020665901263,7.5473912488837875,cell_carpet,0.0019487679450925432,0.11840765589031087,0.008599983486194208,0.8710435926784025,cell_carpet,0.00212927761895469,0.09445614438770789,0.007168797916380082,0.8962457800769574
cell_carpet,square,-90,-1.5707963267948966,2.7382319173363947,7.014797805842583,cell_carpet,0.0022309616122126994,0.07306974757869744,0.005823603507212041,0.9188756873018779,cell_carpet,0.0021801196155836946,0.08376294598320266,0.006496200711796062,0.9075607336894176
cell_carpet,square,-90,-1.5707963267948966,6.419058553386911,6.819109580303611,cell_carpet,0.002551130930014185,0.06470072184574822,0.005596967776643519,0.9271511794475941,cell_carpet,0.00236562527279894,0.07423183391447544,0.006046584244219791,0.9173559565685059
cell_carpet,square,-90,-1.5707963267948966,8.03329506314581,6.855211123867841,cell_carpet,0.002478934213711469,0.06600762089257879,0.0056123289811488885,0.9259011159125609,cell_carpet,0.002422279743255204,0.07011972740352712,0.005829456612684339,0.9216285362405334
cell_carpet,square,-90,-1.5707963267948966,7.924225028702641,6.905727771399414,cell_carpet,0.0023888381349118004,0.06800816505958797,0.005653750549897665,0.9239492462556025,cell_carpet,0.0024055589390835023,0.06906394623155754,0.005741603581291002,0.922788891248068
cell_carpet,square,-90,-1.5707963267948966,7.724454649827784,6.914147212654676,cell_carpet,0.0023749544911081974,0.06836184074595966,0.005662922345755307,0.9236002824171767,cell_carpet,0.00239025671509585,0.0687128934887586,0.005702262963523155,0.9231945868326223
cell_carpet,square,-90,-1.5707963267948966,6.994259471871413,6.8584003061615,cell_carpet,0.0024728838782818955,0.06612789786395579,0.005614256075989391,0.9257849621817729,cell_carpet,0.0024315702966888728,0.06742039567635719,0.005658259519756273,0.9244897745071976
cell_carpet,square,-90,-1.5707963267948966,7.376578645235361,6.884424033677765,cell_carpet,0.0024253748022687576,0.06713941416690944,0.0056334428216294075,0.9248017682091924,cell_carpet,0.002428472549478815,0.06727990492163331,0.00564585117069284,0.924645771358195
cell_carpet,square,-90,-1.5707963267948966,7.516647531572905,6.9052175022324285,cell_carpet,0.002389689508808275,0.06798692002975029,0.005653215583683367,0.923970174877758,cell_carpet,0.0024090810291435448,0.0676334124756918,0.005649533377188104,0.9243079731179765
cell_carpet,square,-90,-1.5707963267948966,6.68886337543054,6.823957137389973,cell_carpet,0.002541026395205499,0.06487044929799733,0.005598340910021769,0.9269901833967754,cell_carpet,0.002475053712174522,0.06625193088684456,0.005623937143604936,0.925649078257376
cell_carpet,square,-90,-1.5707963267948966,7.272101033295063,7.327720372496491,cell_carpet,0.0019842182085012673,0.0946408986811693,0.006993445274484585,0.8963814378358448,cell_carpet,0.002229635960337895,0.08044641478400694,0.006308691209044761,0.9110152580466104
cell_carpet,hourglass,-90,-1.5707963267948966,5.453501722158439,5.453501722158439,cell_carpet,0.46716618358358947,0.042084564587327504,0.013197327485482288,0.4775519243436007,cell_carpet,0.23469790977196367,0.061265489685667224,0.009753009347263523,0.6942835911951055
cell_carpet,hourglass,-90,-1.5707963267948966,6.452353616532721,5.952927669345581,cell_carpet,0.029929521658986772,0.056397487330498645,0.009876602038747788,0.9037963889717668,cell_carpet,0.13231371571547523,0.05883148850808294,0.009814805693005656,0.7990399900834362
cell_carpet,hourglass,-90,-1.5707963267948966,8.032146957520093,6.646000765403751,cell_carpet,0.00302070889571375,0.05972481936032304,0.005690608034543372,0.9315638637094199,cell_carpet,0.0676672123055945,0.05927815393420299,0.0077527068637745136,0.865301926896428
cell_carpet,hourglass,-90,-1.5707963267948966,8.006888633754306,6.98622273249139,cell_carpet,0.0022679637618191577,0.07163989593512166,0.00576829537517994,0.9203238449278792,cell_carpet,0.03496758803370683,0.06545902493466232,0.006760501119477227,0.8928128859121536
cell_carpet,hourglass,-90,-1.5707963267948966,7.611940298507462,7.1113662456946045,cell_carpet,0.0021258720143445295,0.07850082572510023,0.006069815643983395,0.9133034866165718,cell_carpet,0.018546730024025678,0.07197992532988128,0.006415158381730311,0.9030581862643627
cell_carpet,hourglass,-90,-1.5707963267948966,7.703788748564869,7.210103329506315,cell_carpet,0.00204655369755409,0.0851182083710113,0.006422716639418525,0.9064125212920161,cell_carpet,0.010296641860789884,0.0785490668504463,0.006418937510574418,0.9047353537781895
cell_carpet,hourglass,-90,-1.5707963267948966,7.902411021814008,7.309004428407413,cell_carpet,0.0019919719809319276,0.09299398006554464,0.0068907134816550124,0.8981233344718685,cell_carpet,0.006144306920860906,0.08577152345799546,0.006654825496114715,0.901429344125029
cell_carpet,hourglass,-90,-1.5707963267948966,7.536165327210103,7.33739954075775,cell_carpet,0.001980516328389637,0.09551345902712796,0.007048452747375923,0.8954575718971064,cell_carpet,0.004062411624625273,0.09064249124256173,0.006851639121745319,0.8984434580110677
cell_carpet,hourglass,-90,-1.5707963267948966,7.26406429391504,7.329251179997448,cell_carpet,0.001983618843381387,0.09477794283011015,0.00700205886198005,0.8962363794645284,cell_carpet,0.0030230152340033297,0.09271021703633595,0.006926848991862685,0.8973399187377981
cell_carpet,hourglass,-90,-1.5707963267948966,7.388059701492538,7.544202066590127,cell_carpet,0.001948588627192179,0.11799667337899848,0.008570660583670928,0.8714840774101384,cell_carpet,0.0024858019305977544,0.1053534452076672,0.007748754787766807,0.8844119980739682
cell_carpet,hourglass,-90,-1.5707963267948966,5.831228473019517,7.475188161755327,cell_carpet,0.0019495693487543405,0.10961463089934646,0.007982962512009072,0.8804528372398901,cell_carpet,0.0022176856396760474,0.10748403805350684,0.007865858649887938,0.8824324176569291
cell_carpet,hourglass,-90,-1.5707963267948966,6.654420206659014,7.32210741165965,cell_carpet,0.001986460755770466,0.09414145109408484,0.0069621368419401815,0.8969099513082045,cell_carpet,0.0021020731977232565,0.10081274457379584,0.00741399774591406,0.8896711844825669
cell_carpet,hourglass,-90,-1.5707963267948966,8.404133180252584,7.366245694603904,cell_carpet,0.0019707083410520783,0.09820065533758006,0.007220204102344106,0.8926084322190239,cell_carpet,0.002036390769387667,0.09950669995568795,0.007317100924129083,0.8911398083507953
cell_carpet,hourglass,-90,-1.5707963267948966,8.225028702640643,7.434366628396479,cell_carpet,0.0019546146184505984,0.10509149030044435,0.00767490477746853,0.8852789903036367,cell_carpet,0.001995502693919133,0.10229909512806615,0.007496002850798806,0.888209399327216
cell_carpet,hourglass,-90,-1.5707963267948966,7.350172215843858,7.395075902538589,cell_carpet,0.001962703353851454,0.10102076624577816,0.007403966322198339,0.8896125640781721,cell_carpet,0.001979103023885293,0.10165993068692213,0.007449984586498571,0.8889109817026939
cell_carpet,hourglass,-90,-1.5707963267948966,7.786452353616533,7.382191606072204,cell_carpet,0.001966061403933306,0.09974346117854269,0.007320311878738136,0.8909701655387858,cell_carpet,0.0019725822139093,0.10070169593273241,0.0073851482326183545,0.88994057362074
cell_carpet,hourglass,-90,-1.5707963267948966,7.6854190585533875,7.398775353999235,cell_carpet,0.001961804123416741,0.10139267594846642,0.007428450829755081,0.8892170690983618,cell_carpet,0.0019671931686630205,0.10104718594059942,0.007406799531186718,0.8895788213595509
cell_carpet,hourglass,-90,-1.5707963267948966,7.6613088404133185,7.442913636943489,cell_carpet,0.001953277990831023,0.10601313048878915,0.007737105166328132,0.8842964863540517,cell_carpet,0.0019602355797470215,0.10353015821469427,0.0075719523487574256,0.8869376538568012
cell_carpet,hourglass,-90,-1.5707963267948966,7.303099885189437,7.433473657354254,cell_carpet,0.0019547629085899794,0.10499595904096626,0.007668474894373182,0.8853808031560706,cell_carpet,0.0019574992441685002,0.10426305862783027,0.007620213621565303,0.8861592285064359
cell_carpet,hourglass,-90,-1.5707963267948966,7.447761194029851,7.613088404133181,cell_carpet,0.0019567826090640646,0.12737183991879447,0.009250088763045835,0.8614212887090957,cell_carpet,0.0019571409266162824,0.11581744927331236,0.00843515119230557,0.8737902586077658
cell_carpet,hourglass,-90,-1.5707963267948966,4.835820895522388,7.411021814006888,cell_carpet,0.001959032638053125,0.1026404904602676,0.007511005579102299,0.8878894713225771,cell_carpet,0.0019580867823347035,0.10922896986678998,0.007973078385703934,0.8808398649651714
cell_carpet,hourglass,-90,-1.5707963267948966,7.791044776119403,7.342900880214312,cell_carpet,0.001978504941852195,0.09601583757754285,0.007080297772178762,0.8949253597084261,cell_carpet,0.0019682958620934493,0.10262240372216641,0.007526688078941348,0.8878826123367988
cell_carpet,hourglass,-90,-1.5707963267948966,8.918484500574053,7.419951524429136,cell_carpet,0.0019572093313193883,0.10356670005692202,0.007572676195512,0.8869034144162465,cell_carpet,0.0019627525967064186,0.10309455188954422,0.007549682137226675,0.8873930133765227
cell_carpet,hourglass,-90,-1.5707963267948966,7.910447761194029,7.482204362801379,cell_carpet,0.0019490404339572174,0.11042356939292833,0.00803876897156827,0.8795886212015461,cell_carpet,0.0019558965153318184,0.10675906064123629,0.007794225554397473,0.8834908172890344
cell_carpet,hourglass,-90,-1.5707963267948966,8.425947187141217,7.55325934430412,cell_carpet,0.0019491490761316644,0.11916953791901795,0.008654459906631254,0.8702268530982191,cell_carpet,0.0019525227957317413,0.11296429928012712,0.008224342730514363,0.8768588351936268
cell_carpet,hourglass,-90,-1.5707963267948966,7.826636050516647,7.568950121188927,cell_carpet,0.0019504927515146652,0.12124330987351371,0.008803497059706025,0.8680027003152656,cell_carpet,0.0019515077736232032,0.11710380457682042,0.008513919895110194,0.8724307677544463
cell_carpet,hourglass,-90,-1.5707963267948966,8.115958668197473,7.6194667687205,cell_carpet,0.0019579951079855373,0.12829465699577136,0.009318092881562953,0.86042925501468,cell_carpet,0.0019547514408043707,0.1226992307862959,0.008916006388336575,0.8664300113845632
cell_carpet,hourglass,-90,-1.5707963267948966,7.455797933409873,7.63643321852277,cell_carpet,0.001961590365384141,0.13079660218277597,0.009503417086027166,0.8577383903658127,cell_carpet,0.001958170903094256,0.12674791648453593,0.00920971173718187,0.8620842008751879
cell_carpet,hourglass,-90,-1.5707963267948966,7.528128587830081,7.645362928945017,cell_carpet,0.001963697815006526,0.13214143971998807,0.0096035938141171,0.8562912686508882,cell_carpet,0.001960934359050391,0.129444678102262,0.009406652775649485,0.8591877347630381
cell_carpet,hourglass,-90,-1.5707963267948966,7.319173363949483,7.921290980992473,cell_carpet,0.002099806805880864,0.18469654816334094,0.013775956677354515,0.7994276883534236,cell_carpet,0.002030370582465628,0.1570706131328015,0.011591304726502003,0.8293077115582309
cell_carpet,hourglass,-90,-1.5707963267948966,5.032146957520092,7.614746778925883,cell_carpet,0.0019570905273582225,0.12761084840774842,0.009267683328668501,0.8611643777362248,cell_carpet,0.001993730554911926,0.14234073077027498,0.010429494027585253,0.8452360446472279
cell_carpet,hourglass,-90,-1.5707963267948966,6.909299655568312,7.391504018369691,cell_carpet,0.0019635990120132527,0.10066387536562692,0.007380523892090646,0.8899920017302692,cell_carpet,0.0019786647834625893,0.12150230306795096,0.00890500895983795,0.8676140231887486
cell_carpet,hourglass,-90,-1.5707963267948966,8.427095292766934,7.448909299655568,cell_carpet,0.0019524294464096654,0.10666757262831747,0.007781454535761878,0.883598543389511,cell_carpet,0.0019655471149361272,0.11408493784813421,0.008343231747799914,0.8756062832891298
cell_carpet,hourglass,-90,-1.5707963267948966,8.396096440872562,7.445592550070163,cell_carpet,0.0019528897976974434,0.10630472924692336,0.007756847403493001,0.8839855335518862,cell_carpet,0.001959218456316785,0.11019483354752879,0.008050039575646458,0.879795908420508
cell_carpet,hourglass,-90,-1.5707963267948966,7.486796785304249,7.407832631713229,cell_carpet,0.0019597241108505886,0.10231305753599389,0.007489283176932903,0.8882379351762227,cell_carpet,0.001959471283583687,0.10625394554176135,0.007769661376289681,0.8840169217983653
cell_carpet,hourglass,-90,-1.5707963267948966,7.938002296211251,7.388059701492537,cell_carpet,0.001964488279737088,0.10032176112474091,0.007358101682147344,0.8903556489133746,cell_carpet,0.0019619797816603874,0.10328785333325113,0.0075638815292185125,0.88718628535587
cell_carpet,hourglass,-90,-1.5707963267948966,7.10332950631458,7.3488965429263935,cell_carpet,0.001976388814352391,0.09656873287383143,0.007115488482344964,0.8943393898294711,cell_carpet,0.0019691842980063892,0.09992829310354129,0.007339685005781738,0.8907628375926706
cell_carpet,hourglass,-90,-1.5707963267948966,6.72101033295063,7.259216736828677,cell_carpet,0.002016519330019064,0.08886139077491237,0.006639878069598502,0.9024822118254702,cell_carpet,0.0019928518140127265,0.09439484193922683,0.00698978153769012,0.8966225247090704
cell_carpet,hourglass,-90,-1.5707963267948966,7.750861079219288,7.307182038525322,cell_carpet,0.001992769325488444,0.09283641208431886,0.006880962436094745,0.8982898561540978,cell_carpet,0.0019928105697505855,0.09361562701177284,0.006935371986892433,0.8974561904315841
cell_carpet,hourglass,-90,-1.5707963267948966,7.017221584385764,7.527745885954841,cell_carpet,0.001947975944969488,0.11591007892281828,0.00842248514526931,0.8737194599869429,cell_carpet,0.001970393257360037,0.10476285296729557,0.007678928566080872,0.8855878252092635
cell_carpet,hourglass,-90,-1.5707963267948966,5.847301951779564,7.409746141089425,cell_carpet,0.001959306676163497,0.10250930642724673,0.00750229759729223,0.8880290892992975,cell_carpet,0.001964849966761767,0.10363607969727115,0.007590613081686551,0.8868084572542805
cell_carpet,hourglass,-90,-1.5707963267948966,6.765786452353616,7.225156269932389,cell_carpet,0.002036714716289922,0.08623174855498375,0.006486197905121747,0.9052453388236046,cell_carpet,0.0020007823415258445,0.09493391412612745,0.0070384054934041484,0.8960268980389425
cell_carpet,hourglass,-90,-1.5707963267948966,7.985074626865671,7.179487179487179,cell_carpet,0.0020683495559289957,0.0829417279797213,0.006301715478654702,0.908688206985695,cell_carpet,0.00203456594872742,0.08893782105292437,0.006670060486029425,0.9023575525123188
cell_carpet,hourglass,-90,-1.5707963267948966,7.926521239954075,7.228345452226048,cell_carpet,0.002034702954746141,0.08647143494357784,0.006499991846675974,0.904993870255,cell_carpet,0.002034634451736781,0.08770462799825111,0.006585026166352701,0.9036757113836594
cell_carpet,hourglass,-90,-1.5707963267948966,7.64638346727899,7.195943360122464,cell_carpet,0.002056333267458167,0.08409707719959959,0.006365417682793848,0.9074811718501484,cell_carpet,0.0020454838595974738,0.08590085259892535,0.0064752219245732745,0.9055784416169039
cell_carpet,hourglass,-90,-1.5707963267948966,7.308840413318025,7.2187779053450685,cell_carpet,0.0020408143044954126,0.08575634424652008,0.006458972739837383,0.9057438687091471,cell_carpet,0.002043149082046443,0.08582859842272272,0.006467097332205329,0.9056611551630256
cell_carpet,hourglass,-90,-1.5707963267948966,7.270952927669346,7.279882638091594,cell_carpet,0.0020056272015379255,0.09053396051096282,0.0067401232446390605,0.9007202890428602,cell_carpet,0.002024388141792184,0.08818127946684277,0.006603610288422195,0.9031907221029429
cell_carpet,hourglass,-90,-1.5707963267948966,6.825487944890931,7.1770634009439975,cell_carpet,0.002070179355123867,0.08277436295080157,0.006292591873823507,0.9088628658202511,cell_carpet,0.0020472837484580256,0.08547782120882216,0.006448101081122851,0.906026793961597
cell_carpet,hourglass,-90,-1.5707963267948966,7.486796785304248,7.229238423268274,cell_carpet,0.0020341441863478875,0.08653878543303749,0.006503875914039139,0.9049231944665755,cell_carpet,0.0020407139674029568,0.08600830332092982,0.006475988497580995,0.9054749942140863
cell_carpet,hourglass,-90,-1.5707963267948966,7.021814006888634,7.359739762724838,cell_carpet,0.001972761762591699,0.0975830526652853,0.0071804285269337804,0.8932637570451892,cell_carpet,0.002006737864997328,0.09179567799310756,0.006828208512257388,0.8993693756296377
cell_carpet,hourglass,-30,-0.5235987755982988,4.642939150401838,4.642939150401838,cell_carpet,0.001575231454618764,0.3728646615596332,0.2037558590915618,0.4218042478941862,cell_carpet,0.001575231454618764,0.3728646615596332,0.2037558590915618,0.4218042478941862
cell_carpet,hourglass,-30,-0.5235987755982988,7.618828932261768,6.130884041331803,grass,0.002487252764085243,0.49271977307325027,0.47054539264537126,0.03424758151729317,grass,0.0020312421093520035,0.43279221731644174,0.33715062586846656,0.22802591470573969
cell_carpet,hourglass,-30,-0.5235987755982988,5.631458094144661,5.964408725602755,grass,0.002371198259603296,0.5032144851321347,0.4428018882838995,0.05161242832436251,grass,0.0022012201844776496,0.46800335122428827,0.389976257076183,0.1398191715150511
cell_carpet,hourglass,-30,-0.5235987755982988,5.587830080367394,5.870264064293915,grass,0.0023076405010481788,0.5066794607575189,0.4266017015663759,0.06441119717505711,grass,0.0022544303427629144,0.4873414059909036,0.40828897932127944,0.10211518434505411
cell_carpet,hourglass,-30,-0.5235987755982988,5.177956371986222,5.731802525832377,grass,0.002215191404188587,0.5080573077497715,0.4020142018332109,0.08771329901282898,grass,0.0022348108734757508,0.49769935687033756,0.40515159057724515,0.09491424167894155
cell_carpet,hourglass,-30,-0.5235987755982988,5.359357060849598,5.66972828166858,grass,0.0021737498334303616,0.5071274655893621,0.39069212058638825,0.10000666399081934,grass,0.002204280353453056,0.5024134112298498,0.3979218555818167,0.09746045283488045
cell_carpet,hourglass,-30,-0.5235987755982988,5.8369690011481055,5.693619813022798,grass,0.002189713852646181,0.5076026064345665,0.39507128391687085,0.09513639579591648,grass,0.0021969971030496183,0.5050080088322082,0.3964965697493438,0.09629842431539846
cell_carpet,hourglass,-30,-0.5235987755982988,5.714121699196326,5.696182548794489,grass,0.0021914250452150946,0.5076448125693783,0.39553943734877767,0.0946243250366288,grass,0.0021942110741323567,0.5063264107007933,0.39601800354906075,0.09546137467601365
cell_carpet,hourglass,-30,-0.5235987755982988,5.661308840413319,5.6923076923076925,grass,0.002188837640339105,0.5075803419734425,0.3948314701337951,0.0953993502524232,grass,0.0021915243572357313,0.506953376337118,0.395424736841428,0.09543036246421845
cell_carpet,hourglass,-30,-0.5235987755982988,5.128587830080368,5.746268656716418,grass,0.00222483701698994,0.5081328767814306,0.40462643324651887,0.08501585295506053,grass,0.002208180687112836,0.5075431265592742,0.40002558504397345,0.09022310770963948
cell_carpet,hourglass,-30,-0.5235987755982988,5.261768082663605,5.484373006761066,grass,0.002048821848925081,0.49834451079184916,0.35590249773413213,0.14370416962509364,grass,0.0021285012680189582,0.5029438186755617,0.3779640413890528,0.11696363866736656
cell_carpet,hourglass,-30,-0.5235987755982988,3.5005740528128597,5.247608113279755,grass,0.001886681637165713,0.4743435154773839,0.3102272265435396,0.21354257634191084,grass,0.0020075914525923355,0.4886436670764728,0.3440956339662962,0.1652531075046387
cell_carpet,hourglass,-30,-0.5235987755982988,1.9391504018369687,4.842199260109708,grass,0.0016330137413221074,0.40910414038543275,0.23550122378422317,0.35376162208902207,grass,0.0018203025969572215,0.44887390373095276,0.2897984288752597,0.2595073647968304
cell_carpet,hourglass,-30,-0.5235987755982988,2.859931113662457,4.584640898073734,cell_carpet,0.0015837266157924296,0.36244309594992674,0.19532873399600703,0.4406444434382738,grass,0.0017020146063748255,0.4056584998404398,0.24256358143563336,0.3500759041175521
cell_carpet,hourglass,-30,-0.5235987755982988,3.545350172215844,4.383084577114428,cell_carpet,0.001837199130632779,0.32831273293208213,0.1694269481061901,0.500423119831095,cell_carpet,0.0017696068685038023,0.3669856163862609,0.20599526477091173,0.42524951197432354
cell_carpet,hourglass,-30,-0.5235987755982988,4.30654420206659,4.213037377216482,cell_carpet,0.0027058759403556527,0.30272454747083233,0.1514612743289449,0.5431083022598671,cell_carpet,0.0022377414044297272,0.3348550819285466,0.17872826954992832,0.4841789071170953
cell_carpet,hourglass,-30,-0.5235987755982988,4.213547646383467,4.046306926903942,cell_carpet,0.005116972191451812,0.28093066994440963,0.13704182602656742,0.5769105318375712,cell_carpet,0.0036773567979407696,0.3078928759364781,0.15788504778824786,0.5305447194773333
cell_carpet,hourglass,-30,-0.5235987755982988,4.607347876004592,3.9292001530807497,cell_carpet,0.0087948069598861,0.26747672466940137,0.12856004117433117,0.5951684271963813,cell_carpet,0.006236081878913434,0.28768480030293975,0.14322254448128952,0.5628565733368573
cell_carpet,hourglass,-30,-0.5235987755982988,4.791044776119403,3.891695369307309,cell_carpet,0.010538892338965728,0.26344744329037023,0.12608957412950225,0.5999240902411619,cell_carpet,0.008387487108939582,0.27556612179665496,0.13465605930539587,0.5813903317890097
cell_carpet,hourglass,-30,-0.5235987755982988,4.866819747416762,3.847812220946549,cell_carpet,0.013047231780782811,0.2588783762353113,0.12333129049551737,0.6047431014883885,cell_carpet,0.010717359444861196,0.2672222490159831,0.12899367490045663,0.5930667166386991
cell_carpet,hourglass,-30,-0.5235987755982988,1.656716417910448,3.642939150401837,cell_carpet,0.03490217738964459,0.23881897591944498,0.11185670389032353,0.6144221428005868,cell_carpet,0.022809768417252893,0.25302061246771407,0.12042518939539007,0.603744429719643
cell_carpet,hourglass,-30,-0.5235987755982988,3.60849598163031,3.828421992601097,cell_carpet,0.014341383967845893,0.25690366711836937,0.12215423155176794,0.6066007173620167,cell_carpet,0.018575576192549393,0.2549621397930417,0.121289710473579,0.6051725735408299
cell_carpet,hourglass,-30,-0.5235987755982988,3.69345579793341,3.921035846408981,cell_carpet,0.009146396420356865,0.2665890948143155,0.12801287156227495,0.5962516372030527,cell_carpet,0.013860986306453129,0.2607756173036786,0.12465129101792698,0.6007121053719413
cell_carpet,hourglass,-30,-0.5235987755982988,4.482204362801378,4.02513075647404,cell_carpet,0.005621899241603867,0.27839163927071975,0.13541528705723224,0.5805711744304441,cell_carpet,0.009741442774028497,0.2695836282871992,0.1300332890375796,0.5906416399011927
cell_carpet,hourglass,-30,-0.5235987755982988,4.492537313432837,4.045796657736956,cell_carpet,0.00512845573897388,0.2808689070840636,0.13700212298978764,0.5770005141871749,cell_carpet,0.007434949256501188,0.2752262676856314,0.13351770601368362,0.5838210770441838
cell_carpet,hourglass,-30,-0.5235987755982988,5.138920780711826,4.148615894884552,cell_carpet,0.0033728168676387593,0.29391568222513764,0.14553604759244057,0.5571754533147831,cell_carpet,0.005403883062069974,0.2845709749553845,0.13952687680306208,0.5704982651794834
cell_carpet,hourglass,-30,-0.5235987755982988,4.73134328358209,4.162393162393163,cell_carpet,0.003207617357504088,0.2957579621132611,0.1467644494050529,0.5542699711241819,cell_carpet,0.004305750209787031,0.2901644685343228,0.1431456631040575,0.5623841181518326
cell_carpet,hourglass,-30,-0.5235987755982988,5.501722158438576,4.241357315984182,cell_carpet,0.002486630526593565,0.30675351461849415,0.15421490680910063,0.5365449480458118,cell_carpet,0.003396190368190298,0.2984589915764085,0.14868028495657906,0.5494645330988221
cell_carpet,hourglass,-30,-0.5235987755982988,4.912743972445465,4.246460007654037,cell_carpet,0.0024511299572631145,0.3074895737211381,0.15472094342922493,0.5353383528923739,cell_carpet,0.002923660162726706,0.3029742826487733,0.15170061419290198,0.542401442995598
cell_carpet,hourglass,-30,-0.5235987755982988,5.561423650975889,4.680316366883531,cell_carpet,0.0015777862783551725,0.37962487189849176,0.20937237903144207,0.409424962791711,cell_carpet,0.0022507232205409397,0.3412995772736326,0.18053649661217205,0.4759132028936545
cell_carpet,hourglass,-30,-0.5235987755982988,8.120551090700346,5.181655823446868,grass,0.0018417183314444776,0.4653972559334323,0.2975311706297047,0.23522985510541844,grass,0.0020462207759927085,0.40334841660353243,0.23903383362093839,0.3555715289995365
cell_carpet,hourglass,-30,-0.5235987755982988,2.784156142365098,5.0806225283837225,grass,0.0017741672157665803,0.4501495859687179,0.2783436940708846,0.269732552744631,grass,0.0019101939958796445,0.42674900128612514,0.2586887638459115,0.31265204087208376
cell_carpet,hourglass,-30,-0.5235987755982988,1.9931113662456943,4.804056639877535,grass,0.0016153572492702412,0.40217952647558347,0.2290951782697989,0.3671099380053473,grass,0.0017627756225749428,0.41446426388085433,0.2438919710578552,0.33988098943871553
cell_carpet,hourglass,-30,-0.5235987755982988,2.171067738231917,4.546115575966322,cell_carpet,0.0016002788468067973,0.3556647223319403,0.18998736741426106,0.4527476314069919,cell_carpet,0.00168152723469087,0.38506449310639734,0.21693966923605812,0.3963143104228537
cell_carpet,hourglass,-30,-0.5235987755982988,2.920780711825488,4.299655568312285,cell_carpet,0.0021432079883514994,0.3153449529411301,0.16017922209837326,0.5223326169721452,cell_carpet,0.0019123676115211847,0.3502047230237637,0.1885594456672157,0.45932346369749943
cell_carpet,hourglass,-30,-0.5235987755982988,3.6865671641791047,4.1835693328230645,cell_carpet,0.002978877881809504,0.29863370261673516,0.1486933611527551,0.5496940583487003,cell_carpet,0.0024456227466653443,0.32441921282024944,0.16862640340998541,0.5045087610230998
cell_carpet,hourglass,-30,-0.5235987755982988,3.730195177956372,3.9867330016583744,cell_carpet,0.006700954931640056,0.2739108261850546,0.13257350969908993,0.5868147091842155,cell_carpet,0.0045732888391527005,0.299165019502652,0.15059995655453767,0.5456617351036577
cell_carpet,hourglass,-30,-0.5235987755982988,4.665901262916188,3.9593060339328994,cell_carpet,0.007620180058694131,0.270803367211832,0.13062496421729658,0.5909514885121773,cell_carpet,0.006096734448923415,0.284984193357242,0.14061246038591713,0.5683066118079174
cell_carpet,hourglass,-30,-0.5235987755982988,4.979334098737083,3.8946294170174767,cell_carpet,0.010390081058297102,0.263758319279227,0.1262789450227408,0.5995726546397351,cell_carpet,0.008243407753610259,0.2743712563182345,0.13344570270432898,0.5839396332238262
cell_carpet,hourglass,-30,-0.5235987755982988,5.6544202066590135,3.6206148743462174,cell_carpet,0.03869920333637856,0.23666515183354367,0.11069323538562058,0.6139424094444572,cell_carpet,0.02347130554499441,0.2555182040758891,0.12206946904497479,0.5989410213341417
cell_carpet,hourglass,-30,-0.5235987755982988,7.626865671641791,4.158693710932517,cell_carpet,0.0032506520754074925,0.2952610584224749,0.146432559286895,0.5550557302152227,cell_carpet,0.01336097881020095,0.27538963124918203,0.13425101416593488,0.5769983757746822
cell_carpet,hourglass,-30,-0.5235987755982988,3.1228473019517797,4.284219926010971,cell_carpet,0.0022217735739105495,0.31303162201404716,0.158560775603418,0.5261858288086244,cell_carpet,0.00779137619205575,0.29421062663161457,0.14640589488467642,0.5515921022916532
cell_carpet,hourglass,-30,-0.5235987755982988,1.9552238805970148,4.260237275162648,cell_carpet,0.0023608743965705067,0.3094922887777072,0.15610246709177245,0.5320443697339499,cell_carpet,0.0050761252943131285,0.3018514577046609,0.15125418098822443,0.5418182360128015
cell_carpet,hourglass,-30,-0.5235987755982988,2.276693455797933,4.18867202449292,cell_carpet,0.002928007282059314,0.29933465291648137,0.1491656334771916,0.5485717063242678,cell_carpet,0.004002066288186222,0.3005930553105711,0.15020990723270802,0.5451949711685347
cell_carpet,hourglass,-30,-0.5235987755982988,2.9150401836969,4.102946804439341,cell_carpet,0.004026964556657244,0.2879694026420731,0.1416103235652262,0.5663933092360434,cell_carpet,0.004014515422421733,0.29428122897632214,0.14591011539896712,0.555794140202289
cell_carpet,hourglass,-30,-0.5235987755982988,3.796785304247991,4.110345707360633,cell_carpet,0.003908832103946677,0.2889161369970118,0.14223133351878367,0.5649436973802578,cell_carpet,0.003961673763184205,0.29159868298666697,0.1440707244588754,0.5603689187912735
cell_carpet,hourglass,-30,-0.5235987755982988,3.7141216991963257,4.004592422502871,cell_carpet,0.006171047647896008,0.2759755535648723,0.13387836142555218,0.5839750373616794,cell_carpet,0.005066360705540106,0.28378711827576963,0.13897454294221379,0.5721719780764765
cell_carpet,hourglass,-30,-0.5235987755982988,4.569460390355912,3.959050899349407,cell_carpet,0.007629374934465776,0.27077481139780823,0.13060714505700152,0.5909886686107245,cell_carpet,0.006347867820002941,0.27728096483678893,0.13479084399960767,0.5815803233436005
cell_carpet,hourglass,-30,-0.5235987755982988,4.8369690011481055,3.868222987625973,cell_carpet,0.011812090540875932,0.26098532779455214,0.1245973276634927,0.6026052540010793,cell_carpet,0.009079979180439436,0.26913314631567054,0.12969408583155018,0.5920927886723399
cell_carpet,hourglass,-30,-0.5235987755982988,5.258323765786453,3.605051664753157,cell_carpet,0.04156018780522279,0.2351557938409591,0.10988610171560616,0.6133979166382121,cell_carpet,0.025320083492831113,0.2521444700783148,0.11979009377357816,0.602745352655276
cell_carpet,straight,0,0.0,0.0011481056257175,0.0011481056257175,rubber_carpet,0.15705172702050738,0.36877074976374247,0.39798676919161013,0.07619075402413998,rubber_carpet,0.15705172702050738,0.36877074976374247,0.39798676919161013,0.07619075402413998
cell_carpet,straight,0,0.0,3.34443168771527,1.672789896670494,linoleum,0.6432966909429622,0.1064370692075351,0.07048595002468279,0.17978028982481986,linoleum,0.4001742089817348,0.23760390948563878,0.23423635960814645,0.12798552192447993
cell_carpet,straight,0,0.0,2.073478760045924,1.8063528511289704,linoleum,0.6053969616054982,0.11335405221752805,0.07368482211861681,0.20756416405835695,linoleum,0.5027855852936165,0.17547898085158342,0.15396059086338162,0.16777484299141843
cell_carpet,straight,0,0.0,1.711825487944891,1.7827210103329507,linoleum,0.6129924242828914,0.11187685174717436,0.07294731774392309,0.2021834062260112,linoleum,0.557889004788254,0.14367791629937893,0.11345395430365236,0.18497912460871482
cell_carpet,straight,0,0.0,1.742824339839265,1.7747416762342136,linoleum,0.6154696871836569,0.11140276804418456,0.07271486069020393,0.20041268408195467,linoleum,0.5866793459859554,0.12754034217178173,0.09308440749692815,0.19269590434533473
cell_carpet,straight,0,0.0,1.742824339839265,1.7694221201683888,linoleum,0.617096777153424,0.1110936294818092,0.07256454281789165,0.19924505054687502,linoleum,0.6018880615696898,0.11931698582679547,0.0828244751574099,0.19597047744610488
cell_carpet,straight,0,0.0,1.5947187141216992,1.7444644907331477,linoleum,0.6244707778058328,0.10971702748333177,0.07190910114852794,0.1939030935623076,linoleum,0.6131794196877614,0.11451700665506362,0.07736678815296892,0.19493678550420623
cell_carpet,straight,0,0.0,1.7646383467278992,1.7469862227324915,linoleum,0.6237450945024335,0.10985060244376182,0.07197159321550393,0.1944327098383007,linoleum,0.6184622570950975,0.11218380454941272,0.07466919068423643,0.19468474767125346
cell_carpet,straight,0,0.0,1.6061997703788748,1.7313432835820897,linoleum,0.6281766698796825,0.10904198920779622,0.07159751425820383,0.19118382665431743,linoleum,0.62331946348739,0.11061289687860447,0.07313335247122013,0.19293428716278543
cell_carpet,straight,0,0.0,1.5993111366245696,1.9089169536930732,linoleum,0.5679181938410047,0.12103598609101088,0.07772984421674957,0.23331597585123473,linoleum,0.5956188286641975,0.11582444148480768,0.07543159834398487,0.2131251315070101
cell_carpet,straight,0,0.0,1.5694603903559128,1.7116979206531446,linoleum,0.6335066170162276,0.10809389533738196,0.07117366306499762,0.18722582458139292,linoleum,0.6145627228402124,0.1119591684110948,0.07330263070449124,0.20017547804420144
cell_carpet,straight,0,0.0,1.6762342135476465,1.6675596377088917,linoleum,0.6445358377391744,0.1062366815671968,0.0704089556942335,0.17881852499939513,linoleum,0.6295492802896935,0.10909792498914583,0.07185579319936237,0.18949700152179833
cell_carpet,straight,0,0.0,1.5729047072330655,1.6521239954075777,linoleum,0.6480875403054638,0.1056760993594555,0.07020319579995771,0.1760331645351231,linoleum,0.6388184102975787,0.10738701217430066,0.07102949449966003,0.18276508302846073
cell_carpet,straight,0,0.0,1.6923076923076923,1.646511034570736,linoleum,0.6493402307567734,0.10548365383984133,0.07013634619356472,0.17503976920982064,linoleum,0.644079320527176,0.106435333007071,0.07058292034661237,0.1789024261191407
cell_carpet,straight,0,0.0,0.7749712973593571,1.538971807628524,linoleum,0.6694194318418821,0.10297017667008251,0.06969055048319714,0.1579198410048383,linoleum,0.6567493761845291,0.10470275483857676,0.07013673541490476,0.1684111335619895
cell_carpet,straight,0,0.0,3.2652123995407583,1.7245822171195306,linoleum,0.6300405063814505,0.10870723410801746,0.07144586273122872,0.18980639677930333,linoleum,0.6433949412829898,0.10670499447329711,0.07079129907306674,0.17910876517064642
cell_carpet,straight,0,0.0,1.6923076923076923,1.7165454777395075,linoleum,0.6322157041260834,0.1083208738105669,0.07127348707359255,0.1881899349897572,linoleum,0.6378053227045366,0.107512934141932,0.07103239307332965,0.1836493500802018
cell_carpet,straight,0,0.0,1.6394948335246842,1.7202449292001532,linoleum,0.631219852569411,0.10849716373818365,0.07135176940434947,0.18893121428805595,linoleum,0.6345125876369738,0.10800504894005783,0.07119208123883955,0.18629028218412888
cell_carpet,straight,0,0.0,1.482204362801378,1.7072330654420207,linoleum,0.6346815957597499,0.10788887049769284,0.07108448492449074,0.18634504881806646,linoleum,0.6345970916983619,0.10794695971887533,0.07113828308166514,0.18631766550109768
cell_carpet,straight,0,0.0,1.4799081515499428,1.697282816685802,linoleum,0.6372518875350792,0.10744586483269798,0.07089529668350257,0.18440695094872023,linoleum,0.6359244896167205,0.10769641227578666,0.07101678988258386,0.18536230822490896
cell_carpet,straight,0,0.0,1.5487944890929966,1.683122847301952,linoleum,0.6407952852549638,0.10684850011991734,0.07064885118429921,0.18170736344081975,linoleum,0.6383598874358422,0.107272456197852,0.07083282053344153,0.18353483583286434
cell_carpet,straight,0,0.0,1.8668197474167625,1.7157800739890294,linoleum,0.6324205872979706,0.10828473183993038,0.07125751772750148,0.1880371631345975,linoleum,0.6353902373669064,0.1077785940188912,0.07104516913047151,0.18578599948373092
cell_carpet,straight,0,0.0,1.5281285878300803,1.6975379512692947,linoleum,0.637186812698354,0.10745698425159424,0.07089998277168634,0.18445622027836545,linoleum,0.6362885250326302,0.10761778913524273,0.07097257595107892,0.18512110988104818
cell_carpet,straight,0,0.0,1.5683122847301951,1.7856869498660544,linoleum,0.6120603963361826,0.11205624599920573,0.07303585636031722,0.2028475013042943,linoleum,0.6241744606844065,0.10983701756722423,0.07200421615569809,0.19398430559267127
cell_carpet,straight,0,0.0,1.5706084959816302,1.5973976272483736,linoleum,0.6594273614728401,0.10405890785335455,0.06973427482317099,0.16677945585063442,linoleum,0.6418009110786234,0.10694796271028939,0.07086924548943455,0.18038188072165284
cell_carpet,straight,0,0.0,1.470723306544202,1.5727771399413188,linoleum,0.6639010099661993,0.10351971196315456,0.06965758060750067,0.16292169746314555,linoleum,0.6528509605224113,0.10523383733672198,0.07026341304846762,0.1716517890923992
cell_carpet,straight,0,0.0,1.5752009184845006,1.565633371603521,linoleum,0.6651270792894997,0.10338516368699718,0.06965113525596887,0.16183662176753433,linoleum,0.6589890199059554,0.10430950051185955,0.06995727415221824,0.16674420542996674
cell_carpet,straight,0,0.0,1.5177956371986223,1.5695879576476592,linoleum,0.6644523468145576,0.10345842751471143,0.06965382029852082,0.16243540537221032,linoleum,0.6617206833602565,0.10388396401328549,0.06980554722536952,0.16458980540108853
cell_carpet,straight,0,0.0,1.640642939150402,1.5874473784921546,linoleum,0.6612818212367199,0.10382691240958437,0.06969314838473308,0.16519811796896258,linoleum,0.6615012522984882,0.10385543821143493,0.06974934780505129,0.16489396168502557
cell_carpet,straight,0,0.0,3.43398392652124,1.796912871539737,linoleum,0.6084775331797257,0.11275084290297492,0.07338143073472837,0.20539019318257087,linoleum,0.634989392739107,0.10830314055720493,0.07156538926988984,0.18514207743379824
cell_carpet,straight,0,0.0,1.7187141216991964,1.780456690904452,linoleum,0.6136998760654871,0.11174105376923689,0.07288050194372721,0.2016785682215488,linoleum,0.6243446344022971,0.11002209716322091,0.07222294560680853,0.1934103228276735
cell_carpet,straight,0,0.0,1.6257175660160736,1.7912999107028955,linoleum,0.6102798862977147,0.11240045874056001,0.07320657579820569,0.20411307916351976,linoleum,0.6173122603500059,0.11121127795189045,0.07271476070250711,0.19876170099559665
cell_carpet,straight,0,0.0,1.6234213547646386,1.797423140706723,linoleum,0.6083125987207572,0.11278300214817116,0.0733975315908325,0.2055068675402392,linoleum,0.6128124295353815,0.11199714005003081,0.0730561461466698,0.2021342842679179
cell_carpet,straight,0,0.0,1.5866819747416765,1.7992090827911724,linoleum,0.6077339042457142,0.11289596141590702,0.07345415348777516,0.20591598085060378,linoleum,0.6102731668905478,0.11244655073296889,0.07325514981722246,0.2040251325592608
cell_carpet,straight,0,0.0,1.3834672789896671,1.7895139686184462,linoleum,0.6108487800822437,0.1122902672506993,0.07315180723858658,0.20370914542847032,linoleum,0.6105609734863958,0.1123684089918341,0.07320347852790453,0.20386713899386558
cell_carpet,straight,0,0.0,1.5166475315729049,1.78300803673938,linoleum,0.6129024940581574,0.11189413722987507,0.07295583547792482,0.2022475332340426,linoleum,0.6117317337722766,0.11213127311085458,0.07307965700291467,0.2030573361139541
cell_carpet,straight,0,0.0,1.285878300803674,1.757239443806608,linoleum,0.6207496805260377,0.11040647850679133,0.07223433300577038,0.19660950796140042,linoleum,0.6162407071491572,0.11126887580882297,0.07265699500434254,0.1998334220376773
cell_carpet,straight,0,0.0,1.4730195177956371,1.738614619211634,linoleum,0.6261374837676082,0.10941193251953756,0.07176737071195383,0.1926832130009003,linoleum,0.6211890954583829,0.11034040416418027,0.07221218285814819,0.19625831751928882
cell_carpet,straight,0,0.0,1.381171067738232,1.510524301569078,linoleum,0.6735103181615048,0.10267949613620284,0.06984444677675992,0.15396573892553256,linoleum,0.6473497068099437,0.10650995015019152,0.07102831481745404,0.17511202822241065
cell_carpet,straight,0,0.0,1.233065442020666,1.456563337160352,linoleum,0.679901212254475,0.10256324976628771,0.07046206277385492,0.14707347520538236,linoleum,0.6636254595322094,0.10453659995823962,0.07074518879565449,0.16109275171389653
cell_carpet,straight,0,0.0,1.370838117106774,1.4282433983926524,linoleum,0.6825457165377194,0.10273308118106496,0.07096225515979124,0.14375894712142434,linoleum,0.6730855880349644,0.10363484056965229,0.07085372197772286,0.15242584941766044
cell_carpet,straight,0,0.0,1.425947187141217,1.406301824212272,linoleum,0.6842613319840104,0.10297557338671125,0.07143592623543003,0.1413271683938484,linoleum,0.6786734600094875,0.10330520697818177,0.07114482410657644,0.14687650890575443
cell_carpet,straight,0,0.0,1.2950631458094146,1.3738997321086872,linoleum,0.6862646235437551,0.10351342627569193,0.07227709401735824,0.13794485616319485,linoleum,0.6824690417766213,0.10340931662693685,0.07171095906196734,0.14241068253447464
cell_carpet,straight,0,0.0,1.6050516647531574,1.398520219415742,linoleum,0.6848000773239353,0.10308507095444498,0.07162235155662883,0.14049250016499085,linoleum,0.6836345595502783,0.10324719379069092,0.07166665530929808,0.14145159134973273
cell_carpet,straight,0,0.0,4.158438576349024,1.6920525577241996,linoleum,0.6385763151995655,0.10722069542940653,0.07080114662975553,0.1834018427412724,linoleum,0.6611054373749219,0.10523394461004873,0.07123390096952681,0.16242671704550254
cell_carpet,straight,0,0.0,1.9219288174512053,1.762724837351703,linoleum,0.6191175488912793,0.11071228944523938,0.07238059281784281,0.19778956884563847,linoleum,0.6401114931331007,0.10797311702764406,0.07180724689368481,0.1801081429455705
cell_carpet,straight,0,0.0,1.4890929965556834,1.7645107794361528,linoleum,0.6185816946250458,0.11081312347119164,0.07242906831626983,0.19817611358749287,linoleum,0.6293465938790732,0.10939312024941786,0.07211815760497732,0.1891421282665317
cell_carpet,straight,0,0.0,1.318025258323766,1.7574945783901006,linoleum,0.6206742256286275,0.11042057204580348,0.0722410477935677,0.19666415453200126,linoleum,0.6250104097538504,0.10990684614761068,0.07217960269927251,0.19290314139926648
cell_carpet,straight,0,0.0,1.563719862227325,1.7942339584130629,linoleum,0.6093404738493154,0.11258284404537189,0.07329746158065946,0.20477922052465325,linoleum,0.6171754418015829,0.11124484509649128,0.07273853213996598,0.19884118096195985
cell_carpet,straight,0,0.0,1.7956371986222732,1.8414338563592292,linoleum,0.593404812184819,0.11574898632199888,0.07491445286060007,0.21593174863258194,linoleum,0.605290126993201,0.11349691570924508,0.07382649250028303,0.2073864647972709
cell_carpet,straight,0,0.0,1.634902411021814,1.8646511034570732,linoleum,0.5849953403843123,0.1174669882437627,0.0758164805521738,0.22172119081975114,linoleum,0.5951427336887567,0.11548195197650389,0.07482148652622841,0.214553827808511
cell_carpet,straight,0,0.0,1.468427095292767,1.8839137645107795,linoleum,0.5777321376855257,0.11897278602596299,0.0766179775070698,0.22667709878144163,linoleum,0.5864374356871411,0.11722736900123344,0.07571973201664911,0.22061546329497633
cell_carpet,straight,0,0.0,1.4523536165327209,1.8669473147085087,linoleum,0.5841431460412404,0.117642659092275,0.07590949855618777,0.22230469631029678,linoleum,0.5852902908641908,0.11743501404675422,0.07581461528641845,0.22146007980263654
cell_carpet,straight,0,0.0,1.579793340987371,1.5804311774461028,linoleum,0.6625515244452284,0.10367480788059656,0.06967239997806503,0.16410126769611008,linoleum,0.6239209076547095,0.11055491096367537,0.07274350763224173,0.19278067374937324
cell_carpet,straight,0,0.0,1.61308840413318,1.5461155759663223,linoleum,0.6683130237797722,0.10306786899379429,0.06967011865722203,0.15894898856921144,linoleum,0.6461169657172409,0.10681138997873482,0.07120681314473187,0.17586483115929236
cell_carpet,straight,0,0.0,1.574052812858783,1.5555555555555556,linoleum,0.6668019917579581,0.10321212766854485,0.06965422488521499,0.16033165568828217,linoleum,0.6564594787375995,0.10501175882363983,0.07043051901497344,0.16809824342378726
cell_carpet,straight,0,0.0,1.2686567164179103,1.5500701620104609,linoleum,0.6676868228638764,0.10312620148871086,0.06966192516402327,0.15952505048338955,linoleum,0.6620731508007379,0.10406898015617536,0.07004622208949834,0.1638116469535884
cell_carpet,straight,0,0.0,1.5729047072330655,1.551090700344432,linoleum,0.6675236322453976,0.10314174670987161,0.06966017038935177,0.15967445065537908,linoleum,0.6647983915230677,0.10360536343302348,0.06985319623942506,0.16174304880448376
cell_carpet,square,0,0.0,1.0585533869115955,1.0585533869115955,linoleum,0.6720245112613505,0.12119337379655788,0.09100879407208332,0.11577332087000818,linoleum,0.6684114513922091,0.11239936861479069,0.08043099515575419,0.13875818483724597
cell_carpet,square,0,0.0,3.5476463834672787,2.3030998851894373,linoleum,0.36366038882210683,0.16841979587607211,0.10503688757462178,0.3628829277271992,linoleum,0.516035920107158,0.1404095822454314,0.09273394136518798,0.2508205562822226
cell_carpet,square,0,0.0,1.7278989667049367,2.111366245694604,linoleum,0.47309652396425567,0.1421483897398462,0.08961652226152386,0.2951385640343743,linoleum,0.4945662220357069,0.1412789859926388,0.09117523181335592,0.27297956015829844
cell_carpet,square,0,0.0,1.622273249138921,1.9890929965556832,linoleum,0.533543481693137,0.12847394375996385,0.08183381235962701,0.256148762187272,linoleum,0.5140548518644219,0.13487646487630134,0.08650452208649147,0.26456416117278525
cell_carpet,square,0,0.0,1.458094144661309,1.882893226176808,linoleum,0.57812344756282,0.11889117977592505,0.07657430892696848,0.2264110637342866,linoleum,0.546089149713621,0.12688382232611323,0.08153941550672998,0.24548761245353595
cell_carpet,square,0,0.0,1.764638346727899,1.86318407960199,linoleum,0.5855378672802456,0.11735529671713238,0.07575741062715975,0.22134942537546218,linoleum,0.5658135084969333,0.1221195595216228,0.07864841306694487,0.23341851891449905
cell_carpet,square,0,0.0,1.6946039035591274,1.8391011973101523,linoleum,0.594228880061976,0.11558223515235708,0.07482770385047535,0.21536118093519155,linoleum,0.5800211942794546,0.11885089733698995,0.07673805845871011,0.22438984992484529
cell_carpet,square,0,0.0,1.754305396096441,1.8285017221584383,linoleum,0.5979255045306763,0.11483799632228525,0.07444245890587943,0.21279404024115903,linoleum,0.5889733494050655,0.1168444468296376,0.07559025868229477,0.21859194508300217
cell_carpet,square,0,0.0,1.5981630309988517,1.8029085342518176,linoleum,0.6065281308811514,0.11313193765317935,0.07357277195921294,0.2067671595064562,linoleum,0.5977507401431085,0.11498819224140847,0.07458151532075386,0.21267955229472918
cell_carpet,square,0,0.0,2.1343283582089554,1.922439086618191,linoleum,0.5624295769190957,0.12220283195869906,0.07836466603579516,0.2370029250864102,linoleum,0.5800901585311021,0.11859551210005377,0.07647309067827453,0.2248412386905697
cell_carpet,square,0,0.0,2.933409873708381,1.8541905855338687,linoleum,0.5888308910482544,0.11667982642090567,0.07540139570249116,0.21908788682834865,linoleum,0.5844605247896782,0.11763766926047972,0.07593724319038284,0.2219645627594592
cell_carpet,square,0,0.0,2.020665901262916,1.8867202449292,linoleum,0.5766522861061619,0.11919825785290811,0.07673876032674629,0.22741069571418368,linoleum,0.5805564054479201,0.11841796355669391,0.07633800175856456,0.22468762923682145
cell_carpet,square,0,0.0,2.048220436280138,1.9340477101671127,linoleum,0.5576167691601033,0.12323305706056369,0.07892833192928896,0.240221841850044,linoleum,0.5690865873040117,0.12082551030862883,0.07763316684392678,0.23245473554343277
cell_carpet,square,0,0.0,1.669345579793341,1.95752009184845,linoleum,0.5476026282632246,0.12539627867260894,0.08012049325366048,0.24688059981050586,linoleum,0.5583446077836182,0.12311089449061888,0.07887683004879363,0.23966766767696931
cell_carpet,square,0,0.0,1.9288174512055107,1.9757622145681848,linoleum,0.5395611901276678,0.12715111949197444,0.08109514928681624,0.25219254109354144,linoleum,0.548952898955643,0.12513100699129667,0.07998598966780494,0.24593010438525542
cell_carpet,square,0,0.0,1.6486796785304247,1.9706595228983288,linoleum,0.5418331552173655,0.12665379560223267,0.08081829837033773,0.25069475081006404,linoleum,0.5453930270865043,0.12589240129676466,0.08040214401907134,0.24831242759765973
cell_carpet,square,0,0.0,1.754305396096441,1.9706595228983288,linoleum,0.5418331552173655,0.12665379560223267,0.08081829837033773,0.25069475081006404,linoleum,0.5436130911519349,0.12627309844949866,0.08061022119470454,0.2495035892038619
cell_carpet,square,0,0.0,1.6440872560275546,1.9757622145681848,linoleum,0.5395611901276678,0.12715111949197444,0.08109514928681624,0.25219254109354144,linoleum,0.5415871406398014,0.12671210897073654,0.08085268524076039,0.25084806514870167
cell_carpet,square,0,0.0,5.977037887485648,2.402729940043373,cell_carpet,0.3039308079240698,0.18364274943698153,0.11418209510624397,0.3982443475327046,linoleum,0.4227589742819357,0.15517742920385905,0.09751739017350221,0.3245462063407032
cell_carpet,square,0,0.0,4.443168771526981,2.570480928689884,cell_carpet,0.20843616534486206,0.2099432421093521,0.1303831658846293,0.4512374266611565,cell_carpet,0.31559756981339887,0.18256033565660557,0.11395027802906577,0.38789181650092985
cell_carpet,square,0,0.0,3.2835820895522385,2.71080494961092,cell_carpet,0.1409222013869731,0.23119075456779767,0.14398958976972745,0.4838974542755018,cell_carpet,0.22825988560018598,0.20687554511220163,0.1289699338993966,0.4358946353882158
cell_carpet,square,0,0.0,3.715269804822044,2.896032657226687,cell_carpet,0.07577968881531669,0.2569757836871226,0.1615141263413706,0.5057304011561902,cell_carpet,0.15201978720775133,0.2319256643996621,0.14524203012038361,0.470812518272203
cell_carpet,square,0,0.0,3.335246842709529,3.081132797550708,cell_carpet,0.03669201516560943,0.2805574455952547,0.17903218001934787,0.5037183592197879,cell_carpet,0.0943559011866804,0.25624155499745843,0.16213710506986576,0.48726543874599554
cell_carpet,square,0,0.0,3.0332950631458093,3.2038525322107407,cell_carpet,0.021662076336104667,0.2957237206002857,0.1912570121907042,0.4913571908729054,cell_carpet,0.05800898876139253,0.27598263779887205,0.17669705863028498,0.48931131480945045
cell_carpet,square,0,0.0,2.8897818599311136,3.3417527745885955,cell_carpet,0.011680420173579268,0.31298486603185033,0.20614728035358681,0.4691874334409835,cell_carpet,0.03484470446748591,0.29448375191536125,0.19142216949193594,0.479249374125217
cell_carpet,square,0,0.0,2.6176808266360507,3.4376833779818856,cell_carpet,0.007606304215907804,0.3253528530484111,0.21746140939417477,0.4495794333415062,cell_carpet,0.021225504341696858,0.3099183024818862,0.20444178944305536,0.4644144037333616
cell_carpet,square,0,0.0,2.479908151549943,3.530552366373262,cell_carpet,0.0051220312913581156,0.3376749638736802,0.2292817885633723,0.4279212162715895,cell_carpet,0.013173767816527487,0.3237966331777832,0.21686178900321385,0.4461678100024756
cell_carpet,square,0,0.0,3.422502870264064,3.2467151422375307,cell_carpet,0.017910164534158342,0.30104092991671344,0.19573249155906638,0.48531641399006176,cell_carpet,0.015541966175342915,0.31241878154724834,0.2062971402811401,0.4657421119962687
cell_carpet,square,0,0.0,3.270952927669345,3.11646893736446,cell_carpet,0.0316261577658762,0.2849320282883016,0.1824770554663704,0.5009647584794518,cell_carpet,0.023584061970609554,0.298675404917775,0.19438709787375524,0.48335343523786023
cell_carpet,square,0,0.0,2.4270952927669343,3.021303737721648,cell_carpet,0.046863968348317346,0.27309028254103607,0.1732993837016339,0.5067463654090127,cell_carpet,0.035224015159463454,0.28588284372940553,0.18384324078769457,0.4950499003234365
cell_carpet,square,0,0.0,2.549942594718713,2.891822936599056,cell_carpet,0.07695111471329229,0.25641856043545075,0.16111965220645091,0.505510672644806,cell_carpet,0.05608756493637787,0.27115070208242814,0.17248144649707275,0.5002802864841213
cell_carpet,square,0,0.0,2.3582089552238803,2.7832631713228726,cell_carpet,0.1120734989829774,0.2416001609079254,0.150900873899865,0.49542546620923217,cell_carpet,0.08408053195967763,0.2563754314951768,0.16169116019846888,0.49785287634667674
cell_carpet,square,0,0.0,2.408725602755454,2.7138665646128333,cell_carpet,0.13961599148741993,0.23163908288704366,0.14428342160149427,0.48446150402404226,cell_carpet,0.11184826172354878,0.24400725719111022,0.1529872908999816,0.4911571901853595
cell_carpet,square,0,0.0,2.261768082663605,2.6440872560275546,cell_carpet,0.17122630266382383,0.22124655250421255,0.13754923585713102,0.4699779089748327,cell_carpet,0.1415372821936863,0.23262690484766138,0.1452682633785563,0.4805675495800961
cell_carpet,square,0,0.0,2.156142365097589,2.592805204745503,cell_carpet,0.19676696289160805,0.21340191318230062,0.13256046662716933,0.457270657298922,cell_carpet,0.16915212254264717,0.22301440901498099,0.1389143650028628,0.46891910343950904
cell_carpet,square,0,0.0,2.1584385763490244,2.557086363056512,cell_carpet,0.21558463142574266,0.20785779977206617,0.12907635671491488,0.44748121208727615,cell_carpet,0.19236837698419493,0.2154361043935236,0.13399536085888888,0.4582001577633927
cell_carpet,square,0,0.0,6.094144661308841,2.853935450950376,cell_carpet,0.08812218891108889,0.2513479091321918,0.1575659507160607,0.5029639512406586,cell_carpet,0.1402452829476419,0.2333920067628577,0.1457806557874748,0.4805820545020256
cell_carpet,square,0,0.0,4.299655568312285,2.9682357443551477,cell_carpet,0.057763926134729617,0.2663622778215335,0.16828623853764552,0.5075875575060914,cell_carpet,0.09900460454118576,0.2498771422921956,0.15703344716256015,0.4940848060040585
cell_carpet,square,0,0.0,4.102181400688863,3.154356423013139,cell_carpet,0.026888008993260003,0.28960980149777926,0.1862331732925679,0.4972690162163928,cell_carpet,0.06294630676722288,0.26974347189498743,0.171633310227564,0.49567691111022566
cell_carpet,square,0,0.0,3.021814006888634,3.2067865799209083,cell_carpet,0.021383608369086735,0.29608680097900797,0.19155946464022866,0.4909701260116767,cell_carpet,0.042164957568154804,0.2829151364369977,0.18159638743389633,0.4933235185609512
cell_carpet,square,0,0.0,3.494833524684271,3.333078198749841,cell_carpet,0.01214659032642318,0.31188331708755096,0.20516579389975453,0.47080429868627127,cell_carpet,0.02715577394728899,0.29739922676227437,0.19338109066682543,0.48206390862361126
cell_carpet,square,0,0.0,3.505166475315729,3.454904962367649,cell_carpet,0.007053736170139837,0.3276116315299352,0.21958661457672687,0.4457480177231981,cell_carpet,0.017104755058714415,0.3125054291461048,0.20648385262177615,0.4639059631734047
cell_carpet,square,0,0.0,2.4569460390355915,3.4765914019645368,cell_carpet,0.006421987830651909,0.33047314845981357,0.22230545768176302,0.4407994060277715,cell_carpet,0.011763371444683162,0.3214892888029592,0.2143946551517696,0.4523526846005881
cell_carpet,square,0,0.0,3.011481056257175,3.571629034315601,cell_carpet,0.004351940607248113,0.3432315900320949,0.23479881848835243,0.41761765087230457,cell_carpet,0.008057656025965637,0.332360439417527,0.224596736820061,0.43498516773644635
cell_carpet,square,0,0.0,2.985074626865672,3.6634774843730074,cell_carpet,0.0031483689691665182,0.3558529128658057,0.24779230443252434,0.39320641373250337,cell_carpet,0.005603012497566078,0.34410667614166635,0.23619452062629268,0.4140957907344749
cell_carpet,hourglass,30,0.5235987755982988,8.010332950631458,8.010332950631458,rubber_carpet,0.004018764571693167,0.29679868294449496,0.6950533840266058,0.004129168457206223,rubber_carpet,0.004018764571693167,0.29679868294449496,0.6950533840266058,0.004129168457206223
cell_carpet,hourglass,30,0.5235987755982988,2.843857634902411,5.427095292766935,grass,0.0018259049538594866,0.46317657808450174,0.2561982960214166,0.27879922094022214,rubber_carpet,0.002922334762776327,0.37998763051449835,0.4756258400240112,0.14146419469871419
cell_carpet,hourglass,30,0.5235987755982988,1.885189437428244,4.246460007654037,cell_carpet,0.005004972330623632,0.25698048430561066,0.10877828033115194,0.6292362630326137,cell_carpet,0.0039636535466999806,0.31848405741005453,0.2922020601775816,0.385350228865664
cell_carpet,hourglass,30,0.5235987755982988,2.5373134328358207,3.819173363949483,cell_carpet,0.04032107457486514,0.21734677354090945,0.08885046410047395,0.6534816877837514,cell_carpet,0.02214236406078256,0.267915415475482,0.1905262621390278,0.5194159583247077
cell_carpet,hourglass,30,0.5235987755982988,2.7680826636050515,3.608955223880597,cell_carpet,0.1033649705765214,0.19743015914423392,0.08031696430298839,0.6188879059762564,cell_carpet,0.06275366731865198,0.23267278730985796,0.1354216132210081,0.5691519321504821
cell_carpet,hourglass,30,0.5235987755982988,3.835820895522388,3.646766169154229,cell_carpet,0.08817940758625663,0.20140928610111017,0.08195809908708142,0.6284532072255518,cell_carpet,0.0754665374524543,0.21704103670548408,0.10868985615404475,0.5988025696880169
cell_carpet,hourglass,30,0.5235987755982988,4.531572904707233,3.773167131376087,cell_carpet,0.05009354746032087,0.21334458084899247,0.08706093685468037,0.6495009348360062,cell_carpet,0.06278004245638757,0.2151928087772383,0.09787539650436256,0.6241517522620116
cell_carpet,hourglass,30,0.5235987755982988,4.148105625717567,3.820034443168772,cell_carpet,0.040155689796378985,0.2174207002869512,0.08888394424943484,0.653539665667235,cell_carpet,0.05146786612638328,0.21630675453209475,0.0933796703768987,0.6388457089646233
cell_carpet,hourglass,30,0.5235987755982988,5.064293915040183,3.958285495598928,cell_carpet,0.020391354321392736,0.22917665012587385,0.09440947603021874,0.6560225195225147,cell_carpet,0.035929610223888006,0.2227417023289843,0.09389457320355872,0.647434114243569
cell_carpet,hourglass,30,0.5235987755982988,7.559127439724454,3.9081515499425943,cell_carpet,0.026161398606017107,0.22490289723178758,0.09235482276440565,0.6565808813977896,cell_carpet,0.031045504414952556,0.22382229978038592,0.09312469798398218,0.6520074978206793
cell_carpet,hourglass,30,0.5235987755982988,3.304247990815155,3.9593060339328994,cell_carpet,0.020287631911202766,0.22926440367229617,0.09445218943074557,0.6559957749857555,cell_carpet,0.025666568163077663,0.22654335172634105,0.09378844370736387,0.6540016364032174
cell_carpet,hourglass,30,0.5235987755982988,1.5935706084959818,3.9269039418293152,cell_carpet,0.023841522251921394,0.22649450187388082,0.0931140577164257,0.6565499181577721,cell_carpet,0.02475404520749953,0.22651892680011096,0.09345125071189479,0.6552757772804948
cell_carpet,hourglass,30,0.5235987755982988,2.502870264064294,3.923076923076923,cell_carpet,0.024298544505356366,0.22616917462547356,0.09295828589484002,0.65657399497433,cell_carpet,0.024526294856427946,0.22634405071279226,0.09320476830336741,0.6559248861274124
cell_carpet,hourglass,30,0.5235987755982988,3.156142365097589,3.9661946676872057,cell_carpet,0.019600741630049167,0.22985777935147503,0.09474154837873827,0.6557999306397375,cell_carpet,0.02206351824323856,0.22810091503213364,0.09397315834105284,0.6558624083835749
cell_carpet,hourglass,30,0.5235987755982988,4.177956371986222,4.004209720627632,cell_carpet,0.016199471827874602,0.23317070627663794,0.0963738236719071,0.6542559982235804,cell_carpet,0.01913149503555658,0.2306358106543858,0.09517349100647997,0.6550592033035776
cell_carpet,hourglass,30,0.5235987755982988,4.652123995407578,4.017604286261003,cell_carpet,0.015145702803245979,0.2343563458786721,0.09696461774421307,0.6535333335738689,cell_carpet,0.01713859891940128,0.23249607826652896,0.09606905437534652,0.6542962684387232
cell_carpet,hourglass,30,0.5235987755982988,4.8369690011481055,4.094144661308841,cell_carpet,0.01032670725861674,0.24137135823953312,0.10052513955198589,0.6477767949498643,cell_carpet,0.01373265308900901,0.23693371825303106,0.0982970969636662,0.6510365316942938
cell_carpet,hourglass,30,0.5235987755982988,5.265212399540758,4.11646893736446,cell_carpet,0.009246728503758126,0.24350848055874344,0.1016300809852165,0.6456147099522819,cell_carpet,0.011489690796383567,0.24022109940588726,0.09996358897444135,0.6483256208232878
cell_carpet,hourglass,30,0.5235987755982988,4.873708381171068,3.81808904196964,cell_carpet,0.04053020901345998,0.21725363930221714,0.088808307561935,0.6534078441223877,cell_carpet,0.026009949904921774,0.2287373693540522,0.09438594826818818,0.6508667324728378
cell_carpet,hourglass,30,0.5235987755982988,7.714121699196326,4.308075009567547,cell_carpet,0.0038545762609386645,0.26406801480211345,0.1126497501440968,0.6194276587928511,cell_carpet,0.01493226308293022,0.24640269207808282,0.10351784920614249,0.6351471956328445
cell_carpet,hourglass,30,0.5235987755982988,2.7841561423650973,4.44036229110856,cell_carpet,0.002444686180100071,0.28100769244693796,0.12217452843992102,0.5943730929330409,cell_carpet,0.008688474631515146,0.2637051922625104,0.11284618882303175,0.6147601442829427
cell_carpet,hourglass,30,0.5235987755982988,1.986222732491389,4.3829570098226815,cell_carpet,0.002919621102590702,0.2733588368727629,0.11782779075906216,0.6058937512655842,cell_carpet,0.005804047867052924,0.26853201456763665,0.11533698979104695,0.6103269477742634
cell_carpet,hourglass,30,0.5235987755982988,2.1526980482204365,4.271463196836331,cell_carpet,0.004487996829534271,0.25979804070941226,0.11030886520408911,0.6254050972569645,cell_carpet,0.005146022348293597,0.26416502763852445,0.11282292749756803,0.617866022515614
cell_carpet,hourglass,30,0.5235987755982988,3.195177956371986,4.162265595101416,cell_carpet,0.007397242253684032,0.24804392870508415,0.10400296537362867,0.6405558636676033,cell_carpet,0.006271632300988815,0.2561044781718043,0.10841294643559835,0.6292109430916086
cell_carpet,hourglass,30,0.5235987755982988,4.2146957520091854,4.113662456946039,cell_carpet,0.00937556680942522,0.24323727929925845,0.1014893785567227,0.6458977753345936,cell_carpet,0.007823599555207016,0.2496708787355314,0.10495116249616052,0.6375543592131011
cell_carpet,hourglass,30,0.5235987755982988,4.638346727898967,4.091593315473912,cell_carpet,0.010458447694050974,0.24112998387622867,0.10040090343259436,0.648010664997126,cell_carpet,0.009141023624628996,0.24540043130588002,0.10267603296437744,0.6427825121051136
cell_carpet,hourglass,30,0.5235987755982988,4.51894374282434,4.008674575838755,cell_carpet,0.015840342184601928,0.2335647418731614,0.09656979194082152,0.6540251240014152,cell_carpet,0.012490682904615462,0.2394825865895207,0.09962291245259948,0.6484038180532644
cell_carpet,hourglass,30,0.5235987755982988,5.1699196326062,4.041586937109326,cell_carpet,0.013427749422788376,0.2365075930217679,0.0980450151105302,0.6520196424449136,cell_carpet,0.012959216163701916,0.23799508980564427,0.09883396378156481,0.650211730249089
cell_carpet,hourglass,30,0.5235987755982988,5.018369690011482,3.7420589360887866,cell_carpet,0.057830783933630885,0.21056005198049987,0.08584132787666955,0.6457678362091998,cell_carpet,0.0353950000486664,0.22427757089307207,0.09233764582911719,0.6479897832291444
cell_carpet,hourglass,30,0.5235987755982988,2.6842709529276694,3.7309605817068503,cell_carpet,0.060831282947772944,0.20954681425875277,0.08540237602580361,0.6442195267676707,cell_carpet,0.04811314149821967,0.21691219257591243,0.0888700109274604,0.6461046549984075
cell_carpet,hourglass,30,0.5235987755982988,5.983926521239954,4.175149891567802,cell_carpet,0.006954722212608732,0.24935923775907,0.10469781240057477,0.6389882276277465,cell_carpet,0.027533931855414202,0.2331357151674912,0.09678391166401759,0.642546441313077
cell_carpet,hourglass,30,0.5235987755982988,5.932261768082665,4.59510141599694,cell_carpet,0.001784971928967572,0.303960586056786,0.13566492720692996,0.5585895148073167,cell_carpet,0.014659451892190884,0.26854815061213855,0.11622441943547375,0.6005679780601968
cell_carpet,hourglass,30,0.5235987755982988,4.955223880597015,4.790662074244164,cell_carpet,0.0015665789977161856,0.3376495205322947,0.15674136634790575,0.5040425341220833,cell_carpet,0.008113015444953535,0.3030988355722166,0.13648289289168974,0.5523052560911401
cell_carpet,hourglass,30,0.5235987755982988,5.817451205510907,4.968746013522132,cell_carpet,0.0015783260746579809,0.3720211228400687,0.1800600916322481,0.44634045945302525,cell_carpet,0.004845670759805758,0.33755997920614267,0.1582714922619689,0.4993228577720827
cell_carpet,hourglass,30,0.5235987755982988,5.282433983926521,5.040311264191861,cell_carpet,0.0016052988037218436,0.38647750212147264,0.1905262236352823,0.42139097543952314,cell_carpet,0.003225484781763801,0.3620187406638077,0.17439885794862559,0.4603569166058029
cell_carpet,hourglass,30,0.5235987755982988,5.545350172215844,5.154356423013139,grass,0.001661361296038199,0.40979827099940536,0.2084199770760247,0.3801203906285317,cell_carpet,0.0024434230389010006,0.3859085058316066,0.19140941751232518,0.42023865361716733
cell_carpet,hourglass,30,0.5235987755982988,6.047072330654419,5.251817833907386,grass,0.0017170154109391789,0.42956290151234877,0.22478343758950614,0.3439366454872059,grass,0.00208021922492009,0.40773570367197765,0.20809642755091567,0.38208764955218666
cell_carpet,hourglass,30,0.5235987755982988,6.001148105625718,5.361015435642301,grass,0.0017840496647650468,0.45092465869782206,0.2441024130453367,0.30318887859207605,grass,0.0019321344448425684,0.42933018118489985,0.22609942029812619,0.3426382640721314
cell_carpet,hourglass,30,0.5235987755982988,3.0011481056257177,5.396224008164307,grass,0.001806274652043295,0.45752954659324613,0.25051473260972223,0.2901494461449884,grass,0.0018692045484429319,0.443429863889073,0.2383070764539242,0.3163938551085599
cell_carpet,hourglass,30,0.5235987755982988,3.070034443168772,5.072458221711953,cell_carpet,0.0016197678009206586,0.3930352920567757,0.1954232901252353,0.40992165001706843,grass,0.0017444861746817952,0.41823257797292435,0.21686518328957977,0.36315775256281413
cell_carpet,hourglass,30,0.5235987755982988,3.345579793340987,4.785049113407322,cell_carpet,0.001568280049098462,0.33661651973330353,0.15607074679269006,0.5057444534249079,cell_carpet,0.0016563831118901287,0.37742454885311394,0.18646796504113491,0.434451102993861
cell_carpet,hourglass,30,0.5235987755982988,4.102181400688863,4.69026661563975,cell_carpet,0.0016296644594548887,0.31973895809722236,0.14533784241553735,0.5332935350277853,cell_carpet,0.0016430237856725088,0.3485817534751682,0.16590290372833613,0.48387231901082317
cell_carpet,hourglass,30,0.5235987755982988,3.686567164179104,4.453501722158439,cell_carpet,0.0023583197720031678,0.28282404548808304,0.12321766150136705,0.5915999732385466,cell_carpet,0.0020006717788378383,0.3157028994816256,0.1445602826148516,0.5377361461246849
cell_carpet,hourglass,30,0.5235987755982988,5.145809414466132,4.438321214440617,cell_carpet,0.0024587725353032684,0.28072774517353155,0.12201412617253045,0.5947993561186348,cell_carpet,0.0022297221570705536,0.2982153223275786,0.13328720439369102,0.5662677511216598
cell_carpet,hourglass,30,0.5235987755982988,4.575200918484501,4.330526852914913,cell_carpet,0.0035287299647304917,0.26677381539422046,0.11414599939032714,0.6155514552507219,cell_carpet,0.002879226060900523,0.2824945688608995,0.12371660189200909,0.5909096031861909
cell_carpet,hourglass,30,0.5235987755982988,6.016073478760046,4.32708253603776,cell_carpet,0.0035759252655079843,0.2663543400067566,0.11391339584823604,0.6161563388794994,cell_carpet,0.0032275756632042536,0.27442445443382807,0.11881499887012256,0.6035329710328452
cell_carpet,hourglass,30,0.5235987755982988,5.215843857634902,4.239826508483225,cell_carpet,0.0051550629264925695,0.2562460330401995,0.10838119495332985,0.6302177090799782,cell_carpet,0.004191319294848412,0.2653352437370138,0.1135980969117262,0.6168753400564118
cell_carpet,hourglass,30,0.5235987755982988,5.824339839265212,4.553514478887613,cell_carpet,0.0018991667578860242,0.2974573818493725,0.13177423083026266,0.5688692205624789,cell_carpet,0.003045243026367218,0.2813963127931931,0.12268616387099443,0.5928722803094453
cell_carpet,square,90,1.5707963267948966,1.6739380022962111,1.6739380022962111,linoleum,0.2584527069102673,0.24719708815174385,0.24717818349515439,0.2471720214428344,linoleum,0.2584527069102673,0.24719708815174385,0.24717818349515439,0.2471720214428344
cell_carpet,square,90,1.5707963267948966,7.926521239954075,4.800229621125143,linoleum,0.9721385842931531,0.0048638420755499736,0.0030081360516769,0.01998943757962021,linoleum,0.6152956456017102,0.1260304651136469,0.12509315977341565,0.1335807295112273
cell_carpet,square,90,1.5707963267948966,8.159586681974742,5.920015308075009,cell_carpet,0.03663597843911003,0.05660551490126776,0.010285245309281961,0.8964732613503402,cell_carpet,0.32596581202041014,0.09131799000745733,0.0676892025413488,0.5150269954307838
cell_carpet,square,90,1.5707963267948966,8.411021814006888,6.54276693455798,cell_carpet,0.0034566071476943706,0.05764732775794509,0.005886106445389393,0.9330099586489711,cell_carpet,0.16471120958405225,0.07448265888270121,0.0367876544933691,0.7240184770398774
cell_carpet,square,90,1.5707963267948966,7.455797933409873,6.725373134328358,cell_carpet,0.0027756972552375023,0.061724700917257326,0.005612945430424232,0.929886656397081,cell_carpet,0.08374345341964487,0.06810367989997927,0.021200299961896665,0.8269525667184792
cell_carpet,square,90,1.5707963267948966,7.7577497129735935,6.897435897435898,cell_carpet,0.002402892548491786,0.06763581278764333,0.005645533280661074,0.9243157613832038,cell_carpet,0.04307317298406833,0.0678697463438113,0.013422916621278869,0.8756341640508415
cell_carpet,square,90,1.5707963267948966,7.546498277841562,6.990159094636707,cell_carpet,0.0022627686776281004,0.0718015916008912,0.005775643147352306,0.9201599965741284,cell_carpet,0.022667970830848212,0.06983566897235124,0.009599279884315588,0.8978970803124849
cell_carpet,square,90,1.5707963267948966,7.215843857634902,7.018369690011481,cell_carpet,0.0022266116718996655,0.07322287149204944,0.005831263126381658,0.9187192537096692,cell_carpet,0.012447291251373938,0.07152927023220035,0.007715271505348623,0.9083081670110771
cell_carpet,square,90,1.5707963267948966,7.205510907003444,7.039163158566144,cell_carpet,0.00220170994968474,0.07431942714047597,0.005877177635512081,0.9176016852743272,cell_carpet,0.007324500600529339,0.07292434868633815,0.006796224570430352,0.9129549261427021
cell_carpet,square,90,1.5707963267948966,7.59012629161883,7.696517412935323,cell_carpet,0.0019787085311616078,0.1401878420821858,0.010214676059484304,0.8476187733271683,cell_carpet,0.004651604565845473,0.10655609538426197,0.008505450314957329,0.8802868497349352
cell_carpet,square,90,1.5707963267948966,1.6039035591274398,6.99400433728792,cell_carpet,0.002257674673811492,0.07199090985456236,0.00578277664836778,0.9199686388232583,cell_carpet,0.003454639619828483,0.08927350261941218,0.007144113481662555,0.9001277442790968
cell_carpet,square,90,1.5707963267948966,7.694603903559128,6.94233958413063,cell_carpet,0.0023307244588611116,0.06955958982901728,0.005698570843589373,0.9224111148685322,cell_carpet,0.002892682039344797,0.07941654622421473,0.006421342162625964,0.9112694295738145
cell_carpet,square,90,1.5707963267948966,8.848450057405282,6.990942722286006,cell_carpet,0.0022617262427595004,0.07184006154110494,0.005777085491505994,0.9201211267246296,cell_carpet,0.0025772041410521487,0.07562830388265984,0.006099213827065979,0.915695278149222
cell_carpet,square,90,1.5707963267948966,8.48564867967853,7.105370582982524,cell_carpet,0.0021316356694032106,0.07810300876050981,0.006051988998477695,0.9137133665716093,cell_carpet,0.0023544199052276797,0.07686565632158482,0.0060756014127718375,0.9147043223604157
cell_carpet,square,90,1.5707963267948966,8.48105625717566,7.185737976782753,cell_carpet,0.0020637769960892573,0.08334333009498218,0.006325780289795938,0.9082671126191326,cell_carpet,0.0022090984506584685,0.0801044932082835,0.006200690851283887,0.9114857174897741
cell_carpet,square,90,1.5707963267948966,7.2422502870264065,7.151932644469958,cell_carpet,0.002090151377939188,0.08104772976346686,0.006202067119740649,0.9106600517388533,cell_carpet,0.002149624914298828,0.08057611148587518,0.006201378985512268,0.9110728846143137
cell_carpet,square,90,1.5707963267948966,7.547646383467279,7.188799591784666,cell_carpet,0.002061537996886118,0.08355805690681777,0.006337616693532077,0.908042788402764,cell_carpet,0.002105581455592473,0.08206708419634648,0.006269497839522173,0.9095578365085388
cell_carpet,square,90,1.5707963267948966,7.453501722158439,7.216354126801889,cell_carpet,0.002042474388263071,0.08554325765982594,0.0064489917872960585,0.9059652761646149,cell_carpet,0.002074027921927772,0.0838051709280862,0.006359244813409116,0.9077615563365768
cell_carpet,square,90,1.5707963267948966,7.090700344431688,7.160862354892206,cell_carpet,0.00208288638930161,0.08164087133581202,0.006233515262690156,0.9100427270121961,cell_carpet,0.002078457155614691,0.08272302113194911,0.006296380038049636,0.9089021416743865
cell_carpet,square,90,1.5707963267948966,7.20780711825488,7.783518305906365,cell_carpet,0.002015005136214397,0.15556674537030576,0.011409743819911519,0.8310085056735682,cell_carpet,0.002046731145914544,0.11914488325112743,0.008853061928980577,0.8699553236739774
cell_carpet,square,90,1.5707963267948966,2.321469575200919,7.186503380533231,cell_carpet,0.002063214951999235,0.0833969037193677,0.006328729413413967,0.9082111519152192,cell_carpet,0.0020549730489568896,0.10127089348524757,0.007590895671197272,0.8890832377945983
cell_carpet,square,90,1.5707963267948966,7.749712973593571,7.06442148233193,cell_carpet,0.002173366452564661,0.07570928305132182,0.005938665691980119,0.9161786848041334,cell_carpet,0.0021141697507607755,0.0884900882682847,0.006764780681588695,0.9026309612993659
cell_carpet,square,90,1.5707963267948966,9.087256027554536,7.131266743207042,cell_carpet,0.0021078066379364865,0.07971052808460373,0.006132607903461674,0.9120490573739981,cell_carpet,0.002110988194348631,0.0841003081764442,0.006448694292525184,0.907340009336682
cell_carpet,square,90,1.5707963267948966,8.672789896670494,7.15257048092869,cell_carpet,0.0020896252424149318,0.08108978684124522,0.006204284476257023,0.9106163034400828,cell_carpet,0.0021003067183817817,0.08259504750884472,0.006326489384391103,0.9089781563883824
cell_carpet,square,90,1.5707963267948966,7.497129735935705,7.18089041969639,cell_carpet,0.0020673722500684356,0.08300569711592029,0.00630725648618237,0.9086196741478288,cell_carpet,0.0020838394842251085,0.0828003723123825,0.006316872935286736,0.9087989152681056
cell_carpet,square,90,1.5707963267948966,8.41446613088404,7.277203724964918,cell_carpet,0.0020070591029513253,0.09027893603816636,0.006727080739149963,0.9009869241197324,cell_carpet,0.0020454492935882166,0.08653965417527443,0.00652197683721835,0.904892919693919
cell_carpet,square,90,1.5707963267948966,7.421354764638347,7.27363184079602,cell_carpet,0.0020088919598873077,0.08998699185111142,0.006709488458606741,0.9012946277303946,cell_carpet,0.0020271706267377624,0.08826332301319292,0.006615732647912546,0.9030937737121568
cell_carpet,square,90,1.5707963267948966,7.528128587830079,7.322234978951396,cell_carpet,0.001986487192379571,0.09411709350187562,0.006963117688876424,0.8969333016168685,cell_carpet,0.0020068289095586667,0.09119020825753427,0.006789425168394485,0.9000135376645126
cell_carpet,square,90,1.5707963267948966,7.319173363949483,7.334609006250797,cell_carpet,0.001981640816209688,0.09522453222258341,0.007032739816774966,0.8957610871444318,cell_carpet,0.001994234862884178,0.09320737024005886,0.006911082492584726,0.8978873124044723
cell_carpet,square,90,1.5707963267948966,7.026406429391504,7.857379767827529,cell_carpet,0.002056417296105558,0.17038652336812626,0.012599565738493076,0.8149574935972751,cell_carpet,0.002025326079494868,0.13179694680409257,0.0097553241155389,0.8564224030008737
cell_carpet,square,90,1.5707963267948966,2.513203214695752,7.275545350172215,cell_carpet,0.0020079063378811947,0.09014316746030152,0.0067188926882613235,0.901130033513556,cell_carpet,0.0020166162086880314,0.11097005713219704,0.008237108401900112,0.8787762182572149
cell_carpet,square,90,1.5707963267948966,7.556831228473018,7.105498150274269,cell_carpet,0.002131513526140175,0.0781107460513254,0.006052368910315747,0.9137053715122186,cell_carpet,0.0020740648674141032,0.09454040159176122,0.00714473865610793,0.8962407948847168
cell_carpet,square,90,1.5707963267948966,8.9804822043628,7.139686184462303,cell_carpet,0.002100470370815511,0.08024939176570628,0.006160350564014832,0.9114897872994633,cell_carpet,0.002087267619114807,0.08739489667873375,0.006652544610061381,0.90386529109209
cell_carpet,square,90,1.5707963267948966,8.935706084959815,7.299528001020538,cell_carpet,0.0019962784746558123,0.09214472552315255,0.006840755354864834,0.8990182406473267,cell_carpet,0.00204177304688531,0.08976981110094316,0.006746649982463109,0.9014417658697085
cell_carpet,square,90,1.5707963267948966,7.769230769230768,7.227835183059063,cell_carpet,0.0020350988740860144,0.08639899659209412,0.006498018480249917,0.90506788605357,cell_carpet,0.002038435960485662,0.08808440384651862,0.006622334231356511,0.9032548259616391
cell_carpet,square,90,1.5707963267948966,7.590126291618828,7.246587574945782,cell_carpet,0.0020237538313685583,0.08783391238561576,0.006581492610200124,0.9035608411728155,cell_carpet,0.0020310948959271105,0.08795915811606721,0.0066019134207783185,0.9034078335672274
cell_carpet,square,90,1.5707963267948966,7.202066590126292,7.210358464089806,cell_carpet,0.0020464575937822927,0.08510312427128579,0.006424007140096901,0.906426410994835,cell_carpet,0.0020387762448547016,0.0865311411936765,0.00651296028043761,0.9049171222810313
cell_carpet,square,90,1.5707963267948966,8.307692307692307,7.320193902283454,cell_carpet,0.0019873195457228284,0.09393665678131241,0.006951835023412123,0.8971241886495527,cell_carpet,0.002013047895288765,0.09023389898749445,0.006732397651924866,0.901020655465292
cell_carpet,square,90,1.5707963267948966,7.571756601607348,7.380788365862993,cell_carpet,0.0019665288055326444,0.09956923055064862,0.007311650226495858,0.8911525904173229,cell_carpet,0.001989788350410705,0.09490156476907154,0.007022023939210362,0.8960866229413074
cell_carpet,square,90,1.5707963267948966,7.577497129735935,7.943487689756346,cell_carpet,0.002116689963912053,0.18993015586105627,0.014220725200674435,0.7937324289743573,cell_carpet,0.002053239157161379,0.1424158603150639,0.010621374569942398,0.8449095259578323
cell_carpet,square,90,1.5707963267948966,2.161882893226177,7.344048985840029,cell_carpet,0.001978172536004031,0.09608520738121135,0.007087279988761484,0.8948493400940233,cell_carpet,0.002015705846582705,0.11925053384813762,0.008854327279351941,0.8698794330259279
cell_carpet,square,90,1.5707963267948966,7.563719862227324,7.186630947824977,cell_carpet,0.002063121426827954,0.08340583965429142,0.006329221580136241,0.9082018173387444,cell_carpet,0.002039413636705329,0.1013281867512145,0.007591774429744089,0.889040625182336
cell_carpet,square,90,1.5707963267948966,8.629161882893227,7.15257048092869,cell_carpet,0.0020896252424149318,0.08108978684124522,0.006204284476257023,0.9106163034400828,cell_carpet,0.002064519439560131,0.09120898679622987,0.006898029453000557,0.8998284643112094
cell_carpet,square,90,1.5707963267948966,8.345579793340988,7.21660926138538,cell_carpet,0.0020423069013505053,0.08556208893211378,0.0064500643276654305,0.9059455398388703,cell_carpet,0.002053413170455318,0.08838553786417183,0.006674046890332994,0.9028870020750399
cell_carpet,square,90,1.5707963267948966,8.121699196326063,7.275672917463961,cell_carpet,0.0020078409363209443,0.09015359745588483,0.006719521293683513,0.9011190403141107,cell_carpet,0.002030627053388131,0.08926956766002833,0.006696784092008254,0.9020030211945753
cell_carpet,square,90,1.5707963267948966,7.701492537313433,7.331164689373645,cell_carpet,0.001982955477719407,0.0949139280521745,0.007013148784275032,0.8960899676858309,cell_carpet,0.002006791265553769,0.09209174785610141,0.006854966438141643,0.8990464944402031
cell_carpet,square,90,1.5707963267948966,7.602755453501722,7.252838372241358,cell_carpet,0.0020201628607369633,0.08832266547017938,0.006610268854965827,0.9030469028141178,cell_carpet,0.002013477063145366,0.09020720666314039,0.006732617646553736,0.9010466986271605
cell_carpet,square,90,1.5707963267948966,8.340987370838116,7.338308457711443,cell_carpet,0.0019802581271837253,0.09556017834867495,0.007053965382683726,0.8954055981414575,cell_carpet,0.0019968675951645455,0.09288369250590767,0.006893291514618731,0.898226148384309
cell_carpet,square,90,1.5707963267948966,7.260619977037887,7.303099885189438,cell_carpet,0.001994660456811323,0.09244993359693936,0.0068595473027777,0.8986958586434717,cell_carpet,0.001995764025987934,0.09266681305142352,0.006876419408698216,0.8984610035138904
cell_carpet,square,90,1.5707963267948966,7.398392652123995,7.8849343028447505,cell_carpet,0.0020743151045885875,0.17636431063050384,0.013089338651196667,0.808472035613711,cell_carpet,0.002035039565288261,0.1345155618409637,0.00998287902994744,0.8534665195638007
cell_carpet,hourglass,90,1.5707963267948966,5.626865671641792,5.626865671641792,cell_carpet,0.21559901193754913,0.05381181967797616,0.013733576767644197,0.7168555916168304,cell_carpet,0.10881702575141869,0.09416369075946993,0.011858227898795818,0.7851610555903156
cell_carpet,hourglass,90,1.5707963267948966,6.917336394948336,6.272101033295064,cell_carpet,0.006350710069067379,0.055109240646336044,0.007001632769395691,0.9315384165152009,cell_carpet,0.05758386791024303,0.07463646570290298,0.009429930334095754,0.8583497360527582
cell_carpet,hourglass,90,1.5707963267948966,9.001148105625717,7.181783390738615,cell_carpet,0.002066705331189764,0.08306767686766298,0.006310648818934932,0.9085549689822123,cell_carpet,0.029825286620716398,0.07885207128528299,0.007870289576515343,0.8834523525174853
cell_carpet,hourglass,90,1.5707963267948966,8.917336394948334,7.615671641791044,cell_carpet,0.0019573590085144137,0.12770230078735129,0.009277970050489132,0.8610623701536453,cell_carpet,0.015891322814615406,0.10327718603631714,0.008574129813502238,0.8722573613355653
cell_carpet,hourglass,90,1.5707963267948966,8.649827784156143,7.822502870264064,cell_carpet,0.0020356639874342317,0.16317575208975357,0.012016195761295038,0.8227723881615172,cell_carpet,0.008963493401024819,0.13322646906303537,0.010295162787398638,0.8475148747485413
cell_carpet,hourglass,90,1.5707963267948966,8.014925373134329,7.854573287409107,cell_carpet,0.002054668503513273,0.1697917677712395,0.012551137998381822,0.8156024257268655,cell_carpet,0.005509080952269046,0.15150911841713743,0.01142315039289023,0.8315586502377034
cell_carpet,hourglass,90,1.5707963267948966,8.358208955223882,7.926521239954076,cell_carpet,0.0021038089574334767,0.1858753929638459,0.013879720171659863,0.7981410779070608,cell_carpet,0.0038064449548512614,0.16869225569049168,0.012651435282275046,0.814849864072382
cell_carpet,hourglass,90,1.5707963267948966,7.763490241102182,7.906142365097589,cell_carpet,0.002088985241591813,0.1811397972553554,0.013484504529340609,0.8032867129737121,cell_carpet,0.0029477150982215373,0.17491602647292354,0.013067969905807827,0.8090682885230471
cell_carpet,hourglass,90,1.5707963267948966,7.539609644087256,7.865416507207552,cell_carpet,0.0020615011770436257,0.17210398916427552,0.01273971839180328,0.8130947912668776,cell_carpet,0.0025046081376325817,0.17351000781859954,0.012903844148805552,0.8110815398949623
cell_carpet,hourglass,90,1.5707963267948966,5.103329506314581,7.807245822171195,cell_carpet,0.002027258236493799,0.16014236958038683,0.01177328226374323,0.8260570899193761,cell_carpet,0.0022659331870631904,0.16682618869949317,0.01233856320627439,0.8185693149071692
cell_carpet,hourglass,90,1.5707963267948966,7.39150401836969,7.859931113662457,cell_carpet,0.002058019032000973,0.17092944881501546,0.012643821331013166,0.8143687108219704,cell_carpet,0.0021619761095320817,0.16887781875725433,0.012491192268643779,0.8164690128645697
cell_carpet,hourglass,90,1.5707963267948966,8.989667049368542,7.858655440744993,cell_carpet,0.0020572167450773585,0.1706577191628931,0.012621666045738526,0.814663398046291,cell_carpet,0.0021095964273047203,0.16976776896007373,0.012556429157191153,0.8155662054554303
cell_carpet,hourglass,90,1.5707963267948966,8.086107921928818,7.766296721520602,cell_carpet,0.0020067396430645625,0.15235127534999637,0.01115639168648112,0.8344855933204579,cell_carpet,0.0020581680351846416,0.16105952215503505,0.011856410421836137,0.8250258993879441
cell_carpet,hourglass,90,1.5707963267948966,7.858783008036739,7.678402857507335,cell_carpet,0.0019728774568539536,0.1372465075208014,0.009991128638308434,0.8507894863840362,cell_carpet,0.002015522746019298,0.14915301483791824,0.010923769530072286,0.8379076928859902
cell_carpet,hourglass,90,1.5707963267948966,7.841561423650976,7.65914019645363,cell_carpet,0.0019673373955608523,0.13421174316740542,0.009762291990684152,0.8540586274463496,cell_carpet,0.001991430070790075,0.14168237900266184,0.010343030760378218,0.8459831601661699
cell_carpet,hourglass,90,1.5707963267948966,7.735935706084959,7.589998724327082,cell_carpet,0.0019531251184848847,0.12406910868470866,0.009011752696086913,0.8649660135007196,cell_carpet,0.0019722775946374796,0.13287574384368525,0.009677391728232565,0.8554745868334448
cell_carpet,hourglass,90,1.5707963267948966,7.763490241102182,7.589998724327082,cell_carpet,0.0019531251184848847,0.12406910868470866,0.009011752696086913,0.8649660135007196,cell_carpet,0.0019627013565611823,0.12847242626419697,0.00934457221215974,0.8602203001670822
cell_carpet,hourglass,90,1.5707963267948966,7.815154994259473,7.620614874346218,cell_carpet,0.001958316368948551,0.12841953979516235,0.009330881734540834,0.8602912621013483,cell_carpet,0.0019605088627548664,0.12844598302967966,0.009337726973350287,0.8602557811342153
cell_carpet,hourglass,90,1.5707963267948966,7.755453501722158,7.915295318280392,cell_carpet,0.002095555332537944,0.18324873847082368,0.013660100512727352,0.800995605683911,cell_carpet,0.0020280320976464048,0.15584736075025166,0.011498913743038817,0.830625693409063
cell_carpet,hourglass,90,1.5707963267948966,4.988518943742824,7.648296976655185,cell_carpet,0.001964519831413106,0.13254463746069275,0.00963739004770539,0.8558534526601888,cell_carpet,0.0019962759645297556,0.14419599910547223,0.010568151895372106,0.8432395730346259
cell_carpet,hourglass,90,1.5707963267948966,7.313432835820896,7.462048730705447,cell_carpet,0.0019509094296759656,0.10808644070068955,0.007881082829202326,0.8820815670404323,cell_carpet,0.00197359269710286,0.12614121990308086,0.009224617362287213,0.8626605700375289
cell_carpet,hourglass,90,1.5707963267948966,8.760045924225027,7.536930730960582,cell_carpet,0.001948341923840973,0.11702748830718922,0.008504932031714998,0.8725192377372548,cell_carpet,0.0019609673104719165,0.12158435410513505,0.008864774697001105,0.8675899038873919
cell_carpet,hourglass,90,1.5707963267948966,9.113662456946038,7.676361780839392,cell_carpet,0.001972258113646556,0.1369204464328431,0.009966452676902215,0.8511408427766081,cell_carpet,0.0019666127120592366,0.1292524002689891,0.009415613686951662,0.859365373332
cell_carpet,hourglass,90,1.5707963267948966,7.528128587830079,7.641535910192626,cell_carpet,0.001962873184666942,0.13151990784920686,0.009560906261805658,0.8569563127043206,cell_carpet,0.0019647429483630892,0.13038615405909798,0.00948825997437866,0.8581608430181603
cell_carpet,hourglass,90,1.5707963267948966,7.897818599311136,7.659522898328869,cell_carpet,0.001967440808437537,0.13427111957844443,0.009766751226576477,0.8539946883865416,cell_carpet,0.001966091878400313,0.13232863681877122,0.009627505600477568,0.856077765702351
cell_carpet,hourglass,90,1.5707963267948966,7.545350172215844,7.635285112897053,cell_carpet,0.001961426309056181,0.13058248686305235,0.009491135695791696,0.8579649511320997,cell_carpet,0.001963759093728247,0.13145556184091178,0.009559320648134632,0.8570213584172253
cell_carpet,hourglass,90,1.5707963267948966,7.712973593570608,7.623931623931623,cell_carpet,0.0019589843494148807,0.12890403809868528,0.009366688862584727,0.859770288689315,cell_carpet,0.0019613717215715637,0.13017979996979853,0.00946300475535968,0.8583958235532702
cell_carpet,hourglass,90,1.5707963267948966,7.758897818599311,7.624314325806862,cell_carpet,0.00195906274683053,0.12896011062406645,0.009370836300828118,0.8597099903282748,cell_carpet,0.0019602172342010472,0.12956995529693252,0.0094169205280939,0.8590529069407726
cell_carpet,hourglass,90,1.5707963267948966,7.546498277841562,7.908534251817833,cell_carpet,0.0020906883099305316,0.18168809978868983,0.013530094203625075,0.8026911176977545,cell_carpet,0.0020254527720657894,0.15562902754281116,0.011473507365859488,0.8308720123192636
cell_carpet,hourglass,90,1.5707963267948966,5.159586681974742,7.669218012501594,cell_carpet,0.001970150674296723,0.13578766663312014,0.009880891163328511,0.8523612915292547,cell_carpet,0.001997801723181256,0.14570834708796565,0.010677199264594,0.8416166519242592
cell_carpet,hourglass,90,1.5707963267948966,7.421354764638346,7.520474550325296,cell_carpet,0.0019479604076836335,0.11496622215666796,0.008359033581741086,0.8747267838539073,cell_carpet,0.0019728810654324447,0.1303372846223168,0.009518116423167543,0.8581717178890833
cell_carpet,hourglass,90,1.5707963267948966,8.882893226176808,7.494833524684271,cell_carpet,0.0019484214586824521,0.11186446317374088,0.008141765602236907,0.8780453497653398,cell_carpet,0.0019606512620574485,0.12110087389802884,0.008829941012702226,0.8681085338272115
cell_carpet,hourglass,90,1.5707963267948966,8.486796785304247,7.601352213292511,cell_carpet,0.001954844437392251,0.12565702394428932,0.009127728398934434,0.863260403219384,cell_carpet,0.0019577478497248496,0.12337894892115908,0.008978834705818329,0.8656844685232978
cell_carpet,hourglass,90,1.5707963267948966,8.036739380022961,7.6167878555938255,cell_carpet,0.0019575711880340375,0.12786375236217407,0.00928987047654853,0.8608888059732434,cell_carpet,0.0019576595188794434,0.12562135064166657,0.00913435259118343,0.8632866372482706
cell_carpet,hourglass,90,1.5707963267948966,7.882893226176808,7.654292639367266,cell_carpet,0.001966050909637427,0.1334628224830782,0.009706109969124405,0.8548650166381598,cell_carpet,0.001961855214258435,0.12954208656237237,0.009420231280153919,0.8590758269432153
cell_carpet,hourglass,90,1.5707963267948966,7.75889781859931,7.659395331037122,cell_carpet,0.001967406307443062,0.1342513233486049,0.009765264426246274,0.8540160059177058,cell_carpet,0.0019646307608507485,0.13189670495548864,0.009592747853200096,0.8565459164304605
cell_carpet,hourglass,90,1.5707963267948966,8.089552238805972,7.696134711060084,cell_carpet,0.0019785791363600277,0.14012480930206564,0.010209867704573387,0.847686743857001,cell_carpet,0.001971604948605388,0.13601075712877714,0.009901307778886741,0.8521163301437308
cell_carpet,hourglass,90,1.5707963267948966,7.859931113662457,7.730960581706849,cell_carpet,0.001991444996061467,0.14602237717142916,0.010663020041162338,0.841323157791347,cell_carpet,0.0019815249723334274,0.14101656715010313,0.010282163910024539,0.8467197439675389
cell_carpet,hourglass,90,1.5707963267948966,8.27324913892078,8.076923076923075,cell_carpet,0.002234605142305579,0.22557860055031279,0.017318370030207652,0.7548684242771739,cell_carpet,0.0021080650573195034,0.18329758385020795,0.013800266970116095,0.8007940841223564
cell_carpet,hourglass,90,1.5707963267948966,5.300803673938002,7.841306289067483,cell_carpet,0.002046587860532531,0.16701485639535538,0.012325762943034127,0.8186127928010779,cell_carpet,0.002077326458926017,0.17515622012278165,0.013063014956575112,0.8097034384617172
cell_carpet,hourglass,90,1.5707963267948966,7.408725602755454,7.677509886465111,cell_carpet,0.0019726055534066114,0.13710372349391325,0.009980320275919153,0.8509433506767611,cell_carpet,0.0020249660061663144,0.15612997180834745,0.011521667616247133,0.8303233945692392
cell_carpet,hourglass,90,1.5707963267948966,8.536165327210105,7.682995280010205,cell_carpet,0.0019742989185693362,0.13798408643713556,0.010047026033393042,0.8499945886109022,cell_carpet,0.0019996324623678253,0.1470570291227415,0.010784346824820087,0.8401589915900707
cell_carpet,hourglass,90,1.5707963267948966,8.345579793340988,7.717310881489987,cell_carpet,0.0019861399662778616,0.1436715617182226,0.010481607610790653,0.8438606907047089,cell_carpet,0.0019928862143228435,0.14536429542048204,0.01063297721780537,0.8420098411473897
cell_carpet,hourglass,90,1.5707963267948966,7.762342135476464,7.703916315856613,cell_carpet,0.0019812626624137364,0.14141413424617874,0.01030837412968718,0.8462962289617204,cell_carpet,0.0019870744383682897,0.1433892148333304,0.010470675673746275,0.8441530350545551
cell_carpet,hourglass,90,1.5707963267948966,7.218140068886338,7.643832121444062,cell_carpet,0.0019634229160289075,0.13186666723620483,0.009586762696765002,0.8565831471510011,cell_carpet,0.0019752486771985986,0.1376279410347676,0.010028719185255639,0.8503680911027781
cell_carpet,hourglass,90,1.5707963267948966,7.399540757749714,7.567164179104477,cell_carpet,0.0019504068546017082,0.12096363746452284,0.008786692158486552,0.8682992635223888,cell_carpet,0.0019628277659001535,0.12929578924964522,0.009407705671871096,0.8593336773125835
cell_carpet,hourglass,90,1.5707963267948966,7.572904707233065,7.535272356167878,cell_carpet,0.0019482796432771358,0.11681721197277067,0.008489995016396563,0.8727445133675557,cell_carpet,0.001955553704588645,0.12305650061120794,0.00894885034413383,0.8660390953400696
cell_carpet,hourglass,90,1.5707963267948966,7.800229621125144,7.4827146319683635,cell_carpet,0.001949091146868687,0.11044381905660222,0.008043213419192802,0.8795638763773362,cell_carpet,0.001952322425728666,0.11675015983390508,0.008496031881663316,0.872801485858703
cell_carpet,hourglass,90,1.5707963267948966,7.980482204362801,7.780456690904454,cell_carpet,0.002013497023081269,0.1549886934761457,0.01136406758415769,0.8316337419166154,cell_carpet,0.0019829097244049676,0.13586942665502538,0.009930049732910503,0.8522176138876592
cell_carpet,hourglass,150,2.6179938779914944,5.380022962112514,5.380022962112514,grass,0.0019770610141201747,0.48957086217342777,0.3357612588444024,0.17269081796804978,grass,0.0019770610141201747,0.48957086217342777,0.3357612588444024,0.17269081796804978
cell_carpet,hourglass,150,2.6179938779914944,2.257175660160735,3.8185993111366248,cell_carpet,0.01505137712864631,0.25560316332078964,0.12161759402921861,0.6077278655213455,cell_carpet,0.008514219071383243,0.3725870127471087,0.2286894264368105,0.3902093417446976
cell_carpet,hourglass,150,2.6179938779914944,2.9678530424799083,3.5350172215843862,cell_carpet,0.056883392505119444,0.22787177527361832,0.10631290562656805,0.6089319265946941,cell_carpet,0.032698805788251344,0.3002293940103635,0.16750116603168927,0.4995706341696958
cell_carpet,hourglass,150,2.6179938779914944,3.725602755453502,3.582663605051665,cell_carpet,0.04602432824141138,0.2326214474495805,0.1087775907570413,0.6125766335519668,cell_carpet,0.03936156701483136,0.266425420729972,0.1381393783943653,0.5560736338608313
cell_carpet,hourglass,150,2.6179938779914944,4.2215843857634905,3.71044776119403,cell_carpet,0.025396978381687633,0.24497868492669583,0.11549465747708161,0.614129679214535,cell_carpet,0.03237927269825949,0.2557020528283339,0.12681701793572345,0.5851016565376832
cell_carpet,hourglass,150,2.6179938779914944,5.12284730195178,3.945847684653655,cell_carpet,0.008125652419706551,0.2690197381961016,0.12974328716363567,0.5931113222205563,cell_carpet,0.020252462558983022,0.26236089551221775,0.12828015254967956,0.5891064893791198
cell_carpet,hourglass,150,2.6179938779914944,4.601607347876005,4.039527636542562,cell_carpet,0.005274186757441641,0.27984503587319676,0.13656712196337895,0.5783136554059828,cell_carpet,0.012763324658212331,0.27110296569270725,0.13242363725652925,0.5837100723925512
cell_carpet,hourglass,150,2.6179938779914944,5.152698048220436,4.178673938002296,cell_carpet,0.0030302142418028033,0.2977261381573077,0.14829327370177076,0.5509503738991187,cell_carpet,0.007896769450007567,0.2844145519250075,0.14035845547915,0.567330223145835
cell_carpet,hourglass,150,2.6179938779914944,5.29276693455798,4.302462048730706,cell_carpet,0.002130427396198556,0.31555890591280006,0.16052571409731992,0.5217849525936814,cell_carpet,0.0050135984231030615,0.29998672891890377,0.15044208478823495,0.5445575878697582
cell_carpet,hourglass,150,2.6179938779914944,5.817451205510907,4.351065186886083,cell_carpet,0.001934413834949518,0.32304726951426393,0.1658255568677025,0.5091927597830841,cell_carpet,0.0034740061290262896,0.3115169992165838,0.15813382082796873,0.5268751738264211
cell_carpet,hourglass,150,2.6179938779914944,4.839265212399541,4.637964026023727,cell_carpet,0.001575614326968296,0.37184851048857703,0.2030596247214781,0.4235162504629765,cell_carpet,0.002524810227997293,0.3416827548525805,0.18059672277472344,0.47519571214469886
cell_carpet,hourglass,150,2.6179938779914944,2.677382319173364,4.60568950121189,cell_carpet,0.0015789526858852802,0.36605565970842785,0.19836449451928778,0.4340008930863991,cell_carpet,0.0020518814569412866,0.3538692072805042,0.1894806086470056,0.454598302615549
cell_carpet,hourglass,150,2.6179938779914944,3.56601607347876,4.587957647659141,cell_carpet,0.001583088683156022,0.3628962868234909,0.19583854885026927,0.4396820756430838,cell_carpet,0.0018174850700486544,0.3583827470519976,0.19265957874863743,0.4471401891293164
cell_carpet,hourglass,150,2.6179938779914944,3.884041331802525,4.5504528638857,cell_carpet,0.0015982555135350437,0.3562774691481755,0.19062262223370524,0.4515016531045841,cell_carpet,0.0017078702917918492,0.35733010810008653,0.19164110049117133,0.44932092111695027
cell_carpet,hourglass,150,2.6179938779914944,4.444316877152699,4.47506059446358,cell_carpet,0.0016633021003134075,0.3432848289411887,0.18066439274090562,0.47438747621759225,cell_carpet,0.0016855861960526283,0.35030746852063765,0.18615274661603848,0.4618541986672713
cell_carpet,hourglass,150,2.6179938779914944,4.797933409873708,4.496874601352213,cell_carpet,0.0016388176796577245,0.34699665841683885,0.18347296197822688,0.46789156192527653,cell_carpet,0.0016622019378551764,0.3486520634687382,0.18481285429713268,0.46487288029627394
cell_carpet,hourglass,150,2.6179938779914944,4.879448909299656,4.466513585916571,cell_carpet,0.001674376690401956,0.34184187176840186,0.17958015076021452,0.4769036007809817,cell_carpet,0.0016682893141285664,0.34524696761857004,0.1821965025286736,0.4708882405386278
cell_carpet,hourglass,150,2.6179938779914944,5.233065442020666,4.459880086745759,cell_carpet,0.0016835902197842817,0.3407265171828163,0.1787449344290956,0.47884495816830375,cell_carpet,0.0016759397669564244,0.3429867424006932,0.1804707184788846,0.4748665993534658
cell_carpet,hourglass,150,2.6179938779914944,5.585533869115959,4.434111493812987,cell_carpet,0.0017249449393815812,0.3364327047897537,0.17555253418498568,0.48628981608587907,cell_carpet,0.0017004423531690026,0.33970972359522345,0.17801162633193512,0.4805782077196724
cell_carpet,hourglass,150,2.6179938779914944,5.639494833524684,4.523025896160225,cell_carpet,0.0016158688973353051,0.3514988506326845,0.18691812771816538,0.4599671527518149,cell_carpet,0.001658155625252154,0.34560428711395397,0.18246487702505026,0.47027268023574365
cell_carpet,hourglass,150,2.6179938779914944,4.997703788748565,4.780839392779691,grass,0.001605943049177389,0.3978712278234995,0.22529693975497214,0.3752258893723509,cell_carpet,0.0016320493372147715,0.3717377574687267,0.20388090839001122,0.4227492848040473
cell_carpet,hourglass,150,2.6179938779914944,2.4787600459242247,4.660033167495854,cell_carpet,0.001576024798768691,0.37583640052600087,0.20634172877583654,0.4162458458993939,cell_carpet,0.0016040370679917312,0.3737870789973638,0.20511131858292386,0.41949756535172056
cell_carpet,hourglass,150,2.6179938779914944,3.4374282433983923,4.610409491006505,cell_carpet,0.0015781421182340456,0.3668995780217746,0.19904330088543468,0.4324789789745566,cell_carpet,0.0015910895931128886,0.37034332850956925,0.20207730973417928,0.42598827216313867
cell_carpet,hourglass,150,2.6179938779914944,3.842709529276693,4.543564230131395,cell_carpet,0.0016021142934965,0.3550720715928011,0.18968342875716981,0.45364238535653273,cell_carpet,0.0015966019433046943,0.36270770005118513,0.19588036924567453,0.4398153287598357
cell_carpet,hourglass,150,2.6179938779914944,4.583237657864523,4.519709146574819,cell_carpet,0.001618426204509453,0.3509248150863453,0.18647646776706284,0.4609802909420824,cell_carpet,0.0016075140739070736,0.3568162575687652,0.19117841850636869,0.45039780985095906
cell_carpet,hourglass,150,2.6179938779914944,4.244546498277842,4.449164434239061,cell_carpet,0.001699675312345582,0.33893336134261476,0.17740734033000727,0.48195962301503237,cell_carpet,0.0016535946931263278,0.34787480945569,0.18429287941818798,0.4661787164329957
cell_carpet,hourglass,150,2.6179938779914944,5.514351320321469,4.480418420716927,cell_carpet,0.001656798981963452,0.3441926829148779,0.18134871623575724,0.47280180186740134,cell_carpet,0.0016551968375448903,0.346033746185284,0.18282079782697264,0.46949025915019854
cell_carpet,hourglass,150,2.6179938779914944,4.797933409873709,4.3929072585789,cell_carpet,0.0018123812399452864,0.3297018451829621,0.1706196787069325,0.4978660948701602,cell_carpet,0.0017337890387450882,0.33786779568412306,0.17672023826695257,0.48367817701017934
cell_carpet,hourglass,150,2.6179938779914944,5.539609644087256,4.381808904196963,cell_carpet,0.00184114914517399,0.32791858670205054,0.1693270254153171,0.5009132387374583,cell_carpet,0.0017874690919595392,0.3328931911930868,0.17302363184113484,0.4922957078738188
cell_carpet,hourglass,150,2.6179938779914944,7.208955223880597,4.627503508100523,cell_carpet,0.001576149973335092,0.3699654809915211,0.20152417877931347,0.42693419025583035,cell_carpet,0.0016818095326473156,0.351429336092304,0.18727390531022414,0.4596149490648246
cell_carpet,hourglass,150,2.6179938779914944,3.1871412169919635,4.7062125271080495,cell_carpet,0.0015826723489342873,0.384233102782703,0.2133937245700705,0.4007905002982922,cell_carpet,0.0016322409407908015,0.3678312194375035,0.20033381494014732,0.4302027246815584
cell_carpet,hourglass,150,2.6179938779914944,2.0413318025258325,4.551090700344432,cell_carpet,0.001597916330663206,0.3563892500161342,0.19070988127514074,0.4513029523780619,cell_carpet,0.0016150786357270039,0.36211023472681886,0.19552184810764403,0.4407528385298102
cell_carpet,hourglass,150,2.6179938779914944,2.1572904707233067,4.363821916060722,cell_carpet,0.0018931552565814083,0.3250561881056806,0.16726433400871124,0.5057863226290268,cell_carpet,0.0017541169461542062,0.3435832114162497,0.18139309105817764,0.4732695805794185
cell_carpet,hourglass,150,2.6179938779914944,3.4971297359357063,4.243143258068631,cell_carpet,0.0024748717689571163,0.3067872869821006,0.15444146737489037,0.5362963738740518,cell_carpet,0.002114494357555661,0.32518524919917513,0.167917279216534,0.5047829772267352
cell_carpet,hourglass,150,2.6179938779914944,4.064293915040183,4.223115193264447,cell_carpet,0.0026242142280553916,0.30391927797205365,0.15248052624364933,0.5409759815562416,cell_carpet,0.002369354292805526,0.3145522635856144,0.16019890273009166,0.5228794793914884
cell_carpet,hourglass,150,2.6179938779914944,4.634902411021814,4.125398647786708,cell_carpet,0.0036848739609652123,0.2906124601048061,0.1435630442932101,0.5621396216410185,cell_carpet,0.00302711412688537,0.3025823618452103,0.1518809735116509,0.5425095505162535
cell_carpet,hourglass,150,2.6179938779914944,4.375430539609644,4.078453884424034,cell_carpet,0.0044574326375738564,0.28462123455389926,0.13964562204260428,0.5712757107659227,cell_carpet,0.0037422733822296134,0.2936017981995548,0.1457632977771276,0.5568926306410881
cell_carpet,hourglass,150,2.6179938779914944,5.019517795637198,4.020665901262916,cell_carpet,0.005738246284263798,0.277591324742054,0.13512854419734177,0.5815418847763405,cell_carpet,0.004740259833246706,0.28559656147080437,0.14044592098723468,0.5692172577087142
cell_carpet,hourglass,150,2.6179938779914944,4.491389207807118,3.718714121699197,cell_carpet,0.02441279630343336,0.2457768205215381,0.11594385806289875,0.6138665251121299,cell_carpet,0.014576528068340033,0.26568669099617126,0.12819488952506672,0.591541891410422
cell_carpet,hourglass,150,2.6179938779914944,7.004592422502871,4.142875366755964,cell_carpet,0.003446941199810572,0.29290890106649925,0.1450807579029159,0.5585633998307743,cell_carpet,0.009011734634075303,0.27929779603133525,0.1366378237139913,0.5750526456205982
cell_carpet,hourglass,150,2.6179938779914944,2.9873708381171067,4.247990815154995,cell_carpet,0.002441487203459406,0.30748860967074154,0.15492309690629463,0.5351468062195045,cell_carpet,0.005726610918767354,0.29339320285103837,0.14578046031014294,0.5550997259200513
cell_carpet,hourglass,150,2.6179938779914944,2.3731343283582094,4.271973466003317,cell_carpet,0.002290799775114758,0.3109990958191341,0.15734646209605876,0.5293636423096924,cell_carpet,0.004008705346941057,0.30219614933508626,0.15156346120310088,0.5422316841148719
cell_carpet,hourglass,150,2.6179938779914944,2.381171067738232,4.14797805842582,cell_carpet,0.003381969432408216,0.2935862203988351,0.14553009392218733,0.5575017162465693,cell_carpet,0.0036953373896746362,0.29789118486696065,0.14854677756264412,0.5498667001807206
cell_carpet,hourglass,150,2.6179938779914944,3.721010332950631,4.109835438193646,cell_carpet,0.003918210836957915,0.2885977653854063,0.14223888150880482,0.5652451422688308,cell_carpet,0.0038067741133162762,0.2932444751261835,0.1453928295357245,0.5575559212247758
cell_carpet,hourglass,150,2.6179938779914944,4.153846153846153,4.056384742951908,cell_carpet,0.004898538587018575,0.28189244329036356,0.13788187286621859,0.5753271452563993,cell_carpet,0.004352656350167426,0.28756845920827356,0.14163735120097154,0.5664415332405875
cell_carpet,hourglass,150,2.6179938779914944,4.69804822043628,4.092231151932644,cell_carpet,0.004208735666467752,0.286352983429906,0.14077163228887482,0.5686666486147515,cell_carpet,0.004280696008317589,0.2869607213190898,0.14120449174492317,0.5675540909276695
cell_carpet,hourglass,150,2.6179938779914944,4.411021814006888,4.024620487307055,cell_carpet,0.005636920225254997,0.2780606287978113,0.1354273531252742,0.5808750978516595,cell_carpet,0.004958808116786293,0.2825106750584505,0.1383159224350987,0.5742145943896645
cell_carpet,hourglass,150,2.6179938779914944,4.831228473019518,4.062380405663988,cell_carpet,0.0047732296957543885,0.2826283286863647,0.13835623073443873,0.5742422108834421,cell_carpet,0.004866018906270341,0.2825695018724076,0.1383360765847687,0.5742284026365533
cell_carpet,hourglass,150,2.6179938779914944,4.660160734787601,3.801887995917847,cell_carpet,0.0163285158752918,0.25392722177614774,0.12063192499003741,0.6091123373585231,cell_carpet,0.01059726739078107,0.2682483618242777,0.12948400078740308,0.5916703699975382
grass,straight,-180,-3.141592653589793,2.916188289322618,2.916188289322618,cell_carpet,0.07036201498176195,0.25960763402079884,0.16340699682818058,0.5066233541692586,cell_carpet,0.07036201498176195,0.25960763402079884,0.16340699682818058,0.5066233541692586
grass,straight,-180,-3.141592653589793,4.660160734787601,3.788174512055109,grass,0.0022831243675865563,0.37324503780581614,0.26687122449691014,0.3576006133296871,cell_carpet,0.03632256967467425,0.3164263359133075,0.21513911066254537,0.4321119837494729
grass,straight,-180,-3.141592653589793,3.206659012629162,3.59433601224646,cell_carpet,0.003994294619711216,0.34632777617103927,0.23792662546580426,0.41175130374344526,cell_carpet,0.020158432147192734,0.3313770560421734,0.22653286806417483,0.4219316437464591
grass,straight,-180,-3.141592653589793,3.730195177956372,3.628300803673938,cell_carpet,0.003537017474465214,0.3509914784340941,0.24270820507925572,0.40276329901218494,cell_carpet,0.011847724810828974,0.3411842672381338,0.23462053657171528,0.41234747137932204
grass,straight,-180,-3.141592653589793,3.622273249138921,3.627095292766934,cell_carpet,0.003551788051493547,0.35082538025550986,0.24253635892313005,0.4030864727698665,cell_carpet,0.007699756431161261,0.34600482374682184,0.23857844774742265,0.40771697207459423
grass,straight,-180,-3.141592653589793,3.1836969001148105,3.553195560658247,cell_carpet,0.0046766784364480505,0.3407282656665618,0.2323014585115216,0.4222935973854686,cell_carpet,0.006188217433804656,0.3433665447066918,0.23543995312947213,0.4150052847300314
grass,straight,-180,-3.141592653589793,3.87256027554535,3.598819091356405,cell_carpet,0.0039288296385972124,0.34694135473623133,0.23855061612388664,0.41057919950128485,cell_carpet,0.005058523536200934,0.3451539497214616,0.2369952846266794,0.4127922421156581
grass,straight,-180,-3.141592653589793,3.3949483352468426,3.573335246842709,cell_carpet,0.004323502347350863,0.34346219108392556,0.23503243122738032,0.41718187534134327,cell_carpet,0.004691012941775898,0.34430807040269357,0.23601385792702986,0.4149870587285007
grass,straight,-180,-3.141592653589793,3.154994259471871,3.526852914912616,cell_carpet,0.005200028998627471,0.33717456043458816,0.22879478611344906,0.42883062445333536,cell_carpet,0.004945520970201685,0.34074131541864083,0.23240432202023947,0.421908841590918
grass,straight,-180,-3.141592653589793,3.755453501722158,3.620104605179232,cell_carpet,0.0036394730259854025,0.3498629778207623,0.24154292885311307,0.4049546203001393,cell_carpet,0.004292496998093543,0.3453021466197016,0.23697362543667627,0.41343173094552865
grass,straight,-180,-3.141592653589793,3.242250287026407,3.462558999872433,cell_carpet,0.006822944972893959,0.32861431675702446,0.22054240777463432,0.4440203304954472,cell_carpet,0.005557720985493751,0.33695823168836303,0.2287580166056553,0.4287260307204879
grass,straight,-180,-3.141592653589793,3.490241102181401,3.4940681209337927,cell_carpet,0.005960897042483783,0.3327889400016205,0.2245330262837848,0.436717136672111,cell_carpet,0.005759309013988767,0.3348735858449918,0.22664552144472006,0.43272158369629943
grass,straight,-180,-3.141592653589793,2.9598163030998856,3.4084704681719606,cell_carpet,0.00865698839711414,0.32154191899962303,0.21392571763203283,0.45587537497123,cell_carpet,0.007208148705551453,0.3282077524223074,0.22028561953837644,0.4442984793337647
grass,straight,-180,-3.141592653589793,3.82548794489093,3.4310498788110726,cell_carpet,0.007832018463983273,0.32447994314356854,0.21665265083817378,0.4510353875542744,cell_carpet,0.007520083584767363,0.32634384778293796,0.2184691351882751,0.44766693344401953
grass,straight,-180,-3.141592653589793,3.879448909299656,3.5083556576093886,cell_carpet,0.005613370136214024,0.3346949994239163,0.22637642306527173,0.4333152073745978,cell_carpet,0.0065667268604906945,0.3305194236034272,0.22242277912677344,0.44049107040930874
grass,straight,-180,-3.141592653589793,3.7910447761194015,3.4992983798953947,cell_carpet,0.005830702959154145,0.33348575426100774,0.22520536821708104,0.43547817456275717,cell_carpet,0.00619871490982242,0.33200258893221746,0.22381407367192724,0.437984622486033
grass,straight,-180,-3.141592653589793,4.055109070034443,3.5726495726495724,cell_carpet,0.004334903191672409,0.34336887891432444,0.2349387366139035,0.4173574812800996,cell_carpet,0.005266809050747414,0.33768573392327095,0.22937640514291535,0.4276710518830663
grass,straight,-180,-3.141592653589793,4.307692307692308,3.7007271335629546,cell_carpet,0.0028161246996286932,0.3610324536481101,0.2533197379068211,0.3828316837454402,cell_carpet,0.004041466875188054,0.3493590937856905,0.24134807152486823,0.40525136781425325
grass,straight,-180,-3.141592653589793,3.354764638346728,3.6562061487434634,cell_carpet,0.0032222958337013593,0.35484680286070114,0.24672997664148963,0.3952009246641078,cell_carpet,0.0036318813544447062,0.35210294832319583,0.24403902408317893,0.4002261462391805
grass,straight,-180,-3.141592653589793,3.5556831228473023,3.691032019390228,cell_carpet,0.002895526364334238,0.35968244147839257,0.2518666670845082,0.385555365072765,cell_carpet,0.003263703859389472,0.3558926949007942,0.24795284558384356,0.39289075565597276
grass,straight,-180,-3.141592653589793,3.383467278989667,3.679168261257813,cell_carpet,0.0029992813327338426,0.3580325323807597,0.25010220806094635,0.38886597822556007,cell_carpet,0.003131492596061657,0.35696261364077697,0.24902752682239496,0.3908783669407664
grass,straight,-180,-3.141592653589793,6.253731343283582,4.045158821278225,grass,0.001806195377385302,0.4081115456068742,0.310836482461233,0.27924577655450744,grass,0.0024688439867234795,0.38253707962382555,0.279932004641814,0.3350620717476369
grass,straight,-180,-3.141592653589793,3.6176808266360494,4.022069141472127,grass,0.0018129963229377888,0.4051290326498142,0.30667170247909586,0.2863862685481523,grass,0.002140920154830634,0.39383305613681985,0.2933018535604549,0.3107241701478946
grass,straight,-180,-3.141592653589793,2.8174512055109067,3.90406939660671,grass,0.0019335072223682942,0.3893205724245121,0.2859999734358526,0.3227459469172671,grass,0.0020372136885994643,0.391576814280666,0.28965091349815375,0.3167350585325809
grass,straight,-180,-3.141592653589793,3.34902411021814,3.8549559892843472,grass,0.0020445419980271175,0.3825464765506833,0.2777393371512116,0.33766964430007806,grass,0.0020408778433132907,0.38706164541567467,0.28369512532468266,0.3272023514163295
grass,straight,-180,-3.141592653589793,3.2284730195177955,3.763107539226942,grass,0.0024061503535147038,0.36974198738358777,0.2629058782941,0.3649459839687975,grass,0.0022235140984139972,0.3784018163996312,0.27330050180939136,0.3460741676925635
grass,straight,-180,-3.141592653589793,3.936854190585534,3.721903303992856,cell_carpet,0.002658385913289146,0.3639855290793387,0.2565282175647226,0.37682786744264946,grass,0.0024409500058515717,0.37119367273948495,0.264914359687057,0.36145101756760645
grass,straight,-180,-3.141592653589793,3.148105625717565,3.6989411914785046,cell_carpet,0.0028303991222223615,0.360783661666139,0.2530513154713163,0.38333462374032223,cell_carpet,0.0026356745640369666,0.365988667202812,0.25898283757918666,0.37239282065396434
grass,straight,-180,-3.141592653589793,3.4454649827784154,3.68669473147085,cell_carpet,0.0029325971393175895,0.359078968388223,0.2512198521325782,0.3867685823398812,cell_carpet,0.0027841358516772783,0.3625338177955175,0.25510134485588243,0.3795807014969228
grass,straight,-180,-3.141592653589793,3.1366245694603903,3.659267763745375,cell_carpet,0.0031907790420843242,0.35527092489000817,0.24717633346753945,0.39436196260036815,cell_carpet,0.0029874574468808012,0.3589023713427628,0.2511388391617109,0.3869713320486455
grass,straight,-180,-3.141592653589793,3.3696900114810564,3.338818726878428,cell_carpet,0.011836196006538098,0.3126031197984013,0.20581722939411684,0.46974345480094376,cell_carpet,0.007411826726709449,0.33575274557058205,0.22847803427791388,0.4283573934247946
grass,straight,-180,-3.141592653589793,3.3949483352468426,3.314070672279627,cell_carpet,0.01323436420660157,0.309468796537502,0.20304063977984296,0.4742561994760534,cell_carpet,0.01032309546665551,0.322610771054042,0.21575933702887842,0.45130679645042404
grass,straight,-180,-3.141592653589793,3.253731343283582,3.362546243143258,cell_carpet,0.010635584329128471,0.31562793245157067,0.20852953049797554,0.4652069527213253,cell_carpet,0.01047933989789199,0.31911935175280637,0.21214443376342698,0.45825687458587466
grass,straight,-180,-3.141592653589793,3.2123995407577497,3.3473657354254365,cell_carpet,0.011388590871583797,0.31369040000493364,0.20678847251727508,0.4681325366062075,cell_carpet,0.010933965384737895,0.31640487587887,0.20946645314035103,0.4631947055960411
grass,straight,-180,-3.141592653589793,3.656716417910448,3.3949483352468426,cell_carpet,0.009195670230985144,0.319792127638264,0.21231623939882388,0.45869596273192703,cell_carpet,0.01006481780786152,0.318098501758567,0.21089134626958744,0.4609453341639841
grass,straight,-180,-3.141592653589793,3.858783008036739,3.386273759408088,cell_carpet,0.009559928616366536,0.31867338102090353,0.21129288999659612,0.46047380036613383,cell_carpet,0.009812373212114027,0.3183859413897353,0.21109211813309178,0.46070956726505896
grass,straight,-180,-3.141592653589793,4.284730195177957,3.51256537823702,cell_carpet,0.005515769456288716,0.33525814303533635,0.22692364226324713,0.43230244524512784,cell_carpet,0.007664071334201371,0.32682204221253586,0.21900788019816947,0.4465060062550934
grass,straight,-180,-3.141592653589793,4.181400688863376,3.59433601224646,cell_carpet,0.003994294619711216,0.34632777617103927,0.23792662546580426,0.41175130374344526,cell_carpet,0.005829182976956294,0.33657490919178756,0.22846725283198688,0.42912865499926933
grass,straight,-180,-3.141592653589793,3.351320321469575,3.618191095803037,cell_carpet,0.0036640882440505647,0.3495997860254988,0.2412719252407878,0.4054642004896628,cell_carpet,0.00474663561050343,0.3430873476086432,0.23486958903638733,0.41729642774446607
grass,straight,-180,-3.141592653589793,3.587830080367394,3.642428881234852,cell_carpet,0.0033713234297942348,0.352940947410157,0.24473386896732857,0.3989538601927202,cell_carpet,0.004058979520148833,0.3480141475094001,0.23980172900185795,0.4081251439685931
grass,straight,-180,-3.141592653589793,3.6257175660160734,3.6680699068758766,cell_carpet,0.0031032770619555407,0.356491410776208,0.24846522578291286,0.3919400863789235,cell_carpet,0.003581128291052187,0.35225277914280406,0.2441334773923854,0.4000326151737583
grass,straight,-180,-3.141592653589793,3.493685419058553,3.694731470850874,cell_carpet,0.0028646714063738873,0.36019740883356427,0.25241994761734704,0.3845179721427147,cell_carpet,0.003222899848713037,0.35622509398818414,0.24827671250486621,0.39227529365823655
grass,straight,-180,-3.141592653589793,4.670493685419058,3.8567419313687967,grass,0.00203966526529362,0.38279407742121774,0.2780358593714847,0.33713039794200406,grass,0.0026312825570033284,0.36950958570470094,0.2631562859381754,0.3647028458001203
grass,straight,-180,-3.141592653589793,3.701492537313433,3.8617170557469054,grass,0.002026440305248779,0.3834833886104531,0.27886345319042494,0.33562671789387316,grass,0.0023288614311260543,0.37649648715757705,0.27100986956430023,0.3501647818469968
grass,straight,-180,-3.141592653589793,3.840413318025258,3.859675979078964,grass,0.002031802348257202,0.38320067295506244,0.27852364899272586,0.33624387570395453,grass,0.0021803318896916283,0.3798485800563197,0.274766759278513,0.3432043287754757
grass,straight,-180,-3.141592653589793,3.3076923076923075,3.751116213802781,cell_carpet,0.0024727262465900415,0.36806598617232694,0.26103166868241373,0.36842961889866926,grass,0.002326529068140835,0.3739572831143233,0.26789921398046335,0.35581697383707245
grass,straight,-180,-3.141592653589793,3.850746268656717,3.714376833779818,cell_carpet,0.002712079496571756,0.36293534018207935,0.2553824252463552,0.37897015507499365,grass,0.0025193042823562955,0.3684463116482013,0.26164081961340924,0.36739356445603305
grass,straight,-180,-3.141592653589793,3.653272101033296,3.747927031509121,cell_carpet,0.0024913344285677976,0.367620294840764,0.26053570609124027,0.369352664639428,cell_carpet,0.0025053193554620467,0.36803330324448263,0.2610882628523248,0.36837311454773053
grass,straight,-180,-3.141592653589793,3.2330654420206657,3.708508738359485,cell_carpet,0.002755731782728258,0.36211698755964183,0.2544932443214107,0.3806340363362192,cell_carpet,0.0026305255690951524,0.3650751454020622,0.25779075358686776,0.3745035754419749
grass,straight,-180,-3.141592653589793,3.587830080367394,3.7042990177318535,cell_carpet,0.0027880425264512577,0.3615301719326948,0.253857599117939,0.38182418642291494,cell_carpet,0.002709284047773205,0.36330265866737854,0.2558241763524034,0.3781638809324449
grass,straight,-180,-3.141592653589793,3.3857634902411022,3.692307692307693,cell_carpet,0.0028848079889553257,0.3598599920136061,0.2520572887103322,0.3851979112871063,cell_carpet,0.002797046018364265,0.3615813253404923,0.2539407325313678,0.3816808961097756
grass,straight,-180,-3.141592653589793,3.202066590126292,3.5291491261640515,cell_carpet,0.005151452079930431,0.33748328922839843,0.2290975176303747,0.42826774106129634,cell_carpet,0.0039742490491473485,0.3495323072844454,0.24151912508087126,0.404974318585536
grass,straight,-180,-3.141592653589793,3.0574052812858787,3.457583875494324,cell_carpet,0.006971992132581018,0.32795884010701937,0.21992159737515715,0.44514757038524244,cell_carpet,0.005473120590864184,0.3387455736957324,0.2307203612280142,0.4250609444853892
grass,straight,-180,-3.141592653589793,3.73593570608496,3.445975251945401,cell_carpet,0.007334446846347513,0.3264333064950734,0.21848276371656822,0.44774948294201083,cell_carpet,0.006403783718605848,0.3325894400954029,0.2246015624722912,0.4364052137137
grass,straight,-180,-3.141592653589793,3.8840413318025258,3.510014032402092,cell_carpet,0.005574666859252211,0.3349167609033418,0.22659177214392917,0.43291680009347683,cell_carpet,0.005989225288929029,0.33375310049937235,0.22559666730811018,0.43466100690358844
grass,straight,-180,-3.141592653589793,3.5912743972445464,3.4811838244674065,cell_carpet,0.006296864347596222,0.3310770668754742,0.22288888404205906,0.4397371847348705,cell_carpet,0.006143044818262626,0.33241508368742334,0.22424277567508463,0.4371990958192295
grass,straight,-180,-3.141592653589793,4.153846153846153,3.5368031636688357,cell_carpet,0.004993709248939229,0.33851383139861235,0.23011066169259228,0.42638179765985607,cell_carpet,0.005568377033600928,0.33546445754301785,0.22717671868383846,0.4317904467395428
grass,straight,-180,-3.141592653589793,4.299655568312285,3.655313177701237,cell_carpet,0.003231595567034898,0.3547231403069034,0.24659997933034436,0.3954452847957173,cell_carpet,0.004399986300317913,0.3450937989249606,0.2368883490070914,0.41361786576763004
grass,straight,-180,-3.141592653589793,3.3008036739380024,3.623421354764639,cell_carpet,0.003597435298429153,0.350319422366057,0.24201360585920811,0.4040695364763058,cell_carpet,0.003998710799373533,0.3477066106455088,0.23945097743314975,0.4088437011219679
grass,straight,-180,-3.141592653589793,3.09414466130884,3.591019262661053,cell_carpet,0.004043787675502063,0.3458742389140328,0.23746637003073132,0.4126156033797338,cell_carpet,0.004021249237437798,0.3467904247797708,0.23845867373194052,0.41072965225085084
grass,straight,-180,-3.141592653589793,3.615384615384616,3.6369434876897566,cell_carpet,0.0034340598303959436,0.35218342733112057,0.24394482125581354,0.40043769158267,cell_carpet,0.0037276545339168707,0.3494869260554457,0.24120174749387702,0.4055836719167604
grass,straight,-180,-3.141592653589793,1.6314580941446613,3.4785049113407323,cell_carpet,0.006369525226239865,0.33072197143890136,0.22254918678331959,0.4403593165515392,cell_carpet,0.005048589880078368,0.3401044487471735,0.2318754671385983,0.4229714942341498
grass,straight,-180,-3.141592653589793,5.3972445464982775,3.663094782497768,cell_carpet,0.003152174255542269,0.35580136785481836,0.24773569790837485,0.39331075998126463,cell_carpet,0.004100382067810319,0.3479529083009959,0.23980558252348658,0.4081411271077072
grass,straight,-180,-3.141592653589793,3.739380022962112,3.6470213037377217,cell_carpet,0.003320311862073079,0.3535757282053035,0.2453969642741812,0.3977069956584422,cell_carpet,0.003710346964941699,0.3507643182531497,0.2426012733988339,0.4029240613830747
grass,straight,-180,-3.141592653589793,3.6280137772675087,3.651103457073606,cell_carpet,0.0032760988351362703,0.35414040626813825,0.2459882918011976,0.39659520309552787,cell_carpet,0.0034932229000389846,0.35245236226064397,0.24429478260001575,0.3997596322393013
grass,straight,-180,-3.141592653589793,3.90585533869116,3.623548922056385,cell_carpet,0.0035958342499489387,0.35033698408461894,0.24203173256323907,0.4040354491021931,cell_carpet,0.0035445285749939616,0.35139467317263146,0.2431632575816274,0.4018975406707472
grass,straight,-180,-3.141592653589793,4.34443168771527,3.628524046434494,cell_carpet,0.003534293338363378,0.3510222416936362,0.242740045672963,0.40270341929503733,cell_carpet,0.00353941095667867,0.35120845743313384,0.2429516516272952,0.40230047998289226
grass,straight,-180,-3.141592653589793,3.548794489092996,3.656078581451715,cell_carpet,0.0032236213837710088,0.354829135674744,0.2467114003398342,0.39523584260165084,cell_carpet,0.0033815161702248396,0.3530187965539389,0.24483152598356472,0.39876816129227155
grass,straight,-180,-3.141592653589793,3.3122847301951777,3.680316366883531,cell_carpet,0.0029889125303743103,0.3581920927449128,0.2502723044709782,0.3885466902537346,cell_carpet,0.003185214350299575,0.3556054446494259,0.24755191522727146,0.3936574257730031
grass,straight,-180,-3.141592653589793,3.969001148105626,3.7196070927414207,cell_carpet,0.002674498684537068,0.3636650702423712,0.25617802105987986,0.3774824100132118,cell_carpet,0.0029298565174183215,0.3596352574458985,0.2518649681435757,0.38556991789310746
grass,straight,-180,-3.141592653589793,2.8300803673938004,3.852787345324659,grass,0.0020505570933659705,0.3822457114437849,0.2773796756626348,0.3383240558002144,grass,0.0024902068053921462,0.37094048444484173,0.2646223219031052,0.36194698684666093
grass,straight,-180,-3.141592653589793,2.8920780711825484,3.5744355147340223,cell_carpet,0.0043052968303232,0.34361195820230683,0.23518288407545349,0.4168998608919164,cell_carpet,0.003397751817857673,0.3572762213235743,0.24990260298927935,0.38942342386928863
grass,straight,-180,-3.141592653589793,3.219288174512056,3.516647531572905,cell_carpet,0.005423142826856931,0.33580488351736465,0.22745605814894507,0.43131591550683335,cell_carpet,0.004410447322357302,0.34654055242046944,0.23867933056911222,0.410369669688061
grass,straight,-180,-3.141592653589793,2.8828932261768085,3.4338563592294937,cell_carpet,0.007735657422126208,0.3248465535744595,0.21699508542945847,0.4504227035739558,cell_carpet,0.0060730523722417554,0.3356935529974645,0.22783720799928536,0.4303961866310084
grass,straight,-180,-3.141592653589793,4.010332950631458,3.445464982778416,cell_carpet,0.007350861818138127,0.3263663757010503,0.21841982907656549,0.4478629334042462,cell_carpet,0.006711957095189941,0.3310299643492574,0.22312851853792542,0.4391295600176273
grass,straight,-180,-3.141592653589793,3.5740528128587834,3.3598673300165838,cell_carpet,0.010764666846868587,0.3152854093560035,0.20822077955636092,0.465729144240767,cell_carpet,0.008738311971029264,0.32315768685263047,0.21567464904714317,0.45242935212919716
grass,straight,-180,-3.141592653589793,3.920780711825488,3.401199132542416,cell_carpet,0.008942332646694879,0.32060009964693165,0.21305807129015297,0.4573994964162205,cell_carpet,0.008840322308862072,0.32187889324978103,0.21436636016864807,0.45491442427270884
grass,straight,-180,-3.141592653589793,3.1699196326062,3.385380788365863,cell_carpet,0.0095982807499703,0.3185583809454127,0.21118794711514427,0.4606553911894728,cell_carpet,0.009219301529416187,0.3202186370975969,0.21277715364189617,0.4577849077310908
grass,straight,-180,-3.141592653589793,3.497129735935706,3.3329506314580946,cell_carpet,0.012153743412109525,0.3118580879358174,0.2051541068692383,0.4708340617828348,cell_carpet,0.010686522470762856,0.31603836251670714,0.20896563025556725,0.4643094847569628
grass,straight,-180,-3.141592653589793,3.913892078071183,3.453374154866692,cell_carpet,0.007101026283451544,0.3274049916963731,0.2193982534320319,0.4460957285881435,cell_carpet,0.0088937743771072,0.3217216771065401,0.21418194184379957,0.4552026066725532
grass,straight,-180,-3.141592653589793,3.436280137772675,3.5138410511544844,cell_carpet,0.005486612076321831,0.3354289296091147,0.22708983387076606,0.4319946244437976,cell_carpet,0.007190193226714515,0.32857530335782736,0.22063588785728283,0.44359861555817537
grass,straight,-180,-3.141592653589793,2.0390355912743976,3.3827018752391886,cell_carpet,0.00971431025315235,0.3182135643135882,0.21087356622196687,0.46119855921129255,cell_carpet,0.008452251739933435,0.3233944338357078,0.21575472703962487,0.452398587384734
grass,straight,-180,-3.141592653589793,3.586681974741676,3.4609006250797294,cell_carpet,0.0068722167381776635,0.32839571279833707,0.2203351919688461,0.4443968784946392,cell_carpet,0.007662234239055549,0.32589507331702244,0.21804495950423547,0.4483977329396866
grass,straight,-180,-3.141592653589793,3.489092996555683,3.4029850746268657,cell_carpet,0.008871326049340015,0.32083123040308176,0.21327070770948914,0.4570267358380891,cell_carpet,0.008266780144197782,0.3233631518600521,0.2156578336068623,0.45271223438888786
grass,straight,-180,-3.141592653589793,3.630309988518944,3.409235871922439,cell_carpet,0.008627526285147426,0.321641179543902,0.2140173444777356,0.455713949693215,cell_carpet,0.008447153214672605,0.32250216570197704,0.21483758904229894,0.4542130920410514
grass,straight,-180,-3.141592653589793,2.974741676234214,3.3041204235234085,cell_carpet,0.013841653282502886,0.30821414172914463,0.2019388444770774,0.476005360511275,cell_carpet,0.011144403248587745,0.31535815371556086,0.20838821675968816,0.46510922627616325
grass,straight,-180,-3.141592653589793,3.938002296211252,3.389462941701748,cell_carpet,0.009424268922784642,0.3190843463036707,0.21166829699095846,0.45982308778258607,cell_carpet,0.010284336085686194,0.3172212500096158,0.21002825687532334,0.4624661570293747
grass,straight,-180,-3.141592653589793,4.0,3.4453374154866694,cell_carpet,0.007354972024125444,0.3263496446546175,0.2184040994909514,0.44789128383030574,cell_carpet,0.00881965405490582,0.32178544733211667,0.21421617818313737,0.4551787204298402
grass,straight,-180,-3.141592653589793,3.3823191733639493,3.386273759408088,cell_carpet,0.009559928616366536,0.31867338102090353,0.21129288999659612,0.46047380036613383,cell_carpet,0.009189791335636178,0.3202294141765101,0.21275453408986675,0.457826260397987
grass,straight,-180,-3.141592653589793,3.725602755453502,3.41842071692818,cell_carpet,0.008282315286127315,0.3228341247404399,0.2151212882843965,0.4537622716890363,cell_carpet,0.008736053310881746,0.32153176945847495,0.21393791118713162,0.4557942660435117
grass,straight,-180,-3.141592653589793,3.072330654420207,3.5332312794999363,cell_carpet,0.005066529860396109,0.33803263592499955,0.22963708713447228,0.42726374708013204,cell_carpet,0.0069012915856389275,0.32978220269173725,0.22178749916080195,0.44152900656182187
grass,straight,-180,-3.141592653589793,3.1814006888633752,3.4882000255134584,cell_carpet,0.006111179171123021,0.332008448797688,0.22378207711599465,0.43809829491519436,cell_carpet,0.006506235378380975,0.33089532574471264,0.22278478813839833,0.43981365073850814
grass,straight,-180,-3.141592653589793,3.3122847301951777,3.468554662584513,cell_carpet,0.0066481818333062655,0.3294055858296438,0.2212939073921272,0.44265232494492274,cell_carpet,0.00657720860584362,0.3301504557871782,0.22203934776526277,0.44123298784171544
grass,straight,-180,-3.141592653589793,3.281285878300804,3.4297742058936094,cell_carpet,0.007876257388508534,0.32431340722490687,0.21649725601267825,0.4513130793739063,cell_carpet,0.007226732997176077,0.3272319315060426,0.2192683018889705,0.4462730336078109
grass,straight,-180,-3.141592653589793,2.6486796785304247,3.3935450950376325,cell_carpet,0.009253584304419858,0.31961095600700146,0.2121502159099954,0.4589852437785833,cell_carpet,0.008240158650797968,0.32342144375652204,0.21570925889948295,0.4526291386931971
grass,straight,-180,-3.141592653589793,3.57060849598163,3.3527235616787854,cell_carpet,0.011116796179889388,0.31437328909017037,0.20740060657061227,0.46710930815932805,cell_carpet,0.009678477415343677,0.3188973664233462,0.2115549327350476,0.4598692234262626
grass,straight,-180,-3.141592653589793,3.5373134328358216,3.3013139431049883,cell_carpet,0.014017838356732178,0.307860809974707,0.20162955677308536,0.47649179489547544,cell_carpet,0.011848157886037929,0.3133790881990266,0.20659224475406648,0.468180509160869
grass,straight,-180,-3.141592653589793,3.4580941446613087,3.3097333843602503,cell_carpet,0.013495782876721445,0.3089215203231912,0.20255936147924386,0.4750233353208434,cell_carpet,0.012671970381379688,0.31115030426110896,0.2045758031166552,0.47160192224085623
grass,straight,-180,-3.141592653589793,2.5935706084959813,3.183952034698303,cell_carpet,0.0236409570232608,0.2932502487498276,0.18922334957336234,0.49388544465354917,cell_carpet,0.018156463702320245,0.30220027650546827,0.19689957634500876,0.4827436834472027
grass,straight,-180,-3.141592653589793,3.5407577497129736,3.235999489730833,cell_carpet,0.018786814112080333,0.29969679978342445,0.1946051054479154,0.4869112806565798,cell_carpet,0.01847163890720029,0.30094853814444633,0.1957523408964621,0.48482748205189125
grass,straight,-180,-3.141592653589793,3.210103329506315,3.239188672024493,cell_carpet,0.018521863854550125,0.3000931655063874,0.1949407496180909,0.48644422102097157,cell_carpet,0.018496751380875205,0.3005208518254169,0.19534654525727652,0.4856358515364314
grass,straight,-180,-3.141592653589793,2.0815154994259477,3.102436535272356,cell_carpet,0.03356037348713175,0.2831814212616,0.18110680351203112,0.502151401739237,cell_carpet,0.026028562434003477,0.29185113654350847,0.18822667438465382,0.4938936266378342
grass,straight,-180,-3.141592653589793,4.157290470723306,3.1997703788748564,cell_carpet,0.022055472760896873,0.29520587499930456,0.1908406015071145,0.4918980507326841,cell_carpet,0.024042017597450175,0.29352850577140654,0.18953363794588415,0.49289583868525916
grass,straight,-180,-3.141592653589793,3.328358208955224,3.275290215588723,cell_carpet,0.015759111952268496,0.3045951927933527,0.19879172840235207,0.48085396685202675,cell_carpet,0.019900564774859335,0.2990618492823796,0.1941626831741181,0.486874902768643
grass,straight,-180,-3.141592653589793,3.79678530424799,3.300420972062763,cell_carpet,0.014074356720574027,0.30774843551057335,0.20153128193954892,0.47664592582930376,cell_carpet,0.016987460747716683,0.3034051423964765,0.19784698255683353,0.48176041429897337
grass,straight,-180,-3.141592653589793,3.0378874856486795,3.2449292001530807,cell_carpet,0.018053792407521915,0.3008071239768974,0.19554672152032834,0.4855923620952523,cell_carpet,0.017520626577619297,0.30210613318668694,0.19669685203858095,0.48367638819711284
grass,straight,-180,-3.141592653589793,2.99081515499426,3.1930093124122974,cell_carpet,0.0227208259360825,0.29436971173421345,0.19014748167295453,0.4927619806567494,cell_carpet,0.0201207262568509,0.2982379224604502,0.19342216685576774,0.48821918442693113
grass,straight,-180,-3.141592653589793,4.010332950631458,3.3504273504273505,cell_carpet,0.011232461962657588,0.3140804973240258,0.20713795053298317,0.46754909018033347,cell_carpet,0.015676594109754242,0.306159209892238,0.20028005869437546,0.47788413730363233
grass,straight,-180,-3.141592653589793,3.9678530424799088,3.3978823829570097,cell_carpet,0.009075817666499304,0.32017118929927224,0.21266398310604964,0.4580890099281788,cell_carpet,0.012376205888126773,0.3131651995957551,0.20647202090021255,0.46798657361590557
grass,straight,-180,-3.141592653589793,2.8668197474167623,3.3597397627248373,cell_carpet,0.010770853624648503,0.3152691052731035,0.20820609332478834,0.46575394777745965,cell_carpet,0.011573529756387639,0.31421715243442927,0.20733905711250045,0.4668702606966826
grass,straight,-180,-3.141592653589793,3.7072330654420207,3.5403750478377343,cell_carpet,0.004922252739623477,0.33899550603235445,0.23058559286172156,0.42549664836630036,cell_carpet,0.008247891248005559,0.3266063292333919,0.21896232498711102,0.4461834545314915
grass,straight,-180,-3.141592653589793,3.9931113662456954,3.522132925118,cell_carpet,0.005301739394771642,0.33654058555300537,0.22817425707792902,0.429983417974294,cell_carpet,0.006774815321388601,0.33157345739319866,0.22356829103252002,0.43808343625289276
grass,straight,-180,-3.141592653589793,3.17451205510907,3.5050389080239825,cell_carpet,0.005691780368726967,0.33425180109192676,0.22594658997137557,0.4341098285679708,cell_carpet,0.006233297845057784,0.3329126292425627,0.2247574405019478,0.4360966324104318
grass,straight,-180,-3.141592653589793,3.5143513203214694,3.473657354254369,cell_carpet,0.006503535443565407,0.33008015474351643,0.2219363725128693,0.44147993730004875,cell_carpet,0.006368416644311595,0.3314963919930396,0.22334690650740854,0.43878828485524024
grass,straight,-180,-3.141592653589793,3.497129735935706,3.524684270952928,cell_carpet,0.005246448336482216,0.3368831684342802,0.2285093855943204,0.42936099763491714,cell_carpet,0.005807432490396907,0.3341897802136599,0.2259281460508645,0.4340746412450787
grass,straight,-180,-3.141592653589793,3.6739380022962114,3.6005868095420337,cell_carpet,0.0039034620580329477,0.347183467635088,0.23879725776328614,0.410115812543593,cell_carpet,0.004855447274214927,0.340686623924374,0.2323627019070753,0.4220952268943359
grass,straight,-180,-3.141592653589793,3.7910447761194033,3.576221456818472,cell_carpet,0.004275977665470091,0.34385514636014536,0.23542737467763447,0.41644150129675017,cell_carpet,0.004565712469842509,0.3422708851422597,0.2338950382923549,0.419268364095543
grass,straight,-180,-3.141592653589793,3.722158438576349,3.548922056384743,cell_carpet,0.004756675951250993,0.3401500087564084,0.23172755350724117,0.42336576178509944,cell_carpet,0.004661194210546751,0.341210446949334,0.23281129589979804,0.42131706294032123
grass,straight,-180,-3.141592653589793,3.750861079219288,3.647148871029468,cell_carpet,0.003318914221421535,0.35359336835664623,0.24541541606260436,0.39767230135932785,cell_carpet,0.003990054215984143,0.3474019076529901,0.2391133559812012,0.40949468214982454
grass,straight,-180,-3.141592653589793,3.4477611940298507,3.618318663094783,cell_carpet,0.003662438906056895,0.34961732889376435,0.24128997983679362,0.4054302523633851,cell_carpet,0.003826246561020519,0.34850961827337723,0.2402016679089974,0.40746246725660484
grass,square,-180,-3.141592653589793,9.863375430539609,9.863375430539609,rubber_carpet,0.08880307440490762,0.09753627368495327,0.7248575775047577,0.08880307440538146,rubber_carpet,0.046314660482964065,0.22302294597916525,0.48252962270687755,0.24813277083099317
grass,square,-180,-3.141592653589793,6.605051664753158,8.234213547646384,rubber_carpet,0.021735979221153848,0.09714755153613017,0.8593804340824474,0.021736035160268636,rubber_carpet,0.034025319852058956,0.1600852487576477,0.6709550283946625,0.1349344029956309
grass,square,-180,-3.141592653589793,6.1940298507462686,7.554152315346346,rubber_carpet,0.012448011284587926,0.15175676203498736,0.8233444627743535,0.01245076390607123,rubber_carpet,0.02323666556832344,0.15592100539631754,0.747149745584508,0.07369258345085106
grass,square,-180,-3.141592653589793,5.177956371986222,6.960103329506314,rubber_carpet,0.007978984197698245,0.22124155402878162,0.7627474075937009,0.008032054179819281,rubber_carpet,0.015607824883010843,0.18858127971254957,0.7549485765891044,0.04086231881533517
grass,square,-180,-3.141592653589793,4.966704936854192,6.56142365097589,rubber_carpet,0.006078755046122623,0.27517509066112456,0.7123595416221715,0.006386612670581271,rubber_carpet,0.010843289964566735,0.2318781851868371,0.7336540591056381,0.023624465742958223
grass,square,-180,-3.141592653589793,3.8668197474167623,6.112323000382702,rubber_carpet,0.004606709095742236,0.3380491533629177,0.6509393778548687,0.006404759686471473,rubber_carpet,0.007724999530154485,0.2849636692748774,0.6922967184802533,0.015014612714714848
grass,square,-180,-3.141592653589793,3.486796785304248,5.737247826800066,rubber_carpet,0.0037466186196700242,0.38795841397081404,0.5979494797374667,0.010345487672049347,rubber_carpet,0.005735809074912254,0.3364610416228457,0.6451230991088599,0.012680050193382093
grass,square,-180,-3.141592653589793,4.198622273249139,5.5449196326062,rubber_carpet,0.0033977571745169043,0.41092957242505024,0.5701930345375258,0.015479635862907072,rubber_carpet,0.00456678312471458,0.373695307023948,0.6076580668231929,0.014079843028144584
grass,square,-180,-3.141592653589793,3.3788748564867963,5.3042479908151545,rubber_carpet,0.0030255614492538654,0.43534021037710063,0.534372208419701,0.027262019753944457,rubber_carpet,0.003796172286984223,0.4045177587005243,0.571015137621447,0.02067093139104452
grass,square,-180,-3.141592653589793,3.570608495981631,4.605051664753158,grass,0.0021893721658553023,0.45759471607037816,0.4164090304850401,0.12380688127872651,rubber_carpet,0.0029927722264197626,0.43105623738545124,0.4937120840532435,0.07223890633488551
grass,square,-180,-3.141592653589793,3.388059701492537,4.247608113279755,grass,0.0018699203501852744,0.4318387327416308,0.34854296800764395,0.21774837890054002,grass,0.0024313462883025186,0.431447485063541,0.42112752603044373,0.14499364261771278
grass,square,-180,-3.141592653589793,3.966704936854191,4.000127567291746,grass,0.0018236263107592543,0.40225594430087486,0.30274763922240056,0.29317279016596526,grass,0.0021274862995308867,0.41685171468220794,0.36193758262642217,0.21908321639183903
grass,square,-180,-3.141592653589793,3.656716417910448,3.831100905727771,grass,0.0021166101450752176,0.3792322568389446,0.27380751930293146,0.34484361371304867,grass,0.0021220482223030528,0.3980419857605763,0.31787255096467687,0.2819634150524439
grass,square,-180,-3.141592653589793,3.5970149253731343,3.678913126674321,cell_carpet,0.00300159524881982,0.3579970778118472,0.2500644280226434,0.3889368989166896,grass,0.002561821735561436,0.3780195317862117,0.28396848949366016,0.3354501569845667
grass,square,-180,-3.141592653589793,3.692307692307693,3.659522898328869,cell_carpet,0.003188178187649238,0.3553062778034231,0.247213575410121,0.3942919685988067,grass,0.002874999961605337,0.36666290479481745,0.2655910324518906,0.3648710627916867
grass,square,-180,-3.141592653589793,3.929965556831229,3.708763872942977,cell_carpet,0.002753800524374059,0.3621525594419139,0.2545318286168181,0.3805618114168939,cell_carpet,0.0028144002429896986,0.3644077321183657,0.26006143053435443,0.3727164371042903
grass,square,-180,-3.141592653589793,3.985074626865672,3.685036356678148,cell_carpet,0.002947030995119966,0.3588483122219408,0.25097307135487856,0.38723158542806063,cell_carpet,0.0028807156190548324,0.3616280221701532,0.2555172509446165,0.37997401126617547
grass,square,-180,-3.141592653589793,4.039035591274397,3.758387549432326,grass,0.002431727952301966,0.3690822612019609,0.2621663913368629,0.3663196195088741,cell_carpet,0.0026562217856783994,0.3653551416860571,0.2588418211407397,0.3731468153875248
grass,square,-180,-3.141592653589793,3.4603903559127445,3.746141089424672,cell_carpet,0.0025019254229088845,0.36737072357409983,0.2602584271481914,0.36986892385479986,cell_carpet,0.002579073604293642,0.36636293263007846,0.25955012414446554,0.37150786962116233
grass,square,-180,-3.141592653589793,4.011481056257176,3.8154101288429647,grass,0.0021715914362318988,0.3770464646326927,0.27125111742077695,0.34953082651029843,grass,0.0023753325202627703,0.37170469863138555,0.2654006207826213,0.3605193480657304
grass,square,-180,-3.141592653589793,3.916188289322618,3.809797168006123,grass,0.002192842416120182,0.3762636815428164,0.2703424644315022,0.35120101160956124,grass,0.0022840874681914762,0.373984190087101,0.26787154260706175,0.35586017983764584
grass,square,-180,-3.141592653589793,10.857634902411023,4.6098992218395205,grass,0.0021943492064295605,0.4577689918475946,0.4173102781230517,0.1227263808229242,grass,0.0022392183373105183,0.4158765909673478,0.34259091036505673,0.23929328033028502
grass,square,-180,-3.141592653589793,5.82089552238806,4.85699706595229,rubber_carpet,0.002461363765125945,0.460091062723858,0.4618008698511028,0.07564670365991312,grass,0.002350291051218232,0.4379838268456029,0.40219589010807977,0.15746999199509906
grass,square,-180,-3.141592653589793,5.506314580941446,5.058553386911596,rubber_carpet,0.0026999029646294346,0.45299678880892286,0.49571095212877525,0.04859235609767251,rubber_carpet,0.002525097007923833,0.44549030782726284,0.4489534211184275,0.10303117404638579
grass,square,-180,-3.141592653589793,5.88174512055109,5.27541778288047,rubber_carpet,0.00298488046525279,0.4378437416459582,0.5299639840867619,0.029207393802027058,rubber_carpet,0.0027549887365883115,0.4416670247366105,0.4894587026025947,0.06611928392420642
grass,square,-180,-3.141592653589793,4.896670493685419,5.376706212527108,rubber_carpet,0.0031312012574028834,0.428614540607224,0.5453267920682964,0.02292746606707667,rubber_carpet,0.0029430949969955975,0.43514078267191725,0.5173927473354456,0.044523374995641546
grass,square,-180,-3.141592653589793,4.732491389207807,5.453756856741931,rubber_carpet,0.0032493458358818744,0.42084343709406924,0.5568035617071216,0.019103655362927185,rubber_carpet,0.0030962204164387366,0.4279921098829933,0.5370981545212837,0.03181351517928437
grass,square,-180,-3.141592653589793,4.495981630309989,5.568822553897181,rubber_carpet,0.00343835147941118,0.40821522274707783,0.5736750672241748,0.014671358549336294,rubber_carpet,0.003267285947924958,0.4181036663150356,0.5553866108727292,0.023242436864310333
grass,square,-180,-3.141592653589793,4.594718714121699,5.633626738104351,rubber_carpet,0.003552191656087399,0.40064183313114826,0.5830645843043543,0.012741390908409964,rubber_carpet,0.0034097388020061787,0.40937274972309196,0.5692255975885419,0.017991913886360154
grass,square,-180,-3.141592653589793,3.363949483352469,5.572266870774333,rubber_carpet,0.0034442614141393917,0.40782044299903136,0.5741759343054665,0.014559361281362867,rubber_carpet,0.0034270001080727855,0.40859659636106166,0.5717007659470041,0.01627563758386151
grass,square,-180,-3.141592653589793,3.334098737083812,4.736318407960199,grass,0.002327751245100855,0.4605539090911925,0.440451734379577,0.0966666052841296,rubber_carpet,0.00287737567658682,0.43457525272612707,0.5060762501632906,0.056471121433995554
grass,square,-180,-3.141592653589793,3.5074626865671643,4.47927031509121,grass,0.0020644412607429695,0.4513542351689928,0.3927446210076877,0.15383670256257656,rubber_carpet,0.002470908468664895,0.4429647439475599,0.44941043558548915,0.10515391199828605
grass,square,-180,-3.141592653589793,3.4982778415614235,4.256155121826764,grass,0.0018756835932932675,0.43272210329371324,0.35016753942276146,0.21523467369023197,grass,0.002173296030979081,0.43784342362063655,0.3997889875041253,0.160194292844259
grass,square,-180,-3.141592653589793,4.3111366245694605,4.081643066717693,grass,0.0018032765179562668,0.4127287886076629,0.31748581455560476,0.2679821203187761,grass,0.001988286274467674,0.42528610611414974,0.358637401029865,0.21408820658151756
grass,square,-180,-3.141592653589793,3.336394948335246,3.908279117234341,grass,0.0019260169918724431,0.38989724793022507,0.2867180405275386,0.32145869455036397,grass,0.0019571516331700588,0.4075916770221874,0.3226777207787018,0.26777345056594076
grass,square,-180,-3.141592653589793,3.4557979334098734,3.766424288812349,grass,0.002388651704216052,0.3702055804257329,0.2634268844749591,0.363978883395092,grass,0.0021729016686930554,0.3888986287239602,0.29305230262683046,0.31587616698051635
grass,square,-180,-3.141592653589793,3.540757749712973,3.6602883020793455,cell_carpet,0.0031803990473812612,0.35541234513754727,0.24732534326348893,0.39408191255158254,grass,0.002676650358037158,0.37215548693075373,0.27018882294515967,0.35497903976604944
grass,square,-180,-3.141592653589793,3.871412169919632,3.5799209082791177,cell_carpet,0.004216148524238206,0.34435923692144027,0.23593491161834268,0.4154897029359788,cell_carpet,0.003446399441137682,0.35825736192609703,0.2530618672817512,0.3852343713510141
grass,square,-180,-3.141592653589793,3.70264064293915,3.617553259344304,cell_carpet,0.0036723528424937955,0.3495120786813469,0.24118167864262563,0.40563388983353355,cell_carpet,0.0035593761418157392,0.35388472030372203,0.24712177296218843,0.3954341305922739
grass,square,-180,-3.141592653589793,4.20780711825488,3.714631968363312,cell_carpet,0.0027102175760229334,0.3629709298591562,0.2554211678416665,0.3788976847231544,cell_carpet,0.0031347968589193363,0.3584278250814391,0.2512714704019275,0.38716590765771414
grass,square,-180,-3.141592653589793,11.106773823191734,4.558999872432708,grass,0.0021426480916347393,0.45569181962071065,0.4078032437829941,0.13436228850466056,grass,0.002638722475277038,0.40705982235107485,0.3295373570924608,0.26076409808118733
grass,square,-180,-3.141592653589793,6.073478760045924,4.845133307819875,grass,0.002447949275231344,0.4602680918337999,0.45973656401417384,0.07754739487679482,grass,0.002543335875254191,0.4336639570924374,0.3946369605533173,0.16915574647899106
grass,square,-180,-3.141592653589793,6.334098737083812,5.069906875877026,rubber_carpet,0.0027140100463435395,0.4523818922538692,0.49755779367563613,0.047346304024151305,rubber_carpet,0.0026286729607988652,0.4430229246731533,0.4460973771144767,0.10825102525157118
grass,square,-180,-3.141592653589793,5.756601607347877,5.338818726878428,rubber_carpet,0.003075338346122535,0.4322061614258845,0.5396200445188499,0.025098455709143076,rubber_carpet,0.0028520056534607,0.4376145430495189,0.4928587108166633,0.06667474048035713
grass,square,-180,-3.141592653589793,5.123995407577496,5.5241740017859415,rubber_carpet,0.003363107731527064,0.4132483607460872,0.5671618863550594,0.016226645167326473,rubber_carpet,0.003107556692493881,0.42543145189780296,0.5300102985858612,0.04145069282384179
grass,square,-180,-3.141592653589793,4.2215843857634905,5.599821405791555,rubber_carpet,0.00349210151417491,0.4046302251452063,0.5781752897274918,0.013702383613126952,rubber_carpet,0.003299829103334396,0.4150308385215047,0.5540927941566766,0.027576538218484374
grass,square,-180,-3.141592653589793,3.570608495981629,5.566398775353999,rubber_carpet,0.0034342018455355387,0.4084924866904756,0.5733224749599489,0.014750836504039778,rubber_carpet,0.0033670154744349676,0.4117616626059902,0.5637076345583129,0.02116368736126208
grass,square,-180,-3.141592653589793,3.933409873708381,5.592039800995025,rubber_carpet,0.0034784891763307074,0.4055368411205135,0.5770471781241797,0.013937491578976051,rubber_carpet,0.0034227523253828364,0.40864925186325174,0.5703774063412462,0.017550589470119064
grass,square,-180,-3.141592653589793,3.3375430539609643,5.495343793851257,rubber_carpet,0.00331582754975582,0.4164109740422382,0.5629345653055571,0.017338633102448948,rubber_carpet,0.003369289937569328,0.412530112952745,0.5666559858234017,0.017444611286284006
grass,square,-180,-3.141592653589793,3.4270952927669343,4.642046179359612,grass,0.002227622965905935,0.4587986538297542,0.42326280273383804,0.11571092047050185,rubber_carpet,0.002798456451737631,0.4356643833912496,0.4949593942786199,0.06657776587839292
grass,square,-180,-3.141592653589793,3.5476463834672787,4.36139813751754,grass,0.001957316127119975,0.4426288593540648,0.3702573728728704,0.18515645164594485,grass,0.002377886289428803,0.4391466213726572,0.43260838357574516,0.1258671087621689
grass,square,-180,-3.141592653589793,3.9104477611940296,4.092103584640898,grass,0.0018039797673014644,0.4140291196206604,0.31940665533768253,0.26476024527435554,grass,0.0020909330283651337,0.4265878704966588,0.37600751945671385,0.19531367701826222
grass,square,-180,-3.141592653589793,3.685419058553387,3.861972190330399,grass,0.0020257762105919744,0.3835187202189981,0.27890595590066874,0.33554954766974115,grass,0.002058354619478554,0.4050532953578284,0.3274567376786913,0.2654316123440017
grass,square,-180,-3.141592653589793,3.982778415614237,3.735170302334481,cell_carpet,0.0025697434563234263,0.3658379806601548,0.25856241407936215,0.3730298618041596,grass,0.00231404903790099,0.3854456380089916,0.29300957587902676,0.3192307370740807
grass,square,-180,-3.141592653589793,3.750861079219288,3.682867712718459,cell_carpet,0.0029661257970288466,0.3585467568725385,0.2506508015170966,0.3878363158133361,grass,0.0026400874174649183,0.37199619744076506,0.2718301886980617,0.3535335264437084
grass,square,-180,-3.141592653589793,3.251435132032147,3.6474040056129606,cell_carpet,0.003316122052298337,0.35362864983806436,0.24545232490433042,0.39760290320530683,cell_carpet,0.0029781047348816274,0.3628124236394147,0.25864125680119604,0.37556821482450764
grass,square,-180,-3.141592653589793,3.313432835820896,3.5785176680699067,cell_carpet,0.004238699794665988,0.34416797582997216,0.23574222415080384,0.41585110022455807,cell_carpet,0.0036084022647738076,0.3534901997346934,0.24719174047599995,0.39570965752453285
grass,square,-180,-3.141592653589793,3.934557979334098,3.644852659778033,cell_carpet,0.003344231132414914,0.35327590609926784,0.24508355241270807,0.39829631035560925,cell_carpet,0.003476316698594361,0.35338305291698063,0.246137646444354,0.39700298394007105
grass,square,-180,-3.141592653589793,3.613088404133181,3.665518561040949,cell_carpet,0.0031281723800067837,0.35613747781075106,0.2480907766572161,0.3926435731520261,cell_carpet,0.0033022445393005723,0.35476026536386585,0.24711421155078506,0.3948232785460486
grass,square,-180,-3.141592653589793,3.470723306544202,3.65697155249394,cell_carpet,0.003214363359739163,0.35495281369160886,0.24684147124797745,0.3949913517006746,cell_carpet,0.003258303949519868,0.3548565395277373,0.24697784139938125,0.39490731512336164
grass,square,-180,-3.141592653589793,10.673938002296213,4.40847046817196,grass,0.0019985969297267557,0.44643137384056986,0.3792555272548123,0.17231450197489107,grass,0.0026284504396233118,0.4006439566841536,0.3131166843270968,0.28361090854912635
grass,square,-180,-3.141592653589793,6.117106773823193,4.678657992090828,grass,0.002266066206284165,0.4597040442722829,0.4299877680381332,0.10804212148329978,grass,0.0024472583229537383,0.43017400047821824,0.37155222618261496,0.19582651501621307
grass,square,-180,-3.141592653589793,6.229621125143513,4.928307182038526,rubber_carpet,0.0025433691699348025,0.4584444738237233,0.4740473653812261,0.06496479162511587,grass,0.0024953137464442704,0.44430923715097076,0.4227997957819205,0.13039565332066447
grass,square,-180,-3.141592653589793,5.359357060849598,5.107028957775227,rubber_carpet,0.0027607052258024614,0.4502242544217554,0.5035521117846506,0.04346292856779144,rubber_carpet,0.0026280094861233665,0.4472667457863631,0.46317595378328563,0.08692929094422797
grass,square,-180,-3.141592653589793,5.381171067738232,5.343666283964791,rubber_carpet,0.0030824078864627596,0.43175559008177206,0.5403527289780913,0.02480927305367405,rubber_carpet,0.0028552086862930624,0.43951116793406747,0.5017643413806884,0.055869281998951
grass,square,-180,-3.141592653589793,4.38691159586682,5.462941701747671,rubber_carpet,0.0032638588182050975,0.4198781404215052,0.5581612035689072,0.018696797191382564,rubber_carpet,0.0030595337522490804,0.42969465417778635,0.5299627724747978,0.03728303959516679
grass,square,-180,-3.141592653589793,4.489092996555684,5.524556703661181,rubber_carpet,0.003363742107965881,0.4132059054825461,0.5672178822821348,0.016212470127353253,rubber_carpet,0.0032116379301074804,0.42145027983016625,0.5485903273784662,0.02674775486126002
grass,square,-180,-3.141592653589793,4.045924225028703,5.572649572649573,rubber_carpet,0.0034449190242763434,0.40777652278496856,0.5742315728698626,0.01454698532089244,rubber_carpet,0.0033282784771919123,0.41461340130756746,0.5614109501241645,0.02064737009107623
grass,square,-180,-3.141592653589793,4.192881745120551,5.652889399158057,rubber_carpet,0.003587142675430002,0.3983344150611823,0.5858426560218125,0.01223578624157504,rubber_carpet,0.0034577105763109574,0.4064739081843749,0.5736268030729885,0.016441578166325636
grass,square,-180,-3.141592653589793,2.5189437428243404,4.746778925883404,grass,0.0023390894990558343,0.46063298777025696,0.44233247501802897,0.09469544771265821,rubber_carpet,0.0028984000376833965,0.433553447977316,0.5079796390455088,0.05556851293949193
grass,square,-180,-3.141592653589793,3.3582089552238803,4.440234723816814,grass,0.0020276472886687686,0.4487612079732793,0.385316966857131,0.163894177880921,rubber_carpet,0.0024630236631760826,0.4411573279752976,0.4466483029513199,0.10973134541020646
grass,square,-180,-3.141592653589793,3.4822043628013777,4.134966194667687,grass,0.0018128691303733067,0.41923653247062825,0.32733766428190264,0.2516129341170957,grass,0.002137946396774695,0.43019693022296296,0.38699298361661133,0.1806721397636511
grass,square,-180,-3.141592653589793,3.4626865671641798,3.924225028702641,grass,0.0019001915378031788,0.3920747987050336,0.28945181875236575,0.31657319100479747,grass,0.002019068967288937,0.4111358644639983,0.33822240118448854,0.24862266538422428
grass,square,-180,-3.141592653589793,4.247990815154995,3.798316111748948,grass,0.0022390645621814323,0.37466139526454845,0.26849353543043053,0.35460600474283954,grass,0.0021290667647351847,0.3928986298642734,0.30335796830745954,0.3016143350635319
grass,square,-180,-3.141592653589793,3.3030998851894373,3.6778925883403497,cell_carpet,0.003010886465546284,0.3578552715991985,0.24991337757358892,0.38922046436166624,grass,0.002569976615140734,0.37537695073173594,0.2766356729405242,0.3454173997125991
grass,square,-180,-3.141592653589793,2.9770378874856487,3.509886465110346,cell_carpet,0.00557763224085539,0.3348996984940188,0.22657519658349506,0.4329474726816307,cell_carpet,0.0040738044279980635,0.3551383246128774,0.2516054347620097,0.38918243619711496
grass,square,-180,-3.141592653589793,3.3800229621125144,3.435897435897436,cell_carpet,0.007666402730520205,0.3251133794028573,0.21724461856370922,0.4499755993029133,cell_carpet,0.005870103579259134,0.3401258520078674,0.23442502666285947,0.41957901775001416
grass,square,-180,-3.141592653589793,3.3731343283582094,3.344814389590509,cell_carpet,0.011520380680565144,0.3133655717108502,0.20649787549912907,0.46861617210945544,cell_carpet,0.008695242129912139,0.3267457118593588,0.22046145108099427,0.4440975949297348
grass,square,-180,-3.141592653589793,2.985074626865672,3.396606710039546,cell_carpet,0.009127722094932064,0.3200063385529921,0.21251268970564244,0.4583532496464335,cell_carpet,0.008911482112422101,0.3233760252061755,0.21648707039331835,0.45122542228808415
grass,square,-180,-3.141592653589793,3.3983926521239955,3.40107156525067,cell_carpet,0.008947427749509395,0.32058359510917633,0.21304289464364015,0.457426082497674,cell_carpet,0.008929454930965749,0.3219798101576759,0.21476498251847925,0.4543257523928791
grass,square,-180,-3.141592653589793,10.692307692307692,4.202194157418038,grass,0.0018422379062112734,0.42696433888299035,0.3399419827183693,0.23125144049242902,grass,0.005385846418588511,0.37447207452033315,0.2773534826184243,0.342788596442654
grass,square,-180,-3.141592653589793,6.411021814006889,4.529786962622784,grass,0.002113567454186576,0.4542544782692855,0.40230665335456545,0.1413253009219625,grass,0.0037497069363875432,0.4143632763948093,0.33983006798649484,0.24205694868230826
grass,square,-180,-3.141592653589793,5.48105625717566,4.666794233958413,grass,0.002253546459706677,0.4594418409537048,0.4278151953912684,0.11048941719532013,grass,0.00300162669804711,0.4369025586742571,0.38382263168888164,0.1762731829388142
grass,square,-180,-3.141592653589793,5.850746268656716,4.9498660543436666,rubber_carpet,0.002568648069383308,0.45775487240837914,0.47769537093640213,0.06198110858583552,grass,0.002785137383715209,0.44732871554131814,0.4307590013126419,0.11912714576232486
grass,square,-180,-3.141592653589793,5.016073478760045,5.176425564485267,rubber_carpet,0.0028504963105170644,0.44561357833471854,0.5145841712265533,0.03695175412821111,rubber_carpet,0.0028178168471161367,0.44647114693801837,0.4726715862695976,0.07803944994526799
grass,square,-180,-3.141592653589793,4.896670493685419,5.344941956882256,rubber_carpet,0.003084272033639708,0.43163657412579126,0.5405454145508173,0.02473373928975178,rubber_carpet,0.0029510444403779224,0.4390538605319048,0.5066085004102074,0.051386594617509884
grass,square,-180,-3.141592653589793,4.121699196326062,5.428115831100906,rubber_carpet,0.0032093258798897204,0.423495615216583,0.553002189133811,0.020292869769716133,rubber_carpet,0.003080185160133821,0.4312747378742439,0.5298053447720092,0.03583973219361301
grass,square,-180,-3.141592653589793,4.268656716417911,5.570736063273377,rubber_carpet,0.003441632876518981,0.4079960123967369,0.5739533534286767,0.014609001298067421,rubber_carpet,0.003260909018326402,0.4196353751354905,0.5518793491003431,0.025224366745840218
grass,square,-180,-3.141592653589793,3.925373134328358,5.629289450184973,rubber_carpet,0.0035443939057116128,0.4011579696246937,0.5824382890808286,0.012859347388766094,rubber_carpet,0.0034026514620190064,0.410396672380092,0.5671588190905857,0.01904185706730315
grass,square,-180,-3.141592653589793,3.815154994259472,4.86516137262406,rubber_carpet,0.0024706321154864797,0.4599529534259316,0.46321702115177393,0.07435939330680792,rubber_carpet,0.0029366417887527435,0.43517481290301185,0.51518792012118,0.04670062518705554
grass,square,-180,-3.141592653589793,3.977037887485648,4.594718714121699,grass,0.0021787995832953325,0.45720664329888805,0.4144848986934232,0.12612965842439336,rubber_carpet,0.0025577206860240382,0.44619072810094995,0.4648364094073016,0.08641514180572445
grass,square,-180,-3.141592653589793,4.475315729047073,4.482969766551856,grass,0.0020679843213607437,0.4515842243348313,0.39344699237165437,0.15290079897215364,grass,0.002312852503692391,0.4488874762178906,0.429141700889478,0.11965797038893905
grass,square,-180,-3.141592653589793,4.485648679678531,4.331292256665391,grass,0.0019322474413604003,0.43998641327369575,0.36450072497179165,0.19358061431315202,grass,0.002122549972526396,0.4444369447457932,0.3968212129306348,0.15661929235104555
grass,square,-180,-3.141592653589793,3.6142365097588978,4.175532593443041,grass,0.0018286904258870101,0.42396871903518596,0.3349223045354467,0.2392802860034803,grass,0.001975620199206703,0.4342028318904896,0.3658717587330408,0.1979497891772629
grass,square,-180,-3.141592653589793,4.632606199770379,4.14619211634137,grass,0.0018166021306215445,0.42056613523171044,0.3294295251259015,0.24818773751176662,grass,0.0018961111649141238,0.42738448356110004,0.34765064192947115,0.22306876334451475
grass,square,-180,-3.141592653589793,3.2824339839265213,4.052940426074754,grass,0.0018048168116046564,0.4091065382620053,0.3122478717456356,0.2768407731807544,grass,0.0018504639882593902,0.4182455109115527,0.3299492568375534,0.24995476826263457
grass,square,-180,-3.141592653589793,3.404133180252583,3.956882255389718,grass,0.0018587048403522737,0.39649625202965133,0.2951168244490028,0.30652821868099367,grass,0.001854584414305832,0.407370881470602,0.3125330406432781,0.27824149347181415
grass,square,-180,-3.141592653589793,3.3857634902411027,3.896925628268912,grass,0.0019468940329633911,0.38834036510290865,0.2847849768553397,0.3249277640087883,grass,0.0019007392236346115,0.39785562328675533,0.2986590087493089,0.30158462874030123
grass,square,-180,-3.141592653589793,3.3008036739380024,3.839775481566527,grass,0.002088865434227574,0.3804388220871156,0.27523101283179,0.3422412996468668,grass,0.001994802328931093,0.38914722268693547,0.28694501079054946,0.321912964193584
grass,square,-180,-3.141592653589793,3.374282433983927,3.7728026533996686,grass,0.0023560746757676147,0.37109707254412727,0.2644319786707781,0.3621148741093271,grass,0.002175438502349354,0.38012214761553137,0.2756884947306638,0.3420139191514555
grass,hourglass,-150,-2.6179938779914944,10.574052812858785,10.574052812858785,rubber_carpet,0.01880283630298917,0.04696801542291925,0.9154263119503719,0.018802836323719724,rubber_carpet,0.01880283630298917,0.04696801542291925,0.9154263119503719,0.018802836323719724
grass,hourglass,-150,-2.6179938779914944,4.293915040183697,7.4339839265212415,rubber_carpet,0.003193788856057457,0.3919708696754875,0.6003799471681229,0.00445539430033222,rubber_carpet,0.010998312579523313,0.21946944254920336,0.7579031295592474,0.011629115312025972
grass,hourglass,-150,-2.6179938779914944,3.9839265212399546,6.283964791427479,grass,0.002332518229109414,0.5285554057308539,0.41424678332745524,0.054865292712581316,rubber_carpet,0.006665415404316362,0.3740124241400286,0.5860749564433513,0.03324720401230364
grass,hourglass,-150,-2.6179938779914944,3.4856486796785298,5.584385763490242,grass,0.001926426353078711,0.4893437629541433,0.28578817529778133,0.22294163539499667,rubber_carpet,0.0042959208786975366,0.431678093547086,0.4359315658705663,0.12809441970365015
grass,hourglass,-150,-2.6179938779914944,3.768082663605052,5.221125143513204,grass,0.0016992720457344789,0.42327346533037685,0.21957497542664356,0.3554522871972451,grass,0.0029975964622160076,0.4274757794387314,0.32775327064860493,0.24177335345044762
grass,hourglass,-150,-2.6179938779914944,3.613088404133181,4.9531190202832,cell_carpet,0.0015741304251256452,0.36870090674975037,0.17791308961987226,0.45181187320525174,grass,0.0022858634436708266,0.3980883430942409,0.2528331801342386,0.34679261332784966
grass,hourglass,-150,-2.6179938779914944,3.5993111366245696,4.759717894046253,cell_carpet,0.001578877312659656,0.3317443489601549,0.15315165621338722,0.5135251175137981,cell_carpet,0.0019323703781652414,0.3649163460271979,0.20299241817381292,0.43015886542082393
grass,hourglass,-150,-2.6179938779914944,3.897818599311136,4.651980482204363,cell_carpet,0.001678378240382325,0.3129619123628247,0.14137357427505812,0.5439861351217348,cell_carpet,0.0018053743092737832,0.33893912919501135,0.1721829962244355,0.48707250027127935
grass,hourglass,-150,-2.6179938779914944,4.6337543053960975,4.64995535144789,cell_carpet,0.0016814033465228535,0.31262331677978195,0.1411657420823392,0.544529537791356,cell_carpet,0.0017433888278983183,0.32578122298739665,0.15667436915338734,0.5158010190313177
grass,hourglass,-150,-2.6179938779914944,3.4913892078071176,3.8629927286643695,cell_carpet,0.03266308945178327,0.2206515808987402,0.09061115660082475,0.6560741730486517,cell_carpet,0.017203239139840797,0.27321640194306845,0.12364276287710606,0.5859375960399847
grass,hourglass,-150,-2.6179938779914944,4.522388059701493,3.888378619721904,cell_carpet,0.02885242845724985,0.2228037589759524,0.0916143901251942,0.6567294224416035,cell_carpet,0.023027833798545325,0.24801008045951042,0.10762857650115012,0.6213335092407941
grass,hourglass,-150,-2.6179938779914944,4.692307692307692,3.9670876387294296,cell_carpet,0.01952385093891295,0.22952114497951612,0.09483010995711129,0.6561248941244596,cell_carpet,0.021275842368729137,0.23876561271951327,0.10122934322913071,0.6387292016826269
grass,hourglass,-150,-2.6179938779914944,5.840413318025257,4.228728154101288,cell_carpet,0.005421918899465509,0.25465952289365806,0.10777856145811177,0.6321399967487646,cell_carpet,0.013348880634097324,0.24671256780658568,0.10450395234362124,0.6354345992156958
grass,hourglass,-150,-2.6179938779914944,5.952927669345581,4.47148871029468,cell_carpet,0.002252480998241668,0.28502764139227954,0.1247318183760891,0.5879880592333897,cell_carpet,0.007800680816169496,0.2658701045994326,0.11461788535985518,0.6117113292245427
grass,hourglass,-150,-2.6179938779914944,6.394948335246843,4.780584258196198,cell_carpet,0.0015703506282291279,0.3355477181996949,0.15559857072287794,0.5072833604491981,cell_carpet,0.004685515722199312,0.3007089113995638,0.13510822804136657,0.5594973448368704
grass,hourglass,-150,-2.6179938779914944,7.104477611940299,5.1700471998979465,grass,0.0016703146241937245,0.41287442395092927,0.21103804103518214,0.37441722038969494,cell_carpet,0.0031779151731965182,0.3567916676752465,0.17307313453827436,0.4669572826132827
grass,hourglass,-150,-2.6179938779914944,11.26521239954076,5.98864651103457,grass,0.002170425662819746,0.5286282720463219,0.36208757825096155,0.10711372403989683,grass,0.002674170418008132,0.4427099698607842,0.26758035639461797,0.2870355033265898
grass,hourglass,-150,-2.6179938779914944,4.641791044776118,5.989539482076795,grass,0.0021709309919401465,0.5286638488871147,0.36225107586942173,0.10691414425152343,grass,0.0024225507049741393,0.4856869093739494,0.31491571613201985,0.19697482378905662
grass,hourglass,-150,-2.6179938779914944,4.075774971297359,6.054471233575711,grass,0.0022073310953130572,0.5306430567222732,0.374048116319445,0.09310149586296879,grass,0.0023149409001435983,0.5081649830481113,0.34448191622573243,0.1450381598260127
grass,hourglass,-150,-2.6179938779914944,3.5487944890929968,5.946294170174767,grass,0.002146297233519463,0.5266775105066117,0.35429560054231557,0.11688059171755315,grass,0.0022306190668315304,0.5174212467773616,0.349388758384024,0.13095937577178293
grass,hourglass,-150,-2.6179938779914944,3.431687715269805,5.806225283837224,grass,0.0020640524063225817,0.5165305981498222,0.3280666569607326,0.15333869248312273,grass,0.002147335736577056,0.5169759224635919,0.3387277076723783,0.14214903412745283
grass,hourglass,-150,-2.6179938779914944,3.687715269804822,5.567036611812731,grass,0.0019153872414790064,0.4867003349593309,0.2824893945435055,0.2288948832556846,grass,0.0020313614890280314,0.5018381287114614,0.31060855110794194,0.18552195869156873
grass,hourglass,-150,-2.6179938779914944,4.421354764638346,5.396861844623039,grass,0.0018068386532212974,0.45759973375027113,0.25065374780799726,0.2899396797885103,grass,0.0019191000711246639,0.4797189312308662,0.2806311494579696,0.23773081924003947
grass,hourglass,-150,-2.6179938779914944,3.950631458094145,5.1252710804949615,grass,0.0016463224133348373,0.4037008476093243,0.20377060064719502,0.3908822293301457,grass,0.0017827112422297506,0.44170988942009526,0.2422008750525823,0.3143065242850926
grass,hourglass,-150,-2.6179938779914944,4.758897818599312,4.864651103457074,cell_carpet,0.0015588810248023542,0.3513546126738962,0.16600783750138073,0.48107866879992073,cell_carpet,0.0016707961335160524,0.39653225104699574,0.20410435627698154,0.39769259654250666
grass,hourglass,-150,-2.6179938779914944,4.416762342135476,4.10371220818982,cell_carpet,0.009853262262562529,0.2418901447810717,0.1010469043003467,0.647209688656019,cell_carpet,0.005762029198039291,0.31921119791403374,0.1525756302886641,0.5224511425992628
grass,hourglass,-150,-2.6179938779914944,3.5912743972445464,3.986988136241868,cell_carpet,0.017671212236551586,0.23125052578432206,0.09567769372003951,0.6554005682590868,cell_carpet,0.01171662071729544,0.27523086184917794,0.12412666200435182,0.5889258554291749
grass,hourglass,-150,-2.6179938779914944,4.538461538461538,4.038397754815666,cell_carpet,0.013651517454459028,0.2358169152056884,0.09795117659378959,0.6525803907460629,cell_carpet,0.012684069085877235,0.2555238885274332,0.1110389192990707,0.6207531230876189
grass,hourglass,-150,-2.6179938779914944,5.243398392652124,4.226687077433346,cell_carpet,0.005472368358971225,0.2544370036893771,0.1076589914502166,0.6324316365014351,cell_carpet,0.00907821872242423,0.25498044610840515,0.10934895537464365,0.626592379794527
grass,hourglass,-150,-2.6179938779914944,5.636050516647533,4.471616277586427,cell_carpet,0.0022517669826024505,0.28504575064909116,0.12474228351592777,0.5879601988523785,cell_carpet,0.005664992852513341,0.2700130983787482,0.11704561944528573,0.6072762893234528
grass,hourglass,-150,-2.6179938779914944,6.431687715269804,4.776502104860314,cell_carpet,0.0015718084525724284,0.33479967521762327,0.15511560306099784,0.5085129132688065,cell_carpet,0.0036184006525428847,0.30240638679818577,0.13608061125314178,0.5578946012961297
grass,hourglass,-150,-2.6179938779914944,7.442020665901264,5.112131649445082,grass,0.0016395806636391975,0.4010053853093011,0.20167824741377552,0.39567678661328426,cell_carpet,0.002628990658091041,0.3517058860537434,0.16887942933345865,0.47678569395470694
grass,hourglass,-150,-2.6179938779914944,3.7106773823191737,5.085470085470086,cell_carpet,0.0016263838206981307,0.39553805831879746,0.19749059204393393,0.40534496581657053,cell_carpet,0.002127687239394586,0.37362197218627047,0.1831850106886963,0.44106532988563873
grass,hourglass,-150,-2.6179938779914944,3.48564867967853,4.943997958923332,cell_carpet,0.0015716304524462947,0.36688450875160133,0.17664099814300244,0.45490286265295,cell_carpet,0.0018496588459204402,0.37025324046893593,0.17991300441584937,0.44798409626929436
grass,hourglass,-150,-2.6179938779914944,3.5981630309988524,4.853042479908152,cell_carpet,0.0015586591224481623,0.3491288014327728,0.16451784502926872,0.4847946944155103,cell_carpet,0.0017041589841843012,0.35969102095085437,0.17221542472255905,0.4663893953424023
grass,hourglass,-150,-2.6179938779914944,3.7198622273249136,4.8673300165837485,cell_carpet,0.001559000984111871,0.35187007952357047,0.16635407226998764,0.48021684722232993,cell_carpet,0.0016315799841480861,0.35578055023721245,0.16928474849627334,0.4733031212823661
grass,hourglass,-150,-2.6179938779914944,4.40068886337543,4.852021941574181,cell_carpet,0.0015586634749009717,0.3489337468380522,0.16438766198552046,0.4851199277015263,cell_carpet,0.001595121729524529,0.35235714853763234,0.1668362052408969,0.4792115244919462
grass,hourglass,-150,-2.6179938779914944,5.205510907003445,4.847812220946549,cell_carpet,0.0015587235647881196,0.3481302241910077,0.1638520332841612,0.48645901896004307,cell_carpet,0.0015769226471563243,0.35024368636432,0.16534411926252907,0.4828352717259946
grass,hourglass,-150,-2.6179938779914944,4.642939150401837,4.737466513585917,cell_carpet,0.0015911589146426304,0.3277454352440078,0.15060199200450058,0.5200614138368491,cell_carpet,0.0015840407808994773,0.3389945608041639,0.15797305563351483,0.5014483427814218
grass,hourglass,-150,-2.6179938779914944,5.073478760045925,4.586554407449929,cell_carpet,0.0018064193575719825,0.30230655984369453,0.13490645180271327,0.5609805689960202,cell_carpet,0.0016952300692357298,0.32065056032392925,0.14643975371811405,0.5312144558887211
grass,hourglass,-150,-2.6179938779914944,4.428243398392652,4.25169026661564,cell_carpet,0.004892995338686331,0.25719782350467446,0.10914771759297381,0.6287614635636656,cell_carpet,0.0032941127039610306,0.28892419191430185,0.12779373565554392,0.5799879597261933
grass,hourglass,-150,-2.6179938779914944,5.786452353616533,4.482331930093124,cell_carpet,0.0021938934647630706,0.28657524052352434,0.12562765305113593,0.5856032129605767,cell_carpet,0.0027440030843620504,0.2877497162189131,0.12671069435333993,0.582795586343385
grass,hourglass,-150,-2.6179938779914944,5.475315729047073,4.703406046689629,cell_carpet,0.0016174162617869675,0.32174242242362383,0.14681783118653274,0.5298223301280564,cell_carpet,0.0021807096730745087,0.30474606932126846,0.13676426276993633,0.5563089582357207
grass,hourglass,-150,-2.6179938779914944,6.130884041331802,4.984819492282179,cell_carpet,0.0015841309348784574,0.375055235197498,0.18241302771950108,0.4409476061481225,cell_carpet,0.001882420303976483,0.33990065225938326,0.15958864524471872,0.49862828219192157
grass,hourglass,-150,-2.6179938779914944,5.996555683122847,5.237785431815282,grass,0.0017090151102629987,0.42663968615128867,0.22241314154227979,0.34923815719616863,cell_carpet,0.0017957177071197409,0.38327016920533596,0.19100089339349924,0.42393321969404507
grass,hourglass,-150,-2.6179938779914944,6.343283582089551,5.453629289450185,grass,0.0018429423433192,0.46788393706928383,0.26113704600676924,0.26913607458062777,grass,0.0018193300252194707,0.4255770531373099,0.22606896970013426,0.34653464713733645
grass,hourglass,-150,-2.6179938779914944,6.245694603903559,5.56920525577242,grass,0.0019167683959939218,0.4870344398329415,0.2829014142340977,0.22814737753696696,grass,0.0018680492106066962,0.4563057464851257,0.254485191967116,0.2873410123371517
grass,hourglass,-150,-2.6179938779914944,3.1377726750861075,5.401964536292894,grass,0.0018100701315960557,0.45854429388997614,0.25158886297454586,0.288056773003882,grass,0.001839059671101376,0.45742502018755093,0.2530370274708309,0.28769889267051685
grass,hourglass,-150,-2.6179938779914944,2.5683122847301947,5.123612705702258,grass,0.0016454634173004954,0.40336066159801576,0.20350549107463853,0.3914883839100452,grass,0.0017422615442009358,0.43039284089278335,0.22827125927273473,0.339593638290281
grass,hourglass,-150,-2.6179938779914944,2.8025258323765785,4.9429774205893615,cell_carpet,0.0015713620767521359,0.36668163171888235,0.1764992997335402,0.4552477064708254,grass,0.001656811810476536,0.3985372363058328,0.20238527950313745,0.39742067238055323
grass,hourglass,-150,-2.6179938779914944,3.4029850746268657,4.678147722923843,cell_carpet,0.001643759027944018,0.31738630465715045,0.14410360648407183,0.5368663298308336,cell_carpet,0.001650285419210277,0.35796177048149164,0.17324444299360464,0.4671435011056934
grass,hourglass,-150,-2.6179938779914944,4.329506314580941,4.550835565760938,cell_carpet,0.001908611622936547,0.2967411435802028,0.13158764241665294,0.5697626023802076,cell_carpet,0.001779448521073412,0.3273514570308472,0.1524160427051288,0.5184530517429505
grass,hourglass,-150,-2.6179938779914944,4.469575200918484,4.366245694603903,cell_carpet,0.003094503118770331,0.27087491486967336,0.11668018300818421,0.6093503990033721,cell_carpet,0.002436975819921872,0.2991131859502603,0.13454811285665652,0.5639017253731614
grass,hourglass,-150,-2.6179938779914944,5.171067738231918,4.274524811838244,cell_carpet,0.004431842067297465,0.25978708343521956,0.11055399899756267,0.6252270754999203,cell_carpet,0.0034344089436096686,0.27945013469273994,0.1225510559271096,0.5945644004365409
grass,hourglass,-150,-2.6179938779914944,5.223880597014926,4.150146702385508,cell_carpet,0.007846940925380356,0.24643933437028462,0.10341321553917683,0.6423005091651582,cell_carpet,0.005640674934495013,0.2629447345315123,0.11298213573314322,0.6184324548008495
grass,hourglass,-150,-2.6179938779914944,5.552238805970149,4.073096058170685,cell_carpet,0.01147411921099561,0.23900010049794698,0.0995641595203222,0.6499616207707353,cell_carpet,0.008557397072745311,0.25097241751472965,0.1062731476267327,0.6341970377857924
grass,hourglass,-150,-2.6179938779914944,5.6096440872560285,4.347748437300677,cell_carpet,0.0033084555972534855,0.26854766267230246,0.11538076452237822,0.6127631172080658,cell_carpet,0.005932926334999398,0.25976004009351605,0.11082695607455546,0.6234800774969291
grass,hourglass,-150,-2.6179938779914944,6.87256027554535,4.825998214057916,cell_carpet,0.0015601818093562466,0.3439949602791341,0.16111200575432089,0.49333285215718864,cell_carpet,0.0037465540721778223,0.3018775001863251,0.13596948091443817,0.5584064648270589
grass,hourglass,-150,-2.6179938779914944,6.508610792192882,5.237785431815283,grass,0.0017090151102629992,0.4266396861512889,0.22241314154227987,0.3492381571961683,cell_carpet,0.0027277845912204108,0.364258593168807,0.17919131122835902,0.45382231101161363
grass,hourglass,-150,-2.6179938779914944,7.211251435132032,5.660926138538079,grass,0.001974760935911895,0.5001629653656491,0.30038961488247584,0.19747265881596307,grass,0.0023512727635661528,0.43221077926722806,0.23979046305541743,0.32564748491378837
grass,hourglass,-150,-2.6179938779914944,6.810562571756602,5.936599056002041,grass,0.0021407278743068394,0.5261581072476396,0.35250185335075973,0.11919931152729378,grass,0.002246000318936496,0.4791844432574338,0.2961461582030886,0.22242339822054108
grass,square,-90,-1.5707963267948966,3.164179104477612,3.164179104477612,linoleum,0.9823216936642211,0.005925127729771448,0.0058666366145328315,0.005886541991474732,linoleum,0.9823216936642211,0.005925127729771448,0.0058666366145328315,0.005886541991474732
grass,square,-90,-1.5707963267948966,6.999999999999999,5.082089552238806,linoleum,0.8941144339730068,0.012678963921753664,0.006036157748330076,0.08717044435690943,linoleum,0.938218063818614,0.009302045825762556,0.005951397181431454,0.04652849317419208
grass,square,-90,-1.5707963267948966,11.439724454649827,7.2013011863758125,cell_carpet,0.0020525725297505662,0.08448048263274355,0.006386825592791822,0.9070801192447141,cell_carpet,0.47013531817418225,0.04689126422925305,0.006169111387111638,0.4768043062094531
grass,square,-90,-1.5707963267948966,12.568312284730194,8.543053960964409,cell_carpet,0.0028237933301492476,0.40729439486090235,0.035789972706898904,0.5540918391020494,cell_carpet,0.23647955575216578,0.22709282954507773,0.020979542047005275,0.5154480726557513
grass,square,-90,-1.5707963267948966,11.741676234213548,9.182778415614235,grass,0.003461018414808642,0.7076243184444708,0.0825745742192215,0.20634008892149905,grass,0.11997028708348721,0.46735857399477426,0.05177705813311339,0.36089408078862517
grass,square,-90,-1.5707963267948966,11.57979334098737,9.582280903176423,grass,0.0034323033877222777,0.8031254038800729,0.11732314387548343,0.07611914885672143,grass,0.06170129523560475,0.6352419889374236,0.08455010100429841,0.2185066148226733
grass,square,-90,-1.5707963267948966,10.106773823191734,9.65720846317861,grass,0.0034033615887877986,0.8109681445735133,0.12402436377886734,0.06160413005883145,grass,0.03255232841219628,0.7231050667554685,0.1042872323915829,0.14005537244075242
grass,square,-90,-1.5707963267948966,10.582089552238804,9.772818599311137,grass,0.0033529477592078973,0.8180712409016005,0.13457509345412777,0.044000717885063746,grass,0.01795263808570209,0.7705881538285345,0.11943116292285533,0.09202804516290808
grass,square,-90,-1.5707963267948966,10.82548794489093,9.889781859931112,grass,0.003299481578458885,0.8200307024167234,0.1456176867823574,0.031052129222460343,grass,0.010626059832080488,0.795309428122629,0.13252442485260635,0.06154008719268421
grass,square,-90,-1.5707963267948966,10.431687715269804,10.6972828166858,grass,0.0030858022214221735,0.7500545559078088,0.24248592101976946,0.004373720850999629,grass,0.006855931026751332,0.7726819920152189,0.18750517293618793,0.032956904021841926
grass,square,-90,-1.5707963267948966,10.610792192881746,11.098481949228216,grass,0.0031298510744873307,0.6826836946018008,0.3108414936837455,0.003344960639966415,grass,0.004992891050619331,0.7276828433085099,0.24917333330996672,0.01815093233090417
grass,square,-90,-1.5707963267948966,10.832376578645231,11.030998851894374,grass,0.0031158042735470797,0.6952416820540666,0.2982324304273463,0.0034100832450399826,grass,0.004054347662083206,0.7114622626812882,0.27370288186865654,0.010780507787972076
grass,square,-90,-1.5707963267948966,10.053960964408729,10.751626482969767,grass,0.00308598354441409,0.7419740274965212,0.2508329185580522,0.0041070704010126215,grass,0.003570165603248648,0.7267181450889046,0.26226790021335433,0.007443789094492349
grass,square,-90,-1.5707963267948966,10.276693455797934,10.588850618701365,grass,0.0030911743324658755,0.7651532972828996,0.22663691880618375,0.005118609578450673,grass,0.003330669967857262,0.7459357211859021,0.24445240950976904,0.006281199336471512
grass,square,-90,-1.5707963267948966,10.504018369690012,10.469320066334992,grass,0.003106086157363025,0.7801426979771922,0.2103503398679359,0.006400875997508935,grass,0.0032183780626101437,0.7630392095815471,0.22740137468885246,0.006341037666990223
grass,square,-90,-1.5707963267948966,10.740528128587831,10.539737211379004,grass,0.0030961551310578162,0.7715287463548127,0.21979923537370324,0.0055758631404264685,grass,0.00315726659683398,0.7672839779681799,0.22360030503127787,0.005958450403708346
grass,square,-90,-1.5707963267948966,9.933409873708383,10.467661691542288,grass,0.003106359638539094,0.7803378608396365,0.21013271644024467,0.0064230630815796524,grass,0.003131813117686537,0.7738109194039082,0.21686651073576127,0.006190756742643999
grass,square,-90,-1.5707963267948966,10.402985074626866,10.420716928179615,grass,0.0031148542029196384,0.7857105891952828,0.20406330061011954,0.007111255991677954,grass,0.003123333660303088,0.7797607542995956,0.21046490567294043,0.006651006367160977
grass,square,-90,-1.5707963267948966,10.267508610792191,10.402474805459882,grass,0.003118545928155075,0.7877175786669891,0.20175143066088208,0.007412444743973717,grass,0.0031209397942290815,0.7837391664832923,0.20610816816691124,0.007031725555567346
grass,square,-90,-1.5707963267948966,3.685419058553387,9.63298890164562,grass,0.0034131447118036042,0.8087314916989387,0.12184850343962324,0.06600686014963456,grass,0.0032670422530163426,0.7962353290911155,0.16397833580326723,0.03651929285260095
grass,square,-90,-1.5707963267948966,8.376578645235362,9.360122464600076,grass,0.0034825426333246847,0.7619628249041506,0.09782932887616541,0.13672530358635918,grass,0.0033747924431705143,0.7790990769976331,0.13090383233971634,0.08662229821948007
grass,square,-90,-1.5707963267948966,11.73593570608496,9.547008547008549,grass,0.003444348140835091,0.7984512799753349,0.11419603425824124,0.08390833762558883,grass,0.003409570292002803,0.788775178486484,0.12254993329897879,0.08526531792253444
grass,square,-90,-1.5707963267948966,12.955223880597014,9.844623038652893,grass,0.003320123990186318,0.8198315121139736,0.14130190743974158,0.035546456456098406,grass,0.0033648471410945608,0.804303345300229,0.1319259203693602,0.060405887189316436
grass,square,-90,-1.5707963267948966,12.49598163030999,10.065952289832886,grass,0.003223217914104794,0.8151844717867684,0.16324656235102875,0.01834574794809796,grass,0.003294032527599677,0.8097439085434988,0.1475862413601945,0.0393758175687072
grass,square,-90,-1.5707963267948966,12.804822043628011,10.295318280392909,grass,0.0031445718255043715,0.7985380857347109,0.18867356690267445,0.009643775537110297,grass,0.003219302176552024,0.8041409971391048,0.16812990413143447,0.024509796552908747
grass,square,-90,-1.5707963267948966,10.318025258323766,10.338053323127951,grass,0.003133313155622739,0.7944274288377867,0.19378871371153084,0.00865054429505969,grass,0.003176307666087382,0.7992842129884459,0.18095930892148268,0.01658017042398422
grass,square,-90,-1.5707963267948966,11.053960964408724,10.410383977548156,grass,0.003116918570373403,0.7868530685045219,0.20275062348924416,0.007279389435860459,grass,0.0031466131182303924,0.7930686407464839,0.1918549662053634,0.01192977992992234
grass,square,-90,-1.5707963267948966,10.869115958668196,10.47722923842327,grass,0.0031048068967016655,0.7792069653721292,0.21139129646037444,0.00629693127079478,grass,0.0031257100074660294,0.7861378030593066,0.20162313133286894,0.009113355600358562
grass,square,-90,-1.5707963267948966,11.041331802525832,11.29455287664243,grass,0.0031843342397103722,0.6434967687993842,0.3500504963333523,0.003268400627553149,grass,0.003155022123588201,0.7148172859293453,0.2758368138331106,0.0061908781139558555
grass,square,-90,-1.5707963267948966,10.62227324913892,11.54407449929838,grass,0.003279748016544439,0.5881730436548593,0.4052436039575403,0.003303604371055859,grass,0.00321738507006632,0.6514951647921025,0.3405402088953255,0.004747241242505858
grass,square,-90,-1.5707963267948966,10.42939150401837,11.39890292129098,grass,0.0032209615986297296,0.6210667277474202,0.3724412659017411,0.0032710447522088884,grass,0.0032191733343480237,0.6362809462697613,0.35649073739853326,0.004009142997357372
grass,square,-90,-1.5707963267948966,10.786452353616532,11.15792830718204,grass,0.0031442782777674483,0.6712223941864717,0.3223265171080252,0.0033068104277356077,grass,0.003181725806057736,0.6537516702281165,0.33940862725327925,0.00365797671254649
grass,square,-90,-1.5707963267948966,10.462686567164178,10.93200663349917,grass,0.0030998768126435437,0.7127789650402402,0.28055948891643323,0.0035616692306830555,grass,0.0031408013093506405,0.6832653176341784,0.3099840580848563,0.003609822971614773
grass,square,-90,-1.5707963267948966,10.963260619977037,10.72738869753795,grass,0.003085668324801238,0.7456196593428982,0.24707607530871936,0.004218597023581369,grass,0.0031132348170759385,0.7144424884885382,0.27853006669678776,0.00391420999759807
grass,square,-90,-1.5707963267948966,10.391504018369693,10.73555300420972,grass,0.0030857325143304865,0.7443991159206774,0.24833539145527322,0.004179760109718912,grass,0.0030994836657032123,0.7294208022046078,0.2634327290760305,0.004046985053658491
grass,square,-90,-1.5707963267948966,10.625717566016077,10.687970404388317,grass,0.0030859622216745644,0.7514052740320036,0.24108303992083246,0.004425723825489401,grass,0.0030927229436888883,0.7404130381183057,0.25225788449843145,0.004236354439573946
grass,square,-90,-1.5707963267948966,10.885189437428243,10.689756346472764,grass,0.003085927180224862,0.7511470079737753,0.2413514681427207,0.00441559670327906,grass,0.003089325061956875,0.7457800230460405,0.24680467632057607,0.004325975571426503
grass,square,-90,-1.5707963267948966,10.384615384615383,10.616787855593824,grass,0.0030890525813447034,0.7613960815222943,0.23061988931080685,0.004894976585554203,grass,0.0030891888216507896,0.7535880522841675,0.23871228281569148,0.004610476078490354
grass,square,-90,-1.5707963267948966,10.423650975889782,10.5947187141217,grass,0.0030906859485394307,0.7643718912319147,0.2274678413068016,0.0050695815127443,grass,0.0030899373850951095,0.7589799717580409,0.2330900620612465,0.004840028795617326
grass,square,-90,-1.5707963267948966,3.2043628013777266,9.791937747161628,grass,0.003344251676473138,0.8187233730109,0.13635136700650752,0.04158100830611933,grass,0.003217094530784124,0.7888516723844706,0.18472071453387703,0.02321051855086833
grass,square,-90,-1.5707963267948966,8.012629161882893,9.483735170302335,grass,0.0034626649478438835,0.7883750029185347,0.1086210808667807,0.09954125126684053,grass,0.0033398797393140037,0.7886133376515027,0.14667089770032887,0.06137588490885443
grass,square,-90,-1.5707963267948966,11.763490241102184,9.628268911851002,grass,0.0034150078070906355,0.8082631311248896,0.1214256175697627,0.06689624349825705,grass,0.00337744377320232,0.7984382343881962,0.1340482576350458,0.06413606420355575
grass,square,-90,-1.5707963267948966,13.69345579793341,9.931623931623932,grass,0.003280591598556512,0.8196471302273945,0.14968345968136462,0.027388818492684357,grass,0.003329017685879415,0.8090426823077952,0.1418658586582052,0.04576244134812005
grass,square,-90,-1.5707963267948966,11.881745120551091,10.097206276310756,grass,0.003210874359875462,0.8135230724789563,0.16652910508858013,0.016736948072588232,grass,0.003269946022877439,0.8112828773933758,0.15419748187339266,0.031249694710354138
grass,square,-90,-1.5707963267948966,10.88289322617681,10.125781349661947,grass,0.0031999937855106096,0.8118208536512687,0.16957678418098573,0.015402368382235054,grass,0.003234969904194024,0.8115518655223222,0.1618871330271892,0.023326031546294597
grass,square,-90,-1.5707963267948966,11.087256027554536,10.148233193009313,grass,0.0031917328197009396,0.810366218056736,0.17200381747005514,0.014438231653507898,grass,0.003213351361947482,0.8109590417895292,0.1669454752486222,0.018882131599901247
grass,square,-90,-1.5707963267948966,10.601607347876003,10.172343411149384,grass,0.003183157298020932,0.8086939876891591,0.17464301444033384,0.013479840572486069,grass,0.003198254329984207,0.8098265147393442,0.17079424484447803,0.016180986086193658
grass,square,-90,-1.5707963267948966,9.975889781859932,10.122592167368287,grass,0.0032011881254325665,0.8120192330008029,0.16923437752047307,0.015545201353291488,grass,0.003199721227708387,0.8109228738700736,0.17001431118247556,0.015863093719742573
grass,square,-90,-1.5707963267948966,10.14121699196326,10.893353744100011,grass,0.0030952215460348965,0.7193376917819831,0.27392284625759095,0.0036442404143910935,grass,0.003147471386871641,0.7651302828260281,0.2219685787200332,0.009753667067066832
grass,square,-90,-1.5707963267948966,10.202066590126291,11.13662456946039,grass,0.0031388915339190565,0.6753723849777118,0.3181700450690924,0.0033186784192767754,grass,0.003143181460395349,0.72025133390187,0.27006931189456285,0.006536172743171804
grass,square,-90,-1.5707963267948966,9.592422502870264,10.895394820767956,grass,0.0030954449322542874,0.718995446646505,0.2742696155260131,0.0036394928952276973,grass,0.0031193131963248182,0.7196233902741875,0.27216946371028794,0.005087832819199751
grass,square,-90,-1.5707963267948966,10.524684270952928,10.543309095547905,grass,0.00309573900898139,0.7710750935190136,0.22028955810505127,0.005539609366953885,grass,0.003107526102653104,0.7453492418966006,0.2462295109076696,0.0053137210930768175
grass,square,-90,-1.5707963267948966,9.973593570608497,10.331292256665392,grass,0.003135017591484675,0.7950963606090077,0.1929707730129207,0.008797848786587072,grass,0.0031212718470688887,0.7702228012528038,0.2196001419602951,0.007055784939831943
grass,square,-90,-1.5707963267948966,10.7451205510907,10.315984181655825,grass,0.003138983767457572,0.796585323220327,0.19113096634140508,0.009144726670810217,grass,0.003130127807263231,0.7834040622365657,0.20536555415085014,0.008100255805321081
grass,square,-90,-1.5707963267948966,9.762342135476464,10.168771526980484,grass,0.0031844079649492037,0.8089487572482432,0.17424983144162393,0.013617003345183554,grass,0.0031572678861062162,0.7961764097424042,0.189807692796237,0.010858629575252316
grass,square,-90,-1.5707963267948966,10.455797933409873,10.15257048092869,grass,0.003190167206504942,0.8100736857714386,0.17247605057649096,0.014260096445565432,grass,0.00317371754630558,0.8031250477569216,0.181141871686364,0.012559363010408877
grass,square,-90,-1.5707963267948966,10.733639494833524,10.236764893481311,grass,0.0031618318580644744,0.8036980964447424,0.18187014318586153,0.011269928511331588,grass,0.003167774702185027,0.803411572100832,0.18150600743611278,0.011914645760870233
grass,square,-90,-1.5707963267948966,10.192881745120552,10.2425054216099,grass,0.003160048218049176,0.8032174031040731,0.18252700579024547,0.011095542887632254,grass,0.0031639114601171017,0.8033144876024525,0.18201650661317914,0.011505094324251244
grass,square,-90,-1.5707963267948966,10.595866819747416,10.286261002678913,grass,0.0031471047540465,0.7993727637401732,0.18760595617887804,0.009874175326902337,grass,0.003155508107081801,0.8013436256713129,0.1848112313960286,0.010689634825576791
grass,square,-90,-1.5707963267948966,2.65556831228473,9.515499425947189,grass,0.0034540456599043696,0.7937117328795528,0.11141473606020044,0.09141948540034249,grass,0.0033047768834930844,0.7975276792754327,0.1481129837281145,0.05105456011295963
grass,square,-90,-1.5707963267948966,9.267508610792191,9.375813241484884,grass,0.0034813946630585495,0.7658292412961673,0.09919273228389829,0.131496631756876,grass,0.003393085773275817,0.7816784602858,0.1236528580060064,0.09127559593491782
grass,square,-90,-1.5707963267948966,12.478760045924226,9.65416507207552,grass,0.0034046103610148007,0.8107022197009088,0.123750385795148,0.06214278414292829,grass,0.0033988480671453087,0.7961903399933544,0.1237016219005772,0.07670919003892306
grass,square,-90,-1.5707963267948966,12.902411021814006,9.893864013267,grass,0.00329762580201249,0.8200166151841466,0.14601140264472007,0.030674356369120644,grass,0.0033482369345789,0.8081034775887507,0.13485651227264867,0.05369177320402186
grass,square,-90,-1.5707963267948966,12.182548794489094,10.1627758642684,grass,0.0031865228833979913,0.8093709506044255,0.173591569674288,0.013850956837888466,grass,0.003267379908988446,0.8087372140965882,0.15422404097346834,0.03377136502095517
grass,square,-90,-1.5707963267948966,10.09988518943743,10.123230003827018,grass,0.003200948847988186,0.8119797235008056,0.16930281277916065,0.015516514872045436,grass,0.003234164378488316,0.8103584687986969,0.1617634268763145,0.024643939946500305
grass,square,-90,-1.5707963267948966,10.851894374282434,10.136369434876896,grass,0.0031960655959987635,0.8111474295364004,0.17071772985858852,0.014938775009012254,grass,0.0032151149872435398,0.8107529491675487,0.1662405783674515,0.01979135747775628
grass,square,-90,-1.5707963267948966,10.719862227324914,10.194922821788492,grass,0.0031754142499864513,0.8070282664469175,0.17714648368634936,0.012649835616746489,grass,0.003195264618614996,0.8088906078072332,0.17169353102690046,0.01622059654725139
grass,square,-90,-1.5707963267948966,10.187141216991964,10.149508865926776,grass,0.0031912713140841266,0.8102805614617935,0.17214259491331368,0.01438557231080881,grass,0.0031932679663495616,0.8095855846345134,0.1719180629701071,0.015303084429030101
grass,square,-90,-1.5707963267948966,9.57405281285878,10.91822936599056,grass,0.0030981149630673194,0.7151354628618974,0.2781770477529017,0.0035893744221334282,grass,0.0031456914647084405,0.7623605237482054,0.2250475553615044,0.009446229425581765
grass,square,-90,-1.5707963267948966,10.194029850746269,11.021176170429902,grass,0.0031139717842195683,0.6970290701044303,0.29643510277823065,0.00342185533311957,grass,0.0031298316244640035,0.7296947969263178,0.26074132906986747,0.0064340423793506655
grass,square,-90,-1.5707963267948966,9.753157290470725,10.718331419823958,grass,0.0030856471875775108,0.7469648039812691,0.2456862954400779,0.004263253391075568,grass,0.003107739406020757,0.7383298004537935,0.2532138122549727,0.005348647885213116
grass,square,-90,-1.5707963267948966,10.65097588978186,10.468171960709276,grass,0.003106275296733627,0.7802778491923837,0.21019965385429903,0.006416221656583584,grass,0.0031070073513771927,0.7593038248230887,0.23170673305463588,0.005882434770898351
grass,square,-90,-1.5707963267948966,10.295063145809417,10.2584513330782,grass,0.003155196890490956,0.8018529182938114,0.18436303568956328,0.010628849126134314,grass,0.0031311021209340746,0.78057837155845,0.20803488437209958,0.008255641948516333
grass,square,-90,-1.5707963267948966,10.32950631458094,10.28396479142748,grass,0.0031477549652011555,0.7995822943015021,0.18733619459200576,0.00993375614129117,grass,0.003139428543067615,0.790080332929976,0.19768553948205267,0.009094699044903752
grass,square,-90,-1.5707963267948966,11.567164179104475,10.363439214185483,grass,0.00312717420107445,0.791855092776931,0.19688959761661903,0.008128135405375476,grass,0.0031333013720710326,0.7909677128534536,0.19728756854933585,0.008611417225139615
grass,square,-90,-1.5707963267948966,11.00114810562572,10.39469320066335,grass,0.0031201869099179535,0.7885596256614035,0.20077303629410645,0.007547151134572231,grass,0.003126744140994493,0.7897636692574286,0.19903030242172115,0.008079284179855923
grass,square,-90,-1.5707963267948966,11.334098737083812,10.522132925118,grass,0.0030983296351239304,0.7737413251430835,0.2173983848116163,0.005761960410176305,grass,0.0031125368880592108,0.7817524972002559,0.20821434361666868,0.006920622295016112
grass,square,-90,-1.5707963267948966,11.423650975889782,10.727643832121446,grass,0.0030856696835149682,0.7455816323324896,0.2471153347172594,0.004217363266736074,grass,0.0030991032857870886,0.7636670647663726,0.227664839166964,0.005568992780876092
grass,square,-90,-1.5707963267948966,11.117106773823192,10.830207934685546,grass,0.0030895647189115383,0.7296991898222445,0.26339587675267545,0.00381536870616843,grass,0.003094334002349314,0.7466831272943086,0.24553035795981978,0.004692180743522262
grass,square,-90,-1.5707963267948966,3.784156142365098,10.166985584896032,grass,0.00318503590361371,0.8090752340387101,0.17405352803940044,0.013686202018275832,grass,0.003139684952981512,0.7778791806665093,0.20979194299961013,0.009189191380899048
grass,square,-90,-1.5707963267948966,6.72215843857635,9.730450312539864,grass,0.0033719591076776913,0.8161192386621116,0.1306731597053933,0.049835642524817356,grass,0.0032558220303296023,0.7969992096643105,0.17023255135250173,0.029512416952858205
grass,square,-90,-1.5707963267948966,11.656716417910449,9.881745120551091,grass,0.0033031414859346162,0.8200432372766026,0.14484434955306066,0.03180927168440218,grass,0.0032794817581321095,0.8085212234704566,0.15753845045278123,0.030660844318630195
grass,square,-90,-1.5707963267948966,12.482204362801378,10.120933792575585,grass,0.003201811201840984,0.8121215673372779,0.16905655341307732,0.015620068047803809,grass,0.003240646479986547,0.8103213954038673,0.16329750193292927,0.023140456183217
grass,square,-90,-1.5707963267948966,11.185993111366246,10.07858145171578,grass,0.0032181765008561973,0.8145390299162527,0.16456673137154637,0.017676062211344566,grass,0.0032294114904213725,0.8124302126600601,0.16393211665223786,0.020408259197280787
grass,square,-90,-1.5707963267948966,11.686567164179104,10.15473912488838,grass,0.0031893881358556037,0.8099260424430945,0.17271258225960615,0.01417198716144381,grass,0.003209399813138488,0.8111781275515773,0.168322349455922,0.0172901231793623
grass,square,-90,-1.5707963267948966,10.229621125143511,10.032019390228346,grass,0.003237102234608608,0.8167379317938913,0.1597399797031266,0.020284986268373398,grass,0.0032232510238735484,0.8139580296727343,0.16403116457952432,0.018787554723867853
grass,square,-90,-1.5707963267948966,9.77841561423651,9.84921546115576,grass,0.0033180186060122628,0.8198823305665026,0.1417375932540111,0.03506205757347419,grass,0.0032706348149429045,0.8169201801196182,0.15288437891676768,0.026924806148671016
grass,square,-90,-1.5707963267948966,9.6796785304248,9.689501211889272,grass,0.003389807345551489,0.8135293984839425,0.1269422019037493,0.056138592266756854,grass,0.003330221080247197,0.8152247893017804,0.13991329041025852,0.04153169920771394
grass,square,-90,-1.5707963267948966,10.11251435132032,10.392652123995408,grass,0.003120623867158133,0.7887790830959445,0.20051717337551722,0.007583119661380046,grass,0.0032254224737026656,0.8020019361988625,0.1702152318928879,0.024557409434546998
grass,square,-90,-1.5707963267948966,10.681974741676235,10.832631713228729,grass,0.003089736617802947,0.7293096145487056,0.2637927860665808,0.003807862766910715,grass,0.0031575795457528064,0.765655775373784,0.21700400897973435,0.014182636100728856
grass,square,-90,-1.5707963267948966,10.389207807118254,10.691797423140706,grass,0.003085889665614178,0.7508513956536446,0.24165860178035636,0.004404112900384729,grass,0.0031217346056834922,0.7582535855137142,0.22933130538004537,0.009293374500556792
grass,square,-90,-1.5707963267948966,9.951779563719862,10.41063911213165,grass,0.003116866756163366,0.786825036515591,0.20278293574650924,0.0072751609817363954,grass,0.0031193006809234294,0.7725393110146527,0.21605712056327733,0.008284267741146595
grass,square,-90,-1.5707963267948966,11.068886337543054,10.397627248373515,grass,0.0031195635401994304,0.7882431292276468,0.20114139555662003,0.007495911675533814,grass,0.003119432110561429,0.7803912201211496,0.2085992580599486,0.007890089708340204
grass,square,-90,-1.5707963267948966,10.167623421354769,10.228855721393035,grass,0.0031643212380137245,0.8043511310794835,0.18096865586600408,0.011515891816498548,grass,0.003141876674287577,0.7923711756003167,0.19478395696297637,0.009702990762419378
grass,square,-90,-1.5707963267948966,9.164179104477611,10.11047327465238,grass,0.0032057728959354647,0.8127539717803077,0.167938452913811,0.016101802409945815,grass,0.003173824785111521,0.8025625736903121,0.1813612049383937,0.012902396586182596
grass,square,-90,-1.5707963267948966,9.532721010332953,10.083173874218652,grass,0.003216361065896657,0.8142955446290728,0.16504887786528002,0.017439216439750535,grass,0.0031950929255040892,0.8084290591596925,0.17320504140183685,0.015170806512966565
grass,square,-90,-1.5707963267948966,10.524684270952928,10.177063400944,grass,0.003181515340040419,0.808353633913599,0.17516376114844628,0.013301089597914298,grass,0.0031883041327722544,0.8083913465366458,0.17418440127514156,0.014235948055440432
grass,square,-90,-1.5707963267948966,11.137772675086108,10.29098099247353,grass,0.0031457784372220503,0.7989394174155598,0.18816160803948798,0.009753196107730153,grass,0.0031670412849971524,0.8036653819761028,0.18117300465731478,0.011994572081585293
grass,square,-90,-1.5707963267948966,11.090700344431689,10.336394948335249,grass,0.0031337285330763705,0.7945921424112374,0.19358778084340844,0.008686348212277593,grass,0.0031503849090367617,0.7991287621936701,0.1873803927503616,0.010340460146931442
grass,hourglass,-90,-1.5707963267948966,6.646383467278989,6.646383467278989,cell_carpet,0.0030193723523690356,0.05973362773444907,0.0056900862493938845,0.9315569136637879,cell_carpet,0.0030848786307028997,0.4294311949640597,0.09653523949987777,0.4709486869053598
grass,hourglass,-90,-1.5707963267948966,5.525832376578646,6.086107921928818,cell_carpet,0.014030941192882366,0.055476118687925416,0.008433790585966433,0.9220591495332258,cell_carpet,0.008557909911792633,0.24245365682599254,0.052484515042922106,0.6965039182192928
grass,hourglass,-90,-1.5707963267948966,8.79219288174512,6.988136241867585,cell_carpet,0.002265394933820607,0.07173325800602347,0.005771755893593159,0.9202295911665628,cell_carpet,0.005411652422806621,0.157093457416008,0.029128135468257634,0.8083667546929278
grass,hourglass,-90,-1.5707963267948966,11.583237657864524,8.13691159586682,cell_carpet,0.002296599281613389,0.24396608477329265,0.018977131226571225,0.7347601847185228,cell_carpet,0.0038541258522100047,0.2005297710946503,0.024052633347414427,0.7715634697057253
grass,hourglass,-90,-1.5707963267948966,12.365097588978186,8.982548794489094,grass,0.0033483948544939524,0.6246438416017778,0.06599071270032796,0.3060170508434004,cell_carpet,0.0036012603533519785,0.41258680634821404,0.045021673023871195,0.5387902602745629
grass,hourglass,-90,-1.5707963267948966,12.92996555683123,9.640451588212782,grass,0.003410169090331322,0.8094502178887693,0.12251787076216823,0.06462174225873123,grass,0.0035057147218416503,0.6110185121184917,0.0837697718930197,0.30170600126664704
grass,hourglass,-90,-1.5707963267948966,11.659012629161882,9.928817451205513,grass,0.0032818481252022778,0.8196890903528139,0.1494086072647979,0.02762045425718576,grass,0.0033937814235219643,0.7153538012356528,0.1165891895789088,0.1646632277619164
grass,hourglass,-90,-1.5707963267948966,11.063145809414465,10.07060849598163,grass,0.0032213509477604296,0.8149506570016737,0.16373231904010968,0.018095673010456177,grass,0.003307566185641197,0.7651522291186632,0.14016075430950925,0.09137945038618628
grass,hourglass,-90,-1.5707963267948966,10.291618828932265,10.095165199642812,grass,0.0032116666865402944,0.813638074608326,0.1663131380651033,0.016837120640030415,grass,0.003259616436090746,0.7893951518634946,0.15323694618730627,0.054108285513108346
grass,hourglass,-90,-1.5707963267948966,10.857634902411023,10.563082025768592,grass,0.0030935884611347983,0.768535228958431,0.22302350137845503,0.005347681201979272,grass,0.0031766024486127725,0.7789651904109629,0.18813022378288066,0.029727983357543813
grass,hourglass,-90,-1.5707963267948966,10.462686567164178,11.111621380278098,grass,0.0031328769895757834,0.6801823760142202,0.31334961286649904,0.0033351341297050406,grass,0.003154739719094278,0.7295737832125915,0.25073991832468984,0.016531558743624428
grass,hourglass,-90,-1.5707963267948966,10.460390355912743,11.29697665518561,grass,0.0031851277776011665,0.6429878579687461,0.35055881352725904,0.003268200726393596,grass,0.003169933748347722,0.6862808205906687,0.30064936592597447,0.009899879735009012
grass,hourglass,-90,-1.5707963267948966,11.07462686567164,11.240464344941955,grass,0.003167363107607259,0.6547004651042797,0.33885539428665007,0.003276777501463031,grass,0.003168648427977491,0.6704906428474743,0.3197523801063123,0.006588328618236022
grass,hourglass,-90,-1.5707963267948966,9.89092996555683,10.965556831228474,grass,0.0031046370780905084,0.7069540213801243,0.286439833183958,0.0035015083578272157,grass,0.003136642753033999,0.6887223321137992,0.3030961066451351,0.005044918488031618
grass,hourglass,-90,-1.5707963267948966,10.315729047072333,10.67508610792193,grass,0.0030862763913667,0.7532575407072781,0.23915517582595736,0.004501007075397786,grass,0.00311145957220035,0.7209899364105388,0.2711256412355463,0.004772962781714703
grass,hourglass,-90,-1.5707963267948966,7.855338691159586,10.252455670366118,grass,0.003157003094081177,0.802370969080793,0.18367070833189217,0.010801319493233801,grass,0.0031342313331407636,0.7616804527456659,0.2273981747837192,0.007787141137474252
grass,hourglass,-90,-1.5707963267948966,5.68886337543054,9.655313177701238,grass,0.003404139892845149,0.8108030438744221,0.12385372319790044,0.06193909303483239,grass,0.0032691856129929554,0.7862417483100438,0.1756259489908098,0.03486311708615331
grass,hourglass,-90,-1.5707963267948966,8.526980482204362,9.459242250287026,grass,0.0034684300878903844,0.7838655587545851,0.10647317480381599,0.10619283635370859,grass,0.00336880785044167,0.7850536535323145,0.14104956189731288,0.07052797671993095
grass,hourglass,-90,-1.5707963267948966,10.836969001148104,9.456946039035593,grass,0.0034689286044435833,0.7834248813764397,0.10627206922457318,0.10683412079454355,grass,0.0034188682274426266,0.7842392674543771,0.12366081556094302,0.08868104875723726
grass,hourglass,-90,-1.5707963267948966,12.61308840413318,9.695879576476592,grass,0.003387070774105119,0.8139801905574188,0.1275209650730364,0.055111773595439784,grass,0.0034029695007738725,0.7991097290058979,0.12559089031698972,0.07189641117633852
grass,hourglass,-90,-1.5707963267948966,13.451205510907002,10.028192371475956,grass,0.003238697499906509,0.8168961013264646,0.159348106998724,0.020517094174904785,grass,0.0033208335003401908,0.8080029151661813,0.14246949865785685,0.04620675267562165
grass,hourglass,-90,-1.5707963267948966,13.560275545350173,10.3043755581069,grass,0.003142089863428811,0.797690446304907,0.18974688277427063,0.009420581057393667,grass,0.003231461681884501,0.8028466807355441,0.16610819071606375,0.027813666866507658
grass,hourglass,-90,-1.5707963267948966,11.560275545350173,10.48985840030616,grass,0.003102850076267032,0.7776959263823604,0.21306401442634412,0.0061372091150284445,grass,0.0031671558790757667,0.7902713035589523,0.18958610257120395,0.01697543799076805
grass,hourglass,-90,-1.5707963267948966,9.543053960964407,10.404005612960836,grass,0.0031182277644440253,0.7875509332653028,0.20194444741879924,0.007386391551453984,grass,0.0031426918217598958,0.7889111184121276,0.1957652749950016,0.012180914771111016
grass,hourglass,-90,-1.5707963267948966,10.75086107921929,10.725730322745248,grass,0.0030856605119181355,0.7458666539253758,0.24682103712784775,0.00422664843485832,grass,0.0031141761668390146,0.7673888861687514,0.22129315606142463,0.008203781602984666
grass,hourglass,-90,-1.5707963267948966,10.522388059701491,11.262788620997576,grass,0.0031741952137979666,0.6501119656783925,0.3434414664338813,0.0032723726739281355,grass,0.003144185690318491,0.7087504259235721,0.282367311247653,0.005738077138456401
grass,hourglass,-90,-1.5707963267948966,9.766934557979331,11.400561296083684,grass,0.003221583292194816,0.6207018147654384,0.37280535109404017,0.0032712508483267524,grass,0.003182884491256654,0.6647261203445052,0.32758633117084657,0.004504663993391576
grass,hourglass,-90,-1.5707963267948966,10.182548794489092,11.327847939788237,grass,0.0031954774788687367,0.6364551041801706,0.3570825822963997,0.0032668360445608276,grass,0.0031891809850626953,0.6505906122623379,0.34233445673362317,0.003885750018976202
grass,hourglass,-90,-1.5707963267948966,10.374282433983929,11.079091720882763,grass,0.003125557249712932,0.6863416152830486,0.3071717700780278,0.0033610573892107077,grass,0.0031573691173878136,0.6684661137726933,0.32475311340582547,0.003623403704093455
grass,hourglass,-90,-1.5707963267948966,10.07118254879449,10.703533613981374,grass,0.003085726316416586,0.7491423041916527,0.24343205882263036,0.004339910669300374,grass,0.0031215477169021996,0.708804208982173,0.28409258611422794,0.003981657186696914
grass,hourglass,-90,-1.5707963267948966,7.397244546498277,10.01875239188672,grass,0.003242656553136319,0.8172710704470499,0.15838453067578603,0.021101742324027735,grass,0.0031821021350192592,0.7630376397146115,0.221238558395007,0.012541699755362325
grass,hourglass,-90,-1.5707963267948966,4.818599311136625,9.269677254751883,grass,0.0034799679451562883,0.7366853095086966,0.09000905241483985,0.16982567013130725,grass,0.003331035040087774,0.7498614746116541,0.15562380540492343,0.09118368494333479
grass,hourglass,-90,-1.5707963267948966,7.656716417910449,9.060084194412552,grass,0.0034036687823077957,0.6591460668660134,0.07229121613818895,0.2651590482134898,grass,0.0033673519111977854,0.7045037707388339,0.1139575107715562,0.17817136657841232
grass,hourglass,-90,-1.5707963267948966,10.246842709529275,9.004082153335885,grass,0.003365202870137321,0.6344851579545924,0.06772123210014569,0.29442840707512463,grass,0.003366277390667553,0.6694944643467131,0.09083937143585094,0.23629988682676847
grass,hourglass,-90,-1.5707963267948966,12.499425947187142,9.223753029723175,grass,0.0034720950126160923,0.7219009666751691,0.08606833263016032,0.18855860568205451,grass,0.0034191862016418224,0.6956977155109412,0.08845385203300563,0.2124292462544115
grass,hourglass,-90,-1.5707963267948966,14.063145809414465,9.701109835438194,grass,0.003384813766615961,0.8143365857732939,0.12799618444675115,0.05428241601333878,grass,0.0034019999841288914,0.7550171506421175,0.10822501823987839,0.13335583113387514
grass,hourglass,-90,-1.5707963267948966,11.482204362801378,9.845516009695114,grass,0.0033197145607424343,0.8198419500438097,0.14138656934925248,0.035451766046195286,grass,0.003360857272435663,0.7874295503429637,0.12480579379456545,0.08440379859003523
grass,hourglass,-90,-1.5707963267948966,11.281285878300803,9.946294170174768,grass,0.0032740528408816225,0.8193911036572624,0.15112542398299567,0.026209419518860255,grass,0.003317455056658643,0.8034103270001132,0.1379656088887806,0.05530660905444775
grass,hourglass,-90,-1.5707963267948966,9.896670493685418,9.926903941829316,grass,0.0032827058276117204,0.8197163916184845,0.149221389811524,0.027779512742379792,grass,0.0033000804421351817,0.8115633593092988,0.1435934993501523,0.041543060898413774
grass,hourglass,-90,-1.5707963267948966,9.964408725602755,10.212144406174255,grass,0.003169701437305461,0.805695134900932,0.17907717383472002,0.012057989827042356,grass,0.0032348909397203218,0.8086292471051155,0.16133533659243618,0.02680052536272807
grass,hourglass,-90,-1.5707963267948966,10.202066590126291,10.810307437173108,grass,0.0030882913731032574,0.7328731009104315,0.26015847908664064,0.0038801286298248156,grass,0.003161591156411789,0.7707511740077733,0.21074690783953837,0.015340326996276438
grass,hourglass,-90,-1.5707963267948966,10.340987370838116,11.108559765276182,grass,0.0031321635766908794,0.6807668351483571,0.31276365264206296,0.003337348632889032,grass,0.0031468773665513346,0.7257590045780653,0.2617552802408007,0.009338837814582737
grass,hourglass,-90,-1.5707963267948966,10.30654420206659,11.115193264446994,grass,0.003133715691787015,0.6794992586988627,0.31403441855187597,0.0033326070574743057,grass,0.0031402965291691745,0.7026291316384641,0.28789484939633836,0.006335722436028522
grass,hourglass,-90,-1.5707963267948966,9.582089552238806,10.791044776119405,grass,0.003087294446216301,0.7359032012188484,0.257061091267595,0.00394841306734025,grass,0.003113795487692737,0.7192661664286562,0.27247797033196663,0.005142067751684385
grass,hourglass,-90,-1.5707963267948966,9.700344431687714,10.306289067483098,grass,0.003141572055576107,0.7975097234122757,0.1899743745358643,0.009374329996283803,grass,0.0031276837716344226,0.758387944920466,0.2312261724339155,0.007258198873984095
grass,hourglass,-90,-1.5707963267948966,6.314580941446613,9.732108687332568,grass,0.003371223797452254,0.816209231590892,0.1308250540494976,0.049594490562158255,grass,0.0032494537845433385,0.787298588255679,0.18102561324170655,0.028426344718071175
grass,hourglass,-90,-1.5707963267948966,6.7543053960964405,9.229110855976526,grass,0.003473256510938446,0.7236926896150071,0.0865268281952954,0.18630722567875885,grass,0.0033613551477408923,0.7554956389353431,0.13377622071850098,0.10736678519841501
grass,hourglass,-90,-1.5707963267948966,9.947187141216991,9.234723816813368,grass,0.003474403473788896,0.7255508918557526,0.08700753266398684,0.18396717200647172,grass,0.0034178793107648943,0.7405232653955478,0.11039187669124391,0.14566697860244338
grass,hourglass,-90,-1.5707963267948966,12.039035591274398,9.465237912999108,grass,0.003467093817117566,0.7850016603384036,0.10699849046667634,0.1045327553778025,grass,0.0034424865639412303,0.7627624628669757,0.10869518357896013,0.12509986699012293
grass,hourglass,-90,-1.5707963267948966,12.766934557979337,9.750223242760557,grass,0.0033631407787543008,0.8171192292627638,0.132488528041251,0.04702910191723082,grass,0.0034028136713477658,0.7899408460648698,0.12059185581010556,0.08606448445367687
grass,hourglass,-90,-1.5707963267948966,10.907003444316878,9.81311391759153,grass,0.0033345703070969757,0.8192874064780975,0.13833095643872595,0.03904706677607935,grass,0.003368691989222371,0.8046141262714838,0.12946140612441578,0.06255577561487813
grass,hourglass,-90,-1.5707963267948966,10.893226176808266,9.87830080367394,grass,0.0033047123616536905,0.82004237923214,0.14451363758637278,0.032139270819833414,grass,0.003336702175438031,0.8123282527518119,0.13698752185539428,0.047347523217355775
grass,hourglass,-90,-1.5707963267948966,10.710677382319174,10.003699451460646,grass,0.0032490379003577876,0.817823529288961,0.156856828389667,0.02207060442101431,grass,0.00329287003789791,0.8150758910203865,0.14692217512253067,0.03470906381918505
grass,hourglass,-90,-1.5707963267948966,10.137772675086108,10.052302589616025,grass,0.0032287451860294448,0.8158415266127835,0.16182901701445146,0.019100711186735682,grass,0.0032608076119636773,0.815458708816585,0.15437559606849105,0.026904887502960367
grass,hourglass,-90,-1.5707963267948966,10.28358208955224,10.493302717183314,grass,0.0031023347375568103,0.7772802438202899,0.21352247374207547,0.006094947700077768,grass,0.003181571174760244,0.7963694763184375,0.18394903490528325,0.016499917601519067
grass,hourglass,-90,-1.5707963267948966,10.277841561423651,10.884806735553004,grass,0.003094313477337006,0.7207658759982151,0.2724751925489301,0.003664617975517986,grass,0.003137942326048625,0.7585676761583262,0.22821211372710667,0.010082267788518527
grass,hourglass,-90,-1.5707963267948966,9.939150401836969,10.88391376451078,grass,0.0030942211573771854,0.7209146262563322,0.27232435861805304,0.003666793968237492,grass,0.0031160817417129056,0.7397411512073293,0.2502682361725799,0.00687453087837801
grass,hourglass,-90,-1.5707963267948966,10.420206659012628,10.704043883148362,grass,0.003085721235379915,0.7490676362551709,0.24350945373583618,0.004337188773612925,grass,0.0031009014885464104,0.7444043937312501,0.24688884495420804,0.005605859825995468
grass,hourglass,-90,-1.5707963267948966,9.723306544202067,10.365862992728664,grass,0.0031266097173953153,0.791604546818671,0.19718814487016398,0.008080698593769647,grass,0.0031137556029708626,0.7680044702749605,0.22203849491218602,0.006843279209882557
grass,hourglass,-90,-1.5707963267948966,10.18369690011481,10.285495598928437,grass,0.0031473211296887747,0.7994427010560091,0.1875159953232288,0.009893982491073365,grass,0.0031305383663298185,0.7837235856654848,0.2047772451177074,0.00836863085047796
grass,hourglass,-30,-0.5235987755982988,1.4167623421354765,1.4167623421354765,linoleum,0.8529889050655707,0.06296224848224095,0.04015741432944077,0.043891432122747626,linoleum,0.8529889050655707,0.06296224848224095,0.04015741432944077,0.043891432122747626
grass,hourglass,-30,-0.5235987755982988,6.545350172215844,3.981056257175661,cell_carpet,0.006880339527133724,0.2732614387352384,0.13216477509214739,0.5876934466454805,linoleum,0.4299346222963522,0.16811184360873968,0.08616109471079408,0.31579243938411405
grass,hourglass,-30,-0.5235987755982988,6.15154994259472,4.704554152315347,cell_carpet,0.0015820571374337894,0.38403110776116745,0.21310147144272665,0.4012853636586722,cell_carpet,0.215758339716893,0.27607147568495355,0.14963128307676038,0.3585389015213931
grass,hourglass,-30,-0.5235987755982988,6.419058553386911,5.133180252583238,grass,0.001809035275332507,0.45829526140278715,0.28827474064692993,0.25162096267495027,grass,0.10878368749611275,0.36718336854387035,0.21895301186184515,0.3050799320981717
grass,hourglass,-30,-0.5235987755982988,6.251435132032148,5.35683122847302,grass,0.001961628602763874,0.48709924365152607,0.33135893731304344,0.17958019043266654,grass,0.05537265804943832,0.42714130609769824,0.27515597458744434,0.24233006126541914
grass,hourglass,-30,-0.5235987755982988,6.987370838117108,5.628587830080368,grass,0.002146201787652823,0.5059607586976586,0.38309044728623576,0.10880259222845295,grass,0.028759429918545572,0.46655103239767837,0.32912321093684005,0.17556632674693606
grass,hourglass,-30,-0.5235987755982988,7.145809414466132,5.8453337707069055,grass,0.00229094452628646,0.5072656438307683,0.4222429011697285,0.06820051047321658,grass,0.015525187222416015,0.48690833811422335,0.3756830560532843,0.12188341861007632
grass,hourglass,-30,-0.5235987755982988,7.567164179104478,6.060562571756602,grass,0.0024374729449124963,0.4977824007368074,0.458953897067121,0.04082622925115919,grass,0.008981330083664255,0.4923453694255154,0.4173184765602026,0.08135482393061776
grass,hourglass,-30,-0.5235987755982988,6.081515499425947,6.062890674830974,grass,0.0024391009444529248,0.49762890242355634,0.45934046525621874,0.040591531375771914,grass,0.005710215514058591,0.4949871359245359,0.4383294709082107,0.06097317765319484
grass,hourglass,-30,-0.5235987755982988,8.228473019517795,6.819747416762342,rubber_carpet,0.0031011411398661516,0.4107769115117145,0.5793956022747679,0.006726345073651399,rubber_carpet,0.004405678326962371,0.45288202371812514,0.5088625365914893,0.03384976136342311
grass,hourglass,-30,-0.5235987755982988,7.014925373134328,6.871922439086619,rubber_carpet,0.0031615759577780017,0.4031001069696989,0.5875687372940795,0.0061695797784436625,rubber_carpet,0.0037836271423701863,0.427991065343912,0.5482156369427844,0.020009670570933388
grass,hourglass,-30,-0.5235987755982988,7.938002296211251,7.0704171450440105,rubber_carpet,0.003416021535011626,0.3729977081417403,0.6187322513778953,0.004854018945352666,rubber_carpet,0.003599824338690906,0.40049438674282617,0.5834739441603398,0.012431844758143027
grass,hourglass,-30,-0.5235987755982988,7.808266360505167,7.22477356805715,rubber_carpet,0.0036438948471201036,0.3489391149825365,0.6429874734978419,0.0044295166725014205,rubber_carpet,0.003621859592905505,0.3747167508626813,0.6132307088290909,0.008430680715322224
grass,hourglass,-30,-0.5235987755982988,6.927669345579794,7.299910702895777,rubber_carpet,0.003765424675833738,0.33712205451174754,0.6547674046932949,0.004345116119123932,rubber_carpet,0.0036936421343696214,0.35591940268721445,0.6339990567611928,0.0063878984172230785
grass,hourglass,-30,-0.5235987755982988,4.897818599311137,7.067738231917336,rubber_carpet,0.003412310513420969,0.37341140009847296,0.6183111584527428,0.004865130935363431,rubber_carpet,0.0035529763238952954,0.3646654013928437,0.6261551076069678,0.005626514676293255
grass,hourglass,-30,-0.5235987755982988,5.648679678530424,6.901390483480036,rubber_carpet,0.0031968380270582727,0.3987143196831206,0.5921885992087408,0.0059002430810802566,rubber_carpet,0.0033749071754767845,0.3816898605379822,0.6091718534078544,0.005763378878686757
grass,hourglass,-30,-0.5235987755982988,3.571756601607348,6.457456308202577,rubber_carpet,0.002742674244951619,0.4596421543102789,0.5227077758252973,0.014907395619472212,rubber_carpet,0.0030587907102142017,0.4206660074241305,0.5659398146165758,0.010335387249079484
grass,hourglass,-30,-0.5235987755982988,3.636050516647531,6.185737976782753,grass,0.0025270810158730802,0.4881926483343541,0.47947557122765666,0.029804699422116155,rubber_carpet,0.0027929358630436408,0.4544293278792423,0.5227076929221163,0.02007004333559782
grass,hourglass,-30,-0.5235987755982988,2.933409873708381,5.597397627248373,grass,0.0021252557002596818,0.5047796957197214,0.3772781094955729,0.11581693908444597,grass,0.0024590957816516615,0.4796045117994818,0.4499929012088446,0.0679434912100219
grass,hourglass,-30,-0.5235987755982988,4.265212399540758,5.291873963515754,grass,0.0019170310834990675,0.47983905016498435,0.31878661730105406,0.19945730145046245,grass,0.0021880634325753645,0.47972178098223306,0.38438975925494934,0.13370039633024217
grass,hourglass,-30,-0.5235987755982988,4.587830080367394,4.919632606199771,grass,0.001674300438258054,0.4229675877788523,0.2489289151453266,0.3264291966375631,grass,0.0019311819354167093,0.45134468438054265,0.31665933720013795,0.23006479648390263
grass,hourglass,-30,-0.5235987755982988,5.320321469575202,4.64319428498533,cell_carpet,0.0015752301676661272,0.37291062932211394,0.2037936377085092,0.42172050280171075,grass,0.0017532060515414183,0.4121276568513283,0.2602264874543236,0.3258926496428067
grass,hourglass,-30,-0.5235987755982988,5.130884041331803,4.44355147340222,cell_carpet,0.0017082708612130668,0.33817269710258596,0.17666588349679144,0.4834531485394094,cell_carpet,0.0017307384563772427,0.3751501769769572,0.21844618547555752,0.4046728990911081
grass,hourglass,-30,-0.5235987755982988,5.44316877152698,4.504145936981757,cell_carpet,0.0016313802883515488,0.34840106739940735,0.1843775882286294,0.4655899640836117,cell_carpet,0.0016810593723643958,0.36177562218818227,0.20141188685209346,0.4351314315873599
grass,hourglass,-30,-0.5235987755982988,5.732491389207808,4.513458349279245,cell_carpet,0.0016231268642815336,0.3500009413477252,0.18560339209336232,0.462772539694631,cell_carpet,0.0016520931183229646,0.35588828176795373,0.1935076394727279,0.4489519856409955
grass,hourglass,-30,-0.5235987755982988,6.609644087256028,4.851001403240209,grass,0.0016373732545916625,0.4106952750136632,0.23699981252623112,0.35066753920551397,cell_carpet,0.0016447331864573136,0.38329177839080847,0.2152537259994795,0.3998097624232547
grass,hourglass,-30,-0.5235987755982988,5.614236509758898,5.0707998469192495,grass,0.0017677362724172528,0.44858055862616103,0.2765022588148089,0.2731494462866129,grass,0.0017062347294372832,0.41593616850848475,0.2458779924071442,0.33647960435493385
grass,hourglass,-30,-0.5235987755982988,6.210103329506315,5.434876897563465,grass,0.0020150830374039775,0.49447114736267667,0.3464159780172867,0.15709779158263262,grass,0.0018606588834206303,0.4552036579355807,0.29614698521221544,0.24678869796878322
grass,hourglass,-30,-0.5235987755982988,11.10332950631458,6.194667687205001,grass,0.002533659167768558,0.487410763992248,0.48092101252318964,0.02913456431679382,grass,0.002197159025594594,0.47130721096391437,0.38853399886770257,0.13796163114278853
grass,hourglass,-30,-0.5235987755982988,4.91044776119403,6.230514096185738,rubber_carpet,0.0025603566697066037,0.4841517328189979,0.4867020498244622,0.026585860686833333,grass,0.0023787578476505986,0.47772947189145615,0.4376180243460824,0.08227374591481093
grass,hourglass,-30,-0.5235987755982988,4.111366245694604,6.096185737976783,grass,0.0024625274952372028,0.4953262954138517,0.46484734646076203,0.037363830630149,grass,0.0024206426714439007,0.4865278836526539,0.4512326854034222,0.05981878827247997
grass,hourglass,-30,-0.5235987755982988,3.00459242250287,5.859931113662458,grass,0.002300715602154705,0.5069398190243056,0.4247986806927066,0.06596078468083304,grass,0.002360679136799303,0.4967338513384798,0.4380156830480644,0.0628897864766565
grass,hourglass,-30,-0.5235987755982988,3.6498277841561424,5.660671003954587,grass,0.002167691915839663,0.5069086019431183,0.38902510518654604,0.10189860095449603,grass,0.002264185526319483,0.5018212266407991,0.41352039411730523,0.08239419371557627
grass,hourglass,-30,-0.5235987755982988,3.5683122847301947,5.42020665901263,grass,0.002005055757366874,0.4932020410655994,0.34359331733220383,0.16119958584482985,grass,0.0021346206418431787,0.49751163385319924,0.3785568557247545,0.12179688978020306
grass,hourglass,-30,-0.5235987755982988,3.933409873708381,5.122847301951779,grass,0.001802126351762142,0.45672864940775426,0.2863127104017228,0.2551565138387608,grass,0.0019683734968026605,0.4771201416304768,0.33243478306323865,0.18847670180948195
grass,hourglass,-30,-0.5235987755982988,3.1343283582089554,4.847301951779564,grass,0.00163552905240149,0.4100269104746443,0.23636906549295053,0.3519684949800036,grass,0.0018019512746020752,0.4435735260525605,0.2844019242780946,0.2702225983947428
grass,hourglass,-30,-0.5235987755982988,3.5774971297359355,4.554790151805077,cell_carpet,0.0015956503624436665,0.3571823172121417,0.19117409576916627,0.45004793665624837,grass,0.0016988008185228709,0.4003779216323511,0.23778801002363043,0.3601352675254956
grass,hourglass,-30,-0.5235987755982988,3.8300803673938,3.7466513585916568,cell_carpet,0.02133612557395565,0.248808078289007,0.11743189202754803,0.6124239041094893,cell_carpet,0.011517463196239261,0.32459299996067903,0.17760995102558924,0.4862795858174924
grass,hourglass,-30,-0.5235987755982988,5.831228473019517,3.848960326572267,cell_carpet,0.012974395216832153,0.258996098214582,0.12340175480844824,0.6046277517601376,cell_carpet,0.012245929206535708,0.29179454908763053,0.15050585291701873,0.545453668788815
grass,hourglass,-30,-0.5235987755982988,5.206659012629162,3.970659522898329,cell_carpet,0.0072233273605494105,0.27208058114821565,0.13142359064447545,0.5892725008467595,cell_carpet,0.00973462828354256,0.2819375651179231,0.1409647217807471,0.5673630848177873
grass,hourglass,-30,-0.5235987755982988,5.622273249138921,4.261512948080112,cell_carpet,0.002352915418834346,0.30967885590216226,0.1562315142827134,0.5317367143962901,cell_carpet,0.006043771851188453,0.2958082105100427,0.14859811803173023,0.5495498996070387
grass,hourglass,-30,-0.5235987755982988,6.198622273249139,4.544712335757112,cell_carpet,0.0016010808617677526,0.35541972828427815,0.18979627166697124,0.45318291918698284,cell_carpet,0.0038224263564781025,0.3256139693971604,0.16919719484935075,0.5013664093970107
grass,hourglass,-30,-0.5235987755982988,7.203214695752009,4.948590381426202,grass,0.0016911535892520685,0.42805161442019274,0.2540835691951112,0.31617366279544407,cell_carpet,0.0027567899728650853,0.3768327919086766,0.21164038202223098,0.4087700360962274
grass,hourglass,-30,-0.5235987755982988,10.8955223880597,5.722158438576349,grass,0.0022087594116238316,0.5079775522031665,0.40026712914400964,0.08954655924120004,grass,0.0024827746922444585,0.44240517205592156,0.3059537555831203,0.24915829766871372
grass,hourglass,-30,-0.5235987755982988,3.7738231917336393,5.793213420079091,grass,0.002256137279507213,0.5080189738303229,0.41303377716699624,0.07669111172317361,grass,0.0023694559858758357,0.47521207294312223,0.35949376637505825,0.16292470469594367
grass,hourglass,-30,-0.5235987755982988,4.1526980482204365,5.8571246332440365,grass,0.002298836005114965,0.5070062943842736,0.42430809620262655,0.06638677340798484,grass,0.0023341459954954007,0.49110918366369793,0.3919009312888424,0.11465573905196424
grass,hourglass,-30,-0.5235987755982988,3.789896670493685,5.852659778032912,grass,0.00229584675950378,0.5071082987533628,0.4235268479029516,0.06706900658418179,grass,0.0023149963774995903,0.4991087412085304,0.407713889595897,0.09086237281807302
grass,hourglass,-30,-0.5235987755982988,3.506314580941446,5.59433601224646,grass,0.0021231964787234645,0.5046499114515798,0.3767053791624315,0.11652151290726509,grass,0.002219096428111528,0.5018793263300552,0.3922096343791643,0.10369194286266907
grass,hourglass,-30,-0.5235987755982988,3.5212399540757757,5.407067227962751,grass,0.00199606552693983,0.49201901428665756,0.34106168680811566,0.1649232333782868,grass,0.0021075809775256793,0.49694917030835645,0.36663566059364,0.13430758812047797
grass,hourglass,-30,-0.5235987755982988,2.9219288174512053,5.107028957775226,grass,0.0017915974120019996,0.45429657092279563,0.28331777609918524,0.2605940555660171,grass,0.0019495891947638394,0.47562287061557607,0.3249767183464126,0.19745082184324753
grass,hourglass,-30,-0.5235987755982988,3.4764638346727894,4.804566909044521,grass,0.0016155789633949934,0.40227241682135717,0.22917991396047957,0.3669320902547682,grass,0.0017825840790794164,0.4389476437184666,0.2770783161534461,0.28219145604900786
grass,hourglass,-30,-0.5235987755982988,3.87256027554535,4.434494195688226,cell_carpet,0.0017238026835361033,0.3366726864357517,0.1755525824040059,0.4860509284767064,grass,0.0017531933813077598,0.3878101650771092,0.226315449278726,0.3841211922628571
grass,hourglass,-30,-0.5235987755982988,3.762342135476464,3.6419186120678657,cell_carpet,0.035068168799296744,0.23872073357130894,0.11180333378540391,0.6144077638439904,cell_carpet,0.01841068109030225,0.3132654493242091,0.16905939153206495,0.4992644780534238
grass,hourglass,-30,-0.5235987755982988,4.112514351320321,3.679550963133052,cell_carpet,0.02939831348623803,0.2423365674218599,0.11378658780126892,0.6144785312906332,cell_carpet,0.02390449728827014,0.2778010083730345,0.14142298966666694,0.5568715046720285
grass,hourglass,-30,-0.5235987755982988,5.347876004592422,3.8123485138410502,cell_carpet,0.015510660601476411,0.255284913478836,0.12119644174168064,0.608007984178007,cell_carpet,0.019707578944873277,0.2665429609259352,0.1313097157041738,0.5824397444250178
grass,hourglass,-30,-0.5235987755982988,6.130884041331802,4.072458221711953,cell_carpet,0.00457022713701147,0.2841350945450249,0.13911096500025624,0.5721837133177073,cell_carpet,0.012138903040942374,0.27533902773548,0.13521034035221502,0.5773117288713625
grass,hourglass,-30,-0.5235987755982988,5.87256027554535,4.335374410001275,cell_carpet,0.001990014537611744,0.3208024688337393,0.16403448852456634,0.5131730281040826,cell_carpet,0.0070644587892770595,0.29807074828460967,0.1496224144383907,0.5452423784877225
grass,hourglass,-30,-0.5235987755982988,6.663605051664754,4.684526087511162,cell_carpet,0.001578392625645311,0.38038910794174413,0.21001520243950828,0.40801729699310224,cell_carpet,0.004321425707461186,0.3392299281131769,0.1798188084389495,0.4766298377404124
grass,straight,0,0.0,9.223880597014924,9.223880597014924,rubber_carpet,0.051691534725974625,0.07505870142329645,0.8215582290542622,0.05169153479646656,rubber_carpet,0.051691534725974625,0.07505870142329645,0.8215582290542622,0.05169153479646656
grass,straight,0,0.0,6.823191733639495,8.02353616532721,rubber_carpet,0.018202922601495294,0.11074347490416933,0.8528504815359975,0.01820312095833787,rubber_carpet,0.03494722866373497,0.0929010881637329,0.83720435529513,0.03494732787740222
grass,straight,0,0.0,5.239954075774971,7.095675468809797,rubber_carpet,0.008797618453534944,0.20389828545947344,0.7784784716784189,0.00882562440857279,rubber_carpet,0.021872423558634956,0.14839968681160318,0.8078414134867744,0.021886476142987506
grass,straight,0,0.0,5.1768082663605055,6.615958668197473,rubber_carpet,0.006301242067397601,0.2675137275152029,0.7196391067015314,0.006545923715868113,rubber_carpet,0.014086832813016275,0.20795670716340298,0.7637402600941527,0.014216199929427806
grass,straight,0,0.0,3.903559127439725,6.073478760045925,rubber_carpet,0.004504988671166555,0.34333160488640957,0.6455857771647889,0.006577629277634832,rubber_carpet,0.009295910742091417,0.27564415602490633,0.704663018629471,0.01039691460353132
grass,straight,0,0.0,4.39150401836969,5.793149636433218,rubber_carpet,0.003858874666101198,0.38079034066527884,0.605999858858144,0.009350925810475858,rubber_carpet,0.006577392704096308,0.3282172483450926,0.6553314387438075,0.00987392020700359
grass,straight,0,0.0,4.285878300803674,5.577825159914712,rubber_carpet,0.003454235967417227,0.4071119831770964,0.5750511495391413,0.01438263131634504,rubber_carpet,0.005015814335756768,0.36766461576109455,0.6151912941414744,0.012128275761674316
grass,straight,0,0.0,3.876004592422503,5.365097588978186,rubber_carpet,0.0031142788988843518,0.4296689196801433,0.5436430147095517,0.023573786711420745,rubber_carpet,0.004065046617320559,0.3986667677206188,0.579417154425513,0.017851031236547528
grass,straight,0,0.0,3.4477611940298507,5.152060211761704,rubber_carpet,0.0028188673633659793,0.44725940126435954,0.5107872993606326,0.039134432011642,rubber_carpet,0.00344195699034327,0.42296308449248926,0.5451022268930729,0.028492731624094766
grass,straight,0,0.0,3.319173363949484,4.495981630309988,grass,0.002080639323265154,0.45233914671010195,0.39593810679099994,0.14964210717563287,rubber_carpet,0.0027612981568042117,0.4376511156012956,0.4705201668420364,0.08906741939986382
grass,straight,0,0.0,3.1377726750861075,4.086490623804057,grass,0.0018035753475192766,0.4133160040778604,0.31838428479147074,0.2664961357831497,grass,0.002282436752161744,0.425483559839578,0.39445222581675354,0.17778177759150676
grass,straight,0,0.0,2.752009184845006,3.810052302589616,grass,0.0021918809790517713,0.3762926410005291,0.27038657399724486,0.3511289040231742,grass,0.0022371588656067577,0.4008881004200535,0.3324193999069992,0.26445534080734046
grass,straight,0,0.0,2.9058553386911594,3.557724199515244,cell_carpet,0.004593868606979843,0.34134378877668137,0.23291104362548462,0.4211512989908542,grass,0.003415513736293301,0.3711159445983675,0.282665221766242,0.34280331989909735
grass,straight,0,0.0,3.739380022962112,3.539482076795509,cell_carpet,0.004939970617678901,0.33887766051412865,0.23046582019476303,0.42571654867342934,cell_carpet,0.004177742176986101,0.3549968025562481,0.2565655209805025,0.38425993428626337
grass,straight,0,0.0,2.895522388059702,3.373261895649956,cell_carpet,0.010134894837824258,0.31700851587551004,0.20976866166369318,0.46308792762297263,cell_carpet,0.0071563185074051796,0.3360026592158791,0.23316709132209784,0.423673930954618
grass,straight,0,0.0,3.1205510907003444,3.243781094527363,cell_carpet,0.018146203528176974,0.30067591237362323,0.19542208869699473,0.48575579540120506,cell_carpet,0.012651261017791076,0.3183392857947511,0.2142945900095463,0.45471486317791154
grass,straight,0,0.0,3.529276693455798,3.2052557724199517,cell_carpet,0.021528481389620175,0.29589735444101717,0.19140159471054466,0.49117256945881793,cell_carpet,0.017089871203705625,0.30711832011788415,0.20284809236004547,0.47294371631836474
grass,straight,0,0.0,2.907003444316877,3.1451715780073988,cell_carpet,0.027974527907407294,0.2884762598902871,0.18531603368844624,0.4982331785138594,cell_carpet,0.022532199555556458,0.2977972900040856,0.19408206302424585,0.48558844741611207
grass,straight,0,0.0,3.5373134328358207,3.169409363439214,cell_carpet,0.025189057482146532,0.29146772230882245,0.18774605187000426,0.49559716833902673,cell_carpet,0.023860628518851495,0.29463250615645403,0.19091405744712506,0.4905928078775694
grass,straight,0,0.0,2.815154994259472,3.133562954458477,cell_carpet,0.02940373406497425,0.2870433413454665,0.18416303398156614,0.499389890607993,cell_carpet,0.026632181291912877,0.29083792375096035,0.1875385457143456,0.49499134924278126
grass,straight,0,0.0,0.2055109070034443,2.85061870136497,cell_carpet,0.0891547401287837,0.25089906600716666,0.15725440101016322,0.5026917928538864,cell_carpet,0.05789346071034829,0.2708684948790635,0.17239647336225442,0.4988415710483338
grass,straight,0,0.0,5.38691159586682,3.1262916188289323,cell_carpet,0.030331633099582183,0.28614549345219403,0.18344418941505655,0.5000786840331672,cell_carpet,0.04411254690496524,0.27850699416562874,0.17792033138865548,0.49946012754075053
grass,straight,0,0.0,4.343283582089552,3.193392014287537,cell_carpet,0.022682259264164385,0.2944300666147638,0.19018312518081149,0.4927045489402603,cell_carpet,0.03339740308456482,0.2864685303901963,0.1840517282847335,0.49608233824050546
grass,straight,0,0.0,3.879448909299655,3.3027171833141984,cell_carpet,0.01392927262889857,0.30804738515208363,0.20178122183919986,0.47624212037981795,cell_carpet,0.023663337856731696,0.29725795777113995,0.19291647506196669,0.48616222931016173
grass,straight,0,0.0,3.1343283582089554,3.3042479908151545,cell_carpet,0.013833498832821171,0.3082401019393916,0.2019500298931386,0.4759763693346487,cell_carpet,0.018748418344776432,0.30274902985526575,0.19743325247755264,0.4810692993224052
grass,straight,0,0.0,3.72675086107922,3.3261895649955355,cell_carpet,0.012530055143179251,0.3110103705812569,0.20439102214466368,0.47206855213090015,cell_carpet,0.015639236743977842,0.30687970021826133,0.20091213731110816,0.47656892572665266
grass,straight,0,0.0,2.8725602755453505,3.322362546243143,cell_carpet,0.012748291110304273,0.3105260785802473,0.20396234987324105,0.4727632804362074,cell_carpet,0.014193763927141057,0.3087028893992543,0.2024372435921746,0.47466610308143004
grass,straight,0,0.0,2.1090700344431683,3.1636688353106264,cell_carpet,0.025825201867041965,0.2907591272886189,0.18716763688333385,0.4962480339610052,cell_carpet,0.02000948289709151,0.2997310083439366,0.19480244023775423,0.4854570685212176
grass,straight,0,0.0,3.4328358208955225,3.2323000382701874,cell_carpet,0.01909828663024988,0.299249210315586,0.19421333527753415,0.48743916777663004,cell_carpet,0.019553884763670697,0.2994901093297613,0.1945078877576442,0.48644811814892386
grass,straight,0,0.0,2.8932261768082665,3.530935068248501,cell_carpet,0.005114051337813599,0.3377264462389215,0.22933235906728053,0.42782714335598443,cell_carpet,0.012333968050742147,0.3186082777843414,0.21192012341246236,0.45713763075245417
grass,straight,0,0.0,2.904707233065442,3.2551345834927923,cell_carpet,0.017248854586516617,0.3020893800862026,0.19662666952103922,0.4840350958062416,cell_carpet,0.014791411318629382,0.31034882893527205,0.2042733964667508,0.4705863632793479
grass,straight,0,0.0,3.401836969001148,3.1505294042607472,cell_carpet,0.027336047536017958,0.28913749886746665,0.18585049562570885,0.49767595797080655,cell_carpet,0.02106372942732367,0.29974316390136935,0.19506194604622984,0.4841311606250772
grass,straight,0,0.0,3.723306544202067,3.1331802525832377,cell_carpet,0.029451936228954395,0.2869960934229608,0.18412513661800314,0.4994268337300816,cell_carpet,0.02525783282813903,0.2933696286621651,0.18959354133211648,0.49177899717757945
grass,straight,0,0.0,3.329506314580941,3.1548666921801254,cell_carpet,0.02682877071986018,0.28967277539009667,0.18628425562985332,0.4972141982601899,cell_carpet,0.026043301773999605,0.29152120202613085,0.18793889848098488,0.49449659771888466
grass,straight,0,0.0,2.703788748564868,3.0412042352340856,cell_carpet,0.04324441527120694,0.2755852284425463,0.1751945605478839,0.5059757957383628,cell_carpet,0.03464385852260327,0.2835532152343386,0.1815667295144344,0.5002361967286237
grass,straight,0,0.0,3.2537313432835817,3.083556576093889,cell_carpet,0.03632332267547113,0.2808581240975966,0.17926688459146392,0.5035516686354684,cell_carpet,0.035483590599037204,0.2822056696659676,0.18041680705294916,0.5018939326820461
grass,straight,0,0.0,3.0436280137772678,3.1873963515754564,cell_carpet,0.023286675561012042,0.2936890789602978,0.18957065309022914,0.4934535923884611,cell_carpet,0.029385133080024623,0.28794737431313266,0.18499373007158915,0.4976737625352536
grass,straight,0,0.0,3.2858783008036743,3.171067738231917,cell_carpet,0.02500793770360185,0.29167245097648137,0.18791349419728262,0.4954061171226341,cell_carpet,0.027196535391813235,0.28980991264480704,0.1864536121344359,0.49653993982894384
grass,straight,0,0.0,3.616532721010332,3.251435132032147,cell_carpet,0.017536529045778952,0.30162850909718125,0.19623313756674193,0.48460182429029786,cell_carpet,0.022366532218796094,0.2957192108709942,0.19134337485058892,0.49057088205962085
grass,straight,0,0.0,2.587830080367394,3.216226559510142,cell_carpet,0.020509954520634106,0.29725574174966896,0.19253634866898775,0.4896979550607092,cell_carpet,0.0214382433697151,0.29648747631033157,0.19193986175978833,0.49013441856016504
grass,straight,0,0.0,3.971297359357061,3.279499936216354,cell_carpet,0.015463645473538819,0.30513281023186795,0.19924412382787768,0.48015942046671556,cell_carpet,0.01845094442162696,0.3008101432710998,0.195591992793833,0.4851469195134403
grass,straight,0,0.0,3.741676234213548,3.281541012884296,cell_carpet,0.015322433904430268,0.3053884368957086,0.19946545089885326,0.4798236783010079,cell_carpet,0.016886689163028615,0.3030992900834042,0.19752872184634312,0.48248529890722414
grass,straight,0,0.0,3.300803673938003,3.278351830590637,cell_carpet,0.015543628021567087,0.3049890687376383,0.19911977005309392,0.4803475331877007,cell_carpet,0.01621515859229785,0.30404417941052125,0.19832424594971854,0.48141641604746244
grass,straight,0,0.0,3.6532721010332954,3.3838499808649063,cell_carpet,0.009664297394654556,0.31836882955467516,0.21100589073411238,0.46096098231655797,cell_carpet,0.012939727993476202,0.31120650448259823,0.20466506834191545,0.47118869918201023
grass,straight,0,0.0,3.747416762342136,3.438703916315857,cell_carpet,0.007572235982827381,0.3254863712021656,0.21758652084441113,0.4493548719705958,cell_carpet,0.010255981988151792,0.3183464378423819,0.21112579459316327,0.460271785576303
grass,straight,0,0.0,3.4557979334098734,3.4845005740528125,cell_carpet,0.006208219465013088,0.3315214976387349,0.22330902096295435,0.4389612619332978,cell_carpet,0.00823210072658244,0.3249339677405584,0.2172174077780588,0.44961652375480043
grass,straight,0,0.0,3.163030998851894,3.470850873835948,cell_carpet,0.006582583869832957,0.32971383231906237,0.22158109328753006,0.4421224905235746,cell_carpet,0.007407342298207698,0.3273239000298104,0.21939925053279444,0.4458695071391875
grass,straight,0,0.0,2.546498277841561,3.351958157928307,cell_carpet,0.01115507796458902,0.3142841535547954,0.20731043775451374,0.4672503307261019,cell_carpet,0.009281210131398359,0.3208040267923029,0.21335484414365408,0.4565599189326447
grass,straight,0,0.0,2.896670493685419,3.386273759408088,cell_carpet,0.009559824130279544,0.3186808276405633,0.21129058065223064,0.46046876757692656,cell_carpet,0.00942051713083895,0.3197424272164331,0.21232271239794237,0.45851434325478563
grass,straight,0,0.0,2.618828932261768,3.235999489730833,cell_carpet,0.0187864961505795,0.2997086522164794,0.19460181181169647,0.4869030398212446,cell_carpet,0.014103506640709225,0.3097255397164562,0.20346226210481944,0.4727086915380151
grass,straight,0,0.0,2.524684270952928,3.100778160479653,cell_carpet,0.03379484584221226,0.28299166628567496,0.18094105127948296,0.5022724365926299,cell_carpet,0.023949176241460743,0.2963586030010656,0.1922016566921512,0.4874905640653225
grass,straight,0,0.0,3.192881745120552,3.088786835055492,cell_carpet,0.03553862129756684,0.2815065965329609,0.17977410679560207,0.5031806753738702,cell_carpet,0.02974389876951379,0.28893259976701324,0.18598788174387665,0.4953356197195964
grass,straight,0,0.0,3.3949483352468426,3.0600841944125525,cell_carpet,0.04003154686968786,0.2779411913763192,0.17700273134202785,0.5050245304119653,cell_carpet,0.03488772281960083,0.2834368955716662,0.18149530654295226,0.5001800750657808
grass,straight,0,0.0,3.07577497129736,2.9854573287409107,cell_carpet,0.054020312520064714,0.2685591415800702,0.16990787419422523,0.5075126717056399,cell_carpet,0.04445401766983277,0.2759980185758682,0.17570159036858873,0.5038463733857104
grass,straight,0,0.0,3.431687715269805,2.9827784156142365,cell_carpet,0.05458931220735061,0.26821832630519504,0.1696553437689436,0.5075370177185108,cell_carpet,0.04952166493859169,0.27210817244053165,0.17267846706876616,0.5056916955521106
grass,straight,0,0.0,3.2319173363949485,2.9904324531190203,cell_carpet,0.05297646232536469,0.2691912233838643,0.17037715903077819,0.5074551552599929,cell_carpet,0.05124906363197819,0.27064969791219795,0.17152781304977216,0.5065734254060517
grass,straight,0,0.0,2.8714121699196324,3.0265339966832503,cell_carpet,0.045888930720216464,0.27374728207731647,0.17379650447446154,0.5065672827280054,cell_carpet,0.048568997176097334,0.27219848999475726,0.17266215876211688,0.5065703540670287
grass,straight,0,0.0,3.35361653272101,3.077305778798316,cell_carpet,0.03728073607211337,0.2800824622327164,0.17866203430879152,0.5039747673863787,cell_carpet,0.04292486662410536,0.2761404761137368,0.1756620965354542,0.5052725607267037
grass,straight,0,0.0,4.175660160734788,3.2502870264064296,cell_carpet,0.01762672828466193,0.3014855408066348,0.1961112101533879,0.48477652075531535,cell_carpet,0.030275797454383642,0.2888130084601858,0.18588665334442106,0.49502454074100954
grass,straight,0,0.0,3.213547646383468,3.326827401454268,cell_carpet,0.012494046385713532,0.31109113266733474,0.20446258905044482,0.4719522318965069,cell_carpet,0.021384921920048587,0.2999520705637603,0.19517462119743295,0.48348838631875823
grass,straight,0,0.0,3.400688863375431,3.349917081260365,cell_carpet,0.01125819127098603,0.31402400173232076,0.20707706723219993,0.46764073976449333,cell_carpet,0.01632155659551731,0.3069880361480405,0.20112584421481644,0.47556456304162575
grass,straight,0,0.0,3.275545350172216,3.3366500829187395,cell_carpet,0.011952411156148243,0.31233658431095,0.20556914116330546,0.4701418633695963,cell_carpet,0.014136983875832777,0.30966231022949525,0.20334749268906094,0.472853213205611
grass,straight,0,0.0,3.1228473019517797,3.341880341880342,cell_carpet,0.011673701018662391,0.3130010845928835,0.20616176305081596,0.46916345133763815,cell_carpet,0.012905342447247583,0.3113316974111894,0.20475462786993845,0.4710083322716246
grass,straight,0,0.0,3.3375430539609643,3.331419823957137,cell_carpet,0.012237818398630149,0.31167301830530303,0.20497890128202467,0.47111026201404216,cell_carpet,0.012571580422938867,0.3115023578582462,0.20486676457598157,0.47105929714283334
grass,straight,0,0.0,2.5648679678530426,3.257303227452481,cell_carpet,0.01708230701480442,0.3023596871845448,0.19685782802021914,0.48370017778043156,cell_carpet,0.014826943718871643,0.3069310225213955,0.20086229629810037,0.4773797374616324
grass,straight,0,0.0,3.663605051664753,3.3453246587574945,cell_carpet,0.011493754244039053,0.3134391999910355,0.20655333719803504,0.4685137085668904,cell_carpet,0.013160348981455348,0.3101851112562155,0.2037078167480677,0.47294672301426144
grass,straight,0,0.0,3.404133180252583,3.350937619594336,cell_carpet,0.011206513840405179,0.3141540590916697,0.20719370607753057,0.4674457209903944,cell_carpet,0.012183431410930265,0.31216958517394267,0.20545076141279917,0.47019622200232797
grass,straight,0,0.0,3.869115958668197,3.3168771526980483,cell_carpet,0.013067704048056083,0.3098327550115844,0.20335008643893543,0.4737494545014242,cell_carpet,0.012625567729493175,0.3110011700927635,0.2044004239258673,0.4719728382518761
grass,straight,0,0.0,2.7669345579793343,3.2672534762087,cell_carpet,0.016337591690469347,0.3036013156225817,0.19792292414807375,0.48213816853887526,cell_carpet,0.014481579709981261,0.3073012428576726,0.20116167403697052,0.47705550339537567
grass,straight,0,0.0,3.1354764638346726,3.237785431815282,cell_carpet,0.018637692204347592,0.29993054283065657,0.1947896942813032,0.48664207068369275,cell_carpet,0.016559635957164427,0.30361589284416457,0.19797568415913686,0.4818487870395342
grass,straight,0,0.0,4.227324913892078,3.343538716673045,cell_carpet,0.01158670678812938,0.31321197737380874,0.20635016830590192,0.46885114753216,cell_carpet,0.014073171372646904,0.3084139351089866,0.20216292623251939,0.4753499672858471
grass,straight,0,0.0,2.8760045924225026,3.31611174894757,cell_carpet,0.013112899911828619,0.30973608876977865,0.20326485603109679,0.473886155287296,cell_carpet,0.013593035642237761,0.30907501193938264,0.2027138911318081,0.4746180612865716
grass,straight,0,0.0,3.6291618828932255,3.3485138410511546,cell_carpet,0.011329643880855956,0.3138452332574587,0.20691684012177464,0.46790828273991064,cell_carpet,0.012461339761546859,0.3114601225984207,0.20481536562679137,0.4712631720132411
grass,straight,0,0.0,3.260619977037887,3.4258196198494706,cell_carpet,0.008015084999884257,0.3238037945938823,0.21601456038183656,0.4521665600243968,cell_carpet,0.01023821238071556,0.31763195859615156,0.21041496300431398,0.461714866018819
grass,straight,0,0.0,2.8645235361653274,3.3370327847939785,cell_carpet,0.011931792237894775,0.31238517441324715,0.20561242271479055,0.4700706106340676,cell_carpet,0.011085002309305168,0.3150085665046993,0.20801369285955226,0.4658927383264433
grass,straight,0,0.0,2.8978185993111367,3.280775609133818,cell_carpet,0.015375241715319548,0.3052925638994885,0.19938241512486957,0.47994977926032234,cell_carpet,0.013230122012312358,0.31015056520209394,0.20369805399221091,0.4729212587933828
grass,straight,0,0.0,2.7646383467278994,3.158055874473785,cell_carpet,0.026461178658524844,0.29006636701097327,0.186603836088453,0.4968686182420489,cell_carpet,0.019845650335418602,0.30010846610653363,0.19515094504033195,0.48489493851771587
grass,straight,0,0.0,2.772675086107922,3.158693710932517,cell_carpet,0.02638820562940853,0.29014508676425327,0.1866678179096153,0.496798889696723,cell_carpet,0.023116927982413566,0.2951267764353934,0.19090938147497363,0.4908469141072194
grass,straight,0,0.0,3.6865671641791047,3.219926010970787,cell_carpet,0.020176693475195493,0.29771418795060756,0.19292077900317825,0.48918833957101865,cell_carpet,0.02164681072880453,0.2964204821930005,0.19191508023907594,0.49001762683911904
grass,straight,0,0.0,3.198622273249139,3.105625717566016,cell_carpet,0.03311136312742924,0.28359143478823007,0.1814144613882292,0.5018827406961116,cell_carpet,0.027379086928116886,0.2900059584906153,0.18666477081365257,0.49595018376761535
grass,straight,0,0.0,3.1607347876004592,3.137262405919122,cell_carpet,0.02894137834952283,0.28750003701606,0.18452974466676003,0.49902883996765707,cell_carpet,0.02816023263881986,0.2887529977533376,0.1855972577402063,0.49748951186763624
grass,straight,0,0.0,3.149253731343284,3.0839392779691286,cell_carpet,0.036265401647784516,0.2809055897495123,0.1793039632527526,0.5035250453499506,cell_carpet,0.03221281714330219,0.28482929375142496,0.18245061049647945,0.5005072786087934
grass,straight,0,0.0,3.200918484500574,3.0773057787983165,cell_carpet,0.037280736072113296,0.28008246223271643,0.17866203430879157,0.5039747673863787,cell_carpet,0.03474677660770774,0.2824558779920707,0.18055632240263553,0.502241022997586
grass,straight,0,0.0,3.463834672789897,3.1438959050899355,cell_carpet,0.028128496923601653,0.28831881569083984,0.18518899890813176,0.49836368847742674,cell_carpet,0.0314376367656547,0.2853873468414553,0.18287266065538366,0.5003023557375064
grass,straight,0,0.0,2.879448909299656,3.1418548284219927,cell_carpet,0.02837642017184932,0.2880668974117553,0.18498591557128083,0.49857076684511453,cell_carpet,0.02990702846875201,0.28672712212660534,0.18392928811333228,0.4994365612913105
grass,straight,0,0.0,3.4890929965556827,3.2223497895139688,cell_carpet,0.01996108744888658,0.2980146635152227,0.19317314251009537,0.4888511065257953,cell_carpet,0.024934057958819297,0.292370892820914,0.18855121531171382,0.4941438339085529
grass,straight,0,0.0,3.215843857634902,3.271590764128077,cell_carpet,0.016022778142785528,0.304143285127422,0.19838953313292182,0.4814444035968707,cell_carpet,0.020478418050802413,0.298257088974168,0.19347037422231783,0.4877941187527118
grass,straight,0,0.0,3.060849598163031,3.202066590126292,cell_carpet,0.021833211103063972,0.29550276635563405,0.1910731791991289,0.491590843342173,cell_carpet,0.02115581457693319,0.296879927664901,0.19227177671072337,0.4896924810474424
grass,straight,0,0.0,2.8323765786452357,3.1613726240591915,cell_carpet,0.026083691554356542,0.29047571730826427,0.18693678289017585,0.4965038082472034,cell_carpet,0.023619753065644865,0.29367782248658264,0.1896042798004496,0.49309814464732293
grass,straight,0,0.0,3.2686567164179103,3.1733639494833525,cell_carpet,0.02475910264909676,0.29195594231558636,0.18814559561095384,0.49513935942436305,cell_carpet,0.024189427857370813,0.2928168824010845,0.18887493770570174,0.494118752035843
grass,straight,0,0.0,3.570608495981631,3.22018114555428,cell_carpet,0.02015389648589153,0.29774581262211525,0.1929473250437233,0.48915296584827,cell_carpet,0.02217166217163117,0.29528134751159985,0.19091113137471252,0.4916358589420565
grass,straight,0,0.0,3.613088404133181,3.265977803291236,cell_carpet,0.016431305663980777,0.30344200089766055,0.19778595802054616,0.48234073541781247,cell_carpet,0.01930148391780597,0.2993616742046302,0.19434854469762936,0.4869882971799345
grass,straight,0,0.0,2.838117106773824,3.19645362928945,cell_carpet,0.022379193855279943,0.2948085752852088,0.19049672664976885,0.4923155042097424,cell_carpet,0.020840338886542957,0.29708512474491955,0.1924226356736991,0.48965190069483844
grass,straight,0,0.0,2.2824339839265213,3.130118637581324,cell_carpet,0.02984008305882907,0.28661808287516577,0.18382221295363896,0.4997196211123662,cell_carpet,0.025340210972686013,0.29185160381004266,0.18812242431366905,0.4946857609036023
grass,straight,0,0.0,2.513203214695752,3.021686439596887,cell_carpet,0.04679204195961304,0.2731383882255791,0.17333573627591814,0.5067338335388898,cell_carpet,0.036066126466149526,0.2824949960178109,0.1807290802947936,0.500709797221246
grass,straight,0,0.0,2.923076923076924,2.989156780201556,cell_carpet,0.05324252835420389,0.2690292564661353,0.17025679135894475,0.507471423820716,cell_carpet,0.044654327410176706,0.2757621262419731,0.17549293582686917,0.504090610520981
grass,straight,0,0.0,2.7439724454649825,2.953948207679551,cell_carpet,0.06102653599190381,0.2645285074359356,0.16694361708161656,0.507501339490544,cell_carpet,0.05284043170104026,0.2701453168389544,0.17121827645424287,0.5057959750057626
grass,straight,0,0.0,2.957520091848449,2.9678530424799083,cell_carpet,0.057849445156103636,0.2663132952679563,0.16825024638082398,0.5075870131951162,cell_carpet,0.05534493842857195,0.2682293060534553,0.16973426141753342,0.5066914941004395
grass,straight,0,0.0,4.012629161882892,3.050516647531573,cell_carpet,0.04163337505262371,0.27674851295034325,0.17608509163644603,0.505533020360587,cell_carpet,0.04848915674059783,0.2724889095018993,0.17290967652698974,0.5061122572305132
grass,straight,0,0.0,3.807118254879449,3.07679550963133,cell_carpet,0.03735984388757507,0.2800191093493072,0.1786127217317971,0.5040083250313205,cell_carpet,0.042924500314086456,0.27625400942560324,0.17576119912939342,0.5050602911309169
grass,straight,0,0.0,3.2835820895522385,3.0401836969001144,cell_carpet,0.04342412955451798,0.27545759082265986,0.17509711843036632,0.5060211611924559,cell_carpet,0.04317431493430222,0.2758558001241316,0.17542915877987986,0.5055407261616864
grass,straight,0,0.0,3.095292766934558,3.0687587702513075,cell_carpet,0.038624970556860566,0.27902058652541345,0.1778372637173721,0.5045171792003538,cell_carpet,0.04089964274558139,0.2774381933247725,0.17663321124862597,0.5050289526810201
grass,straight,0,0.0,3.634902411021815,3.2190330399285623,cell_carpet,0.020256671904913544,0.29760350951620806,0.1928279021016278,0.4893119164772506,cell_carpet,0.030578157325247466,0.2875208514204903,0.1847305566751269,0.49717043457913535
grass,straight,0,0.0,2.7014925373134324,3.239954075774971,cell_carpet,0.018458490908884982,0.30020006329179294,0.1950181388255199,0.48632330697380216,cell_carpet,0.024518324117066226,0.29386045735614164,0.1898743477503234,0.4917468707764687
grass,straight,0,0.0,3.311136624569461,3.283071820385253,cell_carpet,0.015217343577547367,0.30558023000959966,0.1996316600487892,0.47957076636406376,cell_carpet,0.019867833847306796,0.29972034368287065,0.1947530038995563,0.48565881857026627
grass,straight,0,0.0,2.994259471871412,3.3108814899859675,cell_carpet,0.013425903509420108,0.30907603041572007,0.20268376085461529,0.4748143052202446,cell_carpet,0.01664686867836345,0.30439818704929533,0.19871838237708578,0.48023656189525543
grass,straight,0,0.0,3.18369690011481,3.3360122464600077,cell_carpet,0.011986855723563054,0.3122556119204789,0.20549703358078442,0.4702604987751736,cell_carpet,0.014316862200963253,0.3083268994848871,0.2021077079789351,0.4752485303352145
grass,straight,0,0.0,2.5350172215843854,3.1718331419823955,cell_carpet,0.024924742172633657,0.2917669452825213,0.18799082791973676,0.4953174846251084,cell_carpet,0.019620802186798455,0.30004692238370423,0.1950492679493359,0.48528300748016145
grass,straight,0,0.0,3.191733639494833,3.103457073606327,cell_carpet,0.03341562455159675,0.28332315463700786,0.18120255083823644,0.502058669973159,cell_carpet,0.026518213369197602,0.29168503851035604,0.18812590939378618,0.4936708387266602
grass,straight,0,0.0,2.77382319173364,3.0468171960709274,cell_carpet,0.04226718214320292,0.2762866838092539,0.17573101780839032,0.5057151162391529,cell_carpet,0.03439269775620026,0.28398586115980495,0.18192846360108825,0.49969297748290653
grass,straight,0,0.0,2.0103329506314584,2.926266105370583,cell_carpet,0.06776597125200479,0.2609437970350017,0.1643470094396532,0.5069432222733404,cell_carpet,0.05107933450410253,0.2724648290974033,0.17313773652037073,0.5033180998781235
grass,straight,0,0.0,2.2675086107921927,2.7743334609006247,cell_carpet,0.11539395001399444,0.24034022724890602,0.1500538409987941,0.49421198173830544,cell_carpet,0.08323664225904848,0.2564025281731547,0.16159578875958241,0.4987650408082145
grass,straight,0,0.0,2.6406429391504016,2.767572394438066,cell_carpet,0.11795211861940566,0.23938197775028253,0.14941167127430333,0.4932542323560084,cell_carpet,0.10059438043922707,0.2478922529617186,0.15550373001694287,0.49600963658211145
grass,straight,0,0.0,2.5476463834672787,2.6827401454267124,cell_carpet,0.15324623840873694,0.22704744728895979,0.14128883849477003,0.47841747580753324,cell_carpet,0.126920309423982,0.2374698501253392,0.14839628425585644,0.4872135561948223
grass,straight,0,0.0,2.986222732491389,2.681847174384488,cell_carpet,0.15364862546029004,0.22691463880784618,0.1412026953003218,0.478234040431542,cell_carpet,0.14028446744213602,0.2321922444665927,0.14479948977808912,0.48272379831318213
grass,straight,0,0.0,3.4179104477611943,2.7078709019007525,cell_carpet,0.14218109942576154,0.23076041992175256,0.14370785165240513,0.4833506290000808,cell_carpet,0.1412327834339488,0.23147633219417263,0.14425367071524714,0.48303721365663144
grass,straight,0,0.0,2.975889781859931,2.7568567419313688,cell_carpet,0.12208438051519106,0.23785564546388668,0.1483923606105292,0.49166761341039295,cell_carpet,0.13165858197456992,0.23466598882902967,0.1463230156628882,0.4873524135335122
grass,straight,0,0.0,2.826636050516648,2.716290343156015,cell_carpet,0.13858729753403748,0.2319934884452552,0.14451592523443352,0.48490328878627387,cell_carpet,0.1351229397543037,0.23332973863714243,0.14541947044866085,0.48612785115989304
grass,square,0,0.0,5.247990815154994,5.247990815154994,rubber_carpet,0.0029471604316332065,0.4400690359936715,0.525797358123106,0.031186445451589377,grass,0.06903505009296845,0.33669938731540694,0.33560841428588345,0.2586571483057412
grass,square,0,0.0,5.234213547646384,5.241102181400689,rubber_carpet,0.0029377059114707397,0.44062764903842594,0.5247321141532852,0.031702530896818085,rubber_carpet,0.0359863780022196,0.38866351817691647,0.4301702642195844,0.14517983960127964
grass,square,0,0.0,4.856486796785304,5.11289705319556,rubber_carpet,0.0027684429320806382,0.4498085227091726,0.5045435273598714,0.04287950699887523,rubber_carpet,0.01937741046715012,0.41923602044304453,0.4673568957897279,0.09402967330007744
grass,square,0,0.0,3.47646383467279,4.703788748564868,grass,0.0022929501863500307,0.4601211182241261,0.4346001766142441,0.10298575497527984,rubber_carpet,0.010835180326750075,0.4396785693335853,0.450978536201986,0.09850771413767864
grass,square,0,0.0,3.81171067738232,4.525373134328358,grass,0.0021093422972564427,0.453988761129324,0.40149827339543775,0.14240362317798166,grass,0.006472261312003258,0.4468336652314546,0.4262384047987119,0.12045566865783015
grass,square,0,0.0,3.404133180252583,4.338499808649062,grass,0.0019382329151505602,0.4406073824220793,0.36589577440597626,0.1915586102567939,grass,0.00420524711357691,0.443720523826767,0.3960670896023441,0.15600713945731207
grass,square,0,0.0,3.70723306544202,4.24831884533377,grass,0.001870468558904559,0.43188981674387217,0.3486919904651853,0.21754772423203786,grass,0.0030378578362407344,0.4378051702853196,0.3723795400337647,0.18677743184467496
grass,square,0,0.0,3.4626865671641798,4.150114810562572,grass,0.0018180888748772653,0.4210080842575745,0.33017271038674206,0.24700111648080608,grass,0.0024279733555589997,0.42940662727144707,0.3512761252102534,0.2168892741627405
grass,square,0,0.0,2.892078071182549,4.010332950631458,grass,0.0018181846269090102,0.4035828295794866,0.30457568897667536,0.29002329681692907,grass,0.002123078991234005,0.41649472842546686,0.32792590709346436,0.2534562854898348
grass,square,0,0.0,3.145809414466131,3.7767572394438074,grass,0.0023365903183836015,0.37164430295852763,0.2650595161458485,0.36095959057724036,grass,0.0022298346548088035,0.3940695156919972,0.2964927116196564,0.3072079380335376
grass,square,0,0.0,3.339839265212399,3.566271208062253,cell_carpet,0.004443009166599125,0.3425033773936018,0.2340689606747896,0.41898465276500946,grass,0.003336421910703964,0.3682864465427995,0.265280836147223,0.3630962953992735
grass,square,0,0.0,2.9334098737083814,3.35259599438704,cell_carpet,0.011123052789627509,0.3143654814813509,0.2073834422599331,0.46712802346908855,cell_carpet,0.007229737350165737,0.3413259640120752,0.23633213920357804,0.415112159434181
grass,square,0,0.0,2.709529276693456,3.2673810435004462,cell_carpet,0.0163282484731601,0.30361724927556977,0.1979366275336584,0.48211787471761175,cell_carpet,0.01177899291166292,0.3224716066438225,0.21713438336861826,0.4486150170758964
grass,square,0,0.0,2.925373134328358,3.168899094272229,cell_carpet,0.02524502487009752,0.29140473121921223,0.18769456244320104,0.49565568146748923,cell_carpet,0.01851200889088022,0.3069381689315174,0.20241447290590964,0.4721353492716928
grass,square,0,0.0,2.840413318025258,3.106263554024748,cell_carpet,0.03302233664066968,0.2836703296534027,0.18147682592348494,0.5018305077824425,cell_carpet,0.025767172765774952,0.29530424929246,0.19194564941469727,0.4869829285270677
grass,square,0,0.0,3.0562571756601606,3.033932899604541,cell_carpet,0.04453867779474572,0.2746751098127193,0.17450090509063346,0.5062853073019015,cell_carpet,0.03515292528026034,0.2849896795525897,0.18322327725266535,0.4966341179144846
grass,square,0,0.0,3.1182548794489096,2.9956627120806223,cell_carpet,0.0518969672176121,0.26985454382069957,0.17087095458907045,0.5073775343726178,cell_carpet,0.043524946248936214,0.27742211168664466,0.17704711592086791,0.5020058261435512
grass,square,0,0.0,3.708381171067739,3.08636305651231,cell_carpet,0.03590041968825792,0.28120614447387887,0.17953892306669367,0.5033545127711695,cell_carpet,0.03971268296859706,0.2793141280802618,0.1782930194937808,0.5026801694573604
grass,square,0,0.0,3.2032146957520093,3.09274142109963,cell_carpet,0.03495510268076279,0.2819965975570172,0.18015831669384616,0.5028899830683738,cell_carpet,0.03733389282467993,0.2806553628186395,0.17922566809381346,0.5027850762628672
grass,square,0,0.0,3.040183696900115,3.0594463579538207,cell_carpet,0.04013667674430889,0.2778617527365264,0.17694146597626437,0.5050601045429003,cell_carpet,0.03873528478449441,0.27925855777758296,0.17808356703503891,0.5039225904028837
grass,square,0,0.0,9.045924225028704,3.7386146192116345,cell_carpet,0.0025479489844843915,0.36631500845477905,0.2590952142530179,0.3720418283077187,cell_carpet,0.0206416168844894,0.32278678311618103,0.2185893906440284,0.4379822093553012
grass,square,0,0.0,8.610792192881744,4.394310498788111,grass,0.0019860410638470848,0.4453025149284234,0.3765692424091687,0.1761422015985607,grass,0.011313828974168242,0.3840446490223022,0.2975793165265986,0.30706220547693097
grass,square,0,0.0,8.520091848450058,5.015945911468299,rubber_carpet,0.0026479021734202293,0.4550589568219323,0.4887677267696207,0.053525414235026686,grass,0.006980865573794235,0.41955180292211725,0.39317352164810965,0.18029380985597881
grass,square,0,0.0,5.535017221584385,5.315346345197091,rubber_carpet,0.0030417506087611285,0.4342881105809336,0.5361194799274743,0.026550658882830917,rubber_carpet,0.005011308091277682,0.4269199567515254,0.464646500787792,0.10342223436940487
grass,square,0,0.0,4.373134328358209,5.461666028830208,rubber_carpet,0.0032622086845694237,0.4199466712780926,0.5580362708619444,0.01875484917539363,rubber_carpet,0.0041367583879235535,0.423433314014809,0.5113413858248682,0.06108854177239925
grass,square,0,0.0,4.877152698048221,5.657099119785688,rubber_carpet,0.0035952793236573508,0.39775520412708437,0.5865188949727688,0.012130621576489583,rubber_carpet,0.0038660188557904512,0.4105942590709466,0.5489301403988184,0.03660958167444441
grass,square,0,0.0,2.983926521239954,5.57660415869371,rubber_carpet,0.003452129948872482,0.40725258426062616,0.5748737017178154,0.014421584072685874,rubber_carpet,0.0036590744023314668,0.4089234216657864,0.5619019210583169,0.025515582873565142
grass,square,0,0.0,4.12284730195178,5.678785559382574,rubber_carpet,0.003635403018929162,0.39512237499674224,0.5896395022231586,0.011602719761170008,rubber_carpet,0.0036472387106303147,0.4020228983312643,0.5757707116407378,0.018559151317367576
grass,square,0,0.0,4.491389207807118,5.840030616150019,rubber_carpet,0.003956654520446199,0.37472520567195716,0.6126664719559379,0.008651667851658579,rubber_carpet,0.0038019466155382576,0.38837405200161085,0.5942185917983379,0.013605409584513081
grass,square,0,0.0,4.024110218140069,5.282051282051282,rubber_carpet,0.0029944961747937057,0.4372165996534637,0.5310377614988947,0.02875114267284771,rubber_carpet,0.0033982213951659814,0.4127953258275373,0.5626281766486163,0.021178276128680396
grass,square,0,0.0,3.0424799081515506,4.66334991708126,grass,0.0022500820605871018,0.4593218617604779,0.4272134758966017,0.11121458028233332,rubber_carpet,0.0028241517278765416,0.4360585937940076,0.494920826272609,0.06619642820550686
grass,square,0,0.0,2.340987370838117,3.9767827529021553,grass,0.0018400656091716473,0.39914887752984174,0.2986170376194659,0.30039401924152076,grass,0.0023321086685240944,0.41760373566192466,0.39676893194603746,0.1832952237235138
grass,square,0,0.0,2.6371986222732486,3.654802908534253,cell_carpet,0.003236937749209238,0.35465126278697084,0.2465262002685393,0.39558559919528075,grass,0.0027845232088666663,0.3861274992244478,0.3216475661072884,0.28944041145939725
grass,square,0,0.0,2.579793340987371,3.4555427988263805,cell_carpet,0.007034161379475195,0.3276955213010128,0.21966589833716582,0.4456044189823462,cell_carpet,0.00490934229417093,0.35691151026273027,0.2706567322222271,0.3675224152208717
grass,square,0,0.0,3.107921928817451,3.2589616022451846,cell_carpet,0.016955980164403372,0.302566464533689,0.19703483082360523,0.48344272447830244,cell_carpet,0.010932661229287152,0.3297389873982096,0.23384578152291616,0.4254825698495871
grass,square,0,0.0,3.4477611940298507,3.3104987881107286,cell_carpet,0.013449093755613995,0.3090277670253661,0.20264133124820483,0.4748818079708151,cell_carpet,0.012190877492450573,0.3193833772117879,0.21824355638556048,0.4501821889102011
grass,square,0,0.0,3.490241102181401,3.240209210358464,cell_carpet,0.018437515285234716,0.30023177756760056,0.1950450364800752,0.48628567066708955,cell_carpet,0.015314196388842644,0.3098075773896942,0.20664429643281784,0.4682339297886453
grass,square,0,0.0,3.336394948335247,3.111876514861589,cell_carpet,0.03224789523632982,0.2843644009313672,0.1820263877931497,0.5013613160391532,cell_carpet,0.023781045812586235,0.29708598916053075,0.19433534211298376,0.4847976229138993
grass,square,0,0.0,2.9402985074626864,2.991452991452991,cell_carpet,0.052764394994214384,0.26932074524208577,0.17047347265380244,0.5074413871098974,cell_carpet,0.03827272040340031,0.28320336720130823,0.18240440738339309,0.49611950501189833
grass,square,0,0.0,2.8461538461538463,2.9696389845643574,cell_carpet,0.057451230295180046,0.26654181802001836,0.16841822483110064,0.507588726853701,cell_carpet,0.04786197534929018,0.2748725926106633,0.17541131610724686,0.5018541159327997
grass,square,0,0.0,9.052812858783009,3.71539737211379,cell_carpet,0.002704663630994751,0.3630744010005801,0.2555387617491595,0.3786821736192656,cell_carpet,0.025283319490142467,0.3189734968056217,0.2154750389282032,0.44026814477603265
grass,square,0,0.0,6.823191733639495,4.180507717821151,grass,0.001831110130949117,0.4245146080068619,0.3358688875578813,0.2377853943043077,grass,0.013557214810545792,0.3717440524062418,0.2756719632430422,0.3390267695401702
grass,square,0,0.0,5.988518943742824,4.559255007016201,grass,0.002143039529213309,0.45566918021950936,0.40787691160208406,0.13431086864919325,grass,0.00785012716987955,0.4137066163128756,0.34177443742256314,0.23666881909468174
grass,square,0,0.0,5.216991963260621,4.793596121954331,grass,0.002390584395932171,0.46066424263497585,0.4507167896235418,0.08622838334555033,grass,0.00512035578290586,0.4371854294739257,0.39624561352305243,0.16144860122011603
grass,square,0,0.0,4.48105625717566,4.908406684526088,rubber_carpet,0.002520460078466426,0.4589558174998173,0.47069866808579275,0.06782505433592344,grass,0.0038204079306861432,0.4480706234868715,0.4334721408044226,0.11463682777801973
grass,square,0,0.0,4.507462686567163,5.021431305013394,rubber_carpet,0.002654570572843777,0.45480421248520064,0.48967297060109305,0.052868246340862624,rubber_carpet,0.00323748925176496,0.4514374179860361,0.4615725557027578,0.08375253705944118
grass,square,0,0.0,3.494833524684271,5.039035591274397,rubber_carpet,0.0026760893919014987,0.4539514711858772,0.4925676890384562,0.0508047503837651,rubber_carpet,0.0029567893218332294,0.45269444458595665,0.477070122370607,0.06727864372160314
grass,square,0,0.0,3.238805970149253,5.07220308712846,rubber_carpet,0.0027171359602926625,0.45220189916374554,0.4979787450464374,0.04710221982952426,rubber_carpet,0.0028369626410629464,0.45244817187485115,0.4875244337085222,0.0571904317755637
grass,square,0,0.0,3.238805970149253,5.115831100905727,rubber_carpet,0.0027721842021687015,0.44962575405045174,0.5050137757938463,0.042588285953533214,rubber_carpet,0.002804573421615824,0.45103696296265144,0.49626910475118424,0.049889358864548455
grass,square,0,0.0,3.071182548794489,4.451205510907004,grass,0.0020379864429936373,0.4494900231732726,0.38742862317001303,0.16104336721372073,grass,0.002421279932304731,0.450263493067962,0.44184886396059864,0.10546636303913459
grass,square,0,0.0,2.647531572904707,3.98724327082536,grass,0.0018320245011897091,0.4005395765217233,0.3004659830842657,0.2971624158928212,grass,0.00212665221674722,0.42540153479484266,0.3711574235224322,0.2013143894659779
grass,square,0,0.0,3.2009184845005745,3.67750988646511,cell_carpet,0.003014394747746155,0.35780010298452697,0.24985753909927744,0.38932796316844936,grass,0.002570523482246688,0.3916008188896848,0.3105074813108548,0.29532117631721366
grass,square,0,0.0,2.6016073478760045,3.38691159586682,cell_carpet,0.00953252905367854,0.3187629699106068,0.21136559055344242,0.4603389104822721,cell_carpet,0.0060515262679626146,0.35518189440014586,0.26093653593214866,0.37783004339974297
grass,square,0,0.0,2.7221584385763498,3.1914785049113403,cell_carpet,0.02287358023641097,0.2941935454774227,0.18998741733036606,0.4929454569558002,cell_carpet,0.014462553252186794,0.3246877199387843,0.22546197663125736,0.4353877501777716
grass,square,0,0.0,2.594718714121699,2.9789513968618446,cell_carpet,0.055410639451822355,0.26773087173732,0.1692947718292918,0.5075637169815658,cell_carpet,0.03493659635200457,0.29620929583805217,0.1973783742302746,0.47147573357966865
grass,square,0,0.0,3.25028702640643,2.951779563719862,cell_carpet,0.06153442329996376,0.26424922881750085,0.16674000176138812,0.5074763461211472,cell_carpet,0.048235509825984166,0.2802292623277765,0.18205918799583137,0.48947603985040794
grass,square,0,0.0,3.65097588978186,2.9975762214568187,cell_carpet,0.051506575331022576,0.27009692837253246,0.1710517313900055,0.5073447649064395,cell_carpet,0.049871042578503375,0.2751630953501545,0.17655545969291844,0.4984104023784237
grass,square,0,0.0,3.313432835820896,3.0058680954203343,cell_carpet,0.04984273518333316,0.2711455028111574,0.17183588706576403,0.5071758749397455,cell_carpet,0.04985688888091827,0.2731542990806559,0.17419567337934122,0.5027931386590846
grass,square,0,0.0,2.363949483352468,2.927286643704554,cell_carpet,0.06750751180227595,0.26107674191293295,0.16444266299696747,0.5069730832878238,cell_carpet,0.05868220034159711,0.26711552049679443,0.16931916818815435,0.5048831109734542
grass,square,0,0.0,6.554535017221584,3.361398137517541,cell_carpet,0.01069058144910616,0.3154893040479518,0.20839463286165352,0.46542548164128855,cell_carpet,0.03468639089535164,0.2913024122723731,0.18885690052490395,0.4851542963073714
grass,square,0,0.0,5.988518943742824,3.671131521877791,cell_carpet,0.0030739052894844902,0.3569145282267488,0.2489161756876519,0.3910953907961149,cell_carpet,0.018880148092418066,0.3241084702495609,0.21888653810627792,0.43812484355174314
grass,square,0,0.0,4.556831228473019,3.888378619721903,grass,0.00196410085918471,0.38715565393994156,0.283341604407379,0.32753864079349465,cell_carpet,0.010422124475801387,0.35563206209475123,0.25111407125682844,0.3828317421726189
grass,square,0,0.0,4.063145809414466,4.037377216481693,grass,0.0018080661160083812,0.40709640953640097,0.309436747219158,0.2816587771284327,grass,0.006115095295904885,0.38136423581557616,0.28027540923799327,0.3322452596505258
grass,square,0,0.0,4.029850746268656,4.196836331164689,grass,0.0018394054094365982,0.42634914513673083,0.33894360147619085,0.23286784797764173,grass,0.0039772503526707415,0.40385669047615347,0.3096095053570921,0.2825565538140838
grass,square,0,0.0,3.599311136624569,4.2356167878555935,grass,0.0018621838247629792,0.4305585000262304,0.3462801259028891,0.22129919024611758,grass,0.0029197170887168603,0.41720759525119194,0.32794481562999056,0.2519278720301007
grass,square,0,0.0,3.929965556831228,4.266615639749968,grass,0.0018830251850966138,0.43376448759415404,0.35217249915961124,0.21217998806113808,grass,0.002401371136906737,0.425486041422673,0.3400586573948009,0.2320539300456194
grass,square,0,0.0,3.242250287026406,4.258706467661692,grass,0.0018775110942302312,0.43296044560946456,0.350667127662149,0.21449491563415618,grass,0.002139441115568484,0.4292232435160688,0.34536289252847496,0.2232744228398878
grass,square,0,0.0,3.579793340987371,4.3938002296211245,grass,0.0019855884894124957,0.445262170129163,0.37647170023293774,0.1762805411484867,grass,0.00206251480249049,0.4372427068226159,0.36091729638070635,0.19977748199418727
grass,square,0,0.0,3.1125143513203217,4.01135348896543,grass,0.0018176890460552388,0.403716450197006,0.3047582140491072,0.2897076467078315,grass,0.0019401019242728645,0.420479578509811,0.33283775521490677,0.24474256435100938
grass,square,0,0.0,3.872560275545351,3.7762469702768207,grass,0.002339077692693415,0.3715730100857686,0.2649787423906182,0.36110916983091973,grass,0.0021395898084831397,0.3960262942977898,0.29890824880276246,0.3029258670909646
grass,square,0,0.0,3.551090700344431,3.6644980227069777,cell_carpet,0.003138244025952415,0.35599439117649556,0.2479417901717319,0.3929255746258201,grass,0.0026389169172177773,0.3760103427371427,0.2734250194872472,0.34792572085839235
grass,square,0,0.0,2.724454649827784,3.5157545605306795,cell_carpet,0.0054432093413166165,0.3356886152605404,0.22733828330398617,0.4315298920941569,cell_carpet,0.004041063129267197,0.35584947899884156,0.2503816513956167,0.3897278064762746
grass,square,0,0.0,3.2078071182548795,3.4244163796402605,cell_carpet,0.008065017549468121,0.32362094802809727,0.21584434546166692,0.4524696889607676,cell_carpet,0.006053040339367659,0.3397352135134694,0.2331129984286418,0.42109874771852107
grass,square,0,0.0,2.3995407577497128,3.291108559765276,cell_carpet,0.014676971619678476,0.3065881952733862,0.20050729083463698,0.4782275422722983,cell_carpet,0.010365005979523067,0.32316170439342784,0.2168101446316394,0.4496631449954097
grass,square,0,0.0,2.8553386911595866,3.171705574690649,cell_carpet,0.02493859066892586,0.2917511960419598,0.18797793665024648,0.4953322766388678,cell_carpet,0.017651798324224463,0.30745645021769386,0.20239404064094293,0.47249771081713876
grass,square,0,0.0,3.295063145809414,3.177573670110984,cell_carpet,0.024308727276484463,0.29247574829102313,0.1885719015008144,0.4946436229316781,cell_carpet,0.020980262800354463,0.29996609925435846,0.19548297107087867,0.4835706668744084
grass,square,0,0.0,3.647531572904707,3.1851001403240207,cell_carpet,0.023522025469732397,0.2934053788918961,0.18933666532821491,0.4937359303101566,cell_carpet,0.02225114413504343,0.2966857390731273,0.19240981819954678,0.4886532985922825
grass,square,0,0.0,3.636050516647531,3.2432708253603777,cell_carpet,0.0181875522561816,0.30061244895742106,0.19536816849679756,0.4858318302895997,cell_carpet,0.020219348195612514,0.2986490940152742,0.19388899334817217,0.4872425644409411
grass,square,0,0.0,9.223880597014924,3.83786197219033,grass,0.0020948555446941106,0.3801651703256469,0.274919769442392,0.34282020468726715,cell_carpet,0.011157101870153313,0.33940713217046053,0.23440438139528208,0.41503138456410416
grass,square,0,0.0,6.535017221584386,4.169409363439214,grass,0.0018259704928856178,0.42324769841223014,0.33378459995231663,0.24114173114256776,grass,0.006491536181519465,0.38132741529134534,0.2840944906737993,0.32808655785333596
grass,square,0,0.0,6.036739380022963,4.537441000127568,grass,0.002121272928400655,0.4546146199040382,0.40377425169050873,0.13948985547705248,grass,0.00430640455496006,0.41797101759769173,0.34393437118215403,0.23378820666519423
grass,square,0,0.0,5.313432835820896,4.7713994131904585,grass,0.0023661404690646956,0.46068658951025354,0.446771965064665,0.09017530495601679,grass,0.003336272512012378,0.43932880355397264,0.3953531681234095,0.1619817558106055
grass,square,0,0.0,4.020665901262916,4.95152442913637,rubber_carpet,0.002570833468112381,0.45764947988692795,0.47801791281404366,0.061761773830915946,grass,0.0029535529900623796,0.4484891417204503,0.43668554046872654,0.11187176482076072
grass,square,0,0.0,3.649827784156143,5.039800995024876,rubber_carpet,0.002677029124894197,0.45391318818073706,0.492693186025211,0.05071659666915776,rubber_carpet,0.0028152910574782883,0.4512011649505937,0.46468936324696875,0.08129418074495924
grass,square,0,0.0,3.924225028702641,5.109707870901901,rubber_carpet,0.002764382877430967,0.45000565031960216,0.5040319253683345,0.04319804143463234,rubber_carpet,0.0027898369674546277,0.45060340763509793,0.48436064430765163,0.06224611108979579
grass,square,0,0.0,3.2571756601607347,5.066334991708126,rubber_carpet,0.0027098247466190175,0.45252482109942915,0.4970254184503762,0.04773993570357565,rubber_carpet,0.0027498308570368226,0.4515641143672635,0.4906930313790139,0.05499302339668572
grass,square,0,0.0,3.970149253731344,5.103457073606327,rubber_carpet,0.002756444808111545,0.45038736233639326,0.5030277815201425,0.04382841133535256,rubber_carpet,0.002753137832574184,0.4509757383518284,0.49686040644957824,0.049410717366019145
grass,square,0,0.0,3.1320321469575205,4.426585023599949,grass,0.002015165553722591,0.44775437457384265,0.3827342056340011,0.16749625423843365,grass,0.002384151693148388,0.44936505646283553,0.4397973060417897,0.1084534858022264
grass,square,0,0.0,3.400688863375431,4.078326317132288,grass,0.0018032380115558919,0.41229778012671436,0.3168869205099992,0.2690120613517305,grass,0.00209369485235214,0.43083141829477495,0.37834211327589445,0.18873277357697846
grass,square,0,0.0,3.505166475315729,3.797040438831484,grass,0.002244458430130033,0.37447711485862434,0.2682915515987993,0.3549868751124464,grass,0.0021690766412410865,0.40265426657669967,0.3233168324373469,0.27185982434471245
grass,square,0,0.0,3.505166475315729,3.596121954330909,cell_carpet,0.003968014778104807,0.3465728868364373,0.23817467263806552,0.41128442574739243,grass,0.003068545709672947,0.3746135767065685,0.2807457525377062,0.34157212504605244
grass,square,0,0.0,2.8725602755453505,3.4685546625845136,cell_carpet,0.006648133318319917,0.3294104794802173,0.2212922925038521,0.4426490946976106,cell_carpet,0.004858339513996432,0.3520120280933929,0.2510190225207791,0.39211060987183155
grass,square,0,0.0,2.6050516647531574,3.352468427095293,cell_carpet,0.011129450316343168,0.31434921473217187,0.20736883845146042,0.4671524965000245,cell_carpet,0.007993894915169799,0.3331806214127824,0.22919393048611977,0.42963155318592805
grass,square,0,0.0,3.1182548794489096,3.262916188289323,cell_carpet,0.01665832041324977,0.3030598056198397,0.19745773996431426,0.48282413400259633,cell_carpet,0.012326107664209784,0.31812021351631103,0.21332583522521703,0.45622784359426216
grass,square,0,0.0,3.408725602755454,3.279755070799847,cell_carpet,0.015445925566097921,0.30516475751177363,0.19927177193472595,0.4801175449874025,cell_carpet,0.013886016615153852,0.31164248551404233,0.2062988035799715,0.4681726942908323
grass,square,0,0.0,3.520091848450057,3.22974869243526,cell_carpet,0.01931613219239058,0.2989324978962725,0.19394597319172896,0.487805396719608,cell_carpet,0.016601074403772217,0.30528749170515745,0.20012238838585023,0.47798904550522014
grass,square,0,0.0,2.7841561423650973,3.1910958030361014,cell_carpet,0.022912021262000197,0.2941462453911027,0.1899483026510865,0.4929934306958106,cell_carpet,0.019756547832886207,0.29971686854813007,0.19503534551846835,0.48549123810051537
grass,hourglass,30,0.5235987755982988,10.157290470723304,10.157290470723304,rubber_carpet,0.013823148957352732,0.060148721176859175,0.9122049804768183,0.013823149388969799,rubber_carpet,0.013823148957352732,0.060148721176859175,0.9122049804768183,0.013823149388969799
grass,hourglass,30,0.5235987755982988,5.138920780711826,7.648105625717566,rubber_carpet,0.003460290042233072,0.3563806595848665,0.6361651003255815,0.003993950047318963,rubber_carpet,0.008641719499792904,0.20826469038086284,0.7741850404012,0.008908549718144382
grass,hourglass,30,0.5235987755982988,4.006888633754305,6.434366628396479,grass,0.0024165863923159554,0.520092320046714,0.4397468615222713,0.03774423203869883,rubber_carpet,0.005529152946054429,0.36417850521378836,0.6069659509617356,0.023326390878421605
grass,hourglass,30,0.5235987755982988,3.618828932261768,5.730482204362801,grass,0.002018289417023695,0.508635706248123,0.31371894742370915,0.17562705691114425,rubber_carpet,0.0037737211815390623,0.4364071057309557,0.4603424491927224,0.09947672389478293
grass,hourglass,30,0.5235987755982988,3.95292766934558,5.374971297359357,grass,0.001792834306502327,0.4535623375677238,0.24663466152969402,0.29801016659607993,grass,0.0027832777440206947,0.4449847216493398,0.3534885553612082,0.19874344524543142
grass,hourglass,30,0.5235987755982988,2.975889781859931,4.975124378109452,cell_carpet,0.001580380607344119,0.37329892665601105,0.18096799022875606,0.44415270250788885,grass,0.0021818291756824067,0.4091418241526754,0.2672282727949821,0.32144807387666013
grass,hourglass,30,0.5235987755982988,3.3409873708381173,4.741676234213548,cell_carpet,0.001587947766914336,0.32875727791284287,0.15102117745151544,0.5186335968687275,cell_carpet,0.0018848884712983714,0.36894955103275917,0.20912472512324878,0.42004083537269377
grass,hourglass,30,0.5235987755982988,3.276693455797933,4.558553386911596,cell_carpet,0.0018834049864631145,0.29823236486849536,0.13223500787455314,0.5676492222704884,cell_carpet,0.0018841467288807428,0.33359095795062726,0.17067986649890096,0.4938450288215911
grass,hourglass,30,0.5235987755982988,3.430539609644087,4.433218522770762,cell_carpet,0.0024948077475489797,0.28003046681821225,0.12161503631273088,0.595859689121508,cell_carpet,0.0021894772382148615,0.30681071238441976,0.14614745140581592,0.5448523589715495
grass,hourglass,30,0.5235987755982988,4.04707233065442,3.7543053960964414,cell_carpet,0.05466900067322576,0.2116654212278664,0.08632308827381246,0.6473424898250955,cell_carpet,0.02842923895572031,0.2592380668061431,0.11623526983981419,0.5960974243983225
grass,hourglass,30,0.5235987755982988,4.126291618828932,3.6417910447761193,cell_carpet,0.09006877815802787,0.20089870460780093,0.08174615812466561,0.6272863591095056,cell_carpet,0.059249008556874094,0.23006838570697202,0.09899071398223991,0.611691891753914
grass,hourglass,30,0.5235987755982988,5.174512055109071,3.771526980482205,cell_carpet,0.05047764348839639,0.213199597557896,0.08699693602826732,0.6493258229254404,cell_carpet,0.054863326022635245,0.22163399163243402,0.0929938250052536,0.6305088573396772
grass,hourglass,30,0.5235987755982988,5.966704936854191,4.032402092103585,cell_carpet,0.014061142278249214,0.23567916317657028,0.09762769928231776,0.6526319952628628,cell_carpet,0.03446223415044223,0.22865657740450215,0.09531076214378569,0.64157042630127
grass,hourglass,30,0.5235987755982988,6.203214695752009,4.282433983926521,cell_carpet,0.004283746330823218,0.26105931595447435,0.11099768868664554,0.6236592490280569,cell_carpet,0.019372990240632725,0.24485794667948824,0.10315422541521561,0.6326148376646634
grass,hourglass,30,0.5235987755982988,6.762342135476464,4.703150912106136,cell_carpet,0.0016170078258174166,0.3219677256026758,0.14673165553824474,0.5296836110332621,cell_carpet,0.010494999033225072,0.28341283614108204,0.12494294047673019,0.5811492243489628
grass,hourglass,30,0.5235987755982988,6.774971297359357,5.084704681719606,cell_carpet,0.0016255893035246978,0.3955395829402574,0.197319835889735,0.40551499186648293,cell_carpet,0.006060294168374884,0.3394762095406697,0.16113138818323258,0.4933321081077229
grass,hourglass,30,0.5235987755982988,9.525832376578649,5.779053450695241,grass,0.002048049373682939,0.5138148474364221,0.32297742506309024,0.16115967812680462,grass,0.004054171771028911,0.4266455284885459,0.2420544066231614,0.32724589311726376
grass,hourglass,30,0.5235987755982988,4.393800229621125,5.886082408470468,grass,0.0021120167371926238,0.522875453027837,0.34319647218963006,0.13181605804534027,grass,0.003083094254110768,0.4747604907581915,0.29262543940639574,0.22953097558130203
grass,hourglass,30,0.5235987755982988,4.653272101033295,5.953437938512566,grass,0.0021511197521766135,0.5268822777477435,0.35573568139915546,0.1152309211009243,grass,0.0026171070031436906,0.5008213842529675,0.3241805604027756,0.17238094834111317
grass,hourglass,30,0.5235987755982988,3.5487944890929963,5.889271590764128,grass,0.0021138879760423707,0.5230948397122813,0.34379382358184546,0.1309974487298309,grass,0.0023654974895930304,0.5119581119826244,0.33398719199231053,0.15168919853547203
grass,hourglass,30,0.5235987755982988,3.916188289322618,5.749457839010078,grass,0.002029967625432344,0.510736521374569,0.3173402153856158,0.16989329561438293,grass,0.002197732557512687,0.5113473166785967,0.32566370368896314,0.16079124707492748
grass,hourglass,30,0.5235987755982988,3.3777267508610795,5.461793596121955,grass,0.0018480724306738949,0.46934365398646094,0.2626463215155837,0.26616195206728127,grass,0.0020229024940932915,0.4903454853325289,0.29415501260227345,0.21347659957110443
grass,hourglass,30,0.5235987755982988,3.708381171067738,5.184589871157035,grass,0.001678047282985835,0.4159693474963177,0.21339716687015287,0.36895543835054356,grass,0.0018504748885395633,0.4531574164144233,0.25377608973621313,0.291216018960824
grass,hourglass,30,0.5235987755982988,3.492537313432836,4.821278224263299,cell_carpet,0.0015601994422879655,0.34334521159001596,0.16046866706429583,0.4946259219034004,grass,0.0017053371654137644,0.39825131400221964,0.2071223784002545,0.39292097043211216
grass,hourglass,30,0.5235987755982988,3.8691159586681976,4.49840540885317,cell_carpet,0.002113545608607027,0.28921738972333144,0.1269225834885235,0.5817464811795381,cell_carpet,0.0019094413870103955,0.34373435186277557,0.16702248094438898,0.4873337258058251
grass,hourglass,30,0.5235987755982988,4.4730195177956364,3.9369817578772808,cell_carpet,0.022676820420940522,0.22735278802680747,0.09352643872536004,0.6564439528268919,cell_carpet,0.01229313090397546,0.2855435699447915,0.1302744598348745,0.5718888393163586
grass,hourglass,30,0.5235987755982988,5.412169919632607,4.050133945656333,cell_carpet,0.01286441978865085,0.2372838667994892,0.09843745708608574,0.6514142563257743,cell_carpet,0.012578775346313156,0.26141371837214034,0.11435595846048013,0.6116515478210665
grass,hourglass,30,0.5235987755982988,5.401836969001148,4.133307819874984,cell_carpet,0.008513029590116674,0.24515160339645753,0.10248547828872141,0.6438498887247044,cell_carpet,0.010545902468214914,0.25328266088429896,0.10842071837460077,0.6277507182728854
grass,hourglass,30,0.5235987755982988,6.097588978185993,4.416507207551984,cell_carpet,0.0026213975869404816,0.277772725408434,0.12032704403252271,0.5992788329721029,cell_carpet,0.006583650027577698,0.2655276931463665,0.11437388120356173,0.6135147756224941
grass,hourglass,30,0.5235987755982988,5.45809414466131,4.587830080367394,cell_carpet,0.0018024770568562873,0.30280599991228146,0.13497015213950336,0.5604213708913588,cell_carpet,0.004193063542216992,0.284166846529324,0.12467201667153255,0.5869680732569265
grass,hourglass,30,0.5235987755982988,6.200918484500575,4.901518050771783,cell_carpet,0.0015620669283446587,0.35872113376175824,0.1707937847505588,0.4689230145593383,cell_carpet,0.0028775652352808255,0.32144399014554115,0.14773290071104567,0.5279455439081324
grass,hourglass,30,0.5235987755982988,4.535017221584385,4.993366500829187,cell_carpet,0.001586666804616842,0.37696627647570013,0.18359172273157748,0.4378553339881056,cell_carpet,0.0022321160199488335,0.34920513331062064,0.16566231172131157,0.482900438948119
grass,hourglass,30,0.5235987755982988,6.669345579793341,5.346345197091466,grass,0.0017748562627441654,0.4481259318660454,0.2414546533895084,0.308644558481702,grass,0.0020034861413464992,0.39866553258833304,0.20355848255540998,0.3957724987149105
grass,hourglass,30,0.5235987755982988,7.182548794489092,5.714504401071565,grass,0.0020084068233208207,0.506790960314007,0.31066662837763603,0.18053400448503587,grass,0.00200594648233366,0.4527282464511701,0.25711255546652306,0.28815325159997324
grass,hourglass,30,0.5235987755982988,6.670493685419058,5.958668197474167,grass,0.002154120440193606,0.5271384383283887,0.356702231439857,0.11400520979156067,grass,0.0020800334612636334,0.48993334238977937,0.30690739345319007,0.20107923069576694
grass,hourglass,30,0.5235987755982988,7.213547646383467,6.158821278224263,grass,0.0022658208063611107,0.5311430071001948,0.3928133025074587,0.07377786958598546,grass,0.002172927133812372,0.5105381747449871,0.3498603479803244,0.1374285501408762
grass,hourglass,30,0.5235987755982988,6.941446613088404,6.32988901645618,grass,0.002358950826200034,0.5262857694334762,0.4222925064564386,0.049062773283885225,grass,0.0022659389800062033,0.5184119720892316,0.38607642721838153,0.09324566171238072
grass,hourglass,30,0.5235987755982988,7.284730195177957,6.461793596121954,grass,0.0024319757273150665,0.5181089945264811,0.4442716370078292,0.03518739273837457,grass,0.0023489573536606355,0.5182604833078565,0.4151740321131054,0.06421652722537766
grass,hourglass,30,0.5235987755982988,7.609644087256028,6.700854700854701,grass,0.0025742632610286213,0.4955501103404306,0.48300847110117745,0.018867155297363342,grass,0.0024616103073446284,0.5069052968241435,0.4490912516071414,0.0415418412613705
grass,hourglass,30,0.5235987755982988,7.724454649827784,6.870136497002168,rubber_carpet,0.0026882253753922974,0.47503530436344366,0.5100542727670176,0.012222197494146396,grass,0.002574917841368463,0.4909703005937936,0.47957276218707956,0.026882019377758446
grass,hourglass,30,0.5235987755982988,6.96211251435132,7.139813751754051,rubber_carpet,0.0029029032504886733,0.43714284351440336,0.5532591767237427,0.006695076511365451,rubber_carpet,0.002738910545928568,0.46405657205409845,0.5164159694554111,0.01678854794456195
grass,hourglass,30,0.5235987755982988,7.380022962112514,7.2187779053450685,rubber_carpet,0.0029751308203516957,0.4251849884107474,0.5660145757206687,0.00582530504823221,rubber_carpet,0.002857020683140132,0.4446207802324229,0.5412152725880399,0.01130692649639708
grass,hourglass,30,0.5235987755982988,7.261768082663605,7.22758004847557,rubber_carpet,0.0029834750758483846,0.4238334222952345,0.5674399508016459,0.0057431518272711216,rubber_carpet,0.0029202478794942586,0.4342271012638287,0.5543276116948429,0.0085250391618341
grass,hourglass,30,0.5235987755982988,7.464982778415614,7.315856614364076,rubber_carpet,0.0030705694846909683,0.410098268586321,0.5817734628334562,0.0050576990955319145,rubber_carpet,0.0029954086820926135,0.4221626849250748,0.5680505372641496,0.006791369128683007
grass,hourglass,30,0.5235987755982988,8.128587830080367,7.417527745885954,rubber_carpet,0.0031789659891498932,0.39393448235511164,0.598360991932465,0.004525559723273348,rubber_carpet,0.003087187335621254,0.4080485836400933,0.5832057645983074,0.005658464425978178
grass,hourglass,30,0.5235987755982988,4.470723306544202,7.14300293404771,rubber_carpet,0.0029057308669898215,0.4366660936232023,0.5537732446522723,0.0066549308575355294,rubber_carpet,0.0029964591013055377,0.4223573386316478,0.5684895046252898,0.006156697641756853
grass,hourglass,30,0.5235987755982988,4.473019517795637,6.830590636560785,rubber_carpet,0.002660362651418339,0.48009817033726837,0.5037432735889853,0.013498193422328003,rubber_carpet,0.0028284108763619383,0.45122775448445807,0.5361163891071375,0.009827445532042428
grass,hourglass,30,0.5235987755982988,4.464982778415615,6.481183824467406,grass,0.002442941669465185,0.5166232292281124,0.4474579118668246,0.033475917235597674,rubber_carpet,0.002635676272913562,0.4839254918562853,0.49178715048698113,0.021651681383820055
grass,hourglass,30,0.5235987755982988,4.479908151549942,6.120678657992091,grass,0.0022449132754935397,0.5312282081987905,0.3860684754944546,0.08045840303126134,grass,0.002440294774203551,0.5075768500275379,0.43892781299071787,0.051055042207540695
grass,hourglass,30,0.5235987755982988,5.49483352468427,5.957647659140196,grass,0.00215353533066696,0.5270890761630965,0.3565137211860413,0.11424366732019516,grass,0.002296915052435256,0.5173329630953173,0.3977207670883796,0.08264935476386794
grass,hourglass,30,0.5235987755982988,3.763490241102181,5.555810690139047,grass,0.0019082752372882223,0.48494283633404295,0.28036450410207864,0.23278438432659035,grass,0.0021025951448617386,0.50113789971468,0.33904263559522907,0.15771686954522912
grass,hourglass,30,0.5235987755982988,3.7910447761194033,5.1701747671896925,grass,0.0016700167239616368,0.41302994876150784,0.21101250790308632,0.37428752661144415,grass,0.0018863059344116878,0.45708392423809396,0.2750275717491577,0.26600219807833664
grass,hourglass,30,0.5235987755982988,3.423650975889782,4.721137900242377,cell_carpet,0.0016019021842654238,0.3251146020445336,0.14871157898352128,0.5245719167876797,cell_carpet,0.0017441040593385558,0.39109926314131377,0.2118695753663395,0.3952870574330082
grass,hourglass,30,0.5235987755982988,4.233065442020666,4.288302079346855,cell_carpet,0.004179747339802783,0.26174031117887675,0.11137052692166902,0.6227094145596515,cell_carpet,0.0029619256995706694,0.32641978716009523,0.16162005114400424,0.5089982359963299
grass,hourglass,30,0.5235987755982988,4.243398392652124,4.263043755581069,cell_carpet,0.004653817762175666,0.25884049466156833,0.10978741859035682,0.6267182689858992,cell_carpet,0.0038078717308731675,0.2926301409108318,0.13570373486718051,0.5678582524911145
grass,hourglass,30,0.5235987755982988,4.888633754305396,4.309223115193265,cell_carpet,0.00383683631652706,0.26420475102310526,0.11272512565030109,0.6192332870100666,cell_carpet,0.003822354023700114,0.2784174459669685,0.1242144302587408,0.5935457697505906
grass,hourglass,30,0.5235987755982988,5.396096440872561,4.412680188799592,cell_carpet,0.002652327986482575,0.27726124395973584,0.1200361555438206,0.600050272509961,cell_carpet,0.0032373410050913444,0.27783934496335216,0.1221252929012807,0.5967980211302758
grass,hourglass,30,0.5235987755982988,5.65097588978186,4.542798826380916,cell_carpet,0.0019346399325063449,0.29582128614548625,0.1308040039807591,0.5714400699412483,cell_carpet,0.0025859904687988446,0.2868303155544192,0.1264646484410199,0.5841190455357621
grass,hourglass,30,0.5235987755982988,5.7921928817451205,4.575838754943232,cell_carpet,0.001833522482289486,0.3009181174428026,0.13383786241498394,0.563410497659924,cell_carpet,0.0022097564755441655,0.2938742164986109,0.13015125542800193,0.5737647715978431
grass,hourglass,30,0.5235987755982988,6.886337543053961,4.92282178849343,cell_carpet,0.0015660425821791444,0.3628996279519278,0.17366989555709772,0.4618644339087952,cell_carpet,0.001887899528861655,0.32838692222526933,0.15191057549254983,0.5178146027533191
grass,square,90,1.5707963267948966,2.5648679678530426,2.5648679678530426,linoleum,0.8390480868019092,0.05371041754354323,0.05362382608233578,0.05361766957221173,linoleum,0.8390480868019092,0.05371041754354323,0.05362382608233578,0.05361766957221173
grass,square,90,1.5707963267948966,10.624569460390356,6.594718714121699,cell_carpet,0.003216736632177412,0.0585985363959959,0.0057739894078105945,0.932410737564016,cell_carpet,0.42113241171704335,0.05615447696976957,0.02969890774507319,0.49301420356811393
grass,square,90,1.5707963267948966,12.313432835820896,8.500956754688099,cell_carpet,0.002764702765887248,0.3874025789041613,0.033544989623830644,0.5762877287061208,cell_carpet,0.2119485572414653,0.22177852793696542,0.031621948684451916,0.5346509661371174
grass,square,90,1.5707963267948966,13.621125143513204,9.780998851894374,grass,0.0033494120551679253,0.8183574957617976,0.1353410507794348,0.042952041403599546,grass,0.10764898464831661,0.5200680118493816,0.08348149973194337,0.28880150377035846
grass,square,90,1.5707963267948966,12.886337543053962,10.402066590126292,grass,0.003118567292674344,0.7877662998880892,0.20169586760525074,0.007419265213985704,grass,0.05538377597049548,0.6539171558687353,0.14258868366859706,0.1481103844921721
grass,square,90,1.5707963267948966,12.194029850746269,10.700727133562957,grass,0.0030855960459525386,0.7495655280943213,0.24299411987997957,0.004354755979746738,grass,0.029234686008224008,0.7017413419815284,0.19279140177428833,0.07623257023595942
grass,square,90,1.5707963267948966,11.312284730195175,10.788092504510416,grass,0.003086974692040111,0.7363799521739283,0.2565739224294291,0.0039591507046024274,grass,0.01616083035013206,0.7190606470777283,0.22468266210185872,0.04009586047028092
grass,square,90,1.5707963267948966,10.983926521239956,10.812571756601608,grass,0.0030882290633617118,0.7325310584164039,0.26050848520232406,0.0038722273179103276,grass,0.009624529706746888,0.7257958527470662,0.24259557365209142,0.02198404389409563
grass,square,90,1.5707963267948966,11.019517795637196,10.835565760938897,grass,0.0030897481188865558,0.7288548297718715,0.26425678574805506,0.0037986363611868315,grass,0.0063571389128167215,0.7273253412594689,0.25342617970007325,0.01289134012764123
grass,square,90,1.5707963267948966,10.554535017221584,11.723306544202067,grass,0.003362880959036135,0.5452036274137794,0.448061387209469,0.0033721044177154984,grass,0.0048600099359264294,0.6362644843366242,0.35074378345477114,0.008131722272678365
grass,square,90,1.5707963267948966,10.562571756601606,11.71641791044776,grass,0.0033594726865295026,0.546900569775269,0.4463709114837193,0.003369046054482187,grass,0.004109741311227966,0.5915825270559466,0.3985573474692452,0.005750384163580276
grass,square,90,1.5707963267948966,11.323765786452354,11.606454904962368,grass,0.003307164769320913,0.5735294572523246,0.41983900128686275,0.0033243766914918525,grass,0.0037084530402744387,0.5825559921541356,0.40919817437805384,0.0045373804275360636
grass,square,90,1.5707963267948966,10.939150401836969,11.308457711442786,grass,0.0031886004711149368,0.6406058309532509,0.3529384589047664,0.003267109670867813,grass,0.0034485267556946878,0.6115809115536932,0.3810683166414101,0.003902245049201938
grass,square,90,1.5707963267948966,10.305396096440871,11.021686439596886,grass,0.003113812363516254,0.6969611219220186,0.29650411594951587,0.003420949764949364,grass,0.003281169559605471,0.6542710167378559,0.338786216295463,0.003661597407075651
grass,square,90,1.5707963267948966,11.71182548794489,10.9681081770634,grass,0.0031047873125239008,0.7065286322389936,0.28686951805558447,0.0034970623928979867,grass,0.003192978436064685,0.6803998244884247,0.3128278671755237,0.0035793298999868177
grass,square,90,1.5707963267948966,11.14580941446613,10.949610919760174,grass,0.003102058222555971,0.7097596521164143,0.283609694889578,0.003528594771451707,grass,0.0031475183293103283,0.6950797383024195,0.29821878103255084,0.003553962335719262
grass,square,90,1.5707963267948966,11.008036739380024,10.952289832886848,grass,0.0031024410364744225,0.7092940105192891,0.28407970246477127,0.0035238459794652718,grass,0.0031249796828923754,0.7021868744108544,0.2911492417486611,0.003538904157592267
grass,square,90,1.5707963267948966,11.261768082663606,10.979206531445335,grass,0.0031065207182024313,0.7045722260635647,0.2888417461090892,0.003479507109143551,grass,0.0031157502005474034,0.7033795502372095,0.28999549392887514,0.003509205633367909
grass,square,90,1.5707963267948966,11.025258323765788,11.03150912106136,grass,0.003115645078111976,0.6951735828524773,0.2983015630579827,0.0034092090114280177,grass,0.0031156976393296888,0.6992765665448434,0.2941485284934289,0.0034592073223979622
grass,square,90,1.5707963267948966,2.6796785304247988,10.155632095930605,grass,0.0031890943481899417,0.8098634155505343,0.17281148239009475,0.014136007711180908,grass,0.0031523959937598154,0.7545699910476888,0.2334800054417618,0.008797607516789435
grass,square,90,1.5707963267948966,4.041331802525833,9.346472764383211,grass,0.003483517622562682,0.7584515866975875,0.09665422990755235,0.14141066577229738,grass,0.0033179568081612492,0.7565107888726382,0.16506711767465712,0.07510413664454342
grass,square,90,1.5707963267948966,11.153846153846152,9.370327847939787,grass,0.0034821791860390303,0.7644723401148513,0.09872533407674475,0.13332014662236494,grass,0.00340006799710014,0.7604915644937448,0.13189622587570093,0.10421214163345419
grass,square,90,1.5707963267948966,12.451205510907002,9.608751116213805,grass,0.0034227956416895532,0.8061971891505366,0.11968938320159972,0.07069063200617404,grass,0.0034114318193948466,0.7833443768221406,0.12579280453865033,0.08745138681981411
grass,square,90,1.5707963267948966,12.156142365097589,9.65811965811966,grass,0.003403215962843701,0.8110341960124197,0.12411478770673381,0.06144780031800289,grass,0.0034073238911192737,0.7971892864172802,0.12495379612269207,0.0744495935689085
grass,square,90,1.5707963267948966,10.823191733639495,9.62227324913892,grass,0.003417596319617484,0.8076389329504425,0.12089757955567977,0.06804589117426023,grass,0.0034124601053683794,0.8024141096838614,0.12292568783918593,0.07124774237158438
grass,square,90,1.5707963267948966,10.812858783008036,9.600586809542031,grass,0.0034258683784882103,0.8052828465692544,0.11896123281513495,0.07233005223712252,grass,0.003419164241928295,0.8038484781265579,0.12094346032716044,0.07178889730435345
grass,square,90,1.5707963267948966,10.917336394948336,9.562316622018114,grass,0.003439532242556224,0.8005447540602708,0.11556028485836559,0.0804554288388073,grass,0.0034293482422422597,0.8021966160934144,0.11825187259276301,0.07612216307158037
grass,square,90,1.5707963267948966,11.276693455797934,9.590253858910575,grass,0.0034296814241301667,0.8040775986885147,0.11804103739895563,0.07445168248839953,grass,0.0034295148331862134,0.8031371073909646,0.11814645499585932,0.07528692277998995
grass,square,90,1.5707963267948966,11.79219288174512,10.602755453501722,grass,0.003089923404424067,0.7633049750243337,0.2286010763317342,0.0050040252395080025,grass,0.0032597191188051405,0.7832210412076491,0.17337376566379675,0.04014547400974898
grass,square,90,1.5707963267948966,11.0195177956372,11.378109452736318,grass,0.0032129299153006606,0.6256596259415792,0.36785893619674,0.0032685079463801604,grass,0.0032363245170529006,0.7044403335746141,0.27061635093026837,0.02170699097806457
grass,square,90,1.5707963267948966,11.072330654420206,11.369052175022324,grass,0.003209641225841676,0.6276297309347493,0.36589283676498174,0.0032677910744274333,grass,0.0032229828714472886,0.6660350322546817,0.31825459384762506,0.012487391026246
grass,square,90,1.5707963267948966,11.202066590126291,11.230258961602246,grass,0.0031640159536360252,0.6568144131304411,0.33674261666322286,0.0032789542526999033,grass,0.0031934994125416573,0.6614247226925615,0.327498605255424,0.007883172639472953
grass,square,90,1.5707963267948966,11.128587830080368,11.11608623548922,grass,0.00313364859652214,0.6793566991721931,0.3141779629254939,0.003331689305790928,grass,0.003163574004531899,0.6703907109323772,0.32083828409045895,0.00560743097263194
grass,square,90,1.5707963267948966,11.234213547646384,11.16175532593443,grass,0.0031449819447563914,0.6705021790713267,0.3230482675737924,0.003304571410124522,grass,0.0031542779746441454,0.6704464450018519,0.3219432758321257,0.004456001191378231
grass,square,90,1.5707963267948966,10.502870264064294,11.127312157162905,grass,0.0031363316679430394,0.6772004243802802,0.31633906543203993,0.0033241785197369064,grass,0.0031453048212935924,0.6738234346910661,0.3191411706320828,0.0038900898555575686
grass,square,90,1.5707963267948966,10.86796785304248,11.12182676361781,grass,0.0031350121822463035,0.6782557135864534,0.3152814979938685,0.003327776237431744,grass,0.003140158501769948,0.6760395741387597,0.31721133431297566,0.003608933046494656
grass,square,90,1.5707963267948966,10.166475315729048,10.998469192499044,grass,0.003109698733333335,0.7011450300338422,0.2922939498138682,0.0034513214189563833,grass,0.0031249286175516417,0.688592302086301,0.3047526420634219,0.0035301272327255195
grass,square,90,1.5707963267948966,11.02411021814007,10.913126674320702,grass,0.0030972675904280475,0.716023478576384,0.27727940490085745,0.0035998489323306126,grass,0.003111098103989845,0.7023078903313426,0.29101602348213973,0.0035649880825280662
grass,square,90,1.5707963267948966,11.56601607347876,10.973848705191989,grass,0.003105674952759329,0.7055183619342402,0.287888104905038,0.00348785820796241,grass,0.003108386528374587,0.7039131261327913,0.2894520641935889,0.003526423145245238
grass,square,90,1.5707963267948966,2.8610792192881744,10.061487434621762,grass,0.003225080119468721,0.8154004696828948,0.1627850073453659,0.018589442852270523,grass,0.003166733323921654,0.759656797907843,0.22611853576947738,0.01105793299875788
grass,square,90,1.5707963267948966,5.793340987370838,9.46051792320449,grass,0.0034684545395226737,0.7840900830195033,0.10659427982646276,0.10584718261451118,grass,0.003317593931722164,0.7718734404636732,0.1663564077979701,0.05845255780663453
grass,square,90,1.5707963267948966,11.871412169919632,9.543053960964407,grass,0.0034458980005384636,0.7978699816851583,0.11385544500926935,0.08482867530503373,grass,0.0033817459661303144,0.7848717110744159,0.14010592640361974,0.07164061655583415
grass,square,90,1.5707963267948966,11.989667049368542,9.626993238933538,grass,0.0034157506497485353,0.8081211142840585,0.12131997740319635,0.06714315766299667,grass,0.003398748307939425,0.7964964126792372,0.13071295190340804,0.0693918871094154
grass,square,90,1.5707963267948966,10.77267508610792,9.65697155249394,grass,0.0034036887443694565,0.8109348358265772,0.12401140116187576,0.0616500742671775,grass,0.0034012185261544405,0.8037156242529072,0.1273621765326419,0.06552098068829645
grass,square,90,1.5707963267948966,9.50861079219288,9.505931879066209,grass,0.003457058894545771,0.7921468255054538,0.1105814857217404,0.09381462987826016,grass,0.003429138710350106,0.7979312248791806,0.11897183112719115,0.0796678052832783
grass,square,90,1.5707963267948966,12.5097588978186,9.766296721520602,grass,0.0033560850898856015,0.8178069001844832,0.1339788253594669,0.044858189366164376,grass,0.0033926119001178538,0.8078690625318319,0.12647532824332902,0.062262997324721334
grass,square,90,1.5707963267948966,10.12284730195178,9.666156397499682,grass,0.003399885939706135,0.8117127020878997,0.12483916864665331,0.06004824332574076,grass,0.0033962489199119944,0.8097908823098658,0.12565724844499115,0.061155620325231044
grass,square,90,1.5707963267948966,10.303099885189438,9.525832376578643,grass,0.0034512659512331598,0.7953092579417057,0.11233480455245573,0.08890467155460548,grass,0.003423757435572577,0.8025500701257857,0.11899602649872344,0.07503014593991826
grass,square,90,1.5707963267948966,10.8300803673938,10.411276948590382,grass,0.00311667047959456,0.7867594962608384,0.2028593821730314,0.00726445108653578,grass,0.0032702139575835685,0.7946547831933121,0.16092770433587741,0.04114729851322702
grass,square,90,1.5707963267948966,11.276693455797933,11.020538333971167,grass,0.0031136017195755768,0.6971693797181021,0.2962946546654013,0.00342236389692107,grass,0.003191907838579573,0.7459120814557071,0.22861117950063936,0.022284831205074046
grass,square,90,1.5707963267948966,10.842709529276696,10.9062380405664,grass,0.003096452137895667,0.7171898540643388,0.27609893335039043,0.0036147604473751077,grass,0.0031441799882376198,0.7315509677600229,0.2523550564255149,0.012949795826224577
grass,square,90,1.5707963267948966,10.079219288174512,10.693966067100396,grass,0.003085693617665375,0.7505496463315955,0.2419728707088832,0.004391789341855796,grass,0.003114936802951498,0.7410503070458093,0.24716396356719908,0.008670792584040188
grass,square,90,1.5707963267948966,10.400688863375432,10.652634264574564,grass,0.003086935864928668,0.7564506654716506,0.23582066668843638,0.004641731974984416,grass,0.003100936333940083,0.74875048625873,0.2414923151278177,0.006656262279512302
grass,square,90,1.5707963267948966,10.513203214695752,10.76425564485266,grass,0.0030861158730440597,0.7400632705394015,0.2527975388665462,0.004053074721008136,grass,0.0030935261034920713,0.7444068783990657,0.24714492699718196,0.005354668500260219
grass,square,90,1.5707963267948966,10.043628013777267,10.490241102181402,grass,0.0031026986489846127,0.7776565353004186,0.2131084650897018,0.006132300960894911,grass,0.0030981123762383422,0.7610317068497422,0.2301266960434419,0.0057434847305775655
grass,square,90,1.5707963267948966,9.908151549942591,10.466386018624824,grass,0.003106485486547752,0.7804938000999744,0.2099596684761665,0.006440045937311411,grass,0.003102298931393047,0.7707627534748582,0.2200431822598042,0.006091765333944488
grass,square,90,1.5707963267948966,10.390355912743974,10.476081132797551,grass,0.003104900998442012,0.779349631562713,0.21123381847183065,0.006311648967014275,grass,0.0031035999649175303,0.7750561925187857,0.21563850036581747,0.006201707150479382
grass,square,90,1.5707963267948966,9.979334098737084,10.38155376961347,grass,0.0031229906682966407,0.7899658778915134,0.19912784314911317,0.007783288291076787,grass,0.0031132953166070855,0.7825110352051495,0.20738317175746532,0.006992497720778085
grass,square,90,1.5707963267948966,10.8955223880597,10.339201428753668,grass,0.003132984977455438,0.7943158883832231,0.19392536069838842,0.00862576594093303,grass,0.0031231401470312617,0.7884134617941863,0.20065426622792687,0.0078091318308555575
grass,square,90,1.5707963267948966,3.0413318025258325,9.472381681336906,grass,0.0034657379011475632,0.7863094210667783,0.10763412669374126,0.10259071433833297,grass,0.0032944390240894125,0.7873614414304823,0.15414419646083405,0.05519992308459427
grass,square,90,1.5707963267948966,8.047072330654421,9.246587574945783,grass,0.003476958090069235,0.7293864753844299,0.08803398698388452,0.1791025795416162,grass,0.0033856985570793244,0.7583739584074561,0.12108909172235931,0.11715125131310525
grass,square,90,1.5707963267948966,11.006888633754306,9.313943104987882,grass,0.0034836140841179104,0.7496701765018831,0.09383715174807851,0.15300905766592054,grass,0.0034346563205986174,0.7540220674546696,0.10746312173521891,0.13508015448951288
grass,square,90,1.5707963267948966,12.140068886337543,9.494705957392526,grass,0.003460120532801638,0.7902650448019148,0.10959414793653428,0.09668068672874926,grass,0.0034473884267001275,0.7721435561282922,0.1085286348358766,0.11588042060913106
grass,square,90,1.5707963267948966,13.247990815154994,9.850746268656716,grass,0.0033174661747160075,0.8198895953328137,0.14188935946527087,0.0349035790271996,grass,0.0033824273007080673,0.796016575730553,0.12520899715057374,0.07539199981816533
grass,square,90,1.5707963267948966,13.346727898966703,10.232810307437171,grass,0.0031630690475911135,0.804026139735424,0.18141872515587867,0.011392066061106309,grass,0.0032727481741495904,0.8000213577329884,0.1533138611532262,0.04339203293963582
grass,square,90,1.5707963267948966,12.501722158438575,10.467406556958796,grass,0.003106315769423918,0.7803739416942728,0.21009343198730962,0.00642631054899375,grass,0.003189531971786754,0.7901976497136306,0.1817036465702679,0.024909171744314784
grass,square,90,1.5707963267948966,11.36854190585534,10.621762979971937,grass,0.003088592078601655,0.7607277783296368,0.231326175563461,0.004857454028300637,grass,0.0031390620251942046,0.7754627140216337,0.20651491106686445,0.01488331288630771
grass,square,90,1.5707963267948966,9.814006888633754,10.50159459114683,grass,0.0031010287925914877,0.7762803104759824,0.21462342062555978,0.0059952401058663354,grass,0.003120045408892846,0.775871512248808,0.2105691658462121,0.010439276496087023
grass,square,90,1.5707963267948966,10.72675086107922,11.355530042097207,grass,0.0032047999881197812,0.6305563643886622,0.3629718340247308,0.0032670015984873177,grass,0.0031624226985063134,0.7032139383187351,0.28677049993547143,0.00685313904728717
grass,square,90,1.5707963267948966,10.342135476463834,11.610537058298254,grass,0.0033090327490550354,0.5725571853236355,0.4208079036509637,0.0033258782763455987,grass,0.003235727723780674,0.6378855618211854,0.3537892017932176,0.005089508661816384
grass,square,90,1.5707963267948966,11.166475315729048,11.628268911851002,grass,0.003317215151996719,0.5683187667392352,0.42503146411078696,0.0033325539979810978,grass,0.0032764714378886966,0.6031021642802104,0.3894103329520023,0.004211031329898741
grass,square,90,1.5707963267948966,11.03788748564868,11.505804311774462,grass,0.0032630562193959505,0.597071265967599,0.39637354727772217,0.003292130535282916,grass,0.0032697638286423233,0.6000867151239047,0.3928919401148622,0.0037515809325908284
grass,square,90,1.5707963267948966,10.949483352468429,11.250414593698174,grass,0.003170067327101974,0.6526955702483273,0.34086004274574655,0.0032743196788242493,grass,0.003219915577872149,0.626391142686116,0.36687599143030436,0.003512950305707539
grass,square,90,1.5707963267948966,10.313432835820896,10.913381808904196,grass,0.0030972983387471606,0.7159801798112689,0.2773232158947265,0.003599305955257396,grass,0.003158606958309655,0.6711856612486925,0.3220996036625155,0.0035561281304824677
grass,square,90,1.5707963267948966,10.239954075774971,10.662074244163795,grass,0.0030865540422592708,0.7551204207776545,0.2372121135952117,0.0045809115848745585,grass,0.003122580500284463,0.7131530410131734,0.2796558586288636,0.004068519857678513
grass,square,90,1.5707963267948966,10.706084959816302,10.588467916826126,grass,0.00309108099392282,0.7652136830217342,0.2265735984305185,0.005121637553824473,grass,0.0031068307471036416,0.7391833620174538,0.2531147285296911,0.004595078705751493
grass,square,90,1.5707963267948966,10.757749712973595,10.693328230641663,grass,0.0030857043506828338,0.7506422157843429,0.2418767435981858,0.0043953362667885415,grass,0.003096267548893237,0.7449127889008983,0.24749573606393838,0.004495207486270016
grass,square,90,1.5707963267948966,10.144661308840412,10.62865161372624,grass,0.0030881682925490432,0.759783140088343,0.23232169701971203,0.004806994599395986,grass,0.0030922179207211404,0.7523479644946207,0.23990871654182522,0.0046511010428330005
grass,square,90,1.5707963267948966,11.1699196326062,10.720627631075391,grass,0.003085480250723005,0.7466384062585183,0.2460245712361323,0.004251542254626361,grass,0.003088849085722073,0.7494931853765695,0.24296664388897876,0.0044513216487296805
grass,square,90,1.5707963267948966,10.26406429391504,10.620359739762725,grass,0.0030886822310899737,0.760919513887309,0.23112390114807602,0.00486790273352497,grass,0.003088765658406024,0.7552063496319393,0.23704527251852742,0.004659612191127326
grass,square,90,1.5707963267948966,4.933409873708382,9.942084449547137,grass,0.0032760352657836295,0.8194646871903458,0.1507158572525526,0.026543420291318016,grass,0.003182400462094827,0.7873355184111426,0.19388056488554,0.015601516241222671
grass,square,90,1.5707963267948966,5.001148105625718,9.281158311009058,grass,0.0034815724322213516,0.7401505717052698,0.09100705251938765,0.16536080334312125,grass,0.0033319864471580895,0.7637430450582061,0.14244380870246381,0.09048115979217196
grass,square,90,1.5707963267948966,11.629161882893223,9.427350427350428,grass,0.0034749868686351575,0.7774457249169273,0.1036932569871356,0.11538603122730198,grass,0.0034034866578966233,0.7705943849875667,0.12306853284479971,0.10293359550973696
grass,square,90,1.5707963267948966,12.719862227324915,9.702895777522643,grass,0.0033842513865078153,0.8144440025463009,0.12816657418769076,0.05400517187950037,grass,0.0033938690222022195,0.7925191937669339,0.12561755351624526,0.07846938369461869
grass,square,90,1.5707963267948966,12.889781859931112,9.945528766424289,grass,0.0032745026323029443,0.8193999065974422,0.151055041811315,0.026270548958939915,grass,0.003334185827252581,0.8059595501821879,0.1383362976637801,0.05236996632677929
grass,square,90,1.5707963267948966,11.95292766934558,10.078326317132287,grass,0.0032183340156941766,0.8145491720217435,0.16454286058070483,0.017689633381857632,grass,0.0032762599214733786,0.8102543611019657,0.15143957912224248,0.035029799854318464
grass,square,90,1.5707963267948966,9.940298507462687,10.055619339201428,grass,0.003227460155122141,0.8156820612076966,0.16217587423043653,0.018914604406744792,grass,0.0032518600382977596,0.8129682111548311,0.15680772667633952,0.026972202130531628
grass,square,90,1.5707963267948966,10.86452353616533,10.021686439596888,grass,0.0032415013673080615,0.8171524009668064,0.158687424601623,0.020918673064262688,grass,0.0032466807028029105,0.8150603060608188,0.15774757563898126,0.02394543759739716
grass,square,90,1.5707963267948966,10.45350172215844,10.042735042735044,grass,0.00323273684154225,0.8162724280030638,0.1608445703693682,0.019650264786025825,grass,0.00323970877217258,0.8156663670319413,0.15929607300417473,0.021797851191711494
grass,square,90,1.5707963267948966,10.538461538461537,10.665518561040948,grass,0.0030864292194968065,0.754632469087784,0.23772181205397716,0.004559289638741977,grass,0.003163068995834693,0.7851494180598626,0.19850894252907594,0.013178570415226736
grass,square,90,1.5707963267948966,10.407577497129736,11.266232937874728,grass,0.0031749566816832156,0.6494342562317651,0.34411929520059326,0.003271491885958372,grass,0.0031690128387589543,0.7172918371458139,0.2713141188648346,0.008225031150592553
grass,square,90,1.5707963267948966,10.261768082663606,11.11430029340477,grass,0.003133227981964306,0.6796985208557487,0.31383531307208884,0.0033329380901981833,grass,0.0031511204103616304,0.6984951790007813,0.29257471596846174,0.005778984620395368
grass,square,90,1.5707963267948966,11.630309988518942,10.99323893353744,grass,0.003108814652583224,0.7020795523693195,0.29135293610650004,0.0034586968715971667,grass,0.0031299675314724277,0.7002873656850505,0.29196382603748094,0.004618840745996268
grass,square,90,1.5707963267948966,10.489092996555682,10.726495726495726,grass,0.00308549481033644,0.7457666276448417,0.24692518345375034,0.004222694091071529,grass,0.0031077311709044337,0.7230269966649461,0.26944450474561565,0.0044207674185338984
grass,square,90,1.5707963267948966,9.908151549942591,10.499298379895396,grass,0.0031013596212415037,0.7765599824560571,0.21431616899494463,0.006022488927756817,grass,0.003104545396072968,0.7497934895605015,0.2418803368702801,0.005221628173145357
grass,square,90,1.5707963267948966,9.932261768082665,10.498405408853168,grass,0.003101489221116099,0.7766685614405157,0.21419679970032326,0.006033149638044977,grass,0.0031030173085945336,0.7632310255005086,0.22803856828530167,0.005627388905595167
grass,square,90,1.5707963267948966,10.896670493685418,10.501977293022067,grass,0.0031009739944437387,0.7762336328953967,0.21467467154717645,0.0059907215629831515,grass,0.003101995651519136,0.7697323291979526,0.22135661991623906,0.00580905523428916
grass,square,90,1.5707963267948966,10.694603903559129,10.528766424288811,grass,0.003097379558163088,0.7729199721675186,0.21829247964849957,0.005690168625818679,grass,0.0030996876048411124,0.7713261506827356,0.21982454978236932,0.005749611930053919
grass,square,90,1.5707963267948966,10.988518943742823,10.578772802653395,grass,0.003091943312617494,0.7664948347460022,0.22520795335830837,0.005205268583071939,grass,0.0030958154587293037,0.768910492714369,0.22251625157033886,0.00547744025656293
grass,square,90,1.5707963267948966,10.897818599311138,10.63324403622911,grass,0.0030879030920443044,0.7591502575051232,0.23298772598789866,0.004774113414933933,grass,0.0030918592753868043,0.7640303751097461,0.22775198877911876,0.005125776835748431
grass,hourglass,90,1.5707963267948966,7.786452353616533,7.786452353616533,cell_carpet,0.0020164660834506684,0.15612333702767436,0.011453777932872422,0.8304064189560025,grass,0.002554162679418736,0.46007685606871024,0.11960288335599559,0.4177660978958755
grass,hourglass,90,1.5707963267948966,5.092996555683123,6.439724454649828,cell_carpet,0.00412046313701237,0.056217949226106484,0.00619809412198445,0.9334634935148965,cell_carpet,0.0033373129082155534,0.25814740264740843,0.06290048873899003,0.6756147957053861
grass,hourglass,90,1.5707963267948966,7.828932261768084,6.902793723689246,cell_carpet,0.0023938258327083554,0.06785646126003718,0.005650887978098727,0.9240988249291557,cell_carpet,0.0028655693704619546,0.1630019319537228,0.03427568835854437,0.799856810317271
grass,hourglass,90,1.5707963267948966,10.09529276693456,7.7009184845005745,cell_carpet,0.0019802157741761303,0.1409155155964017,0.01027024099969006,0.846834027629732,cell_carpet,0.0024228925723190423,0.15195872377506225,0.022272964679117217,0.8233454189735014
grass,hourglass,90,1.5707963267948966,11.4707233065442,8.454879448909299,cell_carpet,0.0026999794079187764,0.3663468432743064,0.031224939084791875,0.5997282382329828,cell_carpet,0.0025614359901189095,0.2591527835246843,0.026748951881954544,0.7115368286032422
grass,hourglass,90,1.5707963267948966,12.66475315729047,9.156525066972828,grass,0.0034522126899924686,0.6979206998795671,0.0803580901827468,0.21826899724769372,grass,0.0030068243400556897,0.47853674170212573,0.05355352103235068,0.464902912925468
grass,hourglass,90,1.5707963267948966,12.30309988518944,9.606035755289486,grass,0.0034238233174327237,0.8058967806799356,0.11944709979322132,0.07123229620941025,grass,0.003215323828744207,0.6422167611910307,0.086500310412786,0.2680676045674391
grass,hourglass,90,1.5707963267948966,11.521239954075774,9.845436280137772,grass,0.0033199025360468822,0.819832811651973,0.1413854577356994,0.03546182807628061,grass,0.0032676131823955452,0.7310247864215019,0.11394288407424272,0.1517647163218599
grass,hourglass,90,1.5707963267948966,10.148105625717564,9.879066207424415,grass,0.003304500567484893,0.8200354120703242,0.14459310444514958,0.03206698291704137,grass,0.003286056874940219,0.7755300992459131,0.12926799425969615,0.09191584961945062
grass,hourglass,90,1.5707963267948966,11.647531572904708,10.308075009567546,grass,0.0031410603595009956,0.7973425003398562,0.19018508718896518,0.009331352111677621,grass,0.003213558617220607,0.7864362997928847,0.15972654072433068,0.050623600865564125
grass,hourglass,90,1.5707963267948966,10.97129735935706,10.961219543309095,grass,0.003103747532383463,0.707736245239685,0.28565154141261345,0.003508465815318177,grass,0.003158653074802035,0.7470862725162848,0.22268904106847207,0.02706603334044115
grass,hourglass,90,1.5707963267948966,11.277841561423651,11.34443168771527,grass,0.003200888515921122,0.6329452222752563,0.3605872738742673,0.0032666153345552434,grass,0.003179770795361579,0.6900157473957705,0.2916381574713697,0.015166324337498198
grass,hourglass,90,1.5707963267948966,11.819747416762343,11.536037759918356,grass,0.0032759014909502977,0.5900889915593794,0.40333433592001955,0.003300771029650855,grass,0.003227836143155938,0.640052369477575,0.3474862466956946,0.009233547683574527
grass,hourglass,90,1.5707963267948966,11.431687715269806,11.53170047199898,grass,0.0032740368394401547,0.5910954879770414,0.4023310034951754,0.0032994716883430566,grass,0.0032509364912980464,0.6155739287273082,0.374908625095435,0.0062665096859587915
grass,hourglass,90,1.5707963267948966,9.85419058553387,11.219415741803802,grass,0.003160844189374992,0.6590131372771351,0.3345440641827864,0.00328195435070347,grass,0.0032058903403365197,0.6372935330022217,0.35472634463911074,0.0047742320183311315
grass,hourglass,90,1.5707963267948966,6.944890929965557,10.62405919122337,grass,0.0030884473500816445,0.7604135245699467,0.23165754719851678,0.004840480881454853,grass,0.003147168845209082,0.6988535287860842,0.29319194591881376,0.004807356449892992
grass,hourglass,90,1.5707963267948966,6.105625717566015,10.02232427605562,grass,0.0032412332490024485,0.8171273060073946,0.15875247506210033,0.02087898568150269,grass,0.0031942010471057653,0.7579904173967393,0.22597221049045704,0.012843171065697842
grass,hourglass,90,1.5707963267948966,9.305396096440871,9.928689883913766,grass,0.0032820221288407166,0.8196845238196294,0.14940144057637908,0.02763201347515085,grass,0.00323811158797324,0.7888374706081842,0.187686825533418,0.02023759227042434
grass,hourglass,90,1.5707963267948966,11.738231917336396,9.938767699961732,grass,0.00327751385516536,0.819523897977597,0.15038969909629976,0.026808889070937918,grass,0.0032578127215693005,0.8041806842928907,0.1690382623148589,0.023523240670681133
grass,hourglass,90,1.5707963267948966,12.983926521239956,10.162393162393164,grass,0.003186682226266749,0.8093962488737918,0.1735509161049839,0.013866152794957485,grass,0.003222247473918025,0.8067884665833414,0.17129458920992144,0.018694696732819312
grass,hourglass,90,1.5707963267948966,13.572904707233066,10.417400178594209,grass,0.0031154401716036017,0.7860836533866268,0.20363653228250958,0.007164374159260075,grass,0.0031688438227608137,0.796436059984984,0.1874655607462155,0.012929535446039694
grass,hourglass,90,1.5707963267948966,12.080367393800229,10.44635795382064,grass,0.0031099554916123387,0.7828181503769089,0.20735146266555507,0.006720431465923709,grass,0.003139399657186576,0.7896271051809465,0.1974085117058853,0.009824983455981701
grass,hourglass,90,1.5707963267948966,11.1699196326062,10.417272611302462,grass,0.0031154655523568512,0.7860977861299736,0.20362031202537575,0.007166436292293691,grass,0.0031274326047717143,0.7878624456554602,0.20051441186563054,0.008495709874137699
grass,hourglass,90,1.5707963267948966,9.77841561423651,10.408853170047202,grass,0.0031171642609995184,0.7870255865216215,0.20255256096968968,0.00730468824768926,grass,0.0031222984328856166,0.7874440160885409,0.20153348641766014,0.007900199060913481
grass,hourglass,90,1.5707963267948966,11.020665901262916,10.861717055746908,grass,0.0030918732649776255,0.7246025423040242,0.2685819805305554,0.003723603900442764,grass,0.003107085848931621,0.7560232791962825,0.23505773347410774,0.005811901480678123
grass,hourglass,90,1.5707963267948966,9.284730195177955,11.214950886592678,grass,0.003159555333868358,0.6599150012978066,0.3336421459830046,0.003283297385320368,grass,0.00313332059139999,0.7079691402470446,0.2843499397285562,0.004547599432999246
grass,hourglass,90,1.5707963267948966,9.946039035591276,11.286133435387166,grass,0.0031812805566171004,0.6452955840355535,0.34825425771059293,0.0032688776972363987,grass,0.003157300574008545,0.6766323621412991,0.3163020987195746,0.003908238565117822
grass,hourglass,90,1.5707963267948966,10.15154994259472,11.109835438193649,grass,0.003132183963498083,0.6805516054402844,0.31298008438513747,0.003336126211080051,grass,0.0031447422687533146,0.6785919837907918,0.3146410915523561,0.003622182388098937
grass,hourglass,90,1.5707963267948966,9.695752009184844,10.744482714631967,grass,0.003085677071122896,0.7430699964199364,0.2497057882922488,0.004138538216691807,grass,0.0031152096699381053,0.7108309901053641,0.2821734399223024,0.003880360302395372
grass,hourglass,90,1.5707963267948966,10.262916188289324,10.376706212527107,grass,0.0031240759534252377,0.7904769609533252,0.19852562317631048,0.007873339916939124,grass,0.0031196428116816717,0.7506539755293448,0.24034953154930647,0.005876850109667249
grass,hourglass,90,1.5707963267948966,6.13662456946039,9.716290343156016,grass,0.0033784066939802483,0.8152930933140167,0.12938668185923813,0.05194181813276499,grass,0.00324902475283096,0.7829735344216807,0.18486810670427228,0.02890933412121612
grass,hourglass,90,1.5707963267948966,5.811710677382319,9.120933792575585,grass,0.003437102360797037,0.684179427948888,0.07736069571844605,0.2350227739718688,grass,0.0033430635568139984,0.7335764811852843,0.13111440121135917,0.13196605404654246
grass,hourglass,90,1.5707963267948966,9.246842709529275,9.061870136497005,grass,0.0034051516910038196,0.6598703802896758,0.07244659023176787,0.2642778777875524,grass,0.0033741076239089092,0.6967234307374801,0.10178049572156353,0.19812196591704745
grass,hourglass,90,1.5707963267948966,11.710677382319172,9.138538078836588,grass,0.003444962815938407,0.6910649767313477,0.07884026241444622,0.22664979803826776,grass,0.0034095352199236583,0.6938942037344139,0.09031037906800488,0.21238588197765762
grass,hourglass,90,1.5707963267948966,13.355912743972445,9.590891695369308,grass,0.0034294485813202037,0.8041535631524258,0.11809779635718504,0.074319191909069,grass,0.003419491900621931,0.7490238834434199,0.10420408771259496,0.1433525369433633
grass,hourglass,90,1.5707963267948966,14.499425947187143,10.096823574435517,grass,0.0032110718676722186,0.8135418524354749,0.16649113964263187,0.016755936054220932,grass,0.0033152818841470748,0.7812828679394475,0.13534761367761342,0.08005423649879212
grass,hourglass,90,1.5707963267948966,13.152698048220437,10.430284475060596,grass,0.003112931740441693,0.7846447690829911,0.20528130578549691,0.006960993391070175,grass,0.003214106812294384,0.7829638185112193,0.17031445973155518,0.04350761494493115
grass,hourglass,90,1.5707963267948966,14.05166475315729,10.91427477994642,grass,0.0030974062648273606,0.715828578093643,0.2774766049265655,0.0035974107149640113,grass,0.003155756538560872,0.7493961983024311,0.22389553232906034,0.02355251282994758
grass,hourglass,90,1.5707963267948966,11.351320321469576,11.035208572522006,grass,0.0031163494602902673,0.6944976740857316,0.29898102618172734,0.003404950272250752,grass,0.00313605299942557,0.7219469361940815,0.2614382792553939,0.013478731551099169
grass,hourglass,90,1.5707963267948966,11.393800229621124,11.619339201428753,grass,0.0033130806925926967,0.5704562774103815,0.42290148048491116,0.0033291614121146195,grass,0.0032245668460091333,0.6462016068022315,0.34216987987015257,0.008403946481606894
grass,hourglass,90,1.5707963267948966,11.166475315729048,12.214313050133946,rubber_carpet,0.003635954189642913,0.4186060304604778,0.5741215032623425,0.003636512087536726,grass,0.0034302605178260235,0.5324038186313547,0.4581456915662475,0.00602022928457181
grass,hourglass,90,1.5707963267948966,10.606199770378874,12.365352723561678,rubber_carpet,0.003728120640585863,0.3789928168615292,0.6135507204683855,0.003728342029499409,rubber_carpet,0.003579190579205943,0.4556983177464419,0.5358482060173165,0.004874285657035609
grass,hourglass,90,1.5707963267948966,11.439724454649827,12.33524684270953,rubber_carpet,0.0037095589615058024,0.38685331076556206,0.6057273045151241,0.003709825757807923,rubber_carpet,0.0036443747703558725,0.421275814256002,0.5707877552662204,0.0042920557074217665
grass,hourglass,90,1.5707963267948966,11.62342135476464,12.142747799464216,rubber_carpet,0.003593256236686416,0.43744385003013525,0.5553687818006184,0.0035941119325597973,rubber_carpet,0.003618815503521144,0.4293598321430686,0.5630782685334195,0.003943083819990782
grass,hourglass,90,1.5707963267948966,11.2743972445465,11.784411276948587,grass,0.0033937423949384556,0.5300159486179123,0.4631899542843107,0.0034003547028383656,rubber_carpet,0.0035062789492298,0.47968789038049053,0.5131341114088652,0.003671719261414574
grass,hourglass,90,1.5707963267948966,6.740528128587831,11.071947952544969,grass,0.003123760784401311,0.6877058640858179,0.30580317051720146,0.003367204612579237,grass,0.0033150198668155557,0.5836968772331542,0.40946864096303337,0.003519461936996905
grass,hourglass,90,1.5707963267948966,6.073478760045925,10.185482842199258,grass,0.0031786318483565017,0.8077352657388118,0.1760968546673203,0.012989247745511431,grass,0.0032468258575860287,0.695716071485983,0.2927827478151768,0.008254354841254169
grass,hourglass,90,1.5707963267948966,9.262916188289324,9.953437938512565,grass,0.003270994563095392,0.8192385690110354,0.15183578704060852,0.02565464938526076,grass,0.0032589102103407095,0.757477320248509,0.22230926742789262,0.01695450211325746
grass,hourglass,90,1.5707963267948966,11.732491389207809,9.991070289577753,grass,0.0032545444645732664,0.8182378426199559,0.15558764963953473,0.02291996327593609,grass,0.003256727337456988,0.7878575814342326,0.1889484585337137,0.01993723269459678
grass,hourglass,90,1.5707963267948966,13.18369690011481,10.21520602117617,grass,0.003168707303553439,0.8054523535702773,0.17942257650032378,0.011956362625845431,grass,0.003212717320505214,0.796654967502255,0.18418551751701873,0.015946797660221106
grass,hourglass,90,1.5707963267948966,13.993111366245696,10.59152953182804,grass,0.003090821590675521,0.7648067451388539,0.22700655499995925,0.005095878270511299,grass,0.0031517694555903675,0.7807308563205544,0.205596036258489,0.010521337965366202
grass,hourglass,90,1.5707963267948966,12.342135476463834,10.691797423140708,grass,0.0030857311857023,0.7508641910070561,0.24164619108585209,0.004403886721389361,grass,0.003118750320646334,0.7657975236638054,0.22362111367217055,0.007462612343377782
grass,hourglass,90,1.5707963267948966,10.804822043628011,10.600841944125529,grass,0.003090070623657114,0.7635620299353301,0.2283285018815461,0.0050193975594665825,grass,0.0031044104721517246,0.7646797767995678,0.22597480777685836,0.006241004951422183
grass,hourglass,90,1.5707963267948966,11.00114810562572,10.570480928689884,grass,0.003092730150329158,0.7675814947329964,0.22404643405252891,0.005279341064145521,grass,0.0030985703112404415,0.766130635766282,0.22501062091469365,0.005760173007783852
grass,hourglass,90,1.5707963267948966,10.983926521239956,11.041969638984565,grass,0.003117656695773458,0.6932586086575406,0.30022634284087013,0.0033973918058157635,grass,0.0031081135035069497,0.7296946222119114,0.2626184818777819,0.004578782406799807
grass,hourglass,90,1.5707963267948966,10.111366245694605,11.49062380405664,grass,0.0032567425697263416,0.6005471915330681,0.39290788953884476,0.0032881763583609137,grass,0.0031824280366166456,0.6651209068724897,0.3277631857083133,0.003933479382580361
grass,hourglass,90,1.5707963267948966,11.490241102181402,11.73810435004465,grass,0.003370251999486981,0.5415476210592216,0.4517033621592589,0.0033787647820326372,grass,0.0032763400180518135,0.6033342639658557,0.3897332739337861,0.003656122082306499
grass,hourglass,90,1.5707963267948966,11.055109070034442,11.662839647914277,grass,0.0033334806674881375,0.5599863390448274,0.4333339356254736,0.0033462446622106496,grass,0.0033049103427699755,0.5816603015053415,0.41153360477962986,0.0035011833722585744
grass,hourglass,90,1.5707963267948966,10.548794489092996,11.370072713356295,grass,0.0032100099460376855,0.627408139769067,0.3661139858472159,0.003267864437679513,grass,0.0032574601444038303,0.6045342206372042,0.38882379531342287,0.0033845239049690437
grass,hourglass,150,2.6179938779914944,7.602755453501721,7.602755453501721,rubber_carpet,0.00433145535240001,0.2902394462864777,0.7009382236640747,0.004490874697047685,rubber_carpet,0.00433145535240001,0.2902394462864777,0.7009382236640747,0.004490874697047685
grass,hourglass,150,2.6179938779914944,3.616532721010333,5.609644087256027,grass,0.0021326202646018925,0.5054749855233386,0.3794109902517462,0.11298140396031321,rubber_carpet,0.003232037808500951,0.39785721590490813,0.5401746069579104,0.05873613932868045
grass,hourglass,150,2.6179938779914944,3.2916188289322617,4.8369690011481055,grass,0.0016306337201334618,0.4080981098958282,0.2346377569871432,0.35563349939689515,grass,0.002431335764317207,0.40297766290036824,0.38740618197252685,0.20718481936278782
grass,hourglass,150,2.6179938779914944,2.9150401836969,4.356486796785304,cell_carpet,0.0019164134158541333,0.32389889310779235,0.16643459680665895,0.5077500966696945,grass,0.00217387459008567,0.3634382780040803,0.2769203893895929,0.35746745801624114
grass,hourglass,150,2.6179938779914944,3.722158438576349,4.229621125143513,cell_carpet,0.002573618124751717,0.3048456949662597,0.1531124274381403,0.5394682594708483,cell_carpet,0.0023737463574186935,0.33414198648517,0.2150164084138666,0.4484678587435447
grass,hourglass,150,2.6179938779914944,3.757749712973593,4.15097588978186,cell_carpet,0.0033447047895999444,0.29398558809518144,0.14579539739121716,0.5568743097240015,cell_carpet,0.002859225573509319,0.3140637872901757,0.18040590290254188,0.5026710842337732
grass,hourglass,150,2.6179938779914944,4.460390355912744,4.195177956371986,cell_carpet,0.0028663623130633564,0.2999985206246824,0.1498221851056241,0.5473129319566302,cell_carpet,0.0028627939432863377,0.3070311539574291,0.16511404400408297,0.5249920080952017
grass,hourglass,150,2.6179938779914944,4.78300803673938,4.26865671641791,cell_carpet,0.0023102705892665827,0.3105095749288083,0.1570072750597444,0.5301728794221806,cell_carpet,0.00258653226627646,0.3087703644431187,0.16106065953191367,0.5275824437586911
grass,hourglass,150,2.6179938779914944,4.86337543053961,4.334736573542544,cell_carpet,0.0019930238316428848,0.32050194120452513,0.16401299869989233,0.5134920362639396,cell_carpet,0.002289778048959673,0.31463615282382196,0.16253682911590303,0.5205372400113154
grass,hourglass,150,2.6179938779914944,6.060849598163031,4.1634137007271335,cell_carpet,0.0031970079369760744,0.29565396422717305,0.14690661134837035,0.5542424164874805,cell_carpet,0.0027433929929678736,0.3051450585254975,0.1547217202321367,0.537389828249398
grass,hourglass,150,2.6179938779914944,5.482204362801379,4.370710549815027,cell_carpet,0.0018724172657577046,0.3261483362419269,0.16804958962902966,0.5039296568632858,cell_carpet,0.002307905129362789,0.3156466973837122,0.16138565493058318,0.520659742556342
grass,hourglass,150,2.6179938779914944,6.398392652123996,4.715907641280776,cell_carpet,0.0015849179770142563,0.3860023427098736,0.21490531569333388,0.39750742361977826,cell_carpet,0.0019464115531885227,0.3508245200467929,0.18814548531195852,0.4590835830880601
grass,hourglass,150,2.6179938779914944,5.428243398392652,4.9951524429136365,grass,0.001719466181436058,0.43606292770495203,0.262510756172121,0.29970684994149094,grass,0.0018329388673122902,0.39344372387587245,0.22532812074203976,0.3793952165147755
grass,hourglass,150,2.6179938779914944,6.884041331802527,5.346472764383212,grass,0.0019540943704681804,0.4861197029004035,0.32928348355692133,0.18264271917220687,grass,0.0018935166188902353,0.439781713388138,0.27730580214948053,0.2810189678434912
grass,hourglass,150,2.6179938779914944,6.896670493685417,5.69524174001786,grass,0.0021897737989512544,0.5078594450956767,0.39518297747916137,0.09476780362621079,grass,0.0020416452089207448,0.47382057924190735,0.3362443898143209,0.18789338573485098
grass,hourglass,150,2.6179938779914944,4.483352468427095,5.697793085852787,grass,0.0021914725275366657,0.5079012662529937,0.3956479288459507,0.09425933237351901,grass,0.0021165588682287052,0.4908609227474505,0.3659461593301358,0.141076359054185
grass,hourglass,150,2.6179938779914944,3.838117106773823,5.592805204745504,grass,0.0021213303442284997,0.5047793226884072,0.376270531182979,0.11682881578438524,grass,0.0021189446062286022,0.49782012271792886,0.3711083452565574,0.12895258741928511
grass,hourglass,150,2.6179938779914944,3.5396096440872564,5.445720117361908,grass,0.002021904388200624,0.49551917243861376,0.348398973755953,0.15405994941723258,grass,0.002070424497214613,0.4966696475782713,0.3597536595062552,0.14150626841825886
grass,hourglass,150,2.6179938779914944,3.679678530424799,5.181145554279883,grass,0.0018411818599413565,0.46538002506472187,0.2974025758820652,0.23537621719327168,grass,0.0019558031785779843,0.4810248363214965,0.3285781176941602,0.1884412428057652
grass,hourglass,150,2.6179938779914944,3.809414466130884,4.995280010205383,grass,0.001719545294612422,0.4360846403816185,0.2625340301772387,0.2996617841465305,grass,0.0018376742365952031,0.45855473835155747,0.29555607393569944,0.24405151347614784
grass,hourglass,150,2.6179938779914944,4.807118254879449,4.818471743844878,grass,0.0016219562763104412,0.4047363037728746,0.23152444791091026,0.3621172920399047,grass,0.001729815256452822,0.43164552106221604,0.26354026092330485,0.3030844027580263
grass,hourglass,150,2.6179938779914944,4.436280137772675,4.708253603775992,cell_carpet,0.0015831229157343214,0.3846054369115315,0.21371107025000172,0.4001003699227324,grass,0.0016564690860935718,0.4081254789868738,0.23862566558665327,0.35159238634037937
grass,hourglass,150,2.6179938779914944,6.340987370838117,4.6479142747799465,cell_carpet,0.0015755511689985343,0.3736441121026342,0.2045322758679386,0.4202480608604286,grass,0.001616010127546053,0.39088479554475397,0.22157897072729593,0.385920223600404
grass,hourglass,150,2.6179938779914944,6.361653272101034,4.588467916826126,cell_carpet,0.001582944495846896,0.3629869508138889,0.19591070289811888,0.4395194017921453,cell_carpet,0.0015994773116964746,0.3769358731793215,0.20874483681270742,0.4127198126962747
grass,hourglass,150,2.6179938779914944,6.524684270952928,4.815282561551218,grass,0.0016205102827447882,0.40415567364795396,0.23099109975250368,0.3632327163167975,grass,0.0016099937972206314,0.3905457734136377,0.21986796828260555,0.3879762645065361
grass,hourglass,150,2.6179938779914944,7.827784156142365,5.258578900369945,grass,0.0018939002717724442,0.47582684242911466,0.3122980751306193,0.2099811821684936,grass,0.0017519470344965378,0.4331863079213762,0.2660830217066124,0.29897872333751485
grass,hourglass,150,2.6179938779914944,6.587830080367393,5.597270059956627,grass,0.0021243256115204075,0.5049710836067607,0.37710437570080413,0.11580021508091472,grass,0.0019381363230084729,0.4690786957640685,0.3215936987037083,0.2073894692092148
grass,hourglass,150,2.6179938779914944,7.780711825487945,6.052940426074754,grass,0.002430449393499843,0.49862910133060795,0.45736653563091595,0.04157391364497627,grass,0.002184292858254158,0.48385389854733823,0.3894801171673121,0.12448169142709553
grass,hourglass,150,2.6179938779914944,7.8300803673938,6.4996810817706345,rubber_carpet,0.0027771182050970737,0.4549587365947896,0.5288505361341167,0.013413609065996694,grass,0.0024807055316756156,0.4694063175710639,0.4591653266507144,0.06894765024654612
grass,hourglass,150,2.6179938779914944,10.423650975889782,7.123740272994005,rubber_carpet,0.0034879512858049283,0.3653909956858923,0.6264638019032283,0.004657251125074503,rubber_carpet,0.002984328408740272,0.4173986566284781,0.5428145642769713,0.03680245068581031
grass,hourglass,150,2.6179938779914944,3.836969001148105,7.057150146702385,rubber_carpet,0.0033942089581286824,0.37569085401029173,0.616009493960666,0.004905443070913605,rubber_carpet,0.0031892686834344773,0.39654475531938493,0.5794120291188186,0.020853946878361958
grass,hourglass,150,2.6179938779914944,3.5407577497129736,6.746013522132925,rubber_carpet,0.0030169131094774505,0.4219775428164254,0.5672986164515812,0.0077069276225159205,rubber_carpet,0.003103090896455964,0.40926114906790517,0.5733553227852,0.014280437250438939
grass,hourglass,150,2.6179938779914944,3.473019517795638,6.425054216098992,rubber_carpet,0.002712616701674764,0.4639753646324403,0.517155000877434,0.016157017788450887,rubber_carpet,0.002907853799065364,0.43661825685017275,0.5452551618313171,0.015218727519444912
grass,hourglass,150,2.6179938779914944,4.04707233065442,6.149764000510269,grass,0.0024989666465047,0.4916001486127693,0.4732720560671336,0.0326288286735925,rubber_carpet,0.002703410222785032,0.46410920273147105,0.5092636089492253,0.023923778096518706
grass,hourglass,150,2.6179938779914944,3.3949483352468426,5.657226687077433,grass,0.0021644342292468184,0.5070368133800511,0.38821925502059507,0.10257949737010696,grass,0.0024339222260159254,0.4855730080557611,0.4487414319849102,0.06325163773331284
grass,hourglass,150,2.6179938779914944,4.233065442020666,5.395586171705575,grass,0.0019877023514299048,0.49107805199884036,0.3387617685331859,0.1681724771165439,grass,0.002210812288722915,0.4883255300273007,0.39375160025904804,0.11571205742492838
grass,hourglass,150,2.6179938779914944,3.8702640642939135,4.961091976017348,grass,0.0016986724973188554,0.43020610177007446,0.2563378873412079,0.31175733839139885,grass,0.001954742393020885,0.4592658158986876,0.32504474380012793,0.21373469790816363
grass,hourglass,150,2.6179938779914944,3.926521239954076,4.527363184079602,cell_carpet,0.0016126703237221783,0.3522507969400964,0.18749774540238934,0.45863878733379204,grass,0.0017837063583715316,0.40575830641939203,0.2562712446012586,0.3361867426209778
grass,hourglass,150,2.6179938779914944,4.78300803673938,3.900625079729557,cell_carpet,0.01009683750221952,0.26410134878948693,0.12671863957479698,0.5990831741334967,cell_carpet,0.005940271930295526,0.33492982760443946,0.1914949420880278,0.46763495837723723
grass,hourglass,150,2.6179938779914944,4.529276693455798,3.977548156652634,cell_carpet,0.006996642171316857,0.2725820087609963,0.13196437097852,0.5884569780891667,cell_carpet,0.006468457050806192,0.3037559181827179,0.16172965653327395,0.528045968233202
grass,hourglass,150,2.6179938779914944,5.1733639494833525,4.15894884551601,cell_carpet,0.0032487703243885887,0.2950529397427132,0.14650576344335814,0.55519252648954,cell_carpet,0.00485861368759739,0.2994044289627156,0.15411770998831603,0.541619247361371
grass,hourglass,150,2.6179938779914944,6.184845005740529,4.460262788620998,cell_carpet,0.0016830435458615458,0.34079075518098706,0.17879297068892294,0.47873323058422845,cell_carpet,0.0032708286167294678,0.3200975920718513,0.16645534033861947,0.5101762389727997
grass,hourglass,150,2.6179938779914944,5.487944890929966,4.6203597397627245,cell_carpet,0.0015768079436251279,0.36868244335624145,0.20048311545472672,0.42925763324540667,cell_carpet,0.002423818280177298,0.34439001771404637,0.18346922789667308,0.4697169361091032
grass,hourglass,150,2.6179938779914944,6.33524684270953,4.947059573925245,grass,0.0016903161621705455,0.42776118018580556,0.25381976622718283,0.3167287374248411,cell_carpet,0.0020570672211739217,0.38607559894992594,0.21864449706192796,0.3932228367669721
grass,hourglass,150,2.6179938779914944,10.228473019517796,5.613215971424927,grass,0.0021350128565415577,0.5056129175455245,0.38007561924713157,0.11217645035080237,grass,0.0020960400388577395,0.4458442582477252,0.29936005815452976,0.25269964355888724
grass,hourglass,150,2.6179938779914944,4.815154994259471,5.718203852532211,grass,0.0022050557149604403,0.5081757280090811,0.3993564340160265,0.09026278225993208,grass,0.0021505478769090897,0.47700999312840314,0.3493582460852781,0.17148121290940965
grass,hourglass,150,2.6179938779914944,3.622273249138921,5.684398520219416,grass,0.0021825517841083,0.5076629841646616,0.3932035211415917,0.09695094290963834,grass,0.002166549830508695,0.49233648864653234,0.3712808836134349,0.134216077909524
grass,hourglass,150,2.6179938779914944,4.140068886337543,5.6129608368414345,grass,0.002134841982492259,0.5056031769607625,0.3800281637148735,0.11223381734187166,grass,0.0021506959065004778,0.4989698328036475,0.37565452366415425,0.12322494762569784
grass,hourglass,150,2.6179938779914944,3.836969001148106,5.536037759918357,grass,0.0020831322974920823,0.5018809621822675,0.36560040289234663,0.13043550262789386,grass,0.0021169141019962796,0.5004253974929574,0.3706274632782504,0.12683022512679581
grass,hourglass,150,2.6179938779914944,4.584385763490242,5.470595739252456,grass,0.002038821947257719,0.4974839433575644,0.35316017209215006,0.14731706260302793,grass,0.0020778680246269993,0.4989546704252609,0.36189381768520024,0.1370736438649119
grass,hourglass,150,2.6179938779914944,3.8300803673938,5.208955223880597,grass,0.0018600503010514674,0.4692702236439217,0.302738077780778,0.2261316482742488,grass,0.0019689591628392336,0.48411244703459133,0.3323159477329891,0.18160264606958035
grass,hourglass,150,2.6179938779914944,3.903559127439725,5.032912361270571,grass,0.0017432315528073178,0.44240938572058053,0.2694467750352151,0.2864006076913972,grass,0.0018560953578232757,0.46326091637758593,0.3008813613841021,0.23400162688048876
grass,hourglass,150,2.6179938779914944,3.761194029850746,4.74690649317515,grass,0.0015937593466395306,0.3916672027026285,0.21980897410438355,0.38693006384634826,grass,0.0017249273522314033,0.4274640595401073,0.2603451677442429,0.31046584536341854
grass,hourglass,150,2.6179938779914944,4.831228473019518,4.147212654675341,cell_carpet,0.0033915904873475294,0.293484425358553,0.14546251346437147,0.5576614706897279,cell_carpet,0.0025582589197894667,0.3604742424493302,0.2029038406043072,0.43406365802657326
grass,hourglass,150,2.6179938779914944,5.322617680826635,4.203597397627248,cell_carpet,0.002788933229459657,0.30117030635720876,0.15061397229725304,0.5454267881160785,cell_carpet,0.002673596074624562,0.3308222744032695,0.17675890645078013,0.48974522307132584
grass,hourglass,150,2.6179938779914944,6.111366245694604,4.480163286133435,cell_carpet,0.0016571011862228312,0.3441493945101686,0.18131604816334065,0.4728774561402678,cell_carpet,0.002165348630423697,0.3374858344567191,0.17903747730706038,0.48131133960579686
grass,hourglass,150,2.6179938779914944,6.456946039035592,4.737594080877663,cell_carpet,0.001590853621891533,0.3899645548134518,0.21832467711816086,0.3901199144464958,cell_carpet,0.0018781011261576148,0.36372519463508546,0.19868107721261064,0.4357156270261463
grass,hourglass,150,2.6179938779914944,6.274397244546498,5.008419441255263,grass,0.0017277387589270444,0.4383114980967652,0.26493715509247373,0.295023608051834,grass,0.0018029199425423298,0.40101834636592537,0.2318091161525422,0.36536961753899017
grass,hourglass,150,2.6179938779914944,7.7164179104477615,5.35642301313943,grass,0.001960908794093171,0.48717171406653426,0.3312057190079876,0.17966165813138493,grass,0.0018819143683177504,0.4440950302162298,0.28150741758026493,0.27251563783518756
linoleum,straight,-180,-3.141592653589793,0.7083811710677382,0.7083811710677382,linoleum,0.5730865199074997,0.1754913071125827,0.14580815348817594,0.10561401949174172,linoleum,0.5730865199074997,0.1754913071125827,0.14580815348817594,0.10561401949174172
linoleum,straight,-180,-3.141592653589793,2.065442020665901,1.3869115958668197,linoleum,0.6855592011832572,0.10324117471581475,0.0719211121422115,0.13927851195871666,linoleum,0.6293228605453784,0.13936624091419872,0.10886463281519372,0.12244626572522918
linoleum,straight,-180,-3.141592653589793,1.1940298507462686,1.322617680826636,linoleum,0.6881687324074685,0.1047813262005276,0.07397113988804856,0.13307880150395535,linoleum,0.6587457964764234,0.12207378355736316,0.09141788635162114,0.12776253361459228
linoleum,straight,-180,-3.141592653589793,0.886337543053961,1.2135476463834671,linoleum,0.6868640877066244,0.10946725988296147,0.07917254263232212,0.12449610977809196,linoleum,0.6728049420915239,0.1157705217201623,0.08529521449197164,0.1261293216963421
linoleum,straight,-180,-3.141592653589793,0.9368541905855338,1.1582089552238806,linoleum,0.6833765903713243,0.11291904951672711,0.08274346385081205,0.12096089626113649,linoleum,0.6780907662314242,0.11434478561844473,0.08401933917139186,0.12354510897873931
linoleum,straight,-180,-3.141592653589793,1.0195177956371986,1.1350937619594337,linoleum,0.6813384085109165,0.11459040393580866,0.08444107115238215,0.1196301164008925,linoleum,0.6797145873711703,0.1144675947771267,0.084230205161887,0.12158761268981591
linoleum,straight,-180,-3.141592653589793,0.9793340987370838,1.112842381499098,linoleum,0.6790455207075428,0.11633235898097403,0.0861969041202248,0.1184252161912583,linoleum,0.6793800540393566,0.1153999768790504,0.08521355464105591,0.12000641444053714
linoleum,straight,-180,-3.141592653589793,1.0482204362801375,1.1047646383467278,linoleum,0.6781318091096915,0.11699774463136028,0.08686480062551859,0.11800564563342969,linoleum,0.678755931574524,0.11619886075520532,0.08603917763328724,0.11900603003698339
linoleum,straight,-180,-3.141592653589793,0.6704936854190586,1.0565123102436536,linoleum,0.6717526790088392,0.1213511652155431,0.09120942956300618,0.11568672621261163,linoleum,0.6752543052916816,0.11877501298537423,0.08862430359814673,0.11734637812479752
linoleum,straight,-180,-3.141592653589793,0.7428243398392652,1.0603393289960452,linoleum,0.6723170645777256,0.12098165639700144,0.09084191628763805,0.11585936273763484,linoleum,0.6737856849347036,0.11987833469118783,0.08973310994289238,0.11660287043121617
linoleum,straight,-180,-3.141592653589793,1.3340987370838115,0.979078964153591,linoleum,0.6580906413548233,0.12977404458553168,0.09956298373478156,0.11257233032486344,linoleum,0.6659381631447634,0.12482618963835976,0.09464804683883697,0.1145876003780398
linoleum,straight,-180,-3.141592653589793,1.2985074626865671,0.9906875877025132,linoleum,0.6604168706644399,0.12839290737823356,0.09819432344984179,0.11299589850748469,linoleum,0.6631775169046017,0.12660954850829664,0.09642118514433938,0.11379174944276224
linoleum,straight,-180,-3.141592653589793,0.9931113662456948,1.002551345834928,linoleum,0.6626912465809545,0.1270255508464247,0.09683938571316715,0.11344381685945375,linoleum,0.6629343817427781,0.12681754967736067,0.09663028542875327,0.11361778315110799
linoleum,straight,-180,-3.141592653589793,0.870264064293915,0.9951524429136368,linoleum,0.6612849753546871,0.1278731102766235,0.09767925551116087,0.11316265885752856,linoleum,0.6621096785487326,0.12734532997699208,0.09715477046995707,0.11339022100431828
linoleum,straight,-180,-3.141592653589793,0.7669345579793342,0.9670876387294298,linoleum,0.6555819333806139,0.13124623349971554,0.10102225741579576,0.11214957570387486,linoleum,0.6588458059646732,0.12929578173835382,0.09908851394287642,0.11276989835409656
linoleum,straight,-180,-3.141592653589793,0.7864523536165328,0.9456563337160352,linoleum,0.6508268133022155,0.13399474460491267,0.10374867343808422,0.11142976865478765,linoleum,0.6548363096334443,0.13164526317163322,0.10141859369048029,0.11209983350444208
linoleum,straight,-180,-3.141592653589793,0.8140068886337544,0.9196326061997704,linoleum,0.6445761674446574,0.1375394496413907,0.10727082658837668,0.11061355632557512,linoleum,0.649706238539051,0.134592356406512,0.1043447101394285,0.11135669491500863
linoleum,straight,-180,-3.141592653589793,0.7807118254879448,0.9318790662074244,linoleum,0.647583450951795,0.13584264842107366,0.10558383550160896,0.11099006512552237,linoleum,0.6486448447454229,0.13521750241379282,0.10496427282051873,0.1111733800202655
linoleum,straight,-180,-3.141592653589793,0.8668197474167624,0.9456563337160352,linoleum,0.6508268133022155,0.13399474460491267,0.10374867343808422,0.11142976865478765,linoleum,0.6497358290238192,0.13460612350935275,0.10435647312930148,0.11130157433752658
linoleum,straight,-180,-3.141592653589793,0.7370838117106774,0.8793213420079091,linoleum,0.6338345623616135,0.14349431768770343,0.11320909532869465,0.10946202462198835,linoleum,0.6417851956927164,0.13905022059852812,0.10878278422899808,0.11038179947975747
linoleum,straight,-180,-3.141592653589793,0.7715269804822042,0.8207679550963133,linoleum,0.6158573112074568,0.1531932171444012,0.12295571640700201,0.10799375524114,linoleum,0.6288212534500867,0.1461217188714647,0.11586925031800006,0.10918777736044875
linoleum,straight,-180,-3.141592653589793,0.8553386911595867,0.8054598800867458,linoleum,0.6106799405279483,0.15594105854755888,0.1257365922590243,0.10764240866546851,linoleum,0.6197505969890175,0.15103138870951177,0.1208029212885122,0.10841509301295862
linoleum,straight,-180,-3.141592653589793,0.9460390355912744,0.8138793213420079,linoleum,0.6135523514965309,0.1544186714169741,0.12419477101861838,0.10783420606787657,linoleum,0.6166514742427741,0.15272503006324292,0.12249884615356527,0.10812464954041756
linoleum,straight,-180,-3.141592653589793,0.727898966704937,0.8095420334226304,linoleum,0.612080230582692,0.15519954172481082,0.1249852549073018,0.10773497278519545,linoleum,0.6143658524127331,0.15396228589402688,0.12374205053043352,0.1079298111628065
linoleum,straight,-180,-3.141592653589793,0.8495981630309989,0.8165582344686823,linoleum,0.6144535467856886,0.15393995825806372,0.12371053016351995,0.1078959647927277,linoleum,0.6144096995992109,0.1539511220760453,0.12372629034697674,0.1079128879777671
linoleum,straight,-180,-3.141592653589793,3.3501722158438576,1.0983543819364714,linoleum,0.677375592056335,0.11753848600183306,0.08740664184967102,0.117679280092161,linoleum,0.645892645827773,0.13574480403893918,0.10556646609832387,0.11279608403496405
linoleum,straight,-180,-3.141592653589793,1.0516647531572905,1.1284602627886209,linoleum,0.6806890582354791,0.11509588484207961,0.0849518037324159,0.1192632531900255,linoleum,0.663290852031626,0.12542034444050937,0.09525913491536986,0.11602966861249475
linoleum,straight,-180,-3.141592653589793,0.8197474167623421,1.1232300038270189,linoleum,0.6801566406017308,0.11550268105224906,0.0853620613817558,0.11897861696426446,linoleum,0.6717237463166784,0.12046151274637923,0.09031059814856283,0.11750414278837962
linoleum,straight,-180,-3.141592653589793,0.9437428243398394,1.1461921163413702,linoleum,0.6823603796597935,0.11377059403664508,0.0836102397848422,0.12025878651871923,linoleum,0.677042062988236,0.11711605339151217,0.08696041896670252,0.11888146465354944
linoleum,straight,-180,-3.141592653589793,0.9747416762342136,1.1687715269804824,linoleum,0.68419283368783,0.11220114269482945,0.08200920273535804,0.12159682088198258,linoleum,0.680617448338033,0.1146585980431708,0.08448481085103028,0.12023914276776601
linoleum,straight,-180,-3.141592653589793,1.3318025258323765,1.2217119530552367,linoleum,0.6872151692274043,0.10902144282123961,0.07870174153071421,0.1250616464206418,linoleum,0.6839163087827187,0.1118400204322052,0.08159327619087225,0.1226503945942039
linoleum,straight,-180,-3.141592653589793,0.931113662456946,1.2200535782625337,linoleum,0.687147220339533,0.10911070984611923,0.07879624720012467,0.12494582261422298,linoleum,0.6855317645611259,0.11047536513916222,0.08019476169549847,0.12379810860421345
linoleum,straight,-180,-3.141592653589793,1.12743972445465,1.264446995790279,linoleum,0.6883789971253443,0.1069437692728981,0.07645898238138148,0.12821825122037606,linoleum,0.6869553808432352,0.10870956720603016,0.07832687203843997,0.12600817991229474
linoleum,straight,-180,-3.141592653589793,1.0838117106773824,1.290470723306544,linoleum,0.6885389037641727,0.10588357217804072,0.0752682606601043,0.13030926339768223,linoleum,0.6877471423037039,0.10729656969203544,0.07679756634927212,0.12815872165498848
linoleum,straight,-180,-3.141592653589793,0.9885189437428245,1.028064804184207,linoleum,0.667234916686335,0.12423305483363672,0.0940710950878445,0.11446093339218386,linoleum,0.6774910294950194,0.11576481226283608,0.08543433071855831,0.12130982752358617
linoleum,straight,-180,-3.141592653589793,1.3582089552238807,1.062125271080495,linoleum,0.6725769577984452,0.12081067366993842,0.09067179778828592,0.11594057074333043,linoleum,0.6750339936467323,0.11828774296638728,0.08805306425342213,0.11862519913345833
linoleum,straight,-180,-3.141592653589793,0.9012629161882892,1.071182548794489,linoleum,0.673860969492766,0.11995770949462567,0.08982252673125272,0.11635879428135566,linoleum,0.6744474815697491,0.11912272623050645,0.08893779549233742,0.11749199670740697
linoleum,straight,-180,-3.141592653589793,1.1894374282433984,1.0984819492282178,linoleum,0.6773909107350817,0.11752761461620398,0.08739575605264495,0.11768571859606942,linoleum,0.6759191961524154,0.11832517042335522,0.08816677577249118,0.1175888576517382
linoleum,straight,-180,-3.141592653589793,1.3834672789896671,1.1438959050899349,linoleum,0.6821555319873035,0.11393756687577361,0.08377972794093082,0.12012717319599218,linoleum,0.6790373640698595,0.11613136864956441,0.08597325185671101,0.11885801542386519
linoleum,straight,-180,-3.141592653589793,1.0309988518943742,1.1104732746523789,linoleum,0.6787820579916763,0.11652566717094677,0.08639108191589703,0.11830119292147986,linoleum,0.6789097110307679,0.11632851791025559,0.08618216688630402,0.11857960417267252
linoleum,straight,-180,-3.141592653589793,0.7807118254879448,1.093761959433601,linoleum,0.676816807509212,0.11793285471506018,0.08780133196762428,0.11744900580810357,linoleum,0.6778632592699899,0.11713068631265786,0.08699174942696414,0.11801430499038801
linoleum,straight,-180,-3.141592653589793,0.9758897818599312,1.0769230769230769,linoleum,0.6746454919102063,0.11942926144117318,0.08929579103544627,0.11662945561317425,linoleum,0.676254375590098,0.11827997387691552,0.0881437702312052,0.11732188030178113
linoleum,straight,-180,-3.141592653589793,0.9345579793340988,1.0603393289960454,linoleum,0.6723170645777256,0.12098165639700141,0.09084191628763802,0.11585936273763486,linoleum,0.6742857200839119,0.11963081513695847,0.08949284325942161,0.116590621519708
linoleum,straight,-180,-3.141592653589793,0.9437428243398392,1.055364204617936,linoleum,0.6715813727641267,0.12146284918136216,0.09132047757455002,0.11563530047996105,linoleum,0.6729335464240193,0.12054683215916032,0.0904066604169858,0.11611296099983454
linoleum,straight,-180,-3.141592653589793,0.2101033295063145,0.92779691287154,linoleum,0.6465940907407197,0.136402539641082,0.10614027546876836,0.11086309414942994,linoleum,0.6597638185823695,0.12847468590012118,0.09827346794287709,0.11348802757463224
linoleum,straight,-180,-3.141592653589793,2.3249138920780714,1.0859803546370712,linoleum,0.6758373884592618,0.11861448311954645,0.08848265267314419,0.11706547574804761,linoleum,0.6678006035208156,0.12354458450983379,0.09337806030801062,0.1152767516613399
linoleum,straight,-180,-3.141592653589793,0.983926521239954,1.063145809414466,linoleum,0.6727244738809322,0.12071338370556371,0.09057498207840578,0.1159871603350984,linoleum,0.6702625387008738,0.12212898410769875,0.0919765211932082,0.11563195599821915
linoleum,straight,-180,-3.141592653589793,0.8909299655568312,1.0084194412552625,linoleum,0.6637780695805381,0.1263655131649788,0.0961852756757897,0.11367114157869353,linoleum,0.6670203041407059,0.12424724863633876,0.09408089843449896,0.11465154878845635
linoleum,straight,-180,-3.141592653589793,0.9058553386911596,0.9945146064549052,linoleum,0.6611618608765816,0.12794698142842062,0.0977524545813768,0.11313870311362108,linoleum,0.6640910825086437,0.1260971150323797,0.09591667650793788,0.1138951259510387
linoleum,straight,-180,-3.141592653589793,0.8277841561423651,0.9997448654165072,linoleum,0.6621625632565137,0.12734501764712147,0.0971559608264933,0.1133364582698715,linoleum,0.6631268228825787,0.1267210663397506,0.09653631866721561,0.11361579211045512
linoleum,straight,-180,-3.141592653589793,1.1205510907003444,1.0158183441765531,linoleum,0.6651127062055752,0.12554849611572572,0.09537545900236064,0.11396333867633836,linoleum,0.664119764544077,0.12613478122773816,0.09595588883478812,0.11378956539339674
linoleum,straight,-180,-3.141592653589793,0.9908151549942594,1.0220691414721266,linoleum,0.6662093907199426,0.1248713639820087,0.09470412576511043,0.11421511953293839,linoleum,0.6651645776320098,0.12550307260487342,0.09533000729994928,0.11400234246316757
linoleum,straight,-180,-3.141592653589793,0.8622273249138922,1.0130118637581325,linoleum,0.6646111380703474,0.12585641165930497,0.09568068307986367,0.11385176719048395,linoleum,0.6648878578511785,0.1256797421320892,0.09550534518990647,0.11392705482682576
linoleum,straight,-180,-3.141592653589793,0.981630309988519,1.0987370838117108,linoleum,0.677421515198221,0.117505885324642,0.08737399703925676,0.11769860243788034,linoleum,0.6711546865246998,0.12159281372836561,0.09143967111458162,0.11581282863235305
linoleum,straight,-180,-3.141592653589793,0.8541905855338691,0.9353233830845772,linoleum,0.6484081066875669,0.1353746543157543,0.10511887868364697,0.11109836031303189,linoleum,0.6597813966061333,0.12848373402205995,0.0982792748991143,0.11345559447269246
linoleum,straight,-180,-3.141592653589793,0.8208955223880599,0.9172088276565888,linoleum,0.6439669902397768,0.13788139057025525,0.10761103400409013,0.11054058518587784,linoleum,0.651874193422955,0.1331825622961576,0.10294515445160221,0.11199808982928515
linoleum,straight,-180,-3.141592653589793,0.931113662456946,0.9216736828677128,linoleum,0.6450855635051663,0.1372530728572242,0.10698596659711038,0.11067539704049904,linoleum,0.6484798784640607,0.13521781757669094,0.10496556052435631,0.11133674343489211
linoleum,straight,-180,-3.141592653589793,0.801377726750861,0.9100650593187906,linoleum,0.6421444637693962,0.13890106893166806,0.10862606242307268,0.11032840487586315,linoleum,0.6453121711167283,0.13705944325417949,0.10679581147371447,0.1108325741553776
linoleum,straight,-180,-3.141592653589793,0.8897818599311137,0.916953693073096,linoleum,0.6439025963026903,0.13791750257214794,0.10764696793425903,0.1105329331909027,linoleum,0.6446073837097094,0.13748847291316374,0.10722138970398677,0.11068275367314016
linoleum,straight,-180,-3.141592653589793,0.8507462686567164,0.886975379512693,linoleum,0.6359748139526437,0.14231933147445952,0.11203493541096925,0.10967091916192753,linoleum,0.6402910988311765,0.13990390219381163,0.10962816255747801,0.11017683641753384
linoleum,straight,-180,-3.141592653589793,0.9402985074626866,0.8813624186758515,linoleum,0.6344099617124821,0.14317892963126083,0.11289380161675469,0.10951730703950244,linoleum,0.6373505302718293,0.14154141591253622,0.11126098208711635,0.10984707172851814
linoleum,straight,-180,-3.141592653589793,0.9460390355912744,0.8906748309733383,linoleum,0.6369922080214829,0.14175894396588049,0.11147539143004544,0.10977345658259115,linoleum,0.6371713691466562,0.1416501799392084,0.11136818675858091,0.10981026415555466
linoleum,straight,-180,-3.141592653589793,0.8473019517795637,0.87574945783901,linoleum,0.632819423482046,0.14404986267423422,0.11376470609519411,0.10936600774852571,linoleum,0.6349953963143511,0.1428500213067213,0.11256644642688751,0.10958813595204019
linoleum,straight,-180,-3.141592653589793,0.6360505166475316,0.8515116724071948,linoleum,0.6256534135176008,0.14794239426601472,0.11766640548842998,0.1087377867279545,linoleum,0.630324404915976,0.14539620778636803,0.11511642595765875,0.10916296133999734
linoleum,straight,-180,-3.141592653589793,5.2629161882893225,1.3450695241740018,linoleum,0.6875401061234968,0.10414428747880272,0.07317481257121099,0.1351407938264896,linoleum,0.6589322555197363,0.12477024763258537,0.09414561926443488,0.12215187758324347
linoleum,straight,-180,-3.141592653589793,1.532721010332951,1.4119147850491136,linoleum,0.6838728555727109,0.10287438417335851,0.0713098585123726,0.14194290174155783,linoleum,0.6714025555462236,0.11382231590297194,0.08272773888840373,0.13204738966240065
linoleum,straight,-180,-3.141592653589793,1.2181400688863375,1.4582217119530554,linoleum,0.67975337213688,0.10252909677252608,0.07043887739627279,0.14727865369432105,linoleum,0.6755779638415519,0.10817570633774902,0.07658330814233828,0.1396630216783609
linoleum,straight,-180,-3.141592653589793,0.5774971297359357,1.4235234085980355,linoleum,0.6829618871345873,0.10274734295128486,0.07106007905537623,0.14323069085875165,linoleum,0.6792699254880695,0.10546152464451691,0.07382169359885725,0.14144685626855624
linoleum,straight,-180,-3.141592653589793,0.8897818599311137,1.427860696517413,linoleum,0.6826006579732314,0.1027068627721783,0.0709722084599413,0.14372027079464897,linoleum,0.6809352917306505,0.10408419370834761,0.07239695102939928,0.14258356353160262
linoleum,straight,-180,-3.141592653589793,0.9862227324913894,1.432963388187269,linoleum,0.6821611334651073,0.10266408681108649,0.07087260165351987,0.1443021780702863,linoleum,0.6815482125978789,0.10337414025971706,0.07163477634145957,0.14344287080094448
linoleum,straight,-180,-3.141592653589793,0.7990815154994259,1.41663477484373,linoleum,0.683512266723329,0.10281943940522181,0.07120572577358729,0.14246256809786187,linoleum,0.682530239660604,0.10309678983246946,0.07142025105752343,0.14295271944940321
linoleum,straight,-180,-3.141592653589793,0.9115958668197476,1.4237785431815282,linoleum,0.682940952779477,0.10274485678459644,0.07105482841555838,0.14325936202036826,linoleum,0.6827355962200405,0.10292082330853294,0.0712375397365409,0.14310604073488575
linoleum,straight,-180,-3.141592653589793,0.8691159586681975,1.4496747034060469,linoleum,0.6806114146468081,0.10256052780949278,0.07057467146801996,0.14625338607567914,linoleum,0.6816735054334243,0.10274067555901287,0.07090610560228043,0.14467971340528246
linoleum,straight,-180,-3.141592653589793,0.8874856486796786,0.9635157545605308,linoleum,0.6548137049401008,0.13169380016556628,0.10146602026728176,0.1120264746270512,linoleum,0.6682436051867626,0.11721723786228957,0.0861860629347811,0.12835309401616685
linoleum,straight,-180,-3.141592653589793,0.9873708381171068,0.9029212909809926,linoleum,0.6402813345587405,0.1399385568804121,0.1096596562587712,0.11012045230207626,linoleum,0.6542624698727515,0.12857789737135084,0.09792285959677614,0.11923677315912155
linoleum,straight,-180,-3.141592653589793,0.8656716417910446,0.8637581324148489,linoleum,0.6293348564854585,0.1459487617285464,0.1156661299772806,0.10905025180871457,linoleum,0.6417986631791051,0.13726332954994863,0.10679449478702838,0.11414351248391806
linoleum,straight,-180,-3.141592653589793,1.1435132032146955,0.926648807245822,linoleum,0.646313483627557,0.13656103494605284,0.10629783112298696,0.11082765030340315,linoleum,0.644056073403331,0.13691218224800072,0.10654616295500767,0.1124855813936606
linoleum,straight,-180,-3.141592653589793,0.7784156142365098,0.9142747799464218,linoleum,0.643223349825906,0.13829804085028918,0.1080256887926056,0.11045292053119932,linoleum,0.6436397116146185,0.13760511154914495,0.10728592587380664,0.11146925096242996
linoleum,straight,-180,-3.141592653589793,0.6819747416762343,0.8804694476336268,linoleum,0.6341586427631414,0.14331672729576223,0.11303154642357592,0.10949308351752036,linoleum,0.63889917718888,0.14046091942245362,0.1101587361486913,0.11048116723997518
linoleum,straight,-180,-3.141592653589793,0.8071182548794489,0.8813624186758515,linoleum,0.6344099617124821,0.14317892963126083,0.11289380161675469,0.10951730703950244,linoleum,0.6366545694506811,0.1418199245268572,0.11152626888272299,0.1099992371397388
linoleum,straight,-180,-3.141592653589793,1.0091848450057406,0.8922056384742952,linoleum,0.6374099581400879,0.14152848707948237,0.11124536361005757,0.10981619117037213,linoleum,0.6370322637953845,0.1416742058031698,0.11138581624639028,0.10990771415505546
linoleum,straight,-180,-3.141592653589793,0.9334098737083812,0.8993494068120934,linoleum,0.6393344648844341,0.14046402318579684,0.11018348748294547,0.11001802444682346,linoleum,0.6381833643399093,0.14106911449448334,0.11078465186466788,0.10996286930093946
linoleum,straight,-180,-3.141592653589793,1.024110218140069,0.9145299145299146,linoleum,0.6432882848490221,0.13826169182671383,0.10798950867231365,0.11046051465195039,linoleum,0.6407358245944657,0.13966540316059858,0.10938708026849076,0.11021169197644493
linoleum,straight,-180,-3.141592653589793,0.6716417910447761,0.8794489092996556,linoleum,0.6338706244362359,0.1434745619642418,0.11318934273263473,0.10946547086688754,linoleum,0.6373032245153508,0.14156998256242023,0.11128821150056276,0.10983858142166625
linoleum,straight,-180,-3.141592653589793,4.985074626865672,1.3371603520857254,linoleum,0.6877962001825015,0.10435639965131996,0.07344527319122551,0.134402126974953,linoleum,0.6625497123489262,0.12296319110687011,0.09236674234589415,0.12212035419830963
linoleum,straight,-180,-3.141592653589793,1.4041331802525832,1.3661181273121572,linoleum,0.6866752000814392,0.10364424744292101,0.07250735585173879,0.1371731966239009,linoleum,0.6746124562151827,0.11330371927489556,0.08243704909881647,0.12964677541110525
linoleum,straight,-180,-3.141592653589793,0.8920780711825488,1.3787472891950503,linoleum,0.6860283821844273,0.1033887463490226,0.07214274791178746,0.13844012355476262,linoleum,0.680320419199805,0.10834623281195908,0.07728989850530196,0.13404344948293395
linoleum,straight,-180,-3.141592653589793,0.7543053960964409,1.3867840285750734,linoleum,0.6855668404039406,0.10324337470972454,0.07192449093069347,0.13926529395564147,linoleum,0.6829436298018727,0.10579480376084181,0.07460719471799772,0.1366543717192877
linoleum,straight,-180,-3.141592653589793,0.8966704936854191,1.3967342773312923,linoleum,0.6849415844592014,0.10308182447798696,0.07166892271755974,0.14030766834525193,linoleum,0.6839426071305371,0.1044383141194144,0.07313805871777875,0.13848102003226984
linoleum,straight,-180,-3.141592653589793,0.8289322617680828,1.376706212527108,linoleum,0.6861394149317042,0.10342779379575717,0.07219987589802886,0.13823291537450977,linoleum,0.6850410110311207,0.10393305395758579,0.0726689673079038,0.1383569677033898
linoleum,straight,-180,-3.141592653589793,1.0206659012629162,1.386401326699834,linoleum,0.6855896993422276,0.10324999481333555,0.07193464329911475,0.13922566254532215,linoleum,0.6853153551866741,0.10359152438546064,0.07230180530350926,0.13879131512435594
linoleum,straight,-180,-3.141592653589793,0.939150401836969,1.3769613471106008,linoleum,0.6861256728185259,0.10342286563172581,0.07219269714553753,0.13825876440421078,linoleum,0.6857205140025999,0.10350719500859323,0.07224725122452338,0.13852503976428338
linoleum,straight,-180,-3.141592653589793,0.95292766934558,1.408215333588468,linoleum,0.6841460927000718,0.10292061006816362,0.07139395554893131,0.14153934168283325,linoleum,0.6849333033513358,0.10321390253837842,0.07182060338672736,0.14003219072355833
linoleum,straight,-180,-3.141592653589793,0.8989667049368543,0.9542033422630438,linoleum,0.6527652533722088,0.1328803860461332,0.1026428819146176,0.11171147866704045,linoleum,0.6688492783617723,0.11804714429225581,0.08723174265067248,0.1258718346952994
linoleum,straight,-180,-3.141592653589793,1.0539609644087256,0.9152953182803928,linoleum,0.643482780442598,0.13815278035488107,0.10788110924826645,0.11048332995425444,linoleum,0.6561660294021852,0.12809996232356843,0.09755642594946946,0.11817758232477692
linoleum,straight,-180,-3.141592653589793,0.9850746268656716,0.9256282689118512,linoleum,0.6460631875077196,0.13670229867764738,0.10643827157399537,0.1107962422406377,linoleum,0.6511146084549524,0.13240113050060792,0.10199734876173241,0.1144869122827073
linoleum,straight,-180,-3.141592653589793,0.904707233065442,0.942339584130629,linoleum,0.6500594431478031,0.13443375962162943,0.10418448558175358,0.11132231164881376,linoleum,0.6505870258013777,0.1334174450611187,0.103090917171743,0.11290461196576053
linoleum,straight,-180,-3.141592653589793,0.8530424799081515,0.937492027044266,linoleum,0.6489225976992872,0.13508205625719336,0.10482824735787316,0.11116709868564624,linoleum,0.6497548117503326,0.13424975065915604,0.1039595822648081,0.1120358553257034
linoleum,straight,-180,-3.141592653589793,0.8691159586681975,0.94195688225539,linoleum,0.6499703536886676,0.13448465300541435,0.1042350144042848,0.11130997890163327,linoleum,0.6498625827195,0.13436720183228515,0.10409729833454642,0.11167291711366831
linoleum,straight,-180,-3.141592653589793,1.082663605051665,0.9488455160096952,linoleum,0.651556673186484,0.1335760903766839,0.10333316701487084,0.11153406942196127,linoleum,0.650709627952992,0.13397164610448453,0.10371523267470864,0.1116034932678148
linoleum,straight,-180,-3.141592653589793,1.0665901262916189,0.9630054853935452,linoleum,0.6547031690122328,0.1317580793148816,0.10152975874214688,0.11200899293073871,linoleum,0.6527063984826125,0.13286486270968306,0.10262249570842777,0.11180624309927675
linoleum,straight,-180,-3.141592653589793,1.1331802525832375,0.9830335501977292,linoleum,0.6588943531615623,0.12929871073680937,0.09909191838173172,0.11271501771989656,linoleum,0.6558003758220874,0.13108178672324622,0.10085720704507975,0.11226063040958666
linoleum,straight,-180,-3.141592653589793,0.7439724454649828,0.965811965811966,linoleum,0.6553086746733099,0.1314055996781508,0.10118026152848292,0.11210546412005633,linoleum,0.6555545252476986,0.1312436932006985,0.10101873428678133,0.11218304726482149
linoleum,straight,-180,-3.141592653589793,0.3226176808266361,0.8845516009695115,linoleum,0.635302225705714,0.142689135224431,0.11240433992590212,0.1096042991439529,linoleum,0.6454283754767063,0.13696641421256475,0.10671153710634174,0.1108936732043872
linoleum,straight,-180,-3.141592653589793,3.027554535017221,1.1114938129863503,linoleum,0.6788960086087583,0.11644220907988012,0.086307262959298,0.11835451935206344,linoleum,0.6621621920427324,0.12670431164622245,0.09650940003281988,0.11462409627822533
linoleum,straight,-180,-3.141592653589793,1.2307692307692308,1.1477229238423268,linoleum,0.6824950388185103,0.11366004093734706,0.08349794041162455,0.12034697983251803,linoleum,0.6723286154306214,0.12018217629178476,0.09000367022222222,0.11748553805537168
linoleum,straight,-180,-3.141592653589793,0.9977037887485648,1.1637964026023728,linoleum,0.6838173104286491,0.1125357476248636,0.0823518645155813,0.12129507743090603,linoleum,0.6780729629296353,0.11635896195832418,0.08617776736890176,0.11939030774313886
linoleum,straight,-180,-3.141592653589793,0.9586681974741678,1.1737466513585917,linoleum,0.684552489705231,0.11187280215548935,0.08167216306848338,0.12190254507079622,linoleum,0.6813127263174332,0.11411588205690677,0.08392496521869258,0.12064642640696756
linoleum,straight,-180,-3.141592653589793,1.024110218140069,1.1672407194795251,linoleum,0.6840789803579851,0.11230342911594518,0.08211403604961194,0.12150355447645776,linoleum,0.6826958533377092,0.11320965558642598,0.08301950063415225,0.12107499044171266
linoleum,straight,-180,-3.141592653589793,0.9334098737083812,1.1524429136369436,linoleum,0.6829006577899327,0.11332299367050146,0.0831551550264713,0.12062119351309447,linoleum,0.6827982555638209,0.1132663246284637,0.08308732783031177,0.12084809197740354
linoleum,straight,-180,-3.141592653589793,1.277841561423651,1.1685163923969897,linoleum,0.6841739624920554,0.1122181492166434,0.0820266379529405,0.12158125033836076,linoleum,0.6834861090279382,0.11274223692255356,0.08255698289162614,0.12121467115788215
linoleum,straight,-180,-3.141592653589793,1.1331802525832375,1.2117617042990176,linoleum,0.6867817395740468,0.10956691284861673,0.07927739317345277,0.12437395440388363,linoleum,0.6851339243009925,0.11115457488558515,0.08091718803253946,0.1227943127808829
linoleum,straight,-180,-3.141592653589793,1.0746268656716418,1.2953182803929073,linoleum,0.6885231575486238,0.10570282083360773,0.07506055180170526,0.13071346981606302,linoleum,0.6868285409248082,0.10842869785959644,0.07798886991712237,0.12675389129847298
linoleum,straight,-180,-3.141592653589793,1.0608495981630308,1.0767955096313306,linoleum,0.6746283039434022,0.11944090285143755,0.08930739992289512,0.11662339328226509,linoleum,0.6807284224341053,0.113934800355517,0.08364813492000875,0.12168864229036903
linoleum,straight,-180,-3.141592653589793,1.129735935706085,1.0655695879576477,linoleum,0.6730719306144896,0.1204835253591656,0.09034619198435064,0.1160983520419943,linoleum,0.6769001765242975,0.11720916285734129,0.0869971634521797,0.11889349716618167
linoleum,straight,-180,-3.141592653589793,1.0884041331802523,1.075647404005613,linoleum,0.6744731099573842,0.11954588353552616,0.08941207644783067,0.11656893005925918,linoleum,0.6756866432408408,0.11837752319643371,0.08820461995000518,0.11773121361272043
linoleum,straight,-180,-3.141592653589793,0.9058553386911596,1.0697793085852787,linoleum,0.6736657485417626,0.12008831630197699,0.08995263909806704,0.11629329605819344,linoleum,0.6746761958913017,0.11923291974920536,0.08907862952403611,0.11701225483545694
linoleum,straight,-180,-3.141592653589793,0.7807118254879448,1.0427350427350428,linoleum,0.6696360609006041,0.12271688865247682,0.092566458327081,0.11508059211983795,linoleum,0.672156128395953,0.12097490420084109,0.09082254392555855,0.11604642347764745
linoleum,straight,-180,-3.141592653589793,0.8760045924225028,1.036356678147723,linoleum,0.6686108674436256,0.12336817568348549,0.09321299382039186,0.11480796305249695,linoleum,0.6703834979197894,0.12217153994216329,0.0920177688729752,0.1154271932650722
linoleum,straight,-180,-3.141592653589793,1.095292766934558,1.0160734787600458,linoleum,0.6651580207271789,0.12552062385486903,0.09534782884780606,0.11397352657014598,linoleum,0.6677707593234841,0.12384608189851616,0.09368279886039063,0.11470035991760909
linoleum,straight,-180,-3.141592653589793,1.0068886337543057,1.0020410766679424,linoleum,0.6625955514332248,0.12708345250193417,0.09689676412208402,0.11342423194275705,linoleum,0.6651831553783545,0.12546476720022517,0.09528978149123732,0.11406229593018308
linoleum,straight,-180,-3.141592653589793,0.8737083811710679,0.9797168006123228,linoleum,0.658221061921401,0.12969703825225698,0.09948666641136698,0.11259523341497502,linoleum,0.6617021086498777,0.12758090272624104,0.09738822395130212,0.11332876467257902
linoleum,straight,-180,-3.141592653589793,0.9035591274397244,0.9622400816430664,linoleum,0.6545369947261012,0.13185465822355347,0.10162552807663279,0.11198281897371258,linoleum,0.6581195516879895,0.12971778047489727,0.09950687601396747,0.11265579182314582
linoleum,straight,-180,-3.141592653589793,0.0218140068886337,0.8391376451077943,linoleum,0.621806460342323,0.1500131912541783,0.11974864679523052,0.10843170160826805,linoleum,0.6399630060151562,0.1398654858645378,0.109627761404599,0.11054374671570694
linoleum,straight,-180,-3.141592653589793,2.585533869115959,1.0054853935450951,linoleum,0.6632377991813702,0.12669419274801771,0.09651101291589041,0.11355699515472163,linoleum,0.6516004025982632,0.13327983930627776,0.10306938716024472,0.11205037093521429
linoleum,straight,-180,-3.141592653589793,1.0998851894374282,1.027044265850236,linoleum,0.6670621782229995,0.12434093347711514,0.09417809640859597,0.11441879189128927,linoleum,0.6593312904106314,0.12881038639169645,0.09862374178442035,0.11323458141325178
linoleum,straight,-180,-3.141592653589793,0.7841561423650977,1.0274269677254753,linoleum,0.6671270424665435,0.12430044206471505,0.09413793504308428,0.1144345804256572,linoleum,0.6632291664385874,0.12655541422820576,0.0963808384137523,0.11383458091945449
linoleum,straight,-180,-3.141592653589793,1.082663605051665,1.0503890802398266,linoleum,0.6708283990456475,0.12195126574975883,0.09180594659920072,0.11541438860539278,linoleum,0.6670287827421176,0.12425333998898232,0.09409339250647653,0.11462448476242365
linoleum,straight,-180,-3.141592653589793,0.8828932261768082,1.0267891312667432,linoleum,0.6670188771587228,0.12436795237955453,0.09420489458465034,0.11440827587707235,linoleum,0.6670238299504201,0.1243106461842684,0.0941491435455634,0.11451638031974798
linoleum,straight,-180,-3.141592653589793,0.9184845005740528,1.0169664498022708,linoleum,0.6653162511045336,0.12542322825708388,0.09525127713431705,0.1140092435040653,linoleum,0.666170040527477,0.12486693722067616,0.09470021033994024,0.11426281191190665
linoleum,straight,-180,-3.141592653589793,1.148105625717566,1.0474550325296594,linoleum,0.6703762063591283,0.12224271139164106,0.09209551290129789,0.11528556934793265,linoleum,0.6682731234433027,0.12355482430615862,0.09339786162061907,0.11477419062991966
linoleum,straight,-180,-3.141592653589793,1.1446613088404134,1.0742441637964029,linoleum,0.6742821997038911,0.11967470226894156,0.08954049564256039,0.11650260238460676,linoleum,0.6712776615735969,0.12161476328755008,0.09146917863158974,0.11563839650726321
linoleum,straight,-180,-3.141592653589793,1.0734787600459244,1.1910958030361014,linoleum,0.6856832166270672,0.11077630632937145,0.08054014152413946,0.123000335519422,linoleum,0.6784804391003321,0.11619553480846076,0.0860046600778646,0.1193193660133426
linoleum,straight,-180,-3.141592653589793,1.1125143513203215,1.0274269677254753,linoleum,0.6671270424665435,0.12430044206471505,0.09413793504308428,0.1144345804256572,linoleum,0.6728037407834377,0.1202479884365879,0.09007129756047444,0.1168769732194999
linoleum,straight,-180,-3.141592653589793,0.931113662456946,1.008674575838755,linoleum,0.6638247532737822,0.1263370585875125,0.09615707478216043,0.11368111335654486,linoleum,0.66831424702861,0.12329252351205021,0.09311418617131743,0.11527904328802238
linoleum,straight,-180,-3.141592653589793,1.1239954075774972,1.0464344941956882,linoleum,0.6702175041659141,0.12234467825694754,0.09219680242181279,0.11524101515532535,linoleum,0.669265875597262,0.12281860088449888,0.09265549429656511,0.11526002922167386
linoleum,straight,-180,-3.141592653589793,0.8656716417910448,1.0223242760556197,linoleum,0.6662535556147733,0.12484397940669299,0.09467697172054312,0.11422549325799068,linoleum,0.6677597156060177,0.12383129014559593,0.09366623300855412,0.11474276123983226
linoleum,straight,-180,-3.141592653589793,0.8105625717566015,1.0142875366755963,linoleum,0.6648398304193627,0.12571614966710043,0.09554165081629605,0.11390236909724077,linoleum,0.6662997730126902,0.12477371990634818,0.09460394191242508,0.11432256516853652
linoleum,straight,-180,-3.141592653589793,1.0459242250287026,1.0284475060594462,linoleum,0.6672995015647122,0.12419268153326922,0.09403104845722692,0.11447676844479177,linoleum,0.6667996372887012,0.1244832007198087,0.09431749518482599,0.11439966680666414
linoleum,straight,-180,-3.141592653589793,1.0780711825487943,1.0206659012629162,linoleum,0.6659656470068828,0.12502233376747415,0.09485381869247496,0.11415820053316812,linoleum,0.666382642147792,0.12475276724364143,0.09458565693865048,0.11427893366991612
linoleum,straight,-180,-3.141592653589793,1.1113662456946038,1.0169664498022708,linoleum,0.6653162511045336,0.12542322825708388,0.09525127713431705,0.1140092435040653,linoleum,0.6658494466261629,0.12508799775036267,0.09491846703648377,0.11414408858699071
linoleum,straight,-180,-3.141592653589793,0.9357060849598164,1.0016583747927033,linoleum,0.6625236549928474,0.12712693213877538,0.09693985057153828,0.11340956229683896,linoleum,0.6641865508095052,0.12610746494456906,0.09592915880401104,0.11377682544191485
linoleum,straight,-180,-3.141592653589793,0.9529276693455796,0.983926521239954,linoleum,0.6590742228419982,0.12919207091395776,0.09898624073040486,0.11274746551363914,linoleum,0.6616303868257517,0.1276497679292634,0.09745769976720794,0.113262145477777
linoleum,square,-180,-3.141592653589793,3.769230769230769,3.769230769230769,grass,0.0023741455287707384,0.37059784485461156,0.26386861458962785,0.36315939502698985,linoleum,0.3320022661772612,0.24912380639193749,0.1806631571784179,0.2382107702523834
linoleum,square,-180,-3.141592653589793,2.882893226176808,3.3260619977037886,cell_carpet,0.01253743768306637,0.3109849668029237,0.2043794576069649,0.47209813790704513,cell_carpet,0.17226985193016378,0.2800543865974306,0.1925213073926914,0.35515445407971424
linoleum,square,-180,-3.141592653589793,1.4466130884041333,2.699579027937237,cell_carpet,0.14578087165907927,0.22951667737179884,0.14291529798875938,0.4817871529803625,cell_carpet,0.1590253617946215,0.25478553198461473,0.1677183026907254,0.4184708035300384
linoleum,square,-180,-3.141592653589793,1.322617680826636,2.3553386911595866,cell_carpet,0.33233020997024293,0.17628969307362252,0.10976573587236889,0.3816143610837657,cell_carpet,0.24567778588243222,0.21553761252911863,0.13874201928154714,0.40004258230690204
linoleum,square,-180,-3.141592653589793,1.494833524684271,2.1832376578645234,linoleum,0.4337035399572598,0.1513632457735794,0.09498746928976652,0.3199457449793943,cell_carpet,0.339690662919846,0.18345042915134901,0.11686474428565682,0.3599941636431482
linoleum,square,-180,-3.141592653589793,1.2583237657864526,2.029085342518178,linoleum,0.5148060159974107,0.13261788062628033,0.08418456417801067,0.26839153919829833,linoleum,0.4272483394586284,0.15803415488881467,0.10052465423183374,0.3141928514207233
linoleum,square,-180,-3.141592653589793,1.513203214695752,1.9553878956864037,linoleum,0.5485446412194365,0.12516855502796484,0.08001176438674451,0.24627503936585426,linoleum,0.4878964903390323,0.14160135495838974,0.09026820930928911,0.2802339453932887
linoleum,square,-180,-3.141592653589793,1.2606199770378874,1.8685419058553387,linoleum,0.583566865706931,0.1177385168899968,0.07597680007901858,0.22271781732405377,linoleum,0.5357316780229816,0.12966993592419326,0.08312250469415385,0.25147588135867127
linoleum,square,-180,-3.141592653589793,1.176808266360505,1.7916826125781349,linoleum,0.6101761190614398,0.11239734844238265,0.07322057752540542,0.2042059549707721,linoleum,0.5729538985422107,0.12103364218328796,0.07817154110977964,0.22784091816472168
linoleum,square,-180,-3.141592653589793,1.2009184845005738,1.5063145809414469,linoleum,0.674094586041991,0.10262131992292967,0.06987938419881849,0.15340470983626084,linoleum,0.6235242422921008,0.11182748105310882,0.07402546265429907,0.19062281400049125
linoleum,square,-180,-3.141592653589793,1.2686567164179103,1.3269549687460134,linoleum,0.6880709688235087,0.10464983766915914,0.0738103978316759,0.13346879567565623,linoleum,0.6557976055578048,0.10823865936113397,0.07391793024298748,0.16204580483807374
linoleum,square,-180,-3.141592653589793,0.9035591274397244,1.266615639749968,linoleum,0.6884081068561331,0.10684958088610291,0.07635481314554007,0.128387499112224,linoleum,0.6721028562069689,0.10754412012361844,0.07513637169426378,0.14521665197514888
linoleum,square,-180,-3.141592653589793,1.1905855338691158,1.251945401199133,linoleum,0.6881549969520487,0.10750769873797927,0.07707735811336965,0.12725994619660222,linoleum,0.6801289265795089,0.10752590943079889,0.07610686490381673,0.13623829908587556
linoleum,square,-180,-3.141592653589793,1.1745120551090702,1.216354126801888,linoleum,0.6869894638189186,0.10931221060252636,0.07900913254841706,0.12468919303013817,linoleum,0.6835591951992137,0.10841906001666263,0.07755799872611689,0.13046374605800687
linoleum,square,-180,-3.141592653589793,1.0091848450057406,1.18867202449292,linoleum,0.6855367337402412,0.11092499959164571,0.08069429377208,0.12284397289603313,linoleum,0.6845479644697274,0.10967202980415416,0.07912614624909844,0.12665385947702001
linoleum,square,-180,-3.141592653589793,0.9540757749712974,1.126546753412425,linoleum,0.680496365211196,0.11524386651773638,0.08510112028500671,0.1191586479860609,linoleum,0.6825221648404618,0.11245794816094527,0.08211363326705258,0.12290625373154046
linoleum,square,-180,-3.141592653589793,1.1090700344431688,1.1097078709019008,linoleum,0.6786961387817286,0.11658844659280199,0.08645411842830744,0.11826129619716191,linoleum,0.6806091518110952,0.11452319737687361,0.08428387584768,0.12058377496435116
linoleum,square,-180,-3.141592653589793,1.0355912743972446,1.094017094017094,linoleum,0.6768482248260979,0.11791079195766267,0.08777926133188539,0.11746172188435405,linoleum,0.6787286883185966,0.11621699466726815,0.0860315685897827,0.1190227484243526
linoleum,square,-180,-3.141592653589793,0.9977037887485648,1.071437683377982,linoleum,0.6738963184228312,0.11993402332769977,0.08979892731194246,0.11637073093752665,linoleum,0.6763125033707138,0.11807550899748395,0.08791524795086259,0.11769673968093963
linoleum,square,-180,-3.141592653589793,0.9322617680826636,1.0340604668962878,linoleum,0.6682347365850467,0.12360561250118425,0.09344861865076855,0.11471103226300061,linoleum,0.6722736199778803,0.12084056074933411,0.09068193330081556,0.11620388597197012
linoleum,square,-180,-3.141592653589793,3.7669345579793343,1.3522132925118,linoleum,0.6872764354701597,0.10396411267174721,0.07293981123265136,0.1358196406254417,linoleum,0.67977502772402,0.11240233671054066,0.08181087226673346,0.1260117632987059
linoleum,square,-180,-3.141592653589793,2.721010332950632,1.5222604924097465,linoleum,0.6719046754818794,0.1027519656838599,0.0697690352615846,0.15557432357267614,linoleum,0.6758398516029497,0.10757715119720028,0.07578995376415903,0.14079304343569102
linoleum,square,-180,-3.141592653589793,1.4672789896670495,1.5547901518050773,linoleum,0.6669474425850521,0.10317174868699373,0.06965722196057296,0.16022358676738097,linoleum,0.671393647094001,0.105374449942097,0.07272358786236599,0.150508315101536
linoleum,square,-180,-3.141592653589793,1.601607347876005,1.6206148743462176,linoleum,0.6548735371213871,0.10464696683327031,0.06988542315759179,0.1705940728877508,linoleum,0.663133592107694,0.10501070838768366,0.07130450550997888,0.1605511939946434
linoleum,square,-180,-3.141592653589793,0.923076923076923,1.6171705574690651,linoleum,0.6555740587289115,0.10454905912343179,0.0698586490167078,0.17001823313094894,linoleum,0.6593538254183028,0.10477988375555773,0.07058157726334335,0.1652847135627962
linoleum,square,-180,-3.141592653589793,0.9954075774971296,1.6045413955861718,linoleum,0.6580771916782486,0.1042096257875252,0.06977438411382608,0.16793879842040005,linoleum,0.6587155085482757,0.10449475477154146,0.07017798068858472,0.1666117559915981
linoleum,square,-180,-3.141592653589793,0.9827784156142364,1.5986733001658375,linoleum,0.6592053875546514,0.10406236988869803,0.06974269040296939,0.16698955215368128,linoleum,0.6589604480514635,0.10427856233011976,0.06996033554577705,0.1668006540726397
linoleum,square,-180,-3.141592653589793,1.1205510907003444,1.6123230003827018,linoleum,0.6565470031963857,0.10441513648078818,0.06982371762390727,0.1692141426989189,linoleum,0.6577537256239245,0.10434684940545397,0.06989202658484216,0.1680073983857793
linoleum,square,-180,-3.141592653589793,1.1630309988518943,1.6379640260237276,linoleum,0.6512280676182255,0.10517489841549896,0.07004488910575157,0.1735521448605239,linoleum,0.654490896621075,0.10476087391047646,0.06996845784529687,0.1707797716231516
linoleum,square,-180,-3.141592653589793,1.1492537313432838,1.3471106008419442,linoleum,0.6874679049584643,0.10409170663631438,0.07310677391204717,0.1353336144931743,linoleum,0.6709794007897696,0.10442629027339542,0.07153761587867202,0.15305669305816294
linoleum,square,-180,-3.141592653589793,1.3513203214695753,1.1949228217884935,linoleum,0.6859069404870941,0.11054447470070708,0.08029935494391034,0.12324922986828832,linoleum,0.6784431706384318,0.10748538248705125,0.07591848541129118,0.13815296146322564
linoleum,square,-180,-3.141592653589793,0.9402985074626864,1.1363694348768976,linoleum,0.6814599720560519,0.11449452925553463,0.084344073695157,0.11970142499325638,linoleum,0.679951571347242,0.11098995587129296,0.0801312795532241,0.12892719322824103
linoleum,square,-180,-3.141592653589793,0.8828932261768083,1.0565123102436536,linoleum,0.6717526790088392,0.1213511652155431,0.09120942956300618,0.11568672621261163,linoleum,0.6758521251780406,0.11617056054341802,0.08567035455811514,0.12230695972042632
linoleum,square,-180,-3.141592653589793,1.3168771526980485,1.1002678913126676,linoleum,0.6776042213967153,0.11737588670020868,0.08724379480584074,0.11777609709723524,linoleum,0.676728173287378,0.11677322362181336,0.08645707468197794,0.12004152840883078
linoleum,square,-180,-3.141592653589793,1.1618828932261769,1.118765148615895,linoleum,0.6796878289893148,0.11585573646143302,0.08571761068847246,0.11873882386077975,linoleum,0.6782080011383465,0.11631448004162319,0.0860873426852252,0.11939017613480526
linoleum,square,-180,-3.141592653589793,0.9265212399540758,1.1125143513203215,linoleum,0.6790092644871785,0.11635903385933441,0.08622370609997529,0.11840799555351174,linoleum,0.6786086328127625,0.11633675695047879,0.08615552439260024,0.11889908584415851
linoleum,square,-180,-3.141592653589793,1.079219288174512,1.1079219288174516,linoleum,0.6784941384175212,0.11673555235676751,0.0866017791894837,0.11816853003622774,linoleum,0.6785513856151418,0.11653615465362316,0.08637865179104197,0.11853380794019312
linoleum,square,-180,-3.141592653589793,0.9161882893226178,1.0804949610919763,linoleum,0.6751222292918382,0.11910517460868744,0.08897251011111247,0.11680008598836183,linoleum,0.6768368074534901,0.1178206646311553,0.08767558095107722,0.11766694696427749
linoleum,square,-180,-3.141592653589793,1.1607347876004597,1.0817706340094402,linoleum,0.6752903775955754,0.11899030381193379,0.08885787746207202,0.11686144113041874,linoleum,0.6760635925245327,0.11840548422154454,0.08826672920657462,0.11726419404734811
linoleum,square,-180,-3.141592653589793,3.946039035591274,1.3700727133562955,linoleum,0.6864829732641283,0.10356067205634745,0.07239032301766037,0.13756603166186393,linoleum,0.6812732828943305,0.11098307813894599,0.0803285261121175,0.12741511285460602
linoleum,square,-180,-3.141592653589793,2.725602755453502,1.5684398520219416,linoleum,0.6646699475086477,0.10340893234701788,0.06965498359937675,0.1622661365449578,linoleum,0.6729716152014891,0.10719600524298194,0.07499175485574712,0.14484062469978193
linoleum,square,-180,-3.141592653589793,1.343283582089552,1.6195943360122464,linoleum,0.655081898436954,0.10461771877674624,0.06987732097155573,0.170423061814744,linoleum,0.6640267568192215,0.10590686200986409,0.07243453791365143,0.15763184325726298
linoleum,square,-180,-3.141592653589793,1.5993111366245696,1.6509758897818598,linoleum,0.6483652499617059,0.10560893216497062,0.07019131868547229,0.17583449918785113,linoleum,0.6561960033904638,0.10575789708741737,0.07131292829956187,0.16673317122255707
linoleum,square,-180,-3.141592653589793,1.4454649827784158,1.68248501084322,linoleum,0.6409712266135482,0.10679536228125919,0.07064052782376067,0.18159288328143175,linoleum,0.6485836150020061,0.10627662968433829,0.07097672806166129,0.17416302725199442
linoleum,square,-180,-3.141592653589793,1.5591274397244546,1.7527745885954842,linoleum,0.6220817086586498,0.11013501109841975,0.07212039363938202,0.19566288660354847,linoleum,0.6353326618303279,0.10820582039137902,0.07154856085052166,0.18491295692777143
linoleum,square,-180,-3.141592653589793,1.5315729047072328,1.803036101543564,linoleum,0.6065047014902947,0.11311333541199395,0.07357911660388448,0.2068028464938268,linoleum,0.6209186816603114,0.1106595779016865,0.07256383872720308,0.19585790171079914
linoleum,square,-180,-3.141592653589793,0.9092996555683122,1.8022706977930856,linoleum,0.6067550273403846,0.11306427239177294,0.07355441409104667,0.2066262861767957,linoleum,0.613836854500348,0.11186192514672971,0.07305912640912487,0.20124209394379744
linoleum,square,-180,-3.141592653589793,1.1285878300803671,1.7986988136241868,linoleum,0.6079178313378064,0.11283683025995103,0.07344015109533676,0.20580518730690575,linoleum,0.6108773429190772,0.11234937770334037,0.07324963875223081,0.2035236406253516
linoleum,square,-180,-3.141592653589793,1.3053960964408726,1.5052940426074757,linoleum,0.6742293947175321,0.1026146476518311,0.06988770516900229,0.1532682524616344,linoleum,0.6425533688183047,0.10748201267758574,0.07156867196061656,0.178395946543493
linoleum,square,-180,-3.141592653589793,1.1205510907003446,1.3269549687460136,linoleum,0.6880709688235088,0.10464983766915914,0.07381039783167588,0.13346879567565625,linoleum,0.6653121688209067,0.10606592517337243,0.07268953489614621,0.15593237110957464
linoleum,square,-180,-3.141592653589793,1.2043628013777268,1.3115193264446998,linoleum,0.6883671896428292,0.10513631944510775,0.07439774145659869,0.13209874945546435,linoleum,0.6768396792318679,0.1056011223092401,0.07354363817637245,0.1440155602825195
linoleum,square,-180,-3.141592653589793,1.0792192881745122,1.2537313432835822,linoleum,0.6881928693273016,0.10742494067855266,0.07698714140501044,0.12739504858913525,linoleum,0.6825162742795848,0.10651303149389639,0.07526538979069146,0.1357053044358274
linoleum,square,-180,-3.141592653589793,0.9219288174512056,1.1955606582472251,linoleum,0.685943328363319,0.1105061860265449,0.08025953354679805,0.12329095206333812,linoleum,0.6842298013214518,0.10850960876022064,0.07776246166874476,0.12949812824958276
linoleum,square,-180,-3.141592653589793,1.1021814006888635,1.1447888761321598,linoleum,0.6822356029059787,0.1138724697877068,0.08371366745415844,0.12017825985215587,linoleum,0.6832327021137153,0.11119103927396376,0.08073806456145162,0.12483819405086935
linoleum,square,-180,-3.141592653589793,1.0470723306544203,1.0909554790151803,linoleum,0.6764683094180047,0.1181767397881703,0.08804522752948964,0.11730972326433532,linoleum,0.67985050576586,0.11468388953106703,0.08439164604547063,0.12107395865760234
linoleum,square,-180,-3.141592653589793,0.983926521239954,1.099247352978696,linoleum,0.6774825925778797,0.11746248063985679,0.08733052930767517,0.11772439747458836,linoleum,0.6786665491718699,0.11607318508546191,0.0858610876765729,0.11939917806609535
linoleum,square,-180,-3.141592653589793,1.0447761194029852,1.0899349406812096,linoleum,0.6763402597628787,0.11826596927931075,0.08813442653892958,0.11725934441888099,linoleum,0.6775034044673742,0.11716957718238633,0.08699775710775123,0.11832926124248816
linoleum,square,-180,-3.141592653589793,0.7967853042479908,1.0334226304375558,linoleum,0.6681295905431153,0.12367184766237695,0.0935143413935893,0.1146842204009185,linoleum,0.6728164975052447,0.12042071242238164,0.09025604925067027,0.11650674082170333
linoleum,square,-180,-3.141592653589793,1.0803673938002296,1.0289577752264318,linoleum,0.667385451880769,0.12413891929897733,0.09397771978596998,0.11449790903428352,linoleum,0.670100974693007,0.1222798158606795,0.09211688451832013,0.11550232492799344
linoleum,square,-180,-3.141592653589793,3.56142365097589,1.2908534251817834,linoleum,0.6885381792956717,0.10586911281250125,0.07525170379626674,0.1303410040955602,linoleum,0.6793195769943394,0.11407446433659038,0.08368429415729343,0.12292166451177683
linoleum,square,-180,-3.141592653589793,2.991963260619977,1.5033805332312795,linoleum,0.6744804314746635,0.10260268570283264,0.06990371703117955,0.15301316579132415,linoleum,0.6769000042345016,0.10833857501971153,0.0767940055942365,0.1379674151515505
linoleum,square,-180,-3.141592653589793,1.7301951779563718,1.5931879066207424,linoleum,0.6602400686890223,0.10393072067808813,0.06971735918438182,0.16611185144850787,linoleum,0.6685700364617619,0.10613464784889984,0.07325568238930916,0.15203963330002918
linoleum,square,-180,-3.141592653589793,1.622273249138921,1.65097588978186,linoleum,0.6483652499617059,0.10560893216497065,0.07019131868547229,0.17583449918785118,linoleum,0.6584676432117339,0.10587179000693525,0.07172350053739072,0.16393706624394017
linoleum,square,-180,-3.141592653589793,1.3673938002296215,1.6865671641791045,linoleum,0.6399651368360469,0.10696310904062353,0.07070847781983132,0.1823632763034981,linoleum,0.6492163900238904,0.10641744952377939,0.07121598917861102,0.17315017127371912
linoleum,square,-180,-3.141592653589793,1.334098737083812,1.7254751881617554,linoleum,0.6298151744581558,0.10872396925227273,0.07146770724528,0.1899931490442916,linoleum,0.6395157822410231,0.10757070938802607,0.0713418482119455,0.18157166015900536
linoleum,square,-180,-3.141592653589793,1.052812858783008,1.72636815920398,linoleum,0.6295702360403295,0.10876783084591454,0.0714874955047847,0.19017443760897118,linoleum,0.6345430091406763,0.1081692701169703,0.0714146718583651,0.18587304888398826
linoleum,square,-180,-3.141592653589793,0.973593570608496,1.7460135221329254,linoleum,0.6240443852320601,0.10977202749822049,0.07194956323009111,0.19423402403962833,linoleum,0.6292936971863682,0.1089706488075954,0.0716821175442281,0.19005353646180828
linoleum,square,-180,-3.141592653589793,1.17910447761194,1.7569843092231152,linoleum,0.6208438461533728,0.11036552222629112,0.07222980883422798,0.19656082278610817,linoleum,0.6250687716698705,0.10966808551694326,0.07195596318922803,0.19330717962395821
linoleum,square,-180,-3.141592653589793,1.2468427095292764,1.4998086490623803,linoleum,0.674943002097764,0.10258227225723797,0.06993503922498431,0.15253968642001384,linoleum,0.6500058868838172,0.10612517888709061,0.07094550120710617,0.17292343302198604
linoleum,square,-180,-3.141592653589793,1.3478760045924227,1.317132287281541,linoleum,0.6882761177718647,0.10495344178354049,0.07417922814621652,0.13259121229837825,linoleum,0.669141002327841,0.10553931033531555,0.07256236467666136,0.15275732266018216
linoleum,square,-180,-3.141592653589793,1.073478760045924,1.2441637964026024,linoleum,0.6879670788306428,0.10787689236743425,0.07747782675678913,0.12667820204513366,linoleum,0.6785540405792418,0.1067081013513749,0.07502009571672524,0.13971776235265793
linoleum,square,-180,-3.141592653589793,0.9012629161882894,1.1640515371858655,linoleum,0.6838369548010035,0.11251843541990587,0.08233415457665398,0.12131045520243662,linoleum,0.6811954976901228,0.10961326838564042,0.07867712514668963,0.1305141087775473
linoleum,square,-180,-3.141592653589793,1.032146957520092,1.126801887995918,linoleum,0.6805221970877416,0.11522407929786868,0.08508115967559413,0.11917256393879562,linoleum,0.6808588473889322,0.11241867384175455,0.08187914241114189,0.12484333635817146
linoleum,square,-180,-3.141592653589793,1.1262916188289325,1.10371220818982,linoleum,0.6780095481503676,0.11708574832123728,0.0869530380753204,0.11795166545307469,linoleum,0.6794341977696499,0.11475221108149591,0.08441609024323114,0.12139750090562307
linoleum,square,-180,-3.141592653589793,1.063145809414466,1.1048603138155375,linoleum,0.6781428869069418,0.1169897593467587,0.08685679303974762,0.11801056070655189,linoleum,0.6787885423382958,0.11587098521412731,0.08563644164148938,0.11970403080608748
linoleum,square,-180,-3.141592653589793,1.0275545350172215,1.1108559765276182,linoleum,0.6788248709220165,0.11649433721472986,0.08635961906168556,0.11832117280156798,linoleum,0.6788067066301562,0.11618266121442858,0.08599803035158747,0.11901260180382772
linoleum,square,-180,-3.141592653589793,0.9827784156142364,1.0890419696389846,linoleum,0.6762276367385878,0.1183442835677988,0.08821269931834265,0.11721538037527067,linoleum,0.677517171684372,0.11726347239111369,0.08710536483496506,0.1181139910895492
linoleum,square,-180,-3.141592653589793,0.7416762342135477,1.0329123612705704,linoleum,0.6680452652466217,0.12372492372654757,0.09356700472955627,0.11466280629727442,linoleum,0.6727812184654969,0.12049419805883063,0.09033618478226066,0.1163883986934118
linoleum,square,-180,-3.141592653589793,3.8897818599311136,1.3153463451970913,linoleum,0.688307159920905,0.10501088697849836,0.07424814016150628,0.13243381293909043,linoleum,0.6805441891932009,0.1127525425186645,0.08229216247188348,0.12441110581625112
linoleum,square,-180,-3.141592653589793,2.5935706084959813,1.48424543946932,linoleum,0.6768670260356089,0.10252250178941134,0.07009342214561695,0.1505170500293628,linoleum,0.6787056076144049,0.10763752215403792,0.07619279230875022,0.13746407792280696
linoleum,square,-180,-3.141592653589793,1.624569460390356,1.5646128332695497,linoleum,0.6653203391571396,0.10333879921563939,0.06965296935721256,0.16168789227000846,linoleum,0.6720129733857723,0.10548816068483866,0.07292288083298139,0.1495759850964077
linoleum,square,-180,-3.141592653589793,1.5694603903559128,1.6243143258068633,linoleum,0.6541125782092461,0.10475467374112607,0.06991598620137855,0.17121676184824938,linoleum,0.6630627757975092,0.10512141721298236,0.07141943351717997,0.16039637347232855
linoleum,square,-180,-3.141592653589793,1.1802525832376578,1.6303099885189438,linoleum,0.6528604624616745,0.10493483520232709,0.06996948403879927,0.1722352182971993,linoleum,0.6579616191295918,0.10502812620765473,0.07069445877798962,0.16631579588476392
linoleum,square,-180,-3.141592653589793,1.734787600459242,1.7049368541905856,linoleum,0.6352999007822007,0.10775789018405063,0.0710418084817055,0.18590040055204327,linoleum,0.6466307599558963,0.10639300819585268,0.07086813362984756,0.1761080982184036
linoleum,square,-180,-3.141592653589793,1.2652123995407578,1.7313432835820894,linoleum,0.6281956704529412,0.10901504023982883,0.07159967988115676,0.19118960942607321,linoleum,0.6374132152044187,0.10770402421784075,0.07123390675550216,0.1836488538222384
linoleum,square,-180,-3.141592653589793,1.3616532721010333,1.7734404898584002,linoleum,0.6158880826185688,0.11129980263491661,0.07267994304801705,0.20013217169849767,linoleum,0.6266506489114937,0.10950191342637866,0.07195692490175959,0.19189051276036798
linoleum,square,-180,-3.141592653589793,1.1859931113662456,1.822809031764256,linoleum,0.5998966066990036,0.1144206318599418,0.07424385139740995,0.21143891004364465,linoleum,0.6132736278052486,0.11196127264316022,0.07310038814958478,0.2016647114020063
linoleum,square,-180,-3.141592653589793,1.3593570608495984,1.5416507207551984,linoleum,0.6690292738432325,0.10297748347041538,0.0696842258064558,0.15830901687989635,linoleum,0.6411514508242406,0.1074693780567878,0.07139230697802029,0.17998686414095133
linoleum,square,-180,-3.141592653589793,1.1733639494833523,1.3838499808649063,linoleum,0.685739841289315,0.10329490067783866,0.07200293994298539,0.13896231808986095,linoleum,0.6634456460567778,0.10538213936731322,0.07169762346050285,0.15947459111540613
linoleum,square,-180,-3.141592653589793,1.0941446613088404,1.3249138920780712,linoleum,0.6881183887279246,0.10471120936529699,0.07388562540757652,0.13328477649920195,linoleum,0.6757820173923512,0.1050466743663051,0.07279162443403969,0.14637968380730404
linoleum,square,-180,-3.141592653589793,1.1630309988518943,1.2797550707998468,linoleum,0.688523042094444,0.10630168876979175,0.07574299047389751,0.12943227866186685,linoleum,0.6821525297433976,0.10567418156804839,0.07426730745396859,0.13790598123458542
linoleum,square,-180,-3.141592653589793,1.0114810562571757,1.2610026789131268,linoleum,0.6883268470023254,0.10709556548372873,0.07662630257933786,0.12795128493460808,linoleum,0.6852396883728615,0.10638487352588856,0.07544680501665323,0.13292863308459674
linoleum,square,-180,-3.141592653589793,1.0011481056257174,1.1794871794871795,linoleum,0.6849478240865344,0.11150168357616697,0.08129019372088164,0.1222602986164168,linoleum,0.6850937562296979,0.10894327855102776,0.07836849936876744,0.12759446585050677
linoleum,square,-180,-3.141592653589793,1.1469575200918485,1.1663477484373006,linoleum,0.6840118716130328,0.11236337051188651,0.08217543518777132,0.12144932268730947,linoleum,0.6845528139213654,0.11065332453145713,0.08027196727826938,0.12452189426890811
linoleum,square,-180,-3.141592653589793,1.055109070034443,1.132287281541013,linoleum,0.6810672119664161,0.11480283964322373,0.08465584805909714,0.11947410033126292,linoleum,0.6828100129438908,0.11272808208734042,0.08246390766868325,0.12199799730008551
linoleum,square,-180,-3.141592653589793,0.9793340987370838,1.1093251690266617,linoleum,0.6786530324449688,0.11661989609704379,0.08648569213810088,0.11824137931988675,linoleum,0.6807315226944298,0.11467398909219212,0.08447479990339209,0.12011968830998614
linoleum,square,-180,-3.141592653589793,1.0195177956371986,1.0715652506697284,linoleum,0.673913976074503,0.11992218722257639,0.08978713421514826,0.11637670248777245,linoleum,0.6773227493844663,0.11729808815738423,0.08713096705927016,0.11824819539887926
linoleum,square,-180,-3.141592653589793,0.9115958668197474,1.04247990815155,linoleum,0.6695956056183919,0.12274270776074707,0.09259209565982932,0.11506959096103182,linoleum,0.6734591775014291,0.12002039795906565,0.08986153135954975,0.11665889317995554
linoleum,square,-180,-3.141592653589793,4.084959816303099,1.374792703150912,linoleum,0.6862412333106179,0.10346518556311354,0.07225406092467972,0.13803952020158877,linoleum,0.6798502054060236,0.11174279176108959,0.08105779614211472,0.12734920669077215
linoleum,square,-180,-3.141592653589793,2.590126291618829,1.5333588467916828,linoleum,0.6702875202772628,0.10287210979341424,0.069713902903638,0.15712646702568506,linoleum,0.6750688628416431,0.10730745077725189,0.07538584952287634,0.14223783685822858
linoleum,square,-180,-3.141592653589793,1.659012629161883,1.60530679933665,linoleum,0.6579284073046957,0.10422932242414117,0.06977886762380078,0.16806340264736222,linoleum,0.6664986350731694,0.10576838660069653,0.07258235857333856,0.1551506197527954
linoleum,square,-180,-3.141592653589793,1.587830080367394,1.6704936854190584,linoleum,0.6438625348259884,0.10632124112570471,0.0704538395496161,0.17936238449869082,linoleum,0.6551805849495789,0.10604481386320061,0.07151809906147732,0.1672565021257431
linoleum,square,-180,-3.141592653589793,1.4890929965556834,1.7085087383594846,linoleum,0.6343664794232257,0.10792002394152361,0.07111184841504684,0.18660164822020386,linoleum,0.6447735321864023,0.10698241890236211,0.07131497373826208,0.1769290751729735
linoleum,square,-180,-3.141592653589793,1.2123995407577497,1.725985457328741,linoleum,0.6296752758794998,0.10874901404323771,0.07147900187132226,0.1900967082059402,linoleum,0.6372244040329511,0.10786571647279991,0.07139698780479217,0.18351289168945684
linoleum,square,-180,-3.141592653589793,1.3938002296211252,1.77203724964919,linoleum,0.6163179397916101,0.1112180721714922,0.07264016831983568,0.19982381971706212,linoleum,0.6267711719122806,0.10954189432214606,0.07201857806231393,0.19166835570325946
linoleum,square,-180,-3.141592653589793,1.1871412169919633,1.790662074244164,linoleum,0.6105017523737744,0.11233422721075102,0.07318917769543179,0.20397484272004282,linoleum,0.6186364621430275,0.11093806076644855,0.07260387787887286,0.19782159921165116
linoleum,square,-180,-3.141592653589793,1.1194029850746268,1.8137517540502617,linoleum,0.6029573447077378,0.11381228266000269,0.07393300951772709,0.20929736311453243,linoleum,0.6107969034253826,0.11237517171322561,0.07326844369829998,0.2035594811630918
linoleum,square,-180,-3.141592653589793,1.1802525832376578,1.4910065059318791,linoleum,0.6760494329665354,0.102542630461553,0.07002022401368682,0.15138771255822478,linoleum,0.643423168195959,0.10745890108738931,0.07164433385599339,0.17747359686065828
linoleum,square,-180,-3.141592653589793,1.330654420206659,1.3510651868860826,linoleum,0.687320881844912,0.1039923414906534,0.07297698850472617,0.13570978815970833,linoleum,0.6653720250204356,0.10572562128902135,0.07231066118035978,0.1565916925101833
linoleum,square,-180,-3.141592653589793,1.2468427095292764,1.3052685291491262,linoleum,0.6884461943466044,0.10534806523089742,0.07464778985334702,0.1315579505691512,linoleum,0.67690910968352,0.10553684325995938,0.0734792255168534,0.14407482153966725
linoleum,square,-180,-3.141592653589793,1.1458094144661308,1.2561551218267637,linoleum,0.688241133491542,0.1073138006487561,0.07686570970156295,0.127579356158139,linoleum,0.6825751215875311,0.10642532195435775,0.07517246760920818,0.13582708884890313
linoleum,square,-180,-3.141592653589793,1.1182548794489091,1.2149508865926777,linoleum,0.6869273908435233,0.1093894989854267,0.07909063093500895,0.12459247923604101,linoleum,0.6847512562155271,0.10790741046989222,0.07713154927210857,0.13020978404247208
linoleum,square,-180,-3.141592653589793,0.965556831228473,1.1875239188672024,linoleum,0.6854660484682504,0.11099593991981356,0.08076776287308109,0.12277024873885506,linoleum,0.6851086523418888,0.10945167519485288,0.07894965607259483,0.12649001639066357
linoleum,square,-180,-3.141592653589793,0.9804822043628012,1.1415996938384998,linoleum,0.6819472487989836,0.11410591498703011,0.08395046756422454,0.11999636864976171,linoleum,0.6835279505704361,0.11177879509094149,0.08145006181840969,0.12324319252021264
linoleum,square,-180,-3.141592653589793,1.121699196326062,1.1343283582089552,linoleum,0.6812649583475594,0.11464813467140321,0.08449945791889532,0.11958744906214212,linoleum,0.6823964544589978,0.11321346488117234,0.0829747598686525,0.12141532079117738
linoleum,square,-180,-3.141592653589793,0.8599311136624571,1.1054981502742696,linoleum,0.6782165820693525,0.11693658817307016,0.0868034687017875,0.1180433610557898,linoleum,0.6803065182641752,0.11507502652712126,0.08488911428522,0.11972934092348358
linoleum,square,-180,-3.141592653589793,1.1285878300803671,1.099757622145682,linoleum,0.6775434946206409,0.11741914778060156,0.087287128584088,0.11775022901466953,linoleum,0.678925006442408,0.11624708715386141,0.086088121434654,0.11873978496907656
linoleum,square,-180,-3.141592653589793,0.9873708381171068,1.0616150019135095,linoleum,0.6725029286744326,0.12085943162227039,0.090720313247717,0.1159173264555799,linoleum,0.6757139675584203,0.1185532593880659,0.0884042173411855,0.11732855571232823
linoleum,hourglass,-150,-2.6179938779914944,4.200918484500574,4.200918484500574,cell_carpet,0.006161893527050956,0.25167024032909724,0.10617859640164568,0.6359892697422062,cell_carpet,0.006161893527050956,0.25167024032909724,0.10617859640164568,0.6359892697422062
linoleum,hourglass,-150,-2.6179938779914944,2.238805970149254,3.2198622273249136,cell_carpet,0.3717883227271321,0.14029248872407796,0.057999700592561404,0.4299194879562285,cell_carpet,0.18897510812709153,0.19598136452658763,0.08208914849710355,0.5329543788492174
linoleum,hourglass,-150,-2.6179938779914944,2.164179104477612,2.8679678530424795,linoleum,0.6600690412219768,0.08298256805954979,0.03558625280760368,0.22136213791086976,linoleum,0.4245220746745342,0.1394819662930687,0.058837700652353615,0.3771582583800436
linoleum,hourglass,-150,-2.6179938779914944,2.5522388059701493,2.789035591274397,linoleum,0.7089382221859041,0.07311213697893858,0.031715511277490276,0.18623412955766716,linoleum,0.5667301484302191,0.10629705163600361,0.04527660596492194,0.2816961939688553
linoleum,hourglass,-150,-2.6179938779914944,2.2192881745120547,2.6750861079219286,linoleum,0.7668581500071999,0.06131988762031933,0.027102615082677358,0.14471934728980332,linoleum,0.6667941492187095,0.08380846962816146,0.03618961052379965,0.21320777062932933
linoleum,hourglass,-150,-2.6179938779914944,2.7083811710677383,2.680635285112897,linoleum,0.764366154742582,0.061829205048170854,0.027301228787429924,0.1465034114218172,linoleum,0.7155801519806457,0.07281883733816616,0.03174541965561478,0.17985559102557325
linoleum,hourglass,-150,-2.6179938779914944,2.497129735935706,2.654420206659013,linoleum,0.7758588454673713,0.05947911628726958,0.026385567080405726,0.13827647116495329,linoleum,0.7457194987240086,0.06614897681271786,0.029065493368010252,0.15906603109526327
linoleum,hourglass,-150,-2.6179938779914944,2.5797933409873712,2.645091848450057,linoleum,0.7797796287917457,0.05867673095813554,0.02607344343129273,0.1354701968188261,linoleum,0.7627495637578772,0.0624128538854267,0.027569468399651492,0.1472681139570447
linoleum,hourglass,-150,-2.6179938779914944,2.917336394948335,2.675341242505421,linoleum,0.7667442801565766,0.06134316378970935,0.027111689982052704,0.14480086607166134,linoleum,0.7647469219572269,0.06187800883756803,0.0273405791908521,0.14603449001435304
linoleum,hourglass,-150,-2.6179938779914944,2.0436280137772678,2.435642301313943,linoleum,0.8474852600553163,0.044843573755933404,0.02078715976942651,0.08688400641932371,linoleum,0.8061160910062717,0.05336079129675071,0.024063869480139305,0.11645924821683837
linoleum,hourglass,-150,-2.6179938779914944,2.6222732491389205,2.47824977675724,linoleum,0.8365289162084742,0.04706560219445609,0.02161515018122125,0.09479033141584836,linoleum,0.821322503607373,0.0502131967456034,0.022839509830680275,0.10562478981634336
linoleum,hourglass,-150,-2.6179938779914944,2.587830080367394,2.52532210741166,linoleum,0.8228858954849234,0.049849202037299443,0.022668907118733015,0.10459599535904407,linoleum,0.8221041995461482,0.050031199391451425,0.022754208474706647,0.10511039258769372
linoleum,hourglass,-150,-2.6179938779914944,2.214695752009185,2.487817323638219,linoleum,0.8338915151516795,0.047602613015772885,0.021817231620958576,0.09668864021158918,linoleum,0.8279978573489138,0.048816906203612155,0.02228572004783261,0.10089951639964145
linoleum,hourglass,-150,-2.6179938779914944,2.478760045924225,2.516647531572905,linoleum,0.8255284197834613,0.04930910675251185,0.022463341235877527,0.10269913222814954,linoleum,0.8267631385661875,0.049063006478062,0.02237453064185507,0.10179932431389549
linoleum,hourglass,-150,-2.6179938779914944,2.8128587830080365,2.5282561551218268,linoleum,0.8219785229178717,0.050034732449056506,0.022739626879940994,0.10524711775313096,linoleum,0.8243708307420294,0.04954886946355924,0.02255707876089803,0.10352322103351319
linoleum,hourglass,-150,-2.6179938779914944,4.290470723306544,2.7275162648296973,linoleum,0.7420009795809377,0.06639282948003311,0.029084038206060626,0.16252215273296844,linoleum,0.7831859051614837,0.05797084947179618,0.02582055848347933,0.13302268688324084
linoleum,hourglass,-150,-2.6179938779914944,3.847301951779564,2.8683505549177197,linoleum,0.6598142756160961,0.08303384096071537,0.03560636298385325,0.22154552043933531,linoleum,0.7215000903887898,0.07050234521625577,0.030713460733666292,0.17728410366128808
linoleum,hourglass,-150,-2.6179938779914944,2.197474167623421,2.7883658629927286,linoleum,0.7093215879936761,0.07303441955627259,0.03168504877867804,0.18595894367137328,linoleum,0.715410839191233,0.07176838238626419,0.03119925475617217,0.1816215236663307
linoleum,hourglass,-150,-2.6179938779914944,1.5269804822043629,2.7309605817068503,linoleum,0.7402631652471373,0.06674683413697553,0.029222523471061017,0.16376747714482628,linoleum,0.7278370022191851,0.06925760826161986,0.030210889113616593,0.1726945004055785
linoleum,hourglass,-150,-2.6179938779914944,2.393800229621125,2.7055746906493177,linoleum,0.7527643700135604,0.06419828799226948,0.028226094235240955,0.1548112477589291,linoleum,0.7403006861163728,0.06672794812694467,0.029218491674428776,0.1637528740822538
linoleum,hourglass,-150,-2.6179938779914944,2.044776119402985,2.645235361653272,linoleum,0.7797199680991264,0.05868894262781523,0.026078191508040534,0.13551289776501788,linoleum,0.7600103271077496,0.06270844537737995,0.027648341591234655,0.14963288592363583
linoleum,hourglass,-150,-2.6179938779914944,2.478760045924225,2.674575838754943,linoleum,0.767085686530908,0.06127337588115585,0.027084481667002634,0.1445564559209334,linoleum,0.7635480068193288,0.0619909106292679,0.027366411629118646,0.14709467092228462
linoleum,hourglass,-150,-2.6179938779914944,2.504018369690012,2.677382319173364,linoleum,0.7658308800176603,0.061529860851006146,0.027184485946678612,0.14545477318465497,linoleum,0.7646894434184945,0.06176038574013702,0.02727544878789863,0.1462747220534698
linoleum,hourglass,-150,-2.6179938779914944,2.3628013777267505,2.627375940808777,linoleum,0.7869884543008508,0.05720075937829639,0.02550011379203264,0.13031067252882012,linoleum,0.7758389488596726,0.05948057255921671,0.026387781289965634,0.13829269729114496
linoleum,hourglass,-150,-2.6179938779914944,2.764638346727899,2.457839010077816,linoleum,0.8419348401920647,0.0459672031283176,0.02120404422132561,0.09089391245829212,linoleum,0.8088868945258687,0.05272388784376715,0.02379591275564562,0.11459330487471854
linoleum,hourglass,-150,-2.6179938779914944,2.1159586681974742,2.2654675341242503,linoleum,0.880245764961269,0.03841397575795258,0.018547364444015516,0.06279289483676283,linoleum,0.8445663297435688,0.045568931800859865,0.021171638599830567,0.08869309985574068
linoleum,hourglass,-150,-2.6179938779914944,1.933409873708381,2.2361270570225797,linoleum,0.8844012849760079,0.03765292905735607,0.01831875203589994,0.05962703393073609,linoleum,0.8644838073597884,0.04161093042910797,0.019745195317865255,0.07416006689323838
linoleum,hourglass,-150,-2.6179938779914944,3.0551090700344434,2.405919122337033,linoleum,0.8544086738193829,0.043449980519665414,0.020276622022806504,0.08186472363814513,linoleum,0.8594462405895856,0.04253045547438669,0.020010908670335878,0.07801239526569176
linoleum,hourglass,-150,-2.6179938779914944,2.006888633754305,2.3629289450184974,linoleum,0.8634594463519002,0.04164764202684528,0.019630964353564456,0.07526194726769013,linoleum,0.8614528434707429,0.04208904875061599,0.019820936511950167,0.07663717126669095
linoleum,hourglass,-150,-2.6179938779914944,2.493685419058553,2.412807756091338,linoleum,0.8528543250620729,0.0437619260968862,0.020390177186114165,0.08299357165492681,linoleum,0.8571535842664078,0.04292548742375109,0.020105556849032164,0.07981537146080887
linoleum,hourglass,-150,-2.6179938779914944,4.204362801377727,2.604541395586172,linoleum,0.7958337253410905,0.055388847778168,0.024798005599454793,0.12397942128128661,linoleum,0.8264936548037491,0.04915716760095955,0.02245178122424348,0.10189739637104775
linoleum,hourglass,-150,-2.6179938779914944,3.82548794489093,2.7513713483862734,linoleum,0.729692242831844,0.06889824443228104,0.03006458228507985,0.17134493045079516,linoleum,0.7780929488177966,0.059027706016620295,0.026258181754661665,0.13662116341092145
linoleum,hourglass,-150,-2.6179938779914944,2.4822043628013777,2.7646383467278985,linoleum,0.7225679765603069,0.07034625801986395,0.03063168662277956,0.17645407879704947,linoleum,0.7503304626890519,0.06468698201824213,0.02844493418872062,0.15653762110398547
linoleum,hourglass,-150,-2.6179938779914944,1.9058553386911596,2.6692180125015943,linoleum,0.7694585113924574,0.06078826335632648,0.026895397089456013,0.14285782816176013,linoleum,0.7598944870407547,0.0627376226872843,0.027670165639088317,0.1496977246328728
linoleum,hourglass,-150,-2.6179938779914944,2.3088404133180256,2.690649317514989,linoleum,0.7597872273222662,0.06276464649577601,0.02766622713338879,0.1497818990485689,linoleum,0.7598408571815105,0.06275113459153016,0.027668196386238554,0.14973981184072083
linoleum,hourglass,-150,-2.6179938779914944,2.491389207807118,2.752647021303738,linoleum,0.7290159391324946,0.06903577093632768,0.03011843258546836,0.1718298573457094,linoleum,0.7444283981570026,0.06589345276392891,0.028893314485853458,0.16078483459321513
linoleum,hourglass,-150,-2.6179938779914944,2.6349024110218133,2.7059573925245566,linoleum,0.7525811433472619,0.06423567366670466,0.028240701119696718,0.15494248186633675,linoleum,0.7485047707521322,0.06506456321531678,0.028567007802775088,0.15786365822977594
linoleum,hourglass,-150,-2.6179938779914944,2.12743972445465,2.719351958157928,linoleum,0.7460677200920214,0.065564058083076,0.028759917215560492,0.1596083046093422,linoleum,0.7472862454220768,0.06531431064919639,0.028663462509167792,0.15873598141955908
linoleum,hourglass,-150,-2.6179938779914944,2.026406429391504,2.667432070417145,linoleum,0.7702428590621028,0.060627878530530255,0.02683290173773755,0.14229636066962933,linoleum,0.7587645522420898,0.06297109458986333,0.02774818212345267,0.1505161710445942
linoleum,hourglass,-150,-2.6179938779914944,2.4029850746268657,2.467278989667049,linoleum,0.8394713883707122,0.046467311868401064,0.02139082698104723,0.09267047277983938,linoleum,0.7991179703064011,0.05471920322913219,0.024569504552249953,0.12159332191221678
linoleum,hourglass,-150,-2.6179938779914944,2.1125143513203217,2.276948590381426,linoleum,0.8785133874157633,0.038737436423948515,0.018648810524410683,0.06410036563587744,linoleum,0.8388156788610822,0.046728319826540354,0.021609157538330318,0.09284684377404712
linoleum,hourglass,-150,-2.6179938779914944,2.0022962112514358,2.223625462431433,linoleum,0.8860575119630155,0.03735662808469351,0.01823455829047127,0.05835130166181967,linoleum,0.8624365954120489,0.04204247395561693,0.019921857914400792,0.0755990727179334
linoleum,hourglass,-150,-2.6179938779914944,2.4615384615384617,2.285368031636688,linoleum,0.8772036537304515,0.038984024358134875,0.018727545650883394,0.0650847762605303,linoleum,0.86982012457125,0.040513249156875895,0.01932470178264209,0.07034192448923184
linoleum,hourglass,-150,-2.6179938779914944,1.977037887485649,2.24850108432198,linoleum,0.8826954291805009,0.037962544581533635,0.01840983368442854,0.060932192553536796,linoleum,0.8762577768758756,0.03923789686920477,0.01886726773353532,0.06563705852138434
linoleum,hourglass,-150,-2.6179938779914944,2.618828932261768,2.2626610537058296,linoleum,0.8806599727277642,0.03833712943239749,0.018523599080073897,0.062479298759764365,linoleum,0.8784588748018199,0.03878751315080114,0.01869543340680461,0.06405817864057436
linoleum,hourglass,-150,-2.6179938779914944,1.918484500574053,2.1830590636560787,linoleum,0.890986252659172,0.036506435746902106,0.01801489236592968,0.05449241922799614,linoleum,0.884722563730496,0.03764697444885162,0.018355162886367148,0.05927529893428525
linoleum,hourglass,-150,-2.6179938779914944,2.1699196326062,2.187779053450696,linoleum,0.8904467090950666,0.036596773530134956,0.018036274872310385,0.054920242502488066,linoleum,0.8875846364127813,0.03712187398949329,0.018195718879338768,0.05709777071838666
linoleum,hourglass,-150,-2.6179938779914944,2.9977037887485647,2.2957009822681465,linoleum,0.8755497990551129,0.0392976643426521,0.01882923909778919,0.0663232975044458,linoleum,0.8815672177339471,0.038209769166072695,0.01851247898856398,0.06171053411141623
linoleum,hourglass,-150,-2.6179938779914944,1.4339839265212395,2.1880341880341883,linoleum,0.8904172958420774,0.03660172021349759,0.018037461867807875,0.05494352207661713,linoleum,0.8859922567880123,0.03740574468978514,0.018274970428185926,0.05832702809401668
linoleum,hourglass,-150,-2.6179938779914944,1.835820895522388,2.1572904707233067,linoleum,0.8937808322564137,0.036052171749029575,0.017917399833041005,0.05224959616151576,linoleum,0.8898865445222128,0.03672895821940735,0.018096185130613462,0.055288312127766207
linoleum,hourglass,-150,-2.6179938779914944,1.780711825487945,2.132669983416252,linoleum,0.8962202574578813,0.03567855888948604,0.01785452768074072,0.05024665597189191,linoleum,0.8930534009900473,0.036203758554446706,0.017975356405677094,0.052767484049829075
linoleum,hourglass,-150,-2.6179938779914944,1.1044776119402984,1.981885444572012,linoleum,0.9067424714550759,0.03462247507084727,0.018121415313383606,0.04051363816069314,linoleum,0.8998979362225614,0.03541311681264698,0.018048385859530346,0.046640561105261095
linoleum,hourglass,-150,-2.6179938779914944,2.5487944890929968,2.045413955861717,linoleum,0.9031854118333619,0.03481360195251518,0.017870348928334733,0.04413063728578806,linoleum,0.9015416740279618,0.03511335938258108,0.017959367393932543,0.04538559919552459
linoleum,hourglass,-150,-2.6179938779914944,2.5522388059701497,2.038015052940426,linoleum,0.903662628960026,0.03477248819889758,0.01788900800686254,0.043675874834213715,linoleum,0.9026021514939939,0.034942923790739336,0.01792418770039754,0.04453073701486915
linoleum,hourglass,-150,-2.6179938779914944,2.2376578645235363,2.073478760045925,linoleum,0.9012186867598462,0.03501497648053425,0.01782439438674903,0.04594194237287056,linoleum,0.90191041912692,0.03497895013563679,0.017874291043573284,0.04523633969386985
linoleum,hourglass,-150,-2.6179938779914944,3.1159586681974742,2.178594208444955,linoleum,0.8914886432807898,0.03642302780634079,0.017995672141975887,0.054092656770893366,linoleum,0.8966995312038549,0.03570098897098879,0.017934981592774586,0.04966449823238161
linoleum,hourglass,-150,-2.6179938779914944,2.3731343283582085,2.1091976017349148,linoleum,0.8983449522872852,0.0353762012161809,0.01782208819239188,0.048456758304142054,linoleum,0.8975222417455702,0.035538595093584854,0.017878534892583235,0.04906062826826184
linoleum,hourglass,-150,-2.6179938779914944,2.342135476463835,2.210103329506315,linoleum,0.8877748186320084,0.03705452138529347,0.01815228151411789,0.05701837846858031,linoleum,0.8926485301887892,0.03629655823943916,0.018015408203350562,0.05303950336842107
linoleum,hourglass,-150,-2.6179938779914944,2.7014925373134324,2.3062890674830974,linoleum,0.8738008861138189,0.039631815698865314,0.01893928378242293,0.06762801440489291,linoleum,0.883224708151304,0.03796418696915224,0.018477345992886744,0.06033375888665699
linoleum,hourglass,-150,-2.6179938779914944,2.104477611940298,2.342263043755581,linoleum,0.8674316773061761,0.040866476374234684,0.01935815474225514,0.07234369157733393,linoleum,0.8753281927287402,0.03941533167169347,0.018917750367570946,0.06633872523199548
linoleum,hourglass,-150,-2.6179938779914944,2.048220436280138,2.447123357571119,linoleum,0.8446561460140294,0.0454157023570843,0.020998916851062574,0.08892923477782382,linoleum,0.8599921693713848,0.042415517014388886,0.01995833360931676,0.07763398000490965
linoleum,hourglass,-150,-2.6179938779914944,2.335246842709529,2.4233958413062893,linoleum,0.8504066809820378,0.04425428767275416,0.02057029350494044,0.08476873784026763,linoleum,0.8551994251767112,0.04333490234357153,0.0202643135571286,0.08120135892258865
linoleum,hourglass,-150,-2.6179938779914944,2.5499425947187144,2.423140706722796,linoleum,0.8504665049977276,0.04424223811859604,0.02056587329255471,0.0847253835911216,linoleum,0.8528329650872194,0.04378857023108378,0.020415093424841657,0.08296337125685513
linoleum,hourglass,-150,-2.6179938779914944,2.479908151549943,2.450057405281286,linoleum,0.8439188626900296,0.04556501362310284,0.021054359307413128,0.0894617643794543,linoleum,0.8483759138886247,0.04467679192709332,0.020734726366127398,0.08621256781815473
linoleum,hourglass,-150,-2.6179938779914944,2.6119402985074625,2.3940553642046183,linoleum,0.85701669439152,0.04292798518070396,0.020087677131983717,0.07996764329579228,linoleum,0.8526963041400724,0.04380238855389864,0.020411201749055558,0.0830901055569735
linoleum,hourglass,-150,-2.6179938779914944,2.2123995407577497,2.376195943360122,linoleum,0.8607826250405892,0.04217782678878839,0.019818804591311533,0.077220743579311,linoleum,0.8567394645903308,0.042990107671343515,0.020115003170183547,0.08015542456814226
linoleum,hourglass,-150,-2.6179938779914944,2.6119402985074625,2.4061742569205253,linoleum,0.8543516342135007,0.04346141730478112,0.020280777131385683,0.08190617135033244,linoleum,0.8555455494019157,0.043225762488062314,0.020197890150784617,0.08103079795923734
linoleum,hourglass,-150,-2.6179938779914944,2.765786452353616,2.413318025258324,linoleum,0.8527380022061896,0.04378529467449518,0.020398701988280386,0.0830780011310351,linoleum,0.8541417758040526,0.04350552858127875,0.0202982960695325,0.08205439954513621
linoleum,hourglass,-150,-2.6179938779914944,2.2319173363949485,2.4274779946421736,linoleum,0.8494437636508984,0.044448336143665904,0.020641558038898587,0.08546634216653716,linoleum,0.8517927697274754,0.043976932362472326,0.020469927054215544,0.08376037085583668
linoleum,hourglass,-150,-2.6179938779914944,2.327210103329506,2.458476846536548,linoleum,0.8417703572757262,0.04600057070238172,0.021216484492450418,0.09101258752944169,linoleum,0.8467815635016008,0.044988751532427027,0.02084320577333298,0.08738647919263919
linoleum,hourglass,-150,-2.6179938779914944,2.7313432835820897,2.5024875621890548,linoleum,0.8297152811279193,0.04845416761642615,0.022138951718911427,0.09969159953674298,linoleum,0.83824842231476,0.04672145957442659,0.021491078746122202,0.09353903936469107
linoleum,hourglass,-150,-2.6179938779914944,1.4982778415614235,2.385635922949356,linoleum,0.8588156832295358,0.04256906261700308,0.019958612686705637,0.07865664146675544,linoleum,0.848532052772148,0.04464526109571484,0.020724845716413923,0.08609784041572327
linoleum,hourglass,-150,-2.6179938779914944,2.1687715269804824,2.3510651868860823,linoleum,0.8657686673508656,0.04119262865409818,0.01947143319276226,0.0735672708022739,linoleum,0.8571503600615068,0.04291894487490651,0.02009813945458809,0.07983255560899859
linoleum,hourglass,-150,-2.6179938779914944,3.3834672789896665,2.436790406939661,linoleum,0.8472063182016433,0.044899923411435116,0.020807965529057504,0.08708579285786398,linoleum,0.852178339131575,0.04390943414317081,0.020453052491822797,0.08345917423343129
linoleum,hourglass,-150,-2.6179938779914944,3.256027554535017,2.5527490751371347,linoleum,0.8141296118226562,0.051640852543192145,0.02335384213225552,0.1108756935018961,linoleum,0.8331539754771157,0.04777514334318148,0.02190344731203916,0.0971674338676637
linoleum,hourglass,-150,-2.6179938779914944,2.048220436280138,2.490113534889654,linoleum,0.8332484963662817,0.0477336364445778,0.02186663480796597,0.09715123238117453,linoleum,0.8332012359216987,0.047754389893879645,0.021885041060002566,0.09715933312441911
linoleum,hourglass,-150,-2.6179938779914944,2.4822043628013777,2.4586044138282945,linoleum,0.8417374267024099,0.04600725154738045,0.021218975668054828,0.09103634608215465,linoleum,0.8374693313120544,0.04688082072063005,0.0215520083640287,0.0940978396032869
linoleum,hourglass,-150,-2.6179938779914944,1.3030998851894375,2.35540247480546,linoleum,0.8649335460758237,0.04135691042982976,0.01952883959830611,0.0741807038960405,linoleum,0.851201438693939,0.044118865575229906,0.020540423981167406,0.08413927174966371
linoleum,hourglass,-150,-2.6179938779914944,3.2365097588978187,2.456435769868605,linoleum,0.8422957071037931,0.045894009221100845,0.02117676709571623,0.09063351657938994,linoleum,0.8467485728988661,0.04500643739816537,0.02085859553844182,0.08738639416452681
linoleum,hourglass,-150,-2.6179938779914944,2.444316877152698,2.4245439469320065,linoleum,0.8501369523491091,0.044308624728409234,0.020590233636825758,0.08496418928565591,linoleum,0.8484427626239877,0.044657531063287306,0.02072441458763379,0.08617529172509136
linoleum,hourglass,-150,-2.6179938779914944,2.316877152698048,2.5154994259471875,linoleum,0.8258737085379284,0.04923856101142845,0.022436525765751118,0.10245120468489202,linoleum,0.837158235580958,0.046948046037357874,0.021580470176692453,0.09431324820499169
linoleum,hourglass,-150,-2.6179938779914944,2.9621125143513205,2.6036484245439464,linoleum,0.7961696514197958,0.05532002290902442,0.02477137906299965,0.12373894660818009,linoleum,0.8166639435003769,0.05113403447319115,0.02317592461984605,0.10902609740658589
linoleum,hourglass,-150,-2.6179938779914944,1.6555683122847304,2.4116596504656207,linoleum,0.8531154509292195,0.04370947909796667,0.020371053664864785,0.08280401630794902,linoleum,0.8348896972147982,0.04742175678557892,0.021773489142355423,0.09591505685726746
linoleum,hourglass,-150,-2.6179938779914944,2.7026406429391505,2.3501722158438576,linoleum,0.8659393127413058,0.04115909966806279,0.019459744758876685,0.07344184283175474,linoleum,0.850414504978052,0.044290428226820854,0.020616616950616055,0.0846784498445111
linoleum,hourglass,-150,-2.6179938779914944,3.00459242250287,2.4564357698686057,linoleum,0.8422957071037926,0.045894009221100894,0.021176767095716226,0.0906335165793901,linoleum,0.8463551060409225,0.04509221872396088,0.020896692023166144,0.08765598321195062
linoleum,hourglass,-150,-2.6179938779914944,2.0424799081515497,2.407577497129736,linoleum,0.854037191948814,0.043524479690661054,0.02030369970040873,0.08213462866011607,linoleum,0.8501961489948683,0.04430834920731098,0.020600195861787438,0.08489530593603335
linoleum,hourglass,-150,-2.6179938779914944,2.6991963260619976,2.5626993238933538,linoleum,0.8107975625891352,0.0523231850256755,0.023615744696542453,0.1132635076886469,linoleum,0.8304968557920017,0.04831576711649324,0.022107970279164946,0.09907940681234012
linoleum,hourglass,-150,-2.6179938779914944,2.615384615384616,2.493685419058553,linoleum,0.8322404345802649,0.04793911213120393,0.021944184399443553,0.09787626888908761,linoleum,0.8313686451861333,0.048127439623848585,0.02202607733930425,0.09847783785071387
linoleum,hourglass,-150,-2.6179938779914944,2.57060849598163,2.507717821150657,linoleum,0.8281868616903166,0.04876613835533749,0.022257171204152843,0.10078982875019303,linoleum,0.8297777534382251,0.04844678898959305,0.02214162427172855,0.09963383330045347
linoleum,square,-90,-1.5707963267948966,1.087256027554535,1.087256027554535,linoleum,0.25004567385243986,0.24998645348505938,0.24998456777149325,0.24998330489100773,linoleum,0.25004567385243986,0.24998645348505938,0.24998456777149325,0.24998330489100773
linoleum,square,-90,-1.5707963267948966,4.385763490241103,2.736509758897819,linoleum,0.9190787205848652,0.027023489571591033,0.026948831226600405,0.02694895861694342,linoleum,0.5845621972186525,0.1385049715283252,0.13846669949904683,0.13846613175397557
linoleum,square,-90,-1.5707963267948966,4.203214695752009,3.225411404515882,linoleum,0.9851959616556097,0.004965450297709365,0.004907086377700674,0.004931501668980149,linoleum,0.7848790794371312,0.07173521091301728,0.07168689293837376,0.07169881671147786
linoleum,square,-90,-1.5707963267948966,4.144661308840414,3.455223880597015,linoleum,0.9915393640499477,0.0028452183253293464,0.0027820263397926813,0.0028333912849301834,linoleum,0.8882092217435394,0.03729021461917331,0.03723445963908322,0.03726610399820402
linoleum,square,-90,-1.5707963267948966,3.507462686567164,3.4656716417910447,linoleum,0.9917176005640503,0.0027855059053870455,0.0027218708472384113,0.0027750226833242637,linoleum,0.9399634111537949,0.020037860262280178,0.019978165243160817,0.020020563340764144
linoleum,square,-90,-1.5707963267948966,4.068886337543054,3.56620742441638,linoleum,0.9931214207905666,0.0023141787675175773,0.002245071148646478,0.002319329293269294,linoleum,0.9665424159721807,0.011176019514898878,0.011111618195903648,0.011169946317016718
linoleum,square,-90,-1.5707963267948966,4.006888633754306,3.6291618828932255,linoleum,0.9937648851884303,0.002096877791414428,0.002023068228392416,0.00211516879176289,linoleum,0.9801536505803056,0.006636448653156653,0.0065673432121480324,0.006642557554389805
linoleum,square,-90,-1.5707963267948966,3.715269804822044,3.6399253731343286,linoleum,0.9938599466132662,0.0020646342001370186,0.001989907369194359,0.002085511817402503,linoleum,0.9870067985967859,0.004350541426646836,0.004278625290671196,0.004364034685896154
linoleum,square,-90,-1.5707963267948966,3.68886337543054,3.645362928945018,linoleum,0.9939064395882983,0.0020488456732779326,0.0019736419528923956,0.002071072785531389,linoleum,0.9904566190925419,0.0031996935499623838,0.003126133621781795,0.003217553735713771
linoleum,square,-90,-1.5707963267948966,4.227324913892078,3.994259471871412,linoleum,0.995233754228448,0.0015578676521961683,0.0014235145554972065,0.00178486356385876,linoleum,0.9928451866604949,0.0023787806010792762,0.0022748240886395006,0.0025012086497862656
linoleum,square,-90,-1.5707963267948966,3.929965556831229,3.943615257048093,linoleum,0.9952144693496834,0.0015774618704762356,0.0014565387762254798,0.0017515300036149745,linoleum,0.9940298280050892,0.001978121235777756,0.00186568143243249,0.00212636932670062
linoleum,square,-90,-1.5707963267948966,3.483352468427095,3.863630565123103,linoleum,0.9950716836994794,0.0016400172682612777,0.0015361170387299971,0.00175218199352933,linoleum,0.9945507558522844,0.0018090692520195168,0.0017008992355812436,0.0019392756601149751
linoleum,square,-90,-1.5707963267948966,3.657864523536165,3.8095420334226304,linoleum,0.9948954739899958,0.0017059511558848834,0.001611227849126877,0.001787347004992331,linoleum,0.9947231149211401,0.0017575102039522,0.0016560635423540603,0.0018633113325536531
linoleum,square,-90,-1.5707963267948966,3.780711825487945,3.839903048858273,linoleum,0.995002532000615,0.0016664641964366953,0.0015667946327020989,0.0017642091702460333,linoleum,0.9948628234608775,0.0017119872001944477,0.0016114290875280796,0.0018137602513998432
linoleum,square,-90,-1.5707963267948966,4.012629161882893,3.833652251562699,linoleum,0.9949822155247233,0.0016740662643622796,0.0015754564739373482,0.0017682617369769757,linoleum,0.9949225194928005,0.0016930267322783639,0.001593442780732714,0.0017910109941884098
linoleum,square,-90,-1.5707963267948966,3.779563719862228,3.8083939277969128,linoleum,0.9948910067948642,0.0017075730848166194,0.0016130271538165677,0.001788392966502604,linoleum,0.9949067631438324,0.0017002999085474917,0.0016032349672746408,0.001789701980345507
linoleum,square,-90,-1.5707963267948966,3.8564867967853047,3.82408470468172,linoleum,0.9949493977258242,0.0016862270159311546,0.0015891970502532203,0.00177517820799137,linoleum,0.9949280804348284,0.0016932634622393232,0.0015962160087639307,0.0017824400941684384
linoleum,square,-90,-1.5707963267948966,3.746268656716418,3.830463069269039,linoleum,0.9949715085043431,0.0016780488800947331,0.0015799713200307314,0.0017704712955313592,linoleum,0.9949497944695858,0.0016856561711670283,0.001588093664397331,0.0017764556948498987
linoleum,square,-90,-1.5707963267948966,3.764638346727899,3.779053450695242,linoleum,0.9947661686620195,0.0017523400957172636,0.0016621036037461718,0.0018193876385171025,linoleum,0.9948579815658026,0.001718998133442146,0.0016250986340717514,0.0017979216666835006
linoleum,square,-90,-1.5707963267948966,4.058553386911596,3.793340987370838,linoleum,0.9948295489193009,0.001729733638381667,0.0016374514219761158,0.001803266020341508,linoleum,0.9948437652425515,0.0017243658859119062,0.0016312750280239332,0.0018005938435125038
linoleum,square,-90,-1.5707963267948966,0.5717566016073478,3.4698303355019773,linoleum,0.9917866509984842,0.0027623675036955587,0.0026985499351015393,0.0027524315627187384,linoleum,0.993315208120518,0.002243366694803733,0.002164912481562737,0.0022765127031156213
linoleum,square,-90,-1.5707963267948966,4.90126291618829,3.607985712463324,linoleum,0.9935656632295418,0.00216431017562134,0.002092205062203392,0.002177821532633477,linoleum,0.9934404356750297,0.002203838435212536,0.002128558771883064,0.0022271671178745486
linoleum,square,-90,-1.5707963267948966,4.172215843857635,3.651486158948846,linoleum,0.9939575917217118,0.0020314592295727664,0.0019557074107638584,0.002055241637951489,linoleum,0.9936990136983709,0.0021176488323926515,0.0020421330913234616,0.0021412043779130193
linoleum,square,-90,-1.5707963267948966,3.6383467278989663,3.609899221839521,linoleum,0.9935843503017683,0.0021579921045011127,0.002085738288885965,0.00217191930484456,linoleum,0.9936416820000695,0.0021378204684468823,0.002063935690104713,0.00215656184137879
linoleum,square,-90,-1.5707963267948966,3.841561423650976,3.6167878555938255,linoleum,0.9936504825678358,0.0021356217028195993,0.002062823913426024,0.002151071815918651,linoleum,0.9936460822839527,0.002136721085633241,0.0020633798017653687,0.00215381682864872
linoleum,square,-90,-1.5707963267948966,3.931113662456946,3.625079729557342,linoleum,0.9937277580842281,0.002109458077656769,0.0020359872813699104,0.0021267965567451593,linoleum,0.9936869201840904,0.002123089581645005,0.00204968354156764,0.00214030669269694
linoleum,square,-90,-1.5707963267948966,3.555683122847302,3.6039035591274393,linoleum,0.9935253306790276,0.0021779420666066876,0.002106150734087145,0.002190576520278557,linoleum,0.993606125431559,0.002150515824125846,0.0020779171378273926,0.0021654416064877486
linoleum,square,-90,-1.5707963267948966,3.7898966704936856,3.606710039545861,linoleum,0.9935531278144124,0.002168547634331977,0.0020965410807524004,0.002181783470503191,linoleum,0.9935796266229857,0.0021595317292289118,0.0020872291092898965,0.0021736125384954697
linoleum,square,-90,-1.5707963267948966,3.7692307692307696,3.574563082025769,linoleum,0.9932160259770536,0.002282308403212929,0.0022126382711600743,0.0022890273485735293,linoleum,0.9933978263000196,0.0022209200662209206,0.0021499336902249854,0.0022313199435344995
linoleum,square,-90,-1.5707963267948966,3.771526980482205,3.9300931241229744,linoleum,0.995199979610591,0.0015852660592872117,0.001467553196767396,0.0017472011333543836,linoleum,0.9942989029553053,0.001903093062754066,0.0018087434434961905,0.0019892605384444415
linoleum,square,-90,-1.5707963267948966,3.6039035591274393,3.785942084449547,linoleum,0.9947973484758333,0.0017412462073239908,0.0016500355892117913,0.0018113697276309455,linoleum,0.9945481257155693,0.0018221696350390285,0.0017293895163539908,0.0019003151330376934
linoleum,square,-90,-1.5707963267948966,3.4626865671641798,3.707105498150274,linoleum,0.9943673302643793,0.0018913776849028942,0.0018100743451723493,0.0019312177055454908,linoleum,0.9944577279899743,0.0018567736599709617,0.0017697319307631704,0.0019157664192915923
linoleum,square,-90,-1.5707963267948966,3.918484500574053,3.738231917336396,linoleum,0.9945568172648629,0.0018258316447361132,0.0017409278962670068,0.001876423194134084,linoleum,0.9945072726274184,0.001841302652353537,0.0017553299135150881,0.0018960948067128377
linoleum,square,-90,-1.5707963267948966,3.846153846153846,3.73874218650338,linoleum,0.9945597020753499,0.0018248280003072548,0.0017398620112142426,0.0018756079131286819,linoleum,0.9945334873513842,0.001833065326330396,0.0017475959623646654,0.0018858513599207599
linoleum,square,-90,-1.5707963267948966,3.82548794489093,3.727005995662712,linoleum,0.9944915709414163,0.0018484802545235767,0.0017649190055325737,0.001895029798527511,linoleum,0.9945125291464003,0.0018407727904269863,0.0017562574839486197,0.0018904405792241354
linoleum,square,-90,-1.5707963267948966,3.1814006888633752,3.6854190585533866,linoleum,0.9942189119274799,0.0019423203716652068,0.0018633091850911992,0.001975458515763834,linoleum,0.9943657205369401,0.0018915465810460967,0.0018097833345199093,0.0019329495474939846
linoleum,square,-90,-1.5707963267948966,3.436280137772675,3.646128332695497,linoleum,0.9939129029145803,0.0020466497444684767,0.001971378156970363,0.002069069183980821,linoleum,0.9941393117257602,0.0019690981627572867,0.0018905807457451362,0.002001009365737403
linoleum,square,-90,-1.5707963267948966,3.7290470723306544,3.641663477484373,linoleum,0.9938749183684304,0.0020595513690801572,0.001984673098024364,0.0020808571644652316,linoleum,0.9940071150470953,0.002014324765918722,0.00193762692188475,0.002040933265101317
linoleum,square,-90,-1.5707963267948966,3.82089552238806,3.647148871029468,linoleum,0.9939214897506602,0.0020437319386582106,0.0019683695760835717,0.002066408734598154,linoleum,0.9939643023988776,0.0020290283522884658,0.0019529982489841604,0.002053670999849735
linoleum,square,-90,-1.5707963267948966,3.74052812858783,3.662329378747289,linoleum,0.9940451116778071,0.002001669176654692,0.0019249173793085294,0.0020283017662295496,linoleum,0.9940047070383424,0.0020153487644715795,0.001938957814146345,0.002040986383039643
linoleum,square,-90,-1.5707963267948966,3.6016073478760045,3.6777650210486033,linoleum,0.9941631483795635,0.0019613935823780304,0.0018831514687684457,0.001992306569289885,linoleum,0.9940839277089532,0.0019883711734248054,0.0019110546414573956,0.0020166464761647643
linoleum,square,-90,-1.5707963267948966,0.6980482204362801,3.319938767699961,linoleum,0.9884807662362226,0.003868212870007794,0.003808926868653748,0.0038420940251159843,linoleum,0.9912823469725877,0.002928292021716299,0.002859990755055571,0.002929370250640374
linoleum,square,-90,-1.5707963267948966,4.592422502870264,3.402857507335119,linoleum,0.9905342283521404,0.003181675967388334,0.003120385357149078,0.0031637103233221457,linoleum,0.9909082876623642,0.003054983994552317,0.002990188056102325,0.0030465402869812603
linoleum,square,-90,-1.5707963267948966,3.801377726750861,3.4001785942084446,linoleum,0.9904773649773116,0.003200699350890979,0.0031394922329877326,0.0031824434388098176,linoleum,0.9906928263198379,0.003127841672721648,0.003064840144545029,0.003114491862895539
linoleum,square,-90,-1.5707963267948966,3.444316877152698,3.4293915040183696,linoleum,0.9910678984014067,0.003003087394126922,0.0029408984682343176,0.0029881157362319872,linoleum,0.9908803623606222,0.0030654645334242843,0.0030028693063896723,0.0030513037995637624
linoleum,square,-90,-1.5707963267948966,3.0884041331802528,3.390738614619212,linoleum,0.9902724062950509,0.003269259787545787,0.0032083365689481347,0.0032499973484553663,linoleum,0.9905763843278363,0.003167362160485035,0.0031056029376689024,0.0031506505740095635
linoleum,square,-90,-1.5707963267948966,3.809414466130884,3.399668325041459,linoleum,0.9904664694210017,0.0032043443020284773,0.003143152940056735,0.003186033336913073,linoleum,0.9905214268744191,0.0031858532312567566,0.003124377938862819,0.003168341955461319
linoleum,square,-90,-1.5707963267948966,4.351320321469576,3.4586044138282945,linoleum,0.991597791292083,0.002825646219218718,0.002762313270891928,0.0028142492178063194,linoleum,0.9910596090832511,0.0030057497252377373,0.0029433456048773734,0.0029912955866338194
linoleum,square,-90,-1.5707963267948966,3.513203214695752,3.4333460900625083,linoleum,0.9911430308327319,0.0029779363510939534,0.002915602236045054,0.00296343058012912,linoleum,0.9911013199579916,0.002991843038165846,0.002929473920461214,0.00297736308338147
linoleum,square,-90,-1.5707963267948966,3.5200918484500576,3.424288812348514,linoleum,0.990969310895328,0.0030360866813154705,0.002974080709454173,0.003020521713902324,linoleum,0.9910353154266598,0.003013964859740658,0.0029517773149576937,0.002998942398641897
linoleum,square,-90,-1.5707963267948966,3.700344431687716,3.75787728026534,linoleum,0.9946629149774163,0.001788771507566121,0.0017013925488857864,0.0018469209661317234,linoleum,0.992849115202038,0.0024013681836533895,0.00232658493192174,0.00242293168238681
linoleum,square,-90,-1.5707963267948966,3.9253731343283578,3.683760683760684,linoleum,0.9942069825422963,0.0019464034113963618,0.0018675605845779955,0.0019790534617294244,linoleum,0.9935280488721672,0.0021738857975248755,0.0020970727582498676,0.002200992572058117
linoleum,square,-90,-1.5707963267948966,3.444316877152698,3.6440872560275546,linoleum,0.9938956230585264,0.002052520027361282,0.0019774290119988773,0.002074427902113392,linoleum,0.9937118359653467,0.0021132029124430788,0.0020372508851243722,0.002137710237085755
linoleum,square,-90,-1.5707963267948966,3.3122847301951777,3.629417017476719,linoleum,0.9937671858134226,0.0020960980144224613,0.0020222671136188074,0.0021144490585362093,linoleum,0.9937395108893845,0.0021046504634327696,0.0020297589993715894,0.002126079647810982
linoleum,square,-90,-1.5707963267948966,3.509758897818599,3.6762342135476462,linoleum,0.9941517782731195,0.001965278715251515,0.001887187991521724,0.001995755020107167,linoleum,0.9939456445812521,0.0020349645893421426,0.001958473495446657,0.002060917333959075
linoleum,square,-90,-1.5707963267948966,3.9047072330654418,3.6868222987625976,linoleum,0.9942289405603871,0.001938886690245073,0.0018597322924820783,0.001972440456885886,linoleum,0.9940872925708194,0.0019869256397936075,0.0019091028939643671,0.00201667889542248
linoleum,square,-90,-1.5707963267948966,3.694603903559128,3.6138538078836575,linoleum,0.9936225321850793,0.002145078594187729,0.002072514160392554,0.002159875060340395,linoleum,0.9938549123779494,0.002066002116990668,0.0019908085271784608,0.0020882769778814373
linoleum,square,-90,-1.5707963267948966,3.723306544202066,3.637198622273249,linoleum,0.9938362481884198,0.0020726770315361008,0.001998185908011701,0.0020928888720324066,linoleum,0.9938455802831847,0.0020693395742633846,0.0019944972175950813,0.0020905829249569224
linoleum,square,-90,-1.5707963267948966,3.501722158438576,3.6351575456053062,linoleum,0.9938183395842152,0.0020787528007124812,0.00200443662498164,0.00209847099009071,linoleum,0.9938319599336998,0.0020740461874879323,0.0019994669212883604,0.0020945269575238156
linoleum,square,-90,-1.5707963267948966,3.746268656716418,3.640260237275162,linoleum,0.9938628391850387,0.002063652290172982,0.00198889635518786,0.002084612169600497,linoleum,0.9938473995593693,0.0020688492388304574,0.00199418163823811,0.0020895695635621565
linoleum,square,-90,-1.5707963267948966,3.9184845005740527,3.639494833524685,linoleum,0.9938562218962644,0.002065898517653672,0.0019912090554564835,0.0020866705306254426,linoleum,0.9938518107278169,0.002067373878242065,0.0019926953468472966,0.0020881200470937995
linoleum,square,-90,-1.5707963267948966,0.5430539609644087,3.3171322872815407,linoleum,0.9883994130990947,0.003895398217309577,0.0038361598682752113,0.0038690288153204956,linoleum,0.9911256119134558,0.002981386047775821,0.0029144276075612537,0.0029785744312071476
linoleum,square,-90,-1.5707963267948966,4.445464982778415,3.443041204235234,linoleum,0.9913226337365475,0.002917803138950425,0.002855100375004474,0.0029044627494975634,linoleum,0.9912241228250016,0.0029495945933631232,0.0028847639912828638,0.0029415185903523553
linoleum,square,-90,-1.5707963267948966,4.008036739380023,3.49840540885317,linoleum,0.992233408098519,0.0026125769709512132,0.0025474079220466884,0.002606607008483078,linoleum,0.9917287654617604,0.002781085782157168,0.002716085956664776,0.002774062799417717
linoleum,square,-90,-1.5707963267948966,3.464982778415614,3.4495471361143,linoleum,0.9914395903388517,0.0028786364139423174,0.0028156760270037265,0.00286609722020238,linoleum,0.9915841779003058,0.0028298610980497423,0.0027658809918342507,0.002820080009810048
linoleum,square,-90,-1.5707963267948966,3.2365097588978187,3.398647786707488,linoleum,0.9904446161102286,0.0032116549091173526,0.0031504949178475343,0.003193234062806546,linoleum,0.9910143970052672,0.0030207580035835476,0.0029581879548408923,0.003006657036308297
linoleum,square,-90,-1.5707963267948966,3.789896670493685,3.406046689628779,linoleum,0.9906011879064057,0.003159273712939962,0.0030978820065326925,0.0031416563741216855,linoleum,0.9908077924558365,0.003090015858261755,0.0030280349806867924,0.003074156705214991
linoleum,square,-90,-1.5707963267948966,4.214695752009185,3.4852659778032917,linoleum,0.9920338436233859,0.0026795074205248487,0.002614981216699025,0.0026716677393902053,linoleum,0.9914208180396112,0.002884761639393302,0.0028215080986929092,0.0028729122223025987
linoleum,square,-90,-1.5707963267948966,3.5637198622273245,3.464982778415614,linoleum,0.9917060597868127,0.0027893728544948634,0.0027257676880712476,0.002778799670621131,linoleum,0.991563438913212,0.0028370672469440828,0.002773637893382078,0.002825855946461865
linoleum,square,-90,-1.5707963267948966,3.5005740528128597,3.4185482842199257,linoleum,0.9908561458146338,0.003073960786573212,0.003012154780147433,0.0030577386186457405,linoleum,0.9912097923639229,0.0029555140167586477,0.0028928963367647557,0.0029417972825538027
linoleum,square,-90,-1.5707963267948966,3.902411021814007,3.791810179869881,linoleum,0.9948229954843651,0.0017320816173372995,0.0016400232919653388,0.0018048996063320874,linoleum,0.9930163939241441,0.0023437978170479734,0.0022664598143650474,0.002373348444442945
linoleum,square,-90,-1.5707963267948966,3.768082663605052,3.716545477739508,linoleum,0.9944276554266448,0.0018705824549123849,0.0017882270734614636,0.0019135350449812206,linoleum,0.9937220246753945,0.0021071901359801795,0.002027343443913256,0.0021434417447120835
linoleum,square,-90,-1.5707963267948966,3.2950631458094146,3.637326189564996,linoleum,0.9938373626472932,0.0020722988752337247,0.0019977967752674362,0.002092541702205832,linoleum,0.9937796936613437,0.002089744505606952,0.002012570109590346,0.0021179917234589573
linoleum,square,-90,-1.5707963267948966,3.417910447761194,3.6320959306033935,linoleum,0.9937912025821068,0.0020879561226441867,0.0020138999966590266,0.0021069412985899407,linoleum,0.9937854481217253,0.0020888503141255695,0.002013235053124687,0.0021124665110244492
linoleum,square,-90,-1.5707963267948966,3.677382319173364,3.6810817706340098,linoleum,0.9941875340581017,0.0019530567385551683,0.0018744838525264235,0.0019849253508166962,linoleum,0.9939864910899134,0.0020209535263403687,0.0019438594528255553,0.002048695930920573
linoleum,square,-90,-1.5707963267948966,4.107921928817452,3.7164179104477615,linoleum,0.9944268570904208,0.0018708580497231659,0.0017885171113898612,0.0019137677484661747,linoleum,0.9942066740901672,0.0019459057880317674,0.0018661882821077082,0.001981231839693374
linoleum,square,-90,-1.5707963267948966,3.3685419058553383,3.6224008164306674,linoleum,0.9937030667469872,0.0021178209184213397,0.002044569756482462,0.0021345425781089324,linoleum,0.9939548704185772,0.0020318633532265535,0.001955379019295085,0.002057887208901153
linoleum,square,-90,-1.5707963267948966,3.8277841561423656,3.6517412935323375,linoleum,0.9939596957038719,0.0020307437208505253,0.001954968807234775,0.002054591768042888,linoleum,0.9939572830612246,0.0020313035370385394,0.00195517391326493,0.0020562394884720203
linoleum,square,-90,-1.5707963267948966,3.400688863375431,3.6406429391504016,linoleum,0.9938661402398576,0.002062531657062584,0.001987742417988451,0.0020835856850915193,linoleum,0.9939117116505409,0.002046917597050561,0.00197145816562669,0.0020699125867817696
linoleum,square,-90,-1.5707963267948966,3.6440872560275546,3.611940298507463,linoleum,0.993604130508516,0.0021513029615279878,0.0020788893842458513,0.002165677145710091,linoleum,0.9937579210795284,0.0020991102792892744,0.0020251737749362704,0.00211779486624593
linoleum,square,-90,-1.5707963267948966,4.2548794489093,3.666028830207935,linoleum,0.9940740932279014,0.0019917914900674095,0.001914689760621088,0.002019425521409979,linoleum,0.993916007153715,0.0020454508846783417,0.0019699317677786795,0.002068610193827955
linoleum,square,-90,-1.5707963267948966,1.0160734787600458,3.4128077560913384,linoleum,0.9907405429084593,0.0031126460309697595,0.003051033845875314,0.0030957772146955366,linoleum,0.9923282750310872,0.0025790484578240513,0.0025104828068269972,0.002582193704261746
linoleum,square,-90,-1.5707963267948966,4.978185993111366,3.586171705574692,linoleum,0.9933425731486454,0.002239642540303055,0.0021691607749712563,0.002248623536080303,linoleum,0.9928354240898664,0.0024093454990635533,0.002339821790899127,0.002415408620171025
linoleum,square,-90,-1.5707963267948966,4.308840413318025,3.656333716035209,linoleum,0.9939971970250416,0.0020179853275441666,0.0019417911502134996,0.0020430264972009023,linoleum,0.9934163105574538,0.0022136654133038595,0.002140806470556313,0.0022292175586859633
linoleum,square,-90,-1.5707963267948966,4.001148105625718,3.6444699579027935,linoleum,0.9938988738436614,0.002051415818365991,0.0019762910448110696,0.002073419293161424,linoleum,0.9936575922005577,0.0021325406158349256,0.0020585487576836917,0.002151318425923694
linoleum,square,-90,-1.5707963267948966,4.028702640642939,3.717821150656972,linoleum,0.9944356135877798,0.0018678345981792642,0.0017853344407905629,0.001911217373250299,linoleum,0.9940466028941689,0.0020001876070070953,0.0019219415992371275,0.002031267899586997
linoleum,square,-90,-1.5707963267948966,4.010332950631458,3.7381043500446487,linoleum,0.9945560949716689,0.0018260829035733413,0.0017411946985221628,0.001876627426235623,linoleum,0.9943013489329189,0.0019131352552902183,0.0018315681488796452,0.00195394766291131
linoleum,square,-90,-1.5707963267948966,3.824339839265212,3.785176680699069,linoleum,0.9947939414719013,0.0017424608825479877,0.001651359613076545,0.0018122380324743059,linoleum,0.99454764520241,0.001827798068919103,0.0017414638809780951,0.0018830928476928081
linoleum,square,-90,-1.5707963267948966,3.809414466130884,3.80354637071055,linoleum,0.9948718029530784,0.00171452716753219,0.0016207226990163032,0.0017929471803731494,linoleum,0.9947097240777443,0.0017711626182256464,0.0016810932899971993,0.0018380200140329789
linoleum,square,-90,-1.5707963267948966,4.107921928817452,3.787217757367011,linoleum,0.9948029950690499,0.0017392316764065362,0.0016478381870809011,0.0018099350674626571,linoleum,0.994756359573397,0.0017551971473160912,0.0016644657385390502,0.0018239775407478181
linoleum,square,-90,-1.5707963267948966,3.87715269804822,4.1051154483990295,linoleum,0.9950726234029611,0.0015672933709801845,0.0013938175077842566,0.001966265718274342,linoleum,0.9949144914881791,0.0016612452591481378,0.0015291416231616533,0.00189512162951108
linoleum,square,-90,-1.5707963267948966,3.2962112514351314,3.91822936599056,linoleum,0.9951840451675489,0.0015930233472077964,0.001478008325512497,0.0017449231597308165,linoleum,0.995049268327864,0.0016271343031779672,0.0015035749743370751,0.0018200223946209482
linoleum,square,-90,-1.5707963267948966,3.5752009184845006,3.836713866564613,linoleum,0.9949922769201633,0.0016703091981536502,0.0015711831016379041,0.0017662307800451165,linoleum,0.9950207726240138,0.001648721750665809,0.0015373790379874898,0.0017931265873330326
linoleum,square,-90,-1.5707963267948966,4.030998851894374,3.8400306161500186,linoleum,0.9950029374288819,0.001666311846963367,0.0015666204237886592,0.0017641303003662172,linoleum,0.9950118550264478,0.001657516798814588,0.0015519997308880745,0.001778628443849625
linoleum,square,-90,-1.5707963267948966,4.098737083811711,3.847812220946549,linoleum,0.9950269769022855,0.0016572281516361869,0.0015561855150952619,0.0017596094309830401,linoleum,0.9950194159643666,0.0016573724752253875,0.0015540926229916682,0.0017691189374163326
linoleum,square,-90,-1.5707963267948966,3.3008036739380024,3.768975634647276,linoleum,0.9947184382651204,0.0017692340602752435,0.0016803827958332615,0.0018319448787712676,linoleum,0.9948689271147435,0.0017133032677503156,0.0016172377094124649,0.0018005319080938
linoleum,square,-90,-1.5707963267948966,3.74052812858783,3.759663222349789,linoleum,0.9946720618309824,0.001785560534205474,0.001697948340200127,0.0018444292946117285,linoleum,0.994770494472863,0.0017494319009778948,0.001657593024806296,0.0018224806013527643
linoleum,square,-90,-1.5707963267948966,3.788748564867968,3.7573670110983546,linoleum,0.9946602865344819,0.0017896936937960265,0.0017023811171813755,0.001847638654540919,linoleum,0.9947153905036723,0.0017695627973869602,0.0016799870709938353,0.0018350596279468412
linoleum,square,-90,-1.5707963267948966,3.9104477611940296,3.7354254369179736,linoleum,0.9945408257992927,0.0018313915603178825,0.001746828225745685,0.001880954414643752,linoleum,0.9946281081514825,0.0018004771788524214,0.0017134076483697601,0.0018580070212952968
linoleum,square,-90,-1.5707963267948966,4.477611940298507,3.80214313050134,linoleum,0.9948661402339761,0.0017165723263471932,0.0016229802594164163,0.0017943071802602776,linoleum,0.9947471241927293,0.0017585247525998072,0.0016681939538930883,0.0018261571007777873
linoleum,square,-90,-1.5707963267948966,2.923076923076923,3.7606837606837606,linoleum,0.9946772518823566,0.001783737309682638,0.0016959912089043409,0.001843019599056582,linoleum,0.9947121880375429,0.0017711310311412224,0.0016820925813987146,0.0018345883499171845
linoleum,square,-90,-1.5707963267948966,3.110218140068886,3.7090190075264697,linoleum,0.9943797640647577,0.0018870962647303808,0.0018055823968597695,0.0019275572736522863,linoleum,0.9945459760511501,0.0018291136479358012,0.0017438374891292417,0.001881072811784735
linoleum,square,-90,-1.5707963267948966,1.04247990815155,3.376961347110601,linoleum,0.9899600218237816,0.0033737344951304173,0.003313197164579624,0.0033530465165081892,linoleum,0.992252998937466,0.0026014240715331095,0.0025285173268544334,0.002617059664146463
linoleum,square,-90,-1.5707963267948966,5.383467278989667,3.5197091465748183,linoleum,0.9925369890963922,0.002510686473235226,0.002444394936001511,0.002507929494371013,linoleum,0.9923949940169292,0.0025560552723841684,0.002486456131427973,0.0025624945792587384
linoleum,square,-90,-1.5707963267948966,4.102181400688862,3.608751116213803,linoleum,0.9935731547344799,0.00216177747040569,0.002089613000523316,0.002175454794590951,linoleum,0.9929840743757046,0.002358916371394929,0.0022880345659756444,0.0023689746869248445
linoleum,square,-90,-1.5707963267948966,3.859931113662457,3.622018114555428,linoleum,0.9936995181286413,0.0021190225858885156,0.002045802627945292,0.0021356566575248424,linoleum,0.9933417962521729,0.002238969478641722,0.0021669185969604684,0.0022523156722248435
linoleum,square,-90,-1.5707963267948966,3.923076923076923,3.6369434876897566,linoleum,0.9938340175693412,0.0020734339004996848,0.001998964714938834,0.002093583815220381,linoleum,0.993587906910757,0.0021562016895707034,0.002082941655949651,0.0021729497437226125
linoleum,square,-90,-1.5707963267948966,3.9150401836969,3.6374537568567415,linoleum,0.9938384765393385,0.002071920904286366,0.0019974078229024485,0.002092194733472562,linoleum,0.9937131917250478,0.0021140612969285347,0.0020401747394260495,0.002132572238597587
linoleum,square,-90,-1.5707963267948966,3.808266360505167,3.563082025768592,linoleum,0.9930852578569772,0.0023263558967765254,0.002257454107734964,0.0023309321385114067,linoleum,0.9933992247910125,0.00222020859685253,0.002148814423580507,0.0022317521885544967
linoleum,square,-90,-1.5707963267948966,4.012629161882893,3.6841433856359225,linoleum,0.9942097429336739,0.0019454587563873394,0.001866577162654628,0.0019782211472840813,linoleum,0.9938044838623432,0.0020828336766199346,0.0020076957931175676,0.002104986667919289
linoleum,square,-90,-1.5707963267948966,3.508610792192882,3.728409235871923,linoleum,0.9944999144532166,0.0018455891778985489,0.0017618628899725396,0.0018926334789121984,linoleum,0.99415219915778,0.001964211427259242,0.0018847793415450536,0.0019988100734157437
linoleum,square,-90,-1.5707963267948966,3.750861079219288,4.029340477101671,linoleum,0.9952140435342102,0.0015530767103588286,0.0014079467383454358,0.0018249330170856655,linoleum,0.994683121345995,0.0017586440688090353,0.0016463630399452447,0.0019118715452507047
linoleum,square,-90,-1.5707963267948966,3.531572904707233,3.823574435514734,linoleum,0.994947588556626,0.001686893608193587,0.0015899464895041927,0.001775571345676246,linoleum,0.9948153549513106,0.001722768838501311,0.0016181547647247186,0.0018437214454634753
linoleum,square,-90,-1.5707963267948966,3.985074626865672,3.8105625717566016,linoleum,0.9948994188532683,0.001704517469598947,0.0016096359232238614,0.0017864277539090157,linoleum,0.9948573869022894,0.001713643154050129,0.00161389534397429,0.0018150745996862454
linoleum,square,-90,-1.5707963267948966,4.057405281285878,3.8325041459369817,linoleum,0.9949783876569652,0.0016754918733890218,0.0015770743397106194,0.001769046129935186,linoleum,0.9949178872796274,0.0016945675137195752,0.0015954848418424546,0.0017920603648107158
linoleum,square,-90,-1.5707963267948966,3.678530424799081,3.805332312794999,linoleum,0.9948789425977985,0.0017119451491494964,0.0016178689066948001,0.0017912433463572234,linoleum,0.9948984149387128,0.0017032563314345354,0.001606676874268627,0.0017916518555839691
linoleum,square,-90,-1.5707963267948966,3.590126291618829,3.7692307692307687,linoleum,0.9947196779575179,0.0017687965074897284,0.0016799107481395646,0.0018316147868528015,linoleum,0.9948090464481154,0.001736026419462132,0.0016432938112040957,0.0018116333212183852
linoleum,square,-90,-1.5707963267948966,3.768082663605052,3.764765914019646,linoleum,0.9946977462408152,0.001776528437436681,0.0016882420982529118,0.0018374832234952317,linoleum,0.9947533963444652,0.0017562774284494065,0.0016657679547285038,0.0018245582723568085
linoleum,square,-90,-1.5707963267948966,4.012629161882893,3.764765914019646,linoleum,0.9946977462408152,0.001776528437436681,0.0016882420982529118,0.0018374832234952317,linoleum,0.9947255712926402,0.0017664029329430438,0.0016770050264907077,0.0018310207479260202
linoleum,square,-90,-1.5707963267948966,4.105625717566016,3.831100905727771,linoleum,0.994973668432827,0.0016772467043747112,0.0015790631515608905,0.0017700217112373259,linoleum,0.9948496198627337,0.0017218248186588777,0.0016280340890257993,0.0018005212295816731
linoleum,square,-90,-1.5707963267948966,3.850746268656716,3.842199260109708,linoleum,0.9950097736306185,0.0016637389224771367,0.0015636744588108952,0.001762812988093618,linoleum,0.9949296967466761,0.0016927818705680072,0.0015958542739183473,0.0017816671088376457
linoleum,square,-90,-1.5707963267948966,3.668197474167624,3.857379767827529,linoleum,0.9950546799225056,0.0016466193473769625,0.0015438664431065875,0.0017548342870107646,linoleum,0.9949921883345907,0.0016697006089724845,0.0015698603585124669,0.0017682506979242048
linoleum,hourglass,-90,-1.5707963267948966,2.9460390355912742,2.9460390355912742,linoleum,0.9636415494943014,0.012159006811039557,0.012095577540794584,0.012103866153864388,linoleum,0.9793168689144461,0.006914353710006022,0.006832718949653527,0.006936058425894297
linoleum,hourglass,-90,-1.5707963267948966,5.08955223880597,4.017795637198622,linoleum,0.9952235886209291,0.0015538641630650583,0.001412426713697512,0.0018101205023084255,linoleum,0.9872702287676877,0.004234108936535541,0.00412257283167552,0.0043730894641013625
linoleum,hourglass,-90,-1.5707963267948966,4.052812858783008,4.029468044393417,linoleum,0.9952139210569365,0.001553072335103807,0.001407900725500887,0.0018251058824587656,linoleum,0.9912420749123121,0.0028935906358196744,0.0027652367785882034,0.003099097673280064
linoleum,hourglass,-90,-1.5707963267948966,4.153846153846153,4.060562571756601,linoleum,0.9951727428961901,0.001554834692822804,0.0013989376553844774,0.001873484755602664,linoleum,0.9932074089042511,0.0022242126643212392,0.00208208721698634,0.002486291214441364
linoleum,hourglass,-90,-1.5707963267948966,3.439724454649828,3.936394948335247,linoleum,0.9952072192554038,0.001581492254512382,0.0014623016296825295,0.0017489868604013325,linoleum,0.9942073140798274,0.0019028524594168106,0.0017721944233344347,0.0021176390374213483
linoleum,hourglass,-90,-1.5707963267948966,4.053960964408726,3.955989284347493,linoleum,0.9952242960056373,0.0015712783280668456,0.0014472853695927535,0.001757140296703116,linoleum,0.9947158050427324,0.001737065393741828,0.0016097398964635941,0.0019373896670622321
linoleum,hourglass,-90,-1.5707963267948966,4.094144661308841,3.9757257667705432,linoleum,0.9952331474793485,0.0015632900738974684,0.0014341241869081395,0.0017694382598457503,linoleum,0.9949744762610405,0.0016501777338196486,0.001521932041685867,0.0018534139634539914
linoleum,hourglass,-90,-1.5707963267948966,3.701492537313433,3.941446613088404,linoleum,0.9952124090415755,0.0015786395885240073,0.0014582413209148933,0.0017507100489856724,linoleum,0.9950934426513081,0.001614408661171828,0.00149008668130038,0.001802062006219832
linoleum,hourglass,-90,-1.5707963267948966,3.645235361653272,3.9085342518178336,linoleum,0.99516878625882,0.0016000016316835394,0.0014871123417106566,0.0017440997677858332,linoleum,0.9951311144550641,0.0016072051464276838,0.0014885995115055182,0.0017730808870028325
linoleum,hourglass,-90,-1.5707963267948966,4.016073478760046,4.027426967725475,linoleum,0.9952158358906007,0.0015531536899249185,0.0014086460612517877,0.0018223643582226607,linoleum,0.9951734751728322,0.0015801794181763006,0.0014486227863786526,0.0017977226226127462
linoleum,hourglass,-90,-1.5707963267948966,3.4753157290470726,3.848067355530042,linoleum,0.9950277421081345,0.0016569372760162845,0.0015558497392674049,0.001759470876581573,linoleum,0.9951006086404836,0.001618558347096293,0.001502236262823029,0.0017785967495971599
linoleum,hourglass,-90,-1.5707963267948966,4.327210103329507,3.878555938257431,linoleum,0.9951088143232528,0.0016252877453323661,0.0015185487891075239,0.0017473491423073118,linoleum,0.9951047114818682,0.0016219230462143296,0.0015103925259652765,0.0017629729459522358
linoleum,hourglass,-90,-1.5707963267948966,3.7657864523536166,3.835438193647149,linoleum,0.9949881104939123,0.0016718667801451975,0.0015729564534416366,0.0017670662725007055,linoleum,0.9950464109878904,0.0016468949131797637,0.0015416744897034566,0.0017650196092264708
linoleum,hourglass,-90,-1.5707963267948966,3.933409873708381,3.8902921290981,linoleum,0.9951346036899111,0.0016147131579306018,0.0015056400034343987,0.0017450431487240244,linoleum,0.9950905073389007,0.0016308040355551827,0.0015236572465689277,0.0017550313789752477
linoleum,hourglass,-90,-1.5707963267948966,3.7956371986222734,3.86158948845516,linoleum,0.9950662262364945,0.001642144672874832,0.00153862172420875,0.0017530073664217805,linoleum,0.9950783667876977,0.0016364743542150073,0.0015311394853888389,0.001754019372698514
linoleum,hourglass,-90,-1.5707963267948966,3.050516647531573,3.745630820257686,linoleum,0.9945979676144597,0.001811495238028085,0.0017256784334313728,0.0018648587140807744,linoleum,0.9948381672010788,0.0017239847961215465,0.001628408959410106,0.0018094390433896445
linoleum,hourglass,-90,-1.5707963267948966,4.361653272101034,3.818982013011864,linoleum,0.9949310359434432,0.001692975821481499,0.0015967680037578054,0.0017792202313173908,linoleum,0.994884601572261,0.0017084803088015226,0.0016125884815839557,0.0017943296373535175
linoleum,hourglass,-90,-1.5707963267948966,3.7347876004592417,3.8289322617680823,linoleum,0.9949662868113003,0.001679985666949843,0.0015821615696089753,0.0017715659521407737,linoleum,0.9949254441917808,0.001694232987875683,0.0015973750255964658,0.001782947794747146
linoleum,hourglass,-90,-1.5707963267948966,3.732491389207807,3.7974231407067225,linoleum,0.9948467492024082,0.0017235581943628676,0.0016306733019628495,0.0017990193012660813,linoleum,0.9948860966970945,0.0017088955911192753,0.0016140241637796577,0.0017909835480066135
linoleum,hourglass,-90,-1.5707963267948966,4.200918484500574,3.878045669090445,linoleum,0.9951076252225067,0.0016257674924981212,0.0015191279511244384,0.001747479333870696,linoleum,0.9949968609598007,0.0016673315418086986,0.0015665760574520482,0.001769231440938655
linoleum,hourglass,-90,-1.5707963267948966,3.8323765786452353,3.823064166347749,linoleum,0.9949457733965029,0.0016875620374479548,0.0015906976246182556,0.001775966941430805,linoleum,0.9949713171781518,0.0016774467896283267,0.001578636841035152,0.00177259919118473
linoleum,hourglass,-90,-1.5707963267948966,3.699196326061997,3.815665263426457,linoleum,0.9949187777547626,0.0016974618236846033,0.0016017809346356496,0.001781979486917272,linoleum,0.994945047466457,0.0016874543066564647,0.0015902088878354003,0.0017772893390510006
linoleum,hourglass,-90,-1.5707963267948966,4.368541905855339,3.8640132669983416,linoleum,0.9950726967607914,0.0016396214324413529,0.00153565017512342,0.0017520316316437668,linoleum,0.9950088721136243,0.001663537869548909,0.0015629295314794106,0.0017646604853473842
linoleum,hourglass,-90,-1.5707963267948966,3.900114810562572,3.8756218905472632,linoleum,0.9951018995645601,0.001628069190534632,0.0015218995518692885,0.0017481316930360914,linoleum,0.9950553858390923,0.0016458035300417704,0.0015424145416743497,0.0017563960891917377
linoleum,hourglass,-90,-1.5707963267948966,3.562571756601608,3.9325169026661566,linoleum,0.9952028646321199,0.0015837862532921629,0.0014655087558072403,0.001747840358780669,linoleum,0.995129125235606,0.0016147948916669665,0.0015039616487407949,0.0017521182239862033
linoleum,hourglass,-90,-1.5707963267948966,3.711825487944891,3.860313815537696,linoleum,0.995062768685977,0.0016434882519953094,0.001540199797481272,0.0017535432645464713,linoleum,0.9950959469607915,0.001629141571831138,0.0015220807231110334,0.0017528307442663373
linoleum,hourglass,-90,-1.5707963267948966,4.050516647531572,3.8953948207679554,linoleum,0.9951448870131157,0.0016103880955538068,0.001500270995591407,0.0017444538957391627,linoleum,0.9951204169869534,0.001619764833692472,0.0015111758593512198,0.0017486423200027495
linoleum,hourglass,-90,-1.5707963267948966,3.841561423650976,3.9075137134838624,linoleum,0.9951670628536045,0.0016007698915294721,0.0014881003423633456,0.0017440669125025582,linoleum,0.9951437399202792,0.0016102673626109724,0.0014996381008572832,0.0017463546162526543
linoleum,hourglass,-90,-1.5707963267948966,3.1745120551090698,3.7934685546625846,linoleum,0.994830092489203,0.0017295387682207352,0.0016372378424419766,0.0018031309001345598,linoleum,0.9949869162047409,0.0016699030654158532,0.0015684379716496295,0.0017747427581936066
linoleum,hourglass,-90,-1.5707963267948966,3.404133180252583,3.745885954841179,linoleum,0.994599360695371,0.00181100912208944,0.0017251604249101707,0.0018644697576293014,linoleum,0.994793138450056,0.001740456093752647,0.0016467991982799003,0.0018196062579114542
linoleum,hourglass,-90,-1.5707963267948966,3.657864523536165,3.7412935323383087,linoleum,0.9945740216768342,0.0018198430700974125,0.00173456426570726,0.0018715709873612738,linoleum,0.994683580063445,0.0017801495819250298,0.0016906817319935802,0.001845588622636364
linoleum,hourglass,-90,-1.5707963267948966,2.734787600459242,3.559765276183187,linoleum,0.993046411036032,0.0023394336742597692,0.0022707476249691815,0.002343407664739089,linoleum,0.9938649955497385,0.0020597916280923993,0.001980714678481381,0.0020944981436877264
linoleum,hourglass,-90,-1.5707963267948966,4.773823191733639,3.656843985202194,linoleum,0.9940013207403704,0.0020165817766138318,0.0019403405962798654,0.0020417568867360223,linoleum,0.9939331581450545,0.0020381867023531158,0.001960527637380623,0.0020681275152118744
linoleum,hourglass,-90,-1.5707963267948966,4.137772675086108,3.7207551983671383,linoleum,0.994453744066212,0.0018615701426539794,0.0017787346112597346,0.0019059511798742634,linoleum,0.9941934511056333,0.001949878422503548,0.001869631124320179,0.0019870393475430693
linoleum,hourglass,-90,-1.5707963267948966,3.6486796785304247,3.7137389973210864,linoleum,0.9944099858404695,0.0018766796490648269,0.0017946405741710615,0.0019186939362947197,linoleum,0.9943017184730514,0.0019132790357841874,0.0018321358492456204,0.0019528666419188945
linoleum,hourglass,-90,-1.5707963267948966,3.81171067738232,3.687205000637837,linoleum,0.9942316652589106,0.0019379535930801623,0.0018587600175311607,0.001971621130478268,linoleum,0.9942666918659808,0.0019256163144321745,0.00184544793338839,0.001962243886198581
linoleum,hourglass,-90,-1.5707963267948966,4.121699196326062,3.718331419823957,linoleum,0.99443878404203,0.001866739567694941,0.0017841813240754075,0.0019102950661996675,linoleum,0.9943527379540055,0.001896177941063558,0.0018148146287318989,0.0019362694761991244
linoleum,hourglass,-90,-1.5707963267948966,3.4557979334098734,3.749585406301824,linoleum,0.9946193679290105,0.001804021610385714,0.0017177073786392068,0.0018589030819646491,linoleum,0.9944860529415078,0.0018500997757246356,0.0017662610036855524,0.0018975862790818862
linoleum,hourglass,-90,-1.5707963267948966,3.490241102181401,3.759152953182804,linoleum,0.9946694567987507,0.0017864753115997617,0.0016989298990826983,0.0018451379905667718,linoleum,0.9945777548701293,0.0018182875436621986,0.0017325954513841254,0.001871362134824329
linoleum,hourglass,-90,-1.5707963267948966,4.092996555683123,3.807500956754688,linoleum,0.9948875108841284,0.0017088412104638187,0.001614432768692397,0.0017892151367154086,linoleum,0.9947326328771289,0.0017635643770630087,0.0016735141100382611,0.0018302886357698688
linoleum,hourglass,-90,-1.5707963267948966,4.137772675086108,3.9633881872687846,linoleum,0.9952285997219108,0.001568014760756751,0.00144212335454972,0.0017612621627827857,linoleum,0.9949806162995198,0.0016657895689098797,0.0015578187322939905,0.0017957753992763272
linoleum,hourglass,-90,-1.5707963267948966,3.173363949483352,3.785559382574308,linoleum,0.9947956467613469,0.0017418529858120424,0.0016506970770279023,0.0018118031758132464,linoleum,0.9948881315304334,0.001703821277360961,0.0016042579046609464,0.0018037892875447867
linoleum,hourglass,-90,-1.5707963267948966,3.760045924225028,3.743589743589744,linoleum,0.9945867610547123,0.001815403859600472,0.0017298412112695387,0.0018679938744177267,linoleum,0.9947374462925729,0.0017596125684807163,0.0016670495579652425,0.0018358915809812567
linoleum,hourglass,-90,-1.5707963267948966,3.881745120551091,3.7694859038142616,linoleum,0.994720916012646,0.0017683594705838461,0.00167943918680445,0.0018312853299657487,linoleum,0.9947291811526094,0.0017639860195322811,0.0016732443723848462,0.0018335884554735028
linoleum,hourglass,-90,-1.5707963267948966,4.87256027554535,3.887358081387932,linoleum,0.9951284361227752,0.0016172745776351668,0.0015087936297953977,0.001745495669794268,linoleum,0.9949288086376922,0.0016906302985837235,0.0015910190010901214,0.001789542062633885
linoleum,hourglass,-90,-1.5707963267948966,4.295063145809414,3.906620742441637,linoleum,0.9951655365429005,0.0016014474082149083,0.0014889695127221197,0.0017440465361625408,linoleum,0.9950471725902964,0.0016460388533993161,0.0015399942569061208,0.001766794299398213
linoleum,hourglass,-90,-1.5707963267948966,2.8748564867967854,3.842071692817962,linoleum,0.9950093744309128,0.0016638893823654982,0.0015638469372134885,0.0017628892495083518,linoleum,0.9950282735106044,0.0016549641178824066,0.0015519205970598042,0.001764841774453282
linoleum,hourglass,-90,-1.5707963267948966,4.553386911595867,3.960199004975125,linoleum,0.9952268892353021,0.001569381805978091,0.0014443145828130222,0.0017594143759067978,linoleum,0.9951275813729532,0.0016121729619302488,0.0014981175899364133,0.0017621280751800399
linoleum,hourglass,-90,-1.5707963267948966,4.242250287026407,3.976782752902156,linoleum,0.995233383674951,0.0015629268518365966,0.0014334739401719119,0.0017702155330406287,linoleum,0.9951804825239522,0.001587549906883423,0.0014657957650541628,0.0017661718041103345
linoleum,hourglass,-90,-1.5707963267948966,4.113662456946039,3.9741038397754815,linoleum,0.9952327378539277,0.0015638601621149632,0.0014351326902832663,0.0017682692936741309,linoleum,0.9952066101889397,0.0015757050344991927,0.0014504642276687142,0.0017672205488922323
linoleum,hourglass,-90,-1.5707963267948966,4.068886337543054,4.07360632733767,linoleum,0.9951485866280043,0.001557260583519051,0.0013965023533264818,0.0018976504351501625,linoleum,0.9951775984084721,0.001566482809009122,0.001423483290497598,0.0018324354920211975
linoleum,hourglass,-90,-1.5707963267948966,3.8323765786452353,4.081643066717693,linoleum,0.9951316123479431,0.0015592559996042768,0.0013953886266522514,0.001913743025800456,linoleum,0.9951546053782077,0.0015628694043066994,0.0014094359585749246,0.001873089258910827
linoleum,hourglass,-90,-1.5707963267948966,3.12743972445465,3.997831356040312,linoleum,0.9952330045994717,0.0015570528137254845,0.001421661379925384,0.0017882812068774345,linoleum,0.9951938049888395,0.0015599611090160916,0.0014155486692501542,0.0018306852328941303
linoleum,hourglass,-90,-1.5707963267948966,4.006888633754306,3.901645618063528,linoleum,0.99515671938843,0.0016053127601282963,0.0014938921504880744,0.0017440757009538157,linoleum,0.9951752621886347,0.001582636934572194,0.0014547204098691144,0.0017873804669239729
linoleum,hourglass,-90,-1.5707963267948966,3.749712973593571,3.8410511544839903,linoleum,0.9950061676542301,0.0016650970578032135,0.0015652304230730266,0.0017635048648936699,linoleum,0.9950907149214325,0.001623866996187704,0.0015099754164710707,0.0017754426659088217
linoleum,hourglass,-90,-1.5707963267948966,3.896670493685419,3.954586044138283,linoleum,0.9952233468887888,0.00157193381524376,0.0014482955287454385,0.0017564237672220582,linoleum,0.9951570309051107,0.001597900405715732,0.0014791354726082545,0.00176593321656544
linoleum,hourglass,-90,-1.5707963267948966,3.104477611940298,3.793596121954331,linoleum,0.9948306356672387,0.0017293440201716108,0.0016370243770368756,0.0018029959355528142,linoleum,0.9949938332861745,0.001663622212943671,0.0015580799248225646,0.0017844645760591265
linoleum,hourglass,-90,-1.5707963267948966,3.792192881745121,3.743589743589744,linoleum,0.9945867610547123,0.001815403859600472,0.0017298412112695387,0.0018679938744177267,linoleum,0.9947902971704434,0.0017395130362720715,0.0016439605680460517,0.0018262292252384266
linoleum,hourglass,-90,-1.5707963267948966,4.421354764638346,3.7777777777777777,linoleum,0.994760266457458,0.0017544346953572835,0.001664376144771923,0.0018209227024127681,linoleum,0.9947752818139507,0.0017469738658146775,0.0016541683564089873,0.0018235759638255975
linoleum,hourglass,-90,-1.5707963267948966,3.5384615384615383,3.718841688990943,linoleum,0.9944419471894544,0.0018656468822337176,0.00178303045166015,0.001909375476651775,linoleum,0.9946086145017026,0.0018063103740241977,0.0017185994040345687,0.0018664757202386862
linoleum,hourglass,-90,-1.5707963267948966,3.972445464982779,3.7344048985840033,linoleum,0.994534958101678,0.001833430139033235,0.0017489897937148012,0.0018826219655738593,linoleum,0.9945717863016903,0.0018198702565287164,0.001733794598874685,0.0018745488429062727
linoleum,hourglass,-90,-1.5707963267948966,3.777267508610792,3.806607985712464,linoleum,0.9948839961981037,0.0017101151449545554,0.0016158437827591841,0.0017900448741824287,linoleum,0.9947278912498971,0.001764992700741636,0.0016748191908169347,0.001832296858544351
linoleum,hourglass,-90,-1.5707963267948966,2.783008036739381,3.670621252710805,linoleum,0.9941094596621939,0.0019797281314683753,0.0019021856874550014,0.0020086265188827244,linoleum,0.9944186754560453,0.0018723604161050053,0.0017885024391359676,0.0019204616887135372
linoleum,hourglass,-90,-1.5707963267948966,4.645235361653272,3.770123740272995,linoleum,0.9947240039926616,0.0017672691332720903,0.001678262409106594,0.0018304644649596907,linoleum,0.9945713397243536,0.0018198147746885482,0.0017333824241212812,0.0018754630768366143
linoleum,hourglass,-90,-1.5707963267948966,3.887485648679679,3.769103201939023,linoleum,0.9947190583160279,0.0017690152193782613,0.0016801467111708125,0.0018317797534230604,linoleum,0.9946451990201908,0.0017944149970334049,0.0017067645676460469,0.0018536214151298374
linoleum,hourglass,-90,-1.5707963267948966,3.662456946039036,3.831100905727771,linoleum,0.994973668432827,0.0016772467043747112,0.0015790631515608905,0.0017700217112373259,linoleum,0.9948094337265089,0.001735830850704058,0.0016429138596034687,0.0018118215631835817
linoleum,hourglass,-90,-1.5707963267948966,4.539609644087256,3.914147212654675,linoleum,0.995177865811024,0.0015958911291678412,0.0014817796430449124,0.0017444634167632456,linoleum,0.9949936497687665,0.0016658609899359497,0.0015623467513241906,0.001778142489973414
linoleum,hourglass,-90,-1.5707963267948966,3.916188289322618,3.858017604286261,linoleum,0.9950564545406152,0.0016459338196602488,0.0015430649385510563,0.001754546701173538,linoleum,0.9950250521546908,0.0016558974047980993,0.0015527058449376235,0.001766344595573476
linoleum,hourglass,-90,-1.5707963267948966,3.455797933409874,3.848832759280521,linoleum,0.9950300290015065,0.001656067283490263,0.0015548448159671908,0.0017590588990360019,linoleum,0.9950275405780986,0.001655982344144181,0.001553775330452407,0.001762701747304739
linoleum,hourglass,-90,-1.5707963267948966,4.107921928817452,3.863885699706595,linoleum,0.9950723594318002,0.0016397532707375351,0.0015358056994673247,0.0017520815979950022,linoleum,0.9950499500049494,0.001647867807440858,0.0015447905149598659,0.0017573916726498706
linoleum,hourglass,-90,-1.5707963267948966,3.205510907003444,3.80035718841689,linoleum,0.9948588655082725,0.001719196239467675,0.00162587306506105,0.001796065187198835,linoleum,0.994954407756611,0.0016835320234542665,0.0015853317900104578,0.0017767284299243526
linoleum,hourglass,-90,-1.5707963267948966,3.944890929965557,3.929455287664243,linoleum,0.9951991995082874,0.0015856613826843698,0.0014680963388064988,0.0017470427702216847,linoleum,0.9950768036324492,0.0016345967030693181,0.0015267140644084783,0.0017618856000730185
linoleum,hourglass,-90,-1.5707963267948966,3.5912743972445464,3.812348513841052,linoleum,0.9949062636498355,0.0017020266516814193,0.0016068668842530174,0.0017848428142299712,linoleum,0.9949915336411425,0.001668311677375369,0.001566790474330748,0.001773364207151495
linoleum,hourglass,-90,-1.5707963267948966,3.8817451205510896,3.8117106773823193,linoleum,0.994903827648794,0.0017029135840778437,0.0016078533719552724,0.0017854053951728813,linoleum,0.9949476806449682,0.0016856126307266063,0.0015873219231430102,0.0017793848011621882
linoleum,hourglass,-90,-1.5707963267948966,3.338691159586682,3.7757367011098353,linoleum,0.9947507391071544,0.0017578123711199174,0.0016680369501851104,0.00182341157154072,linoleum,0.9948492098760613,0.0017217125009232619,0.0016276794366640603,0.001801398186351454
linoleum,hourglass,-90,-1.5707963267948966,3.9150401836969,3.706340094399796,linoleum,0.9943623272106261,0.0018930997615166413,0.0018118802492449668,0.0019326927786122471,linoleum,0.9946057685433437,0.0018074061312199517,0.0017197798429545135,0.0018670454824818506
linoleum,hourglass,-90,-1.5707963267948966,3.5281285878300803,3.663222349789514,linoleum,0.9940521476872404,0.0019992717415435613,0.0019224358905761327,0.0020261446806398567,linoleum,0.9943289581152921,0.0019033389363817565,0.0018211078667653231,0.0019465950815608537
linoleum,hourglass,-90,-1.5707963267948966,3.4029850746268657,3.65735425436918,linoleum,0.994005435881525,0.0020151810195160047,0.0019388927521067844,0.0020404903468522013,linoleum,0.9941671969984086,0.001959259977948881,0.001880000309436054,0.0019935427142065277
linoleum,hourglass,-90,-1.5707963267948966,4.8748564867967845,3.742569205255773,linoleum,0.9945811164016857,0.0018173713362596568,0.0017319351120628325,0.0018695771499918665,linoleum,0.9943741567000471,0.0018883156571042688,0.0018059677107494431,0.001931559932099197
linoleum,hourglass,-90,-1.5707963267948966,4.097588978185993,3.841688990942722,linoleum,0.9950081746358181,0.0016643414278345477,0.0015643649819024857,0.0017631189544448681,linoleum,0.9946911656679325,0.0017763285424694077,0.001685166346325964,0.0018473394432720323
linoleum,hourglass,-90,-1.5707963267948966,3.858783008036739,3.832121444061743,linoleum,0.9949771050407388,0.0016759691074720233,0.0015776154956163011,0.00176931035617318,linoleum,0.9948341353543356,0.0017261488249707155,0.0016313909209711326,0.0018083248997226061
linoleum,hourglass,-90,-1.5707963267948966,4.355912743972445,3.9170812603648417,linoleum,0.9951823432883576,0.0015938195867044771,0.0014790599454563627,0.0017447771794814795,linoleum,0.9950082393213466,0.0016599842058375963,0.0015552254332137478,0.001776551039602043
linoleum,hourglass,-90,-1.5707963267948966,2.8828932261768085,3.806097716545478,linoleum,0.9948819793665056,0.001710845719686325,0.0016166525052172327,0.0017905224085907592,linoleum,0.9949451093439262,0.0016854149627619607,0.0015859389692154905,0.0017835367240964012
linoleum,hourglass,-90,-1.5707963267948966,3.657864523536165,3.841561423650976,linoleum,0.9950077739719514,0.0016644923316758713,0.0015645378667231305,0.0017631958296495474,linoleum,0.9949764416579387,0.001674953647218916,0.0015752384179693105,0.0017733662768729744
linoleum,hourglass,-90,-1.5707963267948966,3.530424799081516,3.7988263809159326,linoleum,0.9948525695917929,0.001721464075410672,0.0016283701061578742,0.0017975962266385053,linoleum,0.9949145056248659,0.001698208861314794,0.0016018042620635925,0.00178548125175574
linoleum,hourglass,-90,-1.5707963267948966,4.223880597014925,3.8761321597142486,linoleum,0.9951031156032217,0.0016275814748012152,0.0015213132265902024,0.0017479896953869,linoleum,0.9950088106140438,0.0016628951680580048,0.0015615587443268974,0.00176673547357132
linoleum,hourglass,-90,-1.5707963267948966,3.762342135476464,3.916060722030872,linoleum,0.995180806814651,0.0015945341335442287,0.0014800006667129084,0.001744658385091916,linoleum,0.9950948087143474,0.0016287146508011168,0.0015207797055199028,0.001755696929331618
linoleum,hourglass,-90,-1.5707963267948966,3.4420206659012638,3.756856741931368,linoleum,0.994657651387213,0.0017906180027229006,0.0017033716944677482,0.0018483589155963481,linoleum,0.9948762300507802,0.0017096663267620088,0.0016120756999938256,0.0018020279224639831
linoleum,hourglass,-90,-1.5707963267948966,3.106773823191733,3.646766169154229,linoleum,0.9939182738242682,0.002044824765192868,0.0019694964815709388,0.0020674049289681013,linoleum,0.9943972519375242,0.0018772455459774384,0.0017907860907823822,0.0019347164257160422
linoleum,hourglass,-90,-1.5707963267948966,3.755453501722158,3.635285112897053,linoleum,0.9938194631412995,0.002078371668713115,0.0020040445959150486,0.0020981205940722755,linoleum,0.9941083575394118,0.0019778086073452767,0.0018974153433487153,0.002016418509894159
linoleum,hourglass,-90,-1.5707963267948966,3.3455797933409874,3.5230258961602243,linoleum,0.9925821266627605,0.002495528013330436,0.002429052544311412,0.0024932927795977677,linoleum,0.993345242101086,0.002236668310337856,0.0021632339438300632,0.002254855644745963
linoleum,hourglass,-90,-1.5707963267948966,3.57060849598163,3.599438703916316,linoleum,0.9934804811805411,0.002193093754450126,0.002121640288958089,0.0022047847760508525,linoleum,0.9934128616408135,0.0022148810323939913,0.0021424371163940763,0.0022298202103984074
linoleum,hourglass,-30,-0.5235987755982988,3.140068886337543,3.140068886337543,cell_carpet,0.2439429618748012,0.17789636164097855,0.08252510912033058,0.4956355673638898,cell_carpet,0.2439429618748012,0.17789636164097855,0.08252510912033058,0.4956355673638898
linoleum,hourglass,-30,-0.5235987755982988,4.452353616532721,3.796211251435132,cell_carpet,0.01677906956910598,0.25367480166964945,0.12025029796693261,0.6092958307943119,cell_carpet,0.13036101572195358,0.215785581655314,0.1013877035436316,0.5524656990791008
linoleum,hourglass,-30,-0.5235987755982988,1.811710677382319,3.1347110600841948,cell_carpet,0.2477358338123863,0.17704235351103118,0.08214081239677148,0.49308100027981105,cell_carpet,0.18904842476716993,0.1964139675831726,0.09176425797020155,0.522773349679456
linoleum,hourglass,-30,-0.5235987755982988,2.343283582089552,2.936854190585534,linoleum,0.40120798718511985,0.1436465949253556,0.06724928850257987,0.3878961293869448,cell_carpet,0.29512820597614486,0.1700302812542641,0.07950677323639072,0.45533473953320036
linoleum,hourglass,-30,-0.5235987755982988,1.7749712973593572,2.7044776119402987,linoleum,0.5790919266945499,0.106048743658319,0.05063655743216054,0.2642227722149706,linoleum,0.4371100663353474,0.13803951245629154,0.06507166533427564,0.3597787558740855
linoleum,hourglass,-30,-0.5235987755982988,2.256027554535017,2.6297359357060848,linoleum,0.6279548151059213,0.0957667424304572,0.04611527580833457,0.2301631666552869,linoleum,0.5325324407206343,0.11690312744337436,0.055593470571305106,0.2949709612646862
linoleum,hourglass,-30,-0.5235987755982988,2.0757749712973594,2.550598655076267,linoleum,0.6737582550911982,0.08613704176679599,0.04189816358193171,0.19820653956007395,linoleum,0.6031453479059163,0.10152008460508517,0.04874581707661841,0.24658875041238007
linoleum,hourglass,-30,-0.5235987755982988,2.4236509758897817,2.534730195177956,linoleum,0.6821911404088908,0.08436595180925528,0.0411253814785164,0.1923175263033375,linoleum,0.6426682441574036,0.09294301820717023,0.044935599277567406,0.2194531383578588
linoleum,hourglass,-30,-0.5235987755982988,2.5993111366245696,2.5419058553386917,linoleum,0.6784088397181213,0.08516021138563054,0.041471804817742625,0.19495914407850562,linoleum,0.6605385419377624,0.08905161479640038,0.04320370204765501,0.20720614121818215
linoleum,hourglass,-30,-0.5235987755982988,2.2916188289322617,2.4476336267381043,linoleum,0.7240863628224377,0.0755870102830313,0.03731612568002661,0.16301050121450447,linoleum,0.6923124523801001,0.08231931253971583,0.04025991386384081,0.1851083212163433
linoleum,hourglass,-30,-0.5235987755982988,2.497129735935706,2.2303865288939915,linoleum,0.7993959607504508,0.06011030501689888,0.03081712960149551,0.1096766046311548,linoleum,0.7458542065652755,0.07121480877830735,0.03553852173266816,0.14739246292374905
linoleum,hourglass,-30,-0.5235987755982988,2.772675086107922,2.3371603520857254,linoleum,0.7671679539553842,0.06664305121421767,0.03350164136559645,0.1326873534648018,linoleum,0.7565110802603296,0.0689289299962625,0.034520081549132296,0.1400399081942754
linoleum,hourglass,-30,-0.5235987755982988,1.91044776119403,2.289067483097334,linoleum,0.7827402814576737,0.06345887053934993,0.032176063950107726,0.12162478405286858,linoleum,0.7696256808590017,0.06619390026780624,0.03334807274962002,0.130832346123572
linoleum,hourglass,-30,-0.5235987755982988,2.331802525832377,2.3509376195943363,linoleum,0.7623672761095861,0.06763176849286796,0.03391781804788179,0.13608313734966412,linoleum,0.7659964784842939,0.0669128343803371,0.033632945398750905,0.13345774173661806
linoleum,hourglass,-30,-0.5235987755982988,2.47187141216992,2.374920270442659,linoleum,0.7536342128603561,0.06943684443346008,0.034681954550795015,0.1422469881553887,linoleum,0.759815345672325,0.06817483940689859,0.03415744997477296,0.1378523649460034
linoleum,hourglass,-30,-0.5235987755982988,2.2927669345579798,2.3990304885827274,linoleum,0.7443588752106552,0.07136144044995822,0.03550184222665314,0.14877784211273345,linoleum,0.7520871104414901,0.0697681399284284,0.034829646100713055,0.14331510352936844
linoleum,hourglass,-30,-0.5235987755982988,2.835820895522388,2.444827146319684,linoleum,0.7253157912032144,0.0753301712290557,0.037205393918527,0.16214864364920287,linoleum,0.7387014508223523,0.07254915557874206,0.036017520009620024,0.15273187358928564
linoleum,hourglass,-30,-0.5235987755982988,1.8530424799081515,2.3619084066845257,linoleum,0.7584323815411699,0.06844413796774451,0.03426107105530826,0.1388624094357774,linoleum,0.7485669161817611,0.07049664677324328,0.03513929553246414,0.14579714151253154
linoleum,hourglass,-30,-0.5235987755982988,2.69804822043628,2.4070672279627505,linoleum,0.7411538706677613,0.07202793387492308,0.03578682704728195,0.15103136841003365,linoleum,0.7448603934247612,0.07126229032408318,0.035463061289873046,0.14841425496128258
linoleum,hourglass,-30,-0.5235987755982988,2.013777267508611,2.3533613981375177,linoleum,0.761506561141341,0.0678093221542009,0.033992744440097464,0.1366913722643608,linoleum,0.753183477283051,0.06953580623914205,0.034727902864985255,0.14255281361282168
linoleum,hourglass,-30,-0.5235987755982988,2.725602755453502,2.348131139175915,linoleum,0.7633578239968845,0.06742753597597287,0.033831702441700216,0.1353829375854424,linoleum,0.7582706506399678,0.06848167110755747,0.034279802653342746,0.13896787559913207
linoleum,hourglass,-30,-0.5235987755982988,2.4626865671641784,2.409491006505932,linoleum,0.7401760089619218,0.07223141696352324,0.03587393203601904,0.15171864203853583,linoleum,0.7492233298009449,0.07035654403554037,0.0350768673446809,0.14534325881883398
linoleum,hourglass,-30,-0.5235987755982988,1.571756601607348,2.325041459369817,linoleum,0.7712634603235792,0.06580191475196125,0.03314911630223452,0.12978550862222507,linoleum,0.760243395062262,0.0680792293937508,0.034112991823457714,0.13756438372052954
linoleum,hourglass,-30,-0.5235987755982988,2.0355912743972446,2.276565888506187,linoleum,0.7864977465091645,0.0626972286321684,0.03186316086377422,0.11894186399489284,linoleum,0.7733705707857133,0.0653882290129596,0.03298807634361597,0.1282531238577112
linoleum,hourglass,-30,-0.5235987755982988,1.78300803673938,2.219926010970787,linoleum,0.8021111306708242,0.05957247108341385,0.030603712914918133,0.10771268533084374,linoleum,0.7877408507282687,0.06248035004818672,0.031795894629267046,0.11798290459427747
linoleum,hourglass,-30,-0.5235987755982988,2.460390355912744,2.178211506569715,linoleum,0.8122209476037183,0.05759772131024955,0.02983675900998194,0.10034457207605016,linoleum,0.7999808991659936,0.06003903567921814,0.03081632681962449,0.10916373833516382
linoleum,hourglass,-30,-0.5235987755982988,2.8817451205510904,2.2925117999744864,linoleum,0.7816844914532056,0.06367341687290666,0.032264538201515834,0.12237755347237197,linoleum,0.7908326953095997,0.061856226276062395,0.03154043251057016,0.1157706459037679
linoleum,hourglass,-30,-0.5235987755982988,2.4512055109070032,2.265084832249011,linoleum,0.789846866117492,0.06202109726968802,0.03158707049315158,0.1165449661196683,linoleum,0.7903397807135458,0.06193866177287521,0.03156375150186087,0.1161578060117181
linoleum,hourglass,-30,-0.5235987755982988,2.2032146957520093,2.2861334353871663,linoleum,0.7836326131736557,0.06327771858817365,0.03210147139538382,0.12098819684278674,linoleum,0.7869861969436007,0.06260819018052442,0.031832611448622344,0.11857300142725241
linoleum,hourglass,-30,-0.5235987755982988,2.0757749712973594,2.2139303482587063,linoleum,0.8036341876009231,0.059272018424201225,0.030485238268226363,0.10660855570664943,linoleum,0.795310192272262,0.06094010430236283,0.031158924858424357,0.11259077856695093
linoleum,hourglass,-30,-0.5235987755982988,2.828932261768083,2.2546243143258065,linoleum,0.7928151579375672,0.06142425010363156,0.03134482060157813,0.11441577135722321,linoleum,0.7940626751049146,0.06118217720299719,0.03125187273000124,0.11350327496208706
linoleum,hourglass,-30,-0.5235987755982988,2.4431687715269805,2.3514478887613213,linoleum,0.762186477331715,0.06766905790586038,0.03393354932838769,0.136210915434037,linoleum,0.7781245762183148,0.06442561755442879,0.03259271102919446,0.12485709519806203
linoleum,hourglass,-30,-0.5235987755982988,2.316877152698048,2.382701875239188,linoleum,0.7506956918562944,0.07004583286314814,0.0349408618781091,0.14431761340244836,linoleum,0.7644101340373044,0.06723572520878844,0.033766786453651776,0.13458735430025517
linoleum,hourglass,-30,-0.5235987755982988,2.073478760045924,2.4149764000510268,linoleum,0.7379435389213249,0.07269619126629036,0.03607305224905292,0.15328721756333186,linoleum,0.7511768364793149,0.06996595823753941,0.03491991935135235,0.14393728593179353
linoleum,hourglass,-30,-0.5235987755982988,2.318025258323766,2.399158055874474,linoleum,0.7443084488327271,0.07137192145646498,0.03550631986345815,0.14881330984734975,linoleum,0.747742642656021,0.0706689398470022,0.03521311960740525,0.14637529788957165
linoleum,hourglass,-30,-0.5235987755982988,1.9919632606199769,2.3002934047710166,linoleum,0.7792660549745865,0.06416568920082442,0.03246805449208825,0.12410020133250094,linoleum,0.7635043488153037,0.06741731452391331,0.033840587049746754,0.1352377496110363
linoleum,hourglass,-30,-0.5235987755982988,2.742824339839265,2.332695496874601,linoleum,0.7686905634994573,0.06633006933244315,0.033370295346905755,0.13160907182119386,linoleum,0.7660974561573806,0.06687369192817823,0.03360544119832626,0.13342341071611508
linoleum,hourglass,-30,-0.5235987755982988,2.290470723306544,2.342390611047328,linoleum,0.765363763844541,0.06701430161706178,0.03365769365804518,0.13396424088035214,linoleum,0.7657306100009608,0.06694399677262,0.033631567428185724,0.1336938257982336
linoleum,hourglass,-30,-0.5235987755982988,2.019517795637199,2.336139813751754,linoleum,0.7675173999387227,0.06657119337854096,0.03347146789698073,0.1324399387857555,linoleum,0.7666240049698417,0.06675759507558049,0.03355151766258323,0.13306688229199454
linoleum,hourglass,-30,-0.5235987755982988,2.703788748564868,2.3222349789513967,linoleum,0.77219514144827,0.06561089700005777,0.03306927321061382,0.1291246883410585,linoleum,0.7694095732090558,0.06618424603781914,0.03331039543659853,0.13109578531652652
linoleum,hourglass,-30,-0.5235987755982988,1.714121699196326,2.2412297486924357,linoleum,0.7965025215232642,0.06068632231510072,0.03104743564481825,0.11176372051681695,linoleum,0.78295604736616,0.06343528417645992,0.03217891554070839,0.12142975291667174
linoleum,hourglass,-30,-0.5235987755982988,1.9184845005740525,2.196963898456436,linoleum,0.8078154850008131,0.0584522605113103,0.030165043130533437,0.10356721135734302,linoleum,0.7953857661834866,0.06094377234388511,0.031171979335620915,0.11249848213700739
linoleum,hourglass,-30,-0.5235987755982988,2.971297359357061,2.2967215206021176,linoleum,0.780381883347962,0.06393842345345815,0.032374010916111695,0.12330568228246802,linoleum,0.7878838247657244,0.06244109789867164,0.03177299512586631,0.11790208220973772
linoleum,hourglass,-30,-0.5235987755982988,3.925373134328358,2.475315729047072,linoleum,0.711563086333917,0.0782064262514981,0.03844816151732662,0.17178232589725842,linoleum,0.7497234555498207,0.07032376207508487,0.03511057832159646,0.14484220405349807
linoleum,hourglass,-30,-0.5235987755982988,2.6762342135476462,2.5513458349279245,linoleum,0.6733550062029959,0.08622175337735269,0.04193515297777763,0.1984880874418737,linoleum,0.7115392308764084,0.07827275772621878,0.038522865649687044,0.17166514574768588
linoleum,hourglass,-30,-0.5235987755982988,2.219288174512055,2.493175149891568,linoleum,0.7030957464647927,0.07998020577920903,0.03921719767036547,0.17770685008563278,linoleum,0.7073174886706005,0.0791264817527139,0.038870031660026255,0.17468599791665934
linoleum,hourglass,-30,-0.5235987755982988,1.9437428243398396,2.454649827784156,linoleum,0.7209806163793361,0.0762360992672254,0.03759619404726315,0.16518709030617526,linoleum,0.7141490525249683,0.07768129050996965,0.0382331128536447,0.1699365441114173
linoleum,hourglass,-30,-0.5235987755982988,3.0562571756601606,2.569843092231152,linoleum,0.6631945095516452,0.08835671822134387,0.04286812891150614,0.20558064331550485,linoleum,0.6886717810383067,0.08301900436565676,0.040550620882575425,0.18775859371346107
linoleum,hourglass,-30,-0.5235987755982988,1.7416762342135474,2.462941701747672,linoleum,0.7172505780537752,0.07701613897738512,0.03793317004395724,0.1678001129248824,linoleum,0.7029611795460411,0.08001757167152095,0.03924189546326634,0.17777935331917175
linoleum,hourglass,-30,-0.5235987755982988,2.304247990815155,2.5285112897053192,linoleum,0.6854278121736342,0.08368642312851046,0.040829186871690695,0.19005657782616456,linoleum,0.6941944958598376,0.0818519974000157,0.04003554116747852,0.18391796557266815
linoleum,hourglass,-30,-0.5235987755982988,3.5752009184845006,2.7125908916953687,linoleum,0.5734785120460661,0.10723040411528238,0.0511569834761215,0.2681341003625301,linoleum,0.6338365039529519,0.09454120075764905,0.04559626232180001,0.22602603296759913
linoleum,hourglass,-30,-0.5235987755982988,2.117106773823192,2.6176808266360507,linoleum,0.6353338648574848,0.09421462584872953,0.04543415602109868,0.22501735327268702,linoleum,0.6345851844052184,0.09437791330318929,0.04551520917144934,0.22552169312014309
linoleum,hourglass,-30,-0.5235987755982988,2.688863375430539,2.4802908534251817,linoleum,0.7092351707242611,0.07869389829567013,0.03865932817674135,0.17341160280332735,linoleum,0.6719101775647397,0.0865359057994297,0.04208726867409534,0.19946664796173516
linoleum,hourglass,-30,-0.5235987755982988,2.530424799081515,2.464089807373389,linoleum,0.7167289948962906,0.07712525324810388,0.03798034092350529,0.16816541093210016,linoleum,0.6943195862305153,0.08183057952376681,0.04003380479880032,0.1838160294469177
linoleum,hourglass,-30,-0.5235987755982988,1.7106773823191734,2.407577497129736,linoleum,0.7409484406899755,0.07207067676662124,0.035805120281549675,0.15117576226185356,linoleum,0.7176340134602454,0.07695062814519402,0.037919462540174996,0.16749589585438562
linoleum,hourglass,-30,-0.5235987755982988,2.013777267508611,2.4153591019262657,linoleum,0.7377867769250808,0.07272883844986786,0.036087047460179454,0.15339733716487186,linoleum,0.7277103951926631,0.07483973329753094,0.037003255000177225,0.16044661650962874
linoleum,hourglass,-30,-0.5235987755982988,2.3582089552238807,2.337798188544457,linoleum,0.7669491215373337,0.06668805857842591,0.033520545447948476,0.13284227443629185,linoleum,0.7473297583649985,0.07076389593797842,0.03526190022406285,0.1466444454729603
linoleum,hourglass,-30,-0.5235987755982988,2.092996555683123,2.3768337798188544,linoleum,0.7529164482458167,0.0695855276387312,0.034745118435876195,0.14275290567957585,linoleum,0.7501231033054077,0.07017471178835481,0.035003509329969526,0.1446986755762681
linoleum,hourglass,-30,-0.5235987755982988,2.107921928817451,2.3550197729302207,linoleum,0.7609148424666933,0.06793143317477875,0.03404430619821735,0.13710941816031055,linoleum,0.7555189728860505,0.06905307248156678,0.034523907764093434,0.14090404686828933
linoleum,hourglass,-30,-0.5235987755982988,4.119402985074626,2.4154866692180126,linoleum,0.7377344936319645,0.07273972726390605,0.036091715523324,0.15343406358080536,linoleum,0.7466267332590075,0.07089639987273641,0.03530781164370872,0.14716905522454735
linoleum,hourglass,-30,-0.5235987755982988,3.3800229621125144,2.5558106901390483,linoleum,0.670933744989502,0.08673042997922457,0.04215731610703772,0.20017850892423564,linoleum,0.7087802391242548,0.07881341492598049,0.038732563875373216,0.1736737820743915
linoleum,hourglass,-30,-0.5235987755982988,1.987370838117107,2.4778670748820004,linoleum,0.7103722469778541,0.078455772077477,0.03855615709292568,0.17261582385174323,linoleum,0.7095762430510545,0.07863459350172876,0.03864436048414945,0.1731448029630674
linoleum,hourglass,-30,-0.5235987755982988,2.195177956371986,2.4406174256920523,linoleum,0.7271462091287818,0.07494789816173514,0.03704068054826548,0.1608652121612176,linoleum,0.7183612260899181,0.07679124583173194,0.03784252051620747,0.16700500756214248
linoleum,hourglass,-30,-0.5235987755982988,1.7738231917336391,2.4476336267381043,linoleum,0.7240863628224377,0.0755870102830313,0.03731612568002661,0.16301050121450447,linoleum,0.7212237944561779,0.07618912805738162,0.03757932309811704,0.1650077543883235
linoleum,hourglass,-30,-0.5235987755982988,2.8530424799081517,2.54088531700472,linoleum,0.6789498875937379,0.08504658362470091,0.04142223104095266,0.19458129774060862,linoleum,0.7000868410249579,0.08061785584104127,0.03950077706953485,0.17979452606446605
linoleum,hourglass,-30,-0.5235987755982988,2.1595866819747416,2.518816175532593,linoleum,0.6903974022298246,0.08264337831424244,0.040374900902402866,0.18658431855353025,linoleum,0.6952421216273912,0.08163061707764185,0.03993783898596886,0.18318942230899815
linoleum,hourglass,-30,-0.5235987755982988,2.3272101033295063,2.544839903048858,linoleum,0.6768475565013576,0.08548812285577279,0.041614892317266214,0.19604942832560343,linoleum,0.6860448390643744,0.08355936996670732,0.04077636565161753,0.1896194253173008
linoleum,hourglass,-30,-0.5235987755982988,2.5591274397244548,2.594973848705192,linoleum,0.6488426332246879,0.09137376545085807,0.04418873343281819,0.2155948678916357,linoleum,0.6674437361445311,0.0874665677087827,0.04248254954221786,0.20260714660446827
linoleum,hourglass,-30,-0.5235987755982988,1.880597014925373,2.3462176297997197,linoleum,0.7640294758140966,0.06728911864165771,0.03377338102386339,0.13490802452038234,linoleum,0.7157366059793139,0.0773778431752202,0.038127965283040625,0.16875758556242532
linoleum,hourglass,-30,-0.5235987755982988,2.647531572904707,2.264829697665518,linoleum,0.7899202004498712,0.062006323428614576,0.03158105683053854,0.11649241929097558,linoleum,0.7528284032145925,0.0696920833019174,0.03485451105678958,0.14262500242670045
linoleum,hourglass,-30,-0.5235987755982988,2.7703788748564877,2.351830590636561,linoleum,0.7620507368210893,0.06769705655465223,0.03394536272613825,0.13630684389812037,linoleum,0.7574395700178409,0.06869456992828482,0.034399936891463916,0.1394659231624104
linoleum,hourglass,-30,-0.5235987755982988,1.687715269804822,2.295445847684653,linoleum,0.780778034826136,0.06385779429653858,0.032340681703100574,0.12302348917422493,linoleum,0.7691088024219884,0.06627618211241171,0.03337030929728224,0.13124470616831768
linoleum,hourglass,-30,-0.5235987755982988,2.4695752009184844,2.37275162648297,linoleum,0.75444389422339,0.06926917596214652,0.03461076341431771,0.14167616640014588,linoleum,0.7617763483226891,0.06777267903727911,0.033990536355799975,0.13646043628423177
linoleum,hourglass,-30,-0.5235987755982988,2.5212399540757757,2.3358846791682613,linoleum,0.7676046296579814,0.06655325850343291,0.03346393857261946,0.1323781732659662,linoleum,0.7646904889903353,0.06716296877035603,0.033727237464209726,0.13441930477509903
linoleum,hourglass,-30,-0.5235987755982988,4.227324913892079,2.565633371603521,linoleum,0.6655369324800733,0.08786443630997634,0.04265288104468475,0.20394575016526567,linoleum,0.7151137107352042,0.07751370254016617,0.03819005925444723,0.16918252747018234
linoleum,hourglass,-30,-0.5235987755982988,4.809414466130884,2.8414338563592296,linoleum,0.47756789525345006,0.12745082287371426,0.06008027057096888,0.33490101130186684,linoleum,0.5963408029943271,0.10248226270694022,0.04913516491270806,0.2520417693860246
linoleum,hourglass,-30,-0.5235987755982988,1.902411021814007,2.768465365480291,linoleum,0.5333286285202499,0.11568628548851437,0.05488480525371522,0.29610028073752054,linoleum,0.5648347157572885,0.1090842740977273,0.05200998508321164,0.27407102506177256
linoleum,hourglass,-30,-0.5235987755982988,2.252583237657865,2.809797168006124,linoleum,0.502138302874809,0.1222627715655243,0.05778792508815899,0.31781100047150773,linoleum,0.5334865093160488,0.1156735228316258,0.05489895508568532,0.29594101276664014
linoleum,hourglass,-30,-0.5235987755982988,2.244546498277842,2.7650210486031384,linoleum,0.5358745164116445,0.1151498334332455,0.05464813337735125,0.29432751677775865,linoleum,0.5346805128638467,0.11541167813243565,0.054773544231518284,0.2951342647721994
linoleum,hourglass,-30,-0.5235987755982988,2.7347876004592417,2.761066462559,linoleum,0.5387867204599636,0.1145362469488253,0.054377458317272795,0.2922995742739383,linoleum,0.5367336166619051,0.11497396254063047,0.05457550127439554,0.2937169195230689
linoleum,hourglass,-30,-0.5235987755982988,2.6176808266360503,2.8643959688735814,linoleum,0.45943382815485523,0.13128553821262,0.06177585301452263,0.34750478061800216,linoleum,0.49808372240838017,0.12312975037662524,0.058175677144459086,0.3206108500705355
linoleum,hourglass,-30,-0.5235987755982988,2.7669345579793343,2.897435897435898,linoleum,0.4330147486635859,0.13688355746043868,0.06425306476257155,0.3658486291134038,linoleum,0.46554923553598304,0.13000665391853194,0.06121437095351531,0.3432297395919697
linoleum,hourglass,-30,-0.5235987755982988,2.5017221584385765,2.8952672534762085,linoleum,0.43475783446093536,0.1365137279993305,0.06408933371446905,0.364639103825265,linoleum,0.4501535349984593,0.13326019095893124,0.06265185233399219,0.3539344217086174
linoleum,hourglass,-30,-0.5235987755982988,2.3260619977037886,2.6840158183441765,linoleum,0.5929879636667755,0.103123973151783,0.049349070880327285,0.25453899230111415,linoleum,0.5215707493326174,0.11819208205535711,0.05600046160715974,0.30423670700486577
linoleum,hourglass,-30,-0.5235987755982988,2.729047072330655,2.4528638856997067,linoleum,0.7217755425707715,0.07606992710955177,0.037524464232898104,0.1646300660867786,linoleum,0.6216731459516944,0.09713100458245444,0.04676246292002892,0.2344333865458222
linoleum,hourglass,-30,-0.5235987755982988,2.486796785304248,2.5177956371986223,linoleum,0.6909151230455607,0.08253473914616788,0.0403276105617306,0.18622252724654084,linoleum,0.6562941344986276,0.08983287186431117,0.04354503674087976,0.21032795689618156
linoleum,hourglass,-30,-0.5235987755982988,1.8909299655568312,2.477611940298507,linoleum,0.7104916114634832,0.07843077691155963,0.03854532959746692,0.17253228202749035,linoleum,0.6833928729810553,0.08413182438793539,0.041045183169173334,0.1914301194618359
linoleum,hourglass,-30,-0.5235987755982988,2.422502870264064,2.4973848705191988,linoleum,0.7010549776371942,0.08040798297862899,0.03940292276661962,0.1791341166175571,linoleum,0.6922239253091248,0.0822699036832822,0.04022405296789649,0.18528211803969655
linoleum,hourglass,-30,-0.5235987755982988,2.0849598163031,2.4251817833907388,linoleum,0.733717935677834,0.07357669763144215,0.036450877217493446,0.15625448947323037,linoleum,0.7129709304934795,0.07792330065736217,0.038337465092694964,0.17076830375646346
linoleum,straight,0,0.0,2.1366245694603903,2.1366245694603903,linoleum,0.4595335710579988,0.1453018965286694,0.09144014911391772,0.30372438329941404,linoleum,0.4595335710579988,0.1453018965286694,0.09144014911391772,0.30372438329941404
linoleum,straight,0,0.0,1.879448909299656,2.0080367393800227,linoleum,0.5247897502113645,0.13041201159675614,0.08292153521205427,0.26187670297982507,linoleum,0.4921616606346817,0.13785695406271276,0.087180842162986,0.28280054313961955
linoleum,straight,0,0.0,1.1308840413318024,1.7156525066972828,linoleum,0.63245469601506,0.108278719236392,0.07125486373874673,0.18801172100980118,linoleum,0.5623081783248709,0.12306783664955237,0.07921785295086636,0.23540613207471037
linoleum,straight,0,0.0,1.322617680826636,1.617393800229621,linoleum,0.655508737470808,0.10458285951164968,0.06985818786385747,0.17005021515368496,linoleum,0.6089084578978394,0.11382534808060102,0.07453802040736192,0.20272817361419765
linoleum,straight,0,0.0,1.2732491389207807,1.548564867967853,linoleum,0.6679263376752627,0.1031036404308523,0.06966478266225128,0.1593052392316336,linoleum,0.638417397786551,0.10846449425572666,0.0721014015348066,0.18101670642291562
linoleum,straight,0,0.0,1.4006888633754304,1.5239188672024493,linoleum,0.6716466659796342,0.10279675023085628,0.06975746700621745,0.15579911678329203,linoleum,0.6550320318830927,0.10563062224329148,0.07092943427051202,0.1684079116031038
linoleum,straight,0,0.0,1.2101033295063144,1.4790880761030014,linoleum,0.6774500704012331,0.1025420761245928,0.07015156262078016,0.14985629085339405,linoleum,0.6662410511421628,0.10408634918394213,0.07054049844564608,0.15913210122824895
linoleum,straight,0,0.0,1.119402985074627,1.4341274397244546,linoleum,0.6820362261554724,0.10268457935366605,0.07084811715273226,0.14443107733812924,linoleum,0.6741386386488176,0.1033854642688041,0.07069430779918917,0.15178158928318908
linoleum,straight,0,0.0,0.9437428243398394,1.379640260237275,linoleum,0.6859557400180551,0.10340236027512627,0.07211552405321729,0.13852637565360135,linoleum,0.6800471893334363,0.10339391227196518,0.07140491592620324,0.14515398246839523
linoleum,straight,0,0.0,1.1458094144661308,1.2695496874601353,linoleum,0.6884176369550203,0.10675664683715483,0.0762125256833963,0.12861319052442846,linoleum,0.6842324131442284,0.10507527955456002,0.07380872080479979,0.13688358649641189
linoleum,straight,0,0.0,0.9632606199770378,1.1677509886465112,linoleum,0.6840895650417188,0.11230499587409397,0.08207572897591557,0.12152971010827175,linoleum,0.6841609890929736,0.10869013771432699,0.07794222489035768,0.12920664830234183
linoleum,straight,0,0.0,1.1021814006888633,1.1645618063528511,linoleum,0.683848506910402,0.11251969363618776,0.08229545665274318,0.12133634280066717,linoleum,0.6840047480016878,0.11060491567525738,0.08011884077155043,0.1252714955515045
linoleum,straight,0,0.0,1.0332950631458095,1.1324148488327592,linoleum,0.6810512330147664,0.11483007381397875,0.08464251225589565,0.11947618091535897,linoleum,0.6825279905082271,0.11271749474461806,0.08238067651372305,0.12237383823343173
linoleum,straight,0,0.0,0.9758897818599312,1.0993749202704428,linoleum,0.677468540094751,0.1174898013320513,0.08731589721899939,0.11772576135419831,linoleum,0.6799982653014891,0.11510364803833467,0.08484828686636123,0.12004979979381503
linoleum,straight,0,0.0,0.9448909299655568,1.048730705447123,linoleum,0.6705428249783794,0.12215591436985326,0.09196510115024586,0.11533615950152142,linoleum,0.6752705451399342,0.11862978120409397,0.08840669400830355,0.11769297964766823
linoleum,straight,0,0.0,0.95752009184845,1.0206659012629165,linoleum,0.6659340747108525,0.12506381496702595,0.09484932183463124,0.11415278848749025,linoleum,0.6706023099253934,0.12184679808555995,0.09162800792146739,0.11592288406757924
linoleum,straight,0,0.0,0.7692307692307692,0.9817578772802654,linoleum,0.6586035716116083,0.12949484198754063,0.09923838648382308,0.11266319991702803,linoleum,0.6646029407685009,0.1256708200365503,0.09543319720264525,0.11429304199230365
linoleum,straight,0,0.0,0.8231917336394949,0.9683633116468938,linoleum,0.6558207331083137,0.1311314222647532,0.10085967762685415,0.1121881670000789,linoleum,0.6602118369384073,0.12840112115065175,0.0981464374147497,0.11324060449619128
linoleum,straight,0,0.0,0.6911595866819747,0.9178466641153208,linoleum,0.6440928234723363,0.13783796060901712,0.10751547135474462,0.11055374456390178,linoleum,0.6521523302053718,0.13311954087983444,0.10283095438474715,0.11189717453004652
linoleum,straight,0,0.0,0.9862227324913893,0.9203980099502488,linoleum,0.6447327371245076,0.1374784970544232,0.1071580393487667,0.11063072647230245,linoleum,0.6484425336649398,0.13529901896712881,0.10499449686675694,0.11126395050117449
linoleum,straight,0,0.0,0.7244546498277842,0.8784283709656845,linoleum,0.6335454489512002,0.14368184523246005,0.11334104302604414,0.1094316627902957,linoleum,0.6409939913080699,0.13949043209979442,0.10916776994640051,0.11034780664573507
linoleum,straight,0,0.0,0.8495981630309989,0.8580176042862611,linoleum,0.6275876579878058,0.14692674604209235,0.11658946026631821,0.10889613570378363,linoleum,0.634290824647938,0.14320858907094342,0.11287861510635937,0.10962197117475937
linoleum,straight,0,0.0,0.7944890929965557,0.8378619721903305,linoleum,0.6213647875254157,0.15028156733215264,0.11995956203735901,0.10839408310507259,linoleum,0.6278278060866769,0.14674507820154803,0.11641908857185919,0.10900802713991598
linoleum,straight,0,0.0,0.7405281285878301,0.8151549942594719,linoleum,0.6139436663824227,0.15424353504617033,0.12395600852397114,0.10785679004743584,linoleum,0.6208857362345498,0.15049430662385918,0.12018754854791516,0.10843240859367591
linoleum,straight,0,0.0,0.809414466130884,0.7986988136241868,linoleum,0.60828992704683,0.15723758130449128,0.12698861102399445,0.10748388062468418,linoleum,0.61458783164069,0.15386594396417527,0.12358807978595482,0.10795814460918006
linoleum,straight,0,0.0,0.3754305396096441,0.7549432325551728,linoleum,0.5921127600120585,0.16570928159715378,0.13563163776905152,0.10654632062173626,linoleum,0.6033502958263741,0.1597876127806645,0.12960985877750314,0.10725223261545813
linoleum,straight,0,0.0,2.0424799081515497,0.8904196963898455,linoleum,0.6368865163923366,0.14184578324740263,0.11150753266613753,0.10976016769412317,linoleum,0.6201184061093555,0.1508166980140336,0.12055869572182035,0.10850620015479066
linoleum,straight,0,0.0,0.9173363949483352,0.9155504528638856,linoleum,0.6435125035316795,0.13816340371181748,0.10783915683953801,0.11048493591696494,linoleum,0.6318154548205175,0.14449005086292555,0.11419892628067918,0.1094955680358778
linoleum,straight,0,0.0,0.8323765786452353,0.8984564357698684,linoleum,0.6390605477967445,0.14064396497531897,0.11030903796570214,0.10998644926223443,linoleum,0.635438001308631,0.14256700791912227,0.11225398212319067,0.10974100864905613
linoleum,straight,0,0.0,0.947187141216992,0.9232044903686696,linoleum,0.6454307148482769,0.13708568132406262,0.10676754934430015,0.11071605448336018,linoleum,0.6404343580784541,0.13982634462159246,0.10951076573374542,0.11022853156620817
linoleum,straight,0,0.0,0.7680826636050517,0.9141472126546754,linoleum,0.6431558088420196,0.13836318590323993,0.10803789924355835,0.11044310601118201,linoleum,0.6417950834602368,0.1390947652624162,0.10877433248865188,0.11033581878869508
linoleum,straight,0,0.0,0.7083811710677382,0.9045796657736956,linoleum,0.6406820926034663,0.13974363048806301,0.10941200498340951,0.11016227192506114,linoleum,0.6412385880318516,0.1394191978752396,0.1090931687360307,0.11024904535687811
linoleum,straight,0,0.0,0.5752009184845006,0.8862099757622146,linoleum,0.635726902227301,0.14248448550436946,0.1121449928020567,0.10964361946627296,linoleum,0.6384827451295763,0.1409518416898045,0.1106190807690437,0.10994633241157553
linoleum,straight,0,0.0,0.5212399540757751,0.8541905855338691,linoleum,0.626432212444924,0.1475521506792614,0.11721678765093238,0.10879884922488224,linoleum,0.6324574787872501,0.14425199618453294,0.11391793420998804,0.1093725908182289
linoleum,straight,0,0.0,0.8932261768082664,0.911723434111494,linoleum,0.6425360217809996,0.13870987658388514,0.10838285754085489,0.11037124409426044,linoleum,0.6374967502841249,0.14148093638420906,0.11115039587542147,0.10987191745624467
linoleum,straight,0,0.0,0.8059701492537313,0.7743334609006252,linoleum,0.599488274486895,0.16186277386367337,0.1316956270616125,0.10695332458781914,linoleum,0.61849251238551,0.1516718551239412,0.12142301146851699,0.1084126210220319
linoleum,straight,0,0.0,0.6337543053960965,0.7428243398392653,linoleum,0.5873347722270155,0.1681885353251768,0.13817926085559382,0.10629743159221404,linoleum,0.6029136423062627,0.159930195224559,0.1298011361620554,0.10735502630712297
linoleum,straight,0,0.0,0.7876004592422502,0.7378492154611558,linoleum,0.5853356524270653,0.16922314379852857,0.13924492667724928,0.10619627709715693,linoleum,0.5941246473666639,0.1645766695115438,0.13452303141965233,0.10677565170213996
linoleum,straight,0,0.0,0.7738231917336394,0.71858655440745,linoleum,0.5773882872473568,0.17332144487979434,0.14348115313697407,0.10580911473587486,linoleum,0.5857564673070104,0.16894905719566905,0.1390020922783132,0.10629238321900741
linoleum,straight,0,0.0,0.7485648679678532,0.7164179104477612,linoleum,0.5764728947047779,0.17379206168691116,0.1439691516409832,0.10576589196732769,linoleum,0.5811146810058941,0.1713705594412901,0.1414856219596482,0.10602913759316755
linoleum,straight,0,0.0,0.7164179104477614,0.717310881489986,linoleum,0.5768503277682947,0.1735980522532016,0.14376793778206484,0.105783682196439,linoleum,0.5789825043870944,0.17248430584724583,0.14262677987085653,0.10590640989480327
linoleum,straight,0,0.0,0.6061997703788748,0.7207551983671387,linoleum,0.5782994961791024,0.1728526944923671,0.14299540869735983,0.10585240063117073,linoleum,0.5786410002830984,0.17266850016980645,0.14281109428410818,0.105879405262987
linoleum,straight,0,0.0,0.6704936854190586,0.7373389462941702,linoleum,0.5851293740407425,0.16932981151881876,0.13935488178961192,0.10618593265082692,linoleum,0.5818851871619204,0.1709991558443126,0.14108298803686004,0.10603266895690697
linoleum,straight,0,0.0,0.8048220436280139,0.7275162648296978,linoleum,0.5811134823092468,0.17140327417126294,0.14149544263623443,0.10598780088325586,linoleum,0.5814993347355836,0.1712012150077878,0.14128921533654723,0.10601023492008141
linoleum,straight,0,0.0,0.8760045924225028,0.7352978696262279,linoleum,0.5843019512859252,0.16975751367665576,0.13979592624512416,0.10614460879229502,linoleum,0.5829006430107544,0.17047936434222177,0.1405425707908357,0.10607742185618821
linoleum,straight,0,0.0,1.0390355912743974,0.7803291236127057,linoleum,0.6017021062360995,0.16070321384889286,0.13051295167762325,0.10708172823738436,linoleum,0.5923013746234269,0.16559128909555731,0.1355277612342295,0.10657957504678628
linoleum,straight,0,0.0,3.218140068886337,1.0503890802398266,linoleum,0.6707977182007664,0.12199142397360861,0.09180174778470392,0.115409110040921,linoleum,0.6315495464120967,0.143791356534583,0.11366475450946671,0.11099434254385365
linoleum,straight,0,0.0,0.7933409873708381,1.0525577241995154,linoleum,0.6711281305566246,0.12177754015737803,0.091589300167475,0.11550502911852241,linoleum,0.6513388384843606,0.13278444834598052,0.10262702733847086,0.11324968583118802
linoleum,straight,0,0.0,0.6199770378874857,1.0382701875239189,linoleum,0.6688904106508777,0.1232122037414977,0.09301348821592434,0.11488389739170018,linoleum,0.6601146245676193,0.12799832604373915,0.09782025777719762,0.11406679161144412
linoleum,straight,0,0.0,0.748564867967853,1.041842071692818,linoleum,0.6694633329691414,0.12284786990958503,0.09265198931723091,0.11503680780404273,linoleum,0.6647889787683803,0.1254230979766621,0.09523612354721427,0.11455179970774343
linoleum,straight,0,0.0,0.8381171067738232,1.0676106646255898,linoleum,0.6733311899497827,0.12033070363081608,0.09015073378676286,0.11618737263263833,linoleum,0.6690600843590815,0.12287690080373909,0.09269342866698857,0.11536958617019089
linoleum,straight,0,0.0,0.7049368541905855,1.0714376833779822,linoleum,0.673866246044317,0.11997329595235225,0.0897949200674176,0.11636553793591338,linoleum,0.6714631652016991,0.12142509837804563,0.09124417436720307,0.1158675620530521
linoleum,straight,0,0.0,0.7439724454649828,1.064676616915423,linoleum,0.672914128021407,0.12060756540914701,0.09042622840760224,0.11605207816184378,linoleum,0.6721886466115531,0.12101633189359631,0.09083520138740266,0.11595982010744793
linoleum,straight,0,0.0,0.8679678530424799,1.0637836458731984,linoleum,0.6727860131382625,0.12069232014779983,0.09051054264435403,0.11601112406958364,linoleum,0.6724873298749078,0.12085432602069807,0.09067287201587834,0.11598547208851578
linoleum,straight,0,0.0,0.878300803673938,1.0459242250287026,linoleum,0.6701070659436297,0.12243612845405574,0.09224331650337131,0.11521348909894327,linoleum,0.6712971979092688,0.1216452272373769,0.09145809425962483,0.11559948059372953
linoleum,straight,0,0.0,0.9242250287026406,0.791044776119403,linoleum,0.6055806305217903,0.15866569036237566,0.12843905012339002,0.10731462899244396,linoleum,0.6384389142155296,0.1401554587998763,0.10994857219150742,0.11145705479308674
linoleum,straight,0,0.0,0.7830080367393801,0.7898966704936855,linoleum,0.6051698534362381,0.1588818627601173,0.12865882854547858,0.10728945525816598,linoleum,0.6218043838258839,0.14951866077999681,0.11930370036849301,0.10937325502562638
linoleum,straight,0,0.0,0.7680826636050517,0.8063528511289705,linoleum,0.6109485654502816,0.15583207403509589,0.12556362810637375,0.10765573240824884,linoleum,0.6163764746380826,0.1526753674075463,0.12243366423743335,0.10851449371693758
linoleum,straight,0,0.0,0.8748564867967852,0.820385253221074,linoleum,0.6156919205192404,0.15331363262218434,0.1230163543203408,0.10797809253823458,linoleum,0.6160341975786616,0.15299450001486534,0.12272500927888709,0.10824629312758609
linoleum,straight,0,0.0,0.9219288174512056,0.8296976655185611,linoleum,0.6187469348915593,0.1516836596577145,0.1213717622871285,0.10819764316359773,linoleum,0.6173905662351105,0.15233907983628991,0.12204838578300779,0.1082219681455919
linoleum,straight,0,0.0,0.7876004592422503,0.8388825105243016,linoleum,0.6216880605422387,0.15010806577091035,0.11978496539009585,0.10841890829675513,linoleum,0.6195393133886746,0.15122357280360013,0.12091667558655182,0.10832043822117352
linoleum,straight,0,0.0,0.6039035591274398,0.8233193009312412,linoleum,0.6166624226827403,0.15279653447545996,0.12249427969484962,0.10804676314695022,linoleum,0.6181008680357074,0.15201005363953005,0.12170547764070072,0.10818360068406187
linoleum,straight,0,0.0,0.8277841561423651,0.8188544457201173,linoleum,0.6151826562232999,0.1535847212581374,0.12329017888736041,0.10794244363120216,linoleum,0.6166417621295037,0.15279738744883373,0.12249782826403056,0.10806302215763201
linoleum,straight,0,0.0,1.0068886337543057,0.8331419823957137,linoleum,0.6198582163465965,0.15108909466772658,0.12077263585969578,0.10828005312598103,linoleum,0.6182499892380502,0.15194324105828017,0.12163523206186316,0.10817153764180652
linoleum,straight,0,0.0,0.7841561423650977,0.8175787728026535,linoleum,0.6147567403212213,0.15381130949488808,0.12351912132031925,0.10791282886357141,linoleum,0.6165033647796357,0.15287727527658412,0.12257717669109121,0.10804218325268897
linoleum,straight,0,0.0,2.8897818599311136,1.0516647531572905,linoleum,0.6709924774225803,0.12186544285997374,0.0916766185311789,0.11546546118626712,linoleum,0.643747921101108,0.13737135906827894,0.10712689761113506,0.11175382221947805
linoleum,straight,0,0.0,2.757749712973594,1.2727388697537954,linoleum,0.6884495677895387,0.10662211673551956,0.0760627971817226,0.12886551829321913,linoleum,0.6660987444453234,0.12199673790189924,0.09159484739642883,0.12030967025634859
linoleum,straight,0,0.0,1.409873708381171,1.3321852277076158,linoleum,0.687913903364074,0.10452801646461132,0.07361840831567601,0.13393967185563854,linoleum,0.6770063239046987,0.1132623771832553,0.08260662785605243,0.1271246710559936
linoleum,straight,0,0.0,1.2652123995407578,1.3703278479397882,linoleum,0.6864468180262395,0.10358598958477336,0.07238039187399388,0.13758680051499336,linoleum,0.6817265709654692,0.10842418338401433,0.07749350986502315,0.13235573578549348
linoleum,straight,0,0.0,1.293915040183697,1.426585023599949,linoleum,0.6826855336579396,0.10274800925624909,0.07099540156871786,0.1435710555170934,linoleum,0.6822060523117044,0.10558609632013172,0.07424445571687051,0.13796339565129345
linoleum,straight,0,0.0,1.0287026406429391,1.4737849215461156,linoleum,0.6780549960304331,0.10253803379934545,0.070217798670994,0.14918917149922742,linoleum,0.6801305241710688,0.1040620650597386,0.07223112719393227,0.14357628357526045
linoleum,straight,0,0.0,1.1653272101033296,1.5112897053195562,linoleum,0.6734068123265406,0.10268525412267462,0.06983877593990763,0.154069157610877,linoleum,0.6767686682488048,0.10337365959120662,0.07103495156691994,0.14882272059306872
linoleum,straight,0,0.0,1.1458094144661308,1.5267253476208702,linoleum,0.6712421027918218,0.10282574451576564,0.06974252572406105,0.15618962696835154,linoleum,0.6740053855203133,0.10309970205348612,0.0703887386454905,0.15250617378071013
linoleum,straight,0,0.0,1.2215843857634905,1.575328485776247,linoleum,0.6634553068272717,0.10357015383195038,0.06966161236837458,0.16331292697240316,linoleum,0.6687303461737926,0.10333492794271826,0.07002517550693255,0.15790955037655663
linoleum,straight,0,0.0,1.0309988518943742,1.3687970404388317,linoleum,0.686522553160883,0.10361790162029802,0.07242531468029627,0.13743423053852274,linoleum,0.6776264496673378,0.10347641478150814,0.07122524509361441,0.1476718904575397
linoleum,straight,0,0.0,0.8025258323765787,1.1515499425947189,linoleum,0.6827970949633081,0.11342258615956427,0.083216201265134,0.12056411761199343,linoleum,0.680211772315323,0.10844950047053621,0.07722072317937421,0.1341180040347666
linoleum,straight,0,0.0,0.8874856486796786,1.0935068248501083,linoleum,0.6767558911512083,0.11799332387399163,0.08781959727862713,0.11743118769617299,linoleum,0.6784838317332657,0.11322141217226392,0.08252016022900067,0.1257745958654698
linoleum,straight,0,0.0,0.9299655568312284,1.0562571756601609,linoleum,0.6716841811497425,0.12141585777849444,0.09122993129488703,0.11567002977687627,linoleum,0.675084006441504,0.11731863497537917,0.08687504576194385,0.12072231282117303
linoleum,straight,0,0.0,0.9219288174512056,1.0149253731343282,linoleum,0.6649219859669192,0.12568795318872117,0.09546776016424337,0.1139223006801162,linoleum,0.6700029962042116,0.12150329408205017,0.09117140296309362,0.11732230675064462
linoleum,straight,0,0.0,1.0780711825487943,1.020410766679423,linoleum,0.6658895976284168,0.12509134027903926,0.09487659894944643,0.11414246314309748,linoleum,0.6679462969163141,0.12329731718054471,0.09302400095627003,0.11573238494687105
linoleum,straight,0,0.0,0.7761194029850745,0.977165454777395,linoleum,0.6576646114998015,0.1300494252971776,0.09978772251482648,0.11249824068819443,linoleum,0.6628054542080579,0.1266733712388612,0.09640586173554827,0.11411531281753275
linoleum,straight,0,0.0,0.8025258323765786,0.9390228345452226,linoleum,0.6492493646473121,0.13492204909747382,0.10461856603006969,0.11121002022514437,linoleum,0.656027409427685,0.1307977101681675,0.10051221388280898,0.11266266652133855
linoleum,straight,0,0.0,0.5350172215843858,0.8627375940808776,linoleum,0.6289959559010413,0.14616283762413454,0.11582376104781612,0.10901744542700813,linoleum,0.6425116826643631,0.13848027389615103,0.10816798746531256,0.11084005597417335
linoleum,straight,0,0.0,0.7841561423650976,0.8353106263554024,linoleum,0.6205527614581648,0.1507170296743141,0.12039792304193844,0.10833228582558273,linoleum,0.6315322220612639,0.14459865178523254,0.11428295525362547,0.10958617089987802
linoleum,straight,0,0.0,0.8805970149253731,0.8439852021941574,linoleum,0.623291275093978,0.14924640117669943,0.11891836264401447,0.10854396108530807,linoleum,0.627411748577621,0.14692252648096601,0.11660065894881998,0.10906506599259307
linoleum,straight,0,0.0,0.2204362801377727,0.7698686056895012,linoleum,0.5978192357834627,0.162735406288385,0.1325868250965434,0.10685853283160883,linoleum,0.6126154921805419,0.15482896638467553,0.1245937420226817,0.10796179941210095
linoleum,straight,0,0.0,2.2043628013777266,0.9114682995280012,linoleum,0.6424705096995862,0.13874648932449193,0.1084192927263866,0.11036370824953531,linoleum,0.627543000940064,0.14678772785458372,0.11650651737453416,0.10916275383081814
linoleum,straight,0,0.0,0.9885189437428245,0.918867202449292,linoleum,0.6443494055448916,0.13769390522124575,0.10737221886034969,0.11058447037351284,linoleum,0.6359462032424779,0.14224081653791473,0.11193936811744193,0.10987361210216548
linoleum,straight,0,0.0,0.547646383467279,0.8599311136624569,linoleum,0.6281608162181336,0.1466160669340164,0.11627797941208064,0.10894513743576924,linoleum,0.6320535097303057,0.14442844173596558,0.11410867376476128,0.10940937476896737
linoleum,straight,0,0.0,0.7164179104477612,0.8532976144916443,linoleum,0.6261608540816246,0.1476988563235231,0.11736400459545247,0.10877628499939997,linoleum,0.6291071819059652,0.14606364902974434,0.11573633918010687,0.10909282988418367
linoleum,straight,0,0.0,0.6096440872560276,0.8318663094782498,linoleum,0.6194478021526403,0.15130878281344415,0.1209939619509019,0.10824945308301387,linoleum,0.6242774920293027,0.14868621592159426,0.11836515056550438,0.10867114148359877
linoleum,straight,0,0.0,0.8163030998851896,0.8631202959561168,linoleum,0.629109333199603,0.1461012574752474,0.11576206293409504,0.10902734639105453,linoleum,0.6266934126144529,0.14739373669842082,0.11706360674979971,0.10884924393732665
linoleum,straight,0,0.0,0.716417910447761,0.8555938257430795,linoleum,0.6268572906983358,0.14732220836319254,0.11698609015991009,0.10883441077856155,linoleum,0.6267753516563943,0.14735797253080668,0.11702484845485489,0.1088418273579441
linoleum,straight,0,0.0,0.8725602755453502,0.8547008547008548,linoleum,0.6265869760699162,0.14746845116845747,0.11713280673365035,0.10881176602797599,linoleum,0.6266811638631553,0.14741321184963208,0.11707882759425262,0.10882679669296004
linoleum,straight,0,0.0,0.677382319173364,0.9054726368159204,linoleum,0.6409160597381882,0.13961343396367762,0.10928234146649737,0.11018816483163683,linoleum,0.6337986118006718,0.14351332290665486,0.113180584530375,0.10950748076229844
linoleum,straight,0,0.0,0.8369690011481056,0.7535399923459625,linoleum,0.5915661623526288,0.1659933852907052,0.1359231463846829,0.10651730597198303,linoleum,0.6126823870766502,0.15475335409868002,0.12455186545752894,0.10801239336714073
linoleum,straight,0,0.0,0.8392652123995409,0.736956244418931,linoleum,0.5849745137282829,0.16940987997948598,0.139437428399809,0.10617817789242215,linoleum,0.5988284504024667,0.16208161703908303,0.131994646928669,0.10709528562978145
linoleum,straight,0,0.0,0.6406429391504019,0.7472891950503892,linoleum,0.5891101910755249,0.16726837693743296,0.13723273580297804,0.10638869618406399,linoleum,0.5939693207389958,0.164674996988258,0.13461369136582352,0.10674199090692271
linoleum,straight,0,0.0,0.7807118254879449,0.7544329633881873,linoleum,0.591914198280783,0.1658125022054956,0.13573753595436241,0.10653576355935909,linoleum,0.5929417595098894,0.1652437495968768,0.13517561366009295,0.1066388772331409
linoleum,straight,0,0.0,0.788748564867968,0.7743334609006252,linoleum,0.599488274486895,0.16186277386367337,0.1316956270616125,0.10695332458781914,linoleum,0.5962150169983922,0.16355326173027507,0.1334356203608527,0.10679610091048003
linoleum,straight,0,0.0,0.7531572904707232,0.7673172598545732,linoleum,0.5968576499607448,0.16323755990347655,0.13310012144567893,0.10680466869009983,linoleum,0.5965363334795685,0.1633954108168758,0.1332678709032658,0.10680038480028993
linoleum,straight,0,0.0,0.6280137772675085,0.7574945783901008,linoleum,0.5931021235872522,0.1651947177397948,0.13510394307210494,0.10659921560084802,linoleum,0.5948192285334104,0.1642950642783353,0.13418590698768537,0.10669980020056898
linoleum,straight,0,0.0,0.7233065442020666,0.7409108304630693,linoleum,0.5865684755387242,0.1685853023568193,0.13858776103679654,0.10625846106766004,linoleum,0.5906938520360673,0.1664401833175773,0.13638683401224094,0.10647913063411452
linoleum,straight,0,0.0,0.5074626865671641,0.7220308712846026,linoleum,0.578833547540133,0.17257783077410876,0.1427107276195979,0.10587789406616019,linoleum,0.5847636997881002,0.16950900704584304,0.13954878081591943,0.10617851235013735
linoleum,straight,0,0.0,0.9827784156142364,0.7382319173363949,linoleum,0.5854902097091377,0.1691432106731333,0.13916254058073688,0.10620403903699209,linoleum,0.585126954748619,0.1693261088594882,0.1393556606983282,0.10619127569356474
linoleum,straight,0,0.0,4.469575200918484,1.1415996938384998,linoleum,0.6819190657215046,0.11414252664823991,0.08394699811327226,0.11999140951698303,linoleum,0.6335230102350619,0.14173431775386408,0.11165132940580023,0.1130913426052739
linoleum,straight,0,0.0,0.9873708381171068,1.1801250159459116,linoleum,0.6849632170702439,0.11149628711560734,0.08124497697424161,0.12229551883990723,linoleum,0.6592431136526529,0.1266153024347357,0.09644815319002092,0.11769343072259056
linoleum,straight,0,0.0,0.8013777267508612,1.1824212271973469,linoleum,0.6851145926956927,0.11135044132316423,0.08109458923093105,0.12244037675021192,linoleum,0.6721788531741728,0.11898287187894996,0.08877137121047599,0.12006690373640125
linoleum,straight,0,0.0,0.8771526980482205,1.192243908661819,linoleum,0.6857243543954892,0.1107413294208626,0.08046440790926336,0.12306990827438488,linoleum,0.678951603784831,0.11486210064990628,0.08461788955986968,0.12156840600539306
linoleum,straight,0,0.0,0.5843857634902413,1.1734915167750988,linoleum,0.6845070362890466,0.11192503007893535,0.08168604199448158,0.12188189163753634,linoleum,0.6817293200369389,0.11339356536442083,0.08315196577717564,0.12172514882146472
linoleum,straight,0,0.0,0.711825487944891,1.1828039290725858,linoleum,0.685139495912064,0.11132626148528628,0.081069638423591,0.12246460417905869,linoleum,0.6834344079745014,0.11235991342485355,0.08211080210038332,0.12209487650026171
linoleum,straight,0,0.0,0.7210103329506314,1.182548794489093,linoleum,0.6851229041138492,0.11134237732408579,0.08108626868696893,0.12244844987509612,linoleum,0.6842786560441753,0.11185114537446963,0.0815985353936761,0.12227166318767889
linoleum,straight,0,0.0,0.7692307692307692,1.2116341370072714,linoleum,0.686749272837092,0.10960842921988971,0.07928184796634725,0.12436044997667087,linoleum,0.6855139644406337,0.1107297872971797,0.0804401916800117,0.1233160565821749
linoleum,straight,0,0.0,0.714121699196326,1.1817833907386146,linoleum,0.68507288038351,0.1113908221395665,0.08113624610527854,0.12240005137164504,linoleum,0.6852934224120719,0.1110603047183731,0.08078821889264512,0.12285805397690996
linoleum,straight,0,0.0,0.5797933409873709,0.7495854063018242,linoleum,0.5900163967502069,0.16679822022212226,0.13674956022499554,0.10643582280267545,linoleum,0.6376549095811394,0.13892926247024764,0.1087688895588203,0.11464693838979267
linoleum,straight,0,0.0,0.8025258323765787,0.7290470723306544,linoleum,0.5817449707151473,0.17107762114989286,0.14115884708476617,0.10601856105019368,linoleum,0.6096999401481433,0.15500344181007025,0.12496386832179324,0.11033274971999318
linoleum,straight,0,0.0,0.7210103329506314,0.7201173619084068,linoleum,0.578031927781908,0.17299036851409652,0.14313804101400965,0.1058396626899856,linoleum,0.5938659339650257,0.1639969051620834,0.13405095466790148,0.10808620620498942
linoleum,straight,0,0.0,0.5028702640642938,0.6785304247990815,linoleum,0.5598052348856625,0.18231483411526114,0.1528633232512254,0.10501660774785103,linoleum,0.5768355844253441,0.17315586963867227,0.14345713895956344,0.10655140697642022
linoleum,straight,0,0.0,0.5889781859931114,0.6790406939660671,linoleum,0.5600381935732363,0.18219627799214186,0.15273885120567,0.10502667722895191,linoleum,0.5684368889992902,0.1776760738154071,0.14809799508261676,0.10578904210268608
linoleum,straight,0,0.0,0.6969001148105626,0.6773823191733639,linoleum,0.5592802331338665,0.18258196042168295,0.1531438579617235,0.10499394848272697,linoleum,0.5638585610665784,0.180129017118545,0.15062092652217013,0.10539149529270653
linoleum,straight,0,0.0,0.6934557979334098,0.6743207041714504,linoleum,0.5578745127087064,0.18329683422157805,0.15389515336404427,0.10493349970567141,linoleum,0.5608665368876423,0.1817129256700615,0.1522580399431072,0.10516249749918893
linoleum,straight,0,0.0,0.6452353616532722,0.6605434366628397,linoleum,0.551446069072903,0.18655930148452082,0.15733387259967546,0.1046607568429008,linoleum,0.5561563029802727,0.18413611357729118,0.15479595627139134,0.10491162717104488
linoleum,straight,0,0.0,0.7278989667049368,0.6620742441637963,linoleum,0.5521686254883542,0.18619313544961968,0.15694709900809475,0.10469114005393133,linoleum,0.5541624642343134,0.18516462451345542,0.15587152763974302,0.10480138361248809
linoleum,straight,0,0.0,0.8473019517795637,0.6917974231407068,linoleum,0.5657870005326381,0.17926576987834947,0.14966890730143398,0.1052783222875785,linoleum,0.5599747323834758,0.18221519719590248,0.15277021747058853,0.1050398529500333
linoleum,straight,0,0.0,1.0287026406429391,0.7169281796147468,linoleum,0.5766886576121234,0.17368116040294934,0.14385412541600745,0.10577605656891988,linoleum,0.5683316949977996,0.1779481787994259,0.14831217144329797,0.10540795475947656
linoleum,straight,0,0.0,5.258323765786453,1.2210741165965049,linoleum,0.6871629394731307,0.1090897945987508,0.0787350089690971,0.12501225695902143,linoleum,0.6277473172354652,0.14351898669908839,0.11352359020619755,0.11521010585924901
linoleum,straight,0,0.0,1.2250287026406432,1.3013139431049878,linoleum,0.6884593100471224,0.10551848097366975,0.07480698075831346,0.13121522822089454,linoleum,0.6581033136412937,0.12451873383637907,0.0941652854822555,0.12321266704007178
linoleum,straight,0,0.0,0.7462686567164178,1.3187906620742442,linoleum,0.6882212388759359,0.10493236104387942,0.07411313062282254,0.13273326945736214,linoleum,0.6731622762586148,0.11472554744012925,0.08413920805253902,0.12797296824871696
linoleum,straight,0,0.0,0.5384615384615384,1.3011863758132416,linoleum,0.6884603683519602,0.10552300508393783,0.0748122495875297,0.13120437697657208,linoleum,0.6808113223052875,0.11012427626203354,0.07947572882003437,0.1295886726126445
linoleum,straight,0,0.0,0.817451205510907,1.3149636433218523,linoleum,0.6882891615137121,0.1050550123261594,0.07426034906781045,0.132395477092318,linoleum,0.6845502419094998,0.10758964429409647,0.07686803894392241,0.13099207485248127
linoleum,straight,0,0.0,0.7588978185993112,1.3275928052047457,linoleum,0.6880314655703466,0.10466229458007957,0.07378444852672705,0.13352179132284686,linoleum,0.6862908537399232,0.10612596943708802,0.07532624373532473,0.13225693308766406
linoleum,straight,0,0.0,0.7761194029850746,1.332950631458094,linoleum,0.6878930737782415,0.10450607682170847,0.07359109567916562,0.1340097537208845,linoleum,0.6870919637590823,0.10531602312939825,0.07445866970724518,0.1331333434042743
linoleum,straight,0,0.0,0.7703788748564868,1.3244036229110856,linoleum,0.6881056241549862,0.10475821239643904,0.0739019457390157,0.13323421770955898,linoleum,0.6875987939570343,0.10503711776291864,0.07418030772313045,0.13318378055691665
linoleum,straight,0,0.0,0.6865671641791045,1.2863885699706596,linoleum,0.6885161529558479,0.10607221571507083,0.07544383549489302,0.12996779583418816,linoleum,0.6880574734564412,0.10555466673899476,0.07481207160901175,0.13157578819555243
linoleum,straight,0,0.0,0.5786452353616532,0.7664242888123485,linoleum,0.5965197447410387,0.16341391685625367,0.13328047172272614,0.10678586667998148,linoleum,0.6422886090987399,0.1344842917976242,0.10404627166586891,0.11918082743776692
linoleum,straight,0,0.0,0.7497129735935706,0.7136114300293405,linoleum,0.5752820574469798,0.17440386585245501,0.14460403308160108,0.10571004361896416,linoleum,0.6087853332728599,0.1544440788250396,0.124325152373735,0.11244543552836554
linoleum,straight,0,0.0,0.6394948335246842,0.7017476718969256,linoleum,0.5701706119972314,0.17702465861555874,0.14732988545332662,0.10547484393388318,linoleum,0.5894779726350456,0.16573436872029917,0.13582751891353081,0.10896013973112437
linoleum,straight,0,0.0,0.5464982778415615,0.7026406429391504,linoleum,0.5705597045061738,0.17682545169342978,0.1471223374173683,0.10549250638302798,linoleum,0.5800188385706099,0.1712799102068645,0.14147492816544957,0.10722632305707619
linoleum,straight,0,0.0,0.3421354764638347,0.6498277841561424,linoleum,0.5463303724930101,0.18914802164326627,0.16007430530017017,0.10444730056355356,linoleum,0.56317460553181,0.1802139659250654,0.15077461673280987,0.10583681181031487
linoleum,straight,0,0.0,0.5097588978185993,0.6221456818471744,linoleum,0.5326500610096346,0.19604036336908998,0.16742295125750326,0.10388662436377223,linoleum,0.5479123332707223,0.18812716464707768,0.15909878399515656,0.10486171808704356
linoleum,straight,0,0.0,0.6073478760045925,0.6033932899604542,linoleum,0.5230072650780485,0.2008738938798078,0.17262310757072807,0.10349573347141569,linoleum,0.5354597991743854,0.1945005292634427,0.16586094578294228,0.1041787257792296
linoleum,straight,0,0.0,0.8323765786452355,0.6102819237147595,linoleum,0.526584345543314,0.1990831209306699,0.1706919402257869,0.1036405933002291,linoleum,0.5310220723588498,0.1967918250970563,0.16827644300436462,0.10390965953972936
linoleum,straight,0,0.0,0.6245694603903559,0.6033932899604542,linoleum,0.5230072650780485,0.2008738938798078,0.17262310757072807,0.10349573347141569,linoleum,0.527014668718449,0.198832859488432,0.17044977528754632,0.1037026965055725
linoleum,straight,0,0.0,0.6394948335246842,0.6101543564230131,linoleum,0.5265184693722255,0.19911612398802672,0.1707274818276299,0.10363792481211788,linoleum,0.5267665690453373,0.19897449173822934,0.1705886285575881,0.10367031065884519
linoleum,square,0,0.0,2.706084959816303,2.706084959816303,cell_carpet,0.14295078622748345,0.23049814931128007,0.14353628763009435,0.48301477683114225,linoleum,0.33485867763641036,0.21473632052475472,0.15706245809384123,0.2933425437449937
linoleum,square,0,0.0,5.431687715269804,4.068886337543054,grass,0.0018033534624675247,0.4111123700015747,0.31516038681630426,0.2719238897196536,grass,0.16833101554943894,0.3129243452631647,0.23611142245507274,0.28263321673232367
linoleum,square,0,0.0,1.6199770378874856,3.2525832376578645,cell_carpet,0.017446767306657406,0.301771505906365,0.19635516102237127,0.4844265657646063,cell_carpet,0.09288889142804817,0.30734792558476487,0.21623329173872202,0.383529891248465
linoleum,square,0,0.0,1.1825487944890931,2.735074626865672,cell_carpet,0.13077736186690492,0.23472436537668004,0.1463144138253846,0.48818385893103045,cell_carpet,0.11183312664747655,0.27103614548072247,0.18127385278205332,0.4358568750897477
linoleum,square,0,0.0,1.2250287026406432,2.433065442020666,cell_carpet,0.28593085769425675,0.18838517659840184,0.11706291368824924,0.4086210520190922,cell_carpet,0.19888199217086666,0.22971066103956217,0.14916838323515128,0.4222389635544199
linoleum,square,0,0.0,1.2411021814006888,2.2344048985840037,linoleum,0.404297559539245,0.1584410415838472,0.09912298944118274,0.3381384094357251,cell_carpet,0.30158977585505586,0.19407585131170468,0.124145686338167,0.38018868649507254
linoleum,square,0,0.0,1.026406429391504,2.06183368869936,linoleum,0.49867752076476846,0.1362818892178434,0.08624963516994766,0.27879095484744054,linoleum,0.40013364830991216,0.16517887026477404,0.10519766075405733,0.32948982067125654
linoleum,square,0,0.0,1.2732491389207807,1.963260619977038,linoleum,0.5450963521153389,0.12594158044652543,0.08042268135745571,0.24853938608067996,linoleum,0.47261500021262554,0.14556022535564972,0.09281017105575652,0.28901460337596824
linoleum,square,0,0.0,1.2043628013777268,1.8789386401326704,linoleum,0.5796329027159804,0.11857688782879572,0.07640636557805407,0.22538384387716978,linoleum,0.526123951464303,0.13206855659222272,0.0846082683169053,0.257199223626569
linoleum,square,0,0.0,0.9850746268656716,1.687715269804822,linoleum,0.6396607464342884,0.1070379872837179,0.07072584262855369,0.18257542365344015,linoleum,0.5828923489492956,0.1195532719379703,0.0776670554727295,0.21988732364000457
linoleum,square,0,0.0,1.0551090700344432,1.2014287536675596,linoleum,0.6862393223966671,0.11019327449040496,0.07989419105844753,0.12367321205448037,linoleum,0.6345658356729813,0.11487327321418764,0.07878062326558852,0.17178026784724248
linoleum,square,0,0.0,0.9276693455797934,1.1245056767444828,linoleum,0.6802595401225663,0.11544000938877966,0.08525779216058119,0.11904265832807277,linoleum,0.6574126878977739,0.11515664130148366,0.08201920771308487,0.14541146308765765
linoleum,square,0,0.0,0.920780711825488,1.0954203342263045,linoleum,0.6769908310392916,0.11782808348838697,0.08765436802391703,0.1175267174484044,linoleum,0.6672017594685328,0.11649236239493534,0.08483678786850096,0.13146909026803105
linoleum,square,0,0.0,0.7680826636050517,1.0446485521112387,linoleum,0.669907161511061,0.12256426744012067,0.09237051672941785,0.1151580543194004,linoleum,0.6685544604897968,0.119528314917528,0.0886036522989594,0.12331357229371573
linoleum,square,0,0.0,1.1262916188289325,1.0318918229365994,linoleum,0.6678448271714259,0.1238722819736923,0.09366817843432876,0.11461471242055297,linoleum,0.6681996438306114,0.12170029844561014,0.09113591536664409,0.11896414235713434
linoleum,square,0,0.0,0.8346727898966704,1.010588085214951,linoleum,0.6641414890050279,0.12616624126393808,0.09594159311875707,0.11375067661227684,linoleum,0.6661705664178197,0.12393326985477411,0.09353875424270058,0.11635740948470559
linoleum,square,0,0.0,0.8978185993111366,0.9688735808138796,linoleum,0.6559292172280576,0.13106801068132923,0.10079684586870598,0.11220592622190727,linoleum,0.6610498918229387,0.1275006402680517,0.09716780005570329,0.11428166785330644
linoleum,square,0,0.0,0.8231917336394949,0.926521239954076,linoleum,0.6462476124441816,0.13662493689550145,0.10630966949223535,0.11081778116808154,linoleum,0.6536487521335601,0.13206278858177656,0.10173873477396932,0.11254972451069399
linoleum,square,0,0.0,0.7611940298507464,0.9016456180635284,linoleum,0.6399088524450528,0.14017339226343992,0.10984010629435237,0.11007764899715491,linoleum,0.6467788022893064,0.13611809042260825,0.10578942053416085,0.11131368675392445
linoleum,square,0,0.0,2.711825487944891,1.0857252200535783,linoleum,0.6757749097500627,0.11867581335901828,0.08850137446716405,0.11704790242375475,linoleum,0.6612768560196847,0.1273969518908133,0.09714539750066248,0.11418079458883962
linoleum,square,0,0.0,3.218140068886337,1.3402219670876387,linoleum,0.6876775900641741,0.10430389975051128,0.07333673687879617,0.13468177330651857,linoleum,0.6744772230419294,0.1158504258206623,0.08524106718972932,0.12443128394767909
linoleum,square,0,0.0,1.7795637198622274,1.4356423013139432,linoleum,0.6819016684296182,0.10267321818534389,0.07081960517879367,0.1446055082062442,linoleum,0.6781894457357738,0.10926182200300309,0.0780303361842615,0.13451839607696164
linoleum,square,0,0.0,1.4879448909299655,1.5156269932389337,linoleum,0.6728134435135845,0.10272004147826042,0.06980824842064987,0.1546582665875051,linoleum,0.6755014446246792,0.10599093174063176,0.07391929230245568,0.14458833133223337
linoleum,square,0,0.0,1.3662456946039034,1.5422885572139304,linoleum,0.6689097076389129,0.10301430334808495,0.06968016133542676,0.15839582767757546,linoleum,0.672205576131796,0.10450261754435836,0.07179972681894123,0.1514920795049044
linoleum,square,0,0.0,1.312284730195178,1.595356550580431,linoleum,0.6598129186659061,0.10400976235026627,0.06972472241475888,0.16645259656906883,linoleum,0.666009247398851,0.10425618994731231,0.07076222461685006,0.15897233803698663
linoleum,square,0,0.0,1.3501722158438578,1.6456180635285111,linoleum,0.6495376191743262,0.10545359796254228,0.07012610397081775,0.17488267889231388,linoleum,0.6577734332865885,0.1048548939549273,0.0704441642938339,0.16692750846465026
linoleum,square,0,0.0,0.926521239954076,1.657099119785687,linoleum,0.6469599128217556,0.1058517589565271,0.07026600729433849,0.17692232092737895,linoleum,0.652366673054172,0.10535332645572718,0.07035508579408618,0.1719249146960146
linoleum,square,0,0.0,1.0941446613088406,1.694093634392142,linoleum,0.6380616438504352,0.1073079360485342,0.07083745356612699,0.18379296653490362,linoleum,0.6452141584523036,0.10633063125213069,0.07059626968010659,0.1778589406154591
linoleum,square,0,0.0,1.076923076923077,1.5124378109452736,linoleum,0.6732508752805368,0.10269410544813709,0.06983042935066663,0.15422458992065946,linoleum,0.6592325168664203,0.1045123683501339,0.07021334951538662,0.1660417652680593
linoleum,square,0,0.0,1.2055109070034444,1.2888123485138412,linoleum,0.6885161203183765,0.10597893091949258,0.07533759864890538,0.1301673501132255,linoleum,0.6738743185923983,0.10524564963481324,0.07277547408214599,0.1481045576906424
linoleum,square,0,0.0,1.0815154994259473,1.2112514351320325,linoleum,0.6867313280650792,0.10962990627822608,0.07930441180131818,0.12433435385537638,linoleum,0.6803028233287388,0.10743777795651967,0.0760399429417321,0.13621945577300942
linoleum,square,0,0.0,1.0907003444316876,1.1671131521877791,linoleum,0.6840418758027433,0.11234772886562781,0.08211948897087014,0.12149090636075859,linoleum,0.6821723495657411,0.10989275341107375,0.07907971595630113,0.12885518106688404
linoleum,square,0,0.0,0.9977037887485648,1.1261640515371858,linoleum,0.680428956525212,0.11531073987428281,0.08512751543895358,0.11913278816155147,linoleum,0.6813006530454766,0.11260174664267827,0.08210361569762736,0.12399398461421776
linoleum,square,0,0.0,0.6452353616532722,1.0520474550325298,linoleum,0.6710506828495245,0.12182774164715149,0.09163916896341756,0.1154824065399064,linoleum,0.6761756679475006,0.11721474414491488,0.08687139233052246,0.11973819557706208
linoleum,square,0,0.0,0.9885189437428245,1.011863758132415,linoleum,0.6643724631240246,0.1260249658730247,0.09580164038249862,0.11380093062045207,linoleum,0.6702740655357626,0.1216198550089698,0.09133651635651055,0.11676956309875708
linoleum,square,0,0.0,1.13203214695752,1.0346983033550197,linoleum,0.6683084464626287,0.12358034527046946,0.09337866207936536,0.11473254618753655,linoleum,0.6692912559991956,0.1226001001397196,0.09235758921793795,0.11575105464314678
linoleum,square,0,0.0,0.8794489092996556,1.0108432197984436,linoleum,0.6641877783574562,0.12613794595418357,0.09591356313204594,0.1137607125563142,linoleum,0.6667395171783259,0.12436902304695158,0.09413557617499194,0.11475588359973049
linoleum,square,0,0.0,0.9253731343283582,0.9940043372879194,linoleum,0.6610307501996574,0.12804891310322347,0.09780631095890634,0.11311402573821273,linoleum,0.6638851336889917,0.12620896807508752,0.09597094356694913,0.1139349546689716
linoleum,square,0,0.0,2.892078071182549,1.1814006888633757,linoleum,0.6850477287912081,0.11141509930803609,0.08116128358216859,0.12237588831858716,linoleum,0.6744664312400999,0.1188120336915618,0.08856611357455886,0.11815542149377939
linoleum,square,0,0.0,2.7198622273249136,1.3634392141854828,linoleum,0.6867765305869639,0.10373344667304289,0.07258563993672795,0.13690438280326517,linoleum,0.6806214809135319,0.11127274018230238,0.08057587675564341,0.1275299021485223
linoleum,square,0,0.0,1.4041331802525832,1.3982650848322489,linoleum,0.6848171238730075,0.10308887053118648,0.07162862912547481,0.14046537647033117,linoleum,0.6827193023932697,0.10718080535674443,0.07610225294055911,0.13399763930942674
linoleum,square,0,0.0,1.3949483352468428,1.442403367776502,linoleum,0.6812841874225974,0.10262811870076748,0.07069668991102539,0.14539100396560967,linoleum,0.6820017449079336,0.10490446202875595,0.07339947142579226,0.13969432163751822
linoleum,square,0,0.0,1.3754305396096442,1.52353616532721,linoleum,0.6717014550308205,0.10279291517802648,0.06975959231011705,0.1557460374810361,linoleum,0.676851599969377,0.10384868860339122,0.07157953186795465,0.14772017955927716
linoleum,square,0,0.0,1.2870264064293917,1.556703661181273,linoleum,0.6666144040121542,0.10323084920224877,0.06965315106690245,0.16050159571869452,linoleum,0.6717330019907657,0.10353976890281999,0.07061634146742855,0.15411088763898584
linoleum,square,0,0.0,1.3157290470723306,1.5771144278606966,linoleum,0.6631408612356718,0.10360621098657531,0.06966497519506215,0.16358795258269074,linoleum,0.6674369316132187,0.10357298994469766,0.07014065833124536,0.1588494201108383
linoleum,square,0,0.0,1.2479908151549943,1.61806352851129,linoleum,0.6553730358919877,0.1046017421781682,0.06986328749722422,0.1701619344326199,linoleum,0.6614049837526031,0.1040873660614329,0.07000197291423478,0.16450567727172907
linoleum,square,0,0.0,0.6119402985074626,1.5832376578645235,linoleum,0.6620473994986167,0.10373450981157413,0.069679878519462,0.16453821217034711,linoleum,0.66172619162561,0.10391093793650354,0.0698409257168484,0.16452194472103812
linoleum,square,0,0.0,1.291618828932262,1.405408853170047,linoleum,0.6843250073206926,0.10298751108055887,0.07145682484359771,0.14123065675515076,linoleum,0.6730255994731513,0.1034492245085312,0.07064887528022305,0.15287630073809444
linoleum,square,0,0.0,1.2468427095292764,1.241740017859421,linoleum,0.6878750748314124,0.10802827903021676,0.07760211461632366,0.12649453152204707,linoleum,0.6804503371522819,0.10573875176937397,0.07412549494827336,0.13968541613007074
linoleum,square,0,0.0,1.1515499425947189,1.2136752136752138,linoleum,0.6868434307428766,0.1094944804925454,0.07916202906157442,0.12450005970300364,linoleum,0.6836468839475793,0.1076166161309597,0.07664376200492391,0.13209273791653722
linoleum,square,0,0.0,1.2032146957520091,1.1923714759535655,linoleum,0.6857318713691187,0.11073357577182455,0.08045636291089212,0.12307818994816465,linoleum,0.684689377658349,0.10917509595139213,0.07855006245790802,0.12758546393235093
linoleum,square,0,0.0,1.107921928817451,1.1626482969766552,linoleum,0.6837007347611695,0.11264975387261512,0.0824284094136635,0.1212211019525518,linoleum,0.6841950562097593,0.11091242491200362,0.08048923593578576,0.12440328294245137
linoleum,square,0,0.0,0.894374282433984,1.1190202831993876,linoleum,0.679686206351638,0.11587283831990021,0.0856935336177445,0.11874742171071712,linoleum,0.6819406312806987,0.11339263161595194,0.08309138477676514,0.12157535232658426
linoleum,square,0,0.0,0.7003444316877152,1.0506442148233193,linoleum,0.6708367612982459,0.1219661895242331,0.09177668530392906,0.11542036387359188,linoleum,0.6763886962894724,0.11767941057009253,0.08743403504034712,0.11849785810008807
linoleum,square,0,0.0,1.0459242250287029,1.0281923714759538,linoleum,0.6672251135743285,0.12426073018486543,0.09405332326006421,0.1144608329807419,linoleum,0.6718069049319004,0.12097007037747898,0.09074367915020567,0.11647934554041499
linoleum,square,0,0.0,1.0642939150401838,1.0784538844240337,linoleum,0.6748210037446216,0.11932891124300196,0.0891528777332551,0.11669720727912121,linoleum,0.673313954338261,0.12014949081024047,0.0899482784417304,0.1165882764097681
linoleum,square,0,0.0,0.8541905855338691,1.0298507462686568,linoleum,0.6675041244744372,0.12408608770893995,0.09388017706970667,0.11452961074691614,linoleum,0.6704090394063491,0.12211778925959021,0.09191422775571853,0.11555894357834212
linoleum,square,0,0.0,0.8381171067738232,0.9844367904069397,linoleum,0.6591440306852564,0.1291744608612288,0.09892105887625205,0.11276044957726276,linoleum,0.6647765350458028,0.1256461250604095,0.09541764331598529,0.11415969657780245
linoleum,square,0,0.0,2.8932261768082665,1.1779563719862227,linoleum,0.6848171688614835,0.11163523960065226,0.08138808778611502,0.1221595037517492,linoleum,0.6747968519536433,0.11864068233053089,0.08840286555105016,0.11815960016477584
linoleum,square,0,0.0,2.5281285878300803,1.325169026661564,linoleum,0.6880883855708246,0.10473499221077787,0.07387358205786426,0.13330304016053338,linoleum,0.6814426187622339,0.11168783727065434,0.08113822380445719,0.12573132016265456
linoleum,square,0,0.0,1.5017221584385765,1.368924607730578,linoleum,0.68651629571308,0.10361522362066924,0.07242155613405313,0.1374469245321976,linoleum,0.683979457237657,0.1076515304456618,0.07677988996925517,0.1315891223474261
linoleum,square,0,0.0,1.4477611940298507,1.430412042352341,linoleum,0.6823603717778571,0.10271439520048954,0.07091955923069371,0.1440056737909596,linoleum,0.683169914507757,0.10518296282307567,0.07384972459997444,0.13779739806919283
linoleum,square,0,0.0,1.3065442020665905,1.497767572394438,linoleum,0.6751822466260133,0.10260038129592605,0.06995154390367442,0.15226582817438614,linoleum,0.6791760805668852,0.10389167205950087,0.07190063425182443,0.14503161312178947
linoleum,square,0,0.0,1.4913892078071185,1.5472636815920398,linoleum,0.6681322322666731,0.10308449215053282,0.06966751146556949,0.15911576411722464,linoleum,0.6736541564167792,0.10348808210501687,0.07078407285869696,0.15207368861950707
linoleum,square,0,0.0,1.5327210103329505,1.5993111366245696,linoleum,0.6590634807393885,0.10410571134293321,0.06974375245096508,0.16708705546671335,linoleum,0.6663588185780838,0.10379689672397505,0.07026391265483102,0.1595803720431102
linoleum,square,0,0.0,1.2502870264064296,1.6433218522770765,linoleum,0.6500427936526636,0.10537701776920304,0.07010026261919036,0.17447992595894304,linoleum,0.6582008061153737,0.10458695724658904,0.0701820876370107,0.16703014900102664
linoleum,square,0,0.0,1.079219288174512,1.6701109835438193,linoleum,0.6439336381921785,0.10633377127541868,0.07044605474531906,0.17928653578708367,linoleum,0.6510672221537761,0.10546036426100386,0.07031407119116488,0.17315834239405514
linoleum,square,0,0.0,1.1928817451205511,1.4811838244674067,linoleum,0.6772062736602076,0.1025452017266912,0.07012654440769867,0.15012198020540263,linoleum,0.6641367479069918,0.10400278299384752,0.07022030779943178,0.16164016129972889
linoleum,square,0,0.0,1.145809414466131,1.3275928052047457,linoleum,0.6880314655703466,0.10466229458007957,0.07378444852672705,0.13352179132284686,linoleum,0.6760841067386691,0.10433253878696355,0.07200237816307942,0.14758097631128786
linoleum,square,0,0.0,1.0149253731343284,1.2735042735042734,linoleum,0.6884563071186869,0.10659017184092845,0.07602715231410999,0.12892636872627483,linoleum,0.682270206928678,0.105461355313946,0.07401476523859471,0.13825367251878135
linoleum,square,0,0.0,1.1010332950631458,1.234978951396862,linoleum,0.6876712216338329,0.10836449602318567,0.07796316920153618,0.12600111314144533,linoleum,0.6849707142812554,0.10691292566856583,0.07598896722006544,0.13212739283011332
linoleum,square,0,0.0,1.0355912743972444,1.2048730705447126,linoleum,0.6864187384189786,0.10999306607455632,0.07968504450464238,0.12390315100182267,linoleum,0.685694726350117,0.10845299587156107,0.07783700586235391,0.128015271915968
linoleum,square,0,0.0,0.5120551090700344,1.0960581706850363,linoleum,0.6770685945292592,0.11777322910850284,0.08759950262131085,0.11755867374092724,linoleum,0.6813816604396881,0.11311311249003195,0.08271825424183238,0.12278697282844762
linoleum,square,0,0.0,0.9150401836969002,1.0274269677254753,linoleum,0.6670956762206984,0.12434161474378838,0.0941335089691494,0.1144292000663638,linoleum,0.6742386683301933,0.11872736361691016,0.08842588160549089,0.11860808644740571
linoleum,square,0,0.0,1.0746268656716418,1.007909172088277,linoleum,0.6636525938187056,0.1264645585487138,0.09623710146993948,0.11364574616264107,linoleum,0.6689456310744495,0.12259596108281198,0.0923314915377152,0.11612691630502339
linoleum,square,0,0.0,1.0677382319173363,1.0066334991708128,linoleum,0.6634179505811303,0.12660739659203216,0.09637858773481164,0.11359606509202597,linoleum,0.6661817908277898,0.12460167883742207,0.09435503963626342,0.11486149069852468
linoleum,square,0,0.0,1.010332950631458,0.9863502997831356,linoleum,0.6595268034119345,0.1289470219632986,0.09869579520905412,0.11283037941571294,linoleum,0.6628542971198621,0.12677435040036034,0.09652541742265877,0.11384593505711882
linoleum,square,0,0.0,0.9437428243398392,0.96389845643577,linoleum,0.6548631019080002,0.1316899006624116,0.10141310435554413,0.11203389307404409,linoleum,0.6588586995139312,0.12923212553138597,0.09896926088910145,0.11293991406558146
linoleum,square,0,0.0,2.526980482204362,1.1319045796657736,linoleum,0.6810013985689805,0.11486892316231809,0.08468174808446255,0.11944793018423892,linoleum,0.6699300490414558,0.12205052434685203,0.091825504486782,0.1161939221249102
linoleum,square,0,0.0,2.711825487944891,1.3108814899859675,linoleum,0.6883518586783487,0.1051893512698937,0.07442028587389515,0.1320385041778624,linoleum,0.6791409538599023,0.11361993780837287,0.08312289518033858,0.1241162131513863
linoleum,square,0,0.0,1.5430539609644085,1.3672662329378746,linoleum,0.6865968793571267,0.10365030248259222,0.07247062993413471,0.13728218822614652,linoleum,0.6828689166085145,0.10863512014548254,0.07779676255723664,0.1306992006887664
linoleum,square,0,0.0,1.0665901262916189,1.4288812348513842,linoleum,0.6824914983498075,0.10272748706594322,0.07094962119703449,0.1438313933872148,linoleum,0.6826802074791609,0.10568130360571287,0.07437319187713556,0.1372652970379906
linoleum,square,0,0.0,1.1331802525832375,1.4531190202831992,linoleum,0.6802488084582963,0.10257535234257556,0.07051630975355591,0.14665952944557223,linoleum,0.6814645079687287,0.10412832797414423,0.07244475081534575,0.14196241324178144
linoleum,square,0,0.0,1.3191733639494834,1.4802908534251815,linoleum,0.6773104805701418,0.1025437641823979,0.07013712431329946,0.15000863093416095,linoleum,0.6793874942694352,0.10333604607827107,0.07129093756432262,0.1459855220879712
linoleum,square,0,0.0,1.2525832376578647,1.5008291873963513,linoleum,0.6747901220014785,0.10261646638729086,0.06992366955034976,0.15266974206088094,linoleum,0.6770888081354568,0.10297625623278094,0.07060730355733617,0.14932763207442604
linoleum,square,0,0.0,0.9024110218140068,1.4888378619721905,linoleum,0.6762930560916957,0.10256395861237064,0.07004072061435147,0.15110226468158228,linoleum,0.6766909321135762,0.10277010742257578,0.07032401208584382,0.15021494837800414
linoleum,square,0,0.0,1.1653272101033294,1.5134583492792446,linoleum,0.6731115810194072,0.10270218917377433,0.0698231708922978,0.1543630589145207,linoleum,0.6749012565664918,0.10273614829817507,0.07007359148907082,0.15228900364626244
linoleum,square,0,0.0,1.0803673938002296,1.3527235616787854,linoleum,0.6872326995145447,0.10398259185969437,0.07292084271258713,0.13586386591317381,linoleum,0.6810669780405182,0.1033593700789347,0.07149721710082896,0.1440764347797181
linoleum,square,0,0.0,1.1285878300803676,1.1768082663605053,linoleum,0.6847386356593304,0.11170927929390805,0.08146427764008213,0.1220878074066794,linoleum,0.6829028068499244,0.10753432468642139,0.07648074737045556,0.13308212109319878
linoleum,square,0,0.0,0.8805970149253731,1.1032019390228345,linoleum,0.677920812090812,0.11716653992549399,0.08699217582075779,0.11792047216293627,linoleum,0.6804118094703682,0.11235043230595769,0.08173646159560667,0.12550129662806753
linoleum,square,0,0.0,0.8656716417910448,1.0808776629672152,linoleum,0.6751429848269813,0.1191095540244384,0.08893414864581413,0.11681331250276601,linoleum,0.6777773971486748,0.11572999316519807,0.08533530512071041,0.12115730456541678
linoleum,square,0,0.0,1.0918484500574053,1.076285240464345,linoleum,0.6745295055174879,0.11952658924873094,0.08934991386885906,0.1165939913649221,linoleum,0.6761534513330814,0.1176282912069645,0.08734260949478473,0.11887564796516945
linoleum,square,0,0.0,0.8989667049368542,1.029595611685164,linoleum,0.6674613276034653,0.12411290173181996,0.09390676250840713,0.11451900815630768,linoleum,0.6718073894682733,0.12087059646939223,0.09062468600159593,0.11669732806073857
linoleum,square,0,0.0,0.9115958668197476,0.9917081260364844,linoleum,0.6605841162848969,0.1283163950536277,0.09807122106643489,0.11302826759504041,linoleum,0.6661957528765852,0.12459349576150996,0.0943479535340154,0.1148627978278895
linoleum,square,0,0.0,0.8656716417910448,0.9876259727005996,linoleum,0.6597804742925156,0.1287960447966436,0.09854626474861787,0.1128772161622228,linoleum,0.6629881135845505,0.1266947702790768,0.09644710914131664,0.11387000699505616
linoleum,square,0,0.0,0.5970149253731344,0.9244801632861336,linoleum,0.6457459287318207,0.13690802488609896,0.10659098021236783,0.11075506616971256,linoleum,0.6543670211581856,0.13180139758258788,0.10151904467684224,0.11231253658238435
linoleum,square,0,0.0,0.4879448909299656,0.858655440744993,linoleum,0.627779048457844,0.1468230366785186,0.11648547201201907,0.10891244285161837,linoleum,0.6410730348080147,0.13931221713055322,0.10900225834443063,0.11061248971700133
linoleum,square,0,0.0,2.8392652123995408,1.048730705447123,linoleum,0.6705428249783794,0.12215591436985326,0.09196510115024586,0.11533615950152142,linoleum,0.655807929893197,0.13073406575020324,0.10048367974733824,0.11297432460926138
linoleum,square,0,0.0,2.746268656716418,1.2560275545350177,linoleum,0.6882131314627351,0.10735275834940622,0.07686921807297502,0.1275648921148836,linoleum,0.6720105306779661,0.11904341204980476,0.08867644891015665,0.12026960836207251
linoleum,square,0,0.0,1.3076923076923077,1.30514096185738,linoleum,0.6884229778411185,0.10538442118597005,0.0746503011922009,0.13154229978071053,linoleum,0.6802167542595424,0.11221391661788742,0.08166337505117878,0.12590595407139155
linoleum,square,0,0.0,1.1572904707233065,1.3124122974869243,linoleum,0.6883295275650273,0.10513854868605019,0.07435995725139369,0.1321719664975288,linoleum,0.6842731409122849,0.1086762326519688,0.07801166615128624,0.12903896028446016
linoleum,square,0,0.0,1.0987370838117108,1.3346090062507971,linoleum,0.6878467319911307,0.104458971430228,0.07353227075375612,0.1341620258248853,linoleum,0.6860599364517077,0.1065676020410984,0.07577196845252118,0.13160049305467272
linoleum,square,0,0.0,1.0757749712973592,1.352851128970532,linoleum,0.6872276751152967,0.10397948371434203,0.07291673731189073,0.13587610385847051,linoleum,0.6866438057835023,0.10527354287772021,0.07434435288220595,0.13373829845657162
linoleum,square,0,0.0,1.0505166475315728,1.3733894629417016,linoleum,0.6862911209711312,0.103523629937685,0.07229172064014447,0.13789352845103936,linoleum,0.6864674633773167,0.10439858640770261,0.07331803676117521,0.1358159134538055
linoleum,square,0,0.0,1.176808266360505,1.4378109452736316,linoleum,0.6817066223232259,0.1026577548622755,0.07077940832170641,0.14485621449279212,linoleum,0.6840870428502713,0.10352817063498908,0.07204872254144083,0.14033606397329884
linoleum,square,0,0.0,1.1791044776119404,1.5146064549049625,linoleum,0.6729541056765582,0.1027115261647447,0.06981518580263422,0.15451918235606282,linoleum,0.6785205742634148,0.10311984839986689,0.07093195417203753,0.14742762316468083
linoleum,square,0,0.0,1.1595866819747418,1.3279755070799846,linoleum,0.6880221543484301,0.10465093163100012,0.07377046980583081,0.133556444214739,linoleum,0.6832713643059225,0.10388539001543351,0.07235121198893417,0.14049203368970992
linoleum,square,0,0.0,0.9070034443168772,1.123612705702258,linoleum,0.6801675634716773,0.11550992041610524,0.08532822097684775,0.11899429513536967,linoleum,0.6817194638887999,0.10969765521576938,0.07883971648289095,0.1297431644125398
linoleum,square,0,0.0,0.8541905855338691,1.0732236254624314,linoleum,0.6741124844824473,0.11980794023373068,0.08963023294568111,0.11644934233814094,linoleum,0.6779159741856235,0.11475279772475003,0.08423497471428604,0.12309625337534037
linoleum,square,0,0.0,0.7175660160734788,1.0243653527235617,linoleum,0.6665737320312687,0.1246669277057342,0.09445597606944428,0.11430336419355272,linoleum,0.6722448531084463,0.11970986271524213,0.08934547539186517,0.11869980878444657
linoleum,square,0,0.0,0.8346727898966706,0.9950248756218908,linoleum,0.6612280055776668,0.1279305669902414,0.09768910272815386,0.11315232470393793,linoleum,0.6667364293430565,0.12382021485274178,0.09351728906000951,0.11592606674419226
linoleum,square,0,0.0,0.9517795637198622,0.9812476081132798,linoleum,0.6585000206261687,0.12955612765810592,0.09929908970575925,0.11264476200996605,linoleum,0.6626182249846126,0.12668817125542386,0.09640818938288438,0.11428541437707915
linoleum,square,0,0.0,0.7830080367393801,0.9515244291363696,linoleum,0.6521299292272084,0.13327194712476143,0.1029814765798412,0.11161664706818901,linoleum,0.6573740771059104,0.12998005919009264,0.0996948329813628,0.11295103072263407
linoleum,square,0,0.0,0.8978185993111366,0.9205255772419952,linoleum,0.6447645979892825,0.1374605828949026,0.10714022887168165,0.1106345902441331,linoleum,0.6510693375475964,0.13372032104249762,0.10341753092652223,0.11179281048338358
linoleum,square,0,0.0,0.6521239954075775,0.8619721903303993,linoleum,0.628768837619799,0.14628615898895544,0.11594733042617707,0.1089976729650685,linoleum,0.6399190875836978,0.14000324001572653,0.10968243067634964,0.11039524172422605
linoleum,square,0,0.0,0.6061997703788748,0.8004847557086363,linoleum,0.6089147990024838,0.15690761204530057,0.1266538482265976,0.10752374072561813,linoleum,0.6244169432930908,0.14845542603051354,0.11816813945147361,0.10895949122492209
linoleum,hourglass,30,0.5235987755982988,3.6590126291618823,3.6590126291618823,cell_carpet,0.0836650263626654,0.20265037473959846,0.08247509952311302,0.6312094993746231,cell_carpet,0.0836650263626654,0.20265037473959846,0.08247509952311302,0.6312094993746231
linoleum,hourglass,30,0.5235987755982988,3.504018369690012,3.5815154994259477,cell_carpet,0.11561351371469855,0.1943901602942511,0.07907770280466112,0.6109186231863893,cell_carpet,0.09963927003868198,0.19852026751692478,0.08077640116388707,0.6210640612805063
linoleum,hourglass,30,0.5235987755982988,2.318025258323766,3.16035208572522,linoleum,0.4244667959179103,0.13021723716274058,0.05388856440388274,0.3914274025154664,cell_carpet,0.26205303297829613,0.16436875233983267,0.0673324827838849,0.5062457318979864
linoleum,hourglass,30,0.5235987755982988,2.265212399540758,2.936567164179104,linoleum,0.6115035602702905,0.09300589940638658,0.03937537254775429,0.2561151677755686,linoleum,0.43677829662429335,0.12868732587310963,0.053353927665819596,0.38118044983677746
linoleum,hourglass,30,0.5235987755982988,2.7841561423650973,2.906084959816303,linoleum,0.6336441842182197,0.08856129475077552,0.03763808783267281,0.24015643319833202,linoleum,0.5352112404212565,0.10862431031194256,0.0454960077492462,0.3106684415175547
linoleum,hourglass,30,0.5235987755982988,2.3903559127439724,2.820130118637581,linoleum,0.6903477960079167,0.07711759402600157,0.0331638205516072,0.19937078941447453,linoleum,0.6127795182145865,0.09287095216897207,0.0393299141504267,0.2550196154660146
linoleum,hourglass,30,0.5235987755982988,2.983926521239954,2.8435296047236345,linoleum,0.6757673048482435,0.08006909979106781,0.03431773501204154,0.2098458603486471,linoleum,0.644273411531415,0.08647002598001993,0.03682382458123412,0.23243273790733085
linoleum,hourglass,30,0.5235987755982988,2.578645235361653,2.810419058553387,linoleum,0.6962096696981906,0.07592915304705207,0.032699268363952434,0.19516190889080476,linoleum,0.6702415406148029,0.08119958951353602,0.03476154647259328,0.21379732339906787
linoleum,hourglass,30,0.5235987755982988,2.630309988518944,2.790406939660671,linoleum,0.7079407027945863,0.07354758669685077,0.031768548078972295,0.18674316242959071,linoleum,0.6890911217046946,0.07737358810519339,0.033265047275782784,0.20027024291432924
linoleum,hourglass,30,0.5235987755982988,2.322617680826636,2.6419186120678657,linoleum,0.7808986562172412,0.05864272998563319,0.025962405939231218,0.13449620785789437,linoleum,0.7349948889609679,0.0680081590454133,0.029613726607507003,0.1673832253861118
linoleum,hourglass,30,0.5235987755982988,1.811710677382319,2.453884424033677,linoleum,0.8427736663630909,0.04595941126032768,0.021123116063220863,0.09014380631336044,linoleum,0.7888842776620295,0.056983785152870496,0.025368421335363937,0.12876351584973614
linoleum,hourglass,30,0.5235987755982988,2.525832376578645,2.476974103839776,linoleum,0.836698649264455,0.04719649075910736,0.021584099471056405,0.09452076050538114,linoleum,0.8127914634632423,0.05209013795598893,0.023476260403210172,0.11164213817755864
linoleum,hourglass,30,0.5235987755982988,3.1997703788748564,2.580813879321342,linoleum,0.8043235741042863,0.05383191705132358,0.024105701337849488,0.11773880750654059,linoleum,0.8085575187837641,0.052961027503656236,0.023790980870529825,0.11469047284204958
linoleum,hourglass,30,0.5235987755982988,3.5396096440872564,2.6647531572904706,linoleum,0.7712156810525822,0.06062915324905203,0.026732809055921226,0.14142235664244465,linoleum,0.7898865999181732,0.056795090376354135,0.025261894963225527,0.1280564147422471
linoleum,hourglass,30,0.5235987755982988,4.030998851894374,2.847046817196071,linoleum,0.6735199748480084,0.08052345408752687,0.034495384251618647,0.2114611868128461,linoleum,0.7317032873830909,0.0686592722319405,0.029878639607422087,0.1697588007775466
linoleum,hourglass,30,0.5235987755982988,2.7921928817451205,2.8257430794744227,linoleum,0.6869090639526789,0.07781427322873302,0.03343617168632366,0.20184049113226427,linoleum,0.7093061756678849,0.07323677273033677,0.031657405646872874,0.18579964595490545
linoleum,hourglass,30,0.5235987755982988,2.0172215843857635,2.763362673810435,linoleum,0.7230534255024502,0.07047312877669054,0.03056767040556222,0.175905775315297,linoleum,0.7161798005851676,0.07185495075351366,0.031112538026217548,0.18085271063510122
linoleum,hourglass,30,0.5235987755982988,2.621125143513204,2.762342135476464,linoleum,0.7236072013543953,0.07036033514247643,0.030523631071482565,0.1755088324316456,linoleum,0.7198935009697816,0.07110764294799506,0.03081808454885006,0.17818077153337344
linoleum,hourglass,30,0.5235987755982988,1.656716417910448,2.688353106263554,linoleum,0.7606462916783328,0.06279501256205253,0.027574522761955347,0.1489841729976594,linoleum,0.7402698963240572,0.0669513277550238,0.029196303655402704,0.16358247226551642
linoleum,hourglass,30,0.5235987755982988,2.577497129735936,2.7734404898584004,linoleum,0.7175206343354436,0.07159952527864616,0.031007537447347567,0.17987230293856268,linoleum,0.7288952653297504,0.06927542651683498,0.030101920551375137,0.17172738760203954
linoleum,hourglass,30,0.5235987755982988,2.5315729047072333,2.7740783263171327,linoleum,0.7171665204141554,0.0716715850353475,0.03103568172915689,0.18012621282134023,linoleum,0.7230308928719529,0.07047350577609124,0.030568801140266014,0.17592680021168988
linoleum,hourglass,30,0.5235987755982988,2.1859931113662454,2.6614364077050645,linoleum,0.7726549005877457,0.060334026199476753,0.026618243755847693,0.14039282945692988,linoleum,0.7478428967298494,0.06540376598778401,0.028593522448056855,0.1581598148343099
linoleum,hourglass,30,0.5235987755982988,2.4374282433983927,2.538971807628524,linoleum,0.818422195009804,0.05093722951266743,0.022997920700635686,0.10764265477689298,linoleum,0.7831325458698266,0.058170497750225716,0.025795721574346273,0.13290123480560145
linoleum,hourglass,30,0.5235987755982988,2.9402985074626864,2.4177828804694474,linoleum,0.8515416872575815,0.04418376580069241,0.020469842617700396,0.08380470432402565,linoleum,0.8173371165637041,0.051177131775459066,0.023132782096023336,0.10835296956481356
linoleum,hourglass,30,0.5235987755982988,3.6211251435132032,2.5098864651103456,linoleum,0.8273667630754091,0.049103881897997616,0.022301880219982816,0.10122747480661044,linoleum,0.8223519398195565,0.05014050683672833,0.022717331158003073,0.10479022218571198
linoleum,hourglass,30,0.5235987755982988,3.2468427095292767,2.6465110345707363,linoleum,0.7789933091939661,0.059033749744701665,0.02611391868178664,0.1358590223795456,linoleum,0.8006726245067612,0.05458712829071499,0.02441562491989486,0.1203246222826288
linoleum,hourglass,30,0.5235987755982988,2.7921928817451205,2.6655185610409493,linoleum,0.7708819538767706,0.0606975808918506,0.026759376774297187,0.14166108845708164,linoleum,0.7857772891917659,0.05764235459128279,0.025587500847096024,0.13099285536985522
linoleum,hourglass,30,0.5235987755982988,2.7600459242250293,2.788110728409236,linoleum,0.7092568027945585,0.07328013104890001,0.031664048456514736,0.18579901770002671,linoleum,0.7475170459931623,0.06546124282009141,0.028625774651805384,0.158395936534941
linoleum,hourglass,30,0.5235987755982988,2.9804822043628016,2.8328868478122207,linoleum,0.6824788521039338,0.07871129190358349,0.0337868626283487,0.2050229933641339,linoleum,0.7149979490485481,0.07208626736183746,0.031206318640077044,0.18170946494953744
linoleum,hourglass,30,0.5235987755982988,3.166475315729047,2.903431560147978,linoleum,0.6355224576141902,0.08818366754053752,0.03749045856412391,0.2388034162811483,linoleum,0.6752602033313692,0.08013496745118749,0.034348388602100474,0.21025644061534288
linoleum,hourglass,30,0.5235987755982988,2.501722158438576,2.938512565378237,linoleum,0.6100559818507383,0.09329607270346506,0.0394887728911242,0.2571591725546723,linoleum,0.6426580925910538,0.08671552007732629,0.03691858074661234,0.23370780658500762
linoleum,hourglass,30,0.5235987755982988,2.3260619977037886,2.9261385380788365,linoleum,0.6191936487969497,0.09146354187229461,0.03877256938783927,0.2505702399429164,linoleum,0.6309258706940017,0.08908953097481045,0.0378455750672258,0.242139023263962
linoleum,hourglass,30,0.5235987755982988,2.027554535017221,2.824722541140451,linoleum,0.6875370462719926,0.07768707248042685,0.033386444212776166,0.2013894370348045,linoleum,0.6592314584829971,0.08338830172761864,0.03561600964000098,0.22176423014938318
linoleum,hourglass,30,0.5235987755982988,3.060849598163031,2.76246970276821,linoleum,0.723538044641191,0.07037442157758894,0.03052913092368926,0.1755584028575308,linoleum,0.6913847515620941,0.07688136165260379,0.03307257028184512,0.19866131650345698
linoleum,hourglass,30,0.5235987755982988,2.3501722158438576,2.662839647914274,linoleum,0.7720473728590309,0.06045861173066472,0.026666602438341545,0.14082741297196288,linoleum,0.7317160622105625,0.06866998669163425,0.029869586360093334,0.16974436473770993
linoleum,hourglass,30,0.5235987755982988,2.584385763490241,2.639749968108177,linoleum,0.7817911357769725,0.05845955122702909,0.025891453036969544,0.1338578599590289,linoleum,0.7567535989937675,0.06356476895933166,0.02788051969853144,0.1518011123483694
linoleum,hourglass,30,0.5235987755982988,2.483352468427095,2.6090062507972958,linoleum,0.7939518404657712,0.0559624805084308,0.024926068929756705,0.12515961009604126,linoleum,0.7753527197297694,0.059763624733881235,0.026403294314144073,0.13848036122220533
linoleum,hourglass,30,0.5235987755982988,2.233065442020666,2.525959943870392,linoleum,0.8225073606141887,0.050099447328175215,0.022679214907639782,0.10471397714999627,linoleum,0.798930040171979,0.054931536031028225,0.024541254610891926,0.1215971691861008
linoleum,hourglass,30,0.5235987755982988,2.78300803673938,2.483352468427095,linoleum,0.8349531670934838,0.047552695608000926,0.021717556827100186,0.0957765804714153,linoleum,0.8169416036327314,0.05124211581951457,0.023129405718996056,0.10868687482875805
linoleum,hourglass,30,0.5235987755982988,2.819747416762342,2.518688608240847,linoleum,0.824730912428834,0.04964374569582428,0.022506296563321374,0.10311904531202036,linoleum,0.8208362580307826,0.050442930757669424,0.022817851141158717,0.10590296007038921
linoleum,hourglass,30,0.5235987755982988,2.1699196326062,2.501339456563337,linoleum,0.8298686805773796,0.04859184185260279,0.02210847345777679,0.09943100411224068,linoleum,0.8253524693040811,0.04951738630513611,0.02246316229946775,0.10266698209131495
linoleum,hourglass,30,0.5235987755982988,2.2112514351320325,2.52175022324276,linoleum,0.823799805685338,0.04983454042952482,0.022578654965910303,0.10378699891922695,linoleum,0.8245761374947096,0.04967596336733046,0.022520908632689025,0.10322699050527095
linoleum,hourglass,30,0.5235987755982988,1.8874856486796785,2.391376451077944,linoleum,0.8574244323228914,0.043001701530170515,0.02004220425872998,0.079531661888208,linoleum,0.8410002849088005,0.04633883244875049,0.021281556445709504,0.09137932619673947
linoleum,hourglass,30,0.5235987755982988,2.4087256027554536,2.3978823829570097,linoleum,0.8560150152003618,0.04328406317719725,0.020143721465346143,0.08055720015709474,linoleum,0.8485076500545813,0.04481144781297388,0.020712638955527825,0.08596826317691712
linoleum,hourglass,30,0.5235987755982988,2.125143513203215,2.346855466258452,linoleum,0.8664032758558055,0.04121916553907934,0.019412999502118736,0.07296455910299646,linoleum,0.8574554629551934,0.04301530667602661,0.020062819228823282,0.07946641113995678
linoleum,hourglass,30,0.5235987755982988,4.329506314580941,2.5519836713866564,linoleum,0.8141977584968239,0.05180416192683497,0.02332870362477619,0.11066937595156492,linoleum,0.8358266107260086,0.04740973430143079,0.021695761426799735,0.09506789354576085
linoleum,hourglass,30,0.5235987755982988,2.8461538461538463,2.620104605179232,linoleum,0.7896665171184154,0.056842626385315155,0.02526591875945214,0.12822493773681734,linoleum,0.812746563922212,0.05212618034337298,0.023480840093125937,0.1116464156412891
linoleum,hourglass,30,0.5235987755982988,2.9115958668197472,2.634392141854829,linoleum,0.7839762253586852,0.05801101237846404,0.02571778623169525,0.13229497603115545,linoleum,0.7983613946404486,0.05506859636091851,0.024599313162410593,0.12197069583622228
linoleum,hourglass,30,0.5235987755982988,3.1228473019517797,2.6680699068758766,linoleum,0.769765183694471,0.06092654575403419,0.0268482875287681,0.1424599830227269,linoleum,0.7840632891674598,0.05799757105747635,0.025723800345589347,0.13221533942947458
linoleum,hourglass,30,0.5235987755982988,2.535017221584386,2.708636305651231,linoleum,0.7510915833857231,0.06475043696109747,0.028335662333454883,0.15582231731972454,linoleum,0.7675774362765915,0.061374004009286914,0.027029731339522113,0.14401882837459956
linoleum,hourglass,30,0.5235987755982988,2.587830080367394,2.750478377344049,linoleum,0.7299575368834659,0.06906620750155498,0.030018459512122023,0.1709577961028572,linoleum,0.7487674865800287,0.06522010575542095,0.028524095425822068,0.1574883122387284
linoleum,hourglass,30,0.5235987755982988,2.895522388059702,2.862482459497385,linoleum,0.6634855734058526,0.08255034503052755,0.03528790644223776,0.21867617512138207,linoleum,0.7061265299929407,0.07388522539297425,0.03190600093402991,0.18808224368005522
linoleum,hourglass,30,0.5235987755982988,2.6222732491389205,2.8862099757622146,linoleum,0.6475183240433096,0.08576967753063879,0.03654666915536696,0.2301653292706847,linoleum,0.6768224270181251,0.07982745146180652,0.034226335044698436,0.20912378647536994
linoleum,hourglass,30,0.5235987755982988,1.5981630309988517,2.827656588850618,linoleum,0.6857282921747989,0.07805341145415734,0.03352966098728525,0.20268863538375853,linoleum,0.681275359596462,0.07894043145798194,0.03387799801599184,0.20590621092956424
linoleum,hourglass,30,0.5235987755982988,3.065442020665901,2.6872050006378365,linoleum,0.761173981625883,0.0626869458405986,0.02753248895867834,0.14860658357484008,linoleum,0.7212246706111725,0.07081368864929027,0.03070524348733509,0.17725639725220216
linoleum,hourglass,30,0.5235987755982988,3.052812858783008,2.7101671131521874,linoleum,0.7503524647016111,0.06490159548027084,0.028394540111528935,0.15635139970658915,linoleum,0.7357885676563918,0.06785764206478057,0.029549891799432012,0.16680389847939564
linoleum,hourglass,30,0.5235987755982988,2.7611940298507465,2.69345579793341,linoleum,0.7582840769192585,0.06327868511533008,0.027762694468252715,0.15067454349715856,linoleum,0.7470363222878252,0.06556816359005534,0.028656293133842367,0.1587392209882771
linoleum,hourglass,30,0.5235987755982988,2.9138920780711826,2.670238550835566,linoleum,0.7688106577666038,0.061122223785759475,0.026924287845821675,0.14314283060181504,linoleum,0.7579234900272145,0.0633451936879074,0.02779029048983202,0.1509410257950461
linoleum,hourglass,30,0.5235987755982988,1.9552238805970148,2.605817068503636,linoleum,0.795161802873,0.05571394457850975,0.024830194770427645,0.12429405777806268,linoleum,0.7765426464501073,0.059529569133208574,0.026310242630129835,0.1376175417865544
linoleum,hourglass,30,0.5235987755982988,2.592422502870264,2.606327337670621,linoleum,0.7949688473538511,0.0557535797904517,0.024845481415120777,0.12443209144057653,linoleum,0.7857557469019791,0.05764157446183014,0.025577862022625304,0.13102481661356546
linoleum,hourglass,30,0.5235987755982988,2.295063145809414,2.539609644087256,linoleum,0.8182183901358119,0.05097904179137925,0.023013852328983782,0.10778871574382518,linoleum,0.8019870685188956,0.0543103081266047,0.024295857175804545,0.11940676617869533
linoleum,hourglass,30,0.5235987755982988,2.525832376578645,2.5288939915805586,linoleum,0.8215981726978163,0.05028584496053243,0.02275003624043807,0.10536594610121314,linoleum,0.8117926206083559,0.052298076543568564,0.023522946708121308,0.11238635613995424
linoleum,hourglass,30,0.5235987755982988,2.338691159586682,2.611174894756984,linoleum,0.7931236237777347,0.05613259705178286,0.02499171661777526,0.12575206255270727,linoleum,0.8024581221930451,0.0542153367976757,0.024257331662948276,0.11906920934633072
linoleum,hourglass,30,0.5235987755982988,3.207807118254879,2.626993238933537,linoleum,0.786947617898254,0.057400950702535446,0.025481751501357244,0.1301696798978534,linoleum,0.7947028700456497,0.05580814375010558,0.024869541582152762,0.12461944462209208
linoleum,hourglass,30,0.5235987755982988,3.1090700344431683,2.6332440362291107,linoleum,0.7844407972584316,0.05791563881449626,0.025680872617674183,0.13196269130939792,linoleum,0.7895718336520406,0.056861891282300916,0.025275207099913474,0.128291067965745
linoleum,hourglass,30,0.5235987755982988,2.923076923076924,2.651231024365353,linoleum,0.7770131176436688,0.05944005775424453,0.02627143050536992,0.13727539409671677,linoleum,0.7832924756478548,0.058150974518272724,0.0257733188026417,0.13278323103123088
linoleum,hourglass,30,0.5235987755982988,2.7853042479908154,2.636943487689756,linoleum,0.7829392235149203,0.058223889964927056,0.02580019606097079,0.13303669045918182,linoleum,0.7831158495813876,0.0581874322415999,0.025786757431806247,0.13290996074520636
linoleum,hourglass,30,0.5235987755982988,2.737083811710678,2.723816813369052,linoleum,0.743648657656681,0.06627187894903475,0.028928507092028724,0.16115095630225562,linoleum,0.7633822536190342,0.06222965559531732,0.027357632261917487,0.14703045852373098
linoleum,hourglass,30,0.5235987755982988,2.6946039035591274,2.7351703023344816,linoleum,0.7379157996680317,0.06744263817511245,0.029385015494101854,0.1652565466627541,linoleum,0.750649026643533,0.06483614688521488,0.02837132387800967,0.15614350259324256
linoleum,hourglass,30,0.5235987755982988,3.1745120551090698,2.832886847812221,linoleum,0.6824788521039336,0.07871129190358354,0.03378686262834874,0.20502299336413413,linoleum,0.7165639393737332,0.07177371939439921,0.0310790932531792,0.18058324797868833
linoleum,hourglass,30,0.5235987755982988,2.6039035591274398,2.841561423650976,linoleum,0.6770185286983631,0.07981606818359761,0.03421880277479691,0.20894660034324244,linoleum,0.6967912340360481,0.07579489378899841,0.03264894801398805,0.19476492416096539
linoleum,hourglass,30,0.5235987755982988,2.879448909299656,2.901645618063528,linoleum,0.6367821916486255,0.08793034576650896,0.03739142340407774,0.23789603918078794,linoleum,0.6667867128423368,0.08186261977775369,0.0350201857090329,0.21633048167087665
linoleum,hourglass,30,0.5235987755982988,2.6521239954075777,2.8399030488582726,linoleum,0.6780692622890959,0.07960354500658422,0.03413570964339755,0.20819148306092228,linoleum,0.6724279875657164,0.08073308239216895,0.03457794767621522,0.21226098236589946
linoleum,hourglass,30,0.5235987755982988,1.788748564867968,2.6932006633499173,linoleum,0.7584028456941866,0.063254370311315,0.02775323325967311,0.15058955073482538,linoleum,0.7154154166299515,0.07199372635174196,0.03116559046794416,0.1814252665503624
linoleum,hourglass,30,0.5235987755982988,2.7129735935706085,2.6698558489603266,linoleum,0.7689794562304966,0.06108762161171672,0.02691084752823746,0.14302207462954916,linoleum,0.7421974364302241,0.06654067398172936,0.029038218998090812,0.16222367058995582
linoleum,hourglass,30,0.5235987755982988,2.4684270952927667,2.634647276438321,linoleum,0.7838728121406239,0.05803224198414579,0.025726003642433846,0.13236894223279647,linoleum,0.763035124285424,0.062286457982937575,0.02738211132026233,0.14729630641137614
linoleum,hourglass,30,0.5235987755982988,2.747416762342136,2.6357953820640385,linoleum,0.783406663990609,0.058127935050070606,0.025763046786628933,0.13270235417269152,linoleum,0.7732208941380165,0.060207196516504094,0.026572579053445632,0.13999933029203382
linoleum,hourglass,30,0.5235987755982988,2.1469575200918487,2.574945783901008,linoleum,0.8063921200048538,0.05340702262138188,0.023942548976864503,0.11625830839689974,linoleum,0.7898065070714352,0.056807109568942984,0.025257564015155068,0.1281288193444668
linoleum,hourglass,30,0.5235987755982988,2.526980482204363,2.50299783135604,linoleum,0.8293876188843724,0.04869026298059551,0.02214561122354043,0.0997765069114915,linoleum,0.8095970629779039,0.05274868627476926,0.023701587619347753,0.11395266312797915
linoleum,hourglass,30,0.5235987755982988,2.7566016073478763,2.519964281158311,linoleum,0.8243438536739848,0.04972305327985211,0.022536366688075626,0.10339672635808744,linoleum,0.8169704583259444,0.05123586977731069,0.02311897715371169,0.1086746947430333
linoleum,hourglass,30,0.5235987755982988,2.579793340987371,2.486669218012502,linoleum,0.834033734932924,0.04774044356142311,0.021788016310867023,0.09643780519478576,linoleum,0.8255020966294342,0.0494881566693669,0.022453496732289357,0.10255624996890952
linoleum,hourglass,30,0.5235987755982988,2.8553386911595866,2.509248628651614,linoleum,0.8275554180325576,0.04906525788283148,0.022287274644149733,0.10109204944046114,linoleum,0.8265287573309958,0.04927670727609919,0.022370385688219543,0.10182414970468534
linoleum,hourglass,30,0.5235987755982988,2.8427095292766933,2.6263554024748057,linoleum,0.7872012862850029,0.05734886393175768,0.025461608528274268,0.12998824125496508,linoleum,0.8068650218079996,0.05331278560392845,0.023915997108246913,0.11590619547982524
linoleum,hourglass,30,0.5235987755982988,2.4270952927669343,2.594591146829953,linoleum,0.7993458051438959,0.05485446491157138,0.024498988145529286,0.12130074179900352,linoleum,0.8031054134759477,0.054083625257749915,0.0242074926268881,0.11860346863941437
linoleum,hourglass,30,0.5235987755982988,2.7841561423650973,2.629672152060212,linoleum,0.785877912525688,0.057620588203841326,0.025566706423940253,0.13093479284653053,linoleum,0.7944916630008179,0.05585210673079562,0.024887099525414177,0.12476913074297245
linoleum,hourglass,30,0.5235987755982988,2.17451205510907,2.56601607347876,linoleum,0.8094817786312682,0.052772460392130266,0.023699209194401657,0.1140465517821999,linoleum,0.801986720816043,0.05431228356146294,0.024293154359907917,0.11940784126258618
linoleum,hourglass,30,0.5235987755982988,1.8300803673938,2.5308075009567546,linoleum,0.8210014872637713,0.05040819382007755,0.02279655027312066,0.10579376864303044,linoleum,0.8114941040399072,0.05236023869077025,0.02354485231651429,0.1126008049528083
linoleum,hourglass,30,0.5235987755982988,2.779563719862228,2.558872305140962,linoleum,0.8119036840164314,0.05227513572437947,0.023508785665555892,0.11231239459363332,linoleum,0.8116988940281693,0.05231768720757486,0.023526818991035092,0.11245659977322081
linoleum,square,90,1.5707963267948966,0.8610792192881745,0.8610792192881745,linoleum,0.25000415276246735,0.24999929648890443,0.24999860822225864,0.24999794252636948,linoleum,0.25000415276246735,0.24999929648890443,0.24999860822225864,0.24999794252636948
linoleum,square,90,1.5707963267948966,5.500574052812859,3.180826636050517,linoleum,0.9831734952276039,0.005640705493808063,0.005582370858473872,0.005603428420114208,linoleum,0.6165888239950357,0.12782000099135624,0.12779048954036626,0.12780068547324183
linoleum,square,90,1.5707963267948966,4.292766934557979,3.5514734022196706,linoleum,0.9929472146206375,0.0023727662190865203,0.0023046802392578804,0.0023753389210180494,linoleum,0.8047680193078366,0.06509638360522138,0.06504758488981206,0.06508801219712994
linoleum,square,90,1.5707963267948966,4.056257175660161,3.677669345579793,linoleum,0.9941625209165168,0.0019615543627702525,0.001883403234908462,0.0019925214858045573,linoleum,0.8994652701121767,0.033528968983995815,0.03346549406236026,0.03354026684146725
linoleum,square,90,1.5707963267948966,3.757749712973594,3.6936854190585535,linoleum,0.9942772151323471,0.0019222873756400418,0.001842505457244916,0.001957992034768148,linoleum,0.9468712426222616,0.017725628179817925,0.017653999759802586,0.017749129438117694
linoleum,square,90,1.5707963267948966,3.8748564867967854,3.723880597014925,linoleum,0.9944728782508642,0.0018548960794421284,0.0017717855382520177,0.0019004401314416644,linoleum,0.970672060436563,0.009790262129630028,0.009712892649027303,0.00982478478477968
linoleum,square,90,1.5707963267948966,4.3111366245694605,3.8077743152370016,linoleum,0.9948886786094824,0.0017083565097167155,0.0016140020605677425,0.001788962820233036,linoleum,0.9827803695230228,0.005749309319673373,0.005663447354797524,0.005806873802506359
linoleum,square,90,1.5707963267948966,4.577497129735936,3.903989667049369,linoleum,0.9951610511090543,0.0016033608054844923,0.0014915560367040536,0.001744032048756967,linoleum,0.9889707103160387,0.003676335062578933,0.0035775016957507893,0.0037754529256316632
linoleum,square,90,1.5707963267948966,4.2560275545350175,3.943104987881108,linoleum,0.9952141128475297,0.0015776168521969781,0.0014569373672902422,0.0017513329329831523,linoleum,0.9920924115817842,0.0026269759573879555,0.0025172195315205158,0.002763392929307408
linoleum,square,90,1.5707963267948966,3.890929965556832,4.279755070799848,linoleum,0.9940988727441588,0.0017401454558864122,0.0014622222172907976,0.002698759582664049,linoleum,0.9930956421629715,0.002183560706637184,0.0019897208744056568,0.0027310762559857285
linoleum,square,90,1.5707963267948966,4.318025258323766,4.14836076030106,linoleum,0.9949251776101348,0.001590745985453679,0.0013974743168944958,0.0020866020875169883,linoleum,0.9940104098865532,0.0018871533460454314,0.0016935975956500764,0.0024088391717513582
linoleum,square,90,1.5707963267948966,3.758897818599311,4.089041969638985,linoleum,0.9951147087205517,0.0015612720495350406,0.0013946234730456788,0.0019293957568675062,linoleum,0.9945625593035525,0.0017242126977902359,0.0015441105343478776,0.002169117464309432
linoleum,square,90,1.5707963267948966,4.196326061997704,4.104605179232045,linoleum,0.9950742242348328,0.0015669168843574527,0.0013938252978955596,0.0019650335829141962,linoleum,0.9948183917691926,0.0016455647910738444,0.0014689679161217187,0.0020670755236118143
linoleum,square,90,1.5707963267948966,3.8932261768082665,4.11965811965812,linoleum,0.9950289626819281,0.0015737748734585607,0.0013940989543146356,0.002003163490298664,linoleum,0.9949236772255604,0.0016096698322662028,0.0014315334352181773,0.0020351195069552397
linoleum,square,90,1.5707963267948966,3.848450057405281,4.116724071947953,linoleum,0.9950382663765315,0.0015723292512646292,0.0013939649412074745,0.0019954394309963765,linoleum,0.9949809718010459,0.001590999541765416,0.001412749188212826,0.002015279468975808
linoleum,square,90,1.5707963267948966,4.177956371986222,4.10192626610537,linoleum,0.9950816436801335,0.0015658411182150685,0.0013938843560473136,0.0019586308456041143,linoleum,0.9950313077405897,0.0015784203299902422,0.0014033167721300699,0.001986955157289961
linoleum,square,90,1.5707963267948966,4.068886337543054,4.045413955861717,linoleum,0.9951957911618968,0.0015531249589514258,0.001402745931081745,0.0018483379480698592,linoleum,0.9951135494512433,0.001565772644470834,0.0014030313516059075,0.00191764655267991
linoleum,square,90,1.5707963267948966,3.175660160734788,3.925373134328358,linoleum,0.9951941162551351,0.0015881339567540666,0.0014716234425780465,0.0017461263455328837,linoleum,0.995153832853189,0.0015769533006124497,0.0014373273970919767,0.0018318864491063964
linoleum,square,90,1.5707963267948966,3.822043628013777,3.917719096823574,linoleum,0.9951834061869892,0.0015932619398432437,0.0014784750075330728,0.0017448568656344408,linoleum,0.9951686195200892,0.0015851076202278468,0.001457901202312525,0.0017883716573704187
linoleum,square,90,1.5707963267948966,3.56601607347876,3.834162520729685,linoleum,0.9949840065577935,0.0016733358857221805,0.0015747402727569807,0.0017679172837272456,linoleum,0.9950763130389415,0.001629221752975014,0.0015163207375347531,0.0017781444705488327
linoleum,square,90,1.5707963267948966,1.0918484500574053,3.537823702002806,linoleum,0.9927769151464617,0.0024300333170096202,0.002362778220089052,0.0024302733164396043,linoleum,0.9939266140927014,0.0020296275349923165,0.001939549478811902,0.002104208893494218
linoleum,square,90,1.5707963267948966,4.7990815154994255,3.604796530169665,linoleum,0.9935342834298189,0.0021748664212937682,0.002103082737091498,0.0021877674117959404,linoleum,0.9937304487612602,0.0021022469781430426,0.0020213161079517,0.0021459881526450795
linoleum,square,90,1.5707963267948966,3.724454649827784,3.5860441382829435,linoleum,0.9933412869518363,0.002240026909272363,0.002169628942024108,0.0022490571968672795,linoleum,0.9935358678565482,0.002171136943707703,0.002095472524987904,0.0021975226747561792
linoleum,square,90,1.5707963267948966,4.553386911595867,3.664370455415232,linoleum,0.9940612359783166,0.0019961214528530524,0.0019192575052084503,0.002023385063622023,linoleum,0.9937985519174324,0.0020836291982803774,0.002007365015098177,0.002110453869189101
linoleum,square,90,1.5707963267948966,3.256027554535017,3.5619339201428755,linoleum,0.9930719386569626,0.002330791551169469,0.0022620380256809297,0.0023352317661869725,linoleum,0.9934352452871975,0.002207210374724923,0.0021347015203895536,0.0022228428176880367
linoleum,square,90,1.5707963267948966,3.870264064293916,3.539864778670749,linoleum,0.9928029377242503,0.0024212857300220194,0.0023539092317548665,0.002421867313972708,linoleum,0.993119091505724,0.0023142480523734715,0.00224430537607221,0.0023223550658303723
linoleum,square,90,1.5707963267948966,4.421354764638346,3.6782752902155886,linoleum,0.9941670032937581,0.0019600223953476137,0.00188181119386942,0.001991163117024986,linoleum,0.9936430473997411,0.0021371352238605426,0.002063058284970815,0.002156759091427679
linoleum,square,90,1.5707963267948966,4.566016073478759,3.7609388952672536,linoleum,0.9946786347963305,0.0017831929363263384,0.0016955033239098999,0.001842668943433257,linoleum,0.9941608410980358,0.0019601640800934405,0.0018792808044403575,0.001999714017430468
linoleum,square,90,1.5707963267948966,3.405281285878301,3.743079474422759,linoleum,0.9945840297035246,0.0018162986604214008,0.0017308872688316147,0.0018687843672225213,linoleum,0.9943724354007801,0.0018882313702574206,0.0018050840366359861,0.0019342491923264949
linoleum,square,90,1.5707963267948966,3.65097588978186,4.027426967725475,linoleum,0.9952159762803289,0.0015530128444155354,0.001408646259961887,0.001822364615293768,linoleum,0.9947942058405546,0.001720622107336478,0.0016068651482989366,0.0018783069038101315
linoleum,square,90,1.5707963267948966,4.002296211251435,3.938895267253476,linoleum,0.9952099745184969,0.0015799425053540706,0.0014602756090100577,0.0017498073671390157,linoleum,0.9950020901795256,0.001650282306345274,0.0015335703786544968,0.0018140571354745732
linoleum,square,90,1.5707963267948966,3.944890929965557,3.9633881872687846,linoleum,0.9952287234945132,0.0015678905897620644,0.0014421235339008365,0.00176126238182392,linoleum,0.9951154068370194,0.0016090864480536693,0.0014878469562776666,0.0017876597586492465
linoleum,square,90,1.5707963267948966,3.1366245694603907,3.805970149253731,linoleum,0.9948815695058308,0.001710933027070453,0.001616855117059376,0.0017906423500394504,linoleum,0.9949984881714251,0.0016600097375620612,0.0015523510366685213,0.0017891510543443486
linoleum,square,90,1.5707963267948966,3.951779563719862,3.883275928052048,linoleum,0.9951196526079414,0.0016208215002509478,0.001513262785829115,0.0017462631059783323,linoleum,0.9950590703896833,0.0016404156189065045,0.001532806911248818,0.0017677070801613405
linoleum,square,90,1.5707963267948966,3.684270952927669,3.862610026789132,linoleum,0.9950690703186492,0.0016409733183981833,0.001537366434422967,0.0017525899285297157,linoleum,0.9950640703541662,0.0016406944686523438,0.0015350866728358926,0.001760148504345528
linoleum,square,90,1.5707963267948966,4.215843857634902,3.839775481566527,linoleum,0.9950022264322416,0.0016665160949706514,0.0015669691015156042,0.0017642883712721052,linoleum,0.995033148393204,0.0016536052818114978,0.0015510278871757486,0.0017622184378088168
linoleum,square,90,1.5707963267948966,4.481056257175661,3.830335501977293,linoleum,0.9949711742021018,0.0016781105259177113,0.0015801534233824141,0.0017705618485979646,linoleum,0.995002161297653,0.0016658579038646044,0.0015655906552790814,0.0017663901432033906
linoleum,square,90,1.5707963267948966,3.388059701492538,3.8284219926010974,linoleum,0.9949646328663173,0.0016805360527636691,0.0015828951561619314,0.001771935924757007,linoleum,0.9949833970819851,0.0016731969783141368,0.0015742429057205064,0.0017691630339801987
linoleum,square,90,1.5707963267948966,3.935706084959816,3.860058680954204,linoleum,0.9950621763232039,0.0016436544588068387,0.0015405167424706726,0.0017536524755185927,linoleum,0.9950227867025946,0.001658425718560488,0.0015573798240955897,0.001761407754749396
linoleum,square,90,1.5707963267948966,3.779563719862227,3.835310626355403,linoleum,0.9949877913684261,0.0016719232766437436,0.0015731345125736325,0.0017671508423564002,linoleum,0.9950052890355103,0.001665174497602116,0.001565257168334611,0.0017642792985528982
linoleum,square,90,1.5707963267948966,1.0413318025258325,3.5126929455287663,linoleum,0.99243971985517,0.002543296762850104,0.002477456902318631,0.0025395264796612064,linoleum,0.9937225044453403,0.0021042356302261103,0.0020213570353266215,0.002151902889107053
linoleum,square,90,1.5707963267948966,5.215843857634902,3.74371731088149,linoleum,0.9945875522864235,0.0018150706342279566,0.0017295802135373509,0.001867796865811304,linoleum,0.9941550283658819,0.0019596531322270336,0.001875468624431986,0.0020098498774591784
linoleum,square,90,1.5707963267948966,4.030998851894374,3.752519454011992,linoleum,0.9946350695444759,0.001798471802052749,0.0017118732661059648,0.0018545853873653782,linoleum,0.9943950489551789,0.0018790624671398914,0.0017936709452689753,0.0019322176324122783
linoleum,square,90,1.5707963267948966,4.34902411021814,3.826380915933155,linoleum,0.9949575631695362,0.0016831514931468327,0.0015858456617479167,0.0017734396755688046,linoleum,0.9946763060623577,0.0017811069801433623,0.0016897583035084462,0.0018528286539905416
linoleum,square,90,1.5707963267948966,3.0091848450057403,3.692307692307693,linoleum,0.9942676542445923,0.001925566387023239,0.0018459283097401883,0.001960851058644323,linoleum,0.9944719801534749,0.0018533366835833008,0.0017678433066243174,0.0019068398563174323
linoleum,square,90,1.5707963267948966,3.836969001148106,3.620742441637963,linoleum,0.9936877273072078,0.0021229639700647025,0.002049924700661063,0.002139384022066357,linoleum,0.9940798537303415,0.001988150326824002,0.0019088840036426903,0.002023111939191895
linoleum,square,90,1.5707963267948966,4.284730195177957,3.7203724964919,linoleum,0.9944514779763283,0.0018622974511910118,0.0017795914190101411,0.0019066331534705499,linoleum,0.9942656658533349,0.001925223889007507,0.0018442377113264156,0.0019648725463312223
linoleum,square,90,1.5707963267948966,3.082663605051665,3.625589998724328,linoleum,0.9937325085938069,0.0021077976326667287,0.0020343620937369757,0.0021253316797893757,linoleum,0.9939990872235709,0.0020165107608371177,0.0019392999025316957,0.002045102113060299
linoleum,square,90,1.5707963267948966,3.3983926521239955,3.583237657864524,linoleum,0.993311189775917,0.0022501781892692936,0.0021799794312056427,0.002258652603608126,linoleum,0.993655138499744,0.0021333444750532057,0.002059639666868669,0.0021518773583342125
linoleum,square,90,1.5707963267948966,3.500574052812859,3.8564867967853047,linoleum,0.9950522831993022,0.0016474804135707688,0.0015449928343087024,0.0017552435528182821,linoleum,0.9943537108495231,0.0018904124443119871,0.0018023162505886856,0.0019535604555762473
linoleum,square,90,1.5707963267948966,3.838117106773823,3.703406046689629,linoleum,0.9943430751823846,0.0018996679264197242,0.0018188516078892127,0.0019384052833065046,linoleum,0.9943483930159538,0.0018950401853658557,0.0018105839292389492,0.0019459828694413758
linoleum,square,90,1.5707963267948966,4.143513203214696,3.715907641280776,linoleum,0.9944237437995052,0.0018718769443670678,0.0017896788265536069,0.0019147004295743952,linoleum,0.9943860684077295,0.0018834585648664617,0.001800131377896278,0.0019303416495078855
linoleum,square,90,1.5707963267948966,2.925373134328358,3.557724199515244,linoleum,0.9930223351012916,0.0023474888212187944,0.00227900720638284,0.0023511688711067265,linoleum,0.9937042017545106,0.002115473693042628,0.002039569292139559,0.002140755260307306
linoleum,square,90,1.5707963267948966,3.779563719862227,3.6433218522770767,linoleum,0.9938891846628081,0.0020546548436030303,0.0019797098683505105,0.002076450625238285,linoleum,0.9937966932086594,0.00208506426832283,0.0020096395802450353,0.002108602942772796
linoleum,square,90,1.5707963267948966,4.18828932261768,3.6823574435514734,linoleum,0.9941969041761732,0.0019497978167634484,0.001871178615239427,0.00198211939182401,linoleum,0.9939967986924163,0.0020174310425431392,0.0019404090977422311,0.002045361167298403
linoleum,square,90,1.5707963267948966,4.150401836969001,3.667432070417145,linoleum,0.9940850512137808,0.00198800178020889,0.0019108467496200987,0.0020161002563901403,linoleum,0.9940409249530986,0.0020027164113760147,0.001925627923681165,0.0020307307118442716
linoleum,square,90,1.5707963267948966,4.466130884041331,3.821150656971552,linoleum,0.9949390105662889,0.0016899872611435426,0.0015935296762158158,0.0017774724963517952,linoleum,0.9944899677596937,0.0018463518362597786,0.0017595787999484904,0.0019041016040980334
linoleum,square,90,1.5707963267948966,3.2824339839265213,3.808266360505167,linoleum,0.9948906041514145,0.0017076579395967554,0.0016132277808840081,0.001788510128104536,linoleum,0.9946902859555542,0.0017770048879282672,0.0016864032904162494,0.001846305866101285
linoleum,square,90,1.5707963267948966,3.939150401836969,3.85699706595229,linoleum,0.995053713784636,0.0016469286644637635,0.0015443486837972442,0.0017550088671031041,linoleum,0.9948719998700951,0.0017119667761960153,0.0016153759871067467,0.0018006573666021946
linoleum,square,90,1.5707963267948966,3.714121699196327,3.843219798443679,linoleum,0.9950130548199246,0.0016624381379731447,0.0015622984424916197,0.0017622085996106224,linoleum,0.9949425273450099,0.0016872024570845799,0.0015888372147991833,0.0017814329831064085
linoleum,square,90,1.5707963267948966,0.8920780711825487,3.4819492282178848,linoleum,0.991981982251011,0.0026968491154579282,0.0026325489407365223,0.0026886196927946083,linoleum,0.9934622547980104,0.002192025786271254,0.0021106930777678528,0.0022350263379505085
linoleum,square,90,1.5707963267948966,5.499425947187142,3.767955096313306,linoleum,0.994713553510244,0.0017708987134104444,0.0016822760097428848,0.001833271766602631,linoleum,0.9940879041541273,0.001981462249840849,0.0018964845437553688,0.0020341490522765696
linoleum,square,90,1.5707963267948966,4.08036739380023,3.801377726750861,linoleum,0.9948631264604975,0.001717598972301906,0.0016242175022747468,0.0017950570649260058,linoleum,0.9944755153073122,0.0018495306110713771,0.0017603510230150574,0.0019146030586012874
linoleum,square,90,1.5707963267948966,3.274397244546498,3.6998341625207294,linoleum,0.9943191977562194,0.0019078752650835136,0.0018274430448963264,0.0019454839338008017,linoleum,0.9943973565317658,0.0018787029380774455,0.001793897033955692,0.0019300434962010444
linoleum,square,90,1.5707963267948966,3.5740528128587825,3.635795382064039,linoleum,0.9938240292786826,0.002076771075899415,0.002002478451140608,0.002096721194277395,linoleum,0.9941106929052242,0.0019777370069884305,0.0018981877425481503,0.0020133823452392202
linoleum,square,90,1.5707963267948966,4.045924225028704,3.589105753284858,linoleum,0.9933737539292923,0.002229073427277565,0.002158455745431777,0.0022387168979984095,linoleum,0.9937422234172583,0.002103405217132998,0.002028321743989964,0.002126049621618815
linoleum,square,90,1.5707963267948966,4.880597014925373,3.766679423395841,linoleum,0.994707297473238,0.001773104732002066,0.0016846533190645184,0.0018349444756953525,linoleum,0.9942247604452481,0.0019382549745675319,0.001856487531527241,0.001980497048657084
linoleum,square,90,1.5707963267948966,4.010332950631458,3.7745885954841194,linoleum,0.9947454257253645,0.0017596350610990467,0.0016701097398922043,0.001824829473644286,linoleum,0.9944850930853063,0.0018489450178332894,0.0017632986357097227,0.001902663261150685
linoleum,square,90,1.5707963267948966,3.9954075774971294,3.805842581961985,linoleum,0.9948810639365389,0.0017111161043836698,0.0016170576846066742,0.0017907622744708289,linoleum,0.9946830785109226,0.0017800305611084797,0.0016901781601581984,0.001846712767810757
linoleum,square,90,1.5707963267948966,4.027554535017222,4.154228855721393,linoleum,0.9949010075362206,0.0015948580958327339,0.0013986270649413487,0.00210550730300537,linoleum,0.9947920430235716,0.0016874443284706068,0.0015444026125497735,0.0019761100354080633
linoleum,square,90,1.5707963267948966,4.204362801377727,4.010332950631458,linoleum,0.9952282875355187,0.0015546490630704768,0.0014156569782454167,0.001801406423165403,linoleum,0.9950101652795451,0.0016210466957705418,0.0014800297953975951,0.0018887582292867332
linoleum,square,90,1.5707963267948966,3.792192881745121,3.978313560403113,linoleum,0.9952338100207226,0.0015622846642750015,0.0014325421353662865,0.0017713631796359222,linoleum,0.9951219876501339,0.0015916656800227717,0.0014562859653819411,0.001830060704461328
linoleum,square,90,1.5707963267948966,3.721010332950632,4.027937236892461,linoleum,0.9952155066740165,0.0015529900877583945,0.00140845809951194,0.0018230451387132285,linoleum,0.9951687471620752,0.0015723278838905832,0.0014323720324469404,0.0018265529215872782
linoleum,square,90,1.5707963267948966,4.102181400688864,4.086618191095804,linoleum,0.9951204508156931,0.001560523846466685,0.0013948467803912548,0.0019241785574490022,linoleum,0.9951445989888841,0.0015664258651786342,0.0014136094064190977,0.0018753657395181402
linoleum,square,90,1.5707963267948966,3.876004592422503,4.067738231917336,linoleum,0.9951601217836649,0.0015558917631374116,0.0013975018730093536,0.0018864845801883463,linoleum,0.9951523603862745,0.001561158814158023,0.001405555639714226,0.0018809251598532436
linoleum,square,90,1.5707963267948966,4.569460390355912,4.033167495854062,linoleum,0.9952103484292658,0.0015528440865936572,0.0014065996037688814,0.0018302078803716587,linoleum,0.9951813544077701,0.00155700145037584,0.0014060776217415536,0.0018555665201124513
linoleum,square,90,1.5707963267948966,4.061997703788748,4.038908023982651,linoleum,0.9952039597440021,0.00155286698903342,0.0014047065246271743,0.0018384667423372771,linoleum,0.9951926570758861,0.00155493421970463,0.001405392073184364,0.0018470166312248642
linoleum,square,90,1.5707963267948966,3.954075774971298,4.03431560147978,linoleum,0.9952091317633701,0.001552833327307295,0.0014062087218420383,0.001831826187480619,linoleum,0.9952008944196281,0.0015538837735059625,0.0014058003975132012,0.0018394214093527417
linoleum,square,90,1.5707963267948966,4.044776119402985,4.0362291108559765,linoleum,0.9952070362204593,0.0015528324359751194,0.0014055708893690583,0.001834560454196524,linoleum,0.9952039653200437,0.0015533581047405408,0.0014056856434411296,0.0018369909317746329
linoleum,square,90,1.5707963267948966,3.780711825487945,3.9891567802015566,linoleum,0.9952344675205184,0.0015590301300048364,0.0014262689827104235,0.0017802333667662849,linoleum,0.9952192164202811,0.0015561941173726887,0.0014159773130757766,0.0018086121492704589
linoleum,square,90,1.5707963267948966,4.1905855338691165,4.033422630437556,linoleum,0.9952100806907968,0.0015528410330710907,0.0014065122104257603,0.0018305660657062881,linoleum,0.995214648555539,0.00155451757522189,0.0014112447617507687,0.0018195891074883738
linoleum,square,90,1.5707963267948966,0.7795637198622274,3.706595228983288,linoleum,0.9943640804917672,0.0018924410980717275,0.00181127785297081,0.0019322005571904477,linoleum,0.9947893645236529,0.0017234793366468083,0.0016112613073607888,0.0018758948323394104
linoleum,square,90,1.5707963267948966,5.661308840413319,3.879831611174895,linoleum,0.9951118691159367,0.0016239885253081943,0.0015171076218994377,0.0017470347368558296,linoleum,0.9949506168197948,0.0016737339309775014,0.0015641844646301132,0.00181146478459762
linoleum,square,90,1.5707963267948966,3.7313432835820897,3.863758132414849,linoleum,0.9950721258145317,0.0016397808022952881,0.0015359614812996958,0.0017521319018733263,linoleum,0.9950113713171631,0.0016567573666363944,0.001550072972964904,0.0017817983432354728
linoleum,square,90,1.5707963267948966,4.431687715269805,3.848450057405281,linoleum,0.9950289887716863,0.0016563998661618346,0.0015553469858283092,0.0017592643763235359,linoleum,0.9950201800444247,0.0016565786163991146,0.0015527099793966066,0.0017705313597795045
linoleum,square,90,1.5707963267948966,4.357060849598163,3.881234851384105,linoleum,0.9951150712684734,0.0016226890874472635,0.0015155329847601898,0.0017467066593189731,linoleum,0.9950676256564491,0.0016396338519231893,0.0015341214820783985,0.0017586190095492391
linoleum,square,90,1.5707963267948966,4.187141216991964,3.907131011608624,linoleum,0.9951665226658335,0.0016009474375711674,0.0014884724771034197,0.0017440574194919917,linoleum,0.9951170741611413,0.0016202906447471783,0.0015112969795909091,0.0017513382145206155
linoleum,square,90,1.5707963267948966,4.025258323765787,3.904962367648936,linoleum,0.9951627679921791,0.0016026069730356283,0.0014905954411546791,0.0017440295936306,linoleum,0.9951399210766602,0.0016114488088914032,0.0015009462103727942,0.0017476839040756077
linoleum,square,90,1.5707963267948966,4.577497129735936,3.9934940681209343,linoleum,0.9952340093807504,0.0015579203612052874,0.0014239198532634417,0.0017841504047809277,linoleum,0.9951869652287053,0.0015846845850483453,0.001462433031818118,0.0017659171544282676
linoleum,square,90,1.5707963267948966,5.126291618828932,4.097461410894247,linoleum,0.995093590152189,0.0015641446335682829,0.001394055153800281,0.0019482100604423399,linoleum,0.9951402776904472,0.001574414609308314,0.0014282440928091995,0.0018570636074353038
linoleum,square,90,1.5707963267948966,4.444316877152698,4.504656206148744,linoleum,0.9904041139172846,0.002377323716918615,0.0017991206166308518,0.005419441749166121,linoleum,0.9927721958038659,0.0019758691631134645,0.0016136823547200257,0.0036382526783007123
linoleum,square,90,1.5707963267948966,4.264064293915041,4.34940681209338,linoleum,0.9933521622157395,0.001875770411230689,0.0015322112509864336,0.003239856122043378,linoleum,0.9930621790098026,0.0019258197871720767,0.0015729468028532296,0.0034390544001720452
linoleum,square,90,1.5707963267948966,4.377726750861079,4.4212271973466,linoleum,0.9922584336156568,0.002068089344711781,0.0016345451097079019,0.004038931929923453,linoleum,0.9926603063127297,0.001996954565941929,0.0016037459562805658,0.0037389931650477493
linoleum,square,90,1.5707963267948966,4.526980482204363,4.431815282561551,linoleum,0.9920624189368753,0.0021017306639898184,0.0016525223927997788,0.004183328006335159,linoleum,0.9923613626248025,0.002049342614965874,0.0016281341745401723,0.003961160585691454
linoleum,square,90,1.5707963267948966,3.113662456946039,4.2936599056002045,linoleum,0.9939702282014303,0.0017637074207238496,0.0014740797091226476,0.0027919846687230842,linoleum,0.9931657954131166,0.0019065250178448621,0.0015511069418314104,0.00337657262720727
linoleum,square,90,1.5707963267948966,3.913892078071183,4.263298890164561,linoleum,0.9942394388647139,0.001714352103183888,0.001449487673669512,0.0025967213584327698,linoleum,0.9937026171389152,0.001810438560514375,0.0015002973077504612,0.0029866469928200197
linoleum,square,90,1.5707963267948966,3.811710677382319,4.239571373899732,linoleum,0.9944213374928914,0.0016809758670461937,0.0014335400982768947,0.0024641465417854754,linoleum,0.9940619773159033,0.0017457072137802843,0.0014669187030136779,0.0027253967673027475
linoleum,square,90,1.5707963267948966,3.8932261768082665,4.16354126801888,linoleum,0.9948605066394569,0.0016018409629724034,0.0014007805860647652,0.0021368718115059243,linoleum,0.9944612419776802,0.0016737740883763438,0.0014338496445392215,0.002431134289404336
linoleum,square,90,1.5707963267948966,4.431687715269805,4.08636305651231,linoleum,0.9951210465409726,0.0015604471300601126,0.001394871840009453,0.0019236344889578783,linoleum,0.9947911442593264,0.0016171106092182281,0.0014143607422743374,0.002177384389181107
linoleum,square,90,1.5707963267948966,3.7233065442020665,4.006250797295573,linoleum,0.9952302537868251,0.0015552907859267074,0.0014175356300203392,0.0017969197972278702,linoleum,0.9950106990230758,0.001586200697572468,0.0014159481861473384,0.001987152093204489
linoleum,square,90,1.5707963267948966,3.732491389207807,3.947187141216992,linoleum,0.9952177632451749,0.0015754628587827096,0.0014537875291438626,0.0017529863668985766,linoleum,0.9951142311341253,0.0015808317781775888,0.0014348678576456006,0.0018700692300515328
linoleum,square,90,1.5707963267948966,0.60849598163031,3.528383722413573,linoleum,0.9926539438153568,0.002471356855882312,0.002404650468316647,0.0024700488604442353,linoleum,0.993884087474741,0.0020260943170299505,0.0019197591629811239,0.002170059045247884
linoleum,square,90,1.5707963267948966,5.26406429391504,3.61028192371476,linoleum,0.9935881468407037,0.0021566578592755593,0.0020844504363568077,0.0021707448636638696,linoleum,0.9937361171577224,0.002091376088152755,0.002002104799668966,0.002170401954455877
linoleum,square,90,1.5707963267948966,4.482204362801378,3.762342135476464,linoleum,0.9946857186561134,0.0017807024753084362,0.0016928279980587308,0.0018407508705193777,linoleum,0.994210917906918,0.0019360392817305957,0.0018474663988638485,0.0020055764124876276
linoleum,square,90,1.5707963267948966,4.2319173363949485,3.797678275290216,linoleum,0.9948479051388247,0.001723081849274328,0.0016302536779219327,0.0017987593339788635,linoleum,0.9945294115228714,0.001829560565502462,0.0017388600383928907,0.0019021678732332457
linoleum,square,90,1.5707963267948966,4.057405281285878,3.824977675723945,linoleum,0.9949526473731094,0.0016849665585809718,0.0015878897624954937,0.0017744963058139755,linoleum,0.9947410294479904,0.0017572635620417168,0.0016633749004441923,0.0018383320895236106
linoleum,square,90,1.5707963267948966,4.146957520091848,3.8531700471998978,linoleum,0.995042843672217,0.0016511090631050938,0.0015492182614138576,0.0017568290032640452,linoleum,0.9948919365601038,0.0017041863125734056,0.0016062965809290253,0.001797580546393828
linoleum,square,90,1.5707963267948966,4.447761194029851,3.8549559892843472,linoleum,0.9950479568238669,0.0016491460581083443,0.0015469347379758905,0.0017559623800488032,linoleum,0.9949699466919854,0.0016766661853408749,0.0015766156594524579,0.0017767714632213156
linoleum,square,90,1.5707963267948966,4.172215843857635,3.904834800357188,linoleum,0.9951625439848125,0.0016027055014482471,0.0014907211246837605,0.0017440293890554767,linoleum,0.9950662453383989,0.0016396858433945609,0.001533668392068109,0.0017604004261383961
linoleum,square,90,1.5707963267948966,4.249138920780712,3.962240081643067,linoleum,0.9952281327091491,0.0015683760787906507,0.0014429064966829527,0.0017605847153772097,linoleum,0.995147189023774,0.0016040309610926059,0.0014882874443755308,0.0017604925707578028
linoleum,square,90,1.5707963267948966,4.105625717566016,4.350810052302589,linoleum,0.993334269598399,0.0018789803571579108,0.001533903012525405,0.003252847031917691,linoleum,0.9942407293110865,0.0017415056591252585,0.001511095228450468,0.002506669801337747
linoleum,square,90,1.5707963267948966,4.57060849598163,4.273759408087766,linoleum,0.9941515147967054,0.0017304897935960324,0.0014574211344708017,0.002660574275227842,linoleum,0.994196122053896,0.0017359977263606454,0.0014842581814606347,0.0025836220382827943
linoleum,square,90,1.5707963267948966,3.78300803673938,4.196070927414211,linoleum,0.9946973563424749,0.001630749723908168,0.0014114516681197043,0.002260442265497226,linoleum,0.9944467391981855,0.0016833737251344067,0.0014478549247901695,0.0024220321518900103
linoleum,square,90,1.5707963267948966,3.931113662456946,4.162648296976655,linoleum,0.99486450592927,0.0016011468832701557,0.0014005568055635608,0.0021337903818963917,linoleum,0.9946556225637275,0.0016422603042022808,0.0014242058651768648,0.0022779112668932003
linoleum,square,90,1.5707963267948966,3.942594718714121,4.149891567802015,linoleum,0.9949189717365693,0.0015917973867805918,0.0013977598395456254,0.0020914710371045435,linoleum,0.9947872971501485,0.0016170288454914366,0.0014109828523612455,0.002184691151998872
linoleum,square,90,1.5707963267948966,4.191733639494833,4.154866692180125,linoleum,0.9948983179523888,0.001595318424109706,0.0013987618666555374,0.0021076017568458874,linoleum,0.9948428075512687,0.0016061736348005715,0.0014048723595083917,0.00214614645442238
linoleum,square,90,1.5707963267948966,3.624569460390356,4.063400943997959,linoleum,0.9951679910928677,0.0015551253401220157,0.0013983416631291926,0.0018785419038810662,linoleum,0.9950053993220682,0.0015806494874612935,0.0014016070113187923,0.002012344179151723
linoleum,square,90,1.5707963267948966,3.6831228473019513,4.009057277713994,linoleum,0.9952289420254423,0.0015548392049502117,0.0014162355428686208,0.0017999832267388016,linoleum,0.9951171706737553,0.0015677443462057527,0.0014089212770937065,0.0019061637029452623
linoleum,square,90,1.5707963267948966,4.055109070034443,3.987498405408853,linoleum,0.9952345335167211,0.0015594834263122142,0.0014271912774267172,0.001778791779540003,linoleum,0.9951758520952382,0.0015636138862589835,0.0014180562772602118,0.0018424777412426327
linoleum,square,90,1.5707963267948966,4.133180252583237,3.990560020410767,linoleum,0.9952343645452345,0.001558659093680443,0.0014254990030459636,0.0017814773580391002,linoleum,0.9952051083202363,0.001561136489969713,0.0014217776401530876,0.0018119775496408664
linoleum,square,90,1.5707963267948966,4.189437428243399,3.948207679550963,linoleum,0.995218620033481,0.0015749398896263889,0.0014530134296138243,0.0017534266472785966,linoleum,0.9952118641768588,0.001568038189798051,0.001437395534883456,0.0017827020984597316
linoleum,hourglass,90,1.5707963267948966,2.013777267508611,2.013777267508611,linoleum,0.34196532393195644,0.21938695473288158,0.21933024674815932,0.21931747458700268,linoleum,0.6685885940544076,0.11047749646133982,0.11038382114152138,0.11055008834273121
linoleum,hourglass,90,1.5707963267948966,5.647531572904707,3.830654420206659,linoleum,0.9949722563006883,0.0016777087532121916,0.0015796987528294624,0.0017703361932700976,linoleum,0.8317804251775478,0.05607760260727599,0.05598175994717541,0.05616021226800064
linoleum,hourglass,90,1.5707963267948966,4.951779563719862,4.204362801377727,linoleum,0.9946500845522056,0.0016392752681316284,0.0014149636874393608,0.0022956764922234412,linoleum,0.9132152548648769,0.028858438937703818,0.02869836181730739,0.029227944380112045
linoleum,hourglass,90,1.5707963267948966,4.371986222732491,4.246268656716418,linoleum,0.9943723757557811,0.0016899526319543506,0.0014377570529989193,0.0024999145592658066,linoleum,0.9537938153103289,0.015274195784829084,0.015068059435153155,0.015863929469688925
linoleum,hourglass,90,1.5707963267948966,4.016073478760046,4.200229621125144,linoleum,0.9946739481152006,0.0016349655294145488,0.0014131724778582927,0.002277913877526705,linoleum,0.9742338817127647,0.008454580657121817,0.008240615956505723,0.009070921673607815
linoleum,hourglass,90,1.5707963267948966,4.250287026406429,4.208572522005357,linoleum,0.9946251565423003,0.0016437885950771527,0.0014168713390606028,0.002314183523562,linoleum,0.9844295191275325,0.005049184626099485,0.004828743647783163,0.005692552598584907
linoleum,hourglass,90,1.5707963267948966,4.064293915040183,4.187961292438905,linoleum,0.9947412961509591,0.001622872857873379,0.0014083299537911047,0.0022275010373763874,linoleum,0.9895854076392459,0.003336028741986432,0.003118536800787134,0.003960026817980647
linoleum,hourglass,90,1.5707963267948966,3.6176808266360494,4.116676234213547,linoleum,0.9950384161160571,0.001572306120117902,0.0013939630799307886,0.0019953146838942856,linoleum,0.9923119118776513,0.0024541674310521668,0.002256249940358961,0.0029776707509374654
linoleum,hourglass,90,1.5707963267948966,4.319173363949483,4.139175915295318,linoleum,0.9949609609200362,0.0015847513833914689,0.0013959859809298035,0.002058301715642438,linoleum,0.9936364363988439,0.0020194594072218183,0.0018261179606443825,0.002517986233289952
linoleum,hourglass,90,1.5707963267948966,3.21699196326062,4.272866437045542,linoleum,0.9941592132778447,0.0017290772357893822,0.0014567219814423122,0.0026549875049237167,linoleum,0.9938978248383441,0.0018742683215055998,0.001641419971043347,0.0025864868691068336
linoleum,hourglass,90,1.5707963267948966,4.415614236509759,4.135986733001658,linoleum,0.9949728110558469,0.0015827949364813055,0.0013955591914991247,0.002048834816172654,linoleum,0.9944353179470956,0.0017285316289934528,0.001518489581271236,0.002317660842639744
linoleum,hourglass,90,1.5707963267948966,3.700344431687715,3.9969383849980864,linoleum,0.9952333504536637,0.0015571171072034213,0.0014221191039825646,0.0017874133351502852,linoleum,0.9948343342003797,0.0016428243680984371,0.0014703043426269006,0.002052537088895015
linoleum,hourglass,90,1.5707963267948966,4.13662456946039,3.970787090190075,linoleum,0.9952318480414951,0.001564948078331439,0.0014372356844552772,0.0017659681957182703,linoleum,0.9950330911209374,0.001603886223214938,0.0014537700135410889,0.0019092526423066427
linoleum,hourglass,90,1.5707963267948966,3.9460390355912742,3.963005485393545,linoleum,0.9952285297243569,0.001568051555716932,0.0014423837875332211,0.0017610349323929362,linoleum,0.9951308104226472,0.001585968889465935,0.001448076900537155,0.0018351437873497896
linoleum,hourglass,90,1.5707963267948966,3.788748564867968,3.9117234341114937,linoleum,0.9951741406788727,0.0015975291900240148,0.0014840615880918474,0.0017442685430113316,linoleum,0.9951524755507599,0.001591749039744975,0.0014660692443145013,0.0017897061651805605
linoleum,hourglass,90,1.5707963267948966,2.8105625717566016,3.7724199515244288,linoleum,0.9947351271728025,0.0017632792583803787,0.0016740512344298457,0.0018275423343872162,linoleum,0.9949438013617813,0.0016775141490626769,0.0015700602393721734,0.0018086242497838884
linoleum,hourglass,90,1.5707963267948966,5.110218140068886,3.938257430794744,linoleum,0.9952093144014523,0.001580304142221759,0.0014607894087456641,0.0017495920475803178,linoleum,0.9950765578816169,0.0016289091456422181,0.001515424824058919,0.0017791081486821035
linoleum,hourglass,90,1.5707963267948966,3.390355912743973,3.83505549177191,linoleum,0.9949869528828488,0.0016722364029932212,0.0015734906254676476,0.0017673200886902784,linoleum,0.9950317553822329,0.0016505727743177199,0.0015444577247632834,0.0017732141186861913
linoleum,hourglass,90,1.5707963267948966,4.564867967853043,3.9848194922821794,linoleum,0.9952345128571063,0.0015602495608514214,0.0014287093898552752,0.0017765281921871294,linoleum,0.9951331341196694,0.00160541116758457,0.001486583557309279,0.00177487115543666
linoleum,hourglass,90,1.5707963267948966,4.770378874856487,4.024237785431816,linoleum,0.9952187763967593,0.0015531893464269494,0.0014098498904978832,0.0018181843663160019,linoleum,0.9951759552582143,0.0015793002570057596,0.0014482167239035812,0.001796527760876331
linoleum,hourglass,90,1.5707963267948966,4.058553386911596,4.06403878045669,linoleum,0.9951668625718642,0.0015552311055170597,0.001398212764292504,0.0018796935583262498,linoleum,0.9951714089150393,0.00156726568126141,0.0014232147440980429,0.0018381106596012905
linoleum,hourglass,90,1.5707963267948966,4.1733639494833525,4.068120933792575,linoleum,0.9951594053825772,0.0015559647084040385,0.0013974319056152434,0.0018871980034034885,linoleum,0.9951654071488081,0.0015616151948327239,0.0014103233248566429,0.001862654331502389
linoleum,hourglass,90,1.5707963267948966,4.34443168771527,4.112386784028575,linoleum,0.9950515898278255,0.0015702891007542896,0.0013938383981123468,0.001984282673307807,linoleum,0.9951084984883168,0.001565952147793507,0.001402080861484495,0.0019234685024050982
linoleum,hourglass,90,1.5707963267948966,3.9839265212399537,4.134073223625462,linoleum,0.9949797808293259,0.001581651800059139,0.0013953253524024696,0.0020432420182125485,linoleum,0.9950441396588214,0.001573801973926323,0.0013987031069434823,0.001983355260308823
linoleum,hourglass,90,1.5707963267948966,4.435132032146957,4.314580941446613,linoleum,0.9937584120352925,0.0018023518893929412,0.001493866982511777,0.002945369092802925,linoleum,0.994401275847057,0.001688076931659632,0.0014462850447276296,0.002464362176555874
linoleum,hourglass,90,1.5707963267948966,4.070034443168772,4.199004975124378,linoleum,0.9946809037531446,0.0016337115489635978,0.001412657261689167,0.0022727274362027497,linoleum,0.9945410898001008,0.0016608942403116148,0.0014294711532083983,0.0023685448063793116
linoleum,hourglass,90,1.5707963267948966,4.552238805970149,4.328103074371731,linoleum,0.9936090273642417,0.0018294646666543904,0.0015079359316721584,0.003053572037431764,linoleum,0.9940750585821713,0.0017451794534830026,0.0014687035424402785,0.002711058421905538
linoleum,hourglass,90,1.5707963267948966,4.359357060849598,4.305268529149126,linoleum,0.9938555009359998,0.001784665412699994,0.0014847662333925598,0.002875067417907617,linoleum,0.9939652797590856,0.0017649224330914984,0.0014767348879164192,0.002793062919906578
linoleum,hourglass,90,1.5707963267948966,3.902411021814007,4.208827656588851,linoleum,0.9946236253637398,0.0016440661677717332,0.0014169896622853709,0.002315318806203091,linoleum,0.9942944525614127,0.0017044943004316158,0.001446862275100895,0.0025541908630548346
linoleum,hourglass,90,1.5707963267948966,4.233065442020666,4.228217884934304,linoleum,0.9945002450943362,0.0016665342890571423,0.001426894870029996,0.0024063257465766997,linoleum,0.9943973488278744,0.001685514294744379,0.0014368785725654455,0.002480258304815767
linoleum,hourglass,90,1.5707963267948966,4.111366245694604,4.221329251179998,linoleum,0.9945456863474166,0.0016582391018824297,0.0014231686929376138,0.0023729058577634217,linoleum,0.9944715175876455,0.0016718766983134044,0.0014300236327515297,0.0024265820812895945
linoleum,hourglass,90,1.5707963267948966,2.6176808266360507,4.029468044393417,linoleum,0.9952140620378328,0.0015529308962233983,0.0014079009249425365,0.0018251061410012334,linoleum,0.9948427898127392,0.0016124037972684014,0.001418962278847033,0.002125844111145414
linoleum,hourglass,90,1.5707963267948966,5.735935706084961,4.224135731598419,linoleum,0.9945273911562232,0.0016615765170348267,0.0014246590499536226,0.0023863732767882982,linoleum,0.9946850904844813,0.001636990157151614,0.0014218106644003279,0.002256108693966856
linoleum,hourglass,90,1.5707963267948966,4.268656716417911,4.205638474295191,linoleum,0.9946425973616643,0.0016406297044835325,0.0014155328748483218,0.002301240059003844,linoleum,0.9946638439230728,0.0016388099308175734,0.0014186717696243248,0.00227867437648535
linoleum,hourglass,90,1.5707963267948966,4.365097588978186,4.238423268274015,linoleum,0.9944295487278292,0.001679471372094174,0.001432839412498233,0.0024581404875785584,linoleum,0.9945466963254508,0.001659140651455873,0.0014257555910612786,0.0023684074320319535
linoleum,hourglass,90,1.5707963267948966,4.203214695752009,4.19964281158311,linoleum,0.9946772875529273,0.0016343633569970166,0.001412924719767188,0.0022754243703084847,linoleum,0.994611991939189,0.0016467520042264447,0.0014193401554142334,0.002321915901170219
linoleum,hourglass,90,1.5707963267948966,4.289322617680827,4.19186120678658,linoleum,0.99472044466781,0.0016266043454552317,0.0014097926668195254,0.0022431583199151893,linoleum,0.9946662183034995,0.0016366781748408383,0.0014145664111168794,0.002282537110542704
linoleum,hourglass,90,1.5707963267948966,4.323765786452354,4.238678402857507,linoleum,0.9944277285744185,0.0016798048398022653,0.0014329945601496007,0.0024594720256296714,linoleum,0.9945469734389591,0.0016582415073215521,0.0014237804856332404,0.0023710045680861882
linoleum,hourglass,90,1.5707963267948966,4.419058553386912,4.259344304120424,linoleum,0.9942714146536468,0.0017084818381391084,0.0014466336560996888,0.002573469852114564,linoleum,0.9944091940463029,0.0016833616727303302,0.0014352070708664646,0.002472237210100376
linoleum,hourglass,90,1.5707963267948966,4.431687715269804,4.294935578517669,linoleum,0.9939579536415996,0.0017659524304949204,0.001475218726668546,0.0028008752012370275,linoleum,0.9941835738439513,0.0017246570516126253,0.0014552128987675053,0.0026365562056687017
linoleum,hourglass,90,1.5707963267948966,4.246842709529276,4.4759535655058045,linoleum,0.9911280448311649,0.0022588979021823273,0.0017363398934739035,0.004876717373178943,linoleum,0.9926558093375579,0.001991777476897476,0.001595776396120704,0.0037566367894238213
linoleum,hourglass,90,1.5707963267948966,4.130884041331802,4.297614491644342,linoleum,0.9939319123722588,0.0017707132921074575,0.0014776389327990297,0.002819735402834745,linoleum,0.9932938608549083,0.001881245384502467,0.001536707664459867,0.003288186096129283
linoleum,hourglass,90,1.5707963267948966,4.439724454649828,4.316622018114555,linoleum,0.9937365115841067,0.0018063345959636375,0.0014959253250847178,0.0029612284948448853,linoleum,0.9935151862195076,0.0018437899902330524,0.0015163164947722926,0.003124707295487085
linoleum,hourglass,90,1.5707963267948966,4.272101033295063,4.306289067483097,linoleum,0.9938450844632517,0.0017865652463863622,0.0014857404722599717,0.002882609818101886,linoleum,0.9936801353413797,0.0018151776183097073,0.0015010284835161323,0.0030036585567944857
linoleum,hourglass,90,1.5707963267948966,4.106773823191734,4.2955734149764,linoleum,0.9939517859520074,0.0017670802643000897,0.001475791488574033,0.002805342295118361,linoleum,0.9938159606466935,0.0017911289413048985,0.0014884099860450826,0.0029045004259564233
linoleum,hourglass,90,1.5707963267948966,3.9115958668197472,4.253603775991835,linoleum,0.9943166290164462,0.001700181864860707,0.0014426311682215237,0.002540557950471384,linoleum,0.9940662948315699,0.0017456554030828028,0.001465520577133303,0.0027225291882139037
linoleum,hourglass,90,1.5707963267948966,3.975889781859931,4.214950886592678,linoleum,0.9945861694136491,0.0016508673456492806,0.0014199225766567988,0.00234304066404477,linoleum,0.9943262321226096,0.0016982613743660418,0.0014427215768950512,0.0025327849261293374
linoleum,hourglass,90,1.5707963267948966,3.090700344431688,4.0673555300420965,linoleum,0.9951608346000607,0.0015558196811733536,0.0013975725100632236,0.0018857732087026592,linoleum,0.9947435333613351,0.0016270405277696977,0.0014201470434791375,0.0022092790674159983
linoleum,hourglass,90,1.5707963267948966,5.4959816303099895,4.185610409491007,linoleum,0.9947536185152214,0.0016206737376733944,0.0014074826057241666,0.0022182251413810326,linoleum,0.9947485759382783,0.001623857132721546,0.001413814824601652,0.0022137521043985153
linoleum,hourglass,90,1.5707963267948966,4.129735935706085,4.172598545732874,linoleum,0.9948185303206449,0.0016091773571102362,0.0014032581478720385,0.0021690341743728653,linoleum,0.9947835531294617,0.0016165172449158912,0.0014085364862368454,0.0021913931393856907
linoleum,hourglass,90,1.5707963267948966,3.484500574052813,4.100778160479653,linoleum,0.9950847655368467,0.0015653933772400027,0.001393919634951145,0.0019559214509621906,linoleum,0.9949341593331542,0.001590955311077947,0.0014012280605939951,0.0020736572951739404
linoleum,hourglass,90,1.5707963267948966,3.892078071182549,4.0399285623166215,linoleum,0.9952027438321265,0.001552891143588491,0.001404386008682581,0.0018399790156023263,linoleum,0.9950684515826403,0.001571923227333219,0.0014028070346382882,0.0019568181553881333
linoleum,hourglass,90,1.5707963267948966,4.014925373134329,4.01135348896543,linoleum,0.9952277376875789,0.0015545037537017226,0.001415199690532489,0.0018025588681870432,linoleum,0.9951480946351094,0.0015632134905174703,0.0014090033625853884,0.0018796885117875878
linoleum,hourglass,90,1.5707963267948966,3.701492537313433,3.9663222349789513,linoleum,0.9952301040700637,0.0015666851897248256,0.0014401525956386433,0.0017630581445726497,linoleum,0.9951890993525867,0.0015649493401211482,0.001424577979112016,0.001821373328180119
linoleum,hourglass,90,1.5707963267948966,4.133180252583237,3.9909427222860057,linoleum,0.9952343289553903,0.0015585598934359107,0.0014252906647705286,0.001781820486403398,linoleum,0.9952117141539885,0.0015617546167785296,0.0014249343219412723,0.0018015969072917586
linoleum,hourglass,90,1.5707963267948966,4.055109070034443,3.999744865416508,linoleum,0.9952326197602358,0.001556513636109153,0.0014206940390583873,0.0017901725645966767,linoleum,0.9952221669571122,0.0015591341264438413,0.0014228141804998298,0.0017958847359442177
linoleum,hourglass,90,1.5707963267948966,3.880597014925373,4.087511162138028,linoleum,0.9951183527329602,0.0015607954153580412,0.0013947614023367084,0.0019260904493448817,linoleum,0.9951702598450363,0.0015599647709009412,0.0014087877914182691,0.0018609875926445497
linoleum,hourglass,90,1.5707963267948966,3.851894374282434,3.904834800357188,linoleum,0.9951625439848125,0.0016027055014482471,0.0014907211246837605,0.0017440293890554767,linoleum,0.9951664019149242,0.0015813351361745939,0.0014497544580510146,0.0018025084908500127
linoleum,hourglass,90,1.5707963267948966,4.010332950631458,3.891567802015563,linoleum,0.9951373361351754,0.0016135072107768488,0.0015042841958949503,0.0017448724581526935,linoleum,0.9951518690250499,0.0015974211734757215,0.0014770193269729827,0.0017736904745013534
linoleum,hourglass,90,1.5707963267948966,4.163030998851895,3.966960071437684,linoleum,0.9952303795978487,0.0015664298538359844,0.0014397298190849124,0.0017634607292305075,linoleum,0.9951911243114493,0.001581925513655853,0.0014583745730289476,0.0017685756018659305
linoleum,hourglass,90,1.5707963267948966,4.105625717566016,3.990687587702513,linoleum,0.9952343530395238,0.0015586259321136268,0.0014254294781329395,0.0017815915502295652,linoleum,0.9952127386754867,0.00157027572288474,0.0014419020255809437,0.0017750835760477481
linoleum,hourglass,90,1.5707963267948966,3.9161882893226174,3.979716800612323,linoleum,0.995234039665557,0.001561824791832329,0.001431697928839658,0.0017724376137708733,linoleum,0.9952233891705219,0.0015660502573585347,0.001436799977210301,0.001773760594909311
linoleum,hourglass,90,1.5707963267948966,3.194029850746269,3.923332057660416,linoleum,0.9951913828001236,0.001589466516555255,0.0014734199974230544,0.0017457306858980086,linoleum,0.9952073859853228,0.0015777583869568948,0.0014551099873166776,0.0017597456404036598
linoleum,hourglass,90,1.5707963267948966,4.647531572904708,3.9804822043628016,linoleum,0.9952341468514612,0.0015615788066698012,0.0014312415246812548,0.001773032817187742,linoleum,0.995220766418392,0.001569668596813348,0.0014431757559989662,0.0017663892287957009
linoleum,hourglass,90,1.5707963267948966,3.602755453501722,3.9302206914147217,linoleum,0.9952002510608536,0.0015850704395357655,0.0014674449969821971,0.0017472335026283991,linoleum,0.9952105087396228,0.0015773695181745568,0.0014553103764905818,0.00175681136571205
linoleum,hourglass,90,1.5707963267948966,4.324913892078071,3.979589233320577,linoleum,0.9952340205604288,0.0015618661224440457,0.0014317742755167047,0.0017723390416104956,linoleum,0.9952222646500258,0.0015696178203093013,0.0014435423260036435,0.001764575203661273
linoleum,hourglass,90,1.5707963267948966,4.610792192881745,4.063911213164944,linoleum,0.9951670890667286,0.0015552097610169353,0.0013982383950073402,0.0018794627772473393,linoleum,0.995194676858377,0.0015624137906631178,0.0014208903605054917,0.0018220189904543057
linoleum,hourglass,90,1.5707963267948966,4.073478760045925,4.070927414210996,linoleum,0.9951540419906925,0.0015565260375958723,0.0013969392639707953,0.0018924927077408013,linoleum,0.9951743594245348,0.0015594699141294951,0.0014089148122381435,0.0018572558490975535
linoleum,hourglass,90,1.5707963267948966,4.121699196326062,4.066334991708126,linoleum,0.9951627179385574,0.001555631681742223,0.0013977641501938397,0.0018838862295065912,linoleum,0.9951685386815461,0.001557550797935859,0.0014033394812159915,0.0018705710393020724
linoleum,hourglass,90,1.5707963267948966,4.065442020665901,4.061870136497003,linoleum,0.995170659270397,0.0015548812621183656,0.0013986586242371738,0.0018758008432474688,linoleum,0.9951695989759716,0.0015562160300271123,0.0014009990527265826,0.0018731859412747707
linoleum,hourglass,90,1.5707963267948966,4.111366245694604,4.08355657609389,linoleum,0.9951274905047691,0.001559628881119,0.0013951670339937279,0.0019177135801182125,linoleum,0.9951485447403703,0.001557922455573056,0.0013980830433601554,0.0018954497606964915
linoleum,hourglass,90,1.5707963267948966,3.483352468427095,4.115703533613981,linoleum,0.9950414472867896,0.001571838835761896,0.0013939274864744288,0.0019927863909739896,linoleum,0.99509499601358,0.001564880645667476,0.0013960052649172922,0.0019441180758352405
linoleum,hourglass,90,1.5707963267948966,4.032146957520092,4.047327465237912,linoleum,0.9951931995838706,0.001553247810052164,0.001402206560419479,0.0018513460456576838,linoleum,0.9951440977987254,0.00155906422785982,0.0013991059126683856,0.0018977320607464622
linoleum,hourglass,90,1.5707963267948966,4.101033295063146,4.102691669855848,linoleum,0.995079543169399,0.0015661440433584043,0.0013938641596465723,0.0019604486275960945,linoleum,0.9951118204840621,0.001562604135609112,0.001396485036157479,0.0019290903441712783
linoleum,hourglass,90,1.5707963267948966,2.8668197474167623,3.940681209337925,linoleum,0.9952117765157159,0.0015789429020293046,0.0014588481913587253,0.0017504323908960212,linoleum,0.9951617984998891,0.0015707735188192082,0.0014276666137581022,0.0018397613675336499
linoleum,hourglass,90,1.5707963267948966,3.822043628013777,3.8530424799081513,linoleum,0.9950424757360757,0.0016512500933018228,0.001549382112563295,0.0017568920580590824,linoleum,0.9951021371179825,0.0016110118060605155,0.0014885243631606987,0.001798326712796366
linoleum,hourglass,90,1.5707963267948966,3.739380022962112,3.8159203980099514,linoleum,0.9949198264603173,0.0016970169281804663,0.001601392895279851,0.0017817637162224136,linoleum,0.9950109817891497,0.0016540143671204903,0.0015449586292202743,0.0017900452145093895
linoleum,hourglass,90,1.5707963267948966,2.4041331802525834,3.625079729557341,linoleum,0.9937278349007755,0.0021093809393203564,0.0020359874387545817,0.0021267967211495145,linoleum,0.9943694083449627,0.0018816976532204236,0.0017904730339874282,0.001958420967829452
linoleum,hourglass,90,1.5707963267948966,4.974741676234213,3.726113024620487,linoleum,0.9944863189433795,0.001850243042468874,0.001766872570965981,0.0018965654431855581,linoleum,0.9944278636441711,0.001865970347844649,0.001778672802476705,0.0019274932055075055
linoleum,hourglass,90,1.5707963267948966,3.824339839265213,3.694221201683888,linoleum,0.9942809179573622,0.001921017148395235,0.0018411791079611492,0.001956885786281453,linoleum,0.9943543908007666,0.0018934937481199419,0.001809925955218927,0.001942189495894479
linoleum,hourglass,90,1.5707963267948966,4.278989667049369,3.7826253348641408,linoleum,0.9947825735586617,0.0017464496322178976,0.0016558035386962091,0.0018151732704241594,linoleum,0.9945684821797143,0.00181997169016892,0.0017328647469575683,0.0018786813831593195
linoleum,hourglass,90,1.5707963267948966,4.423650975889782,3.826125781349662,linoleum,0.9949566727480942,0.0016834804762640367,0.0015862163675651661,0.0017736304080766148,linoleum,0.9947625774639042,0.0017517260832164783,0.0016595405572613672,0.0018261558956179673
linoleum,hourglass,90,1.5707963267948966,4.053960964408726,3.82089552238806,linoleum,0.9949380894441863,0.0016903256571585302,0.0015939090721357034,0.001777675826519441,linoleum,0.9948503334540453,0.0017210258701875042,0.0016267248146985352,0.001801915861068704
linoleum,hourglass,90,1.5707963267948966,4.345579793340987,3.9852021941574174,linoleum,0.9952345254235461,0.0015601375491060881,0.0014284903767623179,0.0017768466505856545,linoleum,0.9950424294387956,0.001640581709646796,0.0015276075957304266,0.0017893812558271794
linoleum,hourglass,90,1.5707963267948966,4.185993111366246,4.0256410256410255,linoleum,0.9952175729751165,0.0015531044061577934,0.001409314421058087,0.001820008197667729,linoleum,0.995130001206956,0.0015968430579022946,0.001468461008394257,0.0018046947267474542
linoleum,hourglass,90,1.5707963267948966,4.114810562571757,4.067355530042097,linoleum,0.9951608346000607,0.001555819681173354,0.0013975725100632233,0.0018857732087026605,linoleum,0.9951454179035084,0.0015763313695378242,0.0014330167592287403,0.0018452339677250574
linoleum,hourglass,90,1.5707963267948966,4.385763490241102,4.287536675596377,linoleum,0.9940280295283924,0.0017531277534090191,0.0014687326492139807,0.0027501100689845534,linoleum,0.9945867237159505,0.0016647295614734218,0.0014508747042213605,0.0022976720183548053
linoleum,hourglass,90,1.5707963267948966,4.050516647531572,4.184845005740528,linoleum,0.9947575906622621,0.0016199658640243385,0.0014072122956764496,0.002215231178037214,linoleum,0.9946721571891063,0.00164234771274888,0.001429043499948905,0.0022564515981960097
linoleum,hourglass,90,1.5707963267948966,4.020665901262916,4.206659012629162,linoleum,0.9946365659081755,0.001641721531395977,0.0014159937866783526,0.0023057187737501256,linoleum,0.9946543615486407,0.001642034622072428,0.0014225186433136285,0.002281085185973067
linoleum,hourglass,90,1.5707963267948966,2.8140068886337546,4.043883148360759,linoleum,0.9951978023876903,0.0015530420605769648,0.0014031896141233663,0.0018459659376092949,linoleum,0.9949260819681656,0.0015975383413246963,0.0014128541287184975,0.002063525561791181
linoleum,hourglass,90,1.5707963267948966,3.6911595866819744,3.96249521622656,linoleum,0.995228266451041,0.001568267520489658,0.001442731933964077,0.0017607340945053214,linoleum,0.9950771742096033,0.001582902930907177,0.0014277930313412873,0.0019121298281482512
linoleum,hourglass,150,2.6179938779914944,2.150401836969001,2.150401836969001,linoleum,0.8185280640272637,0.05622407312767871,0.029405000791595446,0.09584286205346207,linoleum,0.8185280640272637,0.05622407312767871,0.029405000791595446,0.09584286205346207
linoleum,hourglass,150,2.6179938779914944,2.9552238805970146,2.552812858783008,linoleum,0.6727539812088785,0.08612714806837798,0.042019949511523255,0.1990989212112202,linoleum,0.7456410226180712,0.07117561059802835,0.03571247515155935,0.14747089163234112
linoleum,hourglass,150,2.6179938779914944,2.9586681974741675,2.6880979716800613,linoleum,0.5904378566121671,0.10340972721078742,0.04961914158225218,0.25653327459479325,linoleum,0.6680394396151191,0.08729266890440789,0.04266580836690577,0.20200208311356718
linoleum,hourglass,150,2.6179938779914944,2.2284730195177955,2.5731917336394945,linoleum,0.6615113163717087,0.08848540852672519,0.043053118693579424,0.20695015640798675,linoleum,0.6647753779934139,0.08788903871556654,0.0428594635302426,0.20447611976077695
linoleum,hourglass,150,2.6179938779914944,2.632606199770379,2.5850746268656715,linoleum,0.6547641613886456,0.08990119116784673,0.043674128522257084,0.21166051892125065,linoleum,0.6597697696910297,0.08889511494170663,0.043266796026249846,0.2080683193410138
linoleum,hourglass,150,2.6179938779914944,2.194029850746269,2.5199004975124377,linoleum,0.6900376268768617,0.08250452074721734,0.04043647498971357,0.18702137738620744,linoleum,0.6749036982839457,0.08569981784446198,0.04185163550798171,0.19754484836361064
linoleum,hourglass,150,2.6179938779914944,2.904707233065442,2.574872888305724,linoleum,0.660565321397339,0.08868389020418578,0.04314014766870125,0.20761064072977392,linoleum,0.6677345098406424,0.08719185402432389,0.04249589158834148,0.20257774454669228
linoleum,hourglass,150,2.6179938779914944,2.637198622273249,2.582663605051665,linoleum,0.6561445606877931,0.0896115101213676,0.0435470227095826,0.2106969064812567,linoleum,0.6619395352642178,0.08840168207284574,0.043021457148962036,0.20663732551397448
linoleum,hourglass,150,2.6179938779914944,2.278989667049369,2.548922056384743,linoleum,0.6748533280067404,0.08568692656851958,0.041827275570536095,0.19763246985420405,linoleum,0.668396431635479,0.08704430432068265,0.04242436635974906,0.2021348976840892
linoleum,hourglass,150,2.6179938779914944,2.850746268656716,2.6267381043500446,linoleum,0.6299962492458187,0.09510060725263772,0.0459587002544537,0.22894444324708987,linoleum,0.6491963404406489,0.09107245578666018,0.04419153330710138,0.21553967046558953
linoleum,hourglass,150,2.6179938779914944,2.5212399540757757,2.5785176680699067,linoleum,0.6585046811077602,0.08911626212279189,0.04332976783497659,0.2090492889344713,linoleum,0.6538505107742045,0.09009435895472603,0.043760650571038985,0.2122944797000304
linoleum,hourglass,150,2.6179938779914944,2.6394948335246844,2.543053960964409,linoleum,0.6779910224277997,0.08502906218530848,0.041539465751296814,0.1954404496355949,linoleum,0.6659207666010021,0.08756171057001726,0.0426500581611679,0.20386746466781264
linoleum,hourglass,150,2.6179938779914944,2.8392652123995408,2.610919760173492,linoleum,0.6396027261627188,0.09308360939080403,0.04507178898464205,0.22224187546183505,linoleum,0.6527617463818606,0.09032265998041066,0.04386092357290498,0.21305467006482387
linoleum,hourglass,150,2.6179938779914944,3.066590126291619,2.659140196453629,linoleum,0.6095543297668503,0.09939375914800536,0.047848775829094164,0.24320313525605028,linoleum,0.6311580380743554,0.09485820956420801,0.045854849700999574,0.22812890266043706
linoleum,hourglass,150,2.6179938779914944,2.3008036739380024,2.671003954586044,linoleum,0.6018174609092489,0.1010189777275583,0.048564982048592456,0.24859857931460025,linoleum,0.6164877494918022,0.09793859364588316,0.04720991587479602,0.23836374098751867
linoleum,hourglass,150,2.6179938779914944,3.0998851894374284,2.6926903941829314,linoleum,0.5873347914384519,0.10406172368311117,0.049906741834414896,0.25869674304402207,linoleum,0.601911270465127,0.10100015866449716,0.048558328854605454,0.24853024201577037
linoleum,hourglass,150,2.6179938779914944,2.376578645235361,2.6637326189565,linoleum,0.6065752309168235,0.10001953180291955,0.048124501939842544,0.24528073534041436,linoleum,0.6042432506909753,0.10050984523370834,0.048341415397224,0.24690548867809237
linoleum,hourglass,150,2.6179938779914944,2.220436280137773,2.6572266870774337,linoleum,0.6107896899816666,0.09913427428306348,0.04773445805803241,0.24234157767723744,linoleum,0.607516470336321,0.09982205975838591,0.04803793672762821,0.2446235331776649
linoleum,hourglass,150,2.6179938779914944,3.175660160734788,2.6933282306416637,linoleum,0.5869022934100954,0.10415259996282938,0.049946831674397785,0.2589982749526774,linoleum,0.5972093818732082,0.10198732986060766,0.048992384201013,0.25181090406517115
linoleum,hourglass,150,2.6179938779914944,2.3513203214695757,2.6744482714631967,linoleum,0.599546415024189,0.10149607151665835,0.04877529362545928,0.2501822198336934,linoleum,0.5983778984486986,0.101741700688633,0.04888383891323614,0.25099656194943226
linoleum,hourglass,150,2.6179938779914944,2.8656716417910446,2.699579027937237,linoleum,0.5826443735527701,0.10504730591939257,0.050341575634192316,0.26196674489364496,linoleum,0.5905111360007343,0.10339450330401279,0.049612707273714224,0.2564816534215386
linoleum,hourglass,150,2.6179938779914944,2.4787600459242247,2.659522898328869,linoleum,0.6093068383638076,0.09944574476621172,0.04787167955418125,0.24337573731579965,linoleum,0.5999089871822709,0.10142012403511225,0.04874219341394774,0.24992869536866913
linoleum,hourglass,150,2.6179938779914944,2.312284730195178,2.5757111876514864,linoleum,0.660092550044095,0.08878308618670437,0.04318364646925733,0.20794071729994346,linoleum,0.6300007686131829,0.09510160511090829,0.04596291994160253,0.22893470633430624
linoleum,hourglass,150,2.6179938779914944,3.1446613088404134,2.669473147085087,linoleum,0.6028232407209073,0.10080769183811392,0.04847185251347257,0.24789721492750622,linoleum,0.6164120046670452,0.0979546484745111,0.04721738622753755,0.23841596063090623
linoleum,hourglass,150,2.6179938779914944,2.397244546498278,2.591401964536293,linoleum,0.6511139169282925,0.09066726589914915,0.04401036466718972,0.2142084525053686,linoleum,0.6337629607976688,0.09431095718683014,0.04561387544736364,0.22631220656813741
linoleum,hourglass,150,2.6179938779914944,2.670493685419058,2.62405919122337,linoleum,0.6316405132455029,0.09475534705283618,0.04580682933581225,0.22779731036584858,linoleum,0.6327017370215859,0.09453315211983317,0.04571035239158795,0.22705475846699302
linoleum,hourglass,150,2.6179938779914944,3.0436280137772678,2.7155249394055363,linoleum,0.5716249551360642,0.10736309289951236,0.05136367428032431,0.2696482776840991,linoleum,0.602163346078825,0.10094812250967276,0.04853701333595613,0.24835151807554606
linoleum,hourglass,150,2.6179938779914944,2.51894374282434,2.642556448526598,linoleum,0.6201439548325653,0.09716958443198473,0.04686921594785673,0.23581724478759328,linoleum,0.6111536504556951,0.09905885347082874,0.04770311464190643,0.24208438143156968
linoleum,hourglass,150,2.6179938779914944,2.225028702640643,2.628524046434494,linoleum,0.6288961545134498,0.09533160933601376,0.04606032382120461,0.22971191232933186,linoleum,0.6200249024845725,0.09719523140342125,0.04688171923155552,0.23589814688045077
linoleum,hourglass,150,2.6179938779914944,2.526980482204363,2.590891695369307,linoleum,0.6514097730215923,0.09060517164959767,0.043983105785277775,0.21400194954353224,linoleum,0.6357173377530825,0.09390020152650946,0.04543241250841665,0.2249500482119915
linoleum,hourglass,150,2.6179938779914944,2.8840413318025258,2.635922949355785,linoleum,0.6243053144209819,0.09629565932905042,0.04648453239985588,0.2329144938501117,linoleum,0.6300113260870321,0.09509793042777995,0.045958472454136264,0.2289322710310516
linoleum,hourglass,150,2.6179938779914944,2.407577497129736,2.646511034570736,linoleum,0.6176428101767432,0.09769487627351901,0.04710049623519618,0.2375618173145417,linoleum,0.6238270681318877,0.09639640335064949,0.04652948434466623,0.23324704417279668
linoleum,hourglass,150,2.6179938779914944,2.904707233065442,2.61984947059574,linoleum,0.6342100787545967,0.09421581472960308,0.04556954650183035,0.22600456001396987,linoleum,0.6290185734432422,0.09530610904012629,0.04604951542324829,0.2296258020933833
linoleum,hourglass,150,2.6179938779914944,2.322617680826636,2.6115575966322235,linoleum,0.639220154821769,0.09316392735268735,0.04510709133730772,0.22250882648823597,linoleum,0.6341193641325056,0.09423501819640681,0.045578303380278004,0.22606731429080962
linoleum,hourglass,150,2.6179938779914944,2.91963260619977,2.6392396989411915,linoleum,0.6222299884525302,0.09673149020496212,0.04667636073089958,0.23436216061160806,linoleum,0.6281746762925179,0.09548325420068446,0.04612733205558879,0.23021473745120885
linoleum,hourglass,150,2.6179938779914944,2.7049368541905854,2.6016073478760045,linoleum,0.6451422777852739,0.09192070098212479,0.044560801488070886,0.21837621974453036,linoleum,0.636658477038896,0.09370197759140464,0.045344066771829845,0.22429547859786964
linoleum,hourglass,150,2.6179938779914944,2.907003444316877,2.6447250924862864,linoleum,0.6187742352612751,0.09745725120620155,0.04699586724666248,0.23677264628586092,linoleum,0.6277163561500855,0.09557961439880307,0.04616996700924616,0.23053406244186522
linoleum,hourglass,150,2.6179938779914944,2.895522388059702,2.7192243908661817,linoleum,0.5690367317444835,0.10790709020757994,0.05160384764463104,0.2714523304033053,linoleum,0.5983765439472846,0.10174335230319151,0.048886907326938595,0.2509931964225853
linoleum,hourglass,150,2.6179938779914944,2.269804822043628,2.690649317514989,linoleum,0.5887163029416388,0.1037714453027535,0.04977869224458765,0.25773355951102,linoleum,0.5935464234444617,0.10275739880297252,0.049332799785763125,0.2543633779668027
linoleum,hourglass,150,2.6179938779914944,2.656716417910448,2.665390993749203,linoleum,0.6054945230245977,0.10024654583160059,0.048224541148469045,0.24603438999533264,linoleum,0.5995204732345297,0.10150197231728655,0.048778670467116085,0.25019888398106765
linoleum,hourglass,150,2.6179938779914944,2.6199770378874856,2.6889909427222864,linoleum,0.5898359886814954,0.1035361854415971,0.049674919551583804,0.2569529063253237,linoleum,0.5946782309580126,0.10251907887944184,0.04922679500934995,0.25357589515319573
linoleum,hourglass,150,2.6179938779914944,2.578645235361653,2.652761831866309,linoleum,0.6136585715166998,0.09853168970244368,0.04746902191713588,0.2403407168637207,linoleum,0.6041684012373562,0.10052538429094274,0.0483479084632429,0.24695830600845814
linoleum,hourglass,150,2.6179938779914944,2.571756601607348,2.680443934175277,linoleum,0.5955666934380699,0.10233215626810452,0.0491439218614118,0.25295722843241375,linoleum,0.5998675473377132,0.10142877027952364,0.048745915162327354,0.24995776722043597
linoleum,hourglass,150,2.6179938779914944,3.0941446613088406,2.69983416252073,linoleum,0.582469834956949,0.10508398261008166,0.050357759157457674,0.26208842327551174,linoleum,0.5911686911473311,0.10325637644480265,0.04955183715989252,0.25602309524797384
linoleum,hourglass,150,2.6179938779914944,3.83467278989667,2.825360377599184,linoleum,0.49029858841903196,0.12447726668282302,0.05893044508304793,0.3262936998150971,linoleum,0.5407336397831815,0.11386682156381284,0.05424114112147022,0.2911583975315355
linoleum,hourglass,150,2.6179938779914944,3.742824339839265,2.9182293659905603,linoleum,0.4164236819814931,0.1401010336169708,0.06585558671369543,0.37761969768784065,linoleum,0.47857866088233725,0.12698392759039182,0.06004836391758282,0.3343890476096881
linoleum,hourglass,150,2.6179938779914944,2.545350172215844,2.8793213420079087,linoleum,0.44771178790435184,0.1334699787913916,0.06291431037314035,0.35590392293111633,linoleum,0.46314522439334455,0.13022695319089173,0.06148133714536159,0.3451464852704022
linoleum,hourglass,150,2.6179938779914944,2.1205510907003444,2.862737594080878,linoleum,0.460925992372415,0.13067620949206693,0.06167606546225369,0.3467217326732642,linoleum,0.4620356083828798,0.13045158134147936,0.061578701303807645,0.34593410897183324
linoleum,hourglass,150,2.6179938779914944,2.6176808266360507,2.8584003061615,linoleum,0.4643657604793739,0.1299495238930668,0.061354073455709014,0.34433064217185033,linoleum,0.46320068443112683,0.1302005526172731,0.06146638737975833,0.3451323755718418
linoleum,hourglass,150,2.6179938779914944,2.700344431687715,2.867330016583748,linoleum,0.4572761662989604,0.13144751431267387,0.06201786699894143,0.3492584523894244,linoleum,0.4602384253650436,0.13082403346497348,0.06174212718934988,0.3471954139806331
linoleum,hourglass,150,2.6179938779914944,2.8254879448909302,2.894756984309223,linoleum,0.4353377527045812,0.13608953018858877,0.06407584089504988,0.3644968762117801,linoleum,0.4477880890348124,0.1334567818267811,0.06290898404219988,0.3558461450962066
linoleum,hourglass,150,2.6179938779914944,3.2479908151549943,2.9698941191478507,cell_carpet,0.3746746639860813,0.14899636484215917,0.06980718302741958,0.40652178814434,linoleum,0.41123137651044683,0.14122657333447014,0.06635808353480974,0.3811839666202733
linoleum,hourglass,150,2.6179938779914944,2.5614236509758896,2.9107028957775225,linoleum,0.42249821646625413,0.13881161312497414,0.06528338184508353,0.3734067885636882,linoleum,0.4168647964883505,0.14001909322972214,0.06582073268994663,0.37729537759198073
linoleum,hourglass,150,2.6179938779914944,2.731343283582089,2.788110728409236,linoleum,0.5188305593944762,0.11846681677847688,0.05627067571646351,0.30643194811058344,linoleum,0.46784767794141335,0.12924295500409952,0.06104570420320507,0.3418636628512821
linoleum,hourglass,150,2.6179938779914944,2.709529276693456,2.673300165837479,linoleum,0.6003046652083438,0.1013367790887641,0.0487050714995176,0.2496534842033745,linoleum,0.5340761715748785,0.11528986704643181,0.05487538785136134,0.2957585735273283
linoleum,hourglass,150,2.6179938779914944,2.249138920780712,2.640387804566909,linoleum,0.6215091100768064,0.09688288240741147,0.046743002261103915,0.23486500525467813,linoleum,0.5777926408258426,0.10608637472692166,0.05080919505623264,0.26531178939100325
linoleum,hourglass,150,2.6179938779914944,2.795637198622273,2.71539737211379,linoleum,0.5717139937221314,0.10734437910536815,0.051355412674594196,0.2695862144979063,linoleum,0.5747533172739869,0.10671537691614491,0.05108230386541342,0.26744900194445476
linoleum,hourglass,150,2.6179938779914944,2.950631458094145,2.752391886720245,linoleum,0.5453215138653286,0.11289307351494994,0.05380632731604278,0.2879790853036788,linoleum,0.5600374155696577,0.10980422521554742,0.0524443155907281,0.27771404362406676
linoleum,hourglass,150,2.6179938779914944,2.150401836969001,2.6912871539737213,linoleum,0.5882849874102397,0.10386207114146483,0.04981866875343565,0.2580342726948599,linoleum,0.5741612014899486,0.10683314817850612,0.05113149217208188,0.26787415815946336
linoleum,hourglass,150,2.6179938779914944,3.429391504018369,2.758387549432326,linoleum,0.5409405553952219,0.11381448620573807,0.05421356285106565,0.2910313955479743,linoleum,0.5575508784425853,0.11032381719212209,0.052672527511573766,0.27945277685371883
linoleum,hourglass,150,2.6179938779914944,3.563719862227325,2.793468554662584,linoleum,0.514779666939698,0.11931963895803702,0.05664792707033123,0.3092527670319338,linoleum,0.5361652726911417,0.11482172807507955,0.0546602272909525,0.2943527719428263
linoleum,hourglass,150,2.6179938779914944,2.3616532721010333,2.771271845898712,linoleum,0.5314344037801709,0.11581428537590233,0.055097625030775976,0.29765368581315077,linoleum,0.5337998382356564,0.11531800672549095,0.05487892616086423,0.2960032288779885
linoleum,hourglass,150,2.6179938779914944,2.6842709529276694,2.766041586937109,linoleum,0.5353081754916632,0.11499928675922244,0.054737299464831045,0.29495523828428327,linoleum,0.5345540068636598,0.1151586467423567,0.05480811281284764,0.2954792335811359
linoleum,hourglass,150,2.6179938779914944,2.1997703788748564,2.709401709401709,linoleum,0.575882855456633,0.10646821885661882,0.050968649770640695,0.26668027591610743,linoleum,0.5552184311601465,0.11081343279948776,0.05288838129174417,0.2810797547486217
linoleum,hourglass,150,2.6179938779914944,2.7853042479908154,2.7689756346472763,linoleum,0.5331375464154673,0.11545594942812407,0.05493919245997278,0.29646731169643603,linoleum,0.5441779887878069,0.11313469111380592,0.053913786875858474,0.28877353322252886
linoleum,hourglass,150,2.6179938779914944,2.506314580941446,2.7368286771271846,linoleum,0.5565615434206891,0.11052956562505928,0.052762029751590514,0.28014686120266113,linoleum,0.5503697661042479,0.1118321283694326,0.053337908313724494,0.28446019721259497
linoleum,hourglass,150,2.6179938779914944,2.99081515499426,2.7412935323383087,linoleum,0.5533567801427431,0.11120337891718533,0.053059703853967674,0.2823801370861038,linoleum,0.5518632731234956,0.11151775364330896,0.053198806083846084,0.28342016714934937
linoleum,hourglass,150,2.6179938779914944,3.1733639494833525,2.8549559892843472,linoleum,0.4670920495053991,0.12937371975171116,0.06109896152400244,0.3424352692188871,linoleum,0.5094776613144475,0.12044573669751008,0.057148883803924265,0.3129277181841183
linoleum,hourglass,150,2.6179938779914944,2.4787600459242247,2.7493302717183314,linoleum,0.5475478569834601,0.11242486977494141,0.05359942048591742,0.28642785275568106,linoleum,0.5285127591489538,0.11643530323622575,0.05537415214492084,0.29967778546989965
linoleum,hourglass,150,2.6179938779914944,2.8645235361653274,2.671641791044776,linoleum,0.6013977360233754,0.10110715096002337,0.048603848269019256,0.24889126474758191,linoleum,0.5649552475861646,0.10877122709812456,0.051989000206970046,0.2742845251087408
linoleum,hourglass,150,2.6179938779914944,3.0264064293915043,2.74550325296594,linoleum,0.5503204218988984,0.11184183554966304,0.05334179179528469,0.2844959507561538,linoleum,0.5576378347425315,0.1103065313238938,0.052665396001127365,0.2793902379324473
linoleum,hourglass,150,2.6179938779914944,2.4626865671641798,2.720882765658885,linoleum,0.567872679592661,0.10815176189353594,0.051711878324004146,0.2722636801897989,linoleum,0.5627552571675963,0.10922914660871488,0.05218863716256576,0.27582695906112314
linoleum,hourglass,150,2.6179938779914944,2.6314580941446613,2.7688480673555302,linoleum,0.5332320528745953,0.11543606619362638,0.054930401667771536,0.29640147926400673,linoleum,0.5479936550210958,0.11233260640117063,0.05355951941516865,0.28611421916256496
linoleum,hourglass,150,2.6179938779914944,3.1354764638346726,2.807756091338181,linoleum,0.5038872397386835,0.12161359820487014,0.05766291135556718,0.3168362507008792,linoleum,0.5259404473798897,0.11697310230302038,0.05561121538536791,0.30147523493172207
linoleum,hourglass,150,2.6179938779914944,3.8576349024110215,2.957902793723689,cell_carpet,0.3843529405702339,0.14692838986740064,0.0688878192733727,0.3998308502889927,linoleum,0.4551466939750618,0.1319507460852105,0.062249517329370306,0.35065304261035735
linoleum,hourglass,150,2.6179938779914944,5.702640642939151,3.259216736828677,cell_carpet,0.16771139715742794,0.19534514537436085,0.09066605944418726,0.546277398024024,cell_carpet,0.31142904556624484,0.1636479457297857,0.07645778838677879,0.44846522031719066
linoleum,hourglass,150,2.6179938779914944,2.205510907003444,3.1516775098864653,cell_carpet,0.23592829953588723,0.17936096852525296,0.0833900999192374,0.5013206320196224,cell_carpet,0.27367867255106604,0.17150445712751933,0.0799239441530081,0.4748929261684065
linoleum,hourglass,150,2.6179938779914944,2.1630309988518945,3.116596504656206,cell_carpet,0.26087488813251214,0.1737567296225551,0.0808664965682499,0.48450188567668284,cell_carpet,0.2672767803417891,0.17263059337503722,0.080395220360629,0.4796974059225447
linoleum,hourglass,150,2.6179938779914944,2.2789896670493683,3.051537185865544,cell_carpet,0.30986705754677846,0.16297188011566313,0.07603511451156844,0.45112594782599,cell_carpet,0.2885719189442838,0.1678012367453502,0.07821516743609871,0.4654116768742673
linoleum,hourglass,150,2.6179938779914944,2.70723306544202,3.0160734787600463,cell_carpet,0.3377010858887613,0.15693820916666792,0.07334273793994904,0.4320179670046218,cell_carpet,0.3131365024165226,0.16236972295600904,0.07577895268802387,0.44871482193944456
linoleum,hourglass,150,2.6179938779914944,2.812858783008037,3.054981502742697,cell_carpet,0.3071995064393845,0.1635531751619325,0.07629484936273317,0.4529524690359497,cell_carpet,0.31016800442795356,0.16296144905897075,0.07603690102537852,0.4508336454876971
linoleum,hourglass,150,2.6179938779914944,2.244546498277842,3.011991325424161,cell_carpet,0.34094216237898073,0.1562390198424141,0.07303112680582359,0.4297876909727817,cell_carpet,0.32555508340346717,0.15960023445069244,0.07453401391560105,0.4403106682302394
linoleum,hourglass,150,2.6179938779914944,3.1779563719862227,3.016711315218778,cell_carpet,0.3371952701584091,0.15704738599612655,0.07339140197559534,0.4323659418698691,cell_carpet,0.33137517678093814,0.1583238102234095,0.0739627079455982,0.4363383050500542
linoleum,hourglass,150,2.6179938779914944,2.9552238805970146,2.9164434239061108,linoleum,0.41786573914615605,0.13979483637214418,0.06571969344588621,0.3766197310358134,cell_carpet,0.37462045796354715,0.14905932329777685,0.06984120069574222,0.4064790180429339
linoleum,hourglass,150,2.6179938779914944,2.524684270952928,2.563337160352086,linoleum,0.6669997197078141,0.08733401716373212,0.04254848076287876,0.2031177823655749,linoleum,0.5208100888356806,0.11819667023075449,0.05619484072931049,0.3047984002042544
linoleum,hourglass,150,2.6179938779914944,2.8025258323765785,2.629672152060212,linoleum,0.6281872973919055,0.09548046025599313,0.046125811984751866,0.23020643036734964,linoleum,0.574498693113793,0.10683856524337382,0.051160326357031174,0.26750241528580204
linoleum,hourglass,150,2.6179938779914944,2.1607347876004592,2.629417017476719,linoleum,0.6283449329488372,0.0954473586460843,0.04611124833202794,0.23009646007305057,linoleum,0.6014218130313151,0.10114296194472905,0.04863578734452956,0.2487994376794263
linoleum,hourglass,150,2.6179938779914944,2.322617680826636,2.634264574563082,linoleum,0.6253389527240382,0.09607859465962508,0.04638900430196472,0.23219344831437197,linoleum,0.6133803828776767,0.09861077830217707,0.047512395823247136,0.24049644299689915
rubber_carpet,straight,-180,-3.141592653589793,2.64638346727899,2.64638346727899,cell_carpet,0.1701320031643068,0.22156930791553886,0.13777634592249682,0.47052234299765755,cell_carpet,0.1701320031643068,0.22156930791553886,0.13777634592249682,0.47052234299765755
rubber_carpet,straight,-180,-3.141592653589793,4.011481056257176,3.3289322617680828,cell_carpet,0.012376113963231277,0.31134857499431456,0.20470173236985287,0.4715735786726013,cell_carpet,0.09125405856376903,0.2664589414549267,0.17123903914617483,0.47104796083512945
rubber_carpet,straight,-180,-3.141592653589793,2.8358208955223883,3.164561806352852,cell_carpet,0.025725804708061687,0.29085552409590404,0.1872611418676756,0.4961575293283587,cell_carpet,0.05848993163591536,0.2786572327754154,0.1792500905069252,0.48360274508174406
rubber_carpet,straight,-180,-3.141592653589793,3.574052812858783,3.2669345579793343,cell_carpet,0.016361229924914695,0.3035505094434749,0.1978917892083745,0.482196471423236,cell_carpet,0.037425580780415024,0.29110387110944513,0.18857093985764983,0.48289960825249
rubber_carpet,straight,-180,-3.141592653589793,2.816303099885189,3.176808266360505,cell_carpet,0.024390521483945354,0.29236774020592027,0.1884979086359519,0.4947438296741825,cell_carpet,0.03090805113218019,0.2917358056576827,0.18853442424680086,0.48882171896333626
rubber_carpet,straight,-180,-3.141592653589793,2.9621125143513205,3.141025641025641,cell_carpet,0.0284782721112093,0.28795010067223065,0.18490722608626012,0.4986644011303,cell_carpet,0.029693161621694747,0.2898429531649567,0.1867208251665305,0.4937430600468181
rubber_carpet,straight,-180,-3.141592653589793,3.800229621125144,3.2351976381827128,cell_carpet,0.018853987967105735,0.2995971723405387,0.19452082707441287,0.48702801261794265,cell_carpet,0.024273574794400243,0.2947200627527477,0.1906208261204717,0.4903855363323804
rubber_carpet,straight,-180,-3.141592653589793,3.21699196326062,3.232921928817452,cell_carpet,0.019045861132884027,0.29931448758372675,0.19428188336808436,0.4873577679153049,cell_carpet,0.021659717963642133,0.2970172751682372,0.19245135474427805,0.48887165212384265
rubber_carpet,straight,-180,-3.141592653589793,2.7267508610792195,3.176680699068759,cell_carpet,0.02440410071923066,0.2923519841298364,0.18848498147215675,0.4947589336787762,cell_carpet,0.023031909341436396,0.2946846296490368,0.1904681681082174,0.49181529290130943
rubber_carpet,straight,-180,-3.141592653589793,3.4052812858783006,3.2610026789131266,cell_carpet,0.016801990410525366,0.30280990317026163,0.19725611363233106,0.4831319927868819,cell_carpet,0.01991694987598088,0.2987472664096492,0.19386214087027423,0.48747364284409567
rubber_carpet,straight,-180,-3.141592653589793,3.253731343283582,3.176808266360505,cell_carpet,0.024390521483945354,0.29236774020592027,0.1884979086359519,0.4947438296741825,cell_carpet,0.022153735679963118,0.29555750330778474,0.19118002475311308,0.4911087362591391
rubber_carpet,straight,-180,-3.141592653589793,3.39150401836969,3.238550835565761,cell_carpet,0.01857457131429142,0.3000138768158216,0.19487356357586255,0.4865379882940245,cell_carpet,0.02036415349712727,0.29778569006180317,0.1930267941644878,0.4888233622765818
rubber_carpet,straight,-180,-3.141592653589793,2.77382319173364,3.1496364332185234,cell_carpet,0.02744209621273596,0.2890130718657378,0.18576503109451256,0.49777980082701373,cell_carpet,0.023903124854931616,0.2933993809637705,0.18939591262950017,0.49330158155179776
rubber_carpet,straight,-180,-3.141592653589793,2.7233065442020665,3.139303482587065,cell_carpet,0.02868964554601463,0.2877374859865882,0.18473611728757,0.4988367511798272,cell_carpet,0.026296385200473123,0.29056843347517936,0.1870660149585351,0.49606916636581244
rubber_carpet,straight,-180,-3.141592653589793,3.569460390355913,3.2067865799209083,cell_carpet,0.021383993201657302,0.2960741329240585,0.19156291206219422,0.49097896181209,cell_carpet,0.02384018920106521,0.2933212831996189,0.18931446351036466,0.4935240640889512
rubber_carpet,straight,-180,-3.141592653589793,3.376578645235361,3.159714249266488,cell_carpet,0.02627234160830034,0.29025708721898874,0.18677390638508246,0.49669666478762836,cell_carpet,0.025056265404682775,0.29178918520930386,0.18804418494772357,0.4951103644382898
rubber_carpet,straight,-180,-3.141592653589793,2.938002296211251,3.128715397372114,cell_carpet,0.030020115020862874,0.28643003315484467,0.18368732747964764,0.4998625243446449,cell_carpet,0.027538190212772824,0.2891096091820743,0.18586575621368562,0.4974864443914674
rubber_carpet,straight,-180,-3.141592653589793,2.665901262916188,3.1219543309095545,cell_carpet,0.03089801026331987,0.2855948172921823,0.18302042694620207,0.5004867454982957,cell_carpet,0.029218100238046347,0.2873522132371283,0.18444309157994385,0.49898659494488157
rubber_carpet,straight,-180,-3.141592653589793,2.9425947187141217,3.070544712335757,cell_carpet,0.038341563109317245,0.2792263220531733,0.17801341339392698,0.5044187014435824,cell_carpet,0.033779831673681794,0.28328926764515083,0.18122825248693541,0.5017026481942319
rubber_carpet,straight,-180,-3.141592653589793,3.195177956371986,3.064038780456691,cell_carpet,0.03938587212107717,0.2784170468608363,0.1773869128222703,0.5048101681958164,cell_carpet,0.03658285189737948,0.28085315725299353,0.17930758265460284,0.5032564081950242
rubber_carpet,straight,-180,-3.141592653589793,3.960964408725603,3.127312157162903,cell_carpet,0.030200484507672175,0.28625671194588637,0.18354873746949685,0.4999940660769447,cell_carpet,0.03339166820252583,0.2835549345994399,0.18142816006204984,0.5016252371359844
rubber_carpet,straight,-180,-3.141592653589793,2.4385763490241104,3.090062507972956,cell_carpet,0.03535024985749869,0.2816489075819829,0.17990193106101324,0.5030989114995053,cell_carpet,0.03437095903001226,0.2826019210907114,0.18066504556153154,0.5023620743177448
rubber_carpet,straight,-180,-3.141592653589793,3.656716417910448,3.193774716162776,cell_carpet,0.02264458951612589,0.29446434823889434,0.1902258060041363,0.4926652562408435,cell_carpet,0.028507774273069077,0.2885331346648029,0.1854454257828339,0.4975136652792942
rubber_carpet,straight,-180,-3.141592653589793,3.1699196326062,3.14938129863503,cell_carpet,0.027472306691387626,0.28898157796370233,0.18573955969396702,0.4978065556509431,cell_carpet,0.027990040482228352,0.2887573563142526,0.18559249273840045,0.49766011046511865
rubber_carpet,straight,-180,-3.141592653589793,2.7014925373134324,3.074371731088149,cell_carpet,0.03773843026567382,0.27970192962584656,0.17838262162803403,0.5041770184804456,cell_carpet,0.032864235373951084,0.2842296429700496,0.18198755718321724,0.5009185644727822
rubber_carpet,straight,-180,-3.141592653589793,3.1572904707233067,3.098737083811711,cell_carpet,0.03408703004840629,0.2827234800823541,0.18074593366836822,0.5024435562008713,cell_carpet,0.03347563271117869,0.2834765615262018,0.18136674542579273,0.5016810603368267
rubber_carpet,straight,-180,-3.141592653589793,3.6165327210103335,3.204362801377727,cell_carpet,0.021613799042395517,0.29577412229914174,0.19131303279901907,0.4912990458594437,cell_carpet,0.02754471587678711,0.2896253419126718,0.18633988911240593,0.49649005309813526
rubber_carpet,straight,-180,-3.141592653589793,3.1400688863375428,3.2263043755581067,cell_carpet,0.01961425024246402,0.29849299138869967,0.193589089653431,0.48830366871540526,cell_carpet,0.023579483059625567,0.29405916665068577,0.18996448938291846,0.49239686090677026
rubber_carpet,straight,-180,-3.141592653589793,2.576349024110218,3.157545605306799,cell_carpet,0.026520210959891762,0.2899893808744498,0.18655634780624814,0.4969340603594103,cell_carpet,0.025049847009758666,0.2920242737625678,0.1882604185945833,0.49466546063309025
rubber_carpet,straight,-180,-3.141592653589793,3.3088404133180256,3.0850873835948467,cell_carpet,0.03609291602416271,0.28103206188895175,0.17941920239052161,0.5034558196963639,cell_carpet,0.030571381516960688,0.28652816782575974,0.18383981049255246,0.49906064016472707
rubber_carpet,straight,-180,-3.141592653589793,3.2583237657864528,3.176170429901773,cell_carpet,0.02445848632148972,0.29228896078065836,0.18843328225056075,0.4948192706472911,cell_carpet,0.0275149339192252,0.28940856430320905,0.1861365463715566,0.4969399554060091
rubber_carpet,straight,-180,-3.141592653589793,3.25947187141217,3.13203214695752,cell_carpet,0.029597573222113933,0.2868396552952772,0.18401527761623102,0.49954749386637787,cell_carpet,0.028556253570669567,0.28812410979924313,0.1850759119938938,0.4982437246361935
rubber_carpet,straight,-180,-3.141592653589793,2.486796785304248,3.056129608368414,cell_carpet,0.04068809207239932,0.2774318665678025,0.17662716223136038,0.5052528791284377,cell_carpet,0.034622172821534444,0.28277798818352284,0.18085153711262708,0.5017483018823157
rubber_carpet,straight,-180,-3.141592653589793,2.8679678530424795,3.074626865671642,cell_carpet,0.03769851299799517,0.2797336258080563,0.1784072537967375,0.504160607397211,cell_carpet,0.03616034290976481,0.2812558069957896,0.17962939545468232,0.5029544546397634
rubber_carpet,straight,-180,-3.141592653589793,3.30654420206659,3.091210613598673,cell_carpet,0.035180758647717726,0.2817911975691347,0.1800134658470724,0.5030145779360752,cell_carpet,0.03567055077874127,0.28152350228246215,0.17982143065087736,0.5029845162879193
rubber_carpet,straight,-180,-3.141592653589793,3.381171067738232,3.0650593187906616,cell_carpet,0.039220466295268964,0.2785440562233121,0.1774850933432441,0.5047503841381749,cell_carpet,0.037445508537005116,0.2800337792528871,0.17865326199706072,0.5038674502130471
rubber_carpet,straight,-180,-3.141592653589793,2.8300803673938,3.030616150019135,cell_carpet,0.04514085390460635,0.2742421408199318,0.1741891120249113,0.5064278932505506,cell_carpet,0.04129318122080573,0.27713796003640945,0.17642118701098602,0.5051476717317989
rubber_carpet,straight,-180,-3.141592653589793,2.7887485648679675,3.0542160989922182,cell_carpet,0.041008600603709776,0.2771932787401524,0.1764436495411502,0.5053544711149877,cell_carpet,0.04115089091225775,0.27716561938828094,0.1764324182760681,0.5052510714233933
rubber_carpet,straight,-180,-3.141592653589793,1.340987370838117,2.835565760938895,cell_carpet,0.09395582784156029,0.24883000489072676,0.155843650568753,0.5013705166989599,cell_carpet,0.06755335937690901,0.26299781213950385,0.16613803442241054,0.5033107940611766
rubber_carpet,straight,-180,-3.141592653589793,4.269804822043628,2.94795254496747,cell_carpet,0.062440561274376395,0.26373654526579204,0.16638512020452964,0.507437773255302,cell_carpet,0.0649969603256427,0.2633671787026479,0.16626157731347008,0.5053742836582393
rubber_carpet,straight,-180,-3.141592653589793,4.533869115958668,3.08955223880597,cell_carpet,0.03542580632067008,0.2815856606565125,0.17985237654121342,0.5031361564816039,cell_carpet,0.05021138332315639,0.27247641967958025,0.17305697692734173,0.5042552200699216
rubber_carpet,straight,-180,-3.141592653589793,3.152698048220436,3.16354126801888,cell_carpet,0.02584000617296738,0.2907295324712028,0.18715845856565838,0.4962720027901713,cell_carpet,0.03802569474806188,0.28160297607539153,0.18010771774650006,0.5002636114300465
rubber_carpet,straight,-180,-3.141592653589793,2.7520091848450057,3.1506569715524937,cell_carpet,0.02732155141127665,0.2891390470604066,0.18586695071294468,0.497672450815372,cell_carpet,0.03267362307966928,0.2853710115678991,0.18298733422972238,0.4989680311227093
rubber_carpet,straight,-180,-3.141592653589793,3.717566016073479,3.196326061997704,cell_carpet,0.022392158456684092,0.29477984547676045,0.190487148075866,0.49234084799068945,cell_carpet,0.027532890768176686,0.2900754285223298,0.1867372411527942,0.4956544395566994
rubber_carpet,straight,-180,-3.141592653589793,3.073478760045924,3.16213802780967,cell_carpet,0.025997779395762068,0.29055629860222326,0.18701736285710205,0.49642855914491274,cell_carpet,0.026765335081969377,0.29031586356227657,0.18687730200494812,0.4960414993508061
rubber_carpet,straight,-180,-3.141592653589793,2.5855338691159586,3.1349661946676872,cell_carpet,0.029228190427708498,0.2872019653433104,0.18430583038210357,0.4992640138468776,cell_carpet,0.027996762754838936,0.28875891445279345,0.18559156619352585,0.49765275659884184
rubber_carpet,straight,-180,-3.141592653589793,2.774971297359357,3.13343538716673,cell_carpet,0.029420398301767084,0.2870129391969768,0.18415418537139058,0.4994124771298656,cell_carpet,0.02870858052830301,0.2878859268248851,0.1848728757824582,0.4985326168643537
rubber_carpet,straight,-180,-3.141592653589793,3.225028702640643,3.3427733129225667,cell_carpet,0.01162692443167692,0.3131058733453805,0.20626581159370505,0.4690013906292375,cell_carpet,0.020167752479989965,0.3004959000851328,0.19556934368808163,0.4837670037467956
rubber_carpet,straight,-180,-3.141592653589793,3.499425947187141,3.257175660160735,cell_carpet,0.0170923371433827,0.3023325312275941,0.1968473957836942,0.4837277358453291,cell_carpet,0.018630044811686335,0.3014142156563635,0.1962083697358879,0.48374736979606237
rubber_carpet,straight,-180,-3.141592653589793,2.8828932261768085,3.073733894629417,cell_carpet,0.03783838248373581,0.2796226832446397,0.17832105127532477,0.5042178829962998,cell_carpet,0.028234213647711073,0.2905184494505016,0.18726471050560634,0.49398262639618107
rubber_carpet,straight,-180,-3.141592653589793,2.4902411021814013,3.0001275672917465,cell_carpet,0.05099107539097379,0.2704018625750097,0.17129709840931903,0.5073099636246975,cell_carpet,0.03961264451934243,0.28046015601275565,0.1792809044574627,0.5006462950104393
rubber_carpet,straight,-180,-3.141592653589793,2.754305396096441,3.00038270187524,cell_carpet,0.05093963380079361,0.27043414769999385,0.1713212183842288,0.5073050001149838,cell_carpet,0.04527613916006802,0.27544715185637475,0.17530106142084576,0.5039756475627115
rubber_carpet,straight,-180,-3.141592653589793,3.468427095292767,2.9727005995662714,cell_carpet,0.05677518253273337,0.26691455448862395,0.16871057130187905,0.5075996916767636,cell_carpet,0.0510256608464007,0.27118085317249935,0.17200581636136242,0.5057876696197375
rubber_carpet,straight,-180,-3.141592653589793,3.247990815154994,2.9920908279117238,cell_carpet,0.05263351765199883,0.2693834772549795,0.1705379248124955,0.507445080280526,cell_carpet,0.05182958924919977,0.27028216521373943,0.17127187058692894,0.5066163749501318
rubber_carpet,straight,-180,-3.141592653589793,2.6969001148105627,3.004464855211124,cell_carpet,0.050122374995637584,0.27095034666189405,0.17170730685073143,0.5072199714917368,cell_carpet,0.05097598212241869,0.2706162559378168,0.17148958871883022,0.5069181732209344
rubber_carpet,straight,-180,-3.141592653589793,3.143513203214696,3.045413955861717,cell_carpet,0.042510714000623735,0.2760944997465934,0.17560091997181754,0.5057938662809653,cell_carpet,0.04674334806152121,0.2733553778422051,0.17354525434532386,0.5063560197509498
rubber_carpet,straight,-180,-3.141592653589793,2.6590126291618827,2.982523281030744,cell_carpet,0.05464513223118141,0.26816742967384327,0.16963556880493724,0.5075518692900379,cell_carpet,0.05069424014635132,0.2707614037580242,0.17159041157513058,0.5069539445204939
rubber_carpet,straight,-180,-3.141592653589793,3.7106773823191737,3.0059956627120807,cell_carpet,0.04981870997456907,0.27114374739335273,0.17185217381616805,0.5071853688159101,cell_carpet,0.050256475060460194,0.27095257557568847,0.1717212926956493,0.507069656668202
rubber_carpet,straight,-180,-3.141592653589793,1.5683122847301951,2.859931113662457,cell_carpet,0.086280607393389,0.25213610288957433,0.15813337247246517,0.5034499172445714,cell_carpet,0.06826854122692459,0.26154433923263143,0.16492733258405723,0.5052597869563867
rubber_carpet,straight,-180,-3.141592653589793,4.3524684270952925,3.066845260875112,cell_carpet,0.038932436294174824,0.27876626423431833,0.17765699278715666,0.5046443066843501,cell_carpet,0.05360048876054971,0.2701553017334749,0.17129216268560693,0.5049520468203684
rubber_carpet,straight,-180,-3.141592653589793,4.032146957520092,3.2088276565888503,cell_carpet,0.02119222396214384,0.29632683128158527,0.19177362914517074,0.4907073156111001,cell_carpet,0.037396356361346784,0.28324106650753017,0.18153289591538888,0.4978296812157343
rubber_carpet,straight,-180,-3.141592653589793,3.636050516647531,3.2274524811838243,cell_carpet,0.019514514765246956,0.29863546162190435,0.1937090698780088,0.48814095373484,cell_carpet,0.02845543556329687,0.29093826406471723,0.18762098289669882,0.4929853174752872
rubber_carpet,straight,-180,-3.141592653589793,2.6670493685419063,3.162903431560148,cell_carpet,0.025911613988228215,0.2906507891739768,0.1870943107129256,0.4963432861248694,cell_carpet,0.02718352477576254,0.290794526619347,0.1873576468048122,0.49466430180007825
rubber_carpet,straight,-180,-3.141592653589793,3.446613088404133,3.2462048730705444,cell_carpet,0.01795130242034508,0.30096587164845495,0.1956817012699473,0.48540112466125274,cell_carpet,0.02256741359805381,0.29588019913390096,0.19151967403737974,0.4900327132306655
rubber_carpet,straight,-180,-3.141592653589793,3.404133180252583,3.2751626482969765,cell_carpet,0.015768142519472624,0.30457923014319327,0.19877794864576082,0.48087467869157335,cell_carpet,0.019167778058763216,0.3002297146385471,0.19514881134157028,0.4854536959611194
rubber_carpet,straight,-180,-3.141592653589793,2.755453501722158,3.285878300803674,cell_carpet,0.015026711961478938,0.30592158721957396,0.1999398591467503,0.4791118416721969,cell_carpet,0.017097245010121078,0.3030756509290605,0.1975443352441603,0.48228276881665816
rubber_carpet,straight,-180,-3.141592653589793,2.571756601607348,3.1593315473912487,cell_carpet,0.026315931284326025,0.2902098443767957,0.18673549517257926,0.4967387291662991,cell_carpet,0.02170658814722355,0.2966427476529281,0.19213991520836976,0.4895107489914786
rubber_carpet,straight,-180,-3.141592653589793,3.096440872560275,3.3291236127057022,cell_carpet,0.012365433105736278,0.31137282526366233,0.2047232424792901,0.4715384991513112,cell_carpet,0.017036010626479914,0.3040077864582952,0.19843157884382995,0.4805246240713949
rubber_carpet,straight,-180,-3.141592653589793,3.4431687715269805,3.228090317642556,cell_carpet,0.019459311032580636,0.29871462143740796,0.19377576443929745,0.488050303090714,cell_carpet,0.018247660829530277,0.3013612039478516,0.1961036716415637,0.48428746358105446
rubber_carpet,straight,-180,-3.141592653589793,3.2261768082663607,3.138538078836586,cell_carpet,0.028784036733869697,0.28764298748447914,0.18466011654485645,0.4989128592367948,cell_carpet,0.02351584878169999,0.29450209571616537,0.19038189409321007,0.4916001614089246
rubber_carpet,straight,-180,-3.141592653589793,2.544202066590126,3.0172215843857635,cell_carpet,0.04763809262487257,0.2725592319341536,0.17291601646208854,0.5068866589788853,cell_carpet,0.035576970703286276,0.28353066382515946,0.1816489552776493,0.49924341019390495
rubber_carpet,straight,-180,-3.141592653589793,2.5442020665901266,3.003571884168899,cell_carpet,0.05030021850501348,0.2708374860846818,0.17162282247932867,0.5072394729309759,cell_carpet,0.042938594604149886,0.27718407495492065,0.176635888878489,0.5032414415624406
rubber_carpet,straight,-180,-3.141592653589793,3.5154994259471875,3.0112259216736827,cell_carpet,0.048792657034085064,0.2718038351666772,0.17234749482409414,0.5070560129751435,cell_carpet,0.045865625819117475,0.27449395506079893,0.17449169185129157,0.505148727268792
rubber_carpet,straight,-180,-3.141592653589793,3.557979334098737,3.0283199387677,cell_carpet,0.04556099205775145,0.2739540811394253,0.17397055711668716,0.5065143696861362,cell_carpet,0.04571330893843446,0.2742240181001121,0.17423112448398936,0.505831548477464
rubber_carpet,straight,-180,-3.141592653589793,2.8828932261768085,3.0424799081515506,cell_carpet,0.04302166457795116,0.2757277526879398,0.1753205140297116,0.5059300687043974,cell_carpet,0.04436748675819281,0.27497588539402595,0.17477581925685048,0.5058808085909308
rubber_carpet,straight,-180,-3.141592653589793,2.812858783008037,3.0692690394182933,cell_carpet,0.038544437760106694,0.27906771589693463,0.17789045695445013,0.5044973893885085,cell_carpet,0.041455962259149756,0.2770218006454803,0.17633313810565032,0.5051890989897196
rubber_carpet,straight,-180,-3.141592653589793,2.6084959816303104,3.015052940426075,cell_carpet,0.0480530487956283,0.27228615882564405,0.17271029008694744,0.5069505022917801,cell_carpet,0.044754505527389035,0.2746539797355622,0.1745217140962989,0.5060698006407499
rubber_carpet,straight,-180,-3.141592653589793,3.3237657864523533,3.00178594208445,cell_carpet,0.05065746958845795,0.2706116678877842,0.17145390021397353,0.5072769623097844,cell_carpet,0.04770598755792349,0.2726328238116732,0.17298780715513623,0.5066733814752671
rubber_carpet,square,-180,-3.141592653589793,13.332950631458091,13.332950631458091,rubber_carpet,0.24832744682174832,0.2483277973727866,0.2550173089837168,0.24832744682174832,cell_carpet,0.1480167171898359,0.26048031059222987,0.2140025580694265,0.3775004141485077
rubber_carpet,square,-180,-3.141592653589793,8.454649827784156,10.893800229621124,rubber_carpet,0.17186125319376147,0.17288322043403986,0.48339427317843725,0.1718612531937615,rubber_carpet,0.15993898519179867,0.21668176551313487,0.3486984156239319,0.2746808336711346
rubber_carpet,square,-180,-3.141592653589793,8.463834672789897,10.083811710677384,rubber_carpet,0.10522877171989019,0.11111489443626629,0.6784275621238798,0.10522877171996373,rubber_carpet,0.13258387845584443,0.16389832997470058,0.5135629888739058,0.18995480269554915
rubber_carpet,square,-180,-3.141592653589793,7.551090700344432,9.450631458094144,rubber_carpet,0.06297598175947851,0.07987623683144328,0.7941717996368245,0.06297598177225369,rubber_carpet,0.09777993010766148,0.12188728340307192,0.6538673942553652,0.1264653922339014
rubber_carpet,square,-180,-3.141592653589793,7.842709529276693,9.129047072330652,rubber_carpet,0.047549686318749375,0.07415042869872389,0.830750198522702,0.047549686459824866,rubber_carpet,0.07266480821320542,0.09801885605089791,0.7423087963890336,0.08700753934686314
rubber_carpet,square,-180,-3.141592653589793,7.12743972445465,8.795445847684654,rubber_carpet,0.03540681653569402,0.07601975241014479,0.8531666130426242,0.03540681801153693,rubber_carpet,0.054035812374449724,0.08701930423052134,0.7977377047158289,0.06120717867920004
rubber_carpet,square,-180,-3.141592653589793,7.009184845005741,8.540265704444808,rubber_carpet,0.02830023135042927,0.08284509454473507,0.8605544346694336,0.02830023943540218,rubber_carpet,0.041168021862439494,0.08493219938762821,0.8291460696926313,0.04475370905730111
rubber_carpet,square,-180,-3.141592653589793,6.298507462686568,8.260045924225029,rubber_carpet,0.022219788015212086,0.09568532250640727,0.8598750537410927,0.0222198357372878,rubber_carpet,0.03169390493882579,0.09030876094701773,0.844510561716862,0.03348677239729446
rubber_carpet,square,-180,-3.141592653589793,5.917336394948335,7.999744865416507,rubber_carpet,0.01784514577374969,0.11252922595970796,0.8517802544328735,0.017845373833668746,rubber_carpet,0.02476952535628774,0.10141899345336285,0.8481454080748678,0.0256660731154816
rubber_carpet,square,-180,-3.141592653589793,5.936854190585534,7.177956371986223,rubber_carpet,0.009344378574333572,0.19385910036806486,0.7874333402177952,0.009363180839806378,rubber_carpet,0.017056951965310655,0.14763904691071386,0.8177893741463316,0.01751462697764399
rubber_carpet,square,-180,-3.141592653589793,5.287026406429391,6.825998214057916,rubber_carpet,0.007262776530278742,0.23893887673305406,0.7464377420009812,0.007360604735685961,rubber_carpet,0.012159864247794699,0.19328896182188396,0.7821135580736565,0.012437615856664974
rubber_carpet,square,-180,-3.141592653589793,4.911595866819748,6.431305013394566,rubber_carpet,0.005590996933685285,0.2933846068434742,0.6949079098442515,0.006116486378588993,rubber_carpet,0.008875430590739992,0.24333678433267908,0.7385107339589541,0.009277051117626983
rubber_carpet,square,-180,-3.141592653589793,5.08955223880597,6.157800739890292,rubber_carpet,0.00473088715593913,0.3317360422630825,0.6572827981151692,0.006250272465809247,rubber_carpet,0.0068031588733395605,0.2875364132978808,0.6978967660370616,0.0077636617917181145
rubber_carpet,square,-180,-3.141592653589793,4.897818599311137,5.830590636560786,rubber_carpet,0.003936180880714082,0.37603045639690935,0.6112511879506708,0.008782174771705868,rubber_carpet,0.005369669877026821,0.33178343484739503,0.6545739769938661,0.00827291828171199
rubber_carpet,square,-180,-3.141592653589793,4.380022962112514,5.525322107411659,rubber_carpet,0.0033650113992280276,0.41312095840511026,0.5673298650363023,0.01618416515935937,rubber_carpet,0.004367340638127424,0.3724521966262526,0.6109519210150842,0.012228541720535679
rubber_carpet,square,-180,-3.141592653589793,4.307692307692308,5.225156269932389,rubber_carpet,0.0029156648931645784,0.44195480352690014,0.5222045050067198,0.032925026573215554,rubber_carpet,0.003641502765646001,0.40720350007657635,0.566578213010902,0.02257678414687562
rubber_carpet,square,-180,-3.141592653589793,4.384615384615384,5.012501594591146,rubber_carpet,0.0026434767039616404,0.45526715078556457,0.48815288390768635,0.05393648860278747,rubber_carpet,0.0031424897348038207,0.43123532543107046,0.5273655484592942,0.038256636374831544
rubber_carpet,square,-180,-3.141592653589793,4.134328358208955,4.814389590508993,grass,0.0024134768522056874,0.46059510488810224,0.45435166637816354,0.08263975188152861,rubber_carpet,0.002777983293504754,0.4459152151595863,0.4908586074187289,0.060448194128180074
rubber_carpet,square,-180,-3.141592653589793,4.052812858783009,4.605051664753157,grass,0.002189372165855301,0.4575947160703781,0.4164090304850399,0.12380688127872676,rubber_carpet,0.0024836777296800274,0.4517549656149822,0.45363381895188437,0.09212753770345342
rubber_carpet,square,-180,-3.141592653589793,13.316877152698048,5.497257303227452,rubber_carpet,0.003318934815552947,0.4162032849167096,0.5632157012435909,0.017262079024146424,rubber_carpet,0.0029013062726164873,0.4339791252658459,0.5084247600977376,0.05469480836379992
rubber_carpet,square,-180,-3.141592653589793,8.367393800229621,5.881234851384105,rubber_carpet,0.004045283140921938,0.369394118337203,0.6184336136794587,0.008126984842416337,rubber_carpet,0.0034732947067692126,0.4016866218015245,0.5634291868885981,0.03141089660310813
rubber_carpet,square,-180,-3.141592653589793,8.399540757749714,6.249011353488965,rubber_carpet,0.004995198494220994,0.3189924204393691,0.6699408364394526,0.006071544626957364,rubber_carpet,0.004234246600495105,0.3603395211204468,0.6166850116640255,0.01874122061503275
rubber_carpet,square,-180,-3.141592653589793,7.56142365097589,6.544967470340604,rubber_carpet,0.006013920475761811,0.2774690731750449,0.7101733415634619,0.0063436647857313235,rubber_carpet,0.005124083538128458,0.3189042971477458,0.6634291766137437,0.012542442700382036
rubber_carpet,square,-180,-3.141592653589793,7.764638346727898,6.92103584640898,rubber_carpet,0.007761341648971308,0.2263387686169938,0.7580749927155218,0.007824897018513093,rubber_carpet,0.0064427125935498835,0.27262153288236984,0.7107520846646328,0.010183669859447566
rubber_carpet,square,-180,-3.141592653589793,7.289322617680827,7.252328103074372,rubber_carpet,0.009875991699506632,0.18497064941596184,0.7952643381023072,0.009889020782224289,rubber_carpet,0.008159352146528258,0.22879609114916583,0.75300821138347,0.010036345320835928
rubber_carpet,square,-180,-3.141592653589793,6.789896670493685,7.519581579283072,rubber_carpet,0.012115783008236321,0.15530969668879635,0.8204554303790877,0.012119089923879493,rubber_carpet,0.01013756757738229,0.1920528939189811,0.7867318208812788,0.011077717622357711
rubber_carpet,square,-180,-3.141592653589793,6.424799081515499,7.774078326317132,rubber_carpet,0.014831403887684634,0.13082357949510784,0.8395127836500249,0.01483223296718272,rubber_carpet,0.012484485732533461,0.16143823670704446,0.8131223022656519,0.012954975294770216
rubber_carpet,square,-180,-3.141592653589793,5.87715269804822,7.976782752902155,rubber_carpet,0.017508410612756656,0.11423701516018023,0.8507459028271572,0.017508671399905872,rubber_carpet,0.014996448172645059,0.13783762593361235,0.8319341025464045,0.015231823347338044
rubber_carpet,square,-180,-3.141592653589793,5.929965556831229,7.156014797805843,rubber_carpet,0.009194307211556669,0.19652914785649367,0.7850613122581904,0.009215232673759205,rubber_carpet,0.012095377692100865,0.16718338689505305,0.8084977074022975,0.012223528010548627
rubber_carpet,square,-180,-3.141592653589793,5.563719862227325,6.844495471361143,rubber_carpet,0.007356504952428358,0.23646565466178282,0.748731311209756,0.007446529176032692,rubber_carpet,0.009725941322264613,0.20182452077841795,0.7786145093060268,0.009835028593290659
rubber_carpet,square,-180,-3.141592653589793,4.96211251435132,6.462558999872432,rubber_carpet,0.005703086326082589,0.28899851050196124,0.6991323553130957,0.006166047858860498,rubber_carpet,0.007714513824173601,0.2454115156401896,0.7388734323095613,0.008000538226075578
rubber_carpet,square,-180,-3.141592653589793,4.788748564867968,6.154483990304886,rubber_carpet,0.004721664669360718,0.33219755077261093,0.6568208386501251,0.0062599459079033075,rubber_carpet,0.00621808924676716,0.28880453320640026,0.6978471354798432,0.007130242066989443
rubber_carpet,square,-180,-3.141592653589793,4.667049368541905,5.810307437173109,rubber_carpet,0.0038937505153701546,0.37865775395780327,0.6083681282320461,0.009080367294780392,rubber_carpet,0.005055919881068657,0.33373114358210176,0.6531076318559447,0.008105304680884917
rubber_carpet,square,-180,-3.141592653589793,4.2629161882893225,5.474040056129608,rubber_carpet,0.003281522798749649,0.418701283794527,0.5597989494363393,0.0182182439703839,rubber_carpet,0.004168721339909154,0.3762162136883144,0.6064532906461421,0.013161774325634411
rubber_carpet,square,-180,-3.141592653589793,4.272101033295063,5.1942849853297615,rubber_carpet,0.0028741677788953297,0.4443114695034694,0.5173885670018529,0.03542579571578241,rubber_carpet,0.003521444559402242,0.4102638415958919,0.5619209288239975,0.02429378502070841
rubber_carpet,square,-180,-3.141592653589793,4.1423650975889785,4.940681209337925,rubber_carpet,0.002557849608698055,0.45805932055801724,0.4761442632529434,0.06323856658034126,rubber_carpet,0.0030396470840501483,0.4341615810769546,0.5190325960384704,0.04376617580052483
rubber_carpet,square,-180,-3.141592653589793,3.8748564867967854,4.718203852532211,grass,0.0023082238019598673,0.46036257155305244,0.4371818441376375,0.10014736050735022,rubber_carpet,0.002673935443005008,0.4472620763150035,0.47810722008805395,0.07195676815393753
rubber_carpet,square,-180,-3.141592653589793,3.602755453501722,4.459624952162265,grass,0.0020457845233639556,0.4500869958621579,0.3890100237891294,0.15885719582534877,grass,0.0023598599831844815,0.44867453608858066,0.4335586219385917,0.11540698198964315
rubber_carpet,square,-180,-3.141592653589793,3.654420206659013,4.247480545988008,grass,0.0018698355441964843,0.43182546409933087,0.3485187329504538,0.21778596740601885,grass,0.002114847763690483,0.44025000009395576,0.39103867744452275,0.166596474697831
rubber_carpet,square,-180,-3.141592653589793,13.213547646383466,5.164306671769358,rubber_carpet,0.002834568959130651,0.44647087842373656,0.5126733043551872,0.03802124826194549,rubber_carpet,0.0024747083614105676,0.4433604392588462,0.451855990899855,0.10230886147988826
rubber_carpet,square,-180,-3.141592653589793,9.060849598163031,5.638984564357698,rubber_carpet,0.003561860519065702,0.40000250366862666,0.5838378476024588,0.012597788209848864,rubber_carpet,0.0030182844402381346,0.42168147146373647,0.5178469192511569,0.05745332484486856
rubber_carpet,square,-180,-3.141592653589793,8.354764638346728,6.048730705447124,rubber_carpet,0.004441030280603026,0.3468134562373408,0.642037873778557,0.006707639703499249,rubber_carpet,0.0037296573604205805,0.38424746385053865,0.5799423965148569,0.032080482274183905
rubber_carpet,square,-180,-3.141592653589793,7.771526980482204,6.4385763490241095,rubber_carpet,0.005616799625557743,0.2923636988854271,0.6958924244416472,0.006127077047367873,rubber_carpet,0.004673228492989161,0.3383055813679829,0.6379174104782521,0.01910377966077589
rubber_carpet,square,-180,-3.141592653589793,7.621125143513203,6.810690139048348,rubber_carpet,0.0071863758875135835,0.24099280375891505,0.7445296796711213,0.007291140682449984,rubber_carpet,0.005929802190251373,0.289649192563449,0.6912235450746868,0.013197460171612939
rubber_carpet,square,-180,-3.141592653589793,6.882893226176808,7.115193264446996,rubber_carpet,0.008922957223423988,0.20155202943627024,0.7805765597788193,0.00894845356148647,rubber_carpet,0.007426379706837681,0.24560061099985964,0.735900052426753,0.011072956866549705
rubber_carpet,square,-180,-3.141592653589793,6.8783008036739375,7.448909299655568,rubber_carpet,0.01146884008698418,0.16278332993001668,0.8142741990311141,0.01147363095188507,rubber_carpet,0.00944760989691093,0.20419197046493814,0.7750871257289336,0.011273293909217387
rubber_carpet,square,-180,-3.141592653589793,6.714121699196327,7.794616660288302,rubber_carpet,0.015080022114326288,0.1290216335451722,0.8408175831936961,0.015080761146805413,rubber_carpet,0.01226381600561861,0.16660680200505518,0.8079523544613149,0.0131770275280114
rubber_carpet,square,-180,-3.141592653589793,5.663605051664753,8.017859420844495,rubber_carpet,0.018115988584206457,0.11120700393701026,0.8525608138190811,0.018116193659702153,rubber_carpet,0.015189902294912534,0.13890690297103273,0.830256584140198,0.015646610593856775
rubber_carpet,square,-180,-3.141592653589793,6.02870264064294,7.219543309095548,rubber_carpet,0.009637188215533783,0.18885748844281863,0.791852807368285,0.009652515973362532,rubber_carpet,0.012413545255223158,0.1638821957069257,0.8110546957542415,0.012649563283609652
rubber_carpet,square,-180,-3.141592653589793,5.214695752009185,6.7921928817451205,rubber_carpet,0.00709544650183452,0.24348294826416975,0.7422123934642723,0.007209211769723368,rubber_carpet,0.009754495878528838,0.20368257198554773,0.7766335446092569,0.00992938752666651
rubber_carpet,square,-180,-3.141592653589793,4.8541905855338685,6.403240209210358,rubber_carpet,0.005492944322778369,0.29732700108905497,0.6910988611880604,0.006081193400106315,rubber_carpet,0.007623720100653604,0.25050478653730135,0.7338662028986587,0.008005290463386413
rubber_carpet,square,-180,-3.141592653589793,5.211251435132032,6.118765148615895,rubber_carpet,0.0046240043663368985,0.337156937091474,0.6518391396425127,0.006379918899676485,rubber_carpet,0.006123862233495252,0.29383086181438767,0.6928526712705857,0.007192604681531449
rubber_carpet,square,-180,-3.141592653589793,4.946039035591274,5.821533358846791,rubber_carpet,0.00391714641098049,0.37720592095328764,0.6099642585854372,0.008912674050294458,rubber_carpet,0.005020504322237871,0.3355183913838377,0.6514084649280115,0.008052639365912955
rubber_carpet,square,-180,-3.141592653589793,4.487944890929966,5.5554279882638085,rubber_carpet,0.003415513786328358,0.4097417893595037,0.5717251639979039,0.015117532856264002,rubber_carpet,0.0042180090542831145,0.3726300903716707,0.6115668144629577,0.011585086111088478
rubber_carpet,square,-180,-3.141592653589793,4.109070034443169,5.247735680571501,rubber_carpet,0.0029464985895013875,0.4401489235349885,0.5257024550282415,0.031202122847268494,rubber_carpet,0.003582253821892251,0.40638950695332965,0.5686346347455996,0.021393604479178485
rubber_carpet,square,-180,-3.141592653589793,4.244546498277841,4.973338436025003,rubber_carpet,0.002596442583429309,0.4569058912075865,0.4816387058376953,0.0588589603712888,rubber_carpet,0.0030893482026607805,0.43164769908045814,0.5251366702916476,0.040126282425233646
rubber_carpet,square,-180,-3.141592653589793,3.755453501722158,4.7613215971424925,grass,0.0023549278568068513,0.460704869921212,0.4449378864209665,0.09200231580101474,rubber_carpet,0.0027221380297338155,0.44617628450083496,0.48503727835630694,0.06606429911312418
rubber_carpet,square,-180,-3.141592653589793,3.2238805970149254,4.449674703406046,grass,0.0020364413763549034,0.4494158956796134,0.3871156876977919,0.16143197524623987,grass,0.0023792897030443594,0.44779609009022414,0.43607648302704943,0.11374813717968202
rubber_carpet,square,-180,-3.141592653589793,3.506314580941447,4.259854573287409,grass,0.0018782266003673415,0.43310099185082396,0.3508711952333107,0.214149586315498,grass,0.0021287581517058507,0.44044854097052405,0.3934738391301801,0.16394886174759
rubber_carpet,square,-180,-3.141592653589793,3.2858783008036743,4.085597652761832,grass,0.0018034679906211459,0.41322166621664913,0.3182112658557443,0.26676359993698545,grass,0.0019661130711634985,0.4268351035935866,0.3558425524929622,0.21535623084228775
rubber_carpet,square,-180,-3.141592653589793,13.097588978185993,4.961857379767827,rubber_carpet,0.00258281140689746,0.4573338182648533,0.4797135910062157,0.06036977932203354,grass,0.002274462239030479,0.44208446092921994,0.4177780717495889,0.13786300508216065
rubber_carpet,square,-180,-3.141592653589793,9.709529276693456,5.491134073223626,rubber_carpet,0.0033090067625069835,0.4168667572616355,0.5623157769107658,0.01750845906509153,rubber_carpet,0.0027917345007687317,0.42947560909542776,0.49004692433017744,0.0776857320736261
rubber_carpet,square,-180,-3.141592653589793,8.809414466130884,5.971297359357061,rubber_carpet,0.004251092131291449,0.35735765289657767,0.6311535405639205,0.007237714408210369,rubber_carpet,0.0035214133160300907,0.39341663099600277,0.560600232447049,0.042461723240918244
rubber_carpet,square,-180,-3.141592653589793,8.296211251435132,6.436535272356168,rubber_carpet,0.005609540050741102,0.2926502437348284,0.6956161706182892,0.006124045596141381,rubber_carpet,0.004565476683385596,0.3430334373654156,0.6281082015326691,0.024292884418529812
rubber_carpet,square,-180,-3.141592653589793,7.591274397244546,6.808393927796913,rubber_carpet,0.00717500597753754,0.24130143624493483,0.7442427073651359,0.00728085041239191,rubber_carpet,0.005870241330461568,0.2921674368051752,0.6861754544489025,0.01578686741546086
rubber_carpet,square,-180,-3.141592653589793,7.672789896670493,7.243653527235618,rubber_carpet,0.009812108300694988,0.1859941629947097,0.7943680173201197,0.00982571138447567,rubber_carpet,0.007841174815578276,0.2390807998999424,0.740271735884511,0.012806289399968262
rubber_carpet,square,-180,-3.141592653589793,6.343283582089553,7.590253858910575,rubber_carpet,0.012806522699297709,0.14812049059675667,0.8262641947029244,0.01280879200102117,rubber_carpet,0.010323848757437993,0.19360064524834952,0.7832679652937178,0.012807540700494717
rubber_carpet,square,-180,-3.141592653589793,6.808266360505166,7.95713738997321,rubber_carpet,0.017226047185993198,0.11572616736976872,0.8498214459136941,0.017226339530543856,rubber_carpet,0.013774947971715598,0.15466340630905914,0.8165447056037061,0.015016940115519288
rubber_carpet,square,-180,-3.141592653589793,5.300803673938002,8.181017986988136,rubber_carpet,0.02077614253981308,0.10030514151452675,0.8581424960136457,0.020776219932014596,rubber_carpet,0.017275545255764337,0.12748427391179293,0.8373436008086756,0.01789658002376694
rubber_carpet,square,-180,-3.141592653589793,5.7956371986222734,7.369690011481056,rubber_carpet,0.01079212648248725,0.17148506647376252,0.8069234717686226,0.010799335275127744,rubber_carpet,0.014033835869125795,0.14948467019277775,0.8221335362886492,0.014347957649447343
rubber_carpet,square,-180,-3.141592653589793,5.493685419058553,6.90126291618829,rubber_carpet,0.007654073863119875,0.2289376186937162,0.7556846521428379,0.007723655300325858,rubber_carpet,0.010843954866122838,0.18921114444324702,0.7889090942157436,0.011035806474886603
rubber_carpet,square,-180,-3.141592653589793,4.994259471871412,6.477356805715015,rubber_carpet,0.005757245887206355,0.2869239379915613,0.7011257292510789,0.006193086870153548,rubber_carpet,0.008300600376664597,0.23806754121740414,0.7450174117334112,0.008614446672520076
rubber_carpet,square,-180,-3.141592653589793,4.809414466130884,6.089934940681209,rubber_carpet,0.004547345021094353,0.3411439472060213,0.6478095658458534,0.0064991419270309814,rubber_carpet,0.006423972698879476,0.28960574421171276,0.6964134887896324,0.007556794299775529
rubber_carpet,square,-180,-3.141592653589793,5.165327210103329,5.820385253221074,rubber_carpet,0.003914743718882248,0.37735466418352964,0.6098010723722229,0.008929519725365062,rubber_carpet,0.005169358208880862,0.3334802041976212,0.6531072805809277,0.008243157012570296
rubber_carpet,square,-180,-3.141592653589793,4.412169919632606,5.458094144661309,rubber_carpet,0.0032561873672969015,0.4203885883565659,0.5574449295610817,0.018910294715055554,rubber_carpet,0.0042127727880888815,0.3769343962770936,0.6052761050710047,0.013576725863812925
rubber_carpet,square,-180,-3.141592653589793,3.9977037887485647,5.1974741676234215,rubber_carpet,0.0028784202969303393,0.44407416643046194,0.5178879190027138,0.035159494269893975,rubber_carpet,0.0035455965425096104,0.41050428135377776,0.5615820120368593,0.02436811006685345
rubber_carpet,square,-180,-3.141592653589793,3.947187141216992,4.879576476591402,rubber_carpet,0.0024870709760747975,0.45967692558310147,0.46570854712581256,0.07212745631501116,rubber_carpet,0.0030163337592922033,0.43509060346843953,0.5136452795813359,0.04824778319093229
rubber_carpet,square,-180,-3.141592653589793,4.010332950631458,4.736190840668453,grass,0.0023276132533287014,0.46055280299902324,0.4404287643640172,0.09669081938363078,rubber_carpet,0.0026719735063104526,0.44782170323373144,0.47703702197267656,0.07246930128728155
rubber_carpet,square,-180,-3.141592653589793,3.709529276693456,4.504401071565251,grass,0.0020886846285460615,0.45286212197075715,0.39750965930909204,0.14753953409160472,grass,0.002380329067428257,0.4503419126022443,0.4372733406408843,0.11000441768944313
rubber_carpet,square,-180,-3.141592653589793,3.0091848450057403,4.228345452226049,grass,0.0018575411111223074,0.42980767708957973,0.34488792167373516,0.2234468601255627,grass,0.0021189350892752822,0.44007479484591205,0.39108063115730973,0.16672563890750292
rubber_carpet,square,-180,-3.141592653589793,13.597014925373134,5.184207169281796,rubber_carpet,0.0028607807619798974,0.44505185253161733,0.5158077717571321,0.036279594949270765,rubber_carpet,0.00248985792562759,0.4425633236887647,0.4534442014572209,0.10150261692838684
rubber_carpet,square,-180,-3.141592653589793,10.040183696900115,5.765403750478378,rubber_carpet,0.0038022883049318042,0.38440583264005174,0.6019712665191056,0.009820612535910841,rubber_carpet,0.0031460731152796973,0.4134845781644082,0.5277077339881633,0.05566161473214884
rubber_carpet,square,-180,-3.141592653589793,8.402985074626866,6.125143513203216,rubber_carpet,0.004641223377165863,0.3362728477667194,0.6527296155951843,0.0063563132609305425,rubber_carpet,0.00389364824622278,0.3748787129655638,0.5902186747916738,0.03100896399653969
rubber_carpet,square,-180,-3.141592653589793,8.21239954075775,6.547391248883787,rubber_carpet,0.006023410442906577,0.27713099643475064,0.7104957508588016,0.006349842263541205,rubber_carpet,0.004958529344564679,0.3260048547001572,0.6503572128252377,0.018679403130040448
rubber_carpet,square,-180,-3.141592653589793,7.290470723306544,6.91325424161245,rubber_carpet,0.0077188985246413435,0.2273600519919417,0.7571362854377457,0.007784764045671326,rubber_carpet,0.006338713934603011,0.27668245334604946,0.7037467491314917,0.013232083587855888
rubber_carpet,square,-180,-3.141592653589793,7.437428243398393,7.301058808521495,rubber_carpet,0.010244450866489807,0.17928812082385565,0.8002127674318297,0.010254660877824796,rubber_carpet,0.008291582400546409,0.22798528708495255,0.7519797582816607,0.011743372232840343
rubber_carpet,square,-180,-3.141592653589793,5.735935706084961,7.4927924480163295,rubber_carpet,0.011865559646739585,0.1581097726647681,0.8181552996016559,0.011869368086836505,rubber_carpet,0.010078571023642997,0.19304752987486035,0.7850675289416583,0.011806370159838424
rubber_carpet,square,-180,-3.141592653589793,6.636050516647532,7.817961474677893,rubber_carpet,0.015368490173006863,0.1270061882788793,0.8422561832709053,0.015369138277208266,rubber_carpet,0.012723530598324932,0.16002685907686984,0.8136618561062819,0.013587754218523347
rubber_carpet,square,-180,-3.141592653589793,5.690011481056258,8.11583110090573,rubber_carpet,0.019663895396305663,0.10444182727334073,0.8562302672651784,0.019664010065175135,rubber_carpet,0.0161937129973153,0.1322343431751053,0.8349460616857302,0.016625882141849242
rubber_carpet,square,-180,-3.141592653589793,4.93915040183697,7.153846153846154,rubber_carpet,0.009179636810227527,0.19679419221552039,0.7848253868906537,0.009200784083598266,rubber_carpet,0.012686674903771414,0.16451426769531285,0.8098857242881919,0.012913333112723753
rubber_carpet,square,-180,-3.141592653589793,5.453501722158439,6.644214823319301,rubber_carpet,0.006419707141089576,0.263691035285098,0.7232526470969937,0.006636610476818746,rubber_carpet,0.009553191022430494,0.21410265149020544,0.7665691856925928,0.00977497179477125
rubber_carpet,square,-180,-3.141592653589793,4.920780711825489,6.257303227452482,rubber_carpet,0.005020283880416146,0.31782995347896775,0.671086824559664,0.006062938080952211,rubber_carpet,0.00728673745142332,0.2659663024845866,0.7188280051261284,0.00791895493786173
rubber_carpet,square,-180,-3.141592653589793,5.182548794489093,5.920653144533741,rubber_carpet,0.004133446486651878,0.3641600767271516,0.6240089008602986,0.007697575925897895,rubber_carpet,0.005710091969037599,0.3150631896058691,0.6714184529932135,0.007808265431879812
rubber_carpet,square,-180,-3.141592653589793,4.834672789896671,5.6477867074882,rubber_carpet,0.0035778329257608447,0.398948031900572,0.5851072763663742,0.012366858807293142,rubber_carpet,0.004643962447399222,0.35700561075322057,0.6282628646797939,0.010087562119586477
rubber_carpet,square,-180,-3.141592653589793,4.714121699196326,5.3451970914657485,rubber_carpet,0.003084645050740876,0.431612748782176,0.5405839453874655,0.024718660779617836,rubber_carpet,0.0038643037490700485,0.3943091797676983,0.5844234050336297,0.017403111449602156
rubber_carpet,square,-180,-3.141592653589793,4.00918484500574,5.153335884679169,rubber_carpet,0.0028202428883017747,0.4472283108004352,0.5109378608594526,0.039013585451810544,rubber_carpet,0.0033422733186859116,0.4207687452840667,0.5476806329465411,0.02820834845070635
rubber_carpet,square,-180,-3.141592653589793,4.1423650975889785,4.876259727005996,rubber_carpet,0.002483280097750552,0.4597440604845712,0.465136279039742,0.07263638037793643,rubber_carpet,0.0029127767082182316,0.4402564028843189,0.5064084559931414,0.05042236441432138
rubber_carpet,square,-180,-3.141592653589793,4.005740528128587,4.689118510014033,grass,0.0022771542079741782,0.4599104548852299,0.43189796406428166,0.10591442684251426,rubber_carpet,0.002594965458096205,0.4500834288847744,0.4691532100287116,0.07816839562841782
rubber_carpet,square,-180,-3.141592653589793,3.6119402985074633,4.541650720755198,grass,0.002125322109571583,0.45485960025495265,0.4045421167184723,0.13847296091700348,grass,0.002360143783833894,0.4524715145698635,0.43684766337359193,0.10832067827271065
rubber_carpet,square,-180,-3.141592653589793,3.4328358208955225,4.317132287281542,grass,0.0019208787630732326,0.43868892604710547,0.3617945556024257,0.19759563958739573,grass,0.002140511273453563,0.4455802203084845,0.3993211094880088,0.15295815893005318
rubber_carpet,hourglass,-150,-2.6179938779914944,13.91044776119403,13.91044776119403,rubber_carpet,0.20115187149018288,0.201188154911167,0.39650810210846715,0.20115187149018288,rubber_carpet,0.20115187149018288,0.201188154911167,0.39650810210846715,0.20115187149018288
rubber_carpet,hourglass,-150,-2.6179938779914944,5.370838117106774,9.640642939150402,rubber_carpet,0.009734966239291156,0.09133958612021127,0.8891904673288036,0.009734980311694055,rubber_carpet,0.10544341886473702,0.14626387051568915,0.6428492847186353,0.10544342590093847
rubber_carpet,hourglass,-150,-2.6179938779914944,4.260619977037887,7.8473019517795635,rubber_carpet,0.003743859001320983,0.32429341810452317,0.6679905664090747,0.003972156485081163,rubber_carpet,0.054593638933029,0.23527864431010614,0.6554199255638551,0.054707791193009815
rubber_carpet,hourglass,-150,-2.6179938779914944,3.1963260619977034,6.684557979334099,grass,0.0025617434463420835,0.49778659787187685,0.47997982783711207,0.019671830844669162,rubber_carpet,0.028577691189685537,0.36653262109099144,0.5676998767004835,0.03718981101883948
rubber_carpet,hourglass,-150,-2.6179938779914944,3.508610792192882,6.049368541905855,grass,0.002204493707204402,0.530530577101528,0.3731277045298679,0.09413722466139982,rubber_carpet,0.015391092448444969,0.4485315990962597,0.4704137906151757,0.06566351784011965
rubber_carpet,hourglass,-150,-2.6179938779914944,2.8691159586681976,5.519326444699579,grass,0.0018849347362247877,0.4790946702597908,0.27345434758630965,0.2455660474176747,grass,0.008638013592334879,0.46381313467802526,0.37193406910074267,0.15561478262889716
rubber_carpet,hourglass,-150,-2.6179938779914944,3.1228473019517797,5.176972281449893,grass,0.0016741505307483456,0.41428970821599787,0.21218044665042293,0.37185569460283086,grass,0.005156082061541612,0.4390514214470116,0.2920572578755828,0.263735238615864
rubber_carpet,hourglass,-150,-2.6179938779914944,3.5315729047072333,4.971297359357061,cell_carpet,0.0015796285471500935,0.3723372718887235,0.18047863743367346,0.44560446213045296,grass,0.0033678553043458527,0.4056943466678675,0.2362679476546281,0.35466985037315846
rubber_carpet,hourglass,-150,-2.6179938779914944,3.3960964408725607,4.796275035081005,cell_carpet,0.0015656317178934253,0.33844063313425726,0.15747434286667575,0.5025193922811736,cell_carpet,0.002466743511119639,0.3720674899010624,0.19687114526065191,0.428594621327166
rubber_carpet,hourglass,-150,-2.6179938779914944,3.955223880597016,3.690139048348004,cell_carpet,0.07307838020830078,0.20526195887214377,0.08380936513538151,0.637850295784174,cell_carpet,0.03777256185971021,0.28866472438660307,0.1403402551980167,0.53322245855567
rubber_carpet,hourglass,-150,-2.6179938779914944,5.090700344431688,3.659012629161884,cell_carpet,0.08371239028333276,0.2021989841641438,0.08252178980985175,0.6315668357426718,cell_carpet,0.06074247607152149,0.24543185427537345,0.11143102250393423,0.5823946471491709
rubber_carpet,hourglass,-150,-2.6179938779914944,5.864523536165328,3.837224135731599,cell_carpet,0.03700018685007731,0.2184585491535645,0.08960269620937532,0.6549385677869829,cell_carpet,0.0488713314607994,0.23194520171446897,0.10051685935665478,0.6186666074680769
rubber_carpet,hourglass,-150,-2.6179938779914944,6.083811710677382,4.158055874473785,cell_carpet,0.00755257096713228,0.24723580917504887,0.10383132627303038,0.6413802935847885,cell_carpet,0.02821195121396584,0.2395905054447589,0.10217409281484258,0.6300234505264327
rubber_carpet,hourglass,-150,-2.6179938779914944,6.956371986222733,4.541140451588213,cell_carpet,0.0019412236045951196,0.29526170658755324,0.13071211435465518,0.5720849554531965,cell_carpet,0.01507658740928048,0.2674261060161561,0.11644310358474888,0.6010542029898146
rubber_carpet,hourglass,-150,-2.6179938779914944,7.729047072330655,5.081132797550708,cell_carpet,0.001624303110106816,0.3946493528962176,0.19681680754428735,0.4069095364493882,cell_carpet,0.008350445259693648,0.3310377294561868,0.15662995556451811,0.5039818697196015
rubber_carpet,hourglass,-150,-2.6179938779914944,8.143513203214697,5.638984564357699,grass,0.0019609773635235906,0.49720702067472206,0.2961989018264795,0.2046331001352749,grass,0.0051557113116086194,0.41412237506545446,0.22641442869549883,0.3543074849274382
rubber_carpet,hourglass,-150,-2.6179938779914944,8.814006888633754,6.225921673682868,grass,0.002301091497352887,0.5303440474143544,0.4042966615735879,0.06305819951470479,grass,0.0037284014044807533,0.4722332112399044,0.31535554513454334,0.20868284222107147
rubber_carpet,hourglass,-150,-2.6179938779914944,8.533869115958668,6.796785304247991,rubber_carpet,0.0026347355807389236,0.4847799267363876,0.49788630270559725,0.01469903497727609,grass,0.0031815684926098384,0.47850656898814603,0.4066209239200703,0.11169093859917378
rubber_carpet,hourglass,-150,-2.6179938779914944,8.818599311136625,7.337160352085726,rubber_carpet,0.003089129229928595,0.4073944200961324,0.5845960414990173,0.0049204091749217235,rubber_carpet,0.003135348861269217,0.4429504945421392,0.49560848270954383,0.05830567388704776
rubber_carpet,hourglass,-150,-2.6179938779914944,14.014925373134329,8.328740910830463,rubber_carpet,0.004649384129784696,0.24691256520731958,0.7437642781333608,0.004673772529534964,rubber_carpet,0.0038923664955269567,0.3449315298747294,0.6196863804214523,0.03148972320829136
rubber_carpet,hourglass,-150,-2.6179938779914944,5.078071182548794,8.241357315984182,rubber_carpet,0.004459704060698665,0.26052901785690186,0.7305142422816413,0.0044970358007582235,rubber_carpet,0.00417603527811281,0.30273027386581564,0.6751003113515468,0.017993379504524794
rubber_carpet,hourglass,-150,-2.6179938779914944,4.168771526980483,8.028575073351192,rubber_carpet,0.004046755300606448,0.29460411797160996,0.6972009036264785,0.0041482231013051365,rubber_carpet,0.004111395289359628,0.29866719591871277,0.6861506074890126,0.011070801302914964
rubber_carpet,hourglass,-150,-2.6179938779914944,3.399540757749713,7.633371603520857,rubber_carpet,0.0034368356473429445,0.3595296607740278,0.6330301183999121,0.00400338517871711,rubber_carpet,0.0037741154683512863,0.32909842834637026,0.6595903629444624,0.007537093240816037
rubber_carpet,hourglass,-150,-2.6179938779914944,3.0424799081515497,7.112641918612068,rubber_carpet,0.00287608247695536,0.4417691634402539,0.5483061415836291,0.007048612499161752,rubber_carpet,0.003325098972653323,0.38543379589331206,0.6039482522640458,0.007292852869988894
rubber_carpet,hourglass,-150,-2.6179938779914944,3.140068886337543,6.556703661181273,grass,0.0024844976764621034,0.5106020337282913,0.45941576443991167,0.02749770415533483,rubber_carpet,0.0029047983245577133,0.44801791481080167,0.5316820083519788,0.01739527851266186
rubber_carpet,hourglass,-150,-2.6179938779914944,3.106773823191733,5.922566653909937,grass,0.002132635532336015,0.5253581132071127,0.34989928812877347,0.1226099631317777,grass,0.002518716928446865,0.4866880140089572,0.44079064824037617,0.0700026208222198
rubber_carpet,hourglass,-150,-2.6179938779914944,3.113662456946039,5.320321469575202,grass,0.0017589080854261067,0.4430245634511193,0.23682766205056852,0.31838886641288605,grass,0.0021388125069364858,0.46485628873003826,0.33880915514547233,0.19419574361755293
rubber_carpet,hourglass,-150,-2.6179938779914944,3.639494833524685,4.744865416507207,cell_carpet,0.0015866829563799623,0.3290684910910113,0.15144297274918597,0.5179018532034229,grass,0.0018627477316582241,0.3969623899105248,0.24512606394732916,0.35604879841048787
rubber_carpet,hourglass,-150,-2.6179938779914944,4.235361653272101,3.658247225411404,cell_carpet,0.08398907230976049,0.20212200174853479,0.0824896496377649,0.6313992763039399,cell_carpet,0.042925910020709356,0.2995421958295298,0.16380785679254703,0.4937240373572139
rubber_carpet,hourglass,-150,-2.6179938779914944,4.964408725602755,3.645618063528511,cell_carpet,0.08866273335781179,0.20083948187775333,0.08195567570848013,0.6285421090559548,cell_carpet,0.06579432168926057,0.2501908388536416,0.12288176625051359,0.5611330732065843
rubber_carpet,hourglass,-150,-2.6179938779914944,5.7543053960964405,3.821788493430285,cell_carpet,0.03984279710832505,0.21713670006453065,0.08900155077484193,0.6540189520523024,cell_carpet,0.052818559398792805,0.23366376945908612,0.10594165851267776,0.6075760126294434
rubber_carpet,hourglass,-150,-2.6179938779914944,6.653272101033295,4.183314198239572,cell_carpet,0.006693509095294249,0.24982427915143574,0.10519756613737828,0.6382846456158917,cell_carpet,0.02975603424704353,0.24174402430526093,0.10556961232502801,0.6229303291226675
rubber_carpet,hourglass,-150,-2.6179938779914944,6.958668197474168,4.618446230386529,cell_carpet,0.0017356909046494814,0.30742684256373914,0.13799538565812194,0.5528420808734895,cell_carpet,0.015745862575846505,0.27458543343450004,0.12178249899157498,0.5878862049980785
rubber_carpet,hourglass,-150,-2.6179938779914944,8.654420206659013,5.23115193264447,grass,0.0017051201637515556,0.42530124117033213,0.2212800394470551,0.3517135992188611,cell_carpet,0.00872549136979903,0.3499433373024161,0.17153126921931505,0.4697999021084698
rubber_carpet,hourglass,-150,-2.6179938779914944,3.407577497129736,5.264574563082026,grass,0.0017249383067564385,0.4320166042669598,0.22702909162045312,0.3392293658058306,cell_carpet,0.005225214838277734,0.39097997078468794,0.1992801804198841,0.40451463395715015
rubber_carpet,hourglass,-150,-2.6179938779914944,2.8013777267508617,5.229876259727006,grass,0.0017043734664873855,0.4250435586153265,0.22106259557402544,0.3521894723441607,grass,0.00346479415238256,0.4080117647000072,0.21017138799695478,0.37835205315065545
rubber_carpet,hourglass,-150,-2.6179938779914944,3.2204362801377724,5.183314198239572,grass,0.001677689914280172,0.4155845902155228,0.21323086354262097,0.36950685632757596,grass,0.002571242033331366,0.41179817745776504,0.2117011257697879,0.3739294547391157
rubber_carpet,hourglass,-150,-2.6179938779914944,3.82548794489093,5.137772675086108,grass,0.0016528698637145425,0.40626480550640903,0.20577856521061663,0.3863037594192598,grass,0.0021120559485229545,0.40903149148208706,0.20873984549020225,0.38011660707918776
rubber_carpet,hourglass,-150,-2.6179938779914944,5.343283582089553,5.179869881362419,grass,0.0016757645745571056,0.41488148817858067,0.2126598810799817,0.37078286616688044,grass,0.00189391026154003,0.41195648983033384,0.210699863285092,0.3754497366230341
rubber_carpet,hourglass,-150,-2.6179938779914944,5.788748564867968,5.1836969001148105,grass,0.0016779042886799933,0.41566268942052664,0.21329437879157956,0.36936502749921374,grass,0.001785907275110012,0.4138095896254303,0.21199712103833582,0.37240738206112395
rubber_carpet,hourglass,-150,-2.6179938779914944,6.407577497129736,5.1563974996810815,grass,0.001662846677369598,0.41008137019624874,0.2088005473306101,0.3794552357957717,grass,0.001724376976239805,0.4119454799108395,0.21039883418447297,0.37593130892844784
rubber_carpet,hourglass,-150,-2.6179938779914944,7.088404133180252,5.170812603648425,grass,0.0016707370743623059,0.41303091364590266,0.21116406935809917,0.3741342799216357,grass,0.0016975570253010555,0.4124881967783711,0.21078145177128607,0.3750327944250418
rubber_carpet,hourglass,-150,-2.6179938779914944,7.800229621125143,5.075902538589106,cell_carpet,0.0016218202522724067,0.3935780802225258,0.19600711238649124,0.40879298713871054,grass,0.001659688638786731,0.4030331385004484,0.20339428207888866,0.3919128907818762
rubber_carpet,hourglass,-150,-2.6179938779914944,8.228473019517795,5.611557596632223,grass,0.001943661619416316,0.49334549315520543,0.29096484410920537,0.21374600111617298,grass,0.0018016751291015235,0.44818931582782695,0.247179563094047,0.3028294459490246
rubber_carpet,hourglass,-150,-2.6179938779914944,8.832376578645237,6.281668580176042,grass,0.002331274108646583,0.528641250279104,0.41385577450862765,0.05517170110362171,grass,0.002066474618874053,0.4884152830534655,0.3305176688013373,0.17900057352632315
rubber_carpet,hourglass,-150,-2.6179938779914944,8.77382319173364,6.8987115703533615,rubber_carpet,0.0027062453022937624,0.471800030088191,0.5141151137292252,0.01137861088029001,grass,0.0023863599605839078,0.4801076565708282,0.4223163912652813,0.09518959220330658
rubber_carpet,hourglass,-150,-2.6179938779914944,9.49942594718714,7.529149126164051,rubber_carpet,0.003304964485973252,0.37657527162450777,0.6159490275922955,0.00417073629722339,rubber_carpet,0.00284566222327858,0.428341464097668,0.5191327094287884,0.04968016425026499
rubber_carpet,hourglass,-150,-2.6179938779914944,9.006888633754306,7.936216354126802,rubber_carpet,0.0038871937773394794,0.309682700331648,0.6823888143740724,0.0040412915169401,rubber_carpet,0.0033664280003090304,0.36901208221465803,0.6007607619014305,0.026860727883602546
rubber_carpet,hourglass,-150,-2.6179938779914944,7.980482204362802,8.179742314070673,rubber_carpet,0.004333245668239737,0.2702764431436267,0.7210069295380888,0.004383381650044738,rubber_carpet,0.0038498368342743837,0.31964426267914237,0.6608838457197597,0.015622054766823643
rubber_carpet,hourglass,-150,-2.6179938779914944,3.420206659012629,7.847812220946549,rubber_carpet,0.0037446539718762363,0.32420939773801905,0.6680735053811545,0.003972442908950189,rubber_carpet,0.0037972454030753104,0.32192683020858076,0.6644786755504571,0.009797248837886918
rubber_carpet,hourglass,-150,-2.6179938779914944,2.8897818599311136,7.381298635029978,rubber_carpet,0.003135818633208532,0.4003983634817782,0.5917827889350671,0.004683028949946324,rubber_carpet,0.0034665320181419203,0.36116259684517943,0.628130732242762,0.00724013889391662
rubber_carpet,hourglass,-150,-2.6179938779914944,3.027554535017221,6.851001403240209,rubber_carpet,0.002672098607970061,0.47800059098694603,0.506518537724689,0.012808772680394919,rubber_carpet,0.0030693153130559904,0.41958159391606276,0.5673246349837255,0.01002445578715577
rubber_carpet,hourglass,-150,-2.6179938779914944,4.043628013777267,6.386018624824596,grass,0.0023881340381994355,0.5235584845951732,0.4314228677763831,0.042630513590244216,rubber_carpet,0.0027287246756277127,0.47157003925561797,0.49937375138005435,0.02632748468869999
rubber_carpet,hourglass,-150,-2.6179938779914944,4.827784156142365,5.941063911213165,grass,0.002143294896030652,0.5264006862696906,0.35332837244943066,0.11812764638484823,grass,0.0024360097858291824,0.49898536276265426,0.4263510619147425,0.0722275655367741
rubber_carpet,hourglass,-150,-2.6179938779914944,5.483352468427096,5.5754560530679935,grass,0.001920747418036213,0.4879916014144003,0.2840895417045694,0.22599810946299415,grass,0.0021783786019326976,0.49348848208852725,0.3552203018096559,0.14911283749988413
rubber_carpet,hourglass,-150,-2.6179938779914944,6.580941446613089,5.251179997448655,grass,0.0017169394131711323,0.4293341334637969,0.22471321371916153,0.34423571340387044,grass,0.001947659007551915,0.4614113077761621,0.2899667577644088,0.2466742754518773
rubber_carpet,hourglass,-150,-2.6179938779914944,7.1010332950631465,5.039418293149637,cell_carpet,0.001605367969661227,0.38612259038114793,0.1904456224454875,0.4218264192037035,grass,0.0017765134886065705,0.4237669490786549,0.2402061901049481,0.33425034732779035
rubber_carpet,hourglass,-150,-2.6179938779914944,7.681974741676235,5.006250797295574,cell_carpet,0.0015919198217078663,0.37938326064974415,0.1855238613908387,0.43350095813770934,grass,0.0016842166551572185,0.40157510486419956,0.2128650257478934,0.3838756527327498
rubber_carpet,hourglass,-150,-2.6179938779914944,8.01836969001148,5.5171578007398905,grass,0.0018835484190104722,0.4787377430062315,0.2730452077267445,0.24633350084801353,grass,0.0017838825370838454,0.44015642393521553,0.24295511673731895,0.3151045767903817
rubber_carpet,hourglass,-150,-2.6179938779914944,7.663605051664752,6.047582599821406,grass,0.002203499750233586,0.5304894891665636,0.37280528791391193,0.09450172316929106,grass,0.0019936911436587157,0.48532295655088953,0.3078802023256154,0.20480314997983637
rubber_carpet,hourglass,-150,-2.6179938779914944,8.250287026406431,6.627886209975762,grass,0.0025268238395109513,0.5037556428984525,0.47089466941125774,0.022822863850778672,grass,0.002260257491584834,0.4945392997246711,0.38938743586843666,0.11381300691530753
rubber_carpet,hourglass,-150,-2.6179938779914944,8.747416762342135,7.150529404260748,rubber_carpet,0.0029093402063499986,0.4361382697403734,0.5543973880145544,0.006555002038722093,rubber_carpet,0.0025847988489674165,0.4653387847325222,0.47189241194149556,0.060184004477014816
rubber_carpet,hourglass,-150,-2.6179938779914944,9.512055109070037,7.671003954586045,rubber_carpet,0.00348719063639636,0.353343809000342,0.639197155965311,0.003971844397950704,rubber_carpet,0.0030359947426818884,0.4093412968664321,0.5555447839534033,0.03207792443748276
rubber_carpet,square,-90,-1.5707963267948966,3.52353616532721,3.52353616532721,linoleum,0.9925890215347758,0.002493212294531261,0.0024267083048439848,0.0024910578658489473,linoleum,0.9925890215347758,0.002493212294531261,0.0024267083048439848,0.0024910578658489473
rubber_carpet,square,-90,-1.5707963267948966,7.810562571756601,5.667049368541906,cell_carpet,0.17285263342384363,0.05524312801958535,0.013434444216900649,0.7584697943396704,linoleum,0.5827208274793098,0.028868170157058306,0.007930576260872317,0.3804804261027597
rubber_carpet,square,-90,-1.5707963267948966,10.030998851894374,7.121699196326063,cell_carpet,0.0021163117451589125,0.07914030590906122,0.006101784936695359,0.9126415974090845,cell_carpet,0.29241856961223434,0.054004238033059766,0.007016180598783838,0.6465610117559221
rubber_carpet,square,-90,-1.5707963267948966,12.383467278989668,8.437141216991964,cell_carpet,0.0026749928693632482,0.35849906020161626,0.030367989669046108,0.6084579572599743,cell_carpet,0.14754678124079879,0.206251649117338,0.018692085133914974,0.6275094845079482
rubber_carpet,square,-90,-1.5707963267948966,13.68427095292767,9.486567164179103,grass,0.003461947237175924,0.788874060263447,0.10886977089719242,0.09879422160218473,grass,0.07550436423898735,0.4975628546903925,0.0637809280155537,0.3631518530550665
rubber_carpet,square,-90,-1.5707963267948966,12.152698048220437,9.930922311519328,grass,0.003280905568045119,0.8196578335925289,0.14961471674521717,0.027446544094209015,grass,0.03939263490351624,0.6586103441414607,0.10669782238038544,0.19529919857463773
rubber_carpet,square,-90,-1.5707963267948966,14.238805970149254,10.546334262752174,grass,0.003095393195192013,0.7706896376183271,0.22070567837101768,0.005509290815463211,grass,0.021244014049354124,0.7146499908798939,0.16370175037570156,0.10040424469505047
rubber_carpet,square,-90,-1.5707963267948966,13.7646383467279,10.94862227324914,grass,0.0031021514618505834,0.709909468679011,0.28345775090346675,0.0035306289556716465,grass,0.012173082755602353,0.7122797297794524,0.22357975063958416,0.051967436825361056
rubber_carpet,square,-90,-1.5707963267948966,13.1113662456946,11.188927159076412,grass,0.0031525402748028104,0.6650994093382693,0.328455298907531,0.0032927514793968647,grass,0.007662811515202583,0.688689569558861,0.2760175247735576,0.027630094152378964
rubber_carpet,square,-90,-1.5707963267948966,12.917336394948336,12.232682740145426,rubber_carpet,0.0036474670949331583,0.4137005594691868,0.5790040069198724,0.0036479665160075183,grass,0.00565513930506787,0.5511950645140239,0.427510765846715,0.01563903033419324
rubber_carpet,square,-90,-1.5707963267948966,13.345579793340988,12.847684653654802,rubber_carpet,0.004034658684579824,0.2596362815792909,0.7322943915528445,0.0040346681832847476,rubber_carpet,0.004844898994823848,0.40541567304665743,0.5799025786997799,0.009836849258738995
rubber_carpet,square,-90,-1.5707963267948966,13.196326061997704,13.199387676999615,rubber_carpet,0.0042693080728173245,0.18620890866013004,0.8052524744032091,0.0042693088638436115,rubber_carpet,0.004557103533820586,0.29581229085339367,0.6925775265514944,0.007053079061291302
rubber_carpet,square,-90,-1.5707963267948966,13.247990815154994,13.295445847684654,rubber_carpet,0.004336547357259929,0.1687447754671355,0.8225821294280079,0.00433654774759667,rubber_carpet,0.004446825445540257,0.2322785331602646,0.7575798279897512,0.005694813404443986
rubber_carpet,square,-90,-1.5707963267948966,13.058553386911596,13.225921673682867,rubber_carpet,0.00428770063726526,0.18126836955658995,0.8101562285173042,0.004287701288840525,rubber_carpet,0.0043672630414027585,0.20677345135842728,0.7838680282535277,0.0049912573466422555
rubber_carpet,square,-90,-1.5707963267948966,12.8955223880597,13.308457711442786,rubber_carpet,0.004345803916274405,0.16646912430085675,0.8248392675121908,0.00434580427067798,rubber_carpet,0.004356533478838582,0.18662128782964202,0.8043536478828592,0.004668530808660118
rubber_carpet,square,-90,-1.5707963267948966,13.535017221584388,13.230258961602244,rubber_carpet,0.00429071956466716,0.18046919643834228,0.8109493638011337,0.004290720195856935,rubber_carpet,0.004323626521752871,0.18354524213399215,0.8076515058419964,0.0044796255022585265
rubber_carpet,square,-90,-1.5707963267948966,13.094144661308842,13.15575966322235,rubber_carpet,0.004239334393927655,0.19452342208874385,0.7969979080373902,0.004239335479938199,rubber_carpet,0.004281480457840264,0.18903433211136803,0.8023247069396934,0.004359480491098363
rubber_carpet,square,-90,-1.5707963267948966,12.866819747416764,13.12858783008037,rubber_carpet,0.004220821846932976,0.19982068423206345,0.791737670752692,0.004220823168311607,rubber_carpet,0.00425115115238662,0.19442750817171572,0.7970311888461927,0.004290151829704985
rubber_carpet,square,-90,-1.5707963267948966,12.180252583237658,13.046689628779182,rubber_carpet,0.00416565649440932,0.21632841331330477,0.7753402713247053,0.004165658867580673,rubber_carpet,0.00420840382339797,0.20537796074251025,0.786185730085449,0.004227905348642829
rubber_carpet,square,-90,-1.5707963267948966,13.864523536165326,13.104350044648552,rubber_carpet,0.004204401026920975,0.20462208886603145,0.7869691075073174,0.004204402599730107,rubber_carpet,0.0042064024251594724,0.20500002480427085,0.7865774187963832,0.004216153974186468
rubber_carpet,square,-90,-1.5707963267948966,13.704936854190588,13.160862354892206,rubber_carpet,0.004242823788870378,0.19353876777369408,0.7979755836019434,0.0042428248354920905,rubber_carpet,0.004224613107014926,0.1992693962889825,0.7922765011991634,0.0042294894048392805
rubber_carpet,square,-90,-1.5707963267948966,3.307692307692308,12.056384742951908,rubber_carpet,0.003543210284835339,0.4600517687069083,0.5328603890865989,0.0035446319216574794,rubber_carpet,0.0038839116959251325,0.3296605824979454,0.6625684451428812,0.00388706066324838
rubber_carpet,square,-90,-1.5707963267948966,8.27898966704937,11.52532210741166,grass,0.003271676781384521,0.5925267745610628,0.40090358036191837,0.0032979682956342047,rubber_carpet,0.003577794238654827,0.4610936785295041,0.5317360127523998,0.0035925144794412924
rubber_carpet,square,-90,-1.5707963267948966,10.580941446613089,11.268146447250924,grass,0.0031758712289205603,0.649003240157888,0.3445493684741697,0.003271520139021678,grass,0.0033768327337876936,0.5550484593436961,0.43814269061328476,0.003432017309231485
rubber_carpet,square,-90,-1.5707963267948966,12.208955223880595,11.120806225283838,grass,0.0031350475154635882,0.6784230750481719,0.315113120414499,0.0033287570218655327,grass,0.003255940124625641,0.6167357671959339,0.3766279055138919,0.003380387165548509
rubber_carpet,square,-90,-1.5707963267948966,12.390355912743974,11.042607475443296,grass,0.0031180401632945162,0.6931159900549142,0.30036899428074826,0.003396975501043059,grass,0.003186990143960079,0.6549258786254241,0.3384984498973201,0.003388681333295784
rubber_carpet,square,-90,-1.5707963267948966,13.272101033295064,11.087638729429775,grass,0.0031274245896674756,0.6847341503116118,0.30878470458629587,0.003353720512424868,grass,0.0031572073668137773,0.6698300144685179,0.323641577241808,0.003371200922860326
rubber_carpet,square,-90,-1.5707963267948966,13.69345579793341,11.255772419951525,grass,0.003172021607885145,0.6515594947207244,0.34199487708392207,0.0032736065874683765,grass,0.003164614487349461,0.6606947545946211,0.332818227162865,0.003322403755164351
rubber_carpet,square,-90,-1.5707963267948966,14.454649827784158,11.321342007909172,grass,0.0031932591966614744,0.6378396501489668,0.3557001433135008,0.0032669473408709995,grass,0.0031789368420054678,0.649267202371794,0.3442591852381829,0.003294675548017675
rubber_carpet,square,-90,-1.5707963267948966,14.225028702640644,11.379129991070291,grass,0.0032136423149938063,0.6253975712864254,0.3681198430958713,0.0032689433027095383,grass,0.0031962895784996372,0.6373323868291098,0.35618951416702715,0.003281809425363607
rubber_carpet,square,-90,-1.5707963267948966,13.536165327210105,12.515626993238934,rubber_carpet,0.0038223291196528017,0.3401749277989557,0.6521803282232302,0.0038224148581613555,rubber_carpet,0.003509309349076219,0.48875365731403264,0.5041849211951286,0.0035521121417624803
rubber_carpet,square,-90,-1.5707963267948966,13.929965556831228,13.143513203214695,rubber_carpet,0.004230976647724835,0.1968996935950486,0.794638351922964,0.0042309778342626714,rubber_carpet,0.0038701429984005268,0.3428266754545406,0.6494116365590463,0.0038915449880125757
rubber_carpet,square,-90,-1.5707963267948966,13.724454649827782,13.492792448016328,rubber_carpet,0.004481673288445989,0.13655315746573424,0.854483495869182,0.004481673376637727,rubber_carpet,0.0041759081434232575,0.23968991646013743,0.7519475662141142,0.0041866091823251515
rubber_carpet,square,-90,-1.5707963267948966,13.62801377726751,13.650465620614874,rubber_carpet,0.0046068031001022264,0.11437007961057587,0.8764163141632659,0.004606803126056081,rubber_carpet,0.0043913556217627416,0.17702999803535666,0.8141819401886901,0.004396706154190616
rubber_carpet,square,-90,-1.5707963267948966,13.498277841561425,13.773568057150149,rubber_carpet,0.004711983578577363,0.0991542321617864,0.8914218006712804,0.004711983588355827,rubber_carpet,0.004551669600170052,0.13809211509857153,0.8528018704299852,0.004554344871273222
rubber_carpet,square,-90,-1.5707963267948966,13.749712973593567,13.826636050516647,rubber_carpet,0.004759730800898581,0.09313987642085624,0.8973406619709631,0.004759730807282128,rubber_carpet,0.004655700200534317,0.11561599575971387,0.8750712662004742,0.004657037839277674
rubber_carpet,square,-90,-1.5707963267948966,13.437428243398394,13.798188544457204,rubber_carpet,0.004733942076349133,0.09632401398389259,0.8942081018553826,0.004733942084375662,rubber_carpet,0.004694821138441725,0.10597000487180323,0.8846396840279284,0.004695489961826668
rubber_carpet,square,-90,-1.5707963267948966,13.966704936854192,13.743972445464983,rubber_carpet,0.0046860138033731295,0.10264901081949827,0.8879789615613698,0.004686013815758786,rubber_carpet,0.004690417470907427,0.10430950784565075,0.886309322794649,0.004690751888792727
rubber_carpet,square,-90,-1.5707963267948966,13.816303099885188,13.698558489603265,rubber_carpet,0.004647024587556017,0.10821138667792733,0.8824945641291969,0.004647024605319783,rubber_carpet,0.004668721029231722,0.10626044726178904,0.884401943461923,0.004668888247056255
rubber_carpet,square,-90,-1.5707963267948966,13.629161882893229,13.708891440234725,rubber_carpet,0.004655807060904097,0.10692434040874663,0.8837640454530772,0.004655807077272114,rubber_carpet,0.00466226404506791,0.10659239383526783,0.8840829944575002,0.0046623476621641844
rubber_carpet,square,-90,-1.5707963267948966,13.530424799081516,13.664498022706978,rubber_carpet,0.004618429982661446,0.11254431266688403,0.8782188273445506,0.004618430005903922,rubber_carpet,0.004640347013864678,0.10956835325107593,0.8811509109010254,0.004640388834034053
rubber_carpet,square,-90,-1.5707963267948966,3.8932261768082665,12.572139303482588,rubber_carpet,0.0038580010255804893,0.3258933213776521,0.6663906170127392,0.0038580605840284614,rubber_carpet,0.004249174019722583,0.21773083731436396,0.773770763956882,0.004249224709031257
rubber_carpet,square,-90,-1.5707963267948966,7.494833524684272,11.89067483097334,grass,0.0034503185292594366,0.5030265242074687,0.4900691717558825,0.003453985507389391,rubber_carpet,0.0038497462744910096,0.36037868076091634,0.6319199678563823,0.0038516051082103236
rubber_carpet,square,-90,-1.5707963267948966,11.182548794489094,11.633371603520857,grass,0.00331997802613067,0.5670439963240134,0.42630111613272714,0.0033349095171287626,rubber_carpet,0.0035848621503108396,0.4637113385424648,0.5291105419945548,0.003593257312669543
rubber_carpet,square,-90,-1.5707963267948966,13.68541905855339,11.62622783518306,grass,0.0033166543357320394,0.5687576087110537,0.42459357533779246,0.0033321616154217636,grass,0.0034507582430214397,0.5162344736267592,0.47685205866617364,0.003462709464045653
rubber_carpet,square,-90,-1.5707963267948966,15.37313432835821,11.841306289067482,grass,0.003423854644096263,0.515613680450998,0.4775337792391614,0.003428685665744523,grass,0.0034373064435588505,0.5159240770388785,0.4771929189526674,0.0034456975648950875
rubber_carpet,square,-90,-1.5707963267948966,15.34787600459242,11.994769741038398,rubber_carpet,0.0035080022839534754,0.47613752862553654,0.5168444365791203,0.003510032511389709,rubber_carpet,0.0034726543637561627,0.4960308028322076,0.4970186777658938,0.0034778650381423982
rubber_carpet,square,-90,-1.5707963267948966,13.870264064293917,12.00076540375048,rubber_carpet,0.0035113958482987525,0.47457687837705875,0.5183983684793516,0.0035133572952909782,rubber_carpet,0.003492025106027458,0.48530384060463316,0.5077085231226227,0.0034956111667166882
rubber_carpet,square,-90,-1.5707963267948966,14.18369690011481,12.062380405663989,rubber_carpet,0.003546674283093213,0.45848150262587856,0.5344237759714868,0.003548047119541394,rubber_carpet,0.003519349694560335,0.47189267161525583,0.5210661495470548,0.0035218291431290414
rubber_carpet,square,-90,-1.5707963267948966,14.4247990815155,12.16175532593443,rubber_carpet,0.003604966364604893,0.4323726278921561,0.5604166749972167,0.0036057307460224124,rubber_carpet,0.0035621580295826147,0.452132649753706,0.5407414122721358,0.0035637799445757275
rubber_carpet,square,-90,-1.5707963267948966,14.115958668197472,13.297614491644342,rubber_carpet,0.004338087468707853,0.16836400198234547,0.8229598226961287,0.004338087852817879,rubber_carpet,0.003950122749145234,0.31024832586802575,0.6818506174841322,0.003950933898696803
rubber_carpet,square,-90,-1.5707963267948966,14.26980482204363,14.050389080239828,rubber_carpet,0.004980290338496118,0.07115131142153137,0.9188881079004576,0.004980290339514902,rubber_carpet,0.004465206543820676,0.19069981864477856,0.800369362692295,0.004465612119105853
rubber_carpet,square,-90,-1.5707963267948966,14.765786452353614,14.44852659778033,rubber_carpet,0.005474793899746179,0.043623329764565635,0.9454270824359085,0.005474793899779827,rubber_carpet,0.004970000221783427,0.1171615742046721,0.8728982225641018,0.00497020300944284
rubber_carpet,square,-90,-1.5707963267948966,13.928817451205513,14.475570863630566,rubber_carpet,0.005514368304352072,0.042205404730425417,0.946765858660844,0.005514368304378588,rubber_carpet,0.005242184263067749,0.07968348946754875,0.9098320406124727,0.0052422856569107135
rubber_carpet,square,-90,-1.5707963267948966,14.847301951779563,14.417145044010717,rubber_carpet,0.0054299494944744136,0.045333020065365236,0.9438070809456416,0.005429949494518733,rubber_carpet,0.005336066878771081,0.062508254766457,0.9268195607790571,0.005336117575714724
rubber_carpet,square,-90,-1.5707963267948966,13.624569460390354,14.225666539099374,rubber_carpet,0.005179390163810936,0.05738375929908544,0.9322574603730606,0.005179390164043135,rubber_carpet,0.005257728521291008,0.05994600703277122,0.9295385105760589,0.00525775386987893
rubber_carpet,square,-90,-1.5707963267948966,13.092996555683122,14.139303482587064,rubber_carpet,0.005078031219323251,0.06381539674915711,0.926028540811713,0.005078031219806582,rubber_carpet,0.0051678798703071295,0.06188070189096416,0.927783525693886,0.005167892544842756
rubber_carpet,square,-90,-1.5707963267948966,14.195177956371989,14.140579155504527,rubber_carpet,0.005079480774353115,0.0637155350508826,0.9261255033999329,0.005079480774831271,rubber_carpet,0.005123680322330123,0.06279811847092337,0.9269545145469095,0.005123686659837014
rubber_carpet,square,-90,-1.5707963267948966,13.326061997703787,14.018497257303228,rubber_carpet,0.00494674162268931,0.0739684700164289,0.9161380467368644,0.0049467416240174785,rubber_carpet,0.005035210972509717,0.06838329424367613,0.9215462806418869,0.005035214141927246
rubber_carpet,square,-90,-1.5707963267948966,13.43857634902411,13.943232555172854,rubber_carpet,0.004870486441766267,0.08102429103679357,0.9092347360772022,0.004870486444237911,rubber_carpet,0.0049528487071379915,0.07470379264023486,0.9153905083595446,0.004952850293082578
rubber_carpet,square,-90,-1.5707963267948966,13.247990815154996,13.82969766551856,rubber_carpet,0.004762533629743575,0.0928026333162779,0.8976722994180072,0.004762533635971337,rubber_carpet,0.004857691168440783,0.08375321297825639,0.906531403888776,0.004857691964526957
rubber_carpet,square,-90,-1.5707963267948966,3.156142365097589,12.539737211379002,rubber_carpet,0.003837523497497941,0.3340589227585485,0.658265956814015,0.003837596929938758,rubber_carpet,0.004347607332969362,0.20890606786840243,0.7823986803513955,0.004347644447232858
rubber_carpet,square,-90,-1.5707963267948966,8.458094144661308,11.931879066207424,rubber_carpet,0.0034728612481487826,0.49243401354466726,0.5006173574351259,0.003475767772057902,rubber_carpet,0.003910234290559072,0.35067004070653485,0.6415080188932607,0.00391170610964538
rubber_carpet,square,-90,-1.5707963267948966,10.94833524684271,11.498660543436664,grass,0.0032604374254836745,0.598664733758566,0.39478422526079937,0.00329060355515089,rubber_carpet,0.0035853358580213734,0.4746673872325505,0.5181461220770301,0.0036011548323981353
rubber_carpet,square,-90,-1.5707963267948966,13.384615384615389,11.471998979461668,grass,0.003249481942065392,0.6047403118900528,0.3887261414698935,0.0032840646979882316,grass,0.003417408900043383,0.5397038495613017,0.4534361317734618,0.0034426097651931832
rubber_carpet,square,-90,-1.5707963267948966,14.1894374282434,11.593825743079474,grass,0.0033018046672998,0.5764801738956519,0.41689782027550754,0.003320201161540716,grass,0.0033596067836715914,0.5580920117284768,0.4351669760244847,0.0033814054633669495
rubber_carpet,square,-90,-1.5707963267948966,14.583237657864526,11.636943487689756,grass,0.0033216465011423543,0.5661857257032469,0.4271563299669492,0.0033362978286615975,grass,0.003340626642406973,0.5621388687158618,0.43116165299571696,0.0033588516460142737
rubber_carpet,square,-90,-1.5707963267948966,13.149253731343284,11.617298124760811,grass,0.003312524772977996,0.5708940879708122,0.4224646055438162,0.003328781712393657,grass,0.003326575707692485,0.5665164783433371,0.4268131292697666,0.0033438166792039655
rubber_carpet,square,-90,-1.5707963267948966,14.096440872560276,11.690394182931495,grass,0.0033471288818521065,0.5532289014689625,0.4400658258579533,0.0033581437912320817,grass,0.0033368522947722955,0.5598726899061498,0.4334394775638599,0.003350980235218024
rubber_carpet,square,-90,-1.5707963267948966,13.102181400688862,11.674193136879705,grass,0.0033393048179631286,0.5571781944354302,0.4361311818020911,0.0033513189445156058,grass,0.003338078556367712,0.5585254421707899,0.4347853296829755,0.0033511495898668146
rubber_carpet,square,-90,-1.5707963267948966,14.547646383467278,12.939915805587448,rubber_carpet,0.004094919085469252,0.23902613588867078,0.7527840209139477,0.004094924111912322,rubber_carpet,0.003716498820918482,0.3987757890297303,0.5937846752984616,0.0037230368508895683
rubber_carpet,square,-90,-1.5707963267948966,13.36280137772675,13.484883275928054,rubber_carpet,0.004475636931775234,0.1377478701569284,0.8533008558858244,0.0044756370254719225,rubber_carpet,0.004096067876346859,0.2682618295933294,0.723542765592143,0.004099336938180746
rubber_carpet,square,-90,-1.5707963267948966,13.489092996555682,13.767189692562829,rubber_carpet,0.004706347926270064,0.09989882451459889,0.8906884796225706,0.004706347936560458,rubber_carpet,0.004401207901308461,0.18408032705396415,0.8071156226073568,0.004402842437370602
rubber_carpet,square,-90,-1.5707963267948966,13.559127439724453,13.78657992090828,rubber_carpet,0.004723547658656912,0.0976498061576736,0.8929030985162022,0.004723547667467305,rubber_carpet,0.004562377779982686,0.14086506660581888,0.8500093605617796,0.004563195052418954
rubber_carpet,square,-90,-1.5707963267948966,13.955223880597016,13.760556193392016,rubber_carpet,0.004700509598465824,0.10067819605688429,0.8899207847353333,0.004700509609316511,rubber_carpet,0.004631443689224256,0.12077163133135159,0.8699650726485565,0.004631852330867733
rubber_carpet,square,-90,-1.5707963267948966,13.163030998851896,13.602755453501722,rubber_carpet,0.004567908811785281,0.12075721262788172,0.8701069697108473,0.004567908849485664,rubber_carpet,0.004599676250504768,0.12076442197961665,0.8700360211797019,0.004599880590176698
rubber_carpet,square,-90,-1.5707963267948966,12.789896670493684,13.5628268911851,rubber_carpet,0.004536073720525968,0.12631815714990252,0.864609695357628,0.004536073771943529,rubber_carpet,0.0045678749855153685,0.12354128956475958,0.867322858268665,0.004567977181060114
rubber_carpet,square,-90,-1.5707963267948966,13.949483352468429,13.54649827784156,rubber_carpet,0.004523231865532242,0.12864942752571878,0.8623041086848753,0.004523231923873772,rubber_carpet,0.004545553425523805,0.12609535854523918,0.8648134834767701,0.004545604552466943
rubber_carpet,square,-90,-1.5707963267948966,14.200918484500574,13.668580176042862,rubber_carpet,0.004621828918827638,0.11201765294590792,0.8787386891939296,0.004621828941334895,rubber_carpet,0.004583691172175722,0.11905650574557355,0.8717760863353499,0.004583716746900919
rubber_carpet,square,-90,-1.5707963267948966,14.22617680826636,13.632861334353873,rubber_carpet,0.004592339078660857,0.11669441487058335,0.874120906942298,0.004592339108457769,rubber_carpet,0.0045880151254182894,0.11787546030807845,0.8729484966388239,0.0045880279276793445
rubber_carpet,square,-90,-1.5707963267948966,12.78300803673938,13.56843985202194,rubber_carpet,0.004540511361924677,0.12552446735297013,0.8653945098739518,0.00454051141115336,rubber_carpet,0.004564263243671483,0.12169996383052428,0.8691715032563878,0.004564269669416352
rubber_carpet,square,-90,-1.5707963267948966,3.071182548794489,12.410894246715142,rubber_carpet,0.003756792247488761,0.3670807754145539,0.6254054734898258,0.003756958848131631,rubber_carpet,0.004160527745580122,0.2443903696225391,0.7472884883731068,0.004160614258773992
rubber_carpet,square,-90,-1.5707963267948966,8.138920780711826,11.808649062380406,grass,0.003406697313703498,0.5238702789573618,0.4693105384852851,0.003412485243649361,rubber_carpet,0.00378361252964181,0.3841303242899505,0.608299513429196,0.0037865497512116764
rubber_carpet,square,-90,-1.5707963267948966,11.03673938002296,11.484373006761066,grass,0.003254530772786429,0.6019283908128966,0.3915300864691039,0.003286991945213024,rubber_carpet,0.0035190716512141194,0.4930293575514235,0.49991479994914995,0.00353677084821235
rubber_carpet,square,-90,-1.5707963267948966,12.545350172215844,11.415741803801504,grass,0.0032273298213390186,0.6173494567863784,0.3761498704645391,0.003273342927743356,grass,0.0033732007362765695,0.5551894071689011,0.4380323352068446,0.003405056887977853
rubber_carpet,square,-90,-1.5707963267948966,14.330654420206658,11.58693710932517,grass,0.0032986961504581015,0.5781112484790433,0.415272285321259,0.0033177700492395368,grass,0.0033359484433673355,0.5666503278239722,0.4266523102640518,0.003361413468608695
rubber_carpet,square,-90,-1.5707963267948966,14.251435132032148,11.620487307054471,grass,0.0033139964058786662,0.5701317695198485,0.4232242523609492,0.0033299817133235483,grass,0.0033249724246230006,0.5683910486719104,0.4249382813125005,0.0033456975909661214
rubber_carpet,square,-90,-1.5707963267948966,12.253731343283585,11.404133180252582,grass,0.003222926404683907,0.6199149691868927,0.3735903944347156,0.003271709973707835,grass,0.003273949414653454,0.5941530089294016,0.39926433787360804,0.0033087037823369783
rubber_carpet,square,-90,-1.5707963267948966,14.89207807118255,11.478122209465493,grass,0.003251972537253916,0.6033505533946418,0.3901119846649983,0.0032854894031058477,grass,0.0032629609759536847,0.5987517811620218,0.3946881612693032,0.003297096592721413
rubber_carpet,square,-90,-1.5707963267948966,12.082663605051666,11.400306161500191,grass,0.003221487568752795,0.6207579720852757,0.37274932149785495,0.0032712188481166253,grass,0.00324222427235324,0.6097548766236487,0.3837187413835791,0.003284157720419019
rubber_carpet,square,-90,-1.5707963267948966,13.421354764638348,12.550325296593954,rubber_carpet,0.0038442078318738798,0.3313836415926828,0.6609278741576673,0.0038442764177761073,rubber_carpet,0.00354321605211356,0.4705692591081657,0.5223233077706232,0.0035642170690975633
rubber_carpet,square,-90,-1.5707963267948966,13.84845005740528,13.184717438448782,rubber_carpet,0.004259193275470368,0.18897830226941575,0.8025033102994226,0.0042591941556913634,rubber_carpet,0.0039012046637919642,0.3297737806887907,0.6624133090350228,0.003911705612394463
rubber_carpet,square,-90,-1.5707963267948966,12.397244546498278,13.335884679168265,rubber_carpet,0.004365443836947564,0.16174315650242277,0.8295259555347545,0.004365444125875237,rubber_carpet,0.004133324250369764,0.24575846859560674,0.7459696322848887,0.00413857486913485
rubber_carpet,square,-90,-1.5707963267948966,12.597014925373134,13.34162520729685,rubber_carpet,0.004369577348362903,0.16076615889448206,0.8304946861319894,0.004369577625165504,rubber_carpet,0.004251450799366335,0.20326231374504442,0.7882321592084391,0.004254076247150178
rubber_carpet,square,-90,-1.5707963267948966,13.560275545350173,13.256027554535017,rubber_carpet,0.004308731029789569,0.17577012556285312,0.8156124118552547,0.004308731552102596,rubber_carpet,0.004280090914577952,0.18951621965394877,0.8019222855318469,0.004281403899626387
rubber_carpet,square,-90,-1.5707963267948966,13.212399540757753,13.140579155504527,rubber_carpet,0.0042289777329858735,0.1974717484799579,0.7940702948421317,0.0042289789449245834,rubber_carpet,0.004254534323781913,0.19349398406695334,0.7979962901869893,0.004255191422275486
rubber_carpet,square,-90,-1.5707963267948966,13.309988518943744,13.257941063911211,rubber_carpet,0.004310073801008948,0.17542453438965044,0.8159553174933281,0.004310074316012451,rubber_carpet,0.00428230406239543,0.1844592592283019,0.8069758038401587,0.004282632869143968
rubber_carpet,square,-90,-1.5707963267948966,13.79678530424799,13.13624186758515,rubber_carpet,0.004226025226280027,0.19831933018782466,0.7932286181091532,0.00422602647674216,rubber_carpet,0.0042541646443377285,0.19138929470806326,0.800102210974656,0.004254329672943064
rubber_carpet,square,-90,-1.5707963267948966,13.483352468427094,13.291873963515757,rubber_carpet,0.0043340129837517215,0.16937323750501457,0.8219587361266738,0.004334013384559857,rubber_carpet,0.004294088814044726,0.18038126610653896,0.8110304735506649,0.004294171528751461
rubber_carpet,square,-90,-1.5707963267948966,13.626865671641792,13.31470850873836,rubber_carpet,0.004350264430382898,0.16538359540084827,0.8259158754000744,0.0043502647686944835,rubber_carpet,0.004322176622213811,0.17288243075369358,0.8184731744753695,0.0043222181487229715
rubber_carpet,square,-90,-1.5707963267948966,13.229621125143511,13.245949738487052,rubber_carpet,0.0043016713102102516,0.1775978886471281,0.8137987681699376,0.004301671872724105,rubber_carpet,0.004311923966212032,0.17524015970041087,0.8161359713226536,0.0043119450107235386
rubber_carpet,hourglass,-90,-1.5707963267948966,9.71641791044776,9.71641791044776,grass,0.0033781454172465805,0.8153120366876173,0.12939045783498496,0.051919360060151215,grass,0.0038450346917293064,0.4952760981940141,0.47276321457881926,0.028115652535437376
rubber_carpet,hourglass,-90,-1.5707963267948966,3.2009184845005745,6.458668197474168,cell_carpet,0.003973545912267103,0.05646406589829177,0.006131089819892334,0.9334312983695489,cell_carpet,0.003909290301998205,0.27587008204615293,0.2394471521993558,0.4807734754524931
rubber_carpet,hourglass,-90,-1.5707963267948966,5.772675086107922,6.230003827018753,cell_carpet,0.007364411515137275,0.055080340394486525,0.007270655836758525,0.9302845922536177,cell_carpet,0.005636850908567741,0.16547521122031972,0.12335890401805717,0.7055290338530554
rubber_carpet,hourglass,-90,-1.5707963267948966,8.766934557979335,6.864236509758898,cell_carpet,0.0024619432609140086,0.0663500702262096,0.005618022369666122,0.9255699641432102,cell_carpet,0.004049397084740875,0.11591264072326465,0.06448846319386164,0.8155494989981329
rubber_carpet,hourglass,-90,-1.5707963267948966,10.677382319173365,7.626865671641792,cell_carpet,0.0019594969428043995,0.12937722890180572,0.009398112224326375,0.8592651619310635,cell_carpet,0.003004447013772637,0.12264493481253519,0.03694328770909401,0.8374073304645981
rubber_carpet,hourglass,-90,-1.5707963267948966,12.941446613088404,8.512629161882893,cell_carpet,0.002780887796494912,0.3929073278242648,0.03415273691927433,0.570159047459966,cell_carpet,0.0028926674051337744,0.2577761313184,0.03554801231418417,0.7037831889622821
rubber_carpet,hourglass,-90,-1.5707963267948966,14.812858783008036,9.412661964900773,grass,0.003477028734084094,0.7743139832250496,0.10240181131290937,0.11980717672795678,grass,0.003184848069608934,0.5160450572717248,0.06897491181354677,0.41179518284511946
rubber_carpet,hourglass,-90,-1.5707963267948966,13.059701492537313,9.86854190585534,grass,0.0033091697576168246,0.820019383483391,0.1435789214124602,0.03309252534653198,grass,0.0032470089136128794,0.6680322203775579,0.10627691661300348,0.22244385409582573
rubber_carpet,hourglass,-90,-1.5707963267948966,14.149253731343284,10.344176553131778,grass,0.0031317946433802473,0.7938156928984964,0.19453234906961822,0.008520163388505137,grass,0.0031894017784965625,0.7309239566380271,0.1504046328413108,0.11548200874216541
rubber_carpet,hourglass,-90,-1.5707963267948966,14.393800229621124,10.863885699706596,grass,0.003092277982576826,0.7242278252545363,0.2689618747179158,0.0037180220449709346,grass,0.0031408398805366946,0.7275758909462818,0.20968325377961336,0.05960001539356818
rubber_carpet,hourglass,-90,-1.5707963267948966,13.653272101033297,12.025258323765788,rubber_carpet,0.0035253330548051967,0.4681904909012689,0.5247571399416725,0.0035270361022534426,grass,0.0033330864676709457,0.5978831909237754,0.36722019686064294,0.03156352574791081
rubber_carpet,hourglass,-90,-1.5707963267948966,14.428243398392652,12.986988136241868,rubber_carpet,0.004125959352971025,0.22886028062192562,0.7628877970550765,0.004125962970026871,rubber_carpet,0.003729522910320985,0.4133717357728505,0.5650539969578597,0.01784474435896884
rubber_carpet,hourglass,-90,-1.5707963267948966,12.846153846153848,13.440234723816811,rubber_carpet,0.00444193874014779,0.144641117682092,0.8464750047059267,0.004441938871833436,rubber_carpet,0.004085730825234387,0.2790064267274713,0.7057645008318932,0.011143341615401137
rubber_carpet,hourglass,-90,-1.5707963267948966,13.646383467278987,13.770123740272991,rubber_carpet,0.004708937650209434,0.09955572802777485,0.8910263966617546,0.0047089376602611555,rubber_carpet,0.004397334237721911,0.18928107737762306,0.7983954487468239,0.007926139637831146
rubber_carpet,hourglass,-90,-1.5707963267948966,13.938002296211252,13.880852149508865,rubber_carpet,0.0048101815840992535,0.08732211319119916,0.9030575236364877,0.004810181588213865,rubber_carpet,0.004603757910910582,0.1383015952844111,0.8507264861916558,0.0063681606130225055
rubber_carpet,hourglass,-90,-1.5707963267948966,13.143513203214695,13.695369307309605,rubber_carpet,0.004644324236192952,0.1086111921257569,0.8821001593836395,0.004644324254410607,rubber_carpet,0.004624041073551769,0.12345639370508402,0.8664133227876477,0.005506242433716557
rubber_carpet,hourglass,-90,-1.5707963267948966,13.103329506314582,13.70021686439597,rubber_carpet,0.004648430679617752,0.10800396729302429,0.8826991713302081,0.004648430697149896,rubber_carpet,0.00463623587658476,0.11573018049905415,0.8745562470589279,0.005077336565433226
rubber_carpet,hourglass,-90,-1.5707963267948966,13.500574052812858,13.628141344559255,rubber_carpet,0.004588483753949059,0.11732403287299369,0.8734989995881894,0.004588483784867816,rubber_carpet,0.0046123598152669094,0.11652710668602392,0.8740276233235587,0.004832910175150521
rubber_carpet,hourglass,-90,-1.5707963267948966,14.072330654420208,13.592422502870264,rubber_carpet,0.004559609845921136,0.1221773601596772,0.8687034201076201,0.004559609886781559,rubber_carpet,0.004585984830594024,0.11935223342285058,0.8713655217155895,0.00469626003096604
rubber_carpet,hourglass,-90,-1.5707963267948966,12.89092996555683,13.507717821150656,rubber_carpet,0.004493121758767135,0.1343201709252115,0.8566935854786017,0.0044931218374196225,rubber_carpet,0.004539553294680579,0.12683620217403105,0.8640295535970957,0.004594690934192831
rubber_carpet,hourglass,-90,-1.5707963267948966,9.120551090700344,12.917974231407069,rubber_carpet,0.004080520146660209,0.2438478645665759,0.7479910892861555,0.0040805260006084,rubber_carpet,0.004310036720670394,0.18534203337030344,0.8060103214416254,0.0043376084674006145
rubber_carpet,hourglass,-90,-1.5707963267948966,4.094144661308841,11.945528766424289,rubber_carpet,0.0034804152334170003,0.4889094028054067,0.5041270768336903,0.0034831051274862718,rubber_carpet,0.0038952259770436972,0.3371257180878551,0.6550686991376579,0.003910356797443443
rubber_carpet,hourglass,-90,-1.5707963267948966,7.181400688863375,11.227197346600333,grass,0.0031634196208681275,0.6574033932914763,0.3361531062724887,0.003280080815166948,grass,0.0035293227989559124,0.4972645556896657,0.49561090270507324,0.0035952188063051956
rubber_carpet,hourglass,-90,-1.5707963267948966,9.597014925373134,10.744865416507208,grass,0.003085857841639861,0.742997676880291,0.24977941554663985,0.0041370497314294555,grass,0.0033075903202978867,0.6201311162849783,0.37269515912585655,0.0038661342688673253
rubber_carpet,hourglass,-90,-1.5707963267948966,11.368541905855338,10.54764638346728,grass,0.003095245090135988,0.770522099006233,0.22088640617993602,0.005496249723694925,grass,0.0032014177052169376,0.6953266076456057,0.29679078265289627,0.004681191996281125
rubber_carpet,hourglass,-90,-1.5707963267948966,12.650975889781858,10.4973848705192,grass,0.003101734148017349,0.7767856060659013,0.21406709498534196,0.006045564800739441,grass,0.0031515759266171435,0.7360561068557535,0.2554289388191191,0.005363378398510282
rubber_carpet,hourglass,-90,-1.5707963267948966,14.76923076923077,10.638346727898966,grass,0.0030877665033342107,0.758433034583789,0.23374070467803634,0.0047384942348405274,grass,0.003119671214975677,0.7472445707197712,0.2445848217485777,0.005050936316675405
rubber_carpet,hourglass,-90,-1.5707963267948966,14.715269804822045,10.709784411276948,grass,0.0030856756610791376,0.7482255612869695,0.24438180505488807,0.0043069579970633496,grass,0.003102673438027407,0.7477350660033704,0.2444833134017329,0.004678947156869378
rubber_carpet,hourglass,-90,-1.5707963267948966,14.353616532721013,10.872305140961858,grass,0.003093065081672751,0.7228403979121778,0.2703706245287335,0.00369591247741608,grass,0.003097869259850078,0.735287731957774,0.25742696896523315,0.004187429817142728
rubber_carpet,hourglass,-90,-1.5707963267948966,14.444316877152698,11.463834672789895,grass,0.0032461850602059617,0.6065880915087621,0.3868834839841976,0.0032822394468345413,grass,0.003172027160028019,0.670937911733268,0.32215522647471534,0.0037348346319886335
rubber_carpet,hourglass,-90,-1.5707963267948966,14.072330654420208,12.572522005357824,rubber_carpet,0.0038582432704009004,0.32579726439804796,0.6664861896503105,0.0038583026812407223,grass,0.00351513521521446,0.49836758806565795,0.49432070806251294,0.0037965686566146777
rubber_carpet,hourglass,-90,-1.5707963267948966,13.2743972445465,13.249521622655951,rubber_carpet,0.004304171157044877,0.1769486036269968,0.8144430535109822,0.004304171704976178,rubber_carpet,0.003909653186129667,0.33765809584632733,0.6543818807867475,0.004050370180795427
rubber_carpet,hourglass,-90,-1.5707963267948966,14.383467278989666,13.781349661946678,rubber_carpet,0.004718888412968891,0.09825218582651707,0.8923100373383576,0.00471888842215655,rubber_carpet,0.0043142707995492795,0.2179551408364222,0.7733459590625525,0.004384629301475989
rubber_carpet,hourglass,-90,-1.5707963267948966,13.0849598163031,13.97206276310754,rubber_carpet,0.00489922687490303,0.07825275829150893,0.9119487879567352,0.0048992268768529145,rubber_carpet,0.0046067488372261555,0.14810394956396558,0.8426473735096439,0.004641928089164453
rubber_carpet,hourglass,-90,-1.5707963267948966,14.156142365097589,14.139303482587064,rubber_carpet,0.005078031219323251,0.06381539674915711,0.926028540811713,0.005078031219806582,rubber_carpet,0.004842390028274703,0.10595967315656135,0.8843379571606784,0.004859979654485517
rubber_carpet,hourglass,-90,-1.5707963267948966,10.803673938002296,13.698686056895014,rubber_carpet,0.004647132702023158,0.10819541969927031,0.8825103148789375,0.0046471327197690005,rubber_carpet,0.00474476136514893,0.10707754642791584,0.883424136019808,0.004753556187127259
rubber_carpet,hourglass,-90,-1.5707963267948966,2.794489092996556,12.37415486669218,rubber_carpet,0.0037340036709188093,0.3766259830316653,0.6159058000116212,0.003734213285794767,rubber_carpet,0.00423938251803387,0.24185176472979056,0.7496649680157146,0.004243884736461013
rubber_carpet,hourglass,-90,-1.5707963267948966,5.569460390355912,11.3981375175405,grass,0.003220675069014536,0.62123506171429,0.372273312062984,0.003270951153711535,rubber_carpet,0.0037300287935242028,0.43154341322204026,0.5609691400393493,0.003757417945086274
rubber_carpet,hourglass,-90,-1.5707963267948966,8.24110218140069,10.708891440234725,grass,0.003085681353238919,0.7483567991660305,0.2442459057290397,0.004311613751690761,grass,0.003407855073381561,0.5899501061940353,0.4026075228841945,0.004034515848388517
rubber_carpet,hourglass,-90,-1.5707963267948966,10.772675086107922,10.34226304375558,grass,0.0031322666081565046,0.7940074612959193,0.19429967012479527,0.008560601971128918,grass,0.0032700608407690325,0.6919787837449773,0.2984535965044949,0.006297558909758718
rubber_carpet,hourglass,-90,-1.5707963267948966,12.889781859931114,10.29952800102054,grass,0.0031434118793272937,0.7981457153716889,0.18917171925335244,0.009539153495631471,grass,0.003206736360048163,0.7450622495583331,0.24381265787892364,0.007918356202695095
rubber_carpet,hourglass,-90,-1.5707963267948966,14.083811710677384,10.26623293787473,grass,0.003152885055009184,0.8011716605203252,0.1852651774382023,0.010410276986463352,grass,0.0031798107075286736,0.7731169550393291,0.21453891765856298,0.009164316594579223
rubber_carpet,hourglass,-90,-1.5707963267948966,14.168771526980484,10.386656461283328,grass,0.0031219231118416084,0.7894203383571294,0.19976740683638328,0.007690331694645772,grass,0.003150866909685141,0.7812686466982293,0.20715316224747313,0.008427324144612497
rubber_carpet,hourglass,-90,-1.5707963267948966,13.823191733639495,10.349661946676871,grass,0.0031304546518316897,0.7932629428931346,0.1952008430336273,0.008405759421406258,grass,0.0031406607807584162,0.7872657947956822,0.20117700264055027,0.00841654178300938
rubber_carpet,hourglass,-90,-1.5707963267948966,14.547646383467278,10.76565888506187,grass,0.0030863373453460245,0.7398329634206022,0.25303318505832345,0.004047514175728314,grass,0.0031134990630522193,0.763549379108142,0.2271050938494368,0.006232027979368845
rubber_carpet,hourglass,-90,-1.5707963267948966,12.572904707233066,11.852149508865928,grass,0.0034296139802499456,0.5128595457447541,0.4802766779474851,0.0034341623275107916,grass,0.003271556521651083,0.6382044624264481,0.353690885898461,0.004833095153439819
rubber_carpet,hourglass,-90,-1.5707963267948966,14.177956371986223,12.808649062380406,rubber_carpet,0.004009347028631059,0.268620061438505,0.7233612321102664,0.0040093594225976475,rubber_carpet,0.0036404517751410714,0.4534122619324765,0.5385260590043637,0.004421227288018734
rubber_carpet,hourglass,-90,-1.5707963267948966,13.33409873708381,13.37453756856742,rubber_carpet,0.004393436167225674,0.15524601764799736,0.8359671098012422,0.004393436383534721,rubber_carpet,0.004016943971183373,0.30432913979023696,0.687246584402803,0.004407331835776728
rubber_carpet,hourglass,-90,-1.5707963267948966,12.381171067738231,13.55325934430412,rubber_carpet,0.004528537091038272,0.12768009473080652,0.8632628310317467,0.004528537146408593,rubber_carpet,0.004272740531110822,0.21600461726052167,0.7752547077172747,0.004467934491092659
rubber_carpet,hourglass,-90,-1.5707963267948966,13.517795637198624,13.6230386528894,rubber_carpet,0.004584326476513618,0.11800776727501903,0.8728235797397755,0.004584326508691753,rubber_carpet,0.00442853350381222,0.1670061922677704,0.8240391437285252,0.004526130499892207
rubber_carpet,hourglass,-90,-1.5707963267948966,10.253731343283585,13.19747416762342,rubber_carpet,0.00426798661471698,0.1865686094467287,0.8048954165216978,0.004267987416856528,rubber_carpet,0.0043482600592646,0.17678740085724953,0.8144672801251115,0.004397058958374367
rubber_carpet,hourglass,-90,-1.5707963267948966,2.74052812858783,11.927669345579794,rubber_carpet,0.0034705399981615685,0.4935195387488948,0.4995364046023723,0.003473516650571454,rubber_carpet,0.003909400028713084,0.33515346980307215,0.6570018423637419,0.003935287804472911
rubber_carpet,hourglass,-90,-1.5707963267948966,5.677382319173364,11.022579410639112,grass,0.0031142302216971146,0.6967743624813674,0.2966912728820207,0.00342013441491478,grass,0.0035118151252050986,0.5159639161422197,0.4768465576228812,0.0036777111096938445
rubber_carpet,hourglass,-90,-1.5707963267948966,8.269804822043627,10.32504145936982,grass,0.0031366192114000847,0.795708666412006,0.19221749346148806,0.00893722091510586,grass,0.003324217168302592,0.655836291277113,0.3345320255421847,0.006307466012399853
rubber_carpet,hourglass,-90,-1.5707963267948966,10.492537313432836,10.093889526725349,grass,0.0032121628915171368,0.81370949693156,0.16617827360322546,0.016900066573697452,grass,0.0032681900299098635,0.7347728941043364,0.25035514957270505,0.011603766293048651
rubber_carpet,hourglass,-90,-1.5707963267948966,12.769230769230768,9.93736445975252,grass,0.003278026922890243,0.8195542430306855,0.1502466534643415,0.02692107658208274,grass,0.003273108476400054,0.777163568567511,0.20030090151852328,0.019262421437565697
rubber_carpet,hourglass,-90,-1.5707963267948966,13.91044776119403,10.001403240209209,grass,0.0032500184307979654,0.8179028100982787,0.1566247260679096,0.022222445403013765,grass,0.0032615634535990094,0.7975331893328949,0.17846281379321643,0.02074243342028973
rubber_carpet,hourglass,-90,-1.5707963267948966,13.921928817451205,10.172598545732876,grass,0.003183068231251567,0.8086756974875292,0.17467112840887564,0.013470105872343536,grass,0.0032223158424252883,0.803104443410212,0.17656697110104602,0.017106269646316632
rubber_carpet,hourglass,-90,-1.5707963267948966,14.042479908151552,10.230896798060977,grass,0.0031636752898362677,0.8041836384643312,0.18120090857283025,0.011451777673002294,grass,0.0031929955661307782,0.8036440409372716,0.17888393983693812,0.014279023659659464
rubber_carpet,hourglass,-90,-1.5707963267948966,13.459242250287025,10.587064676616915,grass,0.0030913274859088132,0.7653902908860346,0.22638462592626196,0.00513375570179467,grass,0.0031421615260197955,0.7845171659116531,0.20263428288160004,0.009706389680727068
rubber_carpet,hourglass,-90,-1.5707963267948966,14.158438576349022,11.855721393034823,grass,0.0034315178424547377,0.5119509690103587,0.48118153654518137,0.0034359766020052094,grass,0.0032868396842372664,0.6482340674610059,0.3419079097133907,0.006571183141366139
rubber_carpet,hourglass,-90,-1.5707963267948966,13.709529276693456,12.748182166092612,rubber_carpet,0.003970336924798953,0.2828210525735422,0.7092382549344736,0.003970355567185322,rubber_carpet,0.00362858830451811,0.465527560017274,0.5255730823239322,0.00527076935427573
rubber_carpet,hourglass,-90,-1.5707963267948966,12.703788748564865,13.240847046817196,rubber_carpet,0.004298104490042563,0.17852823653756064,0.8128755538983488,0.004298105074048058,rubber_carpet,0.003963346397280337,0.32202789827741735,0.6692243181111405,0.004784437214161894
rubber_carpet,hourglass,-90,-1.5707963267948966,13.036739380022963,13.52353616532721,rubber_carpet,0.004505338898619372,0.13198426916998945,0.8590050529631265,0.004505338968264679,rubber_carpet,0.004234342647949854,0.2270060837237034,0.7641146855371335,0.004644888091213287
rubber_carpet,hourglass,-90,-1.5707963267948966,12.603903559127442,13.505166475315727,rubber_carpet,0.0044911593819450205,0.1346998839505488,0.8563177972053527,0.004491159462153322,rubber_carpet,0.004362751014947438,0.18085298383712614,0.8102162413712432,0.004568023776683305
rubber_carpet,hourglass,-30,-0.5235987755982988,6.120551090700344,6.120551090700344,grass,0.002479854286776019,0.4935174709402398,0.4688527385432365,0.035149936229747665,grass,0.002479854286776019,0.4935174709402398,0.4688527385432365,0.035149936229747665
rubber_carpet,hourglass,-30,-0.5235987755982988,9.611940298507465,7.866245694603903,rubber_carpet,0.004955693877789464,0.24921379914930247,0.7408270986017963,0.005003408371111653,rubber_carpet,0.003717774082282742,0.3713656350447712,0.6048399185725165,0.02007667230042966
rubber_carpet,hourglass,-30,-0.5235987755982988,10.09988518943743,8.610792192881746,rubber_carpet,0.007597324936021793,0.1500426148193014,0.8347617139878779,0.007598346256798923,rubber_carpet,0.005657549509152268,0.2607041249320363,0.7198008162801972,0.013837509278614293
rubber_carpet,hourglass,-30,-0.5235987755982988,8.695752009184845,8.63203214695752,rubber_carpet,0.007698350400704007,0.1476531600567325,0.8369492324907056,0.007699257051857864,rubber_carpet,0.006677949954928137,0.20417864249438442,0.7783750243854515,0.010768383165236078
rubber_carpet,hourglass,-30,-0.5235987755982988,9.590126291618828,8.823650975889782,rubber_carpet,0.008694501056250286,0.1273813020759017,0.855229393446726,0.008694803421122064,rubber_carpet,0.007686225505589212,0.16577997228514307,0.8168022089160887,0.009731593293179071
rubber_carpet,hourglass,-30,-0.5235987755982988,9.832376578645237,8.991771909682358,rubber_carpet,0.009710204066292607,0.11155121071668556,0.869028269761484,0.009710315455537948,rubber_carpet,0.008698214785940909,0.13866559150091431,0.8429152393387863,0.00972095437435851
rubber_carpet,hourglass,-30,-0.5235987755982988,9.088404133180251,9.0055765130392,rubber_carpet,0.009800215844304837,0.11033389538343158,0.8700655704574182,0.009800318314845407,rubber_carpet,0.009249215315122874,0.12449974344217295,0.8564904048981022,0.009760636344601958
rubber_carpet,hourglass,-30,-0.5235987755982988,9.90126291618829,9.117537313432836,rubber_carpet,0.010570959857640515,0.10092546497713471,0.8779325636549676,0.010571011510256991,rubber_carpet,0.009910087586381696,0.11271260420965384,0.867211484276535,0.010165823927429476
rubber_carpet,hourglass,-30,-0.5235987755982988,9.427095292766936,9.15193264446996,rubber_carpet,0.010823068723153688,0.09820107142869353,0.8801527493971382,0.010823110451014771,rubber_carpet,0.010366578154767691,0.10545683781917366,0.8736821168368364,0.010494467189222123
rubber_carpet,hourglass,-30,-0.5235987755982988,9.195177956371989,9.493557851766807,rubber_carpet,0.013787223585400289,0.07532379704733477,0.8971017511298075,0.013787228237457374,rubber_carpet,0.01207690087008399,0.09039031743325422,0.885391933983322,0.01214084771333975
rubber_carpet,hourglass,-30,-0.5235987755982988,10.237657864523538,9.563082025768594,rubber_carpet,0.014509052547758094,0.07157970025765524,0.8994021917190728,0.01450905547551391,rubber_carpet,0.013292976708921038,0.08098500884545472,0.8923970628511972,0.013324951594426825
rubber_carpet,hourglass,-30,-0.5235987755982988,9.43857634902411,9.48960326572267,rubber_carpet,0.013747508146370336,0.07554585132155497,0.8969591276102906,0.013747512921784086,rubber_carpet,0.01352024242764569,0.07826543008350485,0.894678095230744,0.013536232258105458
rubber_carpet,hourglass,-30,-0.5235987755982988,9.661308840413318,9.596887358081387,rubber_carpet,0.0148767596969076,0.06986761339749355,0.900378864875955,0.014876762029643793,rubber_carpet,0.014198501062276644,0.0740665217404992,0.8975284800533495,0.014206497143874626
rubber_carpet,hourglass,-30,-0.5235987755982988,10.198622273249136,9.664498022706978,rubber_carpet,0.015646918058604395,0.0666536984755707,0.9020524639322088,0.015646919533615956,rubber_carpet,0.01492270956044052,0.07036011010803495,0.8997904719927792,0.01492670833874529
rubber_carpet,hourglass,-30,-0.5235987755982988,9.757749712973594,9.65620614874346,rubber_carpet,0.015549894615200127,0.0670328794257128,0.9018673297831347,0.015549896175952361,rubber_carpet,0.015236302087820326,0.06869649476687388,0.900828900887957,0.015238302257348827
rubber_carpet,hourglass,-30,-0.5235987755982988,9.501722158438575,9.702130373772166,rubber_carpet,0.016096604864875474,0.06498500897878223,0.9028217801512399,0.016096606005102508,rubber_carpet,0.0156664534763479,0.06684075187282806,0.9018253405195984,0.015667454131225667
rubber_carpet,hourglass,-30,-0.5235987755982988,9.947187141216991,9.70723306544202,rubber_carpet,0.016158779122616346,0.06476530759116018,0.902917133062635,0.016158780223588468,rubber_carpet,0.015912616299482124,0.06580302973199412,0.9023712367911167,0.015913117177407066
rubber_carpet,hourglass,-30,-0.5235987755982988,10.110218140068888,9.783135604031129,rubber_carpet,0.017118806271175,0.061680549696725734,0.9040818371094498,0.017118806922649405,rubber_carpet,0.016515711285328565,0.06374178971435994,0.9032265369502833,0.016515962050028237
rubber_carpet,hourglass,-30,-0.5235987755982988,9.249138920780712,9.789131266743206,rubber_carpet,0.01719753213871612,0.06145141817778715,0.9041535169199353,0.01719753276356145,rubber_carpet,0.016856621712022343,0.06259660394607354,0.9036900269351094,0.016856747406794846
rubber_carpet,hourglass,-30,-0.5235987755982988,9.412169919632609,9.697410383977548,rubber_carpet,0.01603935154223391,0.06518962426989185,0.9027316714678892,0.016039352719984953,rubber_carpet,0.016447986627128125,0.0638931141079827,0.9032108492014993,0.0164480500633899
rubber_carpet,hourglass,-30,-0.5235987755982988,3.8289322617680814,9.074116596504656,rubber_carpet,0.010263213912106078,0.10447607682617319,0.874997427862294,0.010263281399426871,rubber_carpet,0.013355600269617102,0.08418459546707793,0.8891041385318966,0.013355665731408384
rubber_carpet,hourglass,-30,-0.5235987755982988,5.366245694603904,8.59688735808139,rubber_carpet,0.007532134044480356,0.1516219389343212,0.8333126891551578,0.007533237866040712,rubber_carpet,0.010443867157048729,0.11790326720069956,0.8612084138435272,0.010444451798724549
rubber_carpet,hourglass,-30,-0.5235987755982988,3.3478760045924223,7.835693328230643,rubber_carpet,0.004877077718536474,0.2537957954729413,0.7363949406656486,0.004932186142873751,rubber_carpet,0.007660472437792601,0.18584953133682042,0.7988016772545878,0.00768831897079915
rubber_carpet,hourglass,-30,-0.5235987755982988,4.143513203214696,7.211889271590765,rubber_carpet,0.0036237778839060897,0.3509605423147495,0.6409647718213259,0.004450907980018457,rubber_carpet,0.005642125160849346,0.268405036825785,0.719883224537957,0.006069613475408803
rubber_carpet,hourglass,-30,-0.5235987755982988,4.964408725602755,6.707743334609006,rubber_carpet,0.0029795405952129333,0.42681001512629035,0.561875148451086,0.00833529582741074,rubber_carpet,0.00431083287803114,0.34760752597603767,0.6408791864945215,0.007202454651409772
rubber_carpet,hourglass,-30,-0.5235987755982988,5.909299655568312,6.259089169536932,rubber_carpet,0.002581993159283889,0.48142094512376293,0.49128762248024144,0.024709439236711712,rubber_carpet,0.0034464130186575145,0.4145142355499003,0.5660834044873815,0.01595594694406074
rubber_carpet,hourglass,-30,-0.5235987755982988,6.69345579793341,5.879448909299656,grass,0.0023138024827460803,0.5064275616737072,0.4282001514739052,0.06305848436964147,rubber_carpet,0.0028801077507017974,0.46047089861180374,0.49714177798064335,0.03950721565685111
rubber_carpet,hourglass,-30,-0.5235987755982988,6.277841561423651,5.549304758259982,grass,0.0020928383713706236,0.5024542605377306,0.3682385928020556,0.12721430828884317,grass,0.0024864730610362103,0.4814625795747671,0.4326901853913495,0.08336076197284714
rubber_carpet,hourglass,-30,-0.5235987755982988,7.540757749712973,5.341370072713357,grass,0.0019510156384153956,0.4854611493600698,0.32836757288320967,0.18422026211830517,grass,0.002218744349725803,0.48346186446741846,0.3805288791372796,0.13379051204557615
rubber_carpet,hourglass,-30,-0.5235987755982988,7.001148105625718,5.693838499808649,grass,0.0021898598825946356,0.5076062740412465,0.3951112450353841,0.09509262104077483,grass,0.0022043021161602195,0.49553406925433247,0.38782006208633185,0.1144415665431755
rubber_carpet,hourglass,-30,-0.5235987755982988,8.917336394948334,6.088404133180252,grass,0.002457027399454864,0.4958822016364002,0.4635638434301459,0.0380969275339991,grass,0.0023306647578075416,0.4957081354453663,0.4256919527582389,0.0762692470385873
rubber_carpet,hourglass,-30,-0.5235987755982988,8.630309988518944,6.6753412425054215,rubber_carpet,0.0029463045791065096,0.4313166738936313,0.5568107222931141,0.008926299234148005,rubber_carpet,0.002638484668457026,0.46351240466949883,0.4912513375256765,0.04259777313636765
rubber_carpet,hourglass,-30,-0.5235987755982988,8.78760045924225,7.191350937619593,rubber_carpet,0.0035921358067335296,0.3541789068846478,0.6377392902343055,0.0044896670743130715,rubber_carpet,0.0031153102375952777,0.4088456557770733,0.5644953138799911,0.023543720105340362
rubber_carpet,hourglass,-30,-0.5235987755982988,9.29161882893226,7.672152060211762,rubber_carpet,0.004486849858549117,0.2787555404838779,0.7121537482554366,0.004603861402136344,rubber_carpet,0.0038010800480721973,0.3438005981304756,0.6383245310677139,0.014073790753738352
rubber_carpet,hourglass,-30,-0.5235987755982988,13.563719862227323,8.522643194284985,rubber_carpet,0.007196305399347629,0.16025363377501653,0.8253520905455646,0.007197970280071223,rubber_carpet,0.005498692723709912,0.252027115952746,0.7318383108066392,0.010635880516904785
rubber_carpet,hourglass,-30,-0.5235987755982988,5.78300803673938,8.421482331930093,rubber_carpet,0.006770119084887898,0.17254005400002637,0.8139168231340814,0.006773003781004243,rubber_carpet,0.006134405904298906,0.21228358497638622,0.7728775669703604,0.008704442148954515
rubber_carpet,hourglass,-30,-0.5235987755982988,4.597014925373134,8.23472381681337,rubber_carpet,0.006068835150779587,0.1967164743939004,0.7911381416862897,0.006076548769030308,rubber_carpet,0.006101620527539246,0.2045000296851433,0.7820078543283251,0.007390495458992412
rubber_carpet,hourglass,-30,-0.5235987755982988,3.38691159586682,7.773185355274908,rubber_carpet,0.004721987558683514,0.26325537308135666,0.727226899206737,0.004795740153222799,rubber_carpet,0.005411804043111381,0.23387770138325,0.7546173767675312,0.006093117806107606
rubber_carpet,hourglass,-30,-0.5235987755982988,3.219288174512056,7.352978696262277,rubber_carpet,0.003855750344841349,0.32875800980327513,0.6630645935945801,0.004321646257303459,rubber_carpet,0.004633777193976365,0.28131785559326256,0.7088409851810556,0.005207382031705532
rubber_carpet,hourglass,-30,-0.5235987755982988,3.237657864523536,6.721903303992856,rubber_carpet,0.002994329707338286,0.42482070035145303,0.5640887148655161,0.008096255075692525,rubber_carpet,0.0038140534506573252,0.35306927797235776,0.6364648500232859,0.006651818553699029
rubber_carpet,hourglass,-30,-0.5235987755982988,2.8530424799081517,6.079984691924991,grass,0.0024510939529132085,0.4964715737942737,0.462172726808927,0.03890460544388604,rubber_carpet,0.0031325737017852667,0.4247704258833157,0.5493187884161065,0.022778211998792534
rubber_carpet,hourglass,-30,-0.5235987755982988,2.5912743972445464,5.391504018369691,grass,0.00198540673784819,0.49056162367717837,0.3380593029527146,0.16939366663225902,grass,0.0025589902198167283,0.45766602478024704,0.44368904568441053,0.09608593931552578
rubber_carpet,hourglass,-30,-0.5235987755982988,3.422502870264064,4.739380022962113,grass,0.0015911605783612392,0.39038088110075875,0.2185763911272289,0.38945156719365115,grass,0.0020750753990889837,0.4240234529405029,0.3311327184058197,0.24276875325458847
rubber_carpet,hourglass,-30,-0.5235987755982988,4.204362801377727,3.6994514606454905,cell_carpet,0.026751883995447357,0.24424835325974537,0.11485084648138369,0.6141489162634235,cell_carpet,0.01441347969726817,0.33413590310012414,0.22299178244360168,0.428458834759006
rubber_carpet,hourglass,-30,-0.5235987755982988,4.943742824339839,3.606199770378875,cell_carpet,0.04134289741945506,0.23526741406875207,0.10994556091479389,0.6134441275969991,cell_carpet,0.027878188558361612,0.2847016585844381,0.1664686716791978,0.5209514811780025
rubber_carpet,hourglass,-30,-0.5235987755982988,5.793340987370837,3.73912488837862,cell_carpet,0.02212426739719809,0.24807726014036735,0.11701423677370354,0.6127842356887311,cell_carpet,0.02500122797777985,0.2663894593624027,0.14174145422645068,0.5668678584333668
rubber_carpet,hourglass,-30,-0.5235987755982988,6.871412169919632,4.126291618828932,cell_carpet,0.0036708254192897587,0.29097830011478615,0.1435892955739851,0.561761578891939,cell_carpet,0.014336026698534805,0.27868387973859443,0.14266537490021788,0.5643147186626529
rubber_carpet,hourglass,-30,-0.5235987755982988,6.88748564867968,4.533869115958669,cell_carpet,0.0016078001495765121,0.35353140503361674,0.18832785262378263,0.45653294219302415,cell_carpet,0.00797191342405566,0.31610764238610556,0.16549661376200026,0.5104238304278386
rubber_carpet,hourglass,-30,-0.5235987755982988,7.909299655568311,5.052940426074754,grass,0.0017561264032694307,0.44569302205027395,0.27316743191272713,0.2793834196337293,cell_carpet,0.004864019913662546,0.3809003322181898,0.21933202283736372,0.39490362503078397
rubber_carpet,hourglass,-30,-0.5235987755982988,13.027554535017222,6.183441765531318,grass,0.0025253939759626864,0.48839172496899863,0.4791035275302294,0.029979353524809176,grass,0.003694706944812616,0.43464602859359425,0.34921777518379654,0.21244148927779657
rubber_carpet,hourglass,-30,-0.5235987755982988,5.3145809414466125,6.48603138155377,rubber_carpet,0.0027675807807894526,0.45615395838276734,0.5271932365115383,0.013885224324904896,grass,0.0032311438628010347,0.4453999934881809,0.43820550584766743,0.11316335680135074
rubber_carpet,hourglass,-30,-0.5235987755982988,4.584385763490242,6.615129480801122,rubber_carpet,0.002886698775959384,0.43951010283270187,0.5474001376625012,0.010203060728837724,rubber_carpet,0.0030589213193802094,0.44245504816044134,0.4928028217550843,0.061683208765094234
rubber_carpet,hourglass,-30,-0.5235987755982988,3.3777267508610795,6.523281030743717,rubber_carpet,0.0028008098809193345,0.4514941015137116,0.5330315320317355,0.012673556573633624,rubber_carpet,0.002929865600149772,0.4469745748370765,0.5129171768934099,0.03717838266936393
rubber_carpet,hourglass,-30,-0.5235987755982988,3.486796785304248,6.361398137517541,rubber_carpet,0.002662381507547886,0.470759821497413,0.5075676566455745,0.01901014034946456,rubber_carpet,0.002796123553848829,0.45886719816724475,0.5102424167694921,0.028094261509414242
rubber_carpet,hourglass,-30,-0.5235987755982988,2.7680826636050515,6.025258323765787,grass,0.002412932453038004,0.49998602378023566,0.4530665765494482,0.044534467217278106,rubber_carpet,0.002604528003443417,0.4794266109737403,0.48165449665947024,0.03631436436334618
rubber_carpet,hourglass,-30,-0.5235987755982988,3.0551090700344434,5.601224646000766,grass,0.002127828906391055,0.5049384394624439,0.37799348030571417,0.11494025132545094,grass,0.002366178454917236,0.4921825252180921,0.4298239884825922,0.07562730784439856
rubber_carpet,hourglass,-30,-0.5235987755982988,3.359357060849598,5.20921035846409,grass,0.001860451138070881,0.46924036402189656,0.30282411524300323,0.2260750695970293,grass,0.0021133147964940585,0.4807114446199943,0.3663240518627977,0.15085118872071393
rubber_carpet,hourglass,-30,-0.5235987755982988,3.0769230769230766,4.672279627503508,cell_carpet,0.0015767973134839187,0.37816730458943554,0.2081508917936606,0.41210500630342,grass,0.0018450560549889885,0.42943937460471493,0.2872374718282291,0.281478097512067
rubber_carpet,hourglass,-30,-0.5235987755982988,4.576349024110218,3.7332567929582856,cell_carpet,0.02275778243740775,0.2475086441366225,0.11669031433973587,0.613043259086234,cell_carpet,0.012301419246198368,0.33847400937066874,0.2019638930839825,0.4472606782991505
rubber_carpet,hourglass,-30,-0.5235987755982988,5.339839265212399,3.736063273376706,cell_carpet,0.022452688721900413,0.2477804690134148,0.11684505072002264,0.6129217915446622,cell_carpet,0.01737705398404939,0.29312723919204176,0.15940447190200258,0.5300912349219064
rubber_carpet,hourglass,-30,-0.5235987755982988,5.849598163030999,3.876642428881235,cell_carpet,0.011338038135448205,0.26186349137195886,0.1251280119169144,0.6016704585756786,cell_carpet,0.014357546059748798,0.2774953652820003,0.14226624190945847,0.5658808467487925
rubber_carpet,hourglass,-30,-0.5235987755982988,6.412169919632606,4.213802780966961,cell_carpet,0.0026994250479746395,0.3028321837457094,0.1515344827514492,0.5429339084548668,cell_carpet,0.00852848555386172,0.2901637745138549,0.14690036233045384,0.5544073776018297
rubber_carpet,hourglass,-30,-0.5235987755982988,7.164179104477612,4.622400816430667,cell_carpet,0.00157628295771304,0.3691736486408581,0.20074019905115528,0.4285098693502735,cell_carpet,0.005052384255787379,0.3296687115773565,0.17382028069080457,0.4914586234760516
rubber_carpet,hourglass,-30,-0.5235987755982988,7.90126291618829,5.192754177828805,grass,0.0018492524172776638,0.4669627653950716,0.29966071616150286,0.23152726602614795,grass,0.0034508183365325215,0.39831573848621404,0.23674049842615372,0.3614929447510998
rubber_carpet,straight,0,0.0,1.5166475315729049,1.5166475315729049,linoleum,0.6726721372650253,0.1027287598136835,0.06980146195707604,0.15479764096421506,linoleum,0.6726721372650253,0.1027287598136835,0.06980146195707604,0.15479764096421506
rubber_carpet,straight,0,0.0,6.112514351320321,3.814580941446613,grass,0.0021747004218210467,0.37692406055409056,0.2711196452578503,0.34978159376623796,linoleum,0.3374234188434232,0.2398264101838871,0.1704605536074632,0.25228961736522654
rubber_carpet,straight,0,0.0,3.750861079219288,3.793340987370838,grass,0.002260310857250524,0.37396064098652937,0.2676989807057194,0.3560800674505008,grass,0.16984186485033687,0.3068935255852082,0.2190797671565913,0.3041848424078637
rubber_carpet,straight,0,0.0,3.1814006888633752,3.640355912743973,cell_carpet,0.0033948022066352607,0.352653854248063,0.244435576731614,0.3995157668136877,cell_carpet,0.08661833352848607,0.3297736899166356,0.23175767194410266,0.3518503046107757
rubber_carpet,straight,0,0.0,2.551090700344432,3.422502870264064,cell_carpet,0.008133658051997346,0.32337173937597397,0.21561254544873498,0.45288205712329366,cell_carpet,0.04737599579024171,0.3265727146463048,0.22368510869641883,0.4023661808670347
rubber_carpet,straight,0,0.0,2.7876004592422503,3.3166858017604284,cell_carpet,0.01307898852715827,0.30980858670599526,0.20332877422235568,0.4737836505444908,cell_carpet,0.03022749215869999,0.31819065067615004,0.21350694145938726,0.43807491570576274
rubber_carpet,straight,0,0.0,3.4385763490241104,3.3340987370838118,cell_carpet,0.012090789401248464,0.3120127778364984,0.20528092300527886,0.4706155097569743,cell_carpet,0.021159140779974227,0.3151017142563242,0.20939393223233305,0.4543452127313685
rubber_carpet,straight,0,0.0,3.0746268656716422,3.3016647531572905,cell_carpet,0.013995493975914526,0.3079149330687767,0.201665277538172,0.47642429541713677,cell_carpet,0.017577317377944376,0.31150832366255043,0.20552960488525251,0.4653847540742526
rubber_carpet,straight,0,0.0,2.6498277841561424,3.229238423268274,cell_carpet,0.019359979372198976,0.298869169175909,0.19389255458380528,0.48787829686808687,cell_carpet,0.018468648375071676,0.3051887464192297,0.1997110797345289,0.4766315254711697
rubber_carpet,straight,0,0.0,2.549942594718713,3.344048985840031,cell_carpet,0.01156007150618498,0.313276886741301,0.20640818785760193,0.46875485389491217,cell_carpet,0.015014359940628327,0.30923281658026536,0.2030596337960654,0.47269318968304097
rubber_carpet,straight,0,0.0,3.0884041331802528,3.0080367393800227,cell_carpet,0.04941498451784043,0.27141928670911547,0.17204119582361707,0.507124532949427,cell_carpet,0.03221467222923438,0.2903260516446904,0.18755041480984125,0.489908861316234
rubber_carpet,straight,0,0.0,3.4087256027554536,2.970021686439597,cell_carpet,0.05736618765021778,0.26659076654806063,0.1684542252494716,0.5075888205522501,cell_carpet,0.04479042993972608,0.27845840909637554,0.17800232002965644,0.49874884093424204
rubber_carpet,straight,0,0.0,3.087256027554535,2.9595611685163927,cell_carpet,0.059727584896312455,0.26525018157755004,0.16747082326394455,0.507551410262193,cell_carpet,0.05225900741801927,0.2718542953369628,0.1727365716468005,0.5031501255982175
rubber_carpet,straight,0,0.0,2.950631458094145,3.0039545860441383,cell_carpet,0.050222702111503606,0.27090377313259,0.17165481050329384,0.5072187142526124,cell_carpet,0.05124085476476144,0.2713790342347764,0.17219569107504717,0.505184419925415
rubber_carpet,straight,0,0.0,2.439724454649828,2.96530169664498,cell_carpet,0.058422188868869046,0.26598655682426314,0.16801034250311708,0.5075809118037508,cell_carpet,0.05483152181681524,0.2686827955295198,0.17010301678908213,0.5063826658645829
rubber_carpet,straight,0,0.0,2.6808266360505164,2.881107284092359,cell_carpet,0.07999534095265418,0.25499472740912477,0.16011530614595282,0.5048946254922683,cell_carpet,0.06741343138473471,0.2618387614693223,0.16510916146751747,0.5056386456784256
rubber_carpet,straight,0,0.0,3.0815154994259477,2.8818726878428373,cell_carpet,0.07977490885820865,0.2550966925792596,0.16018705903869787,0.5049413395238339,cell_carpet,0.07359417012147168,0.25846772702429094,0.16264811025310766,0.5052899926011298
rubber_carpet,straight,0,0.0,3.320321469575201,2.9563719862227327,cell_carpet,0.060462874796323784,0.26484034406986323,0.16717123737862313,0.5075255437551899,cell_carpet,0.06702852245889773,0.2616540355470771,0.1649096738158654,0.5064077681781598
rubber_carpet,straight,0,0.0,3.066590126291619,3.0137772675086105,cell_carpet,0.04829736923820344,0.2721431245273065,0.17258513122187286,0.5069743750126172,cell_carpet,0.057662945848550584,0.2668985800371918,0.16874740251886913,0.5066910715953885
rubber_carpet,straight,0,0.0,2.467278989667049,2.9447633626738106,cell_carpet,0.06320075994921256,0.2633439222294015,0.16608151204860697,0.507373805772779,cell_carpet,0.060431852898881575,0.26512125113329665,0.16741445728373805,0.5070324386840838
rubber_carpet,straight,0,0.0,1.428243398392652,2.7247097844112766,cell_carpet,0.13505107618159157,0.23322098235426933,0.1453227883648697,0.4864051530992693,cell_carpet,0.09774146454023658,0.249171116743783,0.15636862282430386,0.49671879589167656
rubber_carpet,straight,0,0.0,5.14580941446613,2.953437938512565,cell_carpet,0.06114573601959686,0.2644628176010496,0.16689570385927854,0.507495742520075,cell_carpet,0.07944360027991672,0.2568169671724163,0.1616321633417912,0.5021072692058758
rubber_carpet,straight,0,0.0,3.262916188289322,2.988136241867585,cell_carpet,0.053456168312217084,0.26889963090680213,0.17016051642791777,0.5074836843530631,cell_carpet,0.06644988429606691,0.2628582990396092,0.16589633988485447,0.5047954767794695
rubber_carpet,straight,0,0.0,3.6119402985074633,3.118382446740656,cell_carpet,0.03137022646221099,0.28516848023135094,0.18266511186326034,0.5007961814431777,cell_carpet,0.04891005537913895,0.27401338963548005,0.1742807258740574,0.5027958291113236
rubber_carpet,straight,0,0.0,2.795637198622273,3.131139175915295,cell_carpet,0.029710200000558306,0.2867440919762176,0.1839231372758183,0.4996225707474058,cell_carpet,0.03931012768984863,0.2803787408058488,0.17910193157493787,0.5012091999293646
rubber_carpet,straight,0,0.0,2.771526980482204,3.096696007143768,cell_carpet,0.03437992277099297,0.2824863526621279,0.18054314522633652,0.5025905793405426,cell_carpet,0.036845025230420804,0.2814325467339884,0.17982253840063722,0.5018998896349537
rubber_carpet,straight,0,0.0,3.64638346727899,3.132925117999745,cell_carpet,0.029484109939093377,0.2869645944084657,0.18409987566473232,0.49945141998770853,cell_carpet,0.03316456758475709,0.28419857057122705,0.18196120703268476,0.5006756548113311
rubber_carpet,straight,0,0.0,2.994259471871412,3.124888378619721,cell_carpet,0.03051365409869676,0.285972186788948,0.18330575421538078,0.5002084048969745,cell_carpet,0.03183911084172693,0.28508537868008754,0.18263348062403278,0.5004420298541528
rubber_carpet,straight,0,0.0,2.5487944890929968,3.133945656333716,cell_carpet,0.029355601916004528,0.28709058856180364,0.18420093847651703,0.49935287104567483,cell_carpet,0.03059735637886573,0.28608798362094556,0.1834172095502749,0.4998974504499138
rubber_carpet,straight,0,0.0,2.6727898966704937,3.2722286005868093,cell_carpet,0.015976975597874615,0.30422302611302654,0.19845827315005776,0.4813417251390411,cell_carpet,0.023287165988370172,0.29515550486698605,0.19093774135016633,0.49061958779447745
rubber_carpet,straight,0,0.0,3.0803673938002296,3.042735042735043,cell_carpet,0.042976021785651734,0.2757766262745175,0.1753407782590961,0.5059065736807347,cell_carpet,0.03313159388701095,0.28546606557075177,0.18313925980463122,0.49826308073760606
rubber_carpet,straight,0,0.0,3.2365097588978187,3.0398009950248754,cell_carpet,0.04349168473218269,0.2754097185845073,0.17506058507565506,0.5060380116076549,cell_carpet,0.03831163930959682,0.28043789207762954,0.17909992244014314,0.5021505461726306
rubber_carpet,straight,0,0.0,3.4144661308840414,3.0178594208444958,cell_carpet,0.04751546765785298,0.2726570948212099,0.17297236342881236,0.5068550740921247,cell_carpet,0.0429135534837249,0.27654749344941976,0.17603614293447775,0.5045028101323776
rubber_carpet,straight,0,0.0,2.388059701492537,2.972573032274525,cell_carpet,0.05680183719699274,0.26691690550097935,0.16869427469267909,0.5075869826093488,cell_carpet,0.04985769534035882,0.27173219947519955,0.17236520881357842,0.5060448963708633
rubber_carpet,straight,0,0.0,2.5292766934557984,2.9456563337160357,cell_carpet,0.06298670600147965,0.2634592941163925,0.16616529879424632,0.5073887010878816,cell_carpet,0.056422200670919236,0.267595746795796,0.16926525380391239,0.5067167987293724
rubber_carpet,straight,0,0.0,2.99540757749713,2.873325679295829,cell_carpet,0.08226265560975204,0.2539557484095386,0.1593856645369215,0.5043959314437878,cell_carpet,0.06934242814033564,0.2607757476026673,0.16432545917041694,0.5055563650865801
rubber_carpet,straight,0,0.0,3.2101033295063144,2.897308330144151,cell_carpet,0.07542742564440544,0.25714440462728744,0.1616336570268497,0.5057945127014574,cell_carpet,0.07238492689237054,0.2589600761149774,0.16297955809863332,0.5056754388940188
rubber_carpet,straight,0,0.0,3.0964408725602754,2.958157928307182,cell_carpet,0.060050222774663944,0.26506991896816356,0.16733899314721362,0.5075408651099589,cell_carpet,0.06621757483351724,0.2620149975415705,0.16515927562292348,0.5066081520019888
rubber_carpet,straight,0,0.0,2.3685419058553387,2.924352595994387,cell_carpet,0.06825267619594963,0.2606943559122372,0.1641676689573431,0.50688529893447,cell_carpet,0.06723512551473343,0.2613546767269038,0.16466347229013328,0.5067467254682294
rubber_carpet,straight,0,0.0,2.590126291618829,2.869881362418676,cell_carpet,0.08328154479287,0.25349450229049636,0.15906260701184116,0.5041613459047926,cell_carpet,0.07525833515380173,0.2574245895087001,0.16186303965098725,0.505454035686511
rubber_carpet,straight,0,0.0,3.154994259471871,2.860824084704681,cell_carpet,0.08600600568513427,0.2522775175121153,0.1582127308188169,0.5035037459839335,cell_carpet,0.08063217041946799,0.2548510535104077,0.1600378852349021,0.5044788908352222
rubber_carpet,straight,0,0.0,2.747416762342136,2.7867074882000256,cell_carpet,0.11081047711178107,0.24208441098293343,0.15122725510586227,0.4958778567994232,cell_carpet,0.09572132376562453,0.24846773224667057,0.15563257017038218,0.5001783738173227
rubber_carpet,straight,0,0.0,3.7784156142365095,2.941191478504912,cell_carpet,0.0640627672416695,0.2628819872021913,0.16574642083513633,0.5073088247210028,cell_carpet,0.07989204550364701,0.25567485972443094,0.16068949550275924,0.5037435992691628
rubber_carpet,straight,0,0.0,2.2284730195177955,2.907768848067356,cell_carpet,0.07258619296444724,0.2585230470953236,0.16261374272036633,0.5062770172198628,cell_carpet,0.07623911923404712,0.25709895340987726,0.16165161911156278,0.5050103082445128
rubber_carpet,straight,0,0.0,3.314580941446613,2.943232555172853,cell_carpet,0.06356905556649273,0.26314603805278364,0.165937890851578,0.5073470155291457,cell_carpet,0.06990408740026993,0.26012249573133045,0.1637947549815704,0.5061786618868293
rubber_carpet,straight,0,0.0,3.2617680826636053,2.9489730833014414,cell_carpet,0.06219669855523484,0.26388743093992695,0.1664765591211752,0.507439311383663,cell_carpet,0.06605039297775239,0.2620049633356287,0.1651356570513728,0.5068089866352461
rubber_carpet,straight,0,0.0,2.172215843857635,2.8462814134455927,cell_carpet,0.09051843492980644,0.2503108756603601,0.156846844567893,0.5023238448419406,cell_carpet,0.07828441395377941,0.2561579194979944,0.1609912508096329,0.5045664157385934
rubber_carpet,straight,0,0.0,3.0011481056257177,2.9165709911978563,cell_carpet,0.0702602141855081,0.2596776538651871,0.16343845937594836,0.5066236725733564,cell_carpet,0.07427231406964376,0.2579177866815907,0.16221485509279063,0.5055950441559749
rubber_carpet,straight,0,0.0,3.427095292766935,3.00956754688098,cell_carpet,0.04911487736674618,0.2716124345409203,0.17218617753003543,0.507086510562298,cell_carpet,0.061693595718194966,0.2647651106112555,0.16720051631141303,0.5063407773591364
rubber_carpet,straight,0,0.0,3.12284730195178,3.0059956627120803,cell_carpet,0.04981748883253003,0.2711616129103632,0.17184796142459746,0.5071729368325092,cell_carpet,0.05575554227536251,0.2679633617608094,0.16952423886800527,0.5067568570958229
rubber_carpet,straight,0,0.0,2.5143513203214694,2.9800995024875623,cell_carpet,0.05516319148815158,0.2678771799431468,0.16940292104306448,0.5075567075256372,cell_carpet,0.055459366881757045,0.2679202708519781,0.16946357995553488,0.50715678231073
rubber_carpet,straight,0,0.0,2.5820895522388057,2.847174384487817,cell_carpet,0.09023642741478584,0.2504320892014198,0.15693076716501989,0.5024007162187745,cell_carpet,0.07284789714827145,0.25917618002669895,0.16319717356027738,0.5047787492647522
rubber_carpet,straight,0,0.0,3.3628013777267505,2.973210868733257,cell_carpet,0.05666145476880677,0.2669983904015769,0.16875429998472005,0.5075858548448963,cell_carpet,0.0647546759585391,0.26308728521413793,0.16597573677249872,0.5061823020548242
rubber_carpet,straight,0,0.0,3.1354764638346726,2.953310371220819,cell_carpet,0.06117556512441642,0.264446392957034,0.166883725917041,0.5074943160015086,cell_carpet,0.06296512054147776,0.26376683908558596,0.16642973134476985,0.5068383090281664
rubber_carpet,straight,0,0.0,2.8874856486796787,2.911723434111494,cell_carpet,0.07153390420360124,0.25904239210992475,0.16298425824936677,0.5064394454371073,cell_carpet,0.06724951237253951,0.26140461559775535,0.1647069947970683,0.5066388772326369
rubber_carpet,straight,0,0.0,2.4064293915040187,2.9377471616277586,cell_carpet,0.0649028000708441,0.262435864032279,0.16542337540395885,0.507237960492918,cell_carpet,0.0660761562216918,0.26192023981501716,0.16506518510051357,0.5069384188627775
rubber_carpet,straight,0,0.0,2.7049368541905854,2.904834800357188,cell_carpet,0.07337464128286815,0.25813707635450783,0.16233884689442635,0.5061494354681977,cell_carpet,0.06972539875227998,0.2600286580847625,0.16370201599746997,0.5065439271654876
rubber_carpet,straight,0,0.0,3.2043628013777266,2.8800867457583874,cell_carpet,0.08028996827146098,0.25485871028606005,0.160019631727502,0.5048316897149769,cell_carpet,0.07500768351187048,0.2574436841854113,0.161860823862486,0.5056878084402323
rubber_carpet,straight,0,0.0,3.106773823191733,2.878300803673938,cell_carpet,0.08080754258787161,0.2546205049757631,0.15985219031421993,0.5047197621221453,cell_carpet,0.07790761304987104,0.2560320945805872,0.16085650708835297,0.5052037852811888
rubber_carpet,straight,0,0.0,2.3708381171067736,2.8623548922056385,cell_carpet,0.08554092323138691,0.2524836235592568,0.1583564110321966,0.5036190421771597,cell_carpet,0.08172426814062897,0.254257859069922,0.1596064590602748,0.5044114137291742
rubber_carpet,straight,0,0.0,3.08955223880597,2.918739635157545,cell_carpet,0.06969615925194551,0.259961372927835,0.163641667063823,0.5067008007563966,cell_carpet,0.07571021369628725,0.2571096159988785,0.1616240630620489,0.5055561072427854
rubber_carpet,straight,0,0.0,2.667049368541906,2.841433856359229,cell_carpet,0.09206063796371672,0.24965180816136917,0.15639113333125745,0.5018964205436568,cell_carpet,0.08388542583000198,0.2533807120801238,0.15900759819665317,0.5037262638932212
rubber_carpet,straight,0,0.0,3.717566016073479,2.9061104732746523,cell_carpet,0.07303102793282433,0.25830495820364746,0.16245836687661086,0.5062056469869173,cell_carpet,0.07845822688141316,0.25584283514188566,0.160732982536632,0.5049659554400692
rubber_carpet,straight,0,0.0,2.2089552238805967,2.8307182038525323,cell_carpet,0.09553771382113634,0.2481885629744482,0.15538292706835932,0.5008907961360561,cell_carpet,0.08699797035127474,0.2520156990581669,0.15805795480249568,0.5029283757880627
rubber_carpet,straight,0,0.0,3.166475315729047,2.9151677509886462,cell_carpet,0.0706270833896089,0.2594939144537634,0.16330697667215474,0.506572025484473,cell_carpet,0.07881252687044182,0.2557548067559652,0.1606824657373252,0.5047502006362679
rubber_carpet,straight,0,0.0,3.319173363949484,2.983416252072969,cell_carpet,0.054453394398292346,0.2682995026377815,0.1697154601384821,0.507531642825444,cell_carpet,0.06663296063436708,0.2620271546968733,0.16519896293790365,0.5061409217308559
rubber_carpet,straight,0,0.0,2.197474167623421,2.871539737211379,cell_carpet,0.08278979113629091,0.25371668953777593,0.15921816171588776,0.5042753576100455,cell_carpet,0.074711375885329,0.2578719221173246,0.1622085623268957,0.5052081396704506
rubber_carpet,straight,0,0.0,2.467278989667049,2.800484755708636,cell_carpet,0.10585698669311916,0.24401185111909637,0.15253100445729734,0.4976001577304871,cell_carpet,0.09028418128922408,0.2509418866182105,0.1573697833920965,0.5014041487004689
rubber_carpet,straight,0,0.0,3.513203214695752,2.9274142109963006,cell_carpet,0.06747525890501505,0.2610933556187901,0.16445461996494606,0.5069767655112488,cell_carpet,0.07887972009711956,0.2560176211185003,0.16091220167852127,0.5041904571058589
rubber_carpet,straight,0,0.0,3.404133180252583,2.962367648934813,cell_carpet,0.05908648940513191,0.2656103991588149,0.1677345440253415,0.5075685674107117,cell_carpet,0.06898310475112573,0.26081401013865757,0.16432337285193138,0.5058795122582853
rubber_carpet,straight,0,0.0,2.555683122847302,2.949993621635413,cell_carpet,0.06195521590787329,0.2640190435107929,0.16657234891434824,0.5074533916669854,cell_carpet,0.06546916032949951,0.26241652682472527,0.1654478608831398,0.5066664519626354
rubber_carpet,straight,0,0.0,2.6406429391504016,2.8303355019772933,cell_carpet,0.09566363250045368,0.2481361408590193,0.15534689683050779,0.5008533298100191,cell_carpet,0.0805663964149766,0.2552763338418723,0.1603973788568238,0.5037598908863272
rubber_carpet,straight,0,0.0,3.298507462686568,2.951396861844623,cell_carpet,0.06162440031976837,0.2641999179861902,0.1667040738889507,0.5074716078050908,cell_carpet,0.07109539836737248,0.2597381259140312,0.16355072637288726,0.505615749345709
rubber_carpet,straight,0,0.0,2.9586681974741675,2.9283071820385254,cell_carpet,0.06724982761974724,0.2612096242296411,0.16453832049996092,0.5070022276506506,cell_carpet,0.06917261299355988,0.2604738750718362,0.16404452343642412,0.5063089884981798
rubber_carpet,straight,0,0.0,2.932261768082664,2.88531700471999,cell_carpet,0.07878866498140182,0.25555503252312806,0.16050991808076912,0.5051463844147009,cell_carpet,0.07398063898748085,0.2580144537974821,0.16227722075859663,0.5057276864564404
rubber_carpet,straight,0,0.0,2.2893226176808263,2.8955223880597014,cell_carpet,0.07592094708310448,0.2569083048723227,0.16146631325920616,0.5057044347853666,cell_carpet,0.07495079303529267,0.25746137933490243,0.16187176700890138,0.5057160606209035
rubber_carpet,straight,0,0.0,2.5223880597014925,2.901645618063528,cell_carpet,0.07423913851994544,0.25771690772007205,0.16204004400248137,0.5060039097575011,cell_carpet,0.07459496577761907,0.25758914352748724,0.1619559055056914,0.5058599851892023
rubber_carpet,straight,0,0.0,3.0091848450057403,2.845643576986861,cell_carpet,0.09072026515404731,0.2502242577709793,0.15678689533198406,0.5022685817429894,cell_carpet,0.0826576154658332,0.25390670064923326,0.15937140041883774,0.5040642834660958
rubber_carpet,straight,0,0.0,3.267508610792193,2.83046306926904,cell_carpet,0.09562164626591203,0.24815361615631612,0.15535890709200317,0.5008658304857686,cell_carpet,0.08913963086587263,0.25103015840277476,0.15736515375542048,0.5024650569759322
rubber_carpet,square,0,0.0,10.312284730195175,10.312284730195175,rubber_carpet,0.12369023687750942,0.12746286374378715,0.6251566625011843,0.12369023687751926,rubber_carpet,0.106414933871691,0.1892465110732809,0.3912609081283023,0.3130776469267257
rubber_carpet,square,0,0.0,7.881745120551091,9.097014925373134,rubber_carpet,0.04622515062093832,0.07396209545192863,0.8335876031283362,0.04622515079879682,rubber_carpet,0.07632004224631467,0.13160430326260475,0.6124242556283193,0.17965139886276124
rubber_carpet,square,0,0.0,7.97703788748565,8.723689246077306,rubber_carpet,0.03323767393058613,0.07743636593371309,0.8560882838045026,0.03323767633119816,rubber_carpet,0.0547788580884504,0.10452033459815892,0.734256269716411,0.1064445375969797
rubber_carpet,square,0,0.0,6.695752009184845,8.21670493685419,rubber_carpet,0.021415836950730446,0.09811794781126733,0.8590503160136943,0.021415899224307946,rubber_carpet,0.03809734751959042,0.10131914120471312,0.7966532928650527,0.06393021841064382
rubber_carpet,square,0,0.0,6.692307692307692,7.911825487944891,rubber_carpet,0.016595455531781416,0.11920135761578944,0.8476073514936061,0.01659583535882309,rubber_carpet,0.02734640152568591,0.11026024941025125,0.8221303221793292,0.04026302688473345
rubber_carpet,square,0,0.0,5.541905855338691,7.516838882510524,rubber_carpet,0.01209088058734953,0.15552452052437127,0.8202903628237922,0.012094236064487014,rubber_carpet,0.019718641056517723,0.1328923849673113,0.8212103425015609,0.026178631474610237
rubber_carpet,square,0,0.0,6.212399540757749,7.330490405117271,rubber_carpet,0.010476045717515408,0.17583767709058706,0.8032014304596574,0.01048484673224009,rubber_carpet,0.015097343387016562,0.15436503102894913,0.812205886480609,0.01833173910342516
rubber_carpet,square,0,0.0,5.322617680826636,7.079506314580941,rubber_carpet,0.008694727321705589,0.20591979924364032,0.7766604876336306,0.008724985801023414,rubber_carpet,0.011896035354361076,0.18014241513629475,0.7944331870571198,0.01352836245222429
rubber_carpet,square,0,0.0,4.632606199770379,6.807628524046434,rubber_carpet,0.007172014866986098,0.24132038873042586,0.7442293631419054,0.007278233260682592,rubber_carpet,0.009534025110673586,0.21073140193336032,0.7693312750995126,0.010403297856453442
rubber_carpet,square,0,0.0,5.205510907003445,6.240209210358464,rubber_carpet,0.004969375670006876,0.3201426066635125,0.6688052962584081,0.0060827214080723824,rubber_carpet,0.007251700390340232,0.2654370042984365,0.7190682856789604,0.008243009632262913
rubber_carpet,square,0,0.0,4.656716417910448,5.881872687842837,rubber_carpet,0.004047182412799465,0.36923262768875326,0.618599695902014,0.008120493996433258,rubber_carpet,0.005649441401569848,0.31733481599359487,0.6688339907904872,0.008181751814348086
rubber_carpet,square,0,0.0,4.205510907003444,5.462814134455925,rubber_carpet,0.0032640281669249014,0.41982555571886165,0.5582059063998168,0.018704509714396564,rubber_carpet,0.004456734784247375,0.36858018585622826,0.613519948595152,0.013443130764372325
rubber_carpet,square,0,0.0,4.524684270952927,5.22158438576349,rubber_carpet,0.002911128866174573,0.4421759955530571,0.5217037268406103,0.03320914874015786,rubber_carpet,0.0036839318252109743,0.40537809070464276,0.5676118377178813,0.023326139752265097
rubber_carpet,square,0,0.0,4.056257175660161,4.928689883913765,rubber_carpet,0.002544040994422972,0.45838506652705796,0.4741543005544498,0.0649165919240693,rubber_carpet,0.003113986409816973,0.43188157861585036,0.5208830691361656,0.0441213658381672
rubber_carpet,square,0,0.0,3.2801377726750864,4.677382319173364,grass,0.00226487966879424,0.45963850990979543,0.42978530821252814,0.10831130220888217,rubber_carpet,0.0026894330393056063,0.4457600442628229,0.47533418867434685,0.07621633402352468
rubber_carpet,square,0,0.0,3.313432835820896,4.355274907513714,grass,0.0019522189618864795,0.4420776274842853,0.3691041185361679,0.1868660350176604,grass,0.002320826000596043,0.4439188358735541,0.4222191536052574,0.13154118452059255
rubber_carpet,square,0,0.0,3.2686567164179103,4.127057022579411,grass,0.001810621914908797,0.41827268695875264,0.3258775627015096,0.254039128424829,grass,0.00206572395775242,0.43109576141615336,0.3740483581533835,0.19279015647271078
rubber_carpet,square,0,0.0,3.4029850746268657,3.9904324531190207,grass,0.0018298010593750197,0.4009621313218828,0.30103131207148465,0.29617675554725753,grass,0.0019477625085637198,0.4160289463690181,0.3375398351124341,0.24448345600998417
rubber_carpet,square,0,0.0,3.3008036739380024,3.778798316111749,grass,0.0023267267383488594,0.3719294652007177,0.26538287524043846,0.3603609328204949,grass,0.00213724462345629,0.39397920578486795,0.3014613551764363,0.3024221944152396
rubber_carpet,square,0,0.0,2.321469575200919,3.519326444699579,cell_carpet,0.005363391844394161,0.33616730575255144,0.22780528723980292,0.4306640151632515,cell_carpet,0.0037503182339252254,0.3650732557687097,0.2646333212081196,0.36654310478924557
rubber_carpet,square,0,0.0,4.695752009184845,3.57379767827529,cell_carpet,0.004315827623694646,0.3435266245516861,0.23509511453071835,0.4170624332939009,cell_carpet,0.004033072928809936,0.3542999401601979,0.24986421786941898,0.39180276904157324
rubber_carpet,square,0,0.0,3.690011481056257,3.48105625717566,cell_carpet,0.0063002597120926365,0.33106464847386957,0.2228711927815027,0.43976389903253515,cell_carpet,0.005166666320451286,0.34268229431703373,0.23636770532546084,0.4157833340370542
rubber_carpet,square,0,0.0,3.150401836969001,3.3804056639877533,cell_carpet,0.009814825155528367,0.3179258506531876,0.21060227570629178,0.46165704848499217,cell_carpet,0.007490745737989826,0.3303040724851107,0.2234849905158763,0.4387201912610232
rubber_carpet,square,0,0.0,3.1182548794489096,3.362418675851512,cell_carpet,0.01064156786882247,0.31561978452555783,0.2085123245596619,0.4652263230459578,cell_carpet,0.009066156803406148,0.32296192850533423,0.2159986575377691,0.45197325715349046
rubber_carpet,square,0,0.0,2.8541905855338694,3.3113917591529534,cell_carpet,0.013395044526094625,0.3091403886750675,0.20274035260227863,0.47472421419655925,cell_carpet,0.011230600664750387,0.31605115859020083,0.20936950507002386,0.4633487356750249
rubber_carpet,square,0,0.0,2.73593570608496,3.2522005357826256,cell_carpet,0.01747663938012736,0.3017238371174955,0.1963144758485109,0.48448504765386624,cell_carpet,0.014353620022438873,0.30888749785384817,0.20284199045926737,0.47391689166444556
rubber_carpet,square,0,0.0,3.064293915040184,3.214568184717438,cell_carpet,0.020661000022128388,0.29705029738962235,0.1923643121149282,0.48992439047332115,cell_carpet,0.01750731002228363,0.3029688976217353,0.19760315128709777,0.4819206410688833
rubber_carpet,square,0,0.0,3.242250287026406,3.2080622528383724,cell_carpet,0.021263568812009668,0.29624469580067675,0.19169113784129552,0.49080059754601807,cell_carpet,0.019385439417146648,0.29960679671120605,0.19464714456419663,0.48636061930745067
rubber_carpet,square,0,0.0,3.1584385763490244,3.301058808521495,cell_carpet,0.014033761250149893,0.307838687750179,0.20159856275655683,0.4765289882431143,cell_carpet,0.01670960033364827,0.3037227422306925,0.19812285366037674,0.4814448037752825
rubber_carpet,square,0,0.0,2.9965556831228475,3.112259216736829,cell_carpet,0.032195677020620476,0.28441171134408855,0.182063907798103,0.5013287038371879,cell_carpet,0.02445263867713438,0.29406722678739056,0.1900933807292399,0.49138675380623525
rubber_carpet,square,0,0.0,2.47646383467279,2.977420589360888,cell_carpet,0.055741974342150655,0.267535697376878,0.16915060192423417,0.5075717263567372,cell_carpet,0.040097306509642515,0.2808014620821343,0.17962199132673703,0.49947924008148625
rubber_carpet,square,0,0.0,2.7657864523536166,2.934685546625845,cell_carpet,0.06565679577364476,0.2620387367438849,0.16513628186029566,0.5071681856221746,cell_carpet,0.052877051141643636,0.2714200994130096,0.17237913659351634,0.5033237128518304
rubber_carpet,square,0,0.0,3.064293915040184,2.9286898839137643,cell_carpet,0.06715339569585484,0.26125943901964205,0.16457419312183405,0.507012972162669,cell_carpet,0.060015223418749236,0.26633976921632585,0.1684766648576752,0.5051683425072497
rubber_carpet,square,0,0.0,3.184845005740528,2.9654292639367266,cell_carpet,0.05839344341951051,0.26600290155268747,0.16802233591646873,0.5075813191113333,cell_carpet,0.059204333419129875,0.26617133538450666,0.16824950038707198,0.5063748308092915
rubber_carpet,square,0,0.0,2.7439724454649825,2.9663222349789518,cell_carpet,0.05819254464681296,0.2661172915836491,0.16810629500960222,0.5075838687599358,cell_carpet,0.05869843903297142,0.26614431348407785,0.1681778976983371,0.5069793497846136
rubber_carpet,square,0,0.0,2.5878300803673944,2.913381808904197,cell_carpet,0.07109616346909965,0.25925988533933514,0.1631396393767021,0.5065043118148631,cell_carpet,0.06489730125103554,0.2627020994117065,0.1656587685375196,0.5067418307997383
rubber_carpet,square,0,0.0,2.7910447761194037,2.8632478632478637,cell_carpet,0.0852704928394704,0.25260377308498455,0.15844021678646988,0.5036855172890752,cell_carpet,0.07508389704525298,0.2576529362483455,0.16204949266199475,0.5052136740444068
rubber_carpet,square,0,0.0,3.0815154994259477,2.8547008547008548,cell_carpet,0.08788516971464107,0.2514513720906063,0.15763783371369453,0.5030256244810581,cell_carpet,0.08148453337994702,0.2545521541694759,0.15984366318784465,0.5041196492627324
rubber_carpet,square,0,0.0,10.98966704936854,3.742824339839265,cell_carpet,0.0025219406361531083,0.36690301252387075,0.25974610520909275,0.3708289416308835,cell_carpet,0.04200323700805006,0.31072758334667333,0.2097948841984687,0.43747429544680794
rubber_carpet,square,0,0.0,9.19288174512055,4.489092996555683,grass,0.0020739889694337513,0.4519270323761431,0.3946317637947798,0.15136721485964336,grass,0.022038612988741907,0.3813273078614082,0.30221332399662426,0.29442075515322563
rubber_carpet,square,0,0.0,7.804822043628014,5.048985840030616,rubber_carpet,0.002688333189059964,0.4534460198879831,0.49419682543328064,0.049668821489676204,grass,0.012363473088900935,0.4173866638746957,0.3982050747149525,0.17204478832145093
rubber_carpet,square,0,0.0,6.931113662456946,5.478632478632479,rubber_carpet,0.0032892493850599494,0.41814447871149524,0.5605398735447187,0.018026398358726117,rubber_carpet,0.007826361236980444,0.4177655712930955,0.47937247412983564,0.09503559334008853
rubber_carpet,square,0,0.0,6.506314580941447,5.847684653654803,rubber_carpet,0.003972980478773734,0.37372580717653897,0.6137529657581315,0.008548246586555655,rubber_carpet,0.00589967085787709,0.39574568923481723,0.5465627199439835,0.051791919963322094
rubber_carpet,square,0,0.0,6.118254879448909,6.222604924097461,rubber_carpet,0.004917111923827734,0.32260770794691795,0.6663674661905916,0.006107713938662703,rubber_carpet,0.0054083913908524114,0.3591766985908676,0.6064650930672876,0.0289498169509924
rubber_carpet,square,0,0.0,6.163030998851895,6.619849470595739,rubber_carpet,0.006317479017192876,0.26697487998682806,0.7201494901629895,0.006558150832989632,rubber_carpet,0.005862935204022642,0.3130757892888478,0.6633072916151385,0.017753983891991013
rubber_carpet,square,0,0.0,5.827784156142365,6.957264957264957,rubber_carpet,0.007963753717918381,0.22152789025636468,0.7624908237127089,0.008017532313008023,rubber_carpet,0.006913344460970512,0.26730183977260624,0.7128990576639237,0.012885758102499518
rubber_carpet,square,0,0.0,5.47187141216992,7.222860058680954,rubber_carpet,0.009661945695395456,0.18838450250055624,0.7922765259516918,0.00967702585235644,rubber_carpet,0.008287645078182984,0.22784317113658126,0.7525877918078078,0.011281391977427979
rubber_carpet,square,0,0.0,5.533869115958668,6.61666028830208,rubber_carpet,0.006304165891752012,0.2674165404959866,0.7197311737523143,0.006548119859946994,rubber_carpet,0.0072959054849674985,0.24762985581628394,0.736159482780061,0.008914755918687487
rubber_carpet,square,0,0.0,5.105625717566016,6.162520729684909,rubber_carpet,0.00474464077367196,0.3309967286381319,0.6580209435045445,0.006237687083651595,rubber_carpet,0.00602027312931973,0.2893132922272079,0.6970902131423028,0.007576221501169541
rubber_carpet,square,0,0.0,5.137772675086108,5.86618191095803,rubber_carpet,0.004012865121393728,0.3713005895081508,0.6163765192470099,0.00831002612344559,rubber_carpet,0.005016569125356729,0.33030694086767937,0.6567333661946564,0.007943123812307565
rubber_carpet,square,0,0.0,4.687715269804822,5.616915422885572,rubber_carpet,0.0035227070749913316,0.40255281574713614,0.5807185149417452,0.013205962236127118,rubber_carpet,0.00426963810017403,0.36642987830740775,0.6187259405682008,0.010574543024217342
rubber_carpet,square,0,0.0,4.133180252583237,5.35323383084577,rubber_carpet,0.0030967677025331435,0.43079591404004697,0.5418561721655054,0.024251146091914456,rubber_carpet,0.0036832029013535864,0.39861289617372736,0.5802910563668531,0.0174128445580659
rubber_carpet,square,0,0.0,4.436280137772675,5.166347748437301,rubber_carpet,0.0028375324818057067,0.4462716831659415,0.5130477635937485,0.03784302075850433,rubber_carpet,0.0032603676915796465,0.42244228966983444,0.5466694099803008,0.027627932658285115
rubber_carpet,square,0,0.0,3.890929965556832,4.913892078071182,rubber_carpet,0.002526817447818859,0.4588092106880645,0.4716354172903813,0.06702855457373522,rubber_carpet,0.002893592569699253,0.4406257501789495,0.5091524136353411,0.04732824361601017
rubber_carpet,square,0,0.0,3.769230769230769,4.685163923969895,grass,0.0022731213789884503,0.45979608965590585,0.4312075981052173,0.10672319085988842,rubber_carpet,0.0025833569743438515,0.4502109199174277,0.4701800058702792,0.07702571723794929
rubber_carpet,square,0,0.0,3.4741676234213545,4.463196836331164,grass,0.0020492712747482446,0.45029228767846974,0.3897114682869321,0.15794697275984992,grass,0.002316314124546048,0.4502516037979487,0.4299457370786056,0.11748634499889961
rubber_carpet,square,0,0.0,3.758897818599311,4.265977803291236,grass,0.001882575796845681,0.43370000630568856,0.35205105316535407,0.2123663647321118,grass,0.0020994449606958642,0.44197580505181855,0.39099839512197976,0.16492635486550566
rubber_carpet,square,0,0.0,9.653272101033297,4.771271845898712,grass,0.0023660005854453923,0.4606864230768634,0.4467492189814617,0.09019835735622936,grass,0.0022327227730706287,0.45133111406434107,0.4188738070517208,0.12756235611086755
rubber_carpet,square,0,0.0,8.85419058553387,5.184207169281796,rubber_carpet,0.0028610742257801566,0.44499492499824345,0.5158606842035924,0.036283316572384,rubber_carpet,0.0025468984994253927,0.44816301953129223,0.46736724562765664,0.08192283634162578
rubber_carpet,square,0,0.0,6.78760045924225,5.417527745885955,rubber_carpet,0.0031933674236612674,0.424507370838653,0.5514893709286658,0.020809890809019765,rubber_carpet,0.0028701329615433307,0.43633519518497266,0.5094283082781613,0.05136636357532278
rubber_carpet,square,0,0.0,7.167623421354765,5.75468809797168,rubber_carpet,0.003781408971858806,0.3856885116968539,0.6005142629763847,0.010015816354902814,rubber_carpet,0.0033257709667010677,0.4110118534409132,0.5549712856272729,0.03069108996511279
rubber_carpet,square,0,0.0,5.956371986222734,5.923587192243909,rubber_carpet,0.00414063456914913,0.36369012867487266,0.6245000772868343,0.007669159469143849,rubber_carpet,0.0037332027679250995,0.387350991057893,0.5897356814570537,0.019180124717128322
rubber_carpet,square,0,0.0,6.700344431687714,6.23574435514734,rubber_carpet,0.004956044401382171,0.32076806923749746,0.6681873527800515,0.006088533581069089,rubber_carpet,0.004344623584653635,0.3540595301476952,0.6289615171185525,0.012634329149098705
rubber_carpet,square,0,0.0,5.476463834672789,6.425436917974231,rubber_carpet,0.005570962663063446,0.29412395240029554,0.6941959852282804,0.00610909970836062,rubber_carpet,0.00495779312385854,0.32409174127399537,0.6615787511734165,0.009371714428729663
rubber_carpet,square,0,0.0,4.995407577497129,6.594463579538207,rubber_carpet,0.00621254472543872,0.2704948605409671,0.7168120638506588,0.006480530882935444,rubber_carpet,0.00558516892464863,0.29729330090748124,0.6891954075120377,0.007926122655832554
rubber_carpet,square,0,0.0,5.191733639494834,6.75366755963771,rubber_carpet,0.006911606301661332,0.2486127295341874,0.7374291414226345,0.007046522741516724,rubber_carpet,0.006248387613154981,0.2729530152208343,0.7133122744673361,0.007486322698674639
rubber_carpet,square,0,0.0,4.266360505166476,6.155121826763618,rubber_carpet,0.004724017355054368,0.3320266319430084,0.6569905138050186,0.00625883689691853,rubber_carpet,0.0054862024841046755,0.3024898235819214,0.6851513941361774,0.006872579797796585
rubber_carpet,square,0,0.0,4.428243398392652,5.663349917081261,rubber_carpet,0.0036067742798383865,0.3969993690124444,0.5874190349907031,0.011974821717014032,rubber_carpet,0.00454648838197153,0.34974459629718285,0.6362852145634402,0.009423700757405307
rubber_carpet,square,0,0.0,4.683122847301951,5.429519071310115,rubber_carpet,0.003211859492597329,0.42328711567339083,0.5532730341526142,0.0202279906813976,rubber_carpet,0.00387917393728443,0.38651585598528687,0.5947791243580273,0.014825845719401454
rubber_carpet,square,0,0.0,4.2629161882893225,5.106773823191734,rubber_carpet,0.0027606536171117394,0.45018559135030795,0.5035608246284201,0.043492930404160156,rubber_carpet,0.003319913777198085,0.41835072366779746,0.5491699744932238,0.029159388061780808
rubber_carpet,square,0,0.0,3.962112514351321,4.885189437428243,rubber_carpet,0.0024937118570740216,0.4595120404762118,0.4667156658738696,0.07127858179284458,rubber_carpet,0.0029068128171360528,0.43893138207200455,0.5079428201835466,0.05021898492731268
rubber_carpet,square,0,0.0,3.960964408725603,4.580813879321342,grass,0.002164792271659269,0.45661363627239726,0.4119159597156666,0.12930561174027677,rubber_carpet,0.002535802544397661,0.4477725091722009,0.45992938994960664,0.08976229833379473
rubber_carpet,square,0,0.0,3.622273249138921,4.374792703150913,grass,0.0019689207472477982,0.44372490714077506,0.37283724702042736,0.18146892509154977,grass,0.00225236164582273,0.44574870815648804,0.41638331848501703,0.13561561171267228
rubber_carpet,square,0,0.0,3.241102181400689,4.179869881362418,grass,0.0018308034535105262,0.4244422295354747,0.3357489751700281,0.2379779918409866,grass,0.0020415825496666283,0.4350954688459814,0.3760661468275226,0.18679680177682945
rubber_carpet,square,0,0.0,3.445464982778415,3.985840030616151,grass,0.0018330359981050329,0.4003534361792575,0.3002174774057221,0.2975960504169154,grass,0.0019373092738858306,0.41772445251261947,0.3381418121166223,0.24219642609687242
rubber_carpet,square,0,0.0,3.422502870264064,3.892078071182549,grass,0.001956507950329416,0.3876645423787336,0.28396751728520153,0.3264114323857355,grass,0.0019469086121076233,0.40269449744567654,0.3110546647009119,0.284303929241304
rubber_carpet,square,0,0.0,10.901262916188289,4.61130246204873,grass,0.002195939100946049,0.4577821750498783,0.4175989774239033,0.12242290842527251,grass,0.002071423856526836,0.4302383362477774,0.3643268210624076,0.20336341883328823
rubber_carpet,square,0,0.0,8.336394948335245,5.017221584385763,rubber_carpet,0.0026494514247306393,0.4550001823135546,0.4889783878506764,0.05337197841103839,grass,0.0023604376406287375,0.44261925928066603,0.42665260445654196,0.12836769862216332
rubber_carpet,square,0,0.0,8.14121699196326,5.448143895905089,rubber_carpet,0.0032408906578863367,0.421363832082242,0.5560358886789182,0.019359388580953544,rubber_carpet,0.0028006641492575373,0.43199154568145404,0.49134424656773007,0.07386354360155843
rubber_carpet,square,0,0.0,6.828932261768083,5.766679423395841,rubber_carpet,0.0038053014572392544,0.384169339006839,0.6022261940798909,0.00979916545603086,rubber_carpet,0.003302982803248395,0.4080804423441464,0.5467852203238104,0.04183135452879464
rubber_carpet,square,0,0.0,6.614236509758898,6.061487434621763,rubber_carpet,0.004474095746691574,0.34498134482694776,0.6439056887603107,0.0066388706660499355,rubber_carpet,0.003888539274969985,0.37653089358554714,0.5953454545420607,0.024235112597422292
rubber_carpet,square,0,0.0,6.2629161882893225,6.354892205638475,rubber_carpet,0.005330250305989104,0.3040386935335982,0.6845877573771308,0.0060432987832817284,rubber_carpet,0.004609394790479545,0.3402847935595727,0.6399666059595959,0.015139205690352013
rubber_carpet,square,0,0.0,6.399540757749713,6.70582982523281,rubber_carpet,0.006691026470706337,0.2551352980641955,0.7313163314381005,0.006857344026997597,rubber_carpet,0.005650210630592941,0.2977100458118841,0.6856414686988481,0.010998274858674805
rubber_carpet,square,0,0.0,5.884041331802525,6.976782752902156,rubber_carpet,0.008075113975860821,0.21899916959156732,0.7648014854489539,0.008124230983618108,rubber_carpet,0.006862662303226881,0.2583546077017257,0.7252214770739009,0.009561252921146457
rubber_carpet,square,0,0.0,5.715269804822043,7.231534634519709,rubber_carpet,0.00972462864900465,0.1873527161577338,0.7931835796976893,0.009739075495572394,rubber_carpet,0.008293645476115765,0.22285366192972975,0.759202528385795,0.009650164208359426
rubber_carpet,square,0,0.0,5.468427095292767,6.627886209975761,rubber_carpet,0.006351196050748691,0.2658626233352537,0.7212024011598187,0.006583779454178895,rubber_carpet,0.0073224207634322285,0.24435814263249173,0.7402024647728069,0.00811697183126916
rubber_carpet,square,0,0.0,4.890929965556831,6.245056767444827,rubber_carpet,0.004983908491781046,0.3194633482919204,0.6694759347785081,0.006076808437790343,rubber_carpet,0.006153164627606638,0.28191074546220607,0.7048391997756576,0.007096890134529752
rubber_carpet,square,0,0.0,4.435132032146957,5.83326954968746,rubber_carpet,0.003942318951789905,0.3756059358837107,0.6117062962515148,0.008745448912984611,rubber_carpet,0.005047741789698272,0.3287583406729584,0.6582727480135862,0.007921169523757182
rubber_carpet,square,0,0.0,4.3972445464982775,5.563082025768592,rubber_carpet,0.0034289361932489724,0.40880211387892584,0.5729067220222503,0.014862227905574744,rubber_carpet,0.004238338991473623,0.3687802272759422,0.6155897350179184,0.011391698714665966
rubber_carpet,square,0,0.0,4.180252583237658,5.292639367266233,rubber_carpet,0.003009415756900479,0.436300008938398,0.53265805090271,0.02803252440199166,rubber_carpet,0.0036238773741870513,0.40254011810717005,0.5741238929603142,0.01971211155832881
rubber_carpet,square,0,0.0,3.9425947187141217,5.034825870646766,rubber_carpet,0.0026709270609193503,0.45416023769292535,0.4918769208024039,0.05129191444375132,rubber_carpet,0.0031474022175532,0.4283501779000476,0.533000406881359,0.03550201300104006
rubber_carpet,square,0,0.0,3.64638346727899,4.728919505038907,grass,0.0023199337097062796,0.4604434341936369,0.43915122209026053,0.09808541000639627,rubber_carpet,0.00273366796362974,0.44439680604684234,0.4860758144858098,0.06679371150371818
rubber_carpet,square,0,0.0,3.742824339839265,4.491006505931879,grass,0.0020758332346538307,0.45204247300339295,0.3949947494872545,0.15088694427469868,grass,0.0024047505991417854,0.4482196395251177,0.44053528198653213,0.10884032788920843
rubber_carpet,square,0,0.0,3.587830080367394,4.254624314325807,grass,0.0018747158570169545,0.43254167397568044,0.34989065671334924,0.21569295345395334,grass,0.00213973322807937,0.44038065675039906,0.39521296934994066,0.1622666406715809
rubber_carpet,square,0,0.0,3.460390355912744,4.03150912106136,grass,0.0018097499139674228,0.4063390012009228,0.3083778018785338,0.28347344700657606,grass,0.0019747415710233964,0.42335982897566093,0.35179538561423723,0.2228700438390785
rubber_carpet,square,0,0.0,3.3134328358208958,3.8562316622018113,grass,0.002041078968233862,0.38271505847740556,0.2779548385276685,0.3372890240266921,grass,0.0020079102696286292,0.4030374437265333,0.31487511207095287,0.2800795339328853
rubber_carpet,hourglass,30,0.5235987755982988,12.45350172215844,12.45350172215844,rubber_carpet,0.08878529863998456,0.09020102957644449,0.7322283731435862,0.08878529863998456,rubber_carpet,0.08878529863998456,0.09020102957644449,0.7322283731435862,0.08878529863998456
rubber_carpet,hourglass,30,0.5235987755982988,5.535017221584385,8.994259471871413,rubber_carpet,0.006593542910432794,0.15410282584238602,0.8327093752778725,0.00659425596930857,rubber_carpet,0.04768942077520869,0.12215192770941528,0.7824688742107295,0.04768977730464658
rubber_carpet,hourglass,30,0.5235987755982988,4.455797933409874,7.481438959050901,rubber_carpet,0.0032518185329422715,0.38362555472064086,0.6088226561626012,0.004299970583815614,rubber_carpet,0.02547061965407548,0.2528887412150281,0.6956457651866654,0.025994873944231098
rubber_carpet,hourglass,30,0.5235987755982988,3.0332950631458098,6.369402985074627,grass,0.002380601249794784,0.5242075676042093,0.42893734816154955,0.04447448298444641,rubber_carpet,0.013925610451935133,0.38854815440961865,0.5622915566741075,0.03523467846433875
rubber_carpet,hourglass,30,0.5235987755982988,3.2365097588978187,5.742824339839266,grass,0.002025892537751963,0.5100133154826126,0.3160748224047477,0.1718859695748876,grass,0.007975751494843548,0.44928073494611565,0.4391831895394276,0.10356032401961318
rubber_carpet,hourglass,30,0.5235987755982988,3.002296211251435,5.286069651741294,grass,0.0017376434774625752,0.4363816242590728,0.2307412613217623,0.3311394709417025,grass,0.0048566974861530615,0.4428311796025942,0.33496222543059495,0.21734989748065783
rubber_carpet,hourglass,30,0.5235987755982988,2.757749712973594,4.924881089060194,cell_carpet,0.0015664896426082632,0.36330542847724856,0.17395088893610286,0.4611771929440404,grass,0.0032115935643806624,0.4030683040399214,0.2544565571833489,0.33926354521234914
rubber_carpet,hourglass,30,0.5235987755982988,2.9667049368541907,4.680109070034444,cell_carpet,0.0016408159894908789,0.3179970351224649,0.14425331975109112,0.5361088291369531,cell_carpet,0.0024262047769357704,0.3605326695811931,0.19935493846722002,0.43768618717465113
rubber_carpet,hourglass,30,0.5235987755982988,3.390355912743972,4.536803163668836,cell_carpet,0.0019556987584388253,0.29491296906019865,0.13026684222118642,0.572864489960176,cell_carpet,0.002190951767687298,0.3277228193206959,0.1648108903442032,0.5052753385674136
rubber_carpet,hourglass,30,0.5235987755982988,4.385763490241102,3.640387804566908,cell_carpet,0.09060753061501184,0.20075401021486547,0.08168617301484686,0.6269522861552759,cell_carpet,0.04639924119134957,0.2642384147677807,0.12324853167952504,0.5661138123613447
rubber_carpet,hourglass,30,0.5235987755982988,5.251435132032147,3.608878683505549,cell_carpet,0.1033976744978943,0.1974218646323258,0.08031356716865513,0.6188668937011248,cell_carpet,0.07489845784462193,0.23083013970005326,0.10178104942409008,0.5924903530312348
rubber_carpet,hourglass,30,0.5235987755982988,5.870264064293915,3.7660415869371087,cell_carpet,0.05178106729905364,0.21271333306694218,0.08678268938758323,0.6487229102464209,cell_carpet,0.0633397625718378,0.22177173638349773,0.09428186940583666,0.6206066316388279
rubber_carpet,hourglass,30,0.5235987755982988,6.762342135476463,4.1803801505294045,cell_carpet,0.006783851860605461,0.2498983439575513,0.1049834414319494,0.6383343627498939,cell_carpet,0.035061807216221624,0.23583504017052453,0.09963265541889303,0.6294704971943609
rubber_carpet,hourglass,30,0.5235987755982988,6.755453501722159,4.571373899732109,cell_carpet,0.001845807902111474,0.3002203441662266,0.13342053398341153,0.5645133139482504,cell_carpet,0.01845380755916655,0.2680276921683756,0.11652659470115229,0.5969919055713057
rubber_carpet,hourglass,30,0.5235987755982988,8.203214695752008,5.149253731343283,grass,0.0016586064949209135,0.4087547300395514,0.2075891817853473,0.38199748168018055,cell_carpet,0.01005620702704373,0.3383912111039634,0.16205788824324976,0.489494693625743
rubber_carpet,hourglass,30,0.5235987755982988,8.074626865671643,5.740017859420844,grass,0.0020241660597236253,0.5097037120720587,0.31553928532968073,0.17273283653853697,grass,0.006040186543383679,0.4240474615880111,0.2387985867864653,0.33111376508214
rubber_carpet,hourglass,30,0.5235987755982988,8.888633754305395,6.398009950248755,grass,0.0023963768188814314,0.5224992888408874,0.43371414390796764,0.04139019043226353,grass,0.004218281681132555,0.47327337521444923,0.3362563653472165,0.1862519777572018
rubber_carpet,hourglass,30,0.5235987755982988,8.366245694603903,6.950886592677637,rubber_carpet,0.0027477756619187477,0.46425806258321023,0.5229489954880245,0.010045166266846485,grass,0.003483028671525651,0.46876571889882973,0.4296026804176205,0.09814857201202414
rubber_carpet,hourglass,30,0.5235987755982988,9.380022962112514,7.505804311774461,rubber_carpet,0.003280594085352918,0.37967107421783336,0.6128162232784222,0.004232108418391373,rubber_carpet,0.003381811378439285,0.4242183965583316,0.5212094518480215,0.05119034021520776
rubber_carpet,hourglass,30,0.5235987755982988,14.029850746268655,8.481183824467406,rubber_carpet,0.005016452777612652,0.2230904835559683,0.7668652380209088,0.005027825645510266,rubber_carpet,0.004199132078025968,0.32365444005714994,0.6440373449344652,0.028109082930359013
rubber_carpet,hourglass,30,0.5235987755982988,5.708381171067738,8.463196836331164,rubber_carpet,0.004971517946386688,0.22575926352907755,0.7642852375577275,0.00498398096680833,rubber_carpet,0.004585325012206327,0.2747068517931137,0.7041612912460964,0.016546531948583673
rubber_carpet,hourglass,30,0.5235987755982988,4.190585533869116,8.177446102819237,rubber_carpet,0.004333257998967964,0.26986457968489314,0.7214181645799218,0.004383997736217117,rubber_carpet,0.004459291505587146,0.2722857157390034,0.7127897279130091,0.010465264842400394
rubber_carpet,hourglass,30,0.5235987755982988,3.4569460390355915,7.810945273631841,rubber_carpet,0.003692170229559213,0.32952846923944934,0.6628194803500121,0.003959880180979447,rubber_carpet,0.00407573086757318,0.30090709248922637,0.6878046041315107,0.007212572511689921
rubber_carpet,hourglass,30,0.5235987755982988,3.052812858783008,7.238678402857507,rubber_carpet,0.002994082185026073,0.42212433851404046,0.5692381710397935,0.005643408261140008,rubber_carpet,0.0035349065262996254,0.36151571550163336,0.628521387585652,0.006427990386414962
rubber_carpet,hourglass,30,0.5235987755982988,2.912743972445465,6.6651358591657095,grass,0.002551825577355436,0.49945281500994904,0.47727886336700115,0.020716496045694418,rubber_carpet,0.0030433660518275306,0.4304842652557912,0.5529001254763266,0.01357224321605469
rubber_carpet,hourglass,30,0.5235987755982988,3.1997703788748564,6.033039928562316,grass,0.0021962777085106845,0.5299313544401819,0.3703245375803404,0.09754783027096704,grass,0.0026198218801691073,0.48020780984798656,0.4616123315283335,0.055560036743510864
rubber_carpet,hourglass,30,0.5235987755982988,2.712973593570609,5.404898584003061,grass,0.0018117792369773695,0.459130641559767,0.2521062976077775,0.2869512815954781,grass,0.0022158005585732384,0.4696692257038768,0.3568593145680555,0.17125565916949448
rubber_carpet,hourglass,30,0.5235987755982988,3.192881745120552,4.717438448781732,cell_carpet,0.0016047781405375892,0.3244640357225345,0.14830110553655804,0.5256300806003698,grass,0.001910289349555414,0.39706663071320575,0.2525802100523068,0.34844286988493217
rubber_carpet,hourglass,30,0.5235987755982988,4.34902411021814,3.6417910447761193,cell_carpet,0.09006877815802787,0.20089870460780093,0.08174615812466561,0.6272863591095056,cell_carpet,0.04598953375379164,0.29898266766050335,0.1671631840884862,0.48786461449721885
rubber_carpet,hourglass,30,0.5235987755982988,5.2319173363949485,3.5888506187013647,cell_carpet,0.11223546799838403,0.19521609699647155,0.07941329240576643,0.6131351425993781,cell_carpet,0.07911250087608784,0.24709938232848744,0.12328823824712631,0.5504998785482984
rubber_carpet,hourglass,30,0.5235987755982988,6.220436280137773,3.814389590508993,cell_carpet,0.04125108891452393,0.21693553035171403,0.08866450543596613,0.653148875297796,cell_carpet,0.06018179489530588,0.23201745634010074,0.10597637184154622,0.6018243769230471
rubber_carpet,hourglass,30,0.5235987755982988,6.194029850746269,4.118510014032402,cell_carpet,0.009154232111224696,0.24370618712200162,0.10173274070583566,0.645406840060938,cell_carpet,0.03466801350326529,0.2378618217310512,0.10385455627369095,0.6236156084919926
rubber_carpet,hourglass,30,0.5235987755982988,7.495981630309989,4.612195433090956,cell_carpet,0.0017474721773525156,0.30670386681534184,0.13732272375899546,0.5542259372483102,cell_carpet,0.018207742840308905,0.27228284427319654,0.12058864001634322,0.5889207728701514
rubber_carpet,hourglass,30,0.5235987755982988,7.482204362801377,5.119913254241613,grass,0.0016431521632411623,0.402748361640428,0.2028653605869696,0.3927431256093612,cell_carpet,0.009925447501775033,0.33751560295681227,0.1617270003016564,0.4908319492397563
rubber_carpet,hourglass,30,0.5235987755982988,5.358208955223881,5.359739762724838,grass,0.0017832485004706286,0.4506823278062426,0.2438715898990348,0.3036628337942519,cell_carpet,0.005854348001122831,0.39409896538152744,0.2027992951003456,0.3972473915170041
rubber_carpet,hourglass,30,0.5235987755982988,9.363949483352467,6.09873708381171,grass,0.002232824105296148,0.5311012740164968,0.3821589487293606,0.08450695314884646,grass,0.004043586053209489,0.4626001196990121,0.29247912191485315,0.24087717233292527
rubber_carpet,hourglass,30,0.5235987755982988,9.58553386911596,6.8090317642556455,rubber_carpet,0.002645509909833373,0.482793301970256,0.5003023063236723,0.014258881796238276,grass,0.0033445479815214308,0.47269671083463405,0.39639071411926274,0.12756802706458178
rubber_carpet,hourglass,30,0.5235987755982988,9.034443168771526,7.329633881872689,rubber_carpet,0.0030847380727495664,0.4079276152465613,0.5840165582964959,0.004971088384193338,rubber_carpet,0.0032146430271354984,0.44031216304059767,0.4902036362078793,0.06626955772438756
rubber_carpet,hourglass,30,0.5235987755982988,9.477611940298509,7.801377726750862,rubber_carpet,0.003677719837703142,0.33110673539061264,0.6612588092636117,0.003956735508072393,rubber_carpet,0.0034461814324193204,0.3857094492156051,0.5757312227357455,0.035113146616229975
rubber_carpet,hourglass,30,0.5235987755982988,9.370838117106777,8.151422375302973,rubber_carpet,0.004281642863305078,0.27401531153149145,0.7173640118594565,0.004339033745747008,rubber_carpet,0.003863912147862199,0.3298623803735483,0.646547617297601,0.01972609018098849
rubber_carpet,hourglass,30,0.5235987755982988,9.0195177956372,8.465365480290853,rubber_carpet,0.004976903522088904,0.22543673126819813,0.7645971352098986,0.004989229999814375,rubber_carpet,0.004420407834975552,0.27764955582087325,0.7055723762537498,0.012357660090401432
rubber_carpet,hourglass,30,0.5235987755982988,9.907003444316876,8.733256792958286,rubber_carpet,0.005714618186021847,0.18735244888051267,0.801215283731948,0.00571764920151736,rubber_carpet,0.005067513010498699,0.23250100235069296,0.7533938299928489,0.009037654645959396
rubber_carpet,hourglass,30,0.5235987755982988,9.803673938002296,8.991197856869498,rubber_carpet,0.006582173144977393,0.15446848063542865,0.8323664474749628,0.006582898744631241,rubber_carpet,0.005824843077738047,0.1934847414930608,0.7928801387339058,0.007810276695295318
rubber_carpet,hourglass,30,0.5235987755982988,10.36280137772675,9.54726368159204,rubber_carpet,0.009176485504504641,0.09827126304817624,0.8833757403661561,0.009176511081162995,rubber_carpet,0.007500664291121345,0.14587800227061856,0.8381279395500311,0.008493393888229159
rubber_carpet,hourglass,30,0.5235987755982988,9.979334098737084,9.615639749968109,rubber_carpet,0.009584681521637769,0.092801868393274,0.8880287520272445,0.00958469805784386,rubber_carpet,0.008542672906379554,0.11933993533194626,0.8630783457886375,0.009039045973036508
rubber_carpet,hourglass,30,0.5235987755982988,10.052812858783009,9.66755963770889,rubber_carpet,0.009910676070166278,0.08885740401717326,0.8913212320108997,0.009910687901760683,rubber_carpet,0.009226674488272916,0.10409866967455976,0.8771997888997687,0.009474866937398595
rubber_carpet,hourglass,30,0.5235987755982988,10.734787600459242,9.856486796785305,rubber_carpet,0.011226257216641012,0.07599681636926142,0.9015506657889645,0.011226260625133112,rubber_carpet,0.010226465852456963,0.0900477430219106,0.8893752273443666,0.010350563781265854
rubber_carpet,hourglass,30,0.5235987755982988,10.489092996555682,9.96887358081388,rubber_carpet,0.012116999056888789,0.0694284956353859,0.9063375046565908,0.01211700065113461,rubber_carpet,0.011171732454672876,0.07973811932864824,0.8978563660004787,0.011233782216200233
rubber_carpet,hourglass,30,0.5235987755982988,9.833524684270955,10.020283199387675,rubber_carpet,0.01255462815695703,0.06668477646432472,0.908205966101063,0.012554629277655395,rubber_carpet,0.011863180305814954,0.07321144789648648,0.9030311660507708,0.011894205746927813
rubber_carpet,hourglass,30,0.5235987755982988,6.979334098737083,9.79359612195433,rubber_carpet,0.01076445417577496,0.08002102492725806,0.8984500615395423,0.010764459357424679,rubber_carpet,0.011313817240794957,0.07661623641187226,0.9007406137951566,0.011329332552176247
rubber_carpet,hourglass,30,0.5235987755982988,10.626865671641792,9.873580813879322,rubber_carpet,0.011356180392227107,0.07494661733118638,0.9023410188450388,0.011356183431547776,rubber_carpet,0.011334998816511031,0.07578142687152932,0.9015408163200977,0.011342757991862011
rubber_carpet,hourglass,30,0.5235987755982988,11.210103329506314,10.029850746268655,rubber_carpet,0.012638285830495179,0.06619192803500606,0.9085314992548084,0.012638286879690316,rubber_carpet,0.011986642323503105,0.0709866774532677,0.905036157787453,0.011990522435776163
rubber_carpet,hourglass,30,0.5235987755982988,9.56142365097589,9.940808776629671,rubber_carpet,0.011886309648669945,0.07099484677046893,0.9052325320021951,0.011886311578665985,rubber_carpet,0.011936475986086525,0.0709907621118683,0.9051343448948241,0.011938417007221074
rubber_carpet,hourglass,30,0.5235987755982988,9.16073478760046,9.849853297614493,rubber_carpet,0.011176355509574224,0.07640935202875328,0.9012379333888779,0.011176359072794597,rubber_carpet,0.011556415747830374,0.0737000570703108,0.903186139141851,0.011557388040007836
rubber_carpet,hourglass,30,0.5235987755982988,9.82548794489093,9.824594973848706,rubber_carpet,0.010988944927095,0.07800583483888476,0.9000162710894309,0.010988949144589328,rubber_carpet,0.011272680337462686,0.07585294595459778,0.901601205115641,0.011273168592298582
rubber_carpet,hourglass,30,0.5235987755982988,10.032146957520093,9.746523791299913,rubber_carpet,0.010434791639672732,0.08319982649812077,0.8959305831541148,0.010434798708091704,rubber_carpet,0.01085373598856771,0.07952638622635927,0.898765894134878,0.010853983650195142
rubber_carpet,hourglass,30,0.5235987755982988,9.072330654420206,9.589105753284858,rubber_carpet,0.009423497799368071,0.09488710243885493,0.8862658823641908,0.009423517397586354,rubber_carpet,0.01013861689396789,0.0872067443326071,0.8925158882495343,0.010138750523890749
rubber_carpet,hourglass,30,0.5235987755982988,9.07118254879449,9.504401071565251,rubber_carpet,0.008932218142632033,0.10186020566014199,0.8802753245288845,0.008932251668341476,rubber_carpet,0.009535417518299963,0.09453347499637454,0.8863956063892093,0.009535501096116113
rubber_carpet,hourglass,30,0.5235987755982988,11.07003444316877,9.95892333205766,rubber_carpet,0.012034558776281595,0.0699782662645122,0.9059526144767318,0.012034560482474456,rubber_carpet,0.010784988147290779,0.08225587063044337,0.8961741104329706,0.010785030789295285
rubber_carpet,hourglass,30,0.5235987755982988,9.970149253731345,9.885954841178725,rubber_carpet,0.011451439566296788,0.07419793602587164,0.902899182044833,0.011451442362998611,rubber_carpet,0.011118213856793784,0.07822690332815752,0.8995366462389018,0.011118236576146948
rubber_carpet,hourglass,30,0.5235987755982988,9.270952927669343,9.67049368541906,rubber_carpet,0.009929528421755965,0.08863984008243853,0.8915010914652703,0.00992954003053519,rubber_carpet,0.010523871139274873,0.08343337170529802,0.8955188688520861,0.01052388830334107
rubber_carpet,hourglass,30,0.5235987755982988,10.09414466130884,9.729684908789388,rubber_carpet,0.010320051542908245,0.08437196504441832,0.8949879239758443,0.010320059436829163,rubber_carpet,0.010421961341091558,0.08390266837485817,0.8952533964139652,0.010421973870085116
rubber_carpet,hourglass,30,0.5235987755982988,10.494833524684273,9.8779181017987,rubber_carpet,0.011389453686612643,0.07468309210442435,0.9025379975703187,0.011389456638644309,rubber_carpet,0.0109057075138521,0.07929288023964126,0.898895696992142,0.010905715254364713
rubber_carpet,hourglass,30,0.5235987755982988,9.9804822043628,9.895139686184462,rubber_carpet,0.011522813093831035,0.07364845786187409,0.9033059133215394,0.011522815722755585,rubber_carpet,0.011214260303841565,0.07647066905075765,0.9011008051568405,0.011214265488560147
rubber_carpet,square,90,1.5707963267948966,3.161882893226177,3.161882893226177,linoleum,0.9821997687601159,0.005965786577773014,0.005907347122739892,0.0059270975393712205,linoleum,0.9821997687601159,0.005965786577773014,0.005907347122739892,0.0059270975393712205
rubber_carpet,square,90,1.5707963267948966,9.026406429391503,6.094144661308841,cell_carpet,0.013462148364784522,0.05540463947211637,0.008358453161677413,0.9227747590014218,linoleum,0.49783095856245013,0.030685213024944688,0.00713290014220865,0.4643509282703964
rubber_carpet,square,90,1.5707963267948966,11.200918484500574,7.796402602372751,cell_carpet,0.0020215346501070383,0.15803017420332927,0.011605031192720215,0.8283432599538434,cell_carpet,0.24992624660627863,0.09435769361413701,0.009368965667464434,0.64634709411212
rubber_carpet,square,90,1.5707963267948966,13.49598163030999,9.22129735935706,grass,0.0034719087474641363,0.721044340450462,0.08586740902537264,0.18961634177670114,cell_carpet,0.12669907767687139,0.4077010170322995,0.04761818734641854,0.4179817179444106
rubber_carpet,square,90,1.5707963267948966,14.764638346727898,10.32996555683123,grass,0.003135317116911411,0.7952293181817149,0.19280830085353703,0.008827063847836679,grass,0.0649171973968914,0.6014651676070072,0.12021324409997779,0.21340439089612362
rubber_carpet,square,90,1.5707963267948966,13.345579793340988,10.832567929582856,grass,0.0030895314618147587,0.7293374474669437,0.263765209031482,0.0038078120397595488,grass,0.03400336442935308,0.6654013075369755,0.1919892265657299,0.10860610146794158
rubber_carpet,square,90,1.5707963267948966,13.92996555683123,11.275053304904052,grass,0.003177735962888414,0.6476047962089814,0.3459472603833456,0.0032702074447847323,grass,0.01859055019612075,0.6565030518729784,0.26896824347453774,0.05593815445636316
rubber_carpet,square,90,1.5707963267948966,12.567164179104475,11.436567164179104,grass,0.003235023093108032,0.6127576848017846,0.3807308584455399,0.0032764336595675608,grass,0.01091278664461439,0.6346303683373815,0.3248495509600388,0.02960729405796536
rubber_carpet,square,90,1.5707963267948966,14.205510907003443,11.744227580048475,grass,0.003373321632148761,0.5400305770680377,0.4532145453335975,0.0033815559662158834,grass,0.007143054138381576,0.5873304727027097,0.3890320481468182,0.016494425012090627
rubber_carpet,square,90,1.5707963267948966,12.919632606199771,12.8284219926011,rubber_carpet,0.004021754427682242,0.26412414021035147,0.7278323401013546,0.004021765260611682,rubber_carpet,0.0055824042830319096,0.42572730645653056,0.5584321941240864,0.010258095136351154
rubber_carpet,square,90,1.5707963267948966,13.276693455797934,13.300676106646256,rubber_carpet,0.00433994235112825,0.16788904135294125,0.8234310735693456,0.004339942726584774,rubber_carpet,0.004961173317080081,0.29680817390473596,0.6909316338467161,0.007299018931467965
rubber_carpet,square,90,1.5707963267948966,13.864523536165327,13.596632223497895,rubber_carpet,0.004562720715160724,0.12164820236309874,0.8692263561670391,0.004562720754701277,rubber_carpet,0.004761947016120403,0.20922818813391736,0.7800789950068776,0.005930869843084621
rubber_carpet,square,90,1.5707963267948966,13.168771526980484,13.560275545350173,rubber_carpet,0.004533788725591578,0.12673258533537254,0.8641998371610037,0.004533788778032185,rubber_carpet,0.004647867870855991,0.16798038673464497,0.8221394160839407,0.005232329310558404
rubber_carpet,square,90,1.5707963267948966,13.129735935706083,13.378619721903304,rubber_carpet,0.004396108557640369,0.15462992908558693,0.8365778535893736,0.004396108767399147,rubber_carpet,0.004521988214248179,0.16130515791011596,0.8293586348366572,0.004814219038978775
rubber_carpet,square,90,1.5707963267948966,12.401836969001147,13.273759408087766,rubber_carpet,0.004320876765291866,0.17264789722475204,0.8187103487864139,0.0043208772235422445,rubber_carpet,0.004421432489770022,0.16697652756743397,0.8240344918115353,0.004567548131260509
rubber_carpet,square,90,1.5707963267948966,13.210103329506316,13.193774716162777,rubber_carpet,0.004265092590710042,0.1873303098221529,0.804139504172434,0.0042650934147031305,rubber_carpet,0.004343262540240032,0.17715341869479345,0.8140869979919847,0.00441632077298182
rubber_carpet,square,90,1.5707963267948966,13.605051664753155,13.30909554790152,rubber_carpet,0.0043459390586134804,0.16641942907757393,0.8248886924524972,0.004345939411315404,rubber_carpet,0.004344600799426756,0.1717864238861837,0.8194878452222409,0.004381130092148612
rubber_carpet,square,90,1.5707963267948966,13.034443168771526,13.178976910320197,rubber_carpet,0.004254901681306616,0.19013470735831428,0.8013554883614139,0.004254902598965225,rubber_carpet,0.004299751240366686,0.180960565622249,0.8104216667918274,0.004318016345556919
rubber_carpet,square,90,1.5707963267948966,13.006888633754306,13.18867202449292,rubber_carpet,0.0042615742233899565,0.18829426055747922,0.8031825901405549,0.0042615750785758395,rubber_carpet,0.004280662731878322,0.18462741308986413,0.8068021284661913,0.00428979571206638
rubber_carpet,square,90,1.5707963267948966,12.864523536165327,13.142875366755964,rubber_carpet,0.004230191752139624,0.1970904398397855,0.7944491754640188,0.004230192944056143,rubber_carpet,0.004255427242008972,0.19085892646482477,0.8006256519651048,0.004259994328061261
rubber_carpet,square,90,1.5707963267948966,12.8105625717566,13.025768592932772,rubber_carpet,0.004151329866042956,0.2207425827882099,0.7709547547276693,0.004151332618077798,rubber_carpet,0.004203378554025965,0.20580075462651737,0.7857902033463872,0.004205663473069531
rubber_carpet,square,90,1.5707963267948966,2.7129735935706085,11.864013266998342,grass,0.0034355304854100403,0.5098991397397921,0.48322554253586436,0.00343978723893355,rubber_carpet,0.0038194545197180025,0.3578499471831547,0.6345078729411258,0.0038227253560015407
rubber_carpet,square,90,1.5707963267948966,10.741676234213548,11.598673300165837,grass,0.003303620432079701,0.575379201865936,0.41799562567784204,0.003321552024142204,rubber_carpet,0.0035615374758988516,0.46661457452454536,0.5262517493094839,0.0035721386900718724
rubber_carpet,square,90,1.5707963267948966,12.965556831228472,11.66130884041332,grass,0.003332751846069834,0.560357192222677,0.43296443541467083,0.0033456205165824583,grass,0.003447144660984343,0.5134858833736111,0.47960809236207735,0.0034588796033271653
rubber_carpet,square,90,1.5707963267948966,13.176808266360506,11.657609388952672,grass,0.0033309937709157483,0.5612527072188875,0.4320721801975373,0.003344118812659538,grass,0.003389069215950046,0.5373692952962493,0.45584013627980735,0.0034014992079933514
rubber_carpet,square,90,1.5707963267948966,14.021814006888636,11.703916315856612,grass,0.0033533253009281443,0.5499719535348865,0.4433111547269157,0.0033635664372697154,grass,0.003371197258439095,0.5436706244155679,0.4495756455033615,0.0033825328226315334
rubber_carpet,square,90,1.5707963267948966,15.190585533869116,11.943487689756346,rubber_carpet,0.003478855473115562,0.4894996517238936,0.5035399163939894,0.0034815764090013993,grass,0.0034250263657773284,0.5165851380697307,0.47655778094867546,0.0034320546158164663
rubber_carpet,square,90,1.5707963267948966,13.451205510907002,11.992856231662202,rubber_carpet,0.003506489146993806,0.4766997873863528,0.5162851819093994,0.003508541557254018,grass,0.003465757756385567,0.4966424627280418,0.4964214814290374,0.003470298086535242
rubber_carpet,square,90,1.5707963267948966,13.73593570608496,12.089679806097717,rubber_carpet,0.0035620888302438764,0.4513902685267236,0.5414843836534392,0.003563258989593354,rubber_carpet,0.003513923293314722,0.4740163656273827,0.5189529325412383,0.003516778538064298
rubber_carpet,square,90,1.5707963267948966,13.07577497129736,12.119147850491135,rubber_carpet,0.0035793401363747946,0.4436501562112147,0.5491901795989163,0.0035803240534944777,rubber_carpet,0.003546631714844758,0.45883326091929866,0.5340715560700773,0.0035485512957793876
rubber_carpet,square,90,1.5707963267948966,13.47646383467279,13.315091210613598,rubber_carpet,0.004350219348241045,0.16537839695027315,0.8259211640159196,0.004350219685566255,rubber_carpet,0.003948425531542901,0.31210582893478583,0.6799963600429983,0.003949385490672821
rubber_carpet,square,90,1.5707963267948966,13.430539609644088,13.61385380788366,rubber_carpet,0.004576609186589087,0.11929690569242492,0.8715498758998261,0.004576609221160015,rubber_carpet,0.004262517359065994,0.21570136731360537,0.7757731179714122,0.004262997355916418
rubber_carpet,square,90,1.5707963267948966,13.430539609644088,13.665518561040948,rubber_carpet,0.0046190268801948615,0.11246090564119729,0.8783010405753576,0.004619026903250096,rubber_carpet,0.004440772119630428,0.16408113647740133,0.827037079273385,0.004441012129583257
rubber_carpet,square,90,1.5707963267948966,13.397244546498278,13.690011481056258,rubber_carpet,0.004639550857642964,0.10933313390178033,0.8813877643639288,0.004639550876647867,rubber_carpet,0.004540161488636696,0.13670713518959082,0.8542124218186569,0.0045402815031155615
rubber_carpet,square,90,1.5707963267948966,12.838117106773822,13.558489603265723,rubber_carpet,0.004532380652161887,0.1269865810175551,0.8639486576249504,0.004532380705332685,rubber_carpet,0.004536271070399292,0.13184685810357297,0.8590805397218036,0.0045363311042241235
rubber_carpet,square,90,1.5707963267948966,12.870264064293917,13.300676106646256,rubber_carpet,0.00433994235112825,0.16788904135294125,0.8234310735693456,0.004339942726584774,rubber_carpet,0.004438106710763772,0.14986794972825715,0.8412558066455748,0.00443813691540445
rubber_carpet,square,90,1.5707963267948966,13.20321469575201,13.273121571629035,rubber_carpet,0.004320426874790098,0.17276178357218863,0.8185973622178169,0.004320427335204396,rubber_carpet,0.004379266792776935,0.16131486665022288,0.8299265844316959,0.004379282125304423
rubber_carpet,square,90,1.5707963267948966,13.916188289322616,13.29314963643322,rubber_carpet,0.004334595191442899,0.16921043155184884,0.8221203776682576,0.004334595588450574,rubber_carpet,0.004356930992109918,0.16526264910103589,0.8260234810499768,0.0043569388568775
rubber_carpet,square,90,1.5707963267948966,13.087256027554536,13.294425309350682,rubber_carpet,0.004335500600402183,0.16898595937145722,0.8223430390344666,0.004335500993673922,rubber_carpet,0.00434621579625605,0.16712430423624655,0.8241832600422216,0.00434621992527571
rubber_carpet,square,90,1.5707963267948966,12.445464982778416,13.17986988136242,rubber_carpet,0.004255515588376712,0.18996470337233412,0.8015242645391892,0.004255516500099883,rubber_carpet,0.0043008656923163805,0.17854450380429032,0.8128537622907055,0.004300868212687797
rubber_carpet,square,90,1.5707963267948966,13.463834672789895,13.183569332823064,rubber_carpet,0.004258060357952321,0.18926145789926696,0.8022224204972983,0.004258061245482455,rubber_carpet,0.00427946302513435,0.18390298085177864,0.8075380913940019,0.004279464729085126
rubber_carpet,square,90,1.5707963267948966,3.5361653272101035,12.084194412552623,rubber_carpet,0.0035588935086643884,0.45282961492747537,0.5400513896663957,0.003560101897464682,rubber_carpet,0.0039191782668993695,0.318366297889627,0.6737947405301987,0.003919783313274904
rubber_carpet,square,90,1.5707963267948966,7.316877152698049,11.408598035463706,grass,0.003224267343616531,0.618970588100477,0.37453318264582963,0.0032719619100767855,rubber_carpet,0.00357172280525795,0.468668442995052,0.5241639615880141,0.0035958726116758445
rubber_carpet,square,90,1.5707963267948966,10.977037887485649,11.2018114555428,grass,0.0031558208882881368,0.6625572004209734,0.3309993512369762,0.003287627453762057,grass,0.003363771846773044,0.5656128217080129,0.42758165641249524,0.003441750032718951
rubber_carpet,square,90,1.5707963267948966,13.197474167623422,11.238168133690522,grass,0.003166366523882098,0.6552030778202318,0.3383535626770986,0.0032769929787875786,grass,0.0032650691853275708,0.6104079497641224,0.3829676095447969,0.0033593715057532647
rubber_carpet,square,90,1.5707963267948966,14.747416762342134,11.409746141089425,grass,0.003224702228431905,0.6187169879830202,0.3747861879448458,0.003272121843702088,grass,0.0032448857068797373,0.6145624688735712,0.3788768987448212,0.0033157466747276753
rubber_carpet,square,90,1.5707963267948966,15.897818599311137,11.629927286643705,grass,0.003317986045850896,0.5679211232598274,0.4254276999225829,0.0033331907717389555,grass,0.0032814358763653168,0.5912417960666994,0.40215229933370206,0.0033244687232333154
rubber_carpet,square,90,1.5707963267948966,14.20321469575201,11.7539226942212,grass,0.003378204969308506,0.5376236352474726,0.455612143578253,0.0033860162049658875,grass,0.003329820422836911,0.564432715657086,0.42888222145597754,0.0033552424640996012
rubber_carpet,square,90,1.5707963267948966,15.034443168771526,12.041586937109324,rubber_carpet,0.003534253798677667,0.4639898806144341,0.5289400626452109,0.003535802941677396,grass,0.0034320371107572894,0.51421129813576,0.4789111420505942,0.0034455227028884986
rubber_carpet,square,90,1.5707963267948966,15.15958668197474,12.230003827018754,rubber_carpet,0.0036454080636884024,0.4144764816678938,0.5782321946926285,0.0036459155757891056,rubber_carpet,0.0035387225872228465,0.464343889901827,0.5285716683716115,0.0035457191393388023
rubber_carpet,square,90,1.5707963267948966,14.989667049368544,13.5026151294808,rubber_carpet,0.004488916441856893,0.135134903529534,0.8558872635049631,0.004488916523645973,rubber_carpet,0.00401381951453987,0.2997393967156805,0.6922294659382873,0.004017317831492387
rubber_carpet,square,90,1.5707963267948966,14.733639494833527,14.326699834162522,rubber_carpet,0.0053067165614813375,0.05069176775184384,0.938694799125096,0.005306716561578749,rubber_carpet,0.004660268038010604,0.17521558223376218,0.8154621325316916,0.004662017196535568
rubber_carpet,square,90,1.5707963267948966,14.832376578645237,14.75507079984692,rubber_carpet,0.0059795320995308324,0.030265446096128364,0.9577754897048079,0.005979532099532985,rubber_carpet,0.005319900068770717,0.10274051416494524,0.8866188111182496,0.005320774648034276
rubber_carpet,square,90,1.5707963267948966,14.546498277841565,14.904962367648936,rubber_carpet,0.006277927948178264,0.025586992984033673,0.9618571511196093,0.0062779279481788046,rubber_carpet,0.005798914008474492,0.06416375357448947,0.9242379811189295,0.0057993512981065415
rubber_carpet,square,90,1.5707963267948966,13.2743972445465,14.74129353233831,rubber_carpet,0.005953959540058544,0.030750661325977136,0.9573414195939033,0.0059539595400609855,rubber_carpet,0.005876436774266518,0.0474572074502333,0.9407897003564164,0.005876655419083764
rubber_carpet,square,90,1.5707963267948966,13.81630309988519,14.510014032402092,rubber_carpet,0.005565929578270081,0.04049285610767028,0.9483752847357699,0.005565929578289632,rubber_carpet,0.0057211831762683,0.04397503177895179,0.9445824925460932,0.005721292498686698
rubber_carpet,square,90,1.5707963267948966,13.975889781859932,14.484755708636309,rubber_carpet,0.005527883005789741,0.04175703178883826,0.9471872021995578,0.00552788300581419,rubber_carpet,0.00562453309102902,0.042866031783895024,0.9458848473728254,0.0056245877522504446
rubber_carpet,square,90,1.5707963267948966,13.66130884041332,14.33218522770762,rubber_carpet,0.005313931986887804,0.05035043015946071,0.9390217058666708,0.005313931986980699,rubber_carpet,0.005469232538958413,0.04660823097167787,0.9424532766197482,0.005469259869615572
rubber_carpet,square,90,1.5707963267948966,12.77841561423651,14.06761066462559,rubber_carpet,0.0049985457527820755,0.06970559211876357,0.92029731637479,0.00499854575366446,rubber_carpet,0.005233889145870244,0.05815691154522072,0.931375296497269,0.005233902811640016
rubber_carpet,square,90,1.5707963267948966,13.036739380022963,13.850618701364972,rubber_carpet,0.004781613321424306,0.09056780957511307,0.8998689637767797,0.004781613326682777,rubber_carpet,0.005007751233647275,0.0743623605601669,0.9156221301370244,0.005007758069161396
rubber_carpet,square,90,1.5707963267948966,12.726750861079218,13.62763107539227,rubber_carpet,0.0045878083485262995,0.1174421217047597,0.8733822615671468,0.004587808379567034,rubber_carpet,0.0047977797910867875,0.09590224113246332,0.8945021958520857,0.0047977832243642155
rubber_carpet,square,90,1.5707963267948966,3.2101033295063144,12.336267381043502,rubber_carpet,0.003710186763782193,0.3865864625826371,0.6059928987703862,0.0037104518831945197,rubber_carpet,0.0042539832774344906,0.24124435185755022,0.750247547311236,0.004254117553779368
rubber_carpet,square,90,1.5707963267948966,8.19288174512055,11.630309988518944,grass,0.003318164080238959,0.5678293293889048,0.4255191685157174,0.0033333380151387396,rubber_carpet,0.0037860736788367247,0.40453684062322753,0.5878833579134767,0.0037937277844590535
rubber_carpet,square,90,1.5707963267948966,10.92881745120551,11.369690011481056,grass,0.0032098716211826457,0.6274912481558133,0.36603104351934646,0.003267836703657579,grass,0.003497972650009685,0.5160140443895204,0.47695720071641157,0.003530782244058316
rubber_carpet,square,90,1.5707963267948966,12.624569460390354,11.237275162648295,grass,0.003166099578430161,0.6553853214794066,0.3381713739074687,0.0032772050346945693,grass,0.003332036114219923,0.5856996829344635,0.40756428731194017,0.0034039936393764425
rubber_carpet,square,90,1.5707963267948966,14.159586681974744,11.25768592932772,grass,0.0031722996442519924,0.6511995531089447,0.34235521285518217,0.0032729343916210302,grass,0.0032521678792359577,0.6184496180217041,0.3749597500835612,0.003338464015498736
rubber_carpet,square,90,1.5707963267948966,14.355912743972446,11.334864140834291,grass,0.003197561834948817,0.6349949814625061,0.3585409769988788,0.003266479703666205,grass,0.0032248648570923875,0.6267222997421051,0.36675036354122004,0.0033024718595824707
rubber_carpet,square,90,1.5707963267948966,13.807118254879448,11.44916443423906,grass,0.003239976191821155,0.6099358145825697,0.3835453870532999,0.0032788221723092405,grass,0.0032324205244567703,0.6183290571623373,0.37514787529725985,0.0032906470159458547
rubber_carpet,square,90,1.5707963267948966,14.468427095292768,11.608240847046815,grass,0.0033079812801603825,0.5731042497692,0.42026273697472766,0.0033250319759118474,grass,0.003270200902308577,0.5957166534657689,0.3977053061359938,0.0033078394959288513
rubber_carpet,square,90,1.5707963267948966,13.365097588978184,11.679168261257812,grass,0.003341303221996388,0.5560199240612782,0.437285772484402,0.003353000232323421,grass,0.0033057520621524823,0.5758682887635236,0.4174955393101979,0.0033304198641261364
rubber_carpet,square,90,1.5707963267948966,13.370838117106777,12.80813879321342,rubber_carpet,0.004008613409861757,0.2688120641859981,0.7231706965585466,0.00400862584559358,rubber_carpet,0.0036571827360071195,0.42234017647476085,0.5703331179343722,0.003669522854859858
rubber_carpet,square,90,1.5707963267948966,13.412169919632609,13.38805970149254,rubber_carpet,0.004403015964294396,0.1530767895505864,0.838117178325448,0.004403016159671333,rubber_carpet,0.004030099350150758,0.2877084830126736,0.7042251481299101,0.004036269507265595
rubber_carpet,square,90,1.5707963267948966,13.833524684270952,13.71080494961092,rubber_carpet,0.0046571952897309764,0.10673415140180256,0.8839514580026148,0.004657195305851749,rubber_carpet,0.004343647319940867,0.19722131720723807,0.7940883030662624,0.004346732406558672
rubber_carpet,square,90,1.5707963267948966,14.366245694603904,13.904324531190204,rubber_carpet,0.0048323702347604115,0.08494307612103943,0.9053921834060414,0.0048323702381586975,rubber_carpet,0.00458800877735064,0.14108219666413874,0.8497402432361519,0.004589551322358685
rubber_carpet,square,90,1.5707963267948966,13.274397244546496,13.805970149253731,rubber_carpet,0.004740724649320634,0.09548714561867158,0.8950314050751476,0.004740724656860105,rubber_carpet,0.004664366713335638,0.11828467114140517,0.8723858241556498,0.004665137989609396
rubber_carpet,square,90,1.5707963267948966,13.770378874856489,13.740910830463068,rubber_carpet,0.0046831147743029156,0.10306200622889332,0.8875717642098101,0.00468311478699373,rubber_carpet,0.004673740743819276,0.11067333868514925,0.87997879418273,0.0046741263883015634
rubber_carpet,square,90,1.5707963267948966,13.176808266360506,13.670876387294298,rubber_carpet,0.004623492999524648,0.11177053731601067,0.8789824766628376,0.004623493021627215,rubber_carpet,0.0046486168716719616,0.11122193800057996,0.8794806354227838,0.004648809704964389
rubber_carpet,square,90,1.5707963267948966,13.448909299655568,13.5575966322235,rubber_carpet,0.0045316770667149595,0.12711372813157693,0.8638229176814535,0.0045316771202545784,rubber_carpet,0.0045901469691934605,0.11916783306607845,0.8716517765521186,0.004590243412609484
rubber_carpet,square,90,1.5707963267948966,14.444316877152698,13.67750988646511,rubber_carpet,0.004629040593810332,0.11092058887483558,0.8798213299165674,0.004629040614786748,rubber_carpet,0.0046095937815018966,0.11504421097045701,0.875736553234343,0.004609642013698116
rubber_carpet,square,90,1.5707963267948966,13.22617680826636,13.661436407705065,rubber_carpet,0.004615632822985129,0.11298922727245711,0.8777795070577646,0.004615632846793116,rubber_carpet,0.004612613302243513,0.11401671912145706,0.8767580301460538,0.004612637430245616
rubber_carpet,square,90,1.5707963267948966,14.020665901262916,13.729047072330657,rubber_carpet,0.004672847015870723,0.10449632655102592,0.8861579794032852,0.004672847029817977,rubber_carpet,0.0046427301590571185,0.1092565228362415,0.8814580047746696,0.0046427422300317975
rubber_carpet,square,90,1.5707963267948966,3.464982778415614,12.576986860568953,rubber_carpet,0.0038606413937246364,0.32475227353979447,0.6675263859644358,0.003860699102045035,rubber_carpet,0.004251685776390878,0.21700439818801798,0.7744921953695527,0.004251720666038416
rubber_carpet,square,90,1.5707963267948966,8.462686567164178,11.92103584640898,rubber_carpet,0.003466465025635169,0.4952905303358157,0.4977734495228917,0.00346955511565748,rubber_carpet,0.003859075401013023,0.35614746426191685,0.6361328224462222,0.003860637890847948
rubber_carpet,square,90,1.5707963267948966,10.788748564867968,11.644852659778032,grass,0.003324966883562771,0.5643328859495732,0.42900313316542116,0.0033390140014428167,rubber_carpet,0.003592021142287897,0.460240175105745,0.5325679778058217,0.0035998259461453826
rubber_carpet,square,90,1.5707963267948966,12.64638346727899,11.519964281158313,grass,0.00326902786786281,0.5938108880482253,0.39962402945808445,0.0032960546258273696,grass,0.0034305245050753543,0.5270255315769853,0.4660960036319531,0.0034479402859863765
rubber_carpet,square,90,1.5707963267948966,14.251435132032148,11.639367266232938,grass,0.0033223923624732627,0.565653606772532,0.42768714610485975,0.0033368547601347774,grass,0.0033764584337743096,0.5463395691747587,0.4468915748684065,0.0033923975230605776
rubber_carpet,square,90,1.5707963267948966,14.299655568312282,11.733894629417016,grass,0.003368148233423699,0.5425891666522878,0.4506658274526346,0.0033768576616536377,grass,0.0033723033335990044,0.5444643679135233,0.44877870116052054,0.0033846275923571077
rubber_carpet,square,90,1.5707963267948966,14.13662456946039,11.699706595228982,grass,0.00335126640189604,0.5510037699270739,0.44228322139274434,0.0033617422782857365,grass,0.0033617848677475227,0.5477340689202986,0.4455309612766325,0.0033731849353214227
rubber_carpet,square,90,1.5707963267948966,14.501722158438575,11.841433856359227,grass,0.0034235051357223364,0.5156403243872336,0.4775078383293112,0.003428332147732797,grass,0.0033926450017349287,0.5316871966537661,0.46151939980297174,0.003400758541527109
rubber_carpet,square,90,1.5707963267948966,13.86681974741676,11.824339839265212,grass,0.0034144899959803613,0.5199689139552779,0.47319679925738917,0.003419796791352637,grass,0.003403567498857645,0.525828055304522,0.4673580995301805,0.003410277666439873
rubber_carpet,square,90,1.5707963267948966,14.43398392652124,13.04311774461028,rubber_carpet,0.004162902517725305,0.21713568499994854,0.7745385075307334,0.004162904951592724,rubber_carpet,0.003783235008291475,0.37148187015223527,0.6209483035304569,0.0037865913090162984
rubber_carpet,square,90,1.5707963267948966,13.557979334098738,13.609261385380789,rubber_carpet,0.004572893714380604,0.11992034615951443,0.8709338663758915,0.004572893750213475,rubber_carpet,0.00417806436133604,0.24570110815587484,0.7459410849531742,0.004179742529614887
rubber_carpet,square,90,1.5707963267948966,13.35820895522388,13.894756984309222,rubber_carpet,0.004823197096794196,0.08592210394613463,0.9044315018566029,0.004823197100468256,rubber_carpet,0.0045006307290651176,0.16581160605100473,0.8251862934048886,0.004501469815041572
rubber_carpet,square,90,1.5707963267948966,14.025258323765788,14.047965301696644,rubber_carpet,0.0049775277317690965,0.0713965804659456,0.9186483640694768,0.004977527732808627,rubber_carpet,0.0047390792304171075,0.11860409325847517,0.8719173287371826,0.004739498773925099
rubber_carpet,square,90,1.5707963267948966,13.475315729047075,13.96172981247608,rubber_carpet,0.004888660793531255,0.07927380166249252,0.9109488767483219,0.004888660795654245,rubber_carpet,0.0048138700119741825,0.09893894746048386,0.8914331027427523,0.004814079784789673
rubber_carpet,square,90,1.5707963267948966,13.672789896670492,13.89207807118255,rubber_carpet,0.004820638978223168,0.08619800459115015,0.9041607174486485,0.004820638981978305,rubber_carpet,0.004817254495098676,0.092568476025817,0.8977969100957004,0.004817359383383989
rubber_carpet,square,90,1.5707963267948966,13.21699196326062,13.789896670493684,rubber_carpet,0.004726280486296629,0.09731326729917895,0.8932341717196491,0.004726280494875285,rubber_carpet,0.004771767490697652,0.09494087166249798,0.8955155409076747,0.004771819939129637
rubber_carpet,square,90,1.5707963267948966,13.355912743972446,13.66258451333078,rubber_carpet,0.004616586644382641,0.11284043321708949,0.8779263934705515,0.004616586667976513,rubber_carpet,0.004694177067540146,0.10389065243979373,0.8867209671891131,0.004694203303553075
rubber_carpet,square,90,1.5707963267948966,13.430539609644088,13.614108942467151,rubber_carpet,0.004576815857531306,0.11926234614647736,0.8715840221039579,0.004576815892033418,rubber_carpet,0.004635496462535726,0.11157649929313554,0.8791524946465354,0.004635509597793247
rubber_carpet,square,90,1.5707963267948966,13.39609644087256,13.498788110728407,rubber_carpet,0.004485979649080511,0.13570738745377645,0.8553206531638369,0.004485979733306031,rubber_carpet,0.004560738055808119,0.123641943373456,0.8672365739051863,0.004560744665549639
rubber_carpet,hourglass,90,1.5707963267948966,10.020665901262918,10.020665901262918,grass,0.003241930676014942,0.8171923459700109,0.15858338462763114,0.020982338726343065,rubber_carpet,0.0039013343659115305,0.47041714467173346,0.5129099792664087,0.012771541695946352
rubber_carpet,hourglass,90,1.5707963267948966,2.47646383467279,6.248564867967854,cell_carpet,0.006883690223941393,0.055067085213174626,0.0071484861198439316,0.9309007384430401,cell_carpet,0.005392512294926462,0.26274211494245403,0.26002923269312633,0.4718361400694932
rubber_carpet,hourglass,90,1.5707963267948966,5.424799081515499,5.973976272483736,cell_carpet,0.026360646980132466,0.05621062206055804,0.009625649027610046,0.9078030819316996,cell_carpet,0.015876579637529465,0.15947636850150604,0.1348274408603682,0.6898196110005964
rubber_carpet,hourglass,90,1.5707963267948966,8.350172215843857,6.568025258323766,cell_carpet,0.003333988634945547,0.05808991801931449,0.005828004804213726,0.9327480885415262,cell_carpet,0.009605284136237506,0.10878314326041026,0.07032772283229095,0.8112838497710613
rubber_carpet,hourglass,90,1.5707963267948966,11.179104477611942,7.4902411021814,cell_carpet,0.0019486409210816627,0.1113227399595391,0.008104112358636563,0.8786245067607426,cell_carpet,0.005776962528659584,0.11005294160997468,0.03921591759546376,0.8449541782659019
rubber_carpet,hourglass,90,1.5707963267948966,13.274397244546496,8.454267125908917,cell_carpet,0.0026991234283477027,0.36607197191831137,0.031195095428824468,0.6000338092245164,cell_carpet,0.004238042978503644,0.23806245676414303,0.035205506512144116,0.7224939937452092
rubber_carpet,hourglass,90,1.5707963267948966,14.557979334098738,9.326226012793176,grass,0.00348381915497943,0.7530636324021583,0.09489985154525848,0.1485526968976037,grass,0.0038609310667415365,0.4955630445831507,0.0650526790287013,0.43552334532140646
rubber_carpet,hourglass,90,1.5707963267948966,13.80597014925373,9.886194029850746,grass,0.0033012489108611037,0.820031472000368,0.14527807147801564,0.03138920761075528,grass,0.0035810899888013203,0.6577972582917593,0.10516537525335846,0.23345627646608086
rubber_carpet,hourglass,90,1.5707963267948966,15.21699196326062,10.478504911340732,grass,0.0031045145982219716,0.7790616695691149,0.21155354546135025,0.006280270371312799,grass,0.003342802293511646,0.7184294639304372,0.15835946035735435,0.11986827341869682
rubber_carpet,hourglass,90,1.5707963267948966,13.919632606199771,10.911723434111494,grass,0.003097099171699267,0.7162614945643073,0.27703855916356157,0.003602847100431976,grass,0.0032199507326054555,0.7173454792473721,0.21769900976045792,0.061735560259564386
rubber_carpet,hourglass,90,1.5707963267948966,13.68427095292767,12.157035336139815,rubber_carpet,0.0036017223775515806,0.4336842636872732,0.5591115054917474,0.003602508443427858,grass,0.0034108365550785183,0.5755148714673226,0.3884052576261027,0.03266903435149612
rubber_carpet,hourglass,90,1.5707963267948966,14.020665901262916,13.112131649445082,rubber_carpet,0.004209308109944783,0.20314014119605825,0.7884412410967897,0.004209309597207217,rubber_carpet,0.003810072332511651,0.3893275063316905,0.5884232493614463,0.018439171974351673
rubber_carpet,hourglass,90,1.5707963267948966,13.65901262916188,13.70200280648042,rubber_carpet,0.004649700995182793,0.10782804645531191,0.8828725515370374,0.004649701012467899,rubber_carpet,0.004229886663847222,0.24857777639350123,0.7356479004492419,0.011544436493409789
rubber_carpet,hourglass,90,1.5707963267948966,13.77382319173364,13.990304885827276,rubber_carpet,0.004917514396258067,0.07658014314789967,0.9135848280579069,0.0049175143979353735,rubber_carpet,0.004573700530052643,0.16257895977070042,0.8246163642535742,0.008230975445672578
rubber_carpet,hourglass,90,1.5707963267948966,13.487944890929969,14.014032402092104,rubber_carpet,0.004941913922624868,0.07440677957800662,0.9157093925753654,0.0049419139240030885,rubber_carpet,0.004757807226338757,0.11849286967435353,0.8701628784144699,0.006586444684837834
rubber_carpet,hourglass,90,1.5707963267948966,13.931113662456946,13.94438066079857,rubber_carpet,0.004871417388504513,0.08095051905787748,0.9093066461626651,0.004871417390952872,rubber_carpet,0.004814612307421634,0.0997216943661155,0.8897347622885675,0.005728931037895353
rubber_carpet,hourglass,90,1.5707963267948966,13.67393800229621,13.929710422247735,rubber_carpet,0.004856994506470586,0.08239298381544995,0.9078930271688476,0.004856994509231918,rubber_carpet,0.00483580340694611,0.09105733909078273,0.8988138947287075,0.005292962773563635
rubber_carpet,hourglass,90,1.5707963267948966,13.452353616532722,13.733639494833524,rubber_carpet,0.00467681324684648,0.10393914434243713,0.8867072291504228,0.004676813260293524,rubber_carpet,0.004756308326896296,0.09749824171660994,0.8927605619395652,0.004984888016928581
rubber_carpet,hourglass,90,1.5707963267948966,13.092996555683122,13.64179104477612,rubber_carpet,0.004599402542338875,0.11556001810193556,0.8752411767856056,0.004599402570119905,rubber_carpet,0.004677855434617587,0.10652912990927275,0.8840008693625855,0.004792145293524243
rubber_carpet,hourglass,90,1.5707963267948966,13.141216991963262,13.581451715780071,rubber_carpet,0.004550577470855669,0.12375120328596002,0.8671476417278318,0.004550577515352582,rubber_carpet,0.004614216452736628,0.11514016659761639,0.8755742555452086,0.004671361404438412
rubber_carpet,hourglass,90,1.5707963267948966,8.475315729047072,12.965301696644978,rubber_carpet,0.004111252193446962,0.23358402930511868,0.7581934620977535,0.0041112564036807735,rubber_carpet,0.004362734323091795,0.17436209795136753,0.8168838588214811,0.004391308904059593
rubber_carpet,hourglass,90,1.5707963267948966,4.42939150401837,11.9397882382957,rubber_carpet,0.0034768060244663324,0.490455221098775,0.5025883881550589,0.0034795847216998383,rubber_carpet,0.0039197701737790636,0.33240865952507126,0.6597361234882699,0.003935446812879715
rubber_carpet,hourglass,90,1.5707963267948966,7.532721010332951,11.24633244036229,grass,0.0031688254926995657,0.6535330956112535,0.3400229162220363,0.0032751626740107178,rubber_carpet,0.0035442978332393144,0.4929708775681624,0.4998795198551531,0.0036053047434452166
rubber_carpet,hourglass,90,1.5707963267948966,9.939150401836969,10.85202194157418,grass,0.0030910363148464732,0.7261878246955449,0.2669707418064003,0.003750397183208338,grass,0.003317667074042894,0.6095793511318537,0.3834251308307767,0.0036778509633267776
rubber_carpet,hourglass,90,1.5707963267948966,12.022962112514351,10.64000510269167,grass,0.0030875378518996546,0.758213978760885,0.23397169775503818,0.004726785632177203,grass,0.0032026024629712734,0.6838966649463692,0.3086984142929074,0.004202318297751989
rubber_carpet,hourglass,90,1.5707963267948966,12.812858783008036,10.544329633881874,grass,0.0030955099992586175,0.7709534500849748,0.2204218973368691,0.00552914257889764,grass,0.0031490562311149457,0.727425057515672,0.26456015581488823,0.004865730438324814
rubber_carpet,hourglass,90,1.5707963267948966,14.600459242250288,10.67189692562827,grass,0.003086218496284995,0.7537252048016043,0.23866854225481746,0.004520034447293066,grass,0.0031176373636999702,0.7405751311586382,0.25161434903485286,0.00469288244280894
rubber_carpet,hourglass,90,1.5707963267948966,14.31687715269805,10.807883658629928,grass,0.0030879597699544556,0.7332733558921759,0.25975051845101893,0.003888165886850779,grass,0.003102798566827213,0.7369242435254071,0.25568243374293587,0.004290524164829859
rubber_carpet,hourglass,90,1.5707963267948966,13.90241102181401,10.892460773057788,grass,0.0030949068510482142,0.7195070155109493,0.2737520024575805,0.0036460751804219694,grass,0.0030988527089377137,0.7282156295181782,0.26471721810025817,0.003968299672625915
rubber_carpet,hourglass,90,1.5707963267948966,13.360505166475315,11.435259599438703,grass,0.003234512811186975,0.6130497537310166,0.38043953481215737,0.0032761986456392145,grass,0.0031666827600623434,0.6706326916245973,0.32257837645620774,0.003622249159132564
rubber_carpet,hourglass,90,1.5707963267948966,13.791044776119405,12.47544329633882,rubber_carpet,0.003796654835286074,0.3505121350129056,0.6418944445148936,0.0037967656369146535,grass,0.003481668797674209,0.5105724133187516,0.4822364104855507,0.003709507398023609
rubber_carpet,hourglass,90,1.5707963267948966,12.752009184845004,13.055364204617938,rubber_carpet,0.004171092833822316,0.2146108549115179,0.7770469571896698,0.004171095064989933,rubber_carpet,0.0038263808157482627,0.36259163411513473,0.6296416838376102,0.0039403012315067714
rubber_carpet,hourglass,90,1.5707963267948966,14.512055109070037,13.563464727643831,rubber_carpet,0.004536306145852961,0.12628001121299132,0.8646473764441418,0.004536306197014004,rubber_carpet,0.004181343480800612,0.24443582266406302,0.747144530140876,0.0042383037142603875
rubber_carpet,hourglass,90,1.5707963267948966,13.946039035591276,13.777139941319046,rubber_carpet,0.004714917212269474,0.09878361397488894,0.8917865515910699,0.004714917221771793,rubber_carpet,0.004448130346535042,0.17160971831947594,0.8194655408659728,0.004476610468016089
rubber_carpet,hourglass,90,1.5707963267948966,13.235361653272102,13.82408470468172,rubber_carpet,0.004757175783913871,0.09346429552482567,0.8970213529008306,0.004757175790429848,rubber_carpet,0.004602653065224456,0.1325370069221508,0.8582434468834017,0.004616893129222969
rubber_carpet,hourglass,90,1.5707963267948966,13.544202066590127,13.706722796275036,rubber_carpet,0.004653715038796608,0.10724031982653234,0.8834522500792236,0.0046537150554474705,rubber_carpet,0.004628184052010532,0.11988866337434158,0.8708478484813127,0.004635304092335219
rubber_carpet,hourglass,90,1.5707963267948966,10.360505166475315,13.267125908916954,rubber_carpet,0.004316202095632586,0.17383483967783148,0.8175327556496541,0.004316202576881776,rubber_carpet,0.004472193073821559,0.14686175152608652,0.8441903020654834,0.004475753334608498
rubber_carpet,hourglass,90,1.5707963267948966,4.329506314580941,12.203469830335502,rubber_carpet,0.003629439537923478,0.4214604117481957,0.5712801136741075,0.003630035039773124,rubber_carpet,0.00405081630587252,0.28416108163714116,0.7077352078697955,0.004052894187190812
rubber_carpet,hourglass,90,1.5707963267948966,7.398392652123995,11.541012884296466,grass,0.0032780492701339776,0.5889325139809264,0.404487151594519,0.0033022851544207204,rubber_carpet,0.0036644327880032486,0.43654679780903377,0.5561111797321572,0.003677589670805766
rubber_carpet,hourglass,90,1.5707963267948966,9.7910447761194,11.096568439852025,grass,0.0031291453556681775,0.6830740793722833,0.3104506041242551,0.0033461711477933316,grass,0.0033967890718357135,0.5598104385906586,0.43328089192820624,0.0035118804092995493
rubber_carpet,hourglass,90,1.5707963267948966,12.498277841561425,11.068376068376068,grass,0.0031230072872319103,0.6883724902836366,0.3051339741933236,0.003370528235807872,grass,0.0032598981795338125,0.6240914644371477,0.369207433060765,0.0034412043225537114
rubber_carpet,hourglass,90,1.5707963267948966,14.878300803673936,11.10907003444317,grass,0.003132006068801836,0.6806976375957965,0.3128336740147626,0.003336682320639052,grass,0.003195952124167824,0.6523945510164721,0.3410205535377638,0.0033889433215963816
rubber_carpet,hourglass,90,1.5707963267948966,15.67164179104478,11.300803673938,grass,0.0031860641191701206,0.6422193191363358,0.35132703378122926,0.003267582963264999,grass,0.0031910081216689713,0.6473069350764039,0.34617379365949646,0.0033282631424306893
rubber_carpet,hourglass,90,1.5707963267948966,14.788748564867968,11.473402219670875,grass,0.0032496924495425375,0.6044658052159143,0.3890004780091986,0.0032840243253444063,grass,0.0032203502856057546,0.6258863701461591,0.36758713583434754,0.003306143733887548
rubber_carpet,hourglass,90,1.5707963267948966,15.036739380022963,11.639239698941193,grass,0.003322332612705586,0.565684294119185,0.42765656846161,0.00333680480649954,grass,0.00327134144915567,0.595785332132672,0.39762185214797874,0.0033214742701935442
rubber_carpet,hourglass,90,1.5707963267948966,14.765786452353618,12.128715397372114,rubber_carpet,0.0035849713580394555,0.4411347494224421,0.5516943780131849,0.003585901206333691,grass,0.003428156403597563,0.518460040777557,0.4746581150805818,0.0034536877382636173
rubber_carpet,hourglass,90,1.5707963267948966,14.39609644087256,13.247225411404516,rubber_carpet,0.00430223263514897,0.17742913735725604,0.8139663968152261,0.004302233192368882,rubber_carpet,0.0038651945193732664,0.34794458906740655,0.644312255947904,0.0038779604653162497
rubber_carpet,hourglass,90,1.5707963267948966,14.206659012629162,14.003699451460646,rubber_carpet,0.004931238313964222,0.07534624624277693,0.9147912771277932,0.0049312383154656286,rubber_carpet,0.004398216416668745,0.21164541765509173,0.7795517665378486,0.004404599390390939
rubber_carpet,hourglass,90,1.5707963267948966,14.421354764638346,14.51817833907386,rubber_carpet,0.005578396987397557,0.04009330170163909,0.9487499043235476,0.005578396987415743,rubber_carpet,0.004988306702033151,0.1258693596783654,0.8641508354306981,0.004991498188903341
rubber_carpet,hourglass,90,1.5707963267948966,12.983926521239953,14.572139303482588,rubber_carpet,0.005662941379950374,0.03756076319551294,0.9511133540445751,0.005662941379961621,rubber_carpet,0.005325624040991762,0.08171506143693917,0.9076320947376366,0.005327219784432481
rubber_carpet,hourglass,90,1.5707963267948966,13.184845005740526,14.383977548156654,rubber_carpet,0.00538363480628465,0.047241755193654,0.9419909751937174,0.005383634806343874,rubber_carpet,0.005354629423638206,0.06447840831529658,0.924811534965677,0.005355427295388177
rubber_carpet,hourglass,90,1.5707963267948966,9.309988518943744,13.677127184589873,rubber_carpet,0.004628719992209526,0.11096948041806488,0.8797730795764762,0.004628720013249354,rubber_carpet,0.004991674707923866,0.08772394436668074,0.9022923072710767,0.0049920736543187655
rubber_carpet,hourglass,90,1.5707963267948966,4.785304247990815,12.56563337160352,rubber_carpet,0.003853454573211172,0.3276026729605473,0.6646903557771131,0.0038535166891284704,rubber_carpet,0.004422564640567519,0.20766330866361396,0.7834913315240947,0.004422795171723617
rubber_carpet,hourglass,90,1.5707963267948966,7.524684270952928,11.73096058170685,grass,0.003366685174230037,0.5433144018478283,0.449943378752132,0.003375534225809789,rubber_carpet,0.003894624907398778,0.3754888552557211,0.6167173551381133,0.0038991646987667035
rubber_carpet,hourglass,90,1.5707963267948966,10.12284730195178,11.215078453884423,grass,0.0031595920188694344,0.6598892620780911,0.3336678877786518,0.00328325812438752,grass,0.0035271084631341063,0.5176890586669062,0.47519262145838265,0.003591211411577112
rubber_carpet,hourglass,90,1.5707963267948966,12.161882893226176,10.966832504145936,grass,0.003104592668670344,0.7067526521979965,0.28664361075451994,0.0034991443788132226,grass,0.003315850565902225,0.6122208554324513,0.3809181161064513,0.003545177895195167
rubber_carpet,hourglass,90,1.5707963267948966,13.20206659012629,10.85521112386784,grass,0.003091305259980531,0.7256674963634729,0.2674997446654358,0.003741453711110757,grass,0.003203577912941378,0.6689441758979622,0.32420893038594356,0.003643315803152962
rubber_carpet,hourglass,90,1.5707963267948966,14.163030998851893,10.8265084832249,grass,0.0030891105467632457,0.7303099044131223,0.2627742496822488,0.0038267353578657136,grass,0.003146344229852312,0.6996270401555422,0.2934915900340962,0.003735025580509338
rubber_carpet,hourglass,90,1.5707963267948966,13.340987370838116,10.866181910958028,grass,0.0030922780753975705,0.7238689881736511,0.2693270784204705,0.0037116553304809338,grass,0.003119311152624941,0.7117480141645967,0.2814093342272833,0.003723340455495136
rubber_carpet,hourglass,90,1.5707963267948966,14.25947187141217,10.985584896032655,grass,0.003107549298713,0.703441828128253,0.28998076234587733,0.0034698602271566814,grass,0.0031134302256689704,0.7075949211464247,0.2856950482865803,0.0035966003413259087
rubber_carpet,hourglass,90,1.5707963267948966,13.931113662456946,11.499043245311904,grass,0.0032602328839080306,0.5986218657335303,0.39482756501843813,0.0032903363641236132,grass,0.0031868315547885005,0.6531083934399775,0.3402613066525092,0.0034434683527247607
rubber_carpet,hourglass,90,1.5707963267948966,14.242250287026408,12.549815027426968,rubber_carpet,0.0038434546449927693,0.3315873538020581,0.660725668103482,0.0038435234494673294,rubber_carpet,0.003515143099890634,0.49234787362101773,0.5004934873779955,0.003643495901096044
rubber_carpet,hourglass,90,1.5707963267948966,14.692307692307692,13.34621762979972,rubber_carpet,0.004372577425407793,0.16004763828623808,0.8312072065955034,0.004372577692850647,rubber_carpet,0.003943860262649214,0.32619775595362793,0.6658503469867495,0.004008036796973347
rubber_carpet,hourglass,90,1.5707963267948966,13.370838117106771,13.707105498150275,rubber_carpet,0.004654040970771162,0.10719278244446886,0.8834991355973884,0.004654040987371611,rubber_carpet,0.004298950616710188,0.2166952691990484,0.7746747412920689,0.004331038892172479
rubber_carpet,hourglass,90,1.5707963267948966,13.512055109070037,13.857124633244036,rubber_carpet,0.004787668401908339,0.08986958176839169,0.9005550814228032,0.004787668406896852,rubber_carpet,0.004543309509309264,0.15328242548372006,0.837614911357436,0.004559353649534666
rubber_carpet,hourglass,90,1.5707963267948966,13.600459242250286,13.901390483480036,rubber_carpet,0.004829550967704986,0.0852422614828323,0.905098636578277,0.004829550971185606,rubber_carpet,0.004686430238507126,0.1192623434832762,0.8713567739678566,0.004694452310360137
rubber_carpet,hourglass,150,2.6179938779914944,8.974741676234213,8.974741676234213,rubber_carpet,0.009595239606747784,0.11356635754817988,0.867243039876439,0.009595362968633173,rubber_carpet,0.009595239606747784,0.11356635754817988,0.867243039876439,0.009595362968633173
rubber_carpet,hourglass,150,2.6179938779914944,3.529276693455798,6.252009184845006,rubber_carpet,0.002574522352775527,0.48252613994903726,0.4897576835835994,0.025141654114587773,rubber_carpet,0.006084880979761657,0.29804624874860863,0.6785003617300193,0.017368508541610476
rubber_carpet,hourglass,150,2.6179938779914944,2.9678530424799083,5.157290470723306,grass,0.0018250800822111836,0.46192714067912555,0.29284297497052963,0.24340480426813355,rubber_carpet,0.003954980530986421,0.37998669471386715,0.4856716683502745,0.13038665640487204
rubber_carpet,hourglass,150,2.6179938779914944,2.657864523536165,4.532433983926521,cell_carpet,0.0016091347786391758,0.3531317306407139,0.18817834815627377,0.4570807864243732,grass,0.0027820576548127983,0.3665592126772905,0.3369250082532741,0.2937337214146226
rubber_carpet,hourglass,150,2.6179938779914944,3.2927669345579798,4.284500574052813,cell_carpet,0.0022209631890286762,0.3128595709635178,0.15863932249090473,0.5262801433565487,cell_carpet,0.0025015104219207373,0.33970939182040416,0.2477821653720894,0.41000693238558567
rubber_carpet,hourglass,150,2.6179938779914944,3.819747416762342,4.207041714504401,cell_carpet,0.0027583971314610275,0.3016521146178485,0.15094020314801454,0.544649285102676,cell_carpet,0.0026299537766908826,0.32068075321912637,0.19936118426005198,0.4773281087441308
rubber_carpet,hourglass,150,2.6179938779914944,5.119402985074626,4.337379038871576,cell_carpet,0.0019830746008801577,0.3209118471065127,0.1643041178853336,0.5128009604072734,cell_carpet,0.00230651418878552,0.32079630016281957,0.1818326510726928,0.4950645345757021
rubber_carpet,hourglass,150,2.6179938779914944,5.098737083811711,4.432548794489093,cell_carpet,0.0017277571274720953,0.33617435056450534,0.1753615987653427,0.48673629354267994,cell_carpet,0.0020171356581288077,0.3284853253636625,0.17859712491901775,0.49090041405919105
rubber_carpet,hourglass,150,2.6179938779914944,6.089552238805971,4.61666028830208,cell_carpet,0.0015772459454891905,0.3680189955708881,0.19994640539023684,0.43045735309338595,cell_carpet,0.0017971908018089991,0.34825216046727525,0.1892717651546273,0.4606788835762885
rubber_carpet,hourglass,150,2.6179938779914944,6.8300803673938,4.378364587319811,cell_carpet,0.0018505779078177768,0.32736779731404053,0.16892895320470877,0.5018526715734329,cell_carpet,0.0018238843548133879,0.3378099788906579,0.17910035917966804,0.4812657775748607
rubber_carpet,hourglass,150,2.6179938779914944,7.017221584385764,4.765914019645363,grass,0.0016002925990437505,0.3951429645730278,0.22286786426277502,0.38038887856515347,cell_carpet,0.0017120884769285692,0.36647647173184283,0.20098411172122155,0.4308273280700071
rubber_carpet,hourglass,150,2.6179938779914944,7.97129735935706,5.321852277076157,grass,0.0019372268406993014,0.4834153349889225,0.32452485453483454,0.1901225836355438,grass,0.0018246576588139348,0.4249459033603825,0.262754483128028,0.3104749558527754
rubber_carpet,hourglass,150,2.6179938779914944,7.8105625717566,5.894374282433983,grass,0.0023224312729524807,0.5062749978316577,0.43052984103876424,0.06087272985662556,grass,0.002073544465883208,0.46561045059602013,0.34664216208339615,0.18567384285470048
rubber_carpet,hourglass,150,2.6179938779914944,8.398392652123995,6.461666028830209,rubber_carpet,0.00274384493217338,0.4596191517943373,0.5228987446731637,0.014738258600325755,grass,0.002408694699028294,0.4626148011951787,0.4347704533782799,0.10020605072751312
rubber_carpet,hourglass,150,2.6179938779914944,9.14580941446613,7.05345069524174,rubber_carpet,0.003389146810781142,0.37626020008152977,0.6154288050090004,0.004921848098688604,rubber_carpet,0.002898920754904718,0.4194375006383543,0.5250996291936402,0.052563949413100865
rubber_carpet,hourglass,150,2.6179938779914944,9.021814006888636,7.487051919887741,rubber_carpet,0.004097445965735302,0.3083462902541133,0.6831946367472784,0.004361627032873053,rubber_carpet,0.00349818336032001,0.3638918954462338,0.6041471329704593,0.028462788222986958
rubber_carpet,hourglass,150,2.6179938779914944,10.23650975889782,8.057915550452865,rubber_carpet,0.0054894353953416995,0.22190184122144524,0.7671004471225416,0.005508276260671568,rubber_carpet,0.004493809377830855,0.29289686833383954,0.6856237900465004,0.016985532241829263
rubber_carpet,hourglass,150,2.6179938779914944,9.68427095292767,8.457328740910832,rubber_carpet,0.006911930327523869,0.1687482959897107,0.8174254677621648,0.006914305920600378,rubber_carpet,0.005702869852677362,0.23082258216177512,0.7515246289043327,0.01194991908121482
rubber_carpet,hourglass,150,2.6179938779914944,9.793340987370838,8.786579920908279,rubber_carpet,0.008483858603597882,0.1316684971145085,0.8513634107338508,0.008484233548042838,rubber_carpet,0.007093364228137622,0.18124553963814183,0.8014440198190917,0.010217076314628828
rubber_carpet,hourglass,150,2.6179938779914944,9.9150401836969,9.108559765276183,rubber_carpet,0.010501030058712502,0.10210702491593775,0.8768908603959148,0.010501084629434929,rubber_carpet,0.008797197143425061,0.1416762822770398,0.8391674401075033,0.010359080472031879
rubber_carpet,hourglass,150,2.6179938779914944,10.247990815154994,9.361525704809289,rubber_carpet,0.012529101023259739,0.08365818400722513,0.8912836029137559,0.012529112055759193,rubber_carpet,0.0106631490833424,0.11266723314213246,0.8652255215106296,0.011444096263895535
rubber_carpet,hourglass,150,2.6179938779914944,7.013777267508611,9.272994004337288,rubber_carpet,0.011767635688232143,0.08963989293377332,0.8868248162214898,0.01176765515650475,rubber_carpet,0.011215392385787273,0.1011535630379529,0.8760251688660597,0.011605875710200145
rubber_carpet,hourglass,150,2.6179938779914944,3.167623421354765,8.691797423140706,rubber_carpet,0.007986928253390223,0.14165395614387694,0.8423715411113477,0.007987574491385225,rubber_carpet,0.009601160319588749,0.12140375959091493,0.8591983549887037,0.009796725100792686
rubber_carpet,hourglass,150,2.6179938779914944,3.520091848450057,8.066717693583364,rubber_carpet,0.005516167778072127,0.22064867273812586,0.7683009554779764,0.00553420400582568,rubber_carpet,0.007558664048830438,0.1710262161645204,0.8137496552333401,0.0076654645533091835
rubber_carpet,hourglass,150,2.6179938779914944,3.392652123995408,7.4412552621507855,rubber_carpet,0.004010572306333141,0.31554801140770716,0.6761095496481393,0.004331866637820454,rubber_carpet,0.00578461817758179,0.24328711378611378,0.7449296024407397,0.005998665595564818
rubber_carpet,hourglass,150,2.6179938779914944,4.75889781859931,6.832631713228728,rubber_carpet,0.003112703396126959,0.4094859091444409,0.580829256569526,0.006572130889906214,rubber_carpet,0.004448660786854374,0.3263865114652773,0.6628794295051328,0.006285398242735516
rubber_carpet,hourglass,150,2.6179938779914944,5.168771526980482,6.330909554790151,rubber_carpet,0.0026356872493597254,0.4745174975894002,0.5023116424041889,0.020535172757051086,rubber_carpet,0.0035421740181070505,0.4004520045273388,0.582595535954661,0.013410285499893303
rubber_carpet,hourglass,150,2.6179938779914944,5.972445464982778,5.906365607858145,grass,0.0023304795074323846,0.5058814934907769,0.4325978289623805,0.059190198039410176,rubber_carpet,0.0029363267627697176,0.45316674900905785,0.5075966824585207,0.03630024176965174
rubber_carpet,hourglass,150,2.6179938779914944,7.138920780711826,5.597907896415359,grass,0.0021247534038023384,0.5049980474993508,0.3772234292907627,0.11565376980608413,grass,0.0025305400832860278,0.47908239825420434,0.4424100558746417,0.07597700578786794
rubber_carpet,hourglass,150,2.6179938779914944,7.026406429391504,5.239954075774971,grass,0.0018811747658271768,0.4734258438648373,0.3087053297439168,0.21598765162541866,grass,0.0022058574245566024,0.4762541210595208,0.37555769280927925,0.1459823287066433
rubber_carpet,hourglass,150,2.6179938779914944,8.072330654420208,5.357571118765149,grass,0.0019616949356387864,0.48729156542465685,0.33142746615679775,0.17931927348290666,grass,0.0020837761800976944,0.4817728432420888,0.35349257948303847,0.16265080109477498
rubber_carpet,hourglass,150,2.6179938779914944,7.455797933409873,5.834034953437938,grass,0.002282105510473419,0.5077606912500744,0.4200213153859895,0.06993588785346266,grass,0.002182940845285557,0.4947667672460816,0.386756947434514,0.11629334447411882
rubber_carpet,hourglass,150,2.6179938779914944,8.636050516647533,6.40247480545988,rubber_carpet,0.002693737844244717,0.4665933780581175,0.5136057090263805,0.017107175071257426,grass,0.002438339344765137,0.48068007265209955,0.4501813282304472,0.06670025977268812
rubber_carpet,hourglass,150,2.6179938779914944,9.042479908151549,7.030233448143896,rubber_carpet,0.0033577192318202187,0.3798256276191966,0.6117849564991173,0.005031696649865774,rubber_carpet,0.002898029288292678,0.43025285013564807,0.5309831423647823,0.03586597821127695
rubber_carpet,hourglass,150,2.6179938779914944,9.384615384615383,7.544202066590127,rubber_carpet,0.0042103626964508,0.2993831307730712,0.6919899015580266,0.004416604972451295,rubber_carpet,0.003554195992371739,0.36481799045435964,0.6114865219614045,0.020141291591864122
rubber_carpet,hourglass,150,2.6179938779914944,10.365097588978184,8.121571629034314,rubber_carpet,0.005687012585758064,0.2129135197900387,0.7756987416818383,0.005700725942365049,rubber_carpet,0.004620604289064902,0.28886575512219914,0.6935926318216215,0.012921008767114585
rubber_carpet,hourglass,150,2.6179938779914944,13.731343283582088,8.98367138665646,rubber_carpet,0.009652507191916931,0.11276491393252745,0.8679299547808006,0.009652624094754998,rubber_carpet,0.007136555740490916,0.2008153345273633,0.780761293301211,0.011286816430934791
rubber_carpet,hourglass,150,2.6179938779914944,5.133180252583238,8.760811327975508,rubber_carpet,0.008344862474283251,0.13432649463172328,0.8489833452156528,0.008345297678340689,rubber_carpet,0.007740709107387084,0.1675709145795433,0.814872319258432,0.00981605705463774
rubber_carpet,hourglass,150,2.6179938779914944,3.871412169919632,8.410256410256409,rubber_carpet,0.006719726798707568,0.17457953917548147,0.8119779457139125,0.006722788311898491,rubber_carpet,0.007230217953047326,0.17107522687751237,0.8134251324861722,0.008269422683268116
rubber_carpet,hourglass,150,2.6179938779914944,3.5797933409873712,7.911085597652762,rubber_carpet,0.0050697831424748084,0.24325318171482296,0.7465687420984003,0.005108293044301913,rubber_carpet,0.006150000547761067,0.20716420429616766,0.7799969372922863,0.006688857863785014
rubber_carpet,hourglass,150,2.6179938779914944,2.7462686567164183,7.387804566909044,rubber_carpet,0.003913086771572762,0.32396568805307396,0.6678056014304307,0.004315623744922641,rubber_carpet,0.005031543659666915,0.26556494617462084,0.7239012693613586,0.005502240804353829
rubber_carpet,hourglass,150,2.6179938779914944,3.327210103329506,6.797933409873708,rubber_carpet,0.0030735393605179355,0.4145345750019306,0.575406409143821,0.006985476493730724,rubber_carpet,0.004052541510092425,0.3400497605882757,0.6496538392525897,0.0062438586490422745
rubber_carpet,hourglass,150,2.6179938779914944,3.580941446613088,6.191095803036101,grass,0.002529059877340841,0.4881226288623468,0.4799702399532435,0.029378071307068834,rubber_carpet,0.0032908006937166327,0.4140861947253113,0.5648120396029166,0.017810964978055555
rubber_carpet,hourglass,150,2.6179938779914944,2.911595866819747,5.471871412169919,grass,0.0020396884603117514,0.49758037649219566,0.3534039029520968,0.14697603209539586,rubber_carpet,0.0026652445770141923,0.45583328560875347,0.4591079712775067,0.08239349853672571
rubber_carpet,hourglass,150,2.6179938779914944,3.979334098737084,4.762342135476463,grass,0.001599006150209429,0.39448984301411144,0.22229006524102035,0.38162108559465885,grass,0.0021321253636118103,0.42516156431143237,0.34069901825926346,0.23200729206569223
rubber_carpet,hourglass,150,2.6179938779914944,4.8300803673938,3.773312922566654,cell_carpet,0.018761989994861568,0.2510957542065581,0.11898300190249232,0.611159253896088,cell_carpet,0.010447057679236689,0.33812865925899527,0.2298410100808779,0.42158327298089016
rubber_carpet,hourglass,150,2.6179938779914944,5.811710677382319,3.8487051919887736,cell_carpet,0.012995875006842938,0.25866591657421434,0.1234367085684686,0.604901499850474,cell_carpet,0.011721466343039813,0.2983972879166048,0.17663885932467324,0.5132423864156821
rubber_carpet,hourglass,150,2.6179938779914944,5.810562571756601,4.064166347748436,cell_carpet,0.004736711484527297,0.28284831300204377,0.13849821867468634,0.5739167568387427,cell_carpet,0.008229088913783555,0.2906228004593243,0.1575685389996798,0.5435795716272124
rubber_carpet,hourglass,150,2.6179938779914944,7.357060849598163,4.48386273759408,cell_carpet,0.0016527910482977935,0.34477763272334,0.18179053025880368,0.4717790459695585,cell_carpet,0.004940939981040674,0.3177002165913322,0.16967953462924174,0.5076793087983854
rubber_carpet,hourglass,150,2.6179938779914944,7.316877152698048,4.991708126036484,grass,0.0017173333961584178,0.43547602737102953,0.26188278160812534,0.3009238576246869,cell_carpet,0.003329136688599546,0.37658812198118086,0.21578115811868354,0.40430158321153614
rubber_carpet,hourglass,150,2.6179938779914944,13.01836969001148,6.068503635667814,grass,0.002441299275812855,0.4976111492593222,0.45994534087018485,0.040002210594680024,grass,0.0028852179822062007,0.43709963562025156,0.3378632494944342,0.22215189690310808
rubber_carpet,hourglass,150,2.6179938779914944,4.773823191733639,6.2010460517923205,grass,0.0025363916448042554,0.48724581787170573,0.4815755417643369,0.028642248719153038,grass,0.0027108048135052287,0.4621727267459787,0.4097193956293856,0.12539707281113058
rubber_carpet,hourglass,150,2.6179938779914944,3.4087256027554527,6.25628268911851,rubber_carpet,0.002577766190880818,0.48211355595396266,0.49044095911342106,0.0248677187417354,grass,0.0026442855021930234,0.4721431413499707,0.4500801773714033,0.07513239577643299
rubber_carpet,hourglass,150,2.6179938779914944,3.1779563719862227,6.167240719479525,grass,0.002511622263204851,0.49016264707851936,0.4761103953511419,0.031215335307133826,grass,0.002577953882698938,0.48115289421424506,0.4630952863612727,0.05317386554178342
rubber_carpet,hourglass,150,2.6179938779914944,3.0964408725602754,5.974614108942467,grass,0.0023766018753793657,0.5030497513820896,0.4442440576238181,0.05032958911871295,grass,0.0024772778790391517,0.4921013227981673,0.4536696719925454,0.05175172733024819
rubber_carpet,hourglass,150,2.6179938779914944,2.6647531572904706,5.624952162265595,grass,0.0021428689287316745,0.5060424236255349,0.382255559169783,0.10955914827595042,grass,0.002310073403885413,0.4990718732118511,0.4179626155811642,0.0806554378030993
rubber_carpet,hourglass,150,2.6179938779914944,3.078071182548794,5.321342007909172,grass,0.001936877208458638,0.48335777781164807,0.3244262094535799,0.19027913552631331,grass,0.002123475306172026,0.4912148255117496,0.3711944125173721,0.13546728666470634
rubber_carpet,hourglass,150,2.6179938779914944,2.8771526980482207,4.823574435514733,grass,0.0016243013298918286,0.40566473643286516,0.23237991676909206,0.3603310454681509,grass,0.0018738883180319274,0.4484397809723074,0.3017871646432321,0.24789916606642864
rubber_carpet,hourglass,150,2.6179938779914944,3.967853042479908,4.451460645490496,cell_carpet,0.0016960997785382596,0.3393167079014565,0.1776927613639258,0.4812944309560794,grass,0.0017849940482850936,0.39387824443688196,0.23973996300357894,0.36459679851125404
rubber_carpet,hourglass,150,2.6179938779914944,4.2525832376578645,3.477484373006761,cell_carpet,0.07282962684467204,0.22190470348213306,0.1032995971721565,0.6019660725010383,cell_carpet,0.037307310446478566,0.3078914739595075,0.17151978008786772,0.48328143550614616
rubber_carpet,hourglass,150,2.6179938779914944,6.096440872560276,3.624441893098609,cell_carpet,0.03804012556982115,0.23669397683067017,0.11094174189680898,0.6143241557026996,cell_carpet,0.03767371800814986,0.27229272539508886,0.14123076099233836,0.5488027956044229
rubber_carpet,hourglass,150,2.6179938779914944,6.342135476463835,3.950376323510652,cell_carpet,0.007952576698086323,0.26952263891930833,0.1300553362722196,0.5924694481103858,cell_carpet,0.02281314735311809,0.2709076821571986,0.135643048632279,0.5706361218574043
rubber_carpet,hourglass,150,2.6179938779914944,7.195177956371985,4.3967342773312925,cell_carpet,0.0018030123481726577,0.33031974127911007,0.17106895660335314,0.49680828976936403,cell_carpet,0.012308079850645375,0.3006137117181544,0.1533560026178161,0.5337222058133843
rubber_carpet,hourglass,150,2.6179938779914944,7.359357060849598,4.870391631585662,grass,0.0016474438429909116,0.4141402026594249,0.24034680654671778,0.34386554695086635,cell_carpet,0.006977761846818143,0.35737695718878965,0.19685140458226694,0.4387938763821253
rubber_carpet,hourglass,150,2.6179938779914944,7.789896670493685,5.439852021941574,grass,0.00201790808992165,0.49503241421242555,0.3472736186884518,0.15567605900920103,grass,0.0044978349683698965,0.4262046857006076,0.2720625116353594,0.29723496769566315
