motion_type,surface,velocity,target_angle,time,aruco_x,aruco_y,aruco_theta,odom_x,odom_y,odom_theta,wheel_joint_fl,wheel_joint_fr,wheel_joint_bl,wheel_joint_br
straight,cell_carpet,0.2,0,0.2000265121459961,0.0040236614044815155,0.0031278069838003852,0.7558450535815355,4.061180350269184e-12,4.061187965307138e-12,0.0,0.0,-0.001,0.0,0.0
straight,cell_carpet,0.2,0,0.3999056816101074,0.0,0.0,0.0,0.019642961091154695,-8.055389792890242e-05,-0.0004397219878712715,-0.637,0.758,-0.697,0.821
straight,cell_carpet,0.2,0,0.6000082492828369,0.0,0.0,0.0,0.05545353316971267,-0.000247974620637873,-0.00031408713915135944,-0.405,0.463,-0.417,0.521
straight,cell_carpet,0.2,0,0.8000321388244629,0.0040236614044815155,0.0031278069838003852,0.7558450535815355,0.09431585912297336,-0.00023602736695831628,-0.00022689280081251563,-0.326,0.37,-0.4,0.395
straight,cell_carpet,0.2,0,0.9999954700469971,0.000345010457217354,0.0009717003101609722,0.02319799235078135,0.1342834608559488,-0.00017301792824383987,-0.00014813662274730074,-0.449,0.4,-0.349,0.32
straight,cell_carpet,0.2,0,1.1999926567077637,0.006498233974605916,0.0030907477962081042,0.755830694624794,0.1735327120298884,-0.00013703967445796616,-2.812720695367572e-06,-0.381,0.412,-0.292,0.433
straight,cell_carpet,0.2,0,1.399977684020996,0.04001754013941322,0.00017180118659798627,0.019188544016692066,0.21269533853812986,-0.00019895559916339043,-5.437926675021065e-05,-0.323,0.353,-0.306,0.407
straight,cell_carpet,0.2,0,1.5999445915222168,0.08081349236494295,0.001431504891877322,0.03273355641736336,0.2528094651329192,-0.000215024957272072,-7.03180173261044e-05,-0.322,0.363,-0.425,0.427
straight,cell_carpet,0.2,0,1.8000359535217285,0.12972604777121904,0.0006744872518584799,0.6852068647621726,0.29255609718080733,-0.0003944595701945185,-4.9691398930964105e-05,-0.331,0.402,-0.419,0.247
straight,cell_carpet,0.2,0,2.0003855228424072,0.1723022929920353,-0.001919695376496111,0.11442290344086492,0.3322796618809522,-0.0004143037419931849,-4.219081041791099e-05,-0.28,0.385,-0.327,0.401
straight,cell_carpet,0.2,0,2.2005677223205566,0.21645476685778936,-0.0036781198183330477,0.14906922672935616,0.37226456282772874,-0.0004628323403204706,5.906713456829675e-05,-0.348,0.397,-0.23,0.392
straight,cell_carpet,0.2,0,2.400379180908203,0.26171263998598737,-0.003912481879811802,0.15377204901693248,0.4120234931550196,-0.0004298293543114849,0.00027564662465491145,-0.317,0.377,-0.371,0.395
straight,cell_carpet,0.2,0,2.6000454425811768,0.3070253176373225,-0.004035729137178479,0.15817514216833267,0.45321771344789247,-0.0005452149753822832,0.0003497149326617351,-0.305,0.312,-0.382,0.371
straight,cell_carpet,0.2,0,2.800036668777466,0.3579658636235076,9.28289898289858e-05,0.13537683459896963,0.49257520534554194,-0.0004624886920180262,0.00046316132461029634,-0.352,0.351,-0.434,0.337
straight,cell_carpet,0.2,-3.141592653589793,3.0003714561462402,0.40145266470404806,-0.0016900791574617213,0.23754156378224886,0.5326575886002675,-0.00046624920028155324,0.0003590906677240657,-0.301,0.36,-0.289,0.441
straight,cell_carpet,0.2,-3.141592653589793,3.200059175491333,0.44668168754590776,-0.001109938553902845,0.23534499864408512,0.5333922160630176,-0.0008097604872152846,0.0008119386181837309,1.045,-1.093,0.956,-0.903
straight,cell_carpet,0.2,-3.141592653589793,3.4000303745269775,0.49305563831675364,-0.0003509175727668401,0.23907400583909552,0.5018120873556516,-0.0008657584479383329,0.0008531918407484353,0.469,-0.504,0.422,-0.471
straight,cell_carpet,0.2,-3.141592653589793,3.6003644466400146,0.5384640973207209,0.004460673050880104,0.17876602774475156,0.46461889810404694,-0.0009036037359011818,0.0007641223812138498,0.393,-0.357,0.306,-0.405
straight,cell_carpet,0.2,-3.141592653589793,3.800027370452881,0.5881196907822697,0.007054104304557329,0.18073070733986893,0.4269759361929026,-0.0009484693976568962,0.0009141340986781598,0.419,-0.478,0.389,-0.446
straight,cell_carpet,0.2,-3.141592653589793,4.000358819961548,0.6298366126448474,0.006337486417215932,0.16355135162835135,0.38870802115888375,-0.0011114085423731953,0.0008747560246974886,0.373,-0.353,0.316,-0.439
straight,cell_carpet,0.2,-3.141592653589793,4.200037717819214,0.6052733786277689,0.00781921197125468,0.1259657279781599,0.3500933864197073,-0.0011714375390559832,0.0009103838059782184,0.446,-0.367,0.339,-0.463
straight,cell_carpet,0.2,-3.141592653589793,4.400030136108398,0.5676071186907354,0.00044882684618163804,0.2983155071949556,0.3108435220030421,-0.0012825838583286507,0.0007003673958886146,0.436,-0.382,0.238,-0.409
straight,cell_carpet,0.2,-3.141592653589793,4.600374698638916,0.5247955438960068,0.003618401817888417,0.18609744648243212,0.27142122202419805,-0.0014760839713769596,0.0005212908785976083,0.372,-0.344,0.354,-0.309
straight,cell_carpet,0.2,-3.141592653589793,4.800560474395752,0.47838929545673714,-0.002573885413588606,0.23724635503780228,0.2321359781298834,-0.0016056599657817993,0.00040784448952096877,0.456,-0.367,0.414,-0.389
straight,cell_carpet,0.2,-3.141592653589793,5.000364542007446,0.4352305259091631,0.0011135781273934886,0.18267588144726854,0.19291640102269728,-0.0017188912582194232,0.00030096110986041393,0.419,-0.331,0.387,-0.407
straight,cell_carpet,0.2,-3.141592653589793,5.200384855270386,0.3916689304401748,0.0011143605605222762,0.6846852126238643,0.1529264565215371,-0.001727631668083398,0.00035627794720866687,0.415,-0.399,0.358,-0.464
straight,cell_carpet,0.2,-3.141592653589793,5.400033950805664,0.34538945354572315,-0.0038310362140129284,0.8226115928955365,0.11310901183731385,-0.0016610796039970377,0.00016126265250184277,0.445,-0.331,0.289,-0.345
straight,cell_carpet,0.2,-3.141592653589793,5.600360631942749,0.30051855766652036,-0.0013848240848465254,0.12404103521725834,0.07430083046563007,-0.0016202211517977315,0.00021189162413174108,0.454,-0.45,0.449,-0.257
straight,cell_carpet,0.2,-3.141592653589793,5.8000404834747314,0.2530716991345356,-0.0010616363774653137,0.1176708044646298,0.03488919039806921,-0.0017525314279625297,0.0001162591218130979,0.461,-0.34,0.424,-0.388
straight,cell_carpet,0.2,-3.141592653589793,5.999995946884155,0.20795525139713278,-0.00012118153684165245,0.058583045298369885,-0.006416829993273556,-0.0018006041359121512,7.500588513934484e-05,0.405,-0.266,0.319,-0.343
straight,cell_carpet,0.2,0,0.20000815391540527,0.0031984348185621903,0.0015809099117111702,0.7696573946802374,-7.220751260528235e-07,-7.217881357100917e-07,9.375735604475442e-07,0.189,-0.145,0.153,-0.188
straight,cell_carpet,0.2,0,0.3999819755554199,0.0,0.0,0.0,0.01879619936723248,-2.2065015341420557e-05,-0.0002737714724582261,-0.616,0.738,-0.748,0.742
straight,cell_carpet,0.2,0,0.5999910831451416,0.0,0.0,0.0,0.053078603355311574,2.5537949435684108e-05,-0.00029533566285845246,-0.324,0.422,-0.424,0.304
straight,cell_carpet,0.2,0,0.8000028133392334,0.0,0.0,0.0,0.09072155485579,3.608070734086987e-05,-0.00014907419443720672,-0.286,0.449,-0.334,0.359
straight,cell_carpet,0.2,0,0.9999899864196777,0.0,0.0,0.0,0.1284403216490116,4.918583514833112e-05,3.562779535145218e-05,-0.239,0.335,-0.399,0.318
straight,cell_carpet,0.2,0,1.199986457824707,0.0031984348185621903,0.0015809099117111702,0.7696573946802374,0.16759717999695203,9.648105413700351e-05,0.00017720140356382384,-0.248,0.31,-0.354,0.377
straight,cell_carpet,0.2,0,1.4000029563903809,0.01938885247636768,-0.00015052343054339223,-0.02815829980889789,0.2063482538851875,0.0002570009384682769,0.000313149568975384,-0.353,0.327,-0.341,0.328
straight,cell_carpet,0.2,0,1.6000027656555176,0.05690437556883299,-0.0012376475391887576,0.7356613699061019,0.24538594544042852,0.0003288594727521765,0.00036190339298523193,-0.415,0.416,-0.435,0.36
straight,cell_carpet,0.2,0,1.8000023365020752,0.09807487183042851,-0.00393559651173192,0.7094322453464501,0.28149552377306186,0.00032339827368036,0.00037877971654194653,-0.301,0.383,-0.325,0.322
straight,cell_carpet,0.2,0,2.0,0.14079009005995435,-0.004796829934317626,0.08444478989353355,0.3243320485799511,0.0003458210624502913,0.00035815309885122327,-0.314,0.36,-0.338,0.354
straight,cell_carpet,0.2,0,2.200028896331787,0.18569114678303983,-0.003579637554221249,0.6962613520418164,0.36448950333312113,0.0003080640916627024,0.0003759669959545773,-0.303,0.376,-0.35,0.339
straight,cell_carpet,0.2,0,2.3999786376953125,0.2309357289288887,-0.0050221302494088405,1.0097743159927743,0.4035503198081024,0.00034390713502994346,0.0004697243475558681,-0.333,0.351,-0.315,0.282
straight,cell_carpet,0.2,0,2.599987268447876,0.27553733441023176,-0.008505698487290603,0.1511993586315054,0.44339154501862355,0.0003856691526338354,0.0005081648608206617,-0.281,0.364,-0.378,0.349
straight,cell_carpet,0.2,0,2.799968957901001,0.32031964987538036,-0.008003464402034699,0.15573832061412285,0.4835857956888995,0.0004218262730534728,0.000731307338755367,-0.303,0.391,-0.272,0.356
straight,cell_carpet,0.2,-3.141592653589793,3.0000033378601074,0.3654840256588561,-0.0076160465596026294,0.5637269205265237,0.523184432664697,0.0004693716876730423,0.0007359952056407756,-0.319,0.324,-0.377,0.32
straight,cell_carpet,0.2,-3.141592653589793,3.2000133991241455,0.41080197638977606,-0.00773557771452138,0.5568503801020791,0.51902237240455,0.0005845855595206528,0.0008775687785269737,0.786,-0.782,0.802,-0.877
straight,cell_carpet,0.2,-3.141592653589793,3.399967670440674,0.46004334646809275,-0.006400625362495194,0.18404548279916416,0.4855260680827532,0.0006417108507888378,0.0008681930456737667,0.446,-0.424,0.421,-0.421
straight,cell_carpet,0.2,-3.141592653589793,3.5999808311462402,0.5073366192453537,-0.0008830993900283968,0.10946341437605012,0.4485020205158836,0.000475800400137748,0.0008541294462676384,0.448,-0.345,0.416,-0.316
straight,cell_carpet,0.2,-3.141592653589793,3.7999982833862305,0.5590507248605302,-0.0040073584108423765,0.18373368711791224,0.4105356652687965,0.0004297854160145282,0.000908508696453349,0.355,-0.368,0.378,-0.343
straight,cell_carpet,0.2,-3.141592653589793,4.000007629394531,0.5964942573517001,-0.002031103324417638,0.10936426577820807,0.37190298970062297,0.0003586834413096061,0.0007331824855111898,0.41,-0.357,0.287,-0.416
straight,cell_carpet,0.2,-3.141592653589793,4.1999945640563965,0.5991187554731865,-0.0017352168393348633,0.315321094395953,0.3328321280655292,0.0002556796760128429,0.0005025394198913623,0.4,-0.37,0.357,-0.332
straight,cell_carpet,0.2,-3.141592653589793,4.400011777877808,0.5622488543391391,-0.0015504760702363396,0.1364655434601392,0.2973052403131532,0.0001349451863531736,0.0004022190546826245,0.488,-0.326,0.472,-0.314
straight,cell_carpet,0.2,-3.141592653589793,4.599985599517822,0.5162368342118417,-0.003201680938140994,0.14993367250797782,0.25410632858606996,4.989346377832398e-06,0.00019032743342974761,0.396,-0.227,0.416,-0.377
straight,cell_carpet,0.2,-3.141592653589793,4.800003528594971,0.47245245709834705,-0.005448146201272042,0.19919367167700675,0.21535086384337743,5.143467554391589e-05,0.00032440045148831014,0.455,-0.437,0.406,-0.331
straight,cell_carpet,0.2,-3.141592653589793,4.999979734420776,0.4273744259335706,-0.0066537498573129294,0.1844676610943697,0.17902753340095007,0.0002154737512596748,0.00021376677243596033,0.361,-0.368,0.356,-0.436
straight,cell_carpet,0.2,-3.141592653589793,5.200014114379883,0.38393083100143954,-0.006329205712898134,0.16484709261871172,0.13635775108670978,0.00028711928910761736,0.00019595287479622957,0.432,-0.386,0.35,-0.303
straight,cell_carpet,0.2,-3.141592653589793,5.400007486343384,0.33782603596718586,-0.007476396565017029,0.5682334605587048,0.09707391432314293,0.00011029624145647999,0.0002662708915643668,0.421,-0.378,0.415,-0.364
straight,cell_carpet,0.2,-3.141592653589793,5.600003004074097,0.29190683948454393,-0.005854202279235221,0.9235761668762783,0.05674542904138522,-6.575120103836365e-06,0.00016876324150005752,0.443,-0.297,0.336,-0.328
straight,cell_carpet,0.2,-3.141592653589793,5.799999237060547,0.2471774428947094,-0.003705012414492892,0.07284620345423215,0.01805205624938256,-2.602453694817747e-05,0.00013407301963761295,0.468,-0.345,0.359,-0.385
straight,cell_carpet,0.2,-3.141592653589793,5.999980211257935,0.2040040113170013,-0.002874706794886217,1.0283322266067696,-0.022948608169400045,-6.554494925607116e-05,-9.938279674368233e-05,0.558,-0.429,0.395,-0.47
straight,cell_carpet,0.2,-3.141592653589793,0.20017766952514648,0.0,0.0,0.0,0.0,0.0,0.0,-0.092,0.117,-0.226,0.206
straight,cell_carpet,0.2,-3.141592653589793,0.400026798248291,0.00045891187166918757,-0.00042794078627933496,-0.04436121879575983,-0.01889013903241943,-0.00028759513062474526,-3.7502942167030125e-06,0.841,-0.713,0.586,-0.646
straight,cell_carpet,0.2,-3.141592653589793,0.6002779006958008,0.0,0.0,0.0,-0.05295596527167723,-0.0003785240492125562,1.9689044671200313e-05,0.468,-0.366,0.291,-0.362
straight,cell_carpet,0.2,-3.141592653589793,0.8000447750091553,0.0,0.0,0.0,-0.08985387634192032,-0.0003330596109537868,-0.00015282448701595087,0.517,-0.443,0.326,-0.366
straight,cell_carpet,0.2,-3.141592653589793,1.0000033378601074,0.00045891187166918757,-0.00042794078627933496,-0.04436121879575983,-0.12650854117192523,-0.0003757879682716749,-4.3128383350471346e-05,0.386,-0.413,0.351,-0.371
straight,cell_carpet,0.2,-3.141592653589793,1.2002975940704346,-0.00687670182684999,-0.0018240666312699383,-0.037393581027869605,-0.16532823655599138,-0.0004033349252527368,0.0001575123583669868,0.423,-0.445,0.416,-0.308
straight,cell_carpet,0.2,-3.141592653589793,1.4002728462219238,-0.04105886644788362,-0.0014973895733701448,-0.03486599732786755,-0.20446342612867774,-0.00043777207231893763,0.00013782331349985506,0.435,-0.418,0.331,-0.399
straight,cell_carpet,0.2,-3.141592653589793,1.6000449657440186,-0.0802886317237145,-0.0050902314121380465,0.041141069013701514,-0.24358923291795548,-0.0003870329545133766,0.00015282449054140803,0.508,-0.388,0.284,-0.393
straight,cell_carpet,0.2,-3.141592653589793,1.8000006675720215,-0.12206735956434032,-0.005463439559361738,-0.06058414580567331,-0.2832665801563588,-0.00048799659733236855,0.0001396984606299928,0.478,-0.271,0.312,-0.348
straight,cell_carpet,0.2,-3.141592653589793,2.0000550746917725,-0.16459124185688076,-0.0082431374876345,0.07694671858377344,-0.31944546006061725,-0.0005683548738834154,0.00021282919866968313,0.356,-0.34,0.233,-0.318
straight,cell_carpet,0.2,-3.141592653589793,2.2002532482147217,-0.21221731754503606,-0.009577480557173834,-0.048089701167791904,-0.3624220453241277,-0.000680374314388563,7.781860539693945e-05,0.477,-0.376,0.401,-0.357
straight,cell_carpet,0.2,-3.141592653589793,2.4002957344055176,-0.2560033442437233,-0.01112798547558086,-0.04555762422865561,-0.4018814034957022,-0.0007160795150910884,-4.031566270730469e-05,0.571,-0.392,0.25,-0.363
straight,cell_carpet,0.2,-3.141592653589793,2.6000454425811768,-0.2998634757270653,-0.008675036696276228,-0.0401635135301141,-0.4420027064632629,-0.0005911643671553356,-2.6252059469300814e-05,0.476,-0.298,0.363,-0.339
straight,cell_carpet,0.2,-3.141592653589793,2.800384998321533,-0.34466235794283895,-0.007893556425994375,-0.09891862254464406,-0.48189662987600623,-0.0005526513671599018,-8.625676633993321e-05,0.475,-0.4,0.347,-0.292
straight,cell_carpet,0.2,0,3.0002975463867188,-0.39563093735570404,-0.011973655654168913,-0.07743171316818115,-0.5183383099899286,-0.0005970662557972144,-1.8751471086373968e-06,0.269,-0.291,0.483,-0.386
straight,cell_carpet,0.2,0,3.2004055976867676,-0.43425664189088153,-0.008419603825474187,-0.1403506675785454,-0.5162438419659862,-0.00046583607979192986,-0.000494101224658773,-0.626,0.739,-0.805,0.821
straight,cell_carpet,0.2,0,3.400294542312622,-0.48417955187925477,-0.007769076384318119,-0.16257881323224424,-0.4818877205499438,-0.00038875615512611776,-0.0004912885045460504,-0.275,0.431,-0.37,0.421
straight,cell_carpet,0.2,0,3.600080728530884,-0.5289327137034121,-0.006583255837155966,0.42898031728351504,-0.4450467774842032,-0.00037030456441118284,-0.000417220206482982,-0.229,0.326,-0.408,0.453
straight,cell_carpet,0.2,0,3.8002724647521973,-0.5726854895535058,-0.0057821108757386,-0.16392184264139018,-0.41116659956527424,-0.00045580777125235963,-0.00045284799583879883,-0.252,0.412,-0.388,0.362
straight,cell_carpet,0.2,0,3.9999701976776123,-0.6049840038680048,-0.0061358217569924545,-0.19431470471106674,-0.3696259803664639,-0.0005086469239933989,-0.0004087820457387536,-0.281,0.334,-0.393,0.374
straight,cell_carpet,0.2,0,4.200050354003906,-0.5772504693112833,-0.00825374723314104,-0.12991386229321203,-0.33058388606433275,-0.0004934376225028394,-0.00028127205665194664,-0.25,0.3,-0.308,0.347
straight,cell_carpet,0.2,0,4.400253772735596,-0.5315936655727602,-0.008559149777249642,-0.11667024196010703,-0.29181552023612695,-0.0005920316291359992,-8.531919280108113e-05,-0.222,0.326,-0.329,0.444
straight,cell_carpet,0.2,0,4.600051403045654,-0.48996477768694124,-0.010720177027512101,-0.13194776523676446,-0.2525113753340941,-0.0005502636318775048,3.375264803935686e-05,-0.2,0.268,-0.317,0.335
straight,cell_carpet,0.2,0,4.800015211105347,-0.445069107308541,-0.010944924701141556,0.6561667859382094,-0.21333791537922786,-0.0005385651543128641,0.00017813897679637837,-0.296,0.24,-0.396,0.351
straight,cell_carpet,0.2,0,5.000000476837158,-0.4033007669263814,-0.011413332664519382,0.3282482552144178,-0.17409950811090302,-0.00048331724360042676,0.00023814368485693726,-0.222,0.265,-0.414,0.302
straight,cell_carpet,0.2,0,5.200276613235474,-0.35214938691771247,-0.00793186294999454,-0.09878777634202024,-0.1335486233024314,-0.00045979875299084153,0.00032065015788357537,-0.267,0.259,-0.24,0.308
straight,cell_carpet,0.2,0,5.400348901748657,-0.30735693785902357,-0.00874243373804856,-0.03996898762552961,-0.09418962628388894,-0.0005145652948274158,0.0004040942032901601,-0.267,0.27,-0.341,0.316
straight,cell_carpet,0.2,0,5.600323438644409,-0.2623668216639752,-0.011091188044319022,0.0285111244627691,-0.05355788853296317,-0.0004673897369680685,0.00042097052688474005,-0.16,0.22,-0.39,0.472
straight,cell_carpet,0.2,0,5.8000311851501465,-0.2171685037598537,-0.01038169298409386,0.023152423106282585,-0.015443480197914305,-0.0005322587209900054,0.00037502942359984734,-0.161,0.32,-0.378,0.269
straight,cell_carpet,0.2,-3.141592653589793,0.20025062561035156,0.0012399767700481817,-0.005584505570146225,0.055318267344203684,2.708722135480457e-12,-2.706163418353391e-12,0.0,0.16,-0.11,-0.042,-0.003
straight,cell_carpet,0.2,-3.141592653589793,0.39995479583740234,0.0,0.0,0.0,-0.017771712599338296,-0.00015376157384109582,-0.0001509493418209518,0.877,-0.76,0.728,-0.693
straight,cell_carpet,0.2,-3.141592653589793,0.6002309322357178,0.0001615043745459982,-0.0037878677611201117,-0.05001034330226528,-0.054071165308683666,-0.00018439690739098253,5.6254412261351515e-06,0.53,-0.398,0.404,-0.383
straight,cell_carpet,0.2,-3.141592653589793,0.8002612590789795,0.0,0.0,0.0,-0.09336080916884892,-0.00027177159541672945,-2.812720615915775e-06,0.525,-0.431,0.307,-0.425
straight,cell_carpet,0.2,-3.141592653589793,1.0004847049713135,0.0,0.0,0.0,-0.1328331644443625,-0.0002511817048630634,3.6565367826737886e-05,0.497,-0.426,0.262,-0.291
straight,cell_carpet,0.2,-3.141592653589793,1.2001140117645264,-0.0023562192925300485,-0.0055026302528346505,0.0719000615207986,-0.17245858986901613,-0.00019809254011751883,-0.0001115712523172902,0.494,-0.437,0.347,-0.359
straight,cell_carpet,0.2,-3.141592653589793,1.400278091430664,-0.041008657729561276,-0.010099800626493238,0.02165816246448679,-0.212761183845239,-0.0001153424297558707,-6.656772170163689e-05,0.571,-0.439,0.327,-0.255
straight,cell_carpet,0.2,-3.141592653589793,1.5999915599822998,-0.08634698708302115,-0.005519332329447402,-0.03649932644738718,-0.25242696796764824,-0.00020141466853304014,-0.00010782095808816976,0.447,-0.307,0.305,-0.357
straight,cell_carpet,0.2,-3.141592653589793,1.8000092506408691,-0.1302232399947961,-0.010055352120706185,0.020637777029368115,-0.29282049116829933,-0.0001585780604800675,-0.00023720610969796206,0.525,-0.437,0.354,-0.342
straight,cell_carpet,0.2,-3.141592653589793,2.0000243186950684,-0.17830555146263477,-0.00879691009591721,0.04061473312715169,-0.3322567509147591,-0.00011987440745426202,-0.0002803344936818166,0.619,-0.414,0.274,-0.356
straight,cell_carpet,0.2,-3.141592653589793,2.2002227306365967,-0.22452286397915755,-0.006635085294175502,0.3908678218703593,-0.37269859260446786,4.4719662849873436e-05,-0.0003225253040271206,0.48,-0.374,0.227,-0.354
straight,cell_carpet,0.2,-3.141592653589793,2.4000298976898193,-0.27135535545486567,-0.00927388122903966,0.3430431741719771,-0.4117688291797962,0.00020499884095436047,-0.0001997031671032899,0.474,-0.422,0.289,-0.303
straight,cell_carpet,0.2,-3.141592653589793,2.600253105163574,-0.3166486055180583,-0.00914706763926798,0.3497687312888129,-0.45235077359431575,0.00019656459256257516,-0.00027564662585977204,0.416,-0.303,0.359,-0.29
straight,cell_carpet,0.2,-3.141592653589793,2.8000314235687256,-0.36186765571142837,-0.008892082773164889,0.3569722208953797,-0.4915437184160338,0.00018635090877866783,-0.0003834675853551487,0.418,-0.427,0.429,-0.334
straight,cell_carpet,0.2,0,3.0002262592315674,-0.407159473675757,-0.004433481803805928,0.743893539701466,-0.5315228678187727,0.000178417071454,-0.0005278539108720035,0.427,-0.353,0.288,-0.33
straight,cell_carpet,0.2,0,3.20027232170105,-0.45074941170208305,-0.001479350319149475,-0.17676446703901458,-0.5326088097878603,3.013540378084007e-05,-0.0008991329987460496,-0.753,0.83,-0.997,1.042
straight,cell_carpet,0.2,0,3.4002883434295654,-0.49745992794005045,-0.0023156600881105716,-0.16165373695820542,-0.5004517686498744,4.149453402317333e-05,-0.0009150717457965845,-0.326,0.413,-0.493,0.442
straight,cell_carpet,0.2,0,3.600051164627075,-0.5413931578837485,-0.00032006924628980027,-0.18342895140321633,-0.46376031007564483,4.199724380176285e-05,-0.0008025629396472066,-0.198,0.33,-0.384,0.385
straight,cell_carpet,0.2,0,3.800274133682251,-0.5849900348043806,0.0005916455483699345,-0.2198697388852773,-0.425935001798132,6.440087172493881e-05,-0.0007041177283668041,-0.173,0.276,-0.323,0.376
straight,cell_carpet,0.2,0,4.00026798248291,-0.6223876868361697,0.002447595047999407,0.8697369502006879,-0.38836127836705875,0.00010971476300310375,-0.0006722402303687021,-0.242,0.358,-0.426,0.336
straight,cell_carpet,0.2,0,4.2002623081207275,-0.5961878867880483,0.000569501007851636,0.5244367123543676,-0.3495552050373345,0.0002083910531451615,-0.0007613097088633136,-0.284,0.397,-0.495,0.388
straight,cell_carpet,0.2,0,4.400231599807739,-0.5544797309582704,-0.002209779011197066,-0.16170107141598397,-0.31051029927196283,0.0001488688734001438,-0.0007256819179230416,-0.298,0.365,-0.374,0.387
straight,cell_carpet,0.2,0,4.599961280822754,-0.5098282289843604,-0.002144011768759224,-0.16258121291038188,-0.2713013631069633,0.00023306476403944006,-0.0006966171406438486,-0.271,0.278,-0.37,0.36
straight,cell_carpet,0.2,0,4.800034523010254,-0.46762272992666304,-0.0039861969819742216,0.4757122901122708,-0.23235395346613535,0.00014185534113510256,-0.0006919292733039181,-0.239,0.269,-0.408,0.349
straight,cell_carpet,0.2,0,5.000272750854492,-0.4240168744785568,-0.0057104349055158155,-0.13969718125328354,-0.1926953249448865,0.0001617670667269167,-0.0005531683959795221,-0.227,0.271,-0.441,0.437
straight,cell_carpet,0.2,0,5.200276851654053,-0.38019005617721224,-0.003594713034924757,0.7446496850786523,-0.15267498461406154,0.0002826954210005325,-0.0004247208216558374,-0.334,0.328,-0.391,0.352
straight,cell_carpet,0.2,0,5.400270223617554,-0.3328996446517757,-0.006665106936037557,-0.11437739109613651,-0.11271535923031256,0.0002564269576969388,-0.00032627559827396114,-0.217,0.406,-0.399,0.349
straight,cell_carpet,0.2,0,5.600360155105591,-0.2890762242969765,-0.010845500921948081,0.001575451633985675,-0.07289578198001218,0.0002544109561626491,-0.00030283625921325705,-0.199,0.279,-0.3,0.327
straight,cell_carpet,0.2,0,5.800281286239624,-0.24362432174507848,-0.008473300530451311,-0.030092574449931825,-0.032808369725584874,0.000224639272480732,-0.0003159622890923785,-0.245,0.321,-0.366,0.438
square,cell_carpet,0.2,0,0.20004010200500488,0.0026803438942496483,-4.219822861786793e-05,-0.03771694821797811,-6.849231351802043e-07,7.571333432432326e-07,-9.372802166202066e-07,-0.005,-0.419,0.436,0.062
square,cell_carpet,0.2,0,0.3998095989227295,0.0026803438942496483,-4.219822861786793e-05,-0.03771694821797811,0.01841655302541073,-0.00047442379203949114,-0.00021463659395105222,-0.965,0.562,-0.486,1.077
square,cell_carpet,0.2,0,0.5997564792633057,-0.0035700283187829474,0.00021142670313421819,0.855290013329282,0.052073628812317044,-0.0025869827715293003,-8.435513133470823e-05,-0.49,0.172,-0.162,0.681
square,cell_carpet,0.2,0,0.8000326156616211,0.0026803438942496483,-4.219822861786793e-05,-0.03771694821797811,0.08955571055957938,-0.004847962276026352,-0.00017152191264126204,-0.511,0.128,-0.127,0.647
square,cell_carpet,0.2,0,0.9998328685760498,0.0026803438942496483,-4.219822861786793e-05,-0.03771694821797811,0.1271576356831841,-0.00716613058522142,-0.00041802478250736394,-0.436,0.133,-0.111,0.59
square,cell_carpet,0.2,0,1.2000341415405273,0.0005163929809788304,-0.0002149910773876773,0.007317607787701796,0.16485882337565577,-0.009279198965398083,-0.0006579652545402673,-0.581,0.171,-0.121,0.664
square,cell_carpet,0.2,0,1.3997957706451416,0.03003777202487301,0.000593995145854162,0.06080218701025175,0.20367943297558716,-0.011554017789944249,-0.0005811094824139489,-0.499,0.138,-0.116,0.723
square,cell_carpet,0.2,0,1.6000242233276367,0.07316047716178664,0.0001352054958933674,0.6159505768421729,0.24215252968545847,-0.013725762774935923,-0.00048550818894164613,-0.571,0.149,-0.15,0.658
square,cell_carpet,0.2,0,1.800156831741333,0.11789192874776111,0.0008296680603394058,0.0186893724580936,0.28232954513259806,-0.016065832876583863,-0.0004245856743347008,-0.517,0.182,-0.126,0.567
square,cell_carpet,0.2,1.5707963267948966,2.000027656555176,0.16113885910163178,0.0016055161145875768,0.7417552107205008,0.30132034830380766,-0.017150980279727335,-0.0006532789313108932,-0.477,0.19,-0.1,0.691
square,cell_carpet,0.2,1.5707963267948966,2.2002010345458984,0.2042956389368904,0.002380708439878726,0.08688061835544175,0.3410981267457474,-0.0073065311113234555,-0.0007873075526546175,1.956,1.539,-1.391,-2.018
square,cell_carpet,0.2,1.5707963267948966,2.400022268295288,0.24636734659464687,0.002127438568375134,0.6476771248243289,0.34511451978148844,0.008181429517500283,0.0032065588223279887,1.51,1.541,-2.009,-2.047
square,cell_carpet,0.2,1.5707963267948966,2.600053071975708,0.29004636384228666,0.0030179559006955348,0.6089303003130309,0.34720454547345564,0.028452435691009914,0.006917671646501575,1.683,1.804,-1.932,-1.907
square,cell_carpet,0.2,1.5707963267948966,2.7999014854431152,0.33597372097703737,0.004088035165861897,0.6458266266821819,0.3489840023769089,0.05587826273486313,0.007689173663068576,1.408,1.513,-1.76,-1.813
square,cell_carpet,0.2,1.5707963267948966,3.0000338554382324,0.38151802068943896,0.005058479585567516,0.13889076123072824,0.3507545579286865,0.0858587821497862,0.009610941857613513,1.575,1.629,-1.815,-1.738
square,cell_carpet,0.2,1.5707963267948966,3.2001266479492188,0.3909642387838961,-0.009393845565173364,0.3632785456399347,0.35243314642829143,0.11940092330769492,0.010134985405027122,1.487,1.324,-1.871,-1.891
square,cell_carpet,0.2,1.5707963267948966,3.400010824203491,0.3927720286879187,-0.029505955207940956,0.3535957879643269,0.35385601025715513,0.15419517113996956,0.01051091183499871,1.417,1.58,-1.614,-1.674
square,cell_carpet,0.2,1.5707963267948966,3.6000447273254395,0.39391025691068743,-0.04874722494054094,0.45244755479182236,0.3554853500600617,0.1905566476761071,0.011115585806759296,1.399,1.632,-1.654,-1.591
square,cell_carpet,0.2,1.5707963267948966,3.799809455871582,0.39527766495973526,-0.07986854999135774,0.5380650083219765,0.3575313797518704,0.2280048898649324,0.011006837858511899,1.678,1.453,-1.714,-1.766
square,cell_carpet,0.2,-3.141592653589793,4.000030755996704,0.3963311228820552,-0.11023691667786532,0.5487143190068207,0.3584756909462741,0.26499201719136906,0.011376206556226521,1.46,1.451,-1.532,-1.932
square,cell_carpet,0.2,-3.141592653589793,4.199867248535156,0.3942379179817787,-0.14965759725229244,0.3543505784447893,0.34041232544491545,0.28359259122307723,0.010058112925977025,1.664,0.365,-0.401,-1.621
square,cell_carpet,0.2,-3.141592653589793,4.400153636932373,0.39730315813136674,-0.1845532754371112,0.13196917161818017,0.3054468706791902,0.29073486948652694,0.00980968417967245,1.363,0.289,-0.319,-1.395
square,cell_carpet,0.2,-3.141592653589793,4.599717855453491,0.39756140740504864,-0.2186248619483881,0.12390450031984407,0.2685844857492934,0.29822763254726553,0.00877191857144025,1.216,0.313,-0.4,-1.444
square,cell_carpet,0.2,-3.141592653589793,4.800008058547974,0.39787154190010143,-0.2552608219792655,0.11590584711567462,0.23800583662658092,0.3038580708381406,0.00842975031306261,1.191,0.205,-0.178,-1.04
square,cell_carpet,0.2,-3.141592653589793,4.999902009963989,0.39484674757100513,-0.29985531332671284,0.13583087886482428,0.19877045486036501,0.309938654622725,0.0078813477198139,1.078,0.058,-0.227,-1.069
square,cell_carpet,0.2,-3.141592653589793,5.199753999710083,0.3630927614259768,-0.30639331684838067,0.07283315252010664,0.1537785707957468,0.31662285002859847,0.007147340035623145,1.023,0.158,-0.403,-1.133
square,cell_carpet,0.2,-3.141592653589793,5.400007009506226,0.31949699269163856,-0.3142707142716327,0.09920310018359665,0.11513270974019418,0.3219553277176042,0.006313976465520333,0.995,0.124,-0.13,-1.307
square,cell_carpet,0.2,-3.141592653589793,5.600033283233643,0.2793658220386159,-0.3164918802652224,0.05668995381752473,0.08314281713792296,0.32545323680449434,0.006591450435923633,0.993,0.091,-0.04,-1.111
square,cell_carpet,0.2,-3.141592653589793,5.800114870071411,0.23654634769157612,-0.32125748216737343,0.017081702112853925,0.03926846635205255,0.33030307058668856,0.006443339152202781,0.915,0.153,-0.254,-1.068
square,cell_carpet,0.2,-1.5707963267948966,6.000049591064453,0.19308715324597997,-0.3247929656735198,0.7026700093027702,-0.000455753024300537,0.3345397815072307,0.006386157056582246,0.86,0.163,-0.115,-1.19
square,cell_carpet,0.2,-1.5707963267948966,6.2000298500061035,0.14961466321968048,-0.32829268088422436,-0.04712477121991199,-0.02138428353765018,0.3242713271394674,0.005670917363388685,-1.613,-1.318,1.4,1.419
square,cell_carpet,0.2,-1.5707963267948966,6.400080919265747,0.10324991075603229,-0.3302408371478417,-0.018322141262200664,-0.0259342672568188,0.31402164413339606,0.00347276716970912,-1.687,-1.687,2.04,2.022
square,cell_carpet,0.2,-1.5707963267948966,6.600050687789917,0.0611286829549369,-0.3306323636456894,1.0952442648156548,-0.02901696997063323,0.29830924509710655,-0.00011153619117105704,-1.4,-1.609,1.851,2.101
square,cell_carpet,0.2,-1.5707963267948966,6.800079584121704,0.012873077061478888,-0.3367307232175128,-0.06261455311746816,-0.03268938756046828,0.2752923483431242,-0.003185683089171963,-1.661,-1.399,1.894,1.649
square,cell_carpet,0.2,-1.5707963267948966,7.000057697296143,-0.032640008055159764,-0.33734083674160514,-0.0803858219213131,-0.03537747439141013,0.24848879878798882,-0.005206228883383256,-1.377,-1.619,1.787,2.01
square,cell_carpet,0.2,-1.5707963267948966,7.200050115585327,-0.04043756320663017,-0.3251586477902648,0.699687662568182,-0.03867532825610799,0.21878776304715325,-0.006540696570042002,-1.529,-1.448,2.104,1.716
square,cell_carpet,0.2,-1.5707963267948966,7.39986252784729,-0.04389990769009677,-0.3140220688126277,1.1201267841480378,-0.041775014278584086,0.1858677102724535,-0.0073522204946192375,-1.675,-1.343,1.871,1.892
square,cell_carpet,0.2,-1.5707963267948966,7.60003137588501,-0.046410753796004345,-0.2953308401212055,1.1129351659122735,-0.044224435549559835,0.15221329692218055,-0.008033471817452353,-1.411,-1.658,1.794,2.053
square,cell_carpet,0.2,-1.5707963267948966,7.800036668777466,-0.04746049783043449,-0.27021328481221146,-0.06663233585304629,-0.0476009965514811,0.11693142450097305,-0.008250869298276276,-1.534,-1.374,2.127,1.734
square,cell_carpet,0.2,0,0.19997072219848633,0.0,0.0,0.0,-7.630117574916606e-07,-6.783683796363071e-07,-9.371703820482136e-07,-0.106,-0.682,0.655,0.416
square,cell_carpet,0.2,0,0.4000425338745117,0.0,0.0,0.0,0.015622276704094424,-0.00042883480754829506,9.27799952804842e-05,-0.881,0.204,-0.252,1.218
square,cell_carpet,0.2,0,0.5999808311462402,0.0,0.0,0.0,0.05200457115625118,-0.004022858732864731,-0.00015931859399402268,-0.648,-0.025,0.03,1.057
square,cell_carpet,0.2,0,0.7999894618988037,0.0,0.0,0.0,0.08838289547253525,-0.0069441837636763926,-9.371703820100497e-07,-0.628,-0.013,-0.065,1.078
square,cell_carpet,0.2,0,0.9999709129333496,0.0,0.0,0.0,0.12527577136526832,-0.009991374058617386,0.0004957667252185917,-0.579,-0.008,-0.098,0.769
square,cell_carpet,0.2,0,1.19999098777771,0.014684470107243663,-0.0005320424501376458,-0.8313792148120291,0.16286023643849531,-0.013156906961956094,0.0005248194387651971,-0.587,0.089,-0.038,0.966
square,cell_carpet,0.2,0,1.39998197555542,0.04727270971448094,-0.002304690930739345,-0.7871553520881306,0.20113977364117086,-0.016274239266057977,0.000717880022994704,-0.533,0.035,-0.033,0.835
square,cell_carpet,0.2,0,1.600003957748413,0.08859624408289168,-0.001414966123310324,-0.772352341847464,0.24078785368744138,-0.019473700153139872,0.0006625858628137651,-0.584,0.045,0.0,0.899
square,cell_carpet,0.2,0,1.7999625205993652,0.13224947666691023,-0.0007395806097650615,-0.759258502512915,0.27983489225865815,-0.022519537473496665,0.0006475908514332954,-0.548,0.015,-0.047,0.822
square,cell_carpet,0.2,1.5707963267948966,2.000005006790161,0.17544944656730987,0.00027245977910059227,-0.20730503864162808,0.3191033054795895,-0.02526426750923133,0.0007356866355920227,-0.612,0.003,-0.055,0.727
square,cell_carpet,0.2,1.5707963267948966,2.199957847595215,0.21941070432358328,0.0013493092233519272,-0.18723452772625426,0.33737695041426546,-0.014617242054632718,0.0016354008542946302,1.88,1.469,-1.402,-1.951
square,cell_carpet,0.2,1.5707963267948966,2.3999407291412354,0.26372567581094186,0.003738173740346948,-0.7206758112888,0.341677598163696,-0.0014416040574337097,0.003856664845495454,1.855,1.658,-2.111,-2.083
square,cell_carpet,0.2,1.5707963267948966,2.5999510288238525,0.30803347097535977,0.0037247411930131646,-0.6599850237971762,0.3439729150518898,0.01780223550463067,0.008541400210758793,1.692,1.578,-2.147,-1.974
square,cell_carpet,0.2,1.5707963267948966,2.7999746799468994,0.35213952513372226,0.00508535577573091,-0.4294316931192447,0.3462912425209576,0.04185363757856536,0.010614908254675419,1.812,1.775,-1.736,-2.064
square,cell_carpet,0.2,1.5707963267948966,2.999992847442627,0.38465069518358974,0.0015212310828792014,-0.5257800234796577,0.3482924715625612,0.07171062693609914,0.012072599357782009,1.444,1.406,-1.789,-1.669
square,cell_carpet,0.2,1.5707963267948966,3.200007438659668,0.3879760149090715,-0.00936409732598889,-0.6182627590482906,0.35031964308870917,0.10404705802844477,0.013028789834708468,1.583,1.693,-1.624,-1.674
square,cell_carpet,0.2,1.5707963267948966,3.399996757507324,0.3919717414959167,-0.029160628708093606,-0.5186793806517069,0.35208213999196125,0.13941853747514388,0.01411624020370333,1.58,1.559,-1.683,-1.67
square,cell_carpet,0.2,1.5707963267948966,3.6000020503997803,0.39140722835808717,-0.05556120396662803,-0.473510070451379,0.3534998704059003,0.175402685447337,0.014201549587835613,1.509,1.532,-1.595,-1.54
square,cell_carpet,0.2,1.5707963267948966,3.800002336502075,0.3919185157513903,-0.08191514990982135,-0.6772890047675693,0.3549783843847834,0.21069040632038466,0.014320607923188292,1.484,1.612,-1.562,-1.62
square,cell_carpet,0.2,-3.141592653589793,4.000036239624023,0.3923981316943984,-0.11759629854955472,-0.5948953253852154,0.35649727267764225,0.24953560511142509,0.015280581970222184,1.532,1.771,-1.742,-1.884
square,cell_carpet,0.2,-3.141592653589793,4.199992895126343,0.3925311836867653,-0.15401555583802992,-0.6194071741331764,0.335491250685236,0.26779675891317734,0.014205299453404551,1.541,0.239,-0.281,-1.346
square,cell_carpet,0.2,-3.141592653589793,4.400004863739014,0.39272573962854146,-0.19186118919473286,-0.6109585756639779,0.30011293289374186,0.27489946874007354,0.013414082611698377,1.342,0.232,-0.46,-1.465
square,cell_carpet,0.2,-3.141592653589793,4.6000447273254395,0.39301173963009794,-0.22340699669025524,-0.9367899765827257,0.2633669831407418,0.2821354113285348,0.012638812261750794,1.217,0.232,-0.299,-1.32
square,cell_carpet,0.2,-3.141592653589793,4.799962759017944,0.39208240975086645,-0.267862878563057,-0.653280443587097,0.22521035347176316,0.2880035976178754,0.012063225018007176,1.165,0.131,-0.254,-1.212
square,cell_carpet,0.2,-3.141592653589793,4.99996542930603,0.37726852816505524,-0.2894969577702502,-0.7798836099483774,0.18700171386173117,0.29431033871919676,0.01149701773920803,1.196,0.145,-0.301,-1.197
square,cell_carpet,0.2,-3.141592653589793,5.1999969482421875,0.33759396551200693,-0.29528464153190426,-0.8220185211502726,0.14801058866085393,0.30020934783804204,0.011047055757654314,1.172,0.143,-0.039,-1.035
square,cell_carpet,0.2,-3.141592653589793,5.400054216384888,0.29633495027817597,-0.30200035795022506,-0.7748339683356382,0.11293155806418526,0.30480081513224866,0.010847386308629473,0.867,0.099,-0.098,-1.062
square,cell_carpet,0.2,-3.141592653589793,5.599984645843506,0.2503227243010868,-0.3092954168447166,-0.7533722140784184,0.07004551395984279,0.30982133039957244,0.01029993960388325,0.929,0.133,-0.191,-1.212
square,cell_carpet,0.2,-3.141592653589793,5.799976110458374,0.20255430763304944,-0.31448605156953624,-0.7575419080447278,0.030513489822807816,0.31419955474069633,0.009901544465040404,1.188,0.147,-0.124,-1.077
square,cell_carpet,0.2,-1.5707963267948966,6.000017166137695,0.16155563186626293,-0.3164216065451432,-0.7940159978082004,-0.00915052505403463,0.3181789005296213,0.00979749353408212,0.882,0.003,-0.081,-0.962
square,cell_carpet,0.2,-1.5707963267948966,6.2001471519470215,0.11696610716677547,-0.3177309386171804,-0.8366299431029796,-0.027137034610754063,0.3088788511290204,0.0077418294072294815,-1.457,-1.405,1.571,1.793
square,cell_carpet,0.2,-1.5707963267948966,6.400049448013306,0.07055228069840785,-0.3237693065033558,-0.8690770433893632,-0.031800952154635825,0.29867585481569375,0.0034573900849769745,-1.616,-1.54,2.017,1.985
square,cell_carpet,0.2,-1.5707963267948966,6.599991321563721,0.029936484214960424,-0.32209771588466907,0.24116971537469423,-0.035541015556310486,0.28185544326570855,9.840303339931494e-05,-1.675,-1.371,2.135,1.757
square,cell_carpet,0.2,-1.5707963267948966,6.799990653991699,-0.021527708594819228,-0.3262383296736775,-0.8765544274273943,-0.037809674655207286,0.259514838981535,-0.00234190618765788,-1.597,-1.674,1.794,2.047
square,cell_carpet,0.2,-1.5707963267948966,7.0000035762786865,-0.048753627804700106,-0.32110189071476347,0.26068010063480784,-0.04075368485746158,0.23369182743099898,-0.0020335976649898876,-1.369,-1.348,1.951,1.5
square,cell_carpet,0.2,-1.5707963267948966,7.200021982192993,-0.054167140920137136,-0.3099794198976049,-0.8819423300404801,-0.04353027929608622,0.20098411863720955,-0.0034692212065502645,-1.672,-1.665,1.829,1.64
square,cell_carpet,0.2,-1.5707963267948966,7.399953603744507,-0.06188034153624428,-0.2963788528973803,-0.2096881542830778,-0.046218111948430514,0.16772743184531824,-0.003944311632184179,-1.314,-1.573,1.776,1.769
square,cell_carpet,0.2,-1.5707963267948966,7.599928855895996,-0.053932089763563396,-0.26579895256071695,-0.9466690532558251,-0.04955813724868669,0.13385576710090435,-0.003914325869838253,-1.372,-1.386,2.054,1.608
square,cell_carpet,0.2,-1.5707963267948966,7.79992413520813,-0.05484684423988112,-0.23825118196083753,-0.14657938675376758,-0.05240228725239968,0.09762438210508761,-0.0042235526025356865,-1.585,-1.41,1.657,1.687
square,cell_carpet,0.2,-1.5707963267948966,7.999990701675415,-0.05833235689573596,-0.20957379956940606,-0.15694478198396794,-0.05510259142220399,0.060166877774066374,-0.00470425322702079,-1.494,-1.462,1.731,1.625
square,cell_carpet,0.2,0,0.20001006126403809,0.0,0.0,0.0,1.979900439189053e-05,-4.105415453964367e-05,3.467252041727126e-05,-1.141,-1.259,1.479,1.327
square,cell_carpet,0.2,0,0.4000685214996338,0.0,0.0,0.0,0.01662426691133735,-0.0037449917026819435,-0.000634406581735969,-1.528,0.083,0.347,1.912
square,cell_carpet,0.2,0,0.6000890731811523,4.009987151554206e-05,-0.0001245277898831859,0.03680753535096232,0.050620386596369686,-0.011983441339182499,-0.0011928984135413379,-1.129,-0.238,0.303,1.19
square,cell_carpet,0.2,0,0.8001077175140381,-0.003624306363300356,-5.5567982163384766e-05,0.7102065500334023,0.08794370721124714,-0.01952168474132293,-0.00010120605568704477,-1.096,-0.318,0.508,1.314
square,cell_carpet,0.2,0,1.000007152557373,-0.003624306363300356,-5.5567982163384766e-05,0.7102065500334023,0.12550172833896658,-0.02705634300316878,0.00013775321325088657,-1.058,-0.238,0.238,1.371
square,cell_carpet,0.2,0,1.2000126838684082,-0.003624306363300356,-5.5567982163384766e-05,0.7102065500334023,0.16388235571824028,-0.034287709578241454,0.00012744512871844943,-0.949,-0.231,0.246,1.216
square,cell_carpet,0.2,0,1.4001069068908691,0.015865000320136158,0.0021467558128069747,0.6733415877070998,0.19587854150001033,-0.040012496014440735,0.00043294070227969245,-0.975,-0.108,0.43,1.004
square,cell_carpet,0.2,0,1.6000254154205322,0.054633940422254,0.009539918442937542,0.8862049108725014,0.24149681479243745,-0.047406747436265384,0.0008808812469746595,-0.862,-0.033,0.215,1.17
square,cell_carpet,0.2,0,1.8000872135162354,0.10094620773796859,0.014099103099723634,0.09004924476549936,0.28092873577605054,-0.05305974469531055,0.0011339048212059624,-0.851,-0.077,0.124,1.108
square,cell_carpet,0.2,1.5707963267948966,2.0000267028808594,0.14264403363203954,0.017881096147309705,0.8205744811927171,0.32078321171466134,-0.05854493434941688,0.0011807612559142817,-0.841,0.006,0.111,1.064
square,cell_carpet,0.2,1.5707963267948966,2.2001218795776367,0.18373993919298176,0.022424249360677162,0.14418995958345016,0.3394845780248336,-0.05145374651279322,0.0027664222147392586,1.655,1.523,-1.756,-1.816
square,cell_carpet,0.2,1.5707963267948966,2.4000279903411865,0.229089249111194,0.02852026839951316,0.160008400358526,0.3433779190964135,-0.04306938056963755,0.008558614982356369,1.651,1.609,-2.23,-2.425
square,cell_carpet,0.2,1.5707963267948966,2.6001060009002686,0.2725810147401913,0.03344882679958747,0.6264239185232123,0.34681250392537494,-0.028949464865012986,0.013295121799451332,1.826,1.681,-2.033,-2.014
square,cell_carpet,0.2,1.5707963267948966,2.800168037414551,0.3166928219786974,0.03588258772666364,0.6190108591713357,0.3488362274315339,-0.009826522430623652,0.013551972820757506,1.424,1.674,-1.768,-1.664
square,cell_carpet,0.2,1.5707963267948966,3.0001327991485596,0.3639645883676483,0.04007018467784226,0.32399120733483017,0.3521241106920026,0.02151758545021304,0.015658382972618675,1.744,1.581,-2.028,-1.976
square,cell_carpet,0.2,1.5707963267948966,3.2001442909240723,0.3840437823082996,0.03561930732055622,0.2678300480534588,0.35352440255587886,0.0516208186958626,0.015826186570887156,1.651,1.635,-1.383,-1.795
square,cell_carpet,0.2,1.5707963267948966,3.400092124938965,0.3877502191407092,0.026524069995733354,0.48702332828194683,0.35560828118512555,0.08468135336792931,0.017029885752120277,1.436,1.681,-1.762,-1.678
square,cell_carpet,0.2,1.5707963267948966,3.6000208854675293,0.39053856599927816,0.0079629617054158,0.4441955165755004,0.3581072081243917,0.12079932552236827,0.017179880971265896,1.668,1.345,-1.798,-1.564
square,cell_carpet,0.2,1.5707963267948966,3.8000288009643555,0.39171850955041565,-0.01704069770023854,0.4324849822194974,0.3596244504715142,0.1575383392099256,0.01712738260656025,1.541,1.327,-1.446,-1.806
square,cell_carpet,0.2,-3.141592653589793,4.000100374221802,0.39218627488643315,-0.04339791432990346,0.4381416476761639,0.36063726940925644,0.19507129960538291,0.017484559780493403,1.592,1.655,-1.455,-1.725
square,cell_carpet,0.2,-3.141592653589793,4.2001166343688965,0.39283779109030326,-0.07555713999926074,0.2644025719416086,0.3405688810024427,0.21123819921919232,0.017051447544275435,1.444,0.361,-0.498,-1.708
square,cell_carpet,0.2,-3.141592653589793,4.400035619735718,0.3934376432962091,-0.10934665476395643,0.5643351628833654,0.30510760855038777,0.2195066957119554,0.016020239342970963,1.323,0.329,-0.31,-1.283
square,cell_carpet,0.2,-3.141592653589793,4.600030422210693,0.3931913968413464,-0.14473569107438516,0.19128591071110088,0.26818264524391744,0.22569016965222777,0.016304288684087353,1.15,0.136,-0.385,-1.392
square,cell_carpet,0.2,-3.141592653589793,4.800032138824463,0.3916708597108568,-0.18561361016310085,0.3231553309318745,0.23030947855836653,0.23187458495726937,0.016153358017337884,1.112,0.227,-0.378,-1.313
square,cell_carpet,0.2,-3.141592653589793,5.000048637390137,0.39323073202649106,-0.22539896394267028,0.20032297567915194,0.19228821627502238,0.237285531864728,0.016319288024549152,1.114,0.13,-0.138,-1.197
square,cell_carpet,0.2,-3.141592653589793,5.200122117996216,0.3701894878297331,-0.2352439042160855,-0.06915167345109069,0.15417196594521154,0.24208938411184358,0.015607760747986126,1.127,0.124,-0.227,-1.168
square,cell_carpet,0.2,-3.141592653589793,5.400014638900757,0.3272799248999235,-0.24634477537228033,0.17561632028371196,0.11433341331888533,0.24730614770857204,0.01434878108829344,1.084,0.232,-0.296,-1.331
square,cell_carpet,0.2,-3.141592653589793,5.600020885467529,0.2850981686199793,-0.2503881818424809,0.11581654204158198,0.07547796027524704,0.2517857436675073,0.014124736199759253,0.954,0.253,-0.204,-1.353
square,cell_carpet,0.2,-3.141592653589793,5.800044536590576,0.2418664031767559,-0.2543422962213905,0.07419801089635569,0.035224504263035,0.2555172444384277,0.014534392168256454,1.022,0.175,-0.175,-1.18
square,cell_carpet,0.2,-1.5707963267948966,6.000077247619629,0.19926858507061784,-0.25764290711978244,0.10353295904645288,-0.0026402174065148637,0.25898906313383996,0.01455782795350526,0.936,0.014,-0.163,-1.114
square,cell_carpet,0.2,-1.5707963267948966,6.200009346008301,0.15073606898821218,-0.26017255163075137,0.6296266029552783,-0.021450689588188757,0.2503835062110846,0.012866727041959493,-1.575,-1.51,1.896,1.753
square,cell_carpet,0.2,-1.5707963267948966,6.400103330612183,0.10913831856389322,-0.2598961594642401,0.7279366202215473,-0.024273718642103023,0.2431002479582652,0.007130168511858371,-1.611,-1.609,2.384,2.281
square,cell_carpet,0.2,-1.5707963267948966,6.600010395050049,0.06120672446992015,-0.261638274839102,0.019960702464255742,-0.02868998860524874,0.2284989931615186,0.0003888966795477164,-1.83,-1.559,2.065,2.155
square,cell_carpet,0.2,-1.5707963267948966,6.800039291381836,0.014948489859101022,-0.26579926703273227,0.023994807926346395,-0.03192517863433639,0.20581637056173588,0.00023427453249699054,-1.641,-1.569,1.908,1.776
square,cell_carpet,0.2,-1.5707963267948966,7.000015497207642,-0.023678234620182925,-0.26585818189286137,0.005129621584184008,-0.03555450441602072,0.1770958219167103,-0.0009248985807596907,-1.641,-1.295,1.811,1.799
square,cell_carpet,0.2,-1.5707963267948966,7.2000932693481445,-0.04572477029909228,-0.2602599510664789,0.7645879648234637,-0.03840003370047729,0.14682857168672098,-0.0011647866545427196,-1.389,-1.623,1.814,1.933
square,cell_carpet,0.2,-1.5707963267948966,7.400061130523682,-0.05018489750059263,-0.25296669147328066,0.03873507627004347,-0.042497008891870955,0.1145902385333486,-0.0020053168273055436,-1.748,-1.41,2.02,1.723
square,cell_carpet,0.2,-1.5707963267948966,7.6000657081604,-0.04861726246402964,-0.23100539947836146,-0.015259023683022233,-0.0461062151103762,0.08006112244557206,-0.002412923181094387,-1.606,-1.34,1.743,1.93
square,cell_carpet,0.2,-1.5707963267948966,7.800095319747925,-0.0545349227741968,-0.2078987950692524,-0.4006441304680354,-0.04903882489823687,0.043436256350734115,-0.0022302037944403955,-1.3,-1.476,1.516,1.983
square,cell_carpet,0.2,0,0.20003271102905273,0.0,0.0,0.0,0.0,0.0,0.0,0.641,0.776,-0.739,-0.825
square,cell_carpet,0.2,0,0.400038480758667,0.0020826787457750573,-0.000555770916577325,0.0029376238949249678,0.020733059482824265,-0.0003484043701368969,0.0002615286445947218,-0.176,1.335,-1.325,0.013
square,cell_carpet,0.2,0,0.6000192165374756,0.0,0.0,0.0,0.05711768111953064,0.0009801151756850604,0.00047243985241676376,0.064,0.902,-0.98,-0.168
square,cell_carpet,0.2,0,0.8000833988189697,0.0,0.0,0.0,0.09468062798148859,0.0017322794760086385,0.0003074603422780105,0.089,1.029,-0.949,-0.154
square,cell_carpet,0.2,0,1.000126838684082,0.0034598275921257082,0.00328301518097307,0.7182774455908818,0.13420081466085773,0.0024884534479527112,-3.187077862884524e-05,-0.013,1.015,-0.83,-0.196
square,cell_carpet,0.2,0,1.2001214027404785,0.0175020882224155,-0.0002198996446121093,0.00031226894326535914,0.1735143389171065,0.002645113372218469,-0.000343078455580962,0.05,1.0,-0.932,-0.116
square,cell_carpet,0.2,0,1.4000880718231201,0.05740595379746194,-0.002163011964384398,0.0017158962293186697,0.2133153992171137,0.002441067729953089,-0.00032714317157292797,0.056,0.956,-0.871,-0.087
square,cell_carpet,0.2,0,1.6001121997833252,0.10003574733428267,-0.004620358317361184,0.03666132513242448,0.25260996886559817,0.002031580474325341,-0.0004115063795543279,0.051,0.855,-0.931,-0.041
square,cell_carpet,0.2,0,1.8001139163970947,0.14771324829724497,-0.004454564944479711,0.027139964192566923,0.2906667680976194,0.0016993646224078493,-0.00019122435785823635,-0.058,0.81,-0.841,-0.171
square,cell_carpet,0.2,-1.5707963267948966,2.000619411468506,0.19250710902297194,-0.007898037372887412,0.07940827600373829,0.33228003882307755,0.0013936517751781743,-0.00010686076355156601,-0.055,0.912,-0.725,-0.044
square,cell_carpet,0.2,-1.5707963267948966,2.200054407119751,0.23593059708517913,-0.00916227930567981,0.12662256415945827,0.3480425058034944,-0.010802322939285819,-0.000514616764628148,-1.564,-1.669,1.846,1.481
square,cell_carpet,0.2,-1.5707963267948966,2.4000329971313477,0.2820494282762108,-0.004592168795373608,0.07798941254418951,0.35069441040550153,-0.022562471015655783,-0.0053174195597029544,-1.642,-1.366,2.236,1.881
square,cell_carpet,0.2,-1.5707963267948966,2.6000444889068604,0.3259003740255296,-0.007985913417982049,0.07325893453005922,0.3518686903694568,-0.04154491384148122,-0.008697027032250521,-1.484,-1.494,1.803,1.933
square,cell_carpet,0.2,-1.5707963267948966,2.8000717163085938,0.3719125129528959,-0.00043471323406685247,0.017596411286388947,0.3518354773580581,-0.06507307471312737,-0.008956623048768257,-1.739,-1.466,1.817,1.484
square,cell_carpet,0.2,-1.5707963267948966,3.0001163482666016,0.40339786958169704,0.0017544724737489359,0.09042257336143528,0.3519194750010253,-0.09679973061428969,-0.009911581764297073,-1.361,-1.602,1.677,2.022
square,cell_carpet,0.2,-1.5707963267948966,3.200061559677124,0.40783063500199895,0.015088962433147612,0.09414751510637531,0.3507152861002921,-0.12840432130827584,-0.010604120365536589,-1.614,-1.322,2.02,1.573
square,cell_carpet,0.2,-1.5707963267948966,3.400068759918213,0.40937871617651733,0.03132801189723661,0.0947204700467113,0.34934395380184435,-0.16287171495256825,-0.011491559987479139,-1.578,-1.172,1.698,1.773
square,cell_carpet,0.2,-1.5707963267948966,3.6001064777374268,0.41111313329384835,0.05822339973738244,0.10338983598696885,0.34833740164670035,-0.19800437231023438,-0.01160026259201178,-1.427,-1.528,1.638,1.791
square,cell_carpet,0.2,-1.5707963267948966,3.8000378608703613,0.41140306240262897,0.08642963676810123,0.1973494019075524,0.34638266369762594,-0.2342901935785005,-0.011707090643550327,-1.29,-1.685,1.781,1.707
square,cell_carpet,0.2,-3.141592653589793,4.000013113021851,0.41355212115881895,0.11808905491539645,0.16303142939650775,0.34410829330579185,-0.2714984683115641,-0.012192497661025016,-1.698,-1.438,2.017,1.682
square,cell_carpet,0.2,-3.141592653589793,4.200110197067261,0.41277226646886955,0.15561469748956008,0.16813550664991614,0.32268214836710796,-0.2865769009230317,-0.00998748996180136,-0.049,-1.562,1.666,0.22
square,cell_carpet,0.2,-3.141592653589793,4.400127649307251,0.4125954824569626,0.19077627824943044,0.2282665251867539,0.2867701314346678,-0.2907996316340752,-0.010382959443248116,-0.251,-1.161,1.185,0.355
square,cell_carpet,0.2,-3.141592653589793,4.600035190582275,0.4133650444570119,0.22847712250076674,0.1424660517780567,0.24922882294526252,-0.29400632851160485,-0.009860039060978508,-0.163,-1.042,1.57,0.496
square,cell_carpet,0.2,-3.141592653589793,4.800040245056152,0.4133650444570119,0.22847712250076674,0.1424660517780567,0.2109827770783829,-0.2970855476368004,-0.009510483693752732,-0.227,-1.119,1.215,0.144
square,cell_carpet,0.2,-3.141592653589793,5.000099420547485,0.39713707273708615,0.2882496869711959,0.28533079596656796,0.17224744854201962,-0.29957126149124375,-0.009806621992296934,-0.157,-0.993,1.216,0.024
square,cell_carpet,0.2,-3.141592653589793,5.200055360794067,0.3581563687097461,0.2919547260256489,0.36379372141865074,0.1325189759533973,-0.3016081853071447,-0.009153427369020941,-0.083,-0.987,1.259,0.204
square,cell_carpet,0.2,-3.141592653589793,5.400038957595825,0.31730341976073373,0.2960993459117233,0.362631606141726,0.09357000917680527,-0.3030553035429207,-0.008559262279742581,-0.131,-0.805,1.208,0.054
square,cell_carpet,0.2,-3.141592653589793,5.6001269817352295,0.27041719962332356,0.30041571876245543,0.630745882701662,0.053107366566147465,-0.30429760145576473,-0.008815110664202541,-0.017,-0.915,0.911,0.106
square,cell_carpet,0.2,-3.141592653589793,5.800112962722778,0.22574020619864188,0.3032364869287103,0.44031702627900376,0.013518796915354944,-0.3046848034154555,-0.008831979721099847,0.04,-0.886,1.099,0.158
square,cell_carpet,0.2,1.5707963267948966,6.000075101852417,0.18464696048233809,0.3072285838708545,0.11003017260788572,-0.026047797717850173,-0.3051248838363142,-0.0084899111067098,0.091,-0.817,1.108,0.173
square,cell_carpet,0.2,1.5707963267948966,6.2000932693481445,0.13764418268336126,0.30733859304152383,0.19493962190872988,-0.04169745984643215,-0.293892750395211,-0.007488989602952297,1.564,1.634,-1.678,-1.706
square,cell_carpet,0.2,1.5707963267948966,6.400072813034058,0.09698875096240833,0.31172478686195876,0.05256613312013625,-0.044030224053141415,-0.2841073856872876,-0.003276013609193971,1.701,1.656,-2.038,-2.427
square,cell_carpet,0.2,1.5707963267948966,6.600049734115601,0.053159568081880215,0.31328352397586406,0.8639085454294698,-0.04491498942485352,-0.2682010745981134,0.002935946350658438,1.659,1.64,-2.125,-2.359
square,cell_carpet,0.2,1.5707963267948966,6.800837993621826,0.0066669520819572226,0.3155027015661388,0.038417892248710506,-0.04566789737133954,-0.24527643269121396,0.0038902565327435835,1.665,1.646,-1.629,-1.827
square,cell_carpet,0.2,1.5707963267948966,7.000032663345337,-0.024443152318960715,0.3092842735261039,0.8566360377296498,-0.04623095035866,-0.21555194781467657,0.005675175289317375,1.402,1.52,-1.689,-2.0
square,cell_carpet,0.2,1.5707963267948966,7.200083494186401,-0.028383159279628423,0.2999353551681284,0.8676306863241049,-0.04638634524935349,-0.18491073259616336,0.00578860928498226,1.453,1.354,-1.678,-1.788
square,cell_carpet,0.2,1.5707963267948966,7.400053977966309,-0.025498063932548165,0.2842546648308365,0.01811833697225096,-0.04667089562478555,-0.15154338914729826,0.0069295218370723,1.782,1.58,-1.768,-2.106
square,cell_carpet,0.2,1.5707963267948966,7.6001105308532715,-0.029464596558401168,0.26482766726724916,0.0406764985629427,-0.04608327296001841,-0.11769183037597393,0.007777014841220767,1.375,1.709,-1.676,-1.835
square,cell_carpet,0.2,1.5707963267948966,7.8000922203063965,-0.03328765662808625,0.23182417922131487,0.03073026460418249,-0.045646345620096986,-0.08238337103454323,0.007617640439525472,1.544,1.454,-1.733,-1.869
square,cell_carpet,0.2,0,0.20024466514587402,-0.8841633668931299,-0.4906416145493093,-1.2791006043278017,3.0012226251915908e-06,4.25373612289448e-06,1.8749833029085144e-06,1.211,1.185,-1.324,-1.588
square,cell_carpet,0.2,0,0.3999805450439453,-0.0029398771925014944,-0.0034731624330302524,0.7686044939065098,0.01937199227852271,0.002428325801416567,-0.00014812353350585235,-0.087,1.608,-1.616,-0.434
square,cell_carpet,0.2,0,0.600039005279541,0.0013987392097045137,1.5705538844223987e-05,-0.003111144841803526,0.05562444322650303,0.007955120725385512,-0.0015562194832117581,0.356,1.286,-1.355,-0.576
square,cell_carpet,0.2,0,0.800072193145752,-0.0029398771925014944,-0.0034731624330302524,0.7686044939065098,0.09338909876017382,0.012894804818400149,-0.0020652644158698132,0.066,1.263,-1.087,-0.216
square,cell_carpet,0.2,0,1.000016450881958,0.0,0.0,0.0,0.13123591831250325,0.015915891073594028,-0.0032042730612516293,0.22,1.173,-1.16,-0.491
square,cell_carpet,0.2,0,1.2000799179077148,-0.0002580243485584832,-0.003939470418004465,0.04302866139525097,0.16994738016489327,0.019270810044223458,-0.00428139004935843,0.398,1.3,-1.084,-0.271
square,cell_carpet,0.2,0,1.4000988006591797,0.031349473966991614,-0.00805290144139259,0.04879716079334945,0.20924255794629443,0.021868065229845704,-0.004280452619375562,0.09,1.033,-0.812,-0.205
square,cell_carpet,0.2,0,1.6000776290893555,0.07313005443879772,-0.014748119835013618,0.11924029350332382,0.24735249613599572,0.023542491342140155,-0.004756665051655871,0.16,1.088,-1.105,-0.27
square,cell_carpet,0.2,0,1.8000447750091553,0.11852391394157707,-0.019615501236160293,0.08807093682143208,0.28759519642400655,0.02550050393798363,-0.0053697356674193945,0.099,1.143,-1.044,-0.314
square,cell_carpet,0.2,-1.5707963267948966,2.0000457763671875,0.16268577642077625,-0.01989524137639126,0.08733743494421914,0.32751287104809657,0.02690616024115705,-0.00577563332947589,0.103,1.06,-0.951,-0.271
square,cell_carpet,0.2,-1.5707963267948966,2.2000532150268555,0.20392152676461944,-0.029405252343639054,0.15011620160800127,0.34299494985132895,0.014986697090859334,-0.007237963364365264,-1.353,-1.31,1.597,1.331
square,cell_carpet,0.2,-1.5707963267948966,2.399991273880005,0.25072612229679586,-0.025987342373909372,0.10220105156478276,0.3460030425724023,0.003722426320332678,-0.008804295178366596,-1.677,-1.738,1.817,1.765
square,cell_carpet,0.2,-1.5707963267948966,2.6000540256500244,0.29370018777956275,-0.03395878071516867,0.16923088504185918,0.34711173788254224,-0.012675935800713911,-0.012194543086060439,-1.558,-1.441,1.853,2.05
square,cell_carpet,0.2,-1.5707963267948966,2.8001015186309814,0.3435236596970798,-0.031059422562667915,0.681474623156318,0.34693625465283173,-0.03463399370183459,-0.014479540771425284,-1.815,-1.375,1.878,1.66
square,cell_carpet,0.2,-1.5707963267948966,3.000062942504883,0.3849255929814647,-0.02470732179774171,0.05134336975596532,0.34682747491218446,-0.06298391491869755,-0.015332395170032802,-1.207,-1.311,1.655,1.919
square,cell_carpet,0.2,-1.5707963267948966,3.2001023292541504,0.39375360841894247,-0.02229077099260368,0.1701453613255473,0.3460291654223098,-0.0936761968649789,-0.016416708527065768,-1.487,-1.586,1.704,1.648
square,cell_carpet,0.2,-1.5707963267948966,3.400108575820923,0.398345859500255,-0.007179581957395709,0.1921432170244051,0.3449611216424105,-0.12690141429729979,-0.017515981103644454,-1.456,-1.41,1.881,1.8
square,cell_carpet,0.2,-1.5707963267948966,3.6000723838806152,0.3993348079637193,0.015920842454623385,0.10450796272491236,0.3437663484742215,-0.16172094291953276,-0.01730231462289996,-1.274,-1.191,1.61,1.751
square,cell_carpet,0.2,-1.5707963267948966,3.8000996112823486,0.40025754821931914,0.040835278810183395,0.14753634879939992,0.3419550601753652,-0.197330243520149,-0.018131670047398442,-1.59,-1.441,1.629,1.674
square,cell_carpet,0.2,-3.141592653589793,4.000054836273193,0.4002193782246391,0.06559166383380122,0.20350281547130072,0.3401017443739857,-0.2343521828875626,-0.01910906343325227,-1.537,-1.443,1.829,1.687
square,cell_carpet,0.2,-3.141592653589793,4.20011568069458,0.39996179608458976,0.09887379663744061,0.26111443596596684,0.31829492749215477,-0.249730822790396,-0.017484118647137538,0.118,-1.605,1.516,0.114
square,cell_carpet,0.2,-3.141592653589793,4.400047063827515,0.4007023186534183,0.13541155165466207,0.2361239215195461,0.282511852908602,-0.2536883213868743,-0.017460690350387515,-0.032,-0.986,1.363,0.301
square,cell_carpet,0.2,-3.141592653589793,4.6000776290893555,0.4004482812788293,0.17210042254322805,0.24835126678646402,0.24479661807945385,-0.2578792521039605,-0.016592894472832832,-0.188,-0.902,1.365,0.236
square,cell_carpet,0.2,-3.141592653589793,4.800078868865967,0.40021160770783604,0.2085327772614669,0.23669392202521508,0.20732361669300198,-0.2610619216123242,-0.01688809756902771,-0.062,-0.851,1.116,0.059
square,cell_carpet,0.2,-3.141592653589793,5.00003719329834,0.4002488208635248,0.24411613851028136,0.3482548212749179,0.16771997779437214,-0.2634123626637351,-0.016062459535713097,-0.127,-1.089,1.345,0.224
square,cell_carpet,0.2,-3.141592653589793,5.200073957443237,0.3678122101529028,0.2516944495788962,0.3635877012848333,0.12796441750379697,-0.26531703452840505,-0.015127149668376343,-0.187,-0.853,1.228,0.164
square,cell_carpet,0.2,-3.141592653589793,5.400046110153198,0.32346337486114546,0.25741034549287883,0.1941044246393296,0.08902384947573189,-0.2668474501067284,-0.01501093707305328,-0.038,-1.043,0.903,0.084
square,cell_carpet,0.2,-3.141592653589793,5.600064039230347,0.280502225268044,0.2609880382093759,0.23428389985301953,0.04973861516559982,-0.2679319589688505,-0.014942521415010426,0.03,-0.924,1.147,0.188
square,cell_carpet,0.2,-3.141592653589793,5.800084590911865,0.23808152072284464,0.265018431352676,0.194468948217157,0.01017763783070856,-0.2687030021822736,-0.014527338644977246,0.092,-0.803,0.991,0.108
square,cell_carpet,0.2,1.5707963267948966,6.00007438659668,0.1919776281544262,0.2678616135606945,0.7742043023084304,-0.03026170528789062,-0.2685547590780471,-0.014482352412800145,0.026,-0.803,1.005,0.049
square,cell_carpet,0.2,1.5707963267948966,6.200054407119751,0.14920924024582172,0.2666458397948718,0.18425812192670535,-0.04523503365385457,-0.2571641004221591,-0.012748466164503421,1.498,1.538,-1.875,-1.677
square,cell_carpet,0.2,1.5707963267948966,6.400391101837158,0.10254639917515007,0.26984248979286674,0.1588538603903253,-0.048401927885426264,-0.2458932975606501,-0.009420127385382376,1.64,1.846,-1.967,-2.063
square,cell_carpet,0.2,1.5707963267948966,6.599963665008545,0.05753029102302881,0.27279870970743403,0.6517432588876746,-0.049473462136041015,-0.22879759169596525,-0.005889059140155785,1.682,1.565,-1.858,-2.164
square,cell_carpet,0.2,1.5707963267948966,6.79996132850647,0.014094411766474801,0.27348250776024113,0.6199278688602836,-0.05054443491027585,-0.20591367850884734,-0.0035173795847315906,1.728,1.827,-1.76,-1.759
square,cell_carpet,0.2,1.5707963267948966,7.000049352645874,-0.02485975098249088,0.27654251680124575,0.07992583394523745,-0.050816830459335126,-0.17830966707179552,-0.002513370677175261,1.515,1.543,-1.684,-1.966
square,cell_carpet,0.2,1.5707963267948966,7.200021982192993,-0.03437842897778581,0.2658491719202594,0.05168368006100027,-0.05160955881339537,-0.14636058561250465,-0.0014755969108231626,1.444,1.583,-1.717,-1.878
square,cell_carpet,0.2,1.5707963267948966,7.400043249130249,-0.039068409892122846,0.2510995497390974,0.04283807325206562,-0.05117334221550796,-0.11339499724960102,-0.00026812213052697376,1.617,1.777,-1.893,-1.978
square,cell_carpet,0.2,1.5707963267948966,7.600109577178955,-0.0461101782461118,0.228574156640823,0.08390202599051416,-0.050749091916848364,-0.07869559725467125,0.00014531134325344863,1.388,1.475,-1.499,-1.962
square,cell_carpet,0.2,1.5707963267948966,7.80001974105835,-0.04046462049964478,0.20848089489157395,0.0301012541883105,-0.050654532551931496,-0.04276579942796063,0.00013218643634466294,1.548,1.604,-1.622,-1.67
hourglass,cell_carpet,0.2,-0.5235987755982988,0.19996070861816406,0.0014206721484650298,0.0005468499123222337,-0.046455317574646035,0.0,0.0,0.0,-0.995,-0.902,1.031,1.116
hourglass,cell_carpet,0.2,-0.5235987755982988,0.39995408058166504,-0.0007714818905181497,-3.788845542329611e-05,0.24450876794232002,0.016374667294807105,-0.009745605493906823,-0.0021404638086773703,-2.159,-0.817,0.875,2.785
hourglass,cell_carpet,0.2,-0.5235987755982988,0.5999875068664551,0.0,0.0,0.0,0.04399930340901717,-0.02855230236901643,-0.0039050219693890845,-1.362,-0.653,1.02,1.87
hourglass,cell_carpet,0.2,-0.5235987755982988,0.7999722957611084,-0.0007714818905181497,-3.788845542329611e-05,0.24450876794232002,0.07746167117191974,-0.05096413798699981,-0.005414608459622966,-1.337,-0.697,0.955,1.878
hourglass,cell_carpet,0.2,-0.5235987755982988,0.99997878074646,0.0,0.0,0.0,0.1041742999992695,-0.0704016576928774,-0.004413848262953789,-1.471,-0.687,0.933,1.419
hourglass,cell_carpet,0.2,-0.5235987755982988,1.1999928951263428,0.003960150444222765,0.0003235285923170461,-0.022040870991182127,0.13725146580163985,-0.09288722394090013,-0.002788948079500461,-1.223,-0.841,0.883,1.721
hourglass,cell_carpet,0.2,-0.5235987755982988,1.400019884109497,0.029979392145667,0.013188334845398275,0.017291762489277995,0.17266572230618973,-0.11625972152792033,-0.004270478183023715,-1.305,-0.697,0.904,2.178
hourglass,cell_carpet,0.2,-0.5235987755982988,1.600001335144043,0.06623487982472664,0.03729177676044326,-0.19197915695100293,0.20582506041421336,-0.13854792270880342,-0.004863632303454997,-1.468,-0.757,0.832,1.92
hourglass,cell_carpet,0.2,-0.5235987755982988,1.8000068664550781,0.10653253140966018,0.06295860145815249,0.07627363384655084,0.241745820675246,-0.1634711836271134,-0.0026446333554753995,-1.467,-0.901,0.723,1.84
hourglass,cell_carpet,0.2,-0.5235987755982988,1.9999871253967285,0.1439456607373594,0.0862411468204084,-0.034018585194792186,0.2751049168288635,-0.1860313679970336,-0.002888281208707155,-1.239,-0.643,0.759,1.826
hourglass,cell_carpet,0.2,1.5707963267948966,2.2002267837524414,0.1826694473472213,0.10906673478569265,0.09218025062151385,0.30806456387506986,-0.20783307758407119,-0.004618126019934707,-1.351,-0.672,0.893,1.985
hourglass,cell_carpet,0.2,1.5707963267948966,2.4005258083343506,0.218921821804954,0.13092022296793943,0.11563923523029256,0.32170783862599595,-0.20618351106895014,-0.0029679349071944847,1.51,1.624,-1.578,-1.313
hourglass,cell_carpet,0.2,1.5707963267948966,2.6000521183013916,0.2548369973129417,0.1558559222965307,0.014705032189738773,0.3239787546622661,-0.2028314813408709,-0.001285794186495881,1.921,1.944,-2.11,-1.865
hourglass,cell_carpet,0.2,1.5707963267948966,2.799964666366577,0.29584006927837325,0.17938948826141374,0.08561070723187349,0.32728259513936087,-0.1933505531586364,0.0041154132277710885,1.716,1.728,-2.153,-2.17
hourglass,cell_carpet,0.2,1.5707963267948966,3.0002567768096924,0.3317224498412623,0.2030077183600677,-0.013606016719455133,0.32992861112376015,-0.17962025670800943,0.008429031050182147,1.837,1.814,-1.928,-1.955
hourglass,cell_carpet,0.2,1.5707963267948966,3.200258255004883,0.36563122354476607,0.22061871418781032,0.03200100648303457,0.33292338688103074,-0.15667170732048327,0.009436724202571158,1.527,1.759,-1.825,-1.87
hourglass,cell_carpet,0.2,1.5707963267948966,3.399989366531372,0.3663699675193127,0.21674213719763302,-0.04687420801269586,0.33581563048240415,-0.12829837518169665,0.011020013469719595,1.811,1.529,-2.051,-1.889
hourglass,cell_carpet,0.2,1.5707963267948966,3.6000046730041504,0.3791556062458902,0.20751019301325352,0.0369147274330901,0.3380261344566061,-0.09472806136406112,0.012148685212818873,1.619,1.576,-1.662,-1.905
hourglass,cell_carpet,0.2,1.5707963267948966,3.8002285957336426,0.3761850820926965,0.19569893219670173,-0.0363207483419304,0.3405488377232617,-0.05727357585490958,0.012848022445360891,1.532,1.613,-1.762,-1.66
hourglass,cell_carpet,0.2,-2.6179938779914944,4.000052452087402,0.3777132883713882,0.17777276832016178,-0.03308117834419312,0.343014431962418,-0.021628545026216195,0.01300082774216118,1.661,1.375,-1.898,-1.894
hourglass,cell_carpet,0.2,-2.6179938779914944,4.199985980987549,0.3814610126811944,0.14979292521192134,-0.04166774645642286,0.32589533682594185,-0.013489804639992692,0.012863959176795933,0.627,-0.872,0.79,-0.694
hourglass,cell_carpet,0.2,-2.6179938779914944,4.3999645709991455,0.38521044892891443,0.12172832824985214,-0.016275075461429464,0.2958716043473616,-0.013407038507568414,0.012449605484844167,0.053,-0.888,0.748,-0.104
hourglass,cell_carpet,0.2,-2.6179938779914944,4.599977970123291,0.387108314650349,0.08794860216052675,-0.028471223098264928,0.2632178491255097,-0.014662905238979923,0.01173246152971295,-0.088,-0.902,0.891,-0.112
hourglass,cell_carpet,0.2,-2.6179938779914944,4.800015211105347,0.38994858842456587,0.05440310956903416,-0.03363479765078119,0.23044769110974114,-0.016746671481691622,0.010400378460124583,-0.45,-1.261,1.309,0.112
hourglass,cell_carpet,0.2,-2.6179938779914944,4.999974966049194,0.3891740203390993,0.02112337258984187,-0.014004612950328052,0.1980101189162122,-0.020852927396050908,0.009362669792050169,-0.259,-1.422,1.438,0.255
hourglass,cell_carpet,0.2,-2.6179938779914944,5.200345277786255,0.35866910659047413,0.021104594684045908,-0.04295012014801518,0.16742671631200914,-0.025521730271754667,0.007745686181281665,-0.462,-1.36,1.49,0.389
hourglass,cell_carpet,0.2,-2.6179938779914944,5.400049448013306,0.32342234760127386,0.020081865646860042,-0.05955047326835759,0.1305314833883419,-0.03361183587836594,0.005921607431153969,-0.309,-1.318,1.432,0.754
hourglass,cell_carpet,0.2,-2.6179938779914944,5.6000285148620605,0.29009395242353253,0.01654426878216486,0.01039420008298364,0.09608398479433541,-0.042338204457174206,0.005018969291606952,-0.618,-1.53,1.612,0.552
hourglass,cell_carpet,0.2,-2.6179938779914944,5.800226211547852,0.2508874981011865,0.020240627127149746,-0.03611500083590906,0.06205122120574694,-0.05274467646055317,0.0038848409142599218,-0.428,-1.399,1.817,0.878
hourglass,cell_carpet,0.2,-2.6179938779914944,5.999986886978149,0.21404415820522493,0.02377073248729955,-0.014798657162855347,0.028775430979317923,-0.06370166182345136,0.0022914918564129368,-0.637,-1.505,1.613,0.655
hourglass,cell_carpet,0.2,2.6179938779914944,6.20003867149353,0.17697221029630136,0.02837938936058465,-0.003034559869669523,-0.009321717140889724,-0.07715087087343139,0.002211826135830642,-0.559,-1.437,1.88,0.81
hourglass,cell_carpet,0.2,2.6179938779914944,6.400010585784912,0.13843529371322993,0.0347734705652028,-0.06381730887696578,-0.041130169052959215,-0.07561859882692726,0.0019793906464360897,0.924,0.118,-0.032,-0.892
hourglass,cell_carpet,0.2,2.6179938779914944,6.600002765655518,0.1001449646424688,0.041549894817676514,0.01138073521042722,-0.07827808686118232,-0.07054993888884578,0.0031050289891753624,1.055,0.112,-0.303,-1.115
hourglass,cell_carpet,0.2,2.6179938779914944,6.799936056137085,0.06128815845090416,0.05458480515508107,0.045384806359661786,-0.11248260766445006,-0.06452575454383444,0.00394482708028562,1.193,0.362,-0.415,-1.275
hourglass,cell_carpet,0.2,2.6179938779914944,7.0000081062316895,0.018842005696153546,0.06739063707793749,-0.008806846509798197,-0.14636465552163117,-0.057034965600793436,0.005517620621038499,1.462,0.388,-0.446,-1.381
hourglass,cell_carpet,0.2,2.6179938779914944,7.200031518936157,-0.018505511703084843,0.07709360609501664,0.4346503110774966,-0.18033704606052586,-0.04761477378749382,0.005532617743743761,1.624,0.64,-0.555,-1.643
hourglass,cell_carpet,0.2,2.6179938779914944,7.400022745132446,-0.060190967269099005,0.07209140061267957,-0.009522819032843882,-0.21407871669306963,-0.036027670435288456,0.007640701275208665,1.472,0.549,-0.435,-1.552
hourglass,cell_carpet,0.2,2.6179938779914944,7.599954843521118,-0.0950053412042291,0.07012550970200854,-0.15280393822703375,-0.24767664829823266,-0.023426294276240045,0.008103761437243274,1.569,0.581,-0.573,-1.765
hourglass,cell_carpet,0.2,2.6179938779914944,7.8000099658966064,-0.13845334291132583,0.06102750657450795,-0.20405291401353376,-0.28086942868724873,-0.009232415606109962,0.010793156883318902,1.483,0.622,-0.675,-1.83
hourglass,cell_carpet,0.2,2.6179938779914944,7.999966144561768,-0.1771748213310913,0.05090481308927558,-0.1321936033084749,-0.31530472514734514,0.006315283854972736,0.011026575450751377,1.664,0.762,-0.817,-1.824
hourglass,cell_carpet,0.2,-1.5707963267948966,8.200014114379883,-0.21561740794161088,0.04334221319006448,0.31258854345880466,-0.3491692715282846,0.02146488364214061,0.012815211540443967,1.437,0.561,-0.887,-1.865
hourglass,cell_carpet,0.2,-1.5707963267948966,8.399967670440674,-0.25041680670482386,0.033352022121205194,-0.5502304096501335,-0.36420694410813725,0.015594390275203457,0.011890888668526736,-1.524,-1.402,1.422,1.272
hourglass,cell_carpet,0.2,-1.5707963267948966,8.600039958953857,-0.28599055254941175,0.021053242256210913,-0.258399397270694,-0.3687882966455824,0.007319277524710538,0.01002728845385369,-1.695,-1.658,1.812,1.831
hourglass,cell_carpet,0.2,-1.5707963267948966,8.80001425743103,-0.33185507517428625,0.003928014196184271,-0.6175937841147275,-0.37274175112545926,-0.006146632608094199,0.006843948505086812,-1.464,-1.692,1.777,2.041
hourglass,cell_carpet,0.2,-1.5707963267948966,8.999999046325684,-0.36722452240728193,-0.00907033144242747,-0.29931911560964614,-0.3759930651142397,-0.02538616078723005,0.0035005566732539545,-1.616,-1.222,2.07,1.722
hourglass,cell_carpet,0.2,-1.5707963267948966,9.199963331222534,-0.39923211736908043,-0.01838414424236212,0.8370738658592035,-0.3791512561185001,-0.05159155741007196,0.00026991043615771926,-1.35,-1.577,1.992,1.791
hourglass,cell_carpet,0.2,-1.5707963267948966,9.399984359741211,-0.41212693059683375,-0.01449781822982521,-0.22872706307680424,-0.38294285442479614,-0.0801478697611114,-0.0006832013707111853,-1.699,-1.392,2.097,1.695
hourglass,cell_carpet,0.2,-1.5707963267948966,9.600040435791016,-0.4128021776956659,-0.002746370066702364,-0.28975006717724394,-0.3859047349702306,-0.11166521838525437,-0.0020720535772816746,-1.509,-1.561,1.618,1.876
hourglass,cell_carpet,0.2,-1.5707963267948966,9.80004334449768,-0.41316715497037587,0.017178953883725534,-0.28669065743361244,-0.3889995942038985,-0.1465993056224297,-0.0029510670819695023,-1.348,-1.375,1.85,1.754
hourglass,cell_carpet,0.2,-1.5707963267948966,9.999956846237183,-0.4179795776523198,0.04202576695475485,-0.2707658005588882,-0.3920511733478059,-0.18193000442563587,-0.0031056884743914173,-1.444,-1.474,1.933,1.584
hourglass,cell_carpet,0.2,0.5235987755982988,10.200010538101196,-0.41922777994785304,0.07066205052254637,0.804119039685731,-0.3947692813329266,-0.21826444759667105,-0.003975302351299642,-1.678,-1.589,1.873,1.837
hourglass,cell_carpet,0.2,0.5235987755982988,10.399976015090942,-0.41698918478384156,0.10383583174475383,0.7544395562146385,-0.3777783788519966,-0.22784489785240522,-0.004598447947960903,-0.436,0.855,-0.584,0.602
hourglass,cell_carpet,0.2,0.5235987755982988,10.600004434585571,-0.4276456901705927,0.13438346981080623,-0.5892570922231474,-0.34793380730533585,-0.22883121781512952,-0.004098058363070561,-0.037,0.934,-0.528,0.143
hourglass,cell_carpet,0.2,0.5235987755982988,10.800040483474731,-0.4189646595186202,0.1730599136810288,-0.2858160677977417,-0.3152660790543034,-0.22916145807533764,-0.0028329920526744753,0.222,1.038,-0.836,-0.114
hourglass,cell_carpet,0.2,0.5235987755982988,11.000061988830566,-0.42306058786526507,0.21102255178529733,0.6751601381325328,-0.2824250303085765,-0.2278713438595719,-0.0012970399834735385,0.245,0.988,-0.969,-0.209
hourglass,cell_carpet,0.2,0.5235987755982988,11.200026035308838,-0.4251140199884253,0.24118988254457224,-0.22507927634362584,-0.2527529233131281,-0.226077345854145,0.0003795621455856754,0.382,1.374,-1.236,-0.349
hourglass,cell_carpet,0.2,0.5235987755982988,11.400015115737915,-0.3911348943018746,0.24283348947368144,-0.25585407748334416,-0.21603090705563738,-0.22084741086262885,0.0022774331876039867,0.429,1.479,-1.448,-0.591
hourglass,cell_carpet,0.2,0.5235987755982988,11.600016117095947,-0.35882203406037433,0.24260106265032194,0.3883967308376425,-0.18212858899247633,-0.21348645425722898,0.0026129681735365465,0.482,1.25,-1.226,-0.655
hourglass,cell_carpet,0.2,0.5235987755982988,11.7999746799469,-0.31875936567830226,0.24217563757593052,0.5768374207174716,-0.14813201657636102,-0.20515285278128606,0.005589794322006656,0.502,1.466,-1.637,-0.806
hourglass,cell_carpet,0.2,-0.5235987755982988,0.19992375373840332,0.0,0.0,0.0,7.435216625439889e-07,6.996757376531715e-07,-9.374654665258997e-07,0.862,1.235,-1.315,-1.171
hourglass,cell_carpet,0.2,-0.5235987755982988,0.39998865127563477,0.0,0.0,0.0,0.014892633479821199,-0.0024508594686059593,-0.0007555927638996148,-1.122,0.483,-0.518,0.926
hourglass,cell_carpet,0.2,-0.5235987755982988,0.6000022888183594,0.0,0.0,0.0,0.04726397073836583,-0.0052722566680592775,-0.002282686873474474,-0.792,0.014,-0.026,0.857
hourglass,cell_carpet,0.2,-0.5235987755982988,0.8000233173370361,0.0007698602126894605,6.0549727966652256e-05,-0.30310256874847985,0.08143518573687283,-0.009600537757120081,-0.003985034572507753,-1.077,-0.118,0.31,0.986
hourglass,cell_carpet,0.2,-0.5235987755982988,0.9999549388885498,0.0,0.0,0.0,0.11518195765796199,-0.015117024488935316,-0.0051511484696761065,-1.195,-0.199,0.476,1.218
hourglass,cell_carpet,0.2,-0.5235987755982988,1.199988842010498,0.0024959679115421907,-2.1472343221085044e-05,-0.000803469377154753,0.14876190589864594,-0.022913629867952784,-0.0070961716086540335,-1.351,-0.369,0.572,1.459
hourglass,cell_carpet,0.2,-0.5235987755982988,1.3999404907226562,0.03903531102804758,0.004618478858926134,-0.41724470715419326,0.18299310877106503,-0.03341911386571561,-0.007985699110227165,-1.156,-0.346,0.635,1.533
hourglass,cell_carpet,0.2,-0.5235987755982988,1.5999596118927002,0.07591344476738826,0.005241196403147574,-0.2797948026704703,0.21651107869029182,-0.045021518937503974,-0.009763761098465938,-1.389,-0.457,0.593,1.574
hourglass,cell_carpet,0.2,-0.5235987755982988,1.7998924255371094,0.11603244852904393,0.011444904321396165,-0.264884050568854,0.2500001942294344,-0.057909810906184245,-0.010101181098356867,-1.26,-0.614,0.707,1.592
hourglass,cell_carpet,0.2,-0.5235987755982988,1.9998445510864258,0.15336208088628672,0.019880055889831383,-0.2688753000659564,0.2844854233908485,-0.07291148353248067,-0.011755433969225593,-1.471,-0.619,0.613,1.536
hourglass,cell_carpet,0.2,1.5707963267948966,2.1999146938323975,0.19313755284155085,0.03095643562162803,-0.23044228406148476,0.318155643782543,-0.08928321639781861,-0.011077808170062068,-1.419,-0.766,0.706,1.554
hourglass,cell_carpet,0.2,1.5707963267948966,2.4002137184143066,0.23006331487651033,0.0421283725841215,-0.28028215259864964,0.33485003112849476,-0.08543963390395404,-0.009940906955231,1.476,1.544,-1.612,-1.806
hourglass,cell_carpet,0.2,1.5707963267948966,2.599958658218384,0.27163997097001097,0.057527349218139734,-0.2346386090292369,0.339408548199433,-0.07753020997425686,-0.006553448017492887,1.931,1.775,-2.103,-2.021
hourglass,cell_carpet,0.2,1.5707963267948966,2.8000271320343018,0.30941559180473777,0.07192986853082586,-0.2334685468454666,0.34289206527641125,-0.06310680758003584,-0.004839937433660372,1.671,1.831,-1.748,-1.793
hourglass,cell_carpet,0.2,1.5707963267948966,3.0003411769866943,0.34666045485099156,0.0901151487059926,-0.327250565210184,0.3456825906383657,-0.04111611636793347,-0.0042606298189265274,1.608,1.706,-1.593,-1.938
hourglass,cell_carpet,0.2,1.5707963267948966,3.1998720169067383,0.3821826590195062,0.10561829107405526,-0.2763063539596067,0.34865584856326715,-0.013619019407754285,-0.0023276835211374133,1.551,1.694,-1.76,-1.825
hourglass,cell_carpet,0.2,1.5707963267948966,3.3999276161193848,0.38868808518085896,0.09486712835854624,-0.3507558832046933,0.3510536589838036,0.015340119311359451,-0.002108324530465373,1.726,1.586,-1.608,-1.818
hourglass,cell_carpet,0.2,1.5707963267948966,3.600003957748413,0.38976820370486676,0.08961146931819997,-0.35202862096369536,0.3527781427965553,0.047562139945980464,-0.0004724808856391132,1.59,1.757,-1.624,-1.791
hourglass,cell_carpet,0.2,1.5707963267948966,3.800036907196045,0.3959984974691002,0.0683835128873484,-0.28738050999056697,0.35543574396996924,0.08134948604873816,-0.00014999430429774203,1.522,1.465,-2.053,-1.767
hourglass,cell_carpet,0.2,1.5707963267948966,3.999891757965088,0.3992021394389041,0.03993043593021256,-0.3153231902082765,0.35720827525501797,0.11708058155108969,0.0005737313377669508,1.684,1.608,-1.657,-1.806
hourglass,cell_carpet,0.2,-2.6179938779914944,4.199982643127441,0.40365710153326984,0.013986843390149883,-0.3546632846274299,0.3584876124923073,0.1537923046234378,0.00161620960790863,1.666,1.7,-1.486,-1.995
hourglass,cell_carpet,0.2,-2.6179938779914944,4.3998939990997314,0.40204861927997027,-0.013540602199315799,-0.4506701231604312,0.34540089377049343,0.16716555028406985,0.00038529942730261904,0.634,-0.796,0.783,-0.857
hourglass,cell_carpet,0.2,-2.6179938779914944,4.599992752075195,0.4049950200032707,-0.04860210410784638,0.11170750681977945,0.3153982105169981,0.16747991195041073,-0.00022124147816134955,0.094,-0.677,0.72,-0.273
hourglass,cell_carpet,0.2,-2.6179938779914944,4.800339937210083,0.4105923422687409,-0.0888818052116972,-0.3752558156244532,0.28332329789921673,0.16680691067706166,-0.0015655480878262237,-0.084,-0.704,0.883,-0.079
hourglass,cell_carpet,0.2,-2.6179938779914944,4.999928712844849,0.41133847033126014,-0.12458366760323336,-0.37657988910006734,0.25020678853055756,0.16469010750653862,-0.0034685239287944505,-0.194,-0.879,1.283,0.091
hourglass,cell_carpet,0.2,-2.6179938779914944,5.199998140335083,0.40936030738250995,-0.15321314128553604,-0.3879496012131245,0.2179130029203928,0.16215218195859565,-0.00535268468772304,-0.373,-1.291,1.218,0.119
hourglass,cell_carpet,0.2,-2.6179938779914944,5.3999857902526855,0.3807260701087327,-0.15831959222267605,-0.45620164637896865,0.18396234483268362,0.15658893462517998,-0.006657493974039664,-0.24,-1.085,1.501,0.598
hourglass,cell_carpet,0.2,-2.6179938779914944,5.599984645843506,0.34520960884657254,-0.1599337447255439,-0.4062112835066892,0.14983928895054824,0.15023026031797823,-0.007726997503326864,-0.423,-1.412,1.234,0.478
hourglass,cell_carpet,0.2,-2.6179938779914944,5.799906253814697,0.3083145829519615,-0.16003547069726703,-0.39865004585094443,0.11558496755155448,0.14169161759188093,-0.008549025841354163,-0.419,-1.194,1.511,0.844
hourglass,cell_carpet,0.2,-2.6179938779914944,5.999947786331177,0.2736596575144007,-0.1640673849306183,-0.5569241517351285,0.08075544123147507,0.13233757894372938,-0.009661597258404696,-0.554,-1.53,1.576,0.436
hourglass,cell_carpet,0.2,2.6179938779914944,6.199825286865234,0.23645069750929104,-0.16022459997466543,-0.3806160670465444,0.04603538736647336,0.12063302728031304,-0.010085247440641052,-0.519,-1.233,1.858,0.605
hourglass,cell_carpet,0.2,2.6179938779914944,6.400049686431885,0.19459049591653718,-0.15866974930218025,-0.3801949816133785,0.011047331401227378,0.12182574559920935,-0.01128119091558351,0.98,0.288,0.0,-1.064
hourglass,cell_carpet,0.2,2.6179938779914944,6.599915981292725,0.15724190191055784,-0.14785457036760186,-0.4167173605646634,-0.023041988868528374,0.1270541681341127,-0.009874360191205986,1.273,0.319,-0.279,-1.235
hourglass,cell_carpet,0.2,2.6179938779914944,6.799883604049683,0.11787553421911147,-0.14344277810167633,-0.6116850248134901,-0.05717926896584924,0.13364230178554057,-0.009942781510353214,1.301,0.359,-0.472,-1.251
hourglass,cell_carpet,0.2,2.6179938779914944,6.999953985214233,0.07970700606707488,-0.1332416255003791,-0.36240842334545087,-0.09107732858522083,0.14218258044459667,-0.008140356939658198,1.245,0.475,-0.524,-1.627
hourglass,cell_carpet,0.2,2.6179938779914944,7.199949264526367,0.04127909332768251,-0.12238121993117962,-0.4401141051512667,-0.12501602152843894,0.1524527478094738,-0.007948206219444849,1.504,0.438,-0.597,-1.64
hourglass,cell_carpet,0.2,2.6179938779914944,7.399869441986084,-0.003143172241470482,-0.13031955961576253,-0.43194228025668047,-0.15749014324376875,0.16357071929921085,-0.005542971606876121,1.485,0.584,-0.553,-1.628
hourglass,cell_carpet,0.2,2.6179938779914944,7.599951505661011,-0.040839489835007736,-0.13566733795282288,-0.43311294275363676,-0.19262333423549627,0.17705873927391358,-0.005769815129836814,1.576,0.669,-0.605,-1.708
hourglass,cell_carpet,0.2,2.6179938779914944,7.7999489307403564,-0.08056642104248737,-0.14512574672495843,-0.4739754217846953,-0.22685798461246154,0.1919946735408894,-0.0030879339455478095,1.665,0.765,-0.697,-1.738
hourglass,cell_carpet,0.2,2.6179938779914944,7.999945163726807,-0.11824955565958253,-0.15287056858404963,-0.47980556567248567,-0.25977294675269286,0.20747859061439447,-0.003480710263205908,1.683,0.932,-0.711,-1.586
hourglass,cell_carpet,0.2,-1.5707963267948966,8.199954986572266,-0.15413385946840477,-0.16024169769622626,-0.504503133827704,-0.2942364049539854,0.22378782840505962,-0.0023886164249630488,1.738,0.742,-0.713,-1.886
hourglass,cell_carpet,0.2,-1.5707963267948966,8.400318145751953,-0.19811984619854653,-0.17682534874969852,-0.5049333983004932,-0.31037097524069646,0.2208484891071494,-0.0038491112092734325,-1.344,-1.36,1.718,1.374
hourglass,cell_carpet,0.2,-1.5707963267948966,8.599995374679565,-0.23536774745176117,-0.19151998367783768,-0.5371582941131954,-0.313477032198673,0.2140399236062323,-0.0077682398917285015,-1.711,-1.654,2.072,1.883
hourglass,cell_carpet,0.2,-1.5707963267948966,8.800360918045044,-0.27646405547015585,-0.20848701396349095,0.1880070449514735,-0.31769830381625636,0.20064104149492437,-0.011408656041508177,-1.66,-1.432,2.124,1.948
hourglass,cell_carpet,0.2,-1.5707963267948966,8.999927282333374,-0.30682040705429314,-0.21490750984521972,-0.5884207092661632,-0.3222030298934957,0.1795531440851567,-0.013118145704144138,-1.554,-1.472,1.714,1.662
hourglass,cell_carpet,0.2,-1.5707963267948966,9.199941158294678,-0.3461788371760228,-0.23115584142163298,0.7164474418673565,-0.32608248426036857,0.15444225052977806,-0.015973668563694247,-1.581,-1.323,2.069,1.809
hourglass,cell_carpet,0.2,-1.5707963267948966,9.399911880493164,-0.35529214138529286,-0.22933473465200277,-0.5608570094123705,-0.33025700581554884,0.12588892162674026,-0.016685870536209152,-1.653,-1.534,1.709,1.798
hourglass,cell_carpet,0.2,-1.5707963267948966,9.59996747970581,-0.3562424340241791,-0.21364260080634817,0.23123761391991168,-0.33415803563750834,0.09422109007089345,-0.018611545125177764,-1.519,-1.37,1.899,1.885
hourglass,cell_carpet,0.2,-1.5707963267948966,9.799945592880249,-0.360895021307283,-0.19514889586461287,-0.5618946077411185,-0.33792298292850587,0.06012443271761683,-0.01932649639628773,-1.421,-1.27,1.894,1.776
hourglass,cell_carpet,0.2,-1.5707963267948966,9.999932527542114,-0.36861793673197374,-0.17527162707540056,-0.5402257207807134,-0.34127747678583037,0.024784334612888426,-0.01931806325939174,-1.432,-1.578,1.733,1.744
hourglass,cell_carpet,0.2,0.5235987755982988,10.19992470741272,-0.37333111256527773,-0.1472584929988045,-0.5052057738687749,-0.3445146724593939,-0.012315377943260264,-0.01993929772867139,-1.544,-1.499,1.9,1.641
hourglass,cell_carpet,0.2,0.5235987755982988,10.400213956832886,-0.36914292721716924,-0.10745365921192229,-0.57584586913277,-0.3294978300667705,-0.024870671924179827,-0.01873148574311468,-0.489,0.947,-0.69,0.752
hourglass,cell_carpet,0.2,0.5235987755982988,10.600409030914307,-0.37596073922808226,-0.0784101815954073,0.5908032888665259,-0.29957630615200814,-0.025949877003454774,-0.01785066056401772,-0.034,0.823,-0.497,0.034
hourglass,cell_carpet,0.2,0.5235987755982988,10.799975633621216,-0.37574769882212433,-0.04048245402461409,0.5756996253713388,-0.2668559930133966,-0.026020041543707267,-0.01609080814267238,0.06,1.092,-0.867,-0.161
hourglass,cell_carpet,0.2,0.5235987755982988,10.999974012374878,-0.37901647950374096,-0.002349487519866411,-0.5530557339289626,-0.23388408932949614,-0.025217444428076552,-0.014706659866986263,0.312,1.011,-1.122,-0.304
hourglass,cell_carpet,0.2,0.5235987755982988,11.199875116348267,-0.38057343901749496,0.028901206868428675,-0.5294030767636877,-0.20140498332681506,-0.022441541517537855,-0.012021607262651146,0.533,1.379,-1.218,-0.509
hourglass,cell_carpet,0.2,0.5235987755982988,11.40035104751587,-0.3470368401784687,0.034205482384984165,-0.9230999348844592,-0.167246605880125,-0.0176151713074775,-0.010822875268123358,0.338,1.387,-1.612,-0.715
hourglass,cell_carpet,0.2,0.5235987755982988,11.599853038787842,-0.31643120307221606,0.030052487320074095,-0.48926027379897097,-0.13326861990336858,-0.011263223355763685,-0.008603389755655935,0.535,1.634,-1.457,-0.587
hourglass,cell_carpet,0.2,0.5235987755982988,11.799858808517456,-0.2797983357272925,0.030650914375786265,-0.4649397607248852,-0.0999617070527967,-0.0032580880209898966,-0.008182536250961698,0.502,1.588,-1.724,-0.772
hourglass,cell_carpet,0.2,0.5235987755982988,11.999867677688599,-0.24237861300112176,0.027805810009721155,0.39426162715036883,-0.06444413973396956,0.0069765668869072595,-0.006200064954586583,0.671,1.608,-1.36,-0.606
hourglass,cell_carpet,0.2,-0.5235987755982988,0.2000126838684082,0.0006817130318843567,0.0005266663211658251,0.014452469681756619,0.0,0.0,0.0,0.143,0.35,-0.56,-0.39
hourglass,cell_carpet,0.2,-0.5235987755982988,0.4000072479248047,0.0006817130318843567,0.0005266663211658251,0.014452469681756619,0.017461866342166288,-0.004268233532263299,-0.0012777783953857678,-1.466,-0.047,-0.036,1.594
hourglass,cell_carpet,0.2,-0.5235987755982988,0.5999822616577148,0.0018288222851825242,0.0019025881979694015,-0.036526082818989,0.04867976821733841,-0.01200873445811021,-0.004441645650826678,-1.255,-0.167,0.443,1.352
hourglass,cell_carpet,0.2,-0.5235987755982988,0.7999825477600098,0.0006817130318843567,0.0005266663211658251,0.014452469681756619,0.08159501107408626,-0.02086387106685525,-0.006544229000320832,-1.402,-0.524,0.514,1.464
hourglass,cell_carpet,0.2,-0.5235987755982988,1.0000641345977783,0.0006817130318843567,0.0005266663211658251,0.014452469681756619,0.11485840208908013,-0.0329684912559354,-0.008226793568753787,-1.249,-0.411,0.706,1.547
hourglass,cell_carpet,0.2,-0.5235987755982988,1.1999914646148682,0.00149910535757658,-0.0007453236935758834,0.6351609415280023,0.1482092026250804,-0.0449083908483128,-0.00982962427017835,-1.5,-0.582,0.656,1.738
hourglass,cell_carpet,0.2,-0.5235987755982988,1.3999812602996826,-3.180076729103801,1.91747271999245,1.1212939452478905,0.18226490175673019,-0.05959501499861858,-0.01067600705582673,-1.31,-0.471,0.702,1.638
hourglass,cell_carpet,0.2,-0.5235987755982988,1.5999517440795898,0.03062130938808394,0.0036885920544132977,0.07908401307238189,0.21255155180075555,-0.07290188631357919,-0.012490561707430563,-1.601,-0.603,0.735,1.853
hourglass,cell_carpet,0.2,-0.5235987755982988,1.7999582290649414,0.07084317218470587,0.01328409683835452,0.07903752470493688,0.2493783325082721,-0.09105852440657614,-0.012519616386129723,-1.188,-0.61,0.783,1.698
hourglass,cell_carpet,0.2,-0.5235987755982988,1.9999947547912598,0.1082682554432785,0.02534775389874261,0.11902978824300255,0.28381035353206274,-0.10965639692472173,-0.014545889558390441,-1.39,-0.691,0.849,1.914
hourglass,cell_carpet,0.2,1.5707963267948966,2.2006514072418213,0.1469215705454008,0.03783889101841764,0.12290760876927082,0.31719232854552426,-0.1282487101255751,-0.014551512729651349,-1.409,-0.688,0.626,1.622
hourglass,cell_carpet,0.2,1.5707963267948966,2.4000391960144043,0.22735891403175676,0.06828956605457914,0.05690633562199199,0.33109455388941333,-0.12443072180670273,-0.012760488184623164,1.409,1.52,-1.819,-1.622
hourglass,cell_carpet,0.2,1.5707963267948966,2.599982261657715,0.26445713966301426,0.08591783692526747,0.09402531103520721,0.3340358784393166,-0.11770101231952523,-0.007673756729687665,1.503,1.77,-2.097,-2.26
hourglass,cell_carpet,0.2,1.5707963267948966,2.8000502586364746,0.3030266732047754,0.10474714098092205,0.0673582772938861,0.3377725092072352,-0.10623837064435221,-0.0030392529230890905,1.853,1.828,-2.14,-2.117
hourglass,cell_carpet,0.2,1.5707963267948966,3.000013828277588,0.3404857841821749,0.12328694683975258,0.06412020013537684,0.3407371611928758,-0.08647267855736529,-0.0026145912225015305,1.511,1.63,-1.611,-1.805
hourglass,cell_carpet,0.2,1.5707963267948966,3.199981451034546,0.3774213496405373,0.1398981282755355,0.17423714722223663,0.34409174249790975,-0.05869828461266041,-0.002918323077004601,1.758,1.338,-1.853,-1.93
hourglass,cell_carpet,0.2,1.5707963267948966,3.3999924659729004,0.38204669947096903,0.13427669340818657,0.0869052193396326,0.3459749564055443,-0.031998449878459595,-0.0018524426238271455,1.556,1.651,-1.636,-1.729
hourglass,cell_carpet,0.2,1.5707963267948966,3.600144624710083,0.38773691083952033,0.12262737566528362,0.1070028656325469,0.34918871222157,0.0034665648324582465,-0.0012130931982934356,1.666,1.467,-1.872,-1.713
hourglass,cell_carpet,0.2,1.5707963267948966,3.7999789714813232,0.39098291527993523,0.10709049387967046,0.20041849202848114,0.35100899014188613,0.036599342912591926,-0.001323714221539006,1.777,1.513,-1.572,-1.896
hourglass,cell_carpet,0.2,1.5707963267948966,3.999971866607666,0.392784921276874,0.086039735754251,0.07700775402335105,0.3521044532216582,0.07168171809588364,-0.00028874434703629603,1.519,1.663,-1.622,-1.769
hourglass,cell_carpet,0.2,-2.6179938779914944,4.199981212615967,0.3947226974038617,0.057716777917190154,0.08706044193557813,0.3543262938675127,0.10834474248099797,0.00015093500647831055,1.437,1.512,-1.842,-1.753
hourglass,cell_carpet,0.2,-2.6179938779914944,4.399972915649414,0.3980776328343586,0.02762421204835802,0.040134656913428546,0.33671071671840724,0.11681003198590977,-0.0008409177312368749,0.51,-0.787,0.627,-0.731
hourglass,cell_carpet,0.2,-2.6179938779914944,4.59996223449707,0.3966228859943588,-0.0023195213852196805,0.013904540315339942,0.30664981777298683,0.11708983247236429,-0.0017183860096992645,0.095,-0.58,0.705,-0.19
hourglass,cell_carpet,0.2,-2.6179938779914944,4.800055265426636,0.3994337986208218,-0.03770598716335877,0.4842031236821316,0.2741874401156683,0.11616150794746284,-0.0025274086489265567,-0.193,-0.98,1.09,-0.078
hourglass,cell_carpet,0.2,-2.6179938779914944,5.0000104904174805,0.40181112666396795,-0.07516463060866502,-0.02772989203731893,0.2427183842980248,0.11463299630660484,-0.00377513845375195,-0.295,-1.181,1.154,0.119
hourglass,cell_carpet,0.2,-2.6179938779914944,5.199996471405029,0.40215204542304633,-0.11170458878486567,0.04236299205866728,0.211256792973718,0.11098165418882025,-0.004910351907375907,-0.303,-1.278,1.259,0.434
hourglass,cell_carpet,0.2,-2.6179938779914944,5.399980306625366,0.3756388667373758,-0.11560345723352755,0.004546908184129922,0.17490322916084147,0.10541916017746342,-0.005998671752417549,-0.406,-1.334,1.384,0.423
hourglass,cell_carpet,0.2,-2.6179938779914944,5.6000401973724365,0.3387203861294361,-0.11791405480371636,0.01757400604302939,0.1404905593510045,0.09775614977913546,-0.008420823544993121,-0.518,-1.244,1.734,0.595
hourglass,cell_carpet,0.2,-2.6179938779914944,5.799987077713013,0.30426531200083934,-0.12063081019939575,0.09740846290516116,0.10532237716818985,0.08903312742756474,-0.008720771612782618,-0.7,-1.185,1.637,0.309
hourglass,cell_carpet,0.2,-2.6179938779914944,5.99997878074646,0.26682047087105376,-0.11902346103850253,0.10699091228122755,0.07136227798133019,0.07906651840050258,-0.01152518407063358,-0.723,-1.137,1.845,0.704
hourglass,cell_carpet,0.2,2.6179938779914944,6.2000415325164795,0.2291948972747092,-0.10756028017181724,-0.03986909001870162,0.03658588922530526,0.06765452399502114,-0.011964761925826538,-0.823,-1.256,1.69,0.584
hourglass,cell_carpet,0.2,2.6179938779914944,6.400007009506226,0.19153600964001197,-0.10578125597022886,0.008431346013635765,0.00583624595401111,0.06946806672759268,-0.010884085203821219,0.964,0.121,-0.006,-1.068
hourglass,cell_carpet,0.2,2.6179938779914944,6.600069284439087,0.15040293800725993,-0.09919058939693853,-0.03398640445679907,-0.032246303094456114,0.07445072646910941,-0.010614145779427826,1.146,0.294,-0.347,-1.207
hourglass,cell_carpet,0.2,2.6179938779914944,6.799990653991699,0.11293233679812671,-0.0901188390018795,0.026650043835673237,-0.0662075740653478,0.08101850187286677,-0.009116325015415677,1.381,0.44,-0.26,-1.266
hourglass,cell_carpet,0.2,2.6179938779914944,6.9999823570251465,0.07401643623397695,-0.08062005162214969,0.6594960774705594,-0.10003333201595749,0.08949820342035264,-0.008721708947322982,1.484,0.388,-0.559,-1.561
hourglass,cell_carpet,0.2,2.6179938779914944,7.200340986251831,0.03535216567195071,-0.07019319349198627,0.0017127804040988348,-0.13094942824831207,0.09954213339939433,-0.007445041253987962,1.355,0.541,-0.381,-1.42
hourglass,cell_carpet,0.2,2.6179938779914944,7.399977684020996,-0.004526207504564256,-0.0749825898885399,-0.038003576034614406,-0.16496558051579488,0.11108258354861257,-0.006936051601023455,1.586,0.621,-0.7,-1.896
hourglass,cell_carpet,0.2,2.6179938779914944,7.599961280822754,-0.04535284956842231,-0.07782042277530099,0.7812713892891925,-0.20140370905945376,0.12575136892955013,-0.005837440636236257,1.483,0.662,-0.494,-1.54
hourglass,cell_carpet,0.2,2.6179938779914944,7.800064325332642,-0.08187859147627582,-0.08504747002135193,-0.04848400575455411,-0.23541206963187533,0.13972187598576508,-0.0059602388005105394,1.503,0.615,-0.742,-1.965
hourglass,cell_carpet,0.2,-1.5707963267948966,8.000053405761719,-0.1242119891875548,-0.0964465568288323,-0.0968427894838069,-0.269229639614056,0.155153305773566,-0.003946687480373055,1.518,0.462,-0.706,-1.526
hourglass,cell_carpet,0.2,-1.5707963267948966,8.200031042098999,-0.16127195398661534,-0.10461913303065484,-0.09643473611525058,-0.2846422897231369,0.15004932382047395,-0.005024715611943856,-1.73,-1.717,1.776,1.563
hourglass,cell_carpet,0.2,-1.5707963267948966,8.400092601776123,-0.19851605532923192,-0.11469549721409983,-0.16237704416932555,-0.2887784332085262,0.14382121445007617,-0.00758564516281526,-1.667,-1.79,2.136,2.175
hourglass,cell_carpet,0.2,-1.5707963267948966,8.599961519241333,-0.2388174289484372,-0.1301188884129612,-0.12717943754128638,-0.2922940116950309,0.1310958683643263,-0.01188978097941899,-1.406,-1.528,1.967,1.989
hourglass,cell_carpet,0.2,-1.5707963267948966,8.800096035003662,-0.2801015784762173,-0.1423908872726991,0.5722610375705439,-0.29609303744668003,0.10816708537184698,-0.015470889011138099,-1.6,-1.485,2.297,1.957
hourglass,cell_carpet,0.2,-1.5707963267948966,9.000041961669922,-0.3167763941338887,-0.15641576020575543,-0.19294319392313455,-0.29905196008045876,0.0822803346096606,-0.017361107816292343,-1.464,-1.619,1.791,1.943
hourglass,cell_carpet,0.2,-1.5707963267948966,9.200043439865112,-0.32544217347556526,-0.15086648729601737,-0.18704809847114226,-0.3026371131074721,0.05210187587115897,-0.01820450150924159,-1.642,-1.426,2.163,1.838
hourglass,cell_carpet,0.2,-1.5707963267948966,9.400020360946655,-0.33002311347239566,-0.14167916149462922,0.5759652450642277,-0.3061996532686671,0.020240452333468217,-0.01884359133565988,-1.504,-1.355,1.811,1.824
hourglass,cell_carpet,0.2,-1.5707963267948966,9.599952220916748,-0.33215910056534137,-0.12057061316213674,-0.14250022605703064,-0.30924024007566553,-0.014671169881909418,-0.02017607842984776,-1.336,-1.54,1.804,1.877
hourglass,cell_carpet,0.2,-1.5707963267948966,9.800057649612427,-0.33218939687330906,-0.09411562152915931,-0.16638245515555064,-0.3128089402135907,-0.049680133363925016,-0.020034586497523356,-1.394,-1.482,1.891,1.608
hourglass,cell_carpet,0.2,0.5235987755982988,10.000039339065552,-0.3377781824895495,-0.06775793842022265,-0.5532390705628082,-0.31622305189197525,-0.08613785024185522,-0.020089871505737468,-1.551,-1.399,1.939,1.83
hourglass,cell_carpet,0.2,0.5235987755982988,10.200056076049805,-0.3360876968672878,-0.03407268741957403,-0.19752049606253955,-0.29874227020388305,-0.09584484308970437,-0.021271446316481653,-0.365,0.884,-0.582,0.594
hourglass,cell_carpet,0.2,0.5235987755982988,10.40002727508545,-0.3375961064278935,-5.497594925274463e-05,-0.14590655570696834,-0.26795852633285,-0.09713612609042299,-0.01969725200326361,-0.081,0.839,-0.598,0.212
hourglass,cell_carpet,0.2,0.5235987755982988,10.600026607513428,-0.3417876419966377,0.0347786481294764,0.8355312689628158,-0.2357572318960799,-0.09720804509816028,-0.018213872423148182,0.17,0.888,-0.811,0.006
hourglass,cell_carpet,0.2,0.5235987755982988,10.800021648406982,-0.34391674400280603,0.07479060128204243,0.8197478194618654,-0.20262679719716967,-0.09599282132372822,-0.015877618456155106,0.343,1.018,-1.042,-0.38
hourglass,cell_carpet,0.2,0.5235987755982988,10.999952554702759,-0.3446874704508891,0.1094795995816116,-0.46543946467097963,-0.16925250366227954,-0.09335519018945765,-0.014333145586996596,0.342,1.374,-1.386,-0.569
hourglass,cell_carpet,0.2,0.5235987755982988,11.199979543685913,-0.31509341350902786,0.11314455918888816,-0.12380965613146086,-0.13614687647056678,-0.08915493049407386,-0.012437138530461318,0.469,1.656,-1.355,-0.56
hourglass,cell_carpet,0.2,0.5235987755982988,11.400051593780518,-0.27608780642135344,0.11496019933154789,0.7943502367549395,-0.10251586081742987,-0.08226664572692532,-0.011558925829387959,0.4,1.339,-1.574,-0.623
hourglass,cell_carpet,0.2,0.5235987755982988,11.600111961364746,-0.24113721008879177,0.11347600657993817,-0.0873707085314174,-0.07997621085174345,-0.07712343228356372,-0.00932441091073601,0.52,1.597,-1.576,-0.81
hourglass,cell_carpet,0.2,0.5235987755982988,11.800040006637573,-0.20433730238149408,0.11030438685550131,-0.08158335305865574,-0.03399447945445755,-0.06357315908240341,-0.009434077397954325,0.626,1.404,-1.68,-0.661
hourglass,cell_carpet,0.2,0.5235987755982988,0.2000129222869873,0.0,0.0,0.0,0.0,0.0,0.0,0.412,0.631,-0.742,-0.553
hourglass,cell_carpet,0.2,0.5235987755982988,0.40012502670288086,0.0010720108051731625,-0.0006933527801520345,-0.48709554948200795,0.017869469035694863,0.007216957647691119,0.00029533536986045073,0.507,1.848,-2.136,-0.721
hourglass,cell_carpet,0.2,0.5235987755982988,0.6000564098358154,0.0010720108051731625,-0.0006933527801520345,-0.48709554948200795,0.04943024395270035,0.019553910736618968,0.001885455491688166,0.898,1.646,-1.766,-0.857
hourglass,cell_carpet,0.2,0.5235987755982988,0.8000602722167969,0.0,0.0,0.0,0.07728484795646118,0.03256922257440456,0.0012488456367169643,0.786,1.399,-1.507,-0.624
hourglass,cell_carpet,0.2,0.5235987755982988,1.0000724792480469,0.0010720108051731625,-0.0006933527801520345,-0.48709554948200795,0.1110845517538046,0.050094255258164966,0.001981087500785155,0.81,1.557,-1.925,-0.775
hourglass,cell_carpet,0.2,0.5235987755982988,1.2000858783721924,-0.0006642668157758602,-0.002399612947532437,-0.07985873250086212,0.1449834952112667,0.0660953924223455,0.0029439687622140782,0.696,1.538,-1.638,-0.729
hourglass,cell_carpet,0.2,0.5235987755982988,1.4000616073608398,0.027148384710560886,-0.011563641144516579,-0.2899112052769388,0.17946876354532648,0.0841000808276843,0.0020148399675027056,0.829,1.682,-1.589,-0.73
hourglass,cell_carpet,0.2,0.5235987755982988,1.6000614166259766,0.06510473142310147,-0.02197136358321994,-0.3760078055374967,0.21377306416138375,0.10290657188388712,0.0030836659339363807,0.76,1.655,-1.954,-0.898
hourglass,cell_carpet,0.2,0.5235987755982988,1.8000640869140625,0.10060063588488632,-0.041489508843327694,-0.32936922510668737,0.2480240790536446,0.1203359692838773,0.003687456721770368,0.933,1.73,-1.629,-0.935
hourglass,cell_carpet,0.2,-1.5707963267948966,2.000074863433838,0.13896837260993375,-0.05496436051653364,-0.3318952417972752,0.2855811431368231,0.14128161328342279,0.0019613985601470933,0.57,1.507,-1.537,-0.769
hourglass,cell_carpet,0.2,-1.5707963267948966,2.2000677585601807,0.17575773779675508,-0.07154335837850462,-0.3545891779733027,0.3016364803528921,0.1403289580782881,0.0010678944779817679,-1.692,-1.319,1.449,1.558
hourglass,cell_carpet,0.2,-1.5707963267948966,2.400070905685425,0.21729997039200066,-0.08845894579584107,-0.4071221500784339,0.3036417408826552,0.13571041528087874,-0.0019267132801249437,-1.727,-1.659,1.966,1.988
hourglass,cell_carpet,0.2,-1.5707963267948966,2.60019850730896,0.25575301602595024,-0.10783142383627098,-0.3556878684464075,0.307368656230874,0.12521387588177246,-0.005798876795575397,-1.464,-1.762,2.174,1.913
hourglass,cell_carpet,0.2,-1.5707963267948966,2.800046682357788,0.2913237044739725,-0.11838971306167767,-0.4685701390070949,0.3089194933256309,0.1058276939237189,-0.008554356768452126,-1.744,-1.366,1.631,1.78
hourglass,cell_carpet,0.2,-1.5707963267948966,3.0000810623168945,0.33028950720145056,-0.142912060777305,0.016428031654689784,0.31020514596750176,0.08191013056161445,-0.008934063489399293,-1.48,-1.695,2.008,1.731
hourglass,cell_carpet,0.2,-1.5707963267948966,3.200087070465088,0.3383346793080793,-0.13659691709822652,-0.43499374835873295,0.3108126962777215,0.04890546187117922,-0.010788515493441253,-1.669,-1.073,1.731,1.714
hourglass,cell_carpet,0.2,-1.5707963267948966,3.400097608566284,0.3418135389033511,-0.12650232284484303,-0.5221079455017115,0.3121443860608453,0.017033766269919842,-0.01179073140761542,-1.286,-1.304,1.72,1.544
hourglass,cell_carpet,0.2,-1.5707963267948966,3.600031614303589,0.34519127532295624,-0.11434362239262591,-0.3947516776833425,0.31207529503824555,-0.017170009876384923,-0.01220605264663006,-1.481,-1.638,1.908,1.724
hourglass,cell_carpet,0.2,-1.5707963267948966,3.800029754638672,0.3478675386661137,-0.08966785536245986,0.1002652631737102,0.31195964487303457,-0.05286913102162172,-0.012611996867801564,-1.228,-1.454,1.666,1.764
hourglass,cell_carpet,0.2,2.6179938779914944,4.0000691413879395,0.3498055590668864,-0.06505774400238196,0.07400322027426243,0.3122959271004994,-0.08847679150265053,-0.013203565800966936,-1.488,-1.339,1.782,1.67
hourglass,cell_carpet,0.2,2.6179938779914944,4.2000579833984375,0.3510383351729161,-0.03105674937931696,0.01846860640116904,0.29362882122387696,-0.09629689794923191,-0.012019486449818295,0.864,-0.458,0.66,-0.794
hourglass,cell_carpet,0.2,2.6179938779914944,4.400022268295288,0.35133143859555427,0.003631327114509142,-0.42190684381782806,0.2640963159831448,-0.09490313840482467,-0.011574163627087498,0.846,-0.054,0.162,-0.716
hourglass,cell_carpet,0.2,2.6179938779914944,4.600067377090454,0.35321203732772405,0.03734491573928289,-0.3730382685947894,0.2320499000269456,-0.09209278848119812,-0.010250371232064794,0.744,0.101,0.0,-1.034
hourglass,cell_carpet,0.2,2.6179938779914944,4.800052165985107,0.3570793895395279,0.07304839242852273,-0.3299425369777519,0.20012938537072583,-0.08882269984717878,-0.009190013326628657,1.293,0.271,-0.238,-1.244
hourglass,cell_carpet,0.2,2.6179938779914944,5.000038385391235,0.3569548597960521,0.10839061300517105,-0.30812316140753526,0.1675573677821538,-0.08296536513833924,-0.007386166297176114,1.41,0.277,-0.454,-1.399
hourglass,cell_carpet,0.2,2.6179938779914944,5.200068235397339,0.3342899644959124,0.11102014785447784,-0.2561472369587908,0.13441989899479717,-0.0764166157815731,-0.006261095350311903,1.421,0.622,-0.493,-1.501
hourglass,cell_carpet,0.2,2.6179938779914944,5.4004106521606445,0.2984683206444978,0.11067004097224159,-0.2780435449824894,0.1009709462415106,-0.06612040796747631,-0.004903501481647968,1.246,0.448,-0.572,-1.545
hourglass,cell_carpet,0.2,2.6179938779914944,5.600019216537476,0.26219337905903495,0.10753740415071283,-0.2648821194003058,0.0670414825355164,-0.0566790521629581,-0.003692162016132315,1.672,0.695,-0.522,-1.483
hourglass,cell_carpet,0.2,2.6179938779914944,5.800034761428833,0.2287044016729406,0.10079073774282837,-0.1492324322290447,0.03318818873729945,-0.04388726575848012,-0.003000234212146161,1.337,0.417,-0.546,-1.612
hourglass,cell_carpet,0.2,-2.6179938779914944,6.000070333480835,0.19093096538325063,0.09682481324165082,-0.35660090830190533,-0.0015401426834917298,-0.03073781407725451,-0.0010163293960774292,1.737,0.703,-0.701,-1.672
hourglass,cell_carpet,0.2,-2.6179938779914944,6.200069904327393,0.1508912631074704,0.0864393069978141,-0.17065495899915317,-0.035935680238015494,-0.030915853320257813,-0.0026664584258474203,0.067,-0.852,0.976,0.004
hourglass,cell_carpet,0.2,-2.6179938779914944,6.4000561237335205,0.11196801117286029,0.07639736855976717,-0.27508588611128515,-0.07146070931455509,-0.03438821405762049,-0.003542150654647673,-0.24,-1.033,1.222,0.279
hourglass,cell_carpet,0.2,-2.6179938779914944,6.600688457489014,0.07822249557889933,0.06888373017850108,-0.24208548365003535,-0.10596109701651574,-0.038604134675995716,-0.005249463635614816,-0.358,-1.235,1.347,0.374
hourglass,cell_carpet,0.2,-2.6179938779914944,6.800074577331543,0.034958306632076025,0.05505367699735142,-0.2748248067445214,-0.14059639421116055,-0.044713779143864096,-0.006041705736898927,-0.522,-1.108,1.499,0.472
hourglass,cell_carpet,0.2,-2.6179938779914944,7.000077486038208,-0.004317096552280936,0.04092846383597459,-0.44867154699446005,-0.17476170533118845,-0.05332698275466785,-0.00728866043381088,-0.495,-1.259,1.302,0.455
hourglass,cell_carpet,0.2,-2.6179938779914944,7.200079917907715,-0.045828460599842524,0.045041082459055415,-0.3999357889248228,-0.20951495024553554,-0.06196997988167169,-0.00830121836861912,-0.57,-1.417,1.853,0.823
hourglass,cell_carpet,0.2,-2.6179938779914944,7.400055885314941,-0.08434631165180687,0.04828354718449407,0.2117777136872756,-0.2439147754103387,-0.07374584401662021,-0.009252828775919982,-0.415,-1.228,1.621,0.605
hourglass,cell_carpet,0.2,-2.6179938779914944,7.6000707149505615,-0.12267959386452149,0.05343105802808462,-0.4133283407151186,-0.2779438574115251,-0.08551767983527342,-0.00989035688682496,-0.663,-1.597,1.967,0.723
hourglass,cell_carpet,0.2,-2.6179938779914944,7.800048351287842,-0.1619173616851181,0.059711522416858454,-0.4700519726187006,-0.3133418315622765,-0.09883700957933333,-0.010339437103464287,-0.515,-1.202,1.756,0.558
hourglass,cell_carpet,0.2,1.5707963267948966,8.00007176399231,-0.1969158790758277,0.07303367791097942,0.062389671596926044,-0.34836933020781186,-0.11526268300760634,-0.010661948705167776,-0.512,-1.432,1.911,0.639
hourglass,cell_carpet,0.2,1.5707963267948966,8.200077533721924,-0.23840583149263928,0.08259672999947379,-0.4993054523072594,-0.36201822851849574,-0.11006881668008717,-0.009907232584546252,1.634,1.548,-1.553,-1.729
hourglass,cell_carpet,0.2,1.5707963267948966,8.400081396102905,-0.27580361875366544,0.09806862908531222,-0.5559028178740015,-0.3654234335422699,-0.10437814173961957,-0.007996514144120852,1.883,1.667,-2.024,-2.163
hourglass,cell_carpet,0.2,1.5707963267948966,8.600448369979858,-0.3162281541477064,0.10810004439793247,-0.5152697254616154,-0.3675409405288297,-0.09118867008655618,-0.003924679518050986,1.657,1.659,-1.843,-2.233
hourglass,cell_carpet,0.2,1.5707963267948966,8.800066471099854,-0.3528087850899606,0.12476092343011644,-0.5580330306851731,-0.37011112501297083,-0.06851311216606559,-0.00022407992807645018,1.508,1.624,-1.922,-1.946
hourglass,cell_carpet,0.2,1.5707963267948966,9.000483751296997,-0.3914242244820175,0.1407870192717595,-0.5531003535522305,-0.37240398592982205,-0.042359004875838546,0.0007744346657600732,1.445,1.776,-1.561,-2.084
hourglass,cell_carpet,0.2,1.5707963267948966,9.200002431869507,-0.3998842146749624,0.1371669752949187,0.1238006985640504,-0.37401208052672763,-0.013451117732177054,0.003357434638263525,1.615,1.432,-1.795,-1.916
hourglass,cell_carpet,0.2,1.5707963267948966,9.40006160736084,-0.4095216832960098,0.12760696368184002,-0.5268814196509151,-0.37546732712642344,0.01827194694283482,0.0036396410548550414,1.459,1.755,-1.612,-2.22
hourglass,cell_carpet,0.2,1.5707963267948966,9.600073337554932,-0.40655078109132015,0.11038919868819336,0.46627566240168683,-0.37690584968791024,0.05169764433621141,0.0048012770470226415,1.626,1.781,-1.611,-1.828
hourglass,cell_carpet,0.2,1.5707963267948966,9.800071239471436,-0.40891854054252597,0.08648605102959298,-0.5964749839397933,-0.3782867306250322,0.08936928129864541,0.00623666884920366,1.532,1.703,-1.986,-1.985
hourglass,cell_carpet,0.2,-0.5235987755982988,10.000015497207642,-0.4143148133727802,0.05856095488402174,0.17367820490652863,-0.3796373407858106,0.1254921221940981,0.006683878029872546,1.401,1.693,-1.944,-2.035
hourglass,cell_carpet,0.2,-0.5235987755982988,10.200051069259644,-0.41940030552493646,0.02680699237499562,-0.569713779769152,-0.3625776043253242,0.13390082755199662,0.00724546548813724,-0.73,0.512,-0.68,0.503
hourglass,cell_carpet,0.2,-0.5235987755982988,10.400076389312744,-0.4198343480829986,-0.0068643616545239206,-0.5745452251847711,-0.3333837804486993,0.13383891515455126,0.0063135476858110304,-0.79,0.129,-0.232,0.585
hourglass,cell_carpet,0.2,-0.5235987755982988,10.600078821182251,-0.42565102212851036,-0.04230314049168271,-0.56569395179937,-0.3012277004381767,0.13275005230640496,0.00499441351232723,-0.915,-0.118,0.096,0.762
hourglass,cell_carpet,0.2,-0.5235987755982988,10.800064086914062,-0.4239294687189016,-0.07416829873146552,0.2179203039030731,-0.2688221842080673,0.1300005897157489,0.0025295645968507127,-1.321,-0.062,0.211,0.95
hourglass,cell_carpet,0.2,-0.5235987755982988,11.000040531158447,-0.4282107644413412,-0.11325184794467225,-0.6258469350230083,-0.23589333848760632,0.12587400128717147,0.0008738172430766413,-1.19,-0.232,0.467,1.322
hourglass,cell_carpet,0.2,-0.5235987755982988,11.200056552886963,-0.40781460065822583,-0.11893745196669109,0.19469614993161422,-0.20223217285412415,0.11874138522019262,-0.001556371763020719,-1.367,-0.404,0.319,1.159
hourglass,cell_carpet,0.2,-0.5235987755982988,11.400018692016602,-0.3677076749282103,-0.11906111412899262,-0.6118908109373231,-0.16825012937875172,0.1109963700603376,-0.00373529027267198,-1.421,-0.471,0.678,1.494
hourglass,cell_carpet,0.2,-0.5235987755982988,11.600062370300293,-0.3326978797551904,-0.11977524210685059,-0.5833811493333557,-0.13426642851207404,0.09958710371155359,-0.0052091482863067294,-1.375,-0.625,0.747,1.59
hourglass,cell_carpet,0.2,-0.5235987755982988,11.800048589706421,-0.29983569207195304,-0.12172599212373936,-0.5164707867772229,-0.10128061000801705,0.08899713317161018,-0.00672425040107481,-1.437,-0.57,0.975,1.943
hourglass,cell_carpet,0.2,0.5235987755982988,0.199920654296875,0.0019983479017326444,0.0022479192514905377,-0.035762180632655266,6.270485539586201e-05,-8.72054905742825e-06,5.5315772099094086e-05,-0.896,-0.373,0.462,0.883
hourglass,cell_carpet,0.2,0.5235987755982988,0.3998384475708008,0.002186281534986456,0.0031846619312482782,0.5266638273425462,0.01940076299457852,0.0025553044547201864,0.0010238134781444279,-0.107,1.312,-1.252,0.003
hourglass,cell_carpet,0.2,0.5235987755982988,0.5999271869659424,0.0019983479017326444,0.0022479192514905377,-0.035762180632655266,0.05327188028080587,0.0060509560748046864,0.002014817642664579,0.335,1.005,-1.236,-0.338
hourglass,cell_carpet,0.2,0.5235987755982988,0.7997541427612305,0.0007369733911090914,0.0006415740711384621,0.00976873300860917,0.08803261654892236,0.011315952677734442,0.0032102159919501273,0.441,1.241,-1.323,-0.568
hourglass,cell_carpet,0.2,0.5235987755982988,0.9998819828033447,0.0026736721430120347,0.002666867612088397,-0.06720776998040603,0.12276612354028466,0.01856998411345767,0.004212478880927881,0.317,1.212,-1.283,-0.399
hourglass,cell_carpet,0.2,0.5235987755982988,1.1998560428619385,0.0027279516617331745,-0.0019662407666078963,-0.00876415065334124,0.15763300043874973,0.027159360092200602,0.005231620124368824,0.615,1.632,-1.429,-0.806
hourglass,cell_carpet,0.2,0.5235987755982988,1.3998785018920898,0.04236483823454612,-0.0009877281056895337,-0.01672857150032475,0.19239195425165562,0.037736945241878955,0.005778225357418156,0.398,1.396,-1.507,-0.684
hourglass,cell_carpet,0.2,0.5235987755982988,1.5998802185058594,0.07924316226584527,-0.007331088881739667,0.3765839093055965,0.22723825636289136,0.05008552349421007,0.0073158457813598645,0.498,1.786,-1.804,-1.152
hourglass,cell_carpet,0.2,0.5235987755982988,1.7998552322387695,0.11983566584978475,-0.010914416218008038,0.012558393997797401,0.26217409340849546,0.06377625699236808,0.0074452308494450045,0.588,1.462,-1.599,-0.894
hourglass,cell_carpet,0.2,0.5235987755982988,1.9998459815979004,0.1597159196257899,-0.017930071897887756,0.026840268210928192,0.2972144584952218,0.0795056275491741,0.008851588526457033,0.635,1.564,-1.883,-0.991
hourglass,cell_carpet,0.2,-1.5707963267948966,2.199920892715454,0.2002101119841461,-0.029476457645599363,0.0658844787691954,0.3315380362709343,0.09415388825242786,0.009170362315472443,0.755,1.845,-1.65,-0.843
hourglass,cell_carpet,0.2,-1.5707963267948966,2.399935483932495,0.2402746651445534,-0.041786477081291074,0.0563843208546142,0.3460679151551514,0.0881239131829788,0.0074339799747275915,-1.409,-1.433,1.559,1.492
hourglass,cell_carpet,0.2,-1.5707963267948966,2.599874258041382,0.2779741227509485,-0.04921925231722968,0.0042136507075423435,0.34902606725789725,0.08005493643443778,0.003932145045916517,-1.702,-1.614,1.938,1.701
hourglass,cell_carpet,0.2,-1.5707963267948966,2.799921751022339,0.3176008101345723,-0.06718452787903706,-0.0071120038788766715,0.3523363525716086,0.06599768614344478,0.0019604388680950907,-1.502,-1.56,2.013,1.829
hourglass,cell_carpet,0.2,-1.5707963267948966,2.9998888969421387,0.35866471367427694,-0.08113895129799759,0.034640571154603755,0.3540928532419699,0.0437000949675173,-0.000670350585180635,-1.674,-1.365,1.747,1.874
hourglass,cell_carpet,0.2,-1.5707963267948966,3.1997838020324707,0.3903289526303141,-0.08706066989887357,0.49832649280941455,0.35593355242311125,0.017906221671337125,-0.0013875753859518818,-1.402,-1.577,1.816,1.571
hourglass,cell_carpet,0.2,-1.5707963267948966,3.3998830318450928,0.3961749320659681,-0.07784593479695384,0.019413334628617634,0.35625483697232213,-0.013025988167028046,-0.0030882724722728766,-1.473,-1.415,1.724,1.721
hourglass,cell_carpet,0.2,-1.5707963267948966,3.5998775959014893,0.40035757796149907,-0.07048137931751097,0.024015653082081145,0.3575848452072398,-0.04519227800273548,-0.00404642651439369,-1.341,-1.19,1.804,1.61
hourglass,cell_carpet,0.2,-1.5707963267948966,3.799889326095581,0.40329422616086186,-0.04882040278742472,0.03256788049144488,0.35759855068920493,-0.07978328900181472,-0.004583626220733411,-1.467,-1.573,1.851,1.63
hourglass,cell_carpet,0.2,-1.5707963267948966,3.9999313354492188,0.40509203998794097,-0.02037031583532578,0.5377513590664333,0.35733269162594256,-0.11621921163819302,-0.005093634920383198,-1.35,-1.505,1.719,1.542
hourglass,cell_carpet,0.2,2.6179938779914944,4.19987678527832,0.4083453801392134,0.009035618622507569,-0.03014915135501897,0.3575682892683037,-0.15233079652785633,-0.005697391396826592,-1.444,-1.23,1.781,1.646
hourglass,cell_carpet,0.2,2.6179938779914944,4.399878025054932,0.41231576150200433,0.03446717210676209,0.0942223263302577,0.3391383591155393,-0.160113876013973,-0.004761754586034454,0.839,-0.425,0.569,-0.769
hourglass,cell_carpet,0.2,2.6179938779914944,4.599841117858887,0.4129260763097176,0.0721845095701249,0.05294518532631973,0.30928801338373907,-0.15849332713456407,-0.003929235951654481,1.008,-0.049,0.116,-0.894
hourglass,cell_carpet,0.2,2.6179938779914944,4.799920082092285,0.41169234692180084,0.10922749226383649,0.03653038194470748,0.27680426042224426,-0.15526975652540256,-0.002825762983310484,0.914,0.074,-0.057,-1.029
hourglass,cell_carpet,0.2,2.6179938779914944,4.999853134155273,0.4143594557922231,0.14369426420598336,0.1650534688284554,0.24747246907123965,-0.15209211978684947,-0.0015253946153463982,1.257,0.393,-0.287,-1.304
hourglass,cell_carpet,0.2,2.6179938779914944,5.199881076812744,0.4119973672883794,0.18107296787168362,0.148102919763477,0.21245192448416605,-0.14516496414695682,6.000355026816815e-05,1.394,0.285,-0.465,-1.474
hourglass,cell_carpet,0.2,2.6179938779914944,5.399919033050537,0.3829373058136775,0.17889675228531762,0.12904321384978804,0.1791451093238441,-0.13836469703827206,0.001454154354661977,1.43,0.634,-0.517,-1.511
hourglass,cell_carpet,0.2,2.6179938779914944,5.599888801574707,0.34849260180363245,0.17615928543578963,0.19238040498161313,0.1456689361898168,-0.12790667058558305,0.0027611206395599503,1.302,0.396,-0.589,-1.555
hourglass,cell_carpet,0.2,2.6179938779914944,5.799880266189575,0.3132040691295619,0.17242385722127812,0.10090901118938743,0.11157921266601212,-0.11810628936469578,0.004005275594961293,1.582,0.644,-0.528,-1.454
hourglass,cell_carpet,0.2,2.6179938779914944,5.999942302703857,0.27744581225533205,0.1656187298215347,0.19265588460040436,0.0776524934977969,-0.10510379192076572,0.004608134258859646,1.333,0.369,-0.74,-1.617
hourglass,cell_carpet,0.2,-2.6179938779914944,6.199844837188721,0.24181044398062737,0.1603640098581369,0.2522091499791917,0.043903765017686336,-0.0919965869479491,0.006781429029323696,1.526,0.561,-0.697,-1.655
hourglass,cell_carpet,0.2,-2.6179938779914944,6.399895668029785,0.19989105176184563,0.15126338088623814,0.23869226201047808,0.008980878812723136,-0.09201457843354738,0.004817212918896031,-0.066,-0.833,0.919,0.167
hourglass,cell_carpet,0.2,-2.6179938779914944,6.5998618602752686,0.16246225701764083,0.1389095506535993,0.14156900376073928,-0.026888208148023313,-0.0959026441865932,0.004033402732416352,-0.229,-1.008,1.222,0.124
hourglass,cell_carpet,0.2,-2.6179938779914944,6.799860954284668,0.1237142381269875,0.13015717686298764,0.4561577745717807,-0.06141835635518436,-0.10038432345811546,0.002306400591409786,-0.412,-1.188,1.193,0.412
hourglass,cell_carpet,0.2,-2.6179938779914944,6.999896287918091,0.08538100172205215,0.11527451853456144,0.04187152109089104,-0.09621286144983346,-0.10691541989048439,0.0014597797316419957,-0.654,-0.99,1.496,0.57
hourglass,cell_carpet,0.2,-2.6179938779914944,7.1999077796936035,0.04161398535951791,0.1047014744980948,0.5609862337142861,-0.130521597321779,-0.11552087261315827,0.00010031844812005437,-0.422,-1.158,1.444,0.533
hourglass,cell_carpet,0.2,-2.6179938779914944,7.3998472690582275,0.001272754532135295,0.10856863469176281,0.07646272769553814,-0.16510440424638623,-0.12452520323003743,-0.0008653610945759281,-0.583,-1.317,1.649,0.817
hourglass,cell_carpet,0.2,-2.6179938779914944,7.599878787994385,-0.035886665321513134,0.11319216172082186,0.02574516335502089,-0.19658222992255553,-0.13507429245814603,-0.0015647715110440304,-0.38,-1.132,1.623,0.491
hourglass,cell_carpet,0.2,-2.6179938779914944,7.799927711486816,-0.0759384602891558,0.12042150738297058,0.4430662635324676,-0.23363458384316002,-0.14859202099647498,-0.002561377794955688,-0.648,-1.536,1.854,0.738
hourglass,cell_carpet,0.2,-2.6179938779914944,7.999943733215332,-0.11225065145815999,0.12706705987132066,-0.05057586575035586,-0.26891321494774767,-0.1614855761907534,-0.0030563963539817184,-0.487,-1.306,1.554,0.557
hourglass,cell_carpet,0.2,1.5707963267948966,8.199853658676147,-0.1542708026901301,0.13997792574746792,-0.07633780859095377,-0.3043564905690728,-0.17832398658297507,-0.003584226129927261,-0.49,-1.422,1.89,0.815
hourglass,cell_carpet,0.2,1.5707963267948966,8.399887561798096,-0.18759120368587784,0.15290438366789896,0.5400568958131217,-0.3185053181816289,-0.1716159867206604,-0.0024966877076382735,1.584,1.524,-1.603,-1.742
hourglass,cell_carpet,0.2,1.5707963267948966,8.599853754043579,-0.22654304471995534,0.16568586175223124,-0.11017925811478327,-0.3213979966304488,-0.1646526714200612,-0.00016125942937380167,1.669,1.641,-1.985,-2.14
hourglass,cell_carpet,0.2,1.5707963267948966,8.799917221069336,-0.26372426642307223,0.1777975376802753,-0.12746581565213985,-0.32327315297544534,-0.14838948449951858,0.004461872996003291,1.644,1.557,-1.854,-2.214
hourglass,cell_carpet,0.2,1.5707963267948966,8.99979567527771,-0.3015223796855035,0.19845871002670115,-0.159891490441695,-0.3254312371609346,-0.126357074806095,0.007697437915061169,1.604,1.536,-1.849,-1.772
hourglass,cell_carpet,0.2,1.5707963267948966,9.1999032497406,-0.34093709358205765,0.20724530423722137,-0.09260660570975973,-0.32730637303184107,-0.09954248995659545,0.008441870065694941,1.361,1.604,-1.307,-2.015
hourglass,cell_carpet,0.2,1.5707963267948966,9.399940013885498,-0.34843181165540477,0.19974956599498292,0.8341743718413434,-0.3287504110644245,-0.06977086167426472,0.01058515135795733,1.617,1.331,-1.81,-1.687
hourglass,cell_carpet,0.2,1.5707963267948966,9.599853992462158,-0.34970461863863195,0.1903567317268734,-0.1315542233237014,-0.3300121095923607,-0.03729155066313483,0.011028619030680607,1.483,1.468,-1.571,-2.074
hourglass,cell_carpet,0.2,1.5707963267948966,9.799846172332764,-0.3511475444866084,0.17113411600584522,0.5661191246733488,-0.3312974772952531,-0.0032693783901794338,0.011464585275999162,1.512,1.713,-1.601,-1.968
hourglass,cell_carpet,0.2,1.5707963267948966,9.999913930892944,-0.35567399972882313,0.14189508067698153,0.9034401993909564,-0.3326872774300941,0.0314438822967935,0.012930924196334008,1.575,1.643,-1.981,-1.752
hourglass,cell_carpet,0.2,-0.5235987755982988,10.199962139129639,-0.3577195127045178,0.11632139509059758,-0.1269710272062913,-0.33392157834170766,0.06774805696185561,0.013512205640954792,1.367,1.451,-1.842,-1.983
hourglass,cell_carpet,0.2,-0.5235987755982988,10.3999502658844,-0.3575224944628313,0.08328821069852943,-0.17602883232329433,-0.3164778577199887,0.07512696883117127,0.013773781501340662,-0.903,0.573,-0.712,0.532
hourglass,cell_carpet,0.2,-0.5235987755982988,10.599934339523315,-0.36515672747048816,0.04685405554892802,-0.15118718050626437,-0.2866084033163056,0.07473564749366668,0.0126477830490321,-0.689,0.098,-0.143,0.773
hourglass,cell_carpet,0.2,-0.5235987755982988,10.799913167953491,-0.36645360898336204,0.012661367518293831,-0.1829910311239932,-0.2545422431216733,0.07306136927653516,0.01152083891452294,-0.947,-0.11,0.07,0.856
hourglass,cell_carpet,0.2,-0.5235987755982988,10.999893426895142,-0.3689991906961501,-0.021900908868869085,-0.17975633576114966,-0.22203615437691326,0.06953847821795356,0.009340062360324813,-1.13,-0.16,0.26,0.989
hourglass,cell_carpet,0.2,-0.5235987755982988,11.199922800064087,-0.3699216773915713,-0.057428797694500155,-0.17240351256380046,-0.18885451087635102,0.06480239932824362,0.00781557204877187,-1.101,-0.186,0.583,1.437
hourglass,cell_carpet,0.2,-0.5235987755982988,11.399818658828735,-0.34023833604665094,-0.05797805949871615,-0.17264071668792533,-0.1552900623591063,0.05723565971423519,0.005582272513575019,-1.142,-0.396,0.394,1.303
hourglass,cell_carpet,0.2,-0.5235987755982988,11.599911451339722,-0.30184164964389987,-0.05673362401355725,-0.1671095375043448,-0.12178313084342608,0.048997412120434125,0.0031858391922173416,-1.38,-0.387,0.705,1.508
hourglass,cell_carpet,0.2,-0.5235987755982988,11.79996132850647,-0.2682437712291712,-0.058978445845665806,-0.10891129624812781,-0.08765601932920275,0.03742188240029222,0.0018591818734498954,-1.399,-0.602,0.737,1.475
hourglass,cell_carpet,0.2,-0.5235987755982988,11.999817848205566,-0.23314953505784974,-0.05794126046276665,0.544501244200154,-0.054030996650560686,0.026519435062614033,0.0002840795033365014,-1.33,-0.562,0.908,1.78
