motion_type,surface,velocity,target_angle,time,aruco_x,aruco_y,aruco_theta,odom_x,odom_y,odom_theta,wheel_joint_fl,wheel_joint_fr,wheel_joint_bl,wheel_joint_br
circle,linoleum,0.2,0.20003533363342285,0.20003533363342285,0.0,0.0,0.0,0.0,0.0,0.0,-0.447,-0.277,0.468,0.435
circle,linoleum,0.2,0.3999989032745362,0.39999890327453613,0.0,0.0,0.0,0.021624235147297825,0.0011004665652751856,-6.75049087265735e-05,-0.389,0.855,-0.661,0.377
circle,linoleum,0.2,0.6000015735626221,0.6000015735626221,0.0,0.0,0.0,0.058362593761104115,0.004995154171435569,0.0007584936343040423,0.142,0.736,-0.521,-0.307
circle,linoleum,0.2,0.8000044822692871,0.8000044822692871,0.0,0.0,0.0,0.09314780036110887,0.015413364086903449,0.001414793427382933,0.409,1.062,-0.75,-0.355
circle,linoleum,0.2,1.0000507831573486,1.0000507831573486,0.0,0.0,0.0,0.12294748136867419,0.03303916896522933,0.00260551070555265,0.364,1.022,-0.893,-0.502
circle,linoleum,0.2,1.2000885009765625,1.2000885009765625,0.0,0.0,0.0,0.1475137803440971,0.05696601022468532,0.004282829610485362,0.683,0.926,-0.947,-0.881
circle,linoleum,0.2,1.4000327587127686,1.4000327587127686,0.0,0.0,0.0,0.1670442346254437,0.08432698917334933,0.006397991016583058,0.888,0.958,-0.853,-1.009
circle,linoleum,0.2,1.6000354290008545,1.6000354290008545,0.0,0.0,0.0,0.179158599742667,0.11579124080619735,0.005947957494076148,0.903,1.054,-0.826,-1.111
circle,linoleum,0.2,1.8000104427337649,1.8000104427337646,0.0,0.0,0.0,0.18234202938714267,0.15202619151131289,0.006912716097410062,1.021,0.718,-1.055,-1.14
circle,linoleum,0.2,1.9999933242797852,1.9999933242797852,0.0,0.0,0.0,0.17653749483816328,0.18849304026775876,0.006714889257804282,0.928,0.511,-0.664,-0.924
circle,linoleum,0.2,2.2000350952148438,2.2000350952148438,0.0,0.0,0.0,0.1623155440054313,0.22270457933767396,0.00737587411186166,0.903,0.837,-0.758,-1.082
circle,linoleum,0.2,2.400012731552124,2.400012731552124,0.0,0.0,0.0,0.1400823802349616,0.25566217334362706,0.0070833533546570335,0.778,0.559,-0.708,-0.554
circle,linoleum,0.2,2.600041627883911,2.600041627883911,0.0,0.0,0.0,0.11199806683405093,0.28512631434232927,0.006698013028326659,0.792,0.563,-0.373,-0.995
circle,linoleum,0.2,2.800027370452881,2.800027370452881,0.0,0.0,0.0,0.08088834811838076,0.31008135544457804,0.006333298733494394,0.721,0.289,-0.107,-0.939
circle,linoleum,0.2,3.000028133392334,3.000028133392334,4.797484501990258,2.69547120631869,-0.5465330740022407,0.045790365516042895,0.3285350370936334,0.00603046368185142,0.7,0.272,-0.154,-0.7
circle,linoleum,0.2,-3.083169285451071,3.2000160217285156,4.797484501990258,2.69547120631869,-0.5465330740022407,0.006729214473554502,0.3382705225004179,0.005986397879245892,0.824,0.235,-0.11,-0.728
circle,linoleum,0.2,-2.8831644693957728,3.4000208377838135,4.797484501990258,2.69547120631869,-0.5465330740022407,-0.0328809757102117,0.34178736153668055,0.00551667487464895,0.505,0.082,0.103,-0.554
circle,linoleum,0.2,-2.6831899325000212,3.5999953746795654,4.797484501990258,2.69547120631869,-0.5465330740022407,-0.07211730724716625,0.3398972924463921,0.004835997606640783,-0.018,-0.292,0.357,-0.064
circle,linoleum,0.2,-2.483182493840353,3.8000028133392334,4.797484501990258,2.69547120631869,-0.5465330740022407,-0.10868324775999262,0.3342388815106777,0.003988431601455307,-0.211,-0.534,0.813,0.208
circle,linoleum,0.2,-2.2831917444812224,3.9999935626983643,4.797484501990258,2.69547120631869,-0.5465330740022407,-0.14164698214962596,0.3223063979213042,0.00259988526576021,-0.33,-0.753,1.061,0.321
circle,linoleum,0.2,-2.0831840674029753,4.200001239776611,4.797484501990258,2.69547120631869,-0.5465330740022407,-0.16865504396155612,0.3021543446008679,0.0026608275314163312,-0.303,-0.787,0.978,0.231
circle,linoleum,0.2,-1.8831701914416714,4.400015115737915,4.797484501990258,2.69547120631869,-0.5465330740022407,-0.1915651502175375,0.27637633898147695,0.0035224575808860846,-0.811,-0.908,0.896,0.746
circle,linoleum,0.2,-1.6831660906421109,4.600019216537476,4.797484501990258,2.69547120631869,-0.5465330740022407,-0.20819023068522263,0.24685573354394322,0.003796229048492635,-0.847,-0.846,1.002,0.848
circle,linoleum,0.2,-1.483168427144186,4.8000168800354,4.797484501990258,2.69547120631869,-0.5465330740022407,-0.2175065785464843,0.21375503055671397,0.001906081263931727,-0.961,-0.782,1.168,1.128
circle,linoleum,0.2,-1.2831502596484585,5.000035047531128,4.797484501990258,2.69547120631869,-0.5465330740022407,-0.21804955630370215,0.1772171932776433,0.0016651251555875148,-0.983,-0.525,0.853,0.927
circle,linoleum,0.2,-1.0831707159625454,5.200014591217041,4.797484501990258,2.69547120631869,-0.5465330740022407,-0.21026925672595476,0.14187004009615883,0.000980697881641012,-0.805,-0.754,0.801,0.975
circle,linoleum,0.2,-0.8831446806537075,5.400040626525879,4.797484501990258,2.69547120631869,-0.5465330740022407,-0.19431507396687864,0.10716060913185482,0.0011860259615552415,-1.011,-0.783,0.73,0.94
circle,linoleum,0.2,-0.68316632906069,5.6000189781188965,4.797484501990258,2.69547120631869,-0.5465330740022407,-0.17066814648102924,0.07802670645139236,0.0013097853969417012,-0.982,-0.877,0.825,1.039
circle,linoleum,0.2,-0.48316723505129144,5.800018072128296,4.797484501990258,2.69547120631869,-0.5465330740022407,-0.1428702006356819,0.05125600607573208,0.0011982143893528368,-0.908,-0.166,0.438,1.004
circle,linoleum,0.2,-0.283160750065939,6.0000245571136475,4.797484501990258,2.69547120631869,-0.5465330740022407,-0.11097593333434723,0.03026591424430651,0.0010144504360741994,-0.924,-0.266,0.657,1.129
circle,linoleum,0.2,-0.0831607023822232,6.200024604797363,4.797484501990258,2.69547120631869,-0.5465330740022407,-0.07461535858728097,0.013748849383500926,0.0010763301261038577,-0.591,-0.045,0.24,0.66
circle,linoleum,0.2,2.9416796286874494,0.19991302490234375,0.28007485474203,0.14997498964372857,-0.244162757637717,7.199470694538301e-07,-7.239107802127498e-07,9.375726812996341e-07,-0.467,-0.358,0.472,0.435
circle,linoleum,0.2,2.741691978769847,0.3999006748199463,0.28007485474203,0.14997498964372857,-0.244162757637717,-0.020803740372468633,0.0009581446508633712,0.000228767768036348,0.617,-0.298,0.454,-0.62
circle,linoleum,0.2,2.5413407405191144,0.6002519130706787,0.28007485474203,0.14997498964372857,-0.244162757637717,-0.05737279011149806,0.004958741667252898,0.00046691132774221366,0.694,0.309,-0.095,-0.727
circle,linoleum,0.2,2.3416413386636457,0.7999513149261475,0.28007485474203,0.14997498964372857,-0.244162757637717,-0.09134413059834989,0.014298652920740337,0.0013791702823983648,0.767,0.458,-0.327,-0.862
circle,linoleum,0.2,2.141627701120921,0.9999649524688721,0.28007485474203,0.14997498964372857,-0.244162757637717,-0.12029099785877365,0.03245438474580313,0.0020345341562861318,0.617,0.418,-0.371,-1.04
circle,linoleum,0.2,1.9416390975290023,1.199953556060791,0.28007485474203,0.14997498964372857,-0.244162757637717,-0.1445793390906961,0.056931412486217,0.0029702319439728797,0.671,0.845,-0.707,-0.933
circle,linoleum,0.2,1.7416831572824205,1.399909496307373,0.28007485474203,0.14997498964372857,-0.244162757637717,-0.1639603385664425,0.08518503274063395,0.003168059681506642,0.732,0.859,-0.974,-1.012
circle,linoleum,0.2,1.5416215976052963,1.599971055984497,0.28007485474203,0.14997498964372857,-0.244162757637717,-0.1742268594630703,0.11774805981742648,0.003342448055657616,0.826,0.744,-1.132,-0.857
circle,linoleum,0.2,1.3410166819863998,1.8005759716033936,0.28007485474203,0.14997498964372857,-0.244162757637717,-0.17695097052328396,0.1521918573496793,0.0037081008975393412,0.678,0.98,-0.811,-1.003
circle,linoleum,0.2,1.1416737159066876,1.9999189376831055,0.28007485474203,0.14997498964372857,-0.244162757637717,-0.17113427320138908,0.18831288778622413,0.0042350154567820635,0.876,0.987,-0.694,-0.911
circle,linoleum,0.2,0.9410099108987532,2.20058274269104,0.28007485474203,0.14997498964372857,-0.244162757637717,-0.15689722815575072,0.2236317704813984,0.0038074834129233877,0.724,0.877,-0.847,-0.787
circle,linoleum,0.2,0.7416738589578352,2.399918794631958,0.28007485474203,0.14997498964372857,-0.244162757637717,-0.1362894718669381,0.2560718381536998,0.0044403431651626945,0.677,1.025,-1.133,-0.875
circle,linoleum,0.2,0.541656406717845,2.5999362468719482,0.28007485474203,0.14997498964372857,-0.244162757637717,-0.11007633307095732,0.2840140256569574,0.005291654744712396,0.376,0.98,-1.027,-0.53
circle,linoleum,0.2,0.34163370926911446,2.7999589443206787,0.28007485474203,0.14997498964372857,-0.244162757637717,-0.07953952978495113,0.30755980194405685,0.005805440574878459,0.371,0.941,-0.965,-0.475
circle,linoleum,0.2,0.14167276223237135,2.999919891357422,0.28007485474203,0.14997498964372857,-0.244162757637717,-0.04448727547712044,0.32533397335636205,0.005776376077934058,0.279,0.587,-0.825,-0.232
circle,linoleum,0.2,-0.05832513968413254,3.199917793273926,0.28007485474203,0.14997498964372857,-0.244162757637717,-0.006189319118451227,0.33660218258032965,0.0046578591351009255,0.205,0.493,-0.654,-0.186
circle,linoleum,0.2,-0.25877794424956224,3.4003705978393555,0.28007485474203,0.14997498964372857,-0.244162757637717,0.03345758202985637,0.34031956176811,0.0041900121070189145,-0.044,0.588,-0.471,-0.033
circle,linoleum,0.2,-0.4583259503073015,3.5999186038970947,0.28007485474203,0.14997498964372857,-0.244162757637717,0.0728065401228515,0.3392597916676354,0.0039171791802549705,-0.482,0.003,-0.084,0.467
circle,linoleum,0.2,-0.6588996330923357,3.800492286682129,0.28007485474203,0.14997498964372857,-0.244162757637717,0.10958468677672764,0.3345715890301451,0.0030377371509229395,-0.616,-0.206,0.305,0.773
circle,linoleum,0.2,-0.8583455959982199,3.9999382495880127,-0.06846685544548325,-0.04545734304748317,0.41622426158878156,0.14233222256257552,0.3214665037372256,0.0022107979368425268,-0.683,-0.176,0.395,0.913
circle,linoleum,0.2,-1.0583556572622574,4.199948310852051,-0.06846685544548325,-0.04545734304748317,0.41622426158878156,0.16967843335054617,0.3017308063432846,0.00166137992152532,-0.853,-0.327,0.591,0.966
circle,linoleum,0.2,-1.2583771626180924,4.399969816207886,-0.06846685544548325,-0.04545734304748317,0.41622426158878156,0.19277036219157045,0.2778387032396636,0.0018085789615017644,-0.849,-0.77,1.028,0.632
circle,linoleum,0.2,-1.4583505074209488,4.599943161010742,-0.06846685544548325,-0.04545734304748317,0.41622426158878156,0.20995063921932733,0.24916982772929303,0.0013313540305897708,-0.708,-0.833,1.003,0.579
circle,linoleum,0.2,-1.6590007225698746,4.800593376159668,-0.06846685544548325,-0.04545734304748317,0.41622426158878156,0.218898305144694,0.21464230590954328,0.0005353541719366353,-0.638,-0.925,0.73,0.865
circle,linoleum,0.2,-1.858764974278859,5.000357627868652,-0.06846685544548325,-0.04545734304748317,0.41622426158878156,0.21876187238556244,0.18221584395568505,-0.0003347133638170565,-0.567,-0.847,0.961,0.727
circle,linoleum,0.2,-2.0588015000051767,5.200394153594971,-0.06846685544548325,-0.04545734304748317,0.41622426158878156,0.21013587476471363,0.14248656768710302,-0.0004115942788576112,-0.688,-0.695,1.214,0.811
circle,linoleum,0.2,-2.2583609501547137,5.399953603744507,-0.06846685544548325,-0.04545734304748317,0.41622426158878156,0.19387847610392586,0.10799121584798552,-0.0004772243199517958,-0.682,-0.891,0.824,0.607
circle,linoleum,0.2,-2.4583638588613788,5.599956512451172,-0.06846685544548325,-0.04545734304748317,0.41622426158878156,0.1712619721125932,0.07650558697104289,0.0008710054312552491,-0.552,-0.88,0.935,0.557
circle,linoleum,0.2,-2.6584156433767596,5.800008296966553,-0.06846685544548325,-0.04545734304748317,0.41622426158878156,0.14328712851132783,0.04919885727792013,0.0012741620432684501,-0.139,-0.887,1.101,0.248
circle,linoleum,0.2,-2.8584087769216815,6.000001430511475,-0.06846685544548325,-0.04545734304748317,0.41622426158878156,0.11108135382097645,0.026977088684911995,0.002131104209165292,-0.249,-0.815,0.929,0.181
circle,linoleum,0.2,-3.0583411137289325,6.199933767318726,-0.06846685544548325,-0.04545734304748317,0.41622426158878156,0.07423910563387712,0.011406785322463708,0.001975467033468188,-0.074,-0.509,0.88,0.184
circle,linoleum,0.2,0.20000100135803225,0.20000100135803223,0.0,0.0,0.0,-4.341301426277755e-06,-4.3218564928469705e-06,1.875145949365364e-06,-0.34,-0.42,0.471,0.35
circle,linoleum,0.2,0.40000629425048834,0.4000062942504883,0.0,0.0,0.0,0.02109369973866556,0.0013731135869593306,0.00022876783297794058,-0.468,0.527,-0.812,0.563
circle,linoleum,0.2,0.6000049114227295,0.6000049114227295,0.0,0.0,0.0,0.056949543568343,0.005170021225888683,0.0005447300374236926,0.151,0.695,-0.7,-0.256
circle,linoleum,0.2,0.8000111579895021,0.800011157989502,0.0,0.0,0.0,0.09094148084928655,0.0154349164670909,0.0006216110585336582,0.451,0.906,-0.774,-0.421
circle,linoleum,0.2,1.00001859664917,1.00001859664917,0.0,0.0,0.0,0.11993136010003677,0.03369768155047553,0.002121728575767242,0.318,0.853,-0.897,-0.45
circle,linoleum,0.2,1.2000222206115723,1.2000222206115723,0.0,0.0,0.0,0.14347961899821646,0.05761490899620565,0.00365278367585491,0.744,0.892,-1.041,-0.85
circle,linoleum,0.2,1.4000191688537595,1.4000191688537598,0.0,0.0,0.0,0.16257253670017807,0.08511738829757717,0.005364782985054096,0.911,0.999,-0.943,-1.175
circle,linoleum,0.2,1.6000490188598633,1.6000490188598633,0.0,0.0,0.0,0.17416539152321683,0.11682589374270592,0.004458155884156968,1.07,0.972,-0.876,-1.23
circle,linoleum,0.2,1.8000328540802002,1.8000328540802002,4.685163669052936,2.6358479200431795,-1.0401885622371008,0.17738854046729943,0.15282995186574055,0.004948503711320075,0.859,0.807,-1.027,-1.252
circle,linoleum,0.2,2.0000765323638916,2.0000765323638916,4.685163669052936,2.6358479200431795,-1.0401885622371008,0.1712602597827198,0.18933916505393444,0.004683172202148927,1.14,0.567,-0.736,-0.899
circle,linoleum,0.2,2.20009708404541,2.20009708404541,4.685163669052936,2.6358479200431795,-1.0401885622371008,0.15716192548040586,0.22369750473356315,0.00500663284055977,0.796,0.832,-0.721,-1.216
circle,linoleum,0.2,2.4001455307006836,2.4001455307006836,4.685163669052936,2.6358479200431795,-1.0401885622371008,0.1348687772469086,0.25660388716210547,0.004973818011137738,0.76,0.642,-0.724,-0.76
circle,linoleum,0.2,2.600119113922119,2.600119113922119,4.685163669052936,2.6358479200431795,-1.0401885622371008,0.10682985582009794,0.28591813989463405,0.004824744877227005,0.803,0.483,-0.557,-0.858
circle,linoleum,0.2,2.8000409603118896,2.8000409603118896,4.685163669052936,2.6358479200431795,-1.0401885622371008,0.07522118171917308,0.3108543279317314,0.004439404516545087,0.574,0.306,-0.296,-0.808
circle,linoleum,0.2,3.0000104904174805,3.0000104904174805,4.685163669052936,2.6358479200431795,-1.0401885622371008,0.03976045012723232,0.3289242454262099,0.004558475680799576,0.798,0.158,-0.196,-0.739
circle,linoleum,0.2,-3.0831649939166472,3.2000203132629395,4.685163669052936,2.6358479200431795,-1.0401885622371008,0.0013537426215490186,0.33875326189316207,0.004381275269567513,0.751,0.231,-0.07,-0.697
circle,linoleum,0.2,-2.8831711451159876,3.4000141620635986,4.685163669052936,2.6358479200431795,-1.0401885622371008,-0.03812233793432985,0.3425259051310575,0.0034390175307583474,0.279,0.11,0.0,-0.5
circle,linoleum,0.2,-2.683137718831198,3.6000475883483887,4.685163669052936,2.6358479200431795,-1.0401885622371008,-0.07727689086947653,0.3409873757005704,0.002598015578147305,0.06,-0.416,0.395,-0.017
circle,linoleum,0.2,-2.4831641356097625,3.800021171569824,4.685163669052936,2.6358479200431795,-1.0401885622371008,-0.11428967824262118,0.3351894511008212,0.001974529589138349,-0.18,-0.582,0.757,0.196
circle,linoleum,0.2,-2.2831819693194793,4.000003337860107,4.685163669052936,2.6358479200431795,-1.0401885622371008,-0.14691368228995064,0.3231326816587773,0.0009206970061573087,-0.325,-0.808,1.013,0.337
circle,linoleum,0.2,-2.0831497351275847,4.200035572052002,4.685163669052936,2.6358479200431795,-1.0401885622371008,-0.17410248122135913,0.302794004951081,0.0013388548131456719,-0.327,-0.867,0.911,0.294
circle,linoleum,0.2,-1.8831680456744595,4.400017261505127,4.685163669052936,2.6358479200431795,-1.0401885622371008,-0.196794263468318,0.27742943802284775,0.0018038912505545946,-0.725,-0.963,0.95,0.833
circle,linoleum,0.2,-1.6831856409655972,4.599999666213989,4.685163669052936,2.6358479200431795,-1.0401885622371008,-0.21364146963994224,0.24776730894237015,0.0018432693306293408,-0.901,-0.848,0.886,0.856
circle,linoleum,0.2,-1.4831820170031949,4.800003290176392,4.685163669052936,2.6358479200431795,-1.0401885622371008,-0.22270122852396504,0.21477603381086696,-0.00012282205077337799,-1.016,-0.661,0.999,1.059
circle,linoleum,0.2,-1.2831848303424283,5.000000476837158,4.685163669052936,2.6358479200431795,-1.0401885622371008,-0.22333837936081463,0.17824415234707858,-0.00036190308639077323,-0.915,-0.646,0.91,0.913
circle,linoleum,0.2,-1.0831423441516324,5.200042963027954,4.685163669052936,2.6358479200431795,-1.0401885622371008,-0.21542650684259662,0.14253378504241704,-0.0010078902055742616,-0.735,-0.74,0.706,1.027
circle,linoleum,0.2,-0.883155171071188,5.400030136108398,4.685163669052936,2.6358479200431795,-1.0401885622371008,-0.1995301224778838,0.10786387991250178,-0.0010003896340257975,-0.921,-0.997,0.8,1.022
circle,linoleum,0.2,-0.6831889788257046,5.599996328353882,4.685163669052936,2.6358479200431795,-1.0401885622371008,-0.17592829368109902,0.07860440546157269,-0.0011335247608592076,-0.894,-0.707,0.995,0.853
circle,linoleum,0.2,-0.4831927458392544,5.799992561340332,4.685163669052936,2.6358479200431795,-1.0401885622371008,-0.14785893429584654,0.05184935156360351,-0.001213218303708749,-1.015,-0.304,0.724,1.195
circle,linoleum,0.2,-0.28316051164735995,6.000024795532227,4.685163669052936,2.6358479200431795,-1.0401885622371008,-0.11565973151996975,0.03050827076704791,-0.0014485485593591489,-0.984,-0.288,0.614,1.227
circle,linoleum,0.2,-0.08318144479860504,6.2000038623809814,4.685163669052936,2.6358479200431795,-1.0401885622371008,-0.07941648779505558,0.0143917343076988,-0.001501052501806756,-0.596,0.043,0.256,0.835
circle,linoleum,0.2,2.9416023810678205,0.19999027252197266,0.0,0.0,0.0,7.193604195585013e-07,-7.244937455207212e-07,9.375720829768106e-07,-0.452,-0.375,0.45,0.474
circle,linoleum,0.2,2.741584213572093,0.4000084400177002,0.0,0.0,0.0,-0.02100009805796573,0.0009677104209002002,0.0004359711734360698,0.632,-0.255,0.407,-0.598
circle,linoleum,0.2,2.541562708216258,0.6000299453735352,0.0,0.0,0.0,-0.057298156944941066,0.004942938142160978,0.000546604762397742,0.384,0.382,-0.169,-0.739
circle,linoleum,0.2,2.3416110595040998,0.7999815940856934,0.0,0.0,0.0,-0.0910725511416095,0.014502138466034785,0.0013819825076786057,0.822,0.36,-0.299,-0.885
circle,linoleum,0.2,2.14160409768159,0.9999885559082031,0.0,0.0,0.0,-0.11990901821179903,0.03283016983023094,0.002215485382774403,0.865,0.414,-0.467,-0.967
circle,linoleum,0.2,1.9416095336251935,1.1999831199645996,0.0,0.0,0.0,-0.14406030789707686,0.05714758264036238,0.0028089692810663045,0.884,0.724,-0.835,-0.971
circle,linoleum,0.2,1.7415722926431383,1.4000203609466553,0.0,0.0,0.0,-0.16322931921650768,0.08521370200324868,0.003396827382430394,0.935,0.842,-1.058,-0.973
circle,linoleum,0.2,1.5415979941659652,1.5999946594238281,0.0,0.0,0.0,-0.17361611657522752,0.11758607606240962,0.0035618400910479827,0.879,0.748,-1.078,-0.858
circle,linoleum,0.2,1.3415741046243392,1.800018548965454,0.0,0.0,0.0,-0.17635690950162644,0.15230511180234235,0.004109381887802917,0.712,1.015,-0.835,-0.936
circle,linoleum,0.2,1.1415731032663068,2.0000195503234863,0.0,0.0,0.0,-0.17064970810202199,0.18829182268637845,0.004478784701605442,0.871,1.144,-0.902,-1.013
circle,linoleum,0.2,0.9415904601388655,2.2000021934509277,0.0,0.0,0.0,-0.15638667086614777,0.22363441130230505,0.0038384237812500604,0.636,0.941,-0.836,-0.63
circle,linoleum,0.2,0.7416192611032209,2.3999733924865723,0.0,0.0,0.0,-0.13570524709181023,0.25620444724531566,0.004465658719313384,0.557,1.005,-1.067,-0.773
circle,linoleum,0.2,0.5416313727670393,2.599961280822754,0.0,0.0,0.0,-0.1092722483618506,0.28404822912267474,0.0057304384060598065,0.37,0.988,-0.959,-0.546
circle,linoleum,0.2,0.34157481988007643,2.800017833709717,0.0,0.0,0.0,-0.07877447630800721,0.3077976293354839,0.006352981586022587,0.199,1.036,-0.908,-0.469
circle,linoleum,0.2,0.14128223259980302,3.0003104209899902,0.0,0.0,0.0,-0.04371694638432234,0.3257652976042203,0.006397984641644823,0.267,0.705,-0.713,-0.139
circle,linoleum,0.2,-0.05841049353545091,3.200003147125244,0.0,0.0,0.0,-0.005180022285179983,0.3369921305462216,0.0048697512366271,0.16,0.61,-0.634,-0.151
circle,linoleum,0.2,-0.2583993355459489,3.399991989135742,0.0,0.0,0.0,0.0343396832739202,0.3407080538001938,0.004554727875663408,-0.031,0.547,-0.446,-0.033
circle,linoleum,0.2,-0.4583874623007097,3.599980115890503,0.0,0.0,0.0,0.07374886567121346,0.3395642211256431,0.004230328531828863,-0.444,0.004,-0.061,0.438
circle,linoleum,0.2,-0.6583786884969988,3.799971342086792,0.0,0.0,0.0,0.11065055098950174,0.3347410425940875,0.0034512065755853707,-0.623,-0.163,0.236,0.804
circle,linoleum,0.2,-0.858372537297658,3.999965190887451,0.0,0.0,0.0,0.14308451577961187,0.32135706353280413,0.0026720836039989954,-0.706,-0.242,0.302,0.807
circle,linoleum,0.2,-1.058438388509206,4.200031042098999,0.0,0.0,0.0,0.17046012367697094,0.30127252368440505,0.002052347592923705,-0.874,-0.282,0.595,1.05
circle,linoleum,0.2,-1.2583874146169938,4.399980068206787,0.0,0.0,0.0,0.1935493934668191,0.2770150482357515,0.002149855238586164,-0.893,-0.743,1.037,0.855
circle,linoleum,0.2,-1.4584017674154557,4.599994421005249,0.0,0.0,0.0,0.2109456767129016,0.24807018930578068,0.001706382950876709,-0.733,-0.68,1.015,0.523
circle,linoleum,0.2,-1.6587260643667496,4.800318717956543,0.0,0.0,0.0,0.21997056917425048,0.21389357553943716,0.000981638669332587,-0.711,-0.775,0.828,0.913
circle,linoleum,0.2,-1.85886820952361,5.000460863113403,0.0,0.0,0.0,0.21986790320368932,0.1783887419984632,0.00019032716374972982,-0.508,-0.906,0.846,0.751
circle,linoleum,0.2,-2.0591371933645526,5.200729846954346,0.0,0.0,0.0,0.2112638586421831,0.14223189038946893,-5.344160611964557e-05,-0.698,-0.723,1.225,0.791
circle,linoleum,0.2,-2.2588160912222186,5.400408744812012,0.0,0.0,0.0,0.19509638495716597,0.10762487192847012,0.0001125086608823793,-0.741,-0.928,0.992,0.48
circle,linoleum,0.2,-2.458845225972584,5.600437879562378,0.0,0.0,0.0,0.17285834753756213,0.0762713551824419,0.0013051014826326935,-0.579,-0.942,0.959,0.554
circle,linoleum,0.2,-2.658836690587452,5.800429344177246,0.0,0.0,0.0,0.14677323689973734,0.05130569713905307,0.0017204465543235313,-0.27,-0.769,1.134,0.282
circle,linoleum,0.2,-2.8585022370046893,6.000094890594482,0.0,0.0,0.0,0.11183920273411,0.026922576684626852,0.0025455112164133368,-0.315,-0.868,0.897,0.13
circle,linoleum,0.2,-3.0585080067343036,6.200100660324097,0.0,0.0,0.0,0.07506778012142262,0.011281001519269165,0.002671146030807787,-0.121,-0.605,0.949,0.17
figure_eight,linoleum,0.2,2.363757650512333,0.20000314712524414,0.0,0.0,0.0,0.0,0.0,0.0,0.192,0.059,-0.041,-0.294
figure_eight,linoleum,0.2,2.3872229201796795,0.4000077247619629,0.0,0.0,0.0,-0.019268827698557235,0.01592647353614455,0.00027002052605297044,1.733,0.395,-0.32,-1.747
figure_eight,linoleum,0.2,2.429071366299714,0.5999982357025146,0.0,0.0,0.0,-0.05770879302847325,0.04757784800621572,-5.0628866077892173e-05,0.98,0.29,-0.554,-0.815
figure_eight,linoleum,0.2,2.4939918555251595,0.7999870777130127,0.0,0.0,0.0,-0.09722724211406908,0.07968671951747631,-0.0002522068089954193,0.89,0.386,-0.29,-0.874
figure_eight,linoleum,0.2,2.5897339350758433,1.000007152557373,0.0,0.0,0.0,-0.13568811967591363,0.1087363354806536,8.813171707018272e-05,0.627,0.25,-0.403,-0.768
figure_eight,linoleum,0.2,2.727902626637632,1.2000179290771484,0.0,0.0,0.0,-0.16647261196028307,0.12826723789375488,0.0005991078089895127,0.56,0.28,-0.393,-0.829
figure_eight,linoleum,0.2,2.9229256747758856,1.4000041484832764,4.292146723442481,2.4147025820558916,-1.079534087396647,-0.2045323401112295,0.14603190255785897,0.001526363464757131,0.653,0.502,-0.231,-0.966
figure_eight,linoleum,0.2,-3.0996333906831675,1.6000502109527588,4.292146723442481,2.4147025820558916,-1.079534087396647,-0.23867950746722688,0.15689076178871408,0.0010613296207663465,0.467,0.104,-0.21,-0.833
figure_eight,linoleum,0.2,-2.7911704107751363,1.8000006675720215,4.292146723442481,2.4147025820558916,-1.079534087396647,-0.26771792112048687,0.15987717668110452,0.001471984545480779,0.274,0.134,-0.04,-0.681
figure_eight,linoleum,0.2,-2.485263315298508,2.0000126361846924,4.292146723442481,2.4147025820558916,-1.079534087396647,-0.2947040664159032,0.1583699205454852,0.00086350251189355,-0.059,-0.206,0.445,-0.118
figure_eight,linoleum,0.2,-2.2274469820030287,2.200007200241089,4.292146723442481,2.4147025820558916,-1.079534087396647,-0.3178751006040983,0.15418935898742714,-6.844272760579305e-05,-0.263,-0.687,0.92,0.236
figure_eight,linoleum,0.2,-2.0276281345468488,2.39990234375,4.292146723442481,2.4147025820558916,-1.079534087396647,-0.33722898621066266,0.14405184491393644,-0.002706773349908309,-0.323,-0.655,1.123,0.589
figure_eight,linoleum,0.2,-1.8733633576297455,2.6000311374664307,4.292146723442481,2.4147025820558916,-1.079534087396647,-0.3544176546459009,0.12751332862079284,-0.004655048400295115,-0.785,-0.772,1.125,0.905
figure_eight,linoleum,0.2,-1.7492630121828536,2.80000638961792,4.292146723442481,2.4147025820558916,-1.079534087396647,-0.3700415397138681,0.10536196678690114,-0.006864893846098797,-0.85,-0.648,1.199,1.127
figure_eight,linoleum,0.2,-1.6421051712353922,3.0000433921813965,4.292146723442481,2.4147025820558916,-1.079534087396647,-0.380632976424714,0.07647987095570363,-0.007809017324212469,-1.057,-0.501,0.939,0.743
figure_eight,linoleum,0.2,-1.5415381282424712,3.2000341415405273,4.292146723442481,2.4147025820558916,-1.079534087396647,-0.38625831937557514,0.04188221677775482,-0.006544247123287392,-0.8,-0.791,0.876,0.758
figure_eight,linoleum,0.2,-1.4383072977982574,3.400000810623169,4.292146723442481,2.4147025820558916,-1.079534087396647,-0.3879806453457156,0.005765924738001735,-0.006468304409890565,-0.68,-0.796,0.922,0.939
figure_eight,linoleum,0.2,-1.322592523804112,3.600105047225952,4.292146723442481,2.4147025820558916,-1.079534087396647,-0.3855573484530727,-0.03127821340015459,-0.006322981863387509,-0.756,-0.556,0.883,1.053
figure_eight,linoleum,0.2,-1.1827908621006926,3.7999985218048096,4.292146723442481,2.4147025820558916,-1.079534087396647,-0.3779440687566531,-0.06721593927838035,-0.0062667279501693145,-0.683,-0.418,0.82,0.733
figure_eight,linoleum,0.2,-1.0038429639097637,4.000015020370483,4.292146723442481,2.4147025820558916,-1.079534087396647,-0.36680825569825504,-0.09924575559748139,-0.005753879185273437,-0.804,-0.643,0.982,1.083
figure_eight,linoleum,0.2,-0.7707371297097263,4.2000038623809814,4.995054682254578,2.807477284909453,-0.5552598591436955,-0.35130308770894364,-0.12686179807902795,-0.005914203132479335,-0.688,-0.52,0.974,0.852
figure_eight,linoleum,0.2,-0.4812665106860884,4.400004148483276,4.995054682254578,2.807477284909453,-0.5552598591436955,-0.3324410235348209,-0.14994137264634677,-0.00597983279024328,-0.639,-0.457,0.64,0.658
figure_eight,linoleum,0.2,-0.1667429388735134,4.600013732910156,4.995054682254578,2.807477284909453,-0.5552598591436955,-0.3112202397420807,-0.16783858962088863,-0.0054744840128400935,-0.648,-0.193,0.2,0.627
figure_eight,linoleum,0.2,0.11813582078212198,4.800022125244141,4.995054682254578,2.807477284909453,-0.5552598591436955,-0.28789946378974735,-0.17870064141699715,-0.005032889097117708,-0.639,0.007,0.152,0.613
figure_eight,linoleum,0.2,0.34029180775022877,4.9999940395355225,4.995054682254578,2.807477284909453,-0.5552598591436955,-0.26016739190965715,-0.18172238309394106,-0.005293533305219306,-0.333,0.014,0.055,0.362
figure_eight,linoleum,0.2,0.5004446485593889,5.200132846832275,4.995054682254578,2.807477284909453,-0.5552598591436955,-0.22958135368268442,-0.18076066125475135,-0.004525663657454431,-0.04,0.601,-0.494,-0.129
figure_eight,linoleum,0.2,0.6121168145451167,5.400053024291992,4.995054682254578,2.807477284909453,-0.5552598591436955,-0.19700934578951704,-0.1758348274751604,-0.0035477763481184758,0.165,0.819,-0.915,-0.4
figure_eight,linoleum,0.2,0.6886905852363554,5.600024938583374,4.995054682254578,2.807477284909453,-0.5552598591436955,-0.16260646467976364,-0.16360791373310163,-0.0028267827375213495,0.335,1.077,-0.982,-0.542
figure_eight,linoleum,0.2,0.7394052157192714,5.79998254776001,4.995054682254578,2.807477284909453,-0.5552598591436955,-0.12605823828124324,-0.1432577157987715,-0.001563871238255099,0.384,0.955,-0.959,-0.545
figure_eight,linoleum,0.2,0.7701129241086679,6.000052213668823,4.995054682254578,2.807477284909453,-0.5552598591436955,-0.08796917670953948,-0.11567278688755811,-0.0005494172111262538,0.267,1.368,-0.896,-0.411
figure_eight,linoleum,0.2,0.7840994347376079,6.200019359588623,4.995054682254578,2.807477284909453,-0.5552598591436955,-0.048743326451145486,-0.08218066144899966,-0.00042847037357592217,0.337,1.273,-0.826,-0.472
figure_eight,linoleum,0.2,0.782831401962003,6.400020599365234,4.995054682254578,2.807477284909453,-0.5552598591436955,-0.008891043744641896,-0.04613660534260193,-0.0005316033343835153,0.325,1.07,-0.724,-0.38
figure_eight,linoleum,0.2,0.766176349448499,6.600015640258789,4.9195956976237625,2.7640938752191837,-0.5911885034097809,0.03132817944927421,-0.008879684995926763,-0.0007613086226904973,0.349,1.052,-0.92,-0.641
figure_eight,linoleum,0.2,0.7323923002226258,6.800049304962158,4.9195956976237625,2.7640938752191837,-0.5911885034097809,0.0710166354100765,0.027979528118120045,-0.0017204460087497304,0.321,0.933,-0.436,-0.572
figure_eight,linoleum,0.2,0.6778152963348523,7.000007152557373,4.9195956976237625,2.7640938752191837,-0.5911885034097809,0.1103560032732057,0.061532511546199015,-0.0024583163876927125,0.516,1.314,-0.87,-0.718
figure_eight,linoleum,0.2,0.5960664329278719,7.200016260147095,4.9195956976237625,2.7640938752191837,-0.5911885034097809,0.14849435378787648,0.09187573986189965,-0.001896709832471622,0.363,1.148,-0.906,-0.457
figure_eight,linoleum,0.2,0.4772213300052965,7.400010824203491,4.9195956976237625,2.7640938752191837,-0.5911885034097809,0.18481107597616356,0.11764039395567359,-7.219301432461736e-05,0.201,0.56,-0.429,-0.669
figure_eight,linoleum,0.2,0.3074952738087436,7.6000847816467285,4.9195956976237625,2.7640938752191837,-0.5911885034097809,0.2196787198662184,0.13801516174938372,0.0011794632864960365,0.285,0.79,-0.784,-0.414
figure_eight,linoleum,0.2,0.07416296311179005,7.80001974105835,4.9195956976237625,2.7640938752191837,-0.5911885034097809,0.252943126295054,0.15197091802784188,0.0001200091425455057,0.462,1.107,-0.806,-0.436
figure_eight,linoleum,0.2,-0.21903598812855427,8.00000548362732,4.9195956976237625,2.7640938752191837,-0.5911885034097809,0.2823980531553584,0.15847775945852033,0.0009778859732538408,-0.061,0.469,-0.52,-0.156
figure_eight,linoleum,0.2,-0.533046179180653,8.200000524520874,4.9195956976237625,2.7640938752191837,-0.5911885034097809,0.31000266588204717,0.1597741621634292,0.0012010273634808699,-0.109,0.162,-0.195,-0.004
figure_eight,linoleum,0.2,-0.8141466348339119,8.400002479553223,4.9195956976237625,2.7640938752191837,-0.5911885034097809,0.3344080154618591,0.1568647216503678,0.0012272792812308693,-0.793,-0.24,0.177,0.395
figure_eight,linoleum,0.2,-1.0377169834359017,8.600351095199585,4.9195956976237625,2.7640938752191837,-0.5911885034097809,0.3543037216420896,0.14945871335317187,0.0005203519030582519,-0.647,-0.272,0.382,0.863
figure_eight,linoleum,0.2,-1.209000529303893,8.800532341003418,4.9195956976237625,2.7640938752191837,-0.5911885034097809,0.3716346207683564,0.1344807142326528,-0.00046503569409592324,-0.765,-0.468,0.599,0.73
figure_eight,linoleum,0.2,-1.343741789557583,9.000495910644531,4.9195956976237625,2.7640938752191837,-0.5911885034097809,0.3880933961587764,0.1130222067742809,-0.0016970066712012127,-0.648,-0.633,0.937,0.862
figure_eight,linoleum,0.2,-1.4565291566614595,9.20052170753479,4.9195956976237625,2.7640938752191837,-0.5911885034097809,0.3999460991498295,0.08596824328348351,-0.0024433152117058253,-0.824,-0.779,1.013,0.702
figure_eight,linoleum,0.2,-1.5586020862094487,9.400394916534424,4.9195956976237625,2.7640938752191837,-0.5911885034097809,0.4077962152358485,0.05473209404542213,-0.003311508026788969,-0.639,-0.94,0.837,0.849
figure_eight,linoleum,0.2,-1.6596849425349063,9.600505828857422,4.9195956976237625,2.7640938752191837,-0.5911885034097809,0.4105310988678193,0.018728851453338493,-0.00406906646195874,-0.887,-0.804,0.959,0.787
figure_eight,linoleum,0.2,-1.7686227838015482,9.799982070922852,4.9195956976237625,2.7640938752191837,-0.5911885034097809,0.40983272160813816,-0.017790387256284818,-0.0042818951916871306,-0.874,-0.44,1.04,0.667
figure_eight,linoleum,0.2,-1.8968101943538886,10.00001311302185,4.9195956976237625,2.7640938752191837,-0.5911885034097809,0.4041665381105826,-0.05415038089724694,-0.0036209070029683266,-0.59,-0.776,0.96,0.659
figure_eight,linoleum,0.2,-2.0575115837724396,10.19999361038208,4.9195956976237625,2.7640938752191837,-0.5911885034097809,0.39432406003374826,-0.08757379366746067,-0.004191888339649606,-0.662,-0.686,1.034,0.648
figure_eight,linoleum,0.2,-2.2666247533851407,10.400006532669067,4.9195956976237625,2.7640938752191837,-0.5911885034097809,0.3817321367470609,-0.11559734689969844,-0.0033658872501933015,-0.603,-0.858,0.814,0.546
figure_eight,linoleum,0.2,-2.5342202285032056,10.600032806396484,4.9195956976237625,2.7640938752191837,-0.5911885034097809,0.3647899129457991,-0.1401559890799137,-0.002902726172641588,-0.605,-0.827,0.985,0.631
figure_eight,linoleum,0.2,-2.8444943842263437,10.800011396408081,4.685163669052936,2.6358479200431795,-1.0401885622371008,0.3445425361359365,-0.15977521726824126,-0.003095866244394575,-0.268,-0.527,0.855,0.159
figure_eight,linoleum,0.2,3.135338257988373,11.000006675720215,4.685163669052936,2.6358479200431795,-1.0401885622371008,0.32271418153283976,-0.17282910259112652,-0.0028877250006362986,-0.14,-0.585,0.732,0.117
figure_eight,linoleum,0.2,2.8855663676518075,11.20001769065857,4.685163669052936,2.6358479200431795,-1.0401885622371008,0.2949567058104716,-0.17892929592957982,-0.0021667310181439844,-0.065,-0.572,0.582,-0.036
figure_eight,linoleum,0.2,2.701076285698577,11.40000295639038,4.685163669052936,2.6358479200431795,-1.0401885622371008,0.26551267403313394,-0.17885754273864954,-0.0020326579984704055,0.34,-0.138,0.186,-0.397
figure_eight,linoleum,0.2,2.571004379902312,11.600053071975708,4.685163669052936,2.6358479200431795,-1.0401885622371008,0.23356819049737645,-0.17572364022877654,-0.001838580272701484,0.675,0.16,-0.169,-0.657
figure_eight,linoleum,0.2,2.4811589032326267,11.800060033798218,4.685163669052936,2.6358479200431795,-1.0401885622371008,0.19983343096119446,-0.1672183697960702,-0.0013257276006849357,1.032,0.265,-0.295,-0.989
figure_eight,linoleum,0.2,2.4205568813225566,12.00010085105896,4.685163669052936,2.6358479200431795,-1.0401885622371008,0.1647808367441402,-0.15021803262933425,-0.00031033627642781947,0.916,0.279,-0.215,-1.073
figure_eight,linoleum,0.2,2.3820789530185498,12.200020551681519,4.685163669052936,2.6358479200431795,-1.0401885622371008,0.12746477159342742,-0.12542261779157043,0.0010210141533113209,1.094,0.287,-0.457,-0.732
figure_eight,linoleum,0.2,2.361414637771536,12.399996280670166,4.685163669052936,2.6358479200431795,-1.0401885622371008,0.08842628089808409,-0.09615336225310808,0.0017326282327869967,0.774,0.533,-0.447,-1.093
figure_eight,linoleum,0.2,0.7778423470692801,0.1999068260192871,0.0,0.0,0.0,0.0,0.0,0.0,0.397,0.231,-0.21,-0.503
figure_eight,linoleum,0.2,0.7543845707183157,0.3999152183532715,0.0,0.0,0.0,0.020775559654285305,0.020655462861761946,-6.844272178321755e-05,0.35,1.731,-1.401,-0.45
figure_eight,linoleum,0.2,0.7125428923855196,0.5999157428741455,-3.3863550918355734,3.436168129238873,2.177022991145143,0.05741631733714735,0.05665286943083627,-0.00011063344549225394,0.431,0.415,-0.542,-0.363
figure_eight,linoleum,0.2,0.6476297982839319,0.7999134063720703,-3.3863550918355734,3.436168129238873,2.177022991145143,0.09464538071355394,0.09103359974942515,-7.031786498229442e-05,0.249,1.0,-0.96,-0.497
figure_eight,linoleum,0.2,0.5519143501437699,0.9999101161956787,-3.3863550918355734,3.436168129238873,2.177022991145143,0.1311515245139881,0.12056628368723904,-5.062886175217834e-05,0.303,1.153,-0.807,-0.422
figure_eight,linoleum,0.2,0.4136377675495546,1.2000815868377686,-3.3863550918355734,3.436168129238873,2.177022991145143,0.16645722193549412,0.1432785748999666,-0.0012132187349394748,0.42,1.012,-0.461,-0.536
figure_eight,linoleum,0.2,0.21877175872971255,1.3999121189117432,-3.3863550918355734,3.436168129238873,2.177022991145143,0.1971569459011594,0.15843425809619155,-0.0002981478152558018,0.22,0.575,-0.581,-0.446
figure_eight,linoleum,0.2,-0.041733979997694355,1.5998952388763428,-3.3863550918355734,3.436168129238873,2.177022991145143,0.23113841512641678,0.1703829723166645,-0.00019876519089665943,0.223,0.736,-0.557,-0.198
figure_eight,linoleum,0.2,-0.3502616194474418,1.7998993396759033,-3.3863550918355734,3.436168129238873,2.177022991145143,0.25980610578470764,0.1737220020198234,-0.0007678715777581148,0.124,0.548,-0.365,-0.19
figure_eight,linoleum,0.2,-0.6561739060633591,1.9999041557312012,-3.3863550918355734,3.436168129238873,2.177022991145143,0.28540932193825946,0.17228784308992745,-0.0013351032550336824,-0.342,0.076,0.081,0.31
figure_eight,linoleum,0.2,-0.9140356587373948,2.1999106407165527,-3.3863550918355734,3.436168129238873,2.177022991145143,0.3079379388977198,0.16746569922887,-0.001958589596819576,-0.637,-0.105,0.386,0.694
figure_eight,linoleum,0.2,-1.1139842636039285,2.3999249935150146,-3.3863550918355734,3.436168129238873,2.177022991145143,0.32646103876460153,0.1549713276771511,-0.0026955223860774895,-0.419,-0.359,0.285,0.644
figure_eight,linoleum,0.2,-1.268166723979428,2.5999395847320557,-3.3863550918355734,3.436168129238873,2.177022991145143,0.34310869870696,0.13639286037023635,-0.0034137034058690442,-0.655,-0.611,0.798,0.722
figure_eight,linoleum,0.2,-1.3922819237457755,2.799922466278076,-3.3863550918355734,3.436168129238873,2.177022991145143,0.3573779826897263,0.111568571995997,-0.003678098880561813,-0.689,-0.595,0.975,0.811
figure_eight,linoleum,0.2,-1.4994181101296449,2.9999077320098877,-3.3863550918355734,3.436168129238873,2.177022991145143,0.36676336762884576,0.08183219945863021,-0.003622782105260478,-0.841,-0.93,1.195,0.708
figure_eight,linoleum,0.2,-1.5999966065082716,3.199918746948242,-3.3863550918355734,3.436168129238873,2.177022991145143,0.37208492884172656,0.05204373331372815,-0.004190950768020656,-0.684,-0.867,0.88,0.744
figure_eight,linoleum,0.2,-1.703242473332836,3.399921178817749,-3.3863550918355734,3.436168129238873,2.177022991145143,0.372894307316856,0.012594306173910011,-0.0043690893284472915,-0.614,-0.83,0.879,0.66
figure_eight,linoleum,0.2,-1.8188967135582603,3.599940299987793,-3.3863550918355734,3.436168129238873,2.177022991145143,0.3695148662274725,-0.024292467531898662,-0.0038778017741473952,-0.85,-0.796,1.224,0.854
figure_eight,linoleum,0.2,-1.958761258174952,3.7999467849731445,4.685163669052936,2.6358479200431795,-1.0401885622371008,0.3619080605868794,-0.05924383437126936,-0.0038393613162742996,-0.726,-0.459,0.462,0.74
figure_eight,linoleum,0.2,-2.1376456646902593,3.999912977218628,4.685163669052936,2.6358479200431795,-1.0401885622371008,0.3504522399897583,-0.09083711596134698,-0.004202201626474934,-0.57,-0.597,1.041,0.757
figure_eight,linoleum,0.2,-2.370793097420758,4.19995641708374,4.685163669052936,2.6358479200431795,-1.0401885622371008,0.335867745856437,-0.11570021420221523,-0.005059141131541707,-0.485,-0.668,0.843,0.497
figure_eight,linoleum,0.2,-2.6601980869329083,4.399921655654907,4.685163669052936,2.6358479200431795,-1.0401885622371008,0.3151603217185425,-0.13998760746131783,-0.0045875433596743245,-0.466,-0.74,0.787,0.47
figure_eight,linoleum,0.2,-2.9747339123312373,4.599938631057739,4.685163669052936,2.6358479200431795,-1.0401885622371008,0.29368874893220415,-0.15626683910974964,-0.004205951912567785,-0.225,-0.632,0.829,0.143
figure_eight,linoleum,0.2,3.0235931001743093,4.799915552139282,4.685163669052936,2.6358479200431795,-1.0401885622371008,0.2695422951935959,-0.1660582687252795,-0.0039312433819772025,-0.072,-0.304,0.466,0.109
figure_eight,linoleum,0.2,2.801354984481351,4.999936819076538,4.685163669052936,2.6358479200431795,-1.0401885622371008,0.24458957787651997,-0.1680030956644179,-0.0039331185260183905,0.05,-0.319,0.599,-0.071
figure_eight,linoleum,0.2,2.6411373513785397,5.200148820877075,4.685163669052936,2.6358479200431795,-1.0401885622371008,0.21164301322897763,-0.16605522222014207,-0.003439017870428069,0.542,0.192,-0.039,-0.405
figure_eight,linoleum,0.2,2.5295318346298568,5.3999316692352295,4.685163669052936,2.6358479200431795,-1.0401885622371008,0.178673664354023,-0.16042955146088378,-0.002903663668674245,0.807,0.302,-0.205,-0.836
figure_eight,linoleum,0.2,2.4529269267357066,5.599945306777954,4.685163669052936,2.6358479200431795,-1.0401885622371008,0.14449839266655348,-0.14824164310652677,-0.001678255114265407,1.029,0.404,-0.391,-1.231
figure_eight,linoleum,0.2,2.402202737521605,5.799906015396118,4.685163669052936,2.6358479200431795,-1.0401885622371008,0.10788151667214518,-0.12727580414258682,-0.0005878576399228543,1.054,0.347,-0.361,-1.099
figure_eight,linoleum,0.2,2.3714945755112007,5.999917030334473,4.685163669052936,2.6358479200431795,-1.0401885622371008,0.06931207594711164,-0.09918004630224943,0.0004584722073765436,0.855,0.176,-0.692,-0.944
figure_eight,linoleum,0.2,2.3574752875087097,6.200594663619995,4.685163669052936,2.6358479200431795,-1.0401885622371008,0.03337141534815894,-0.07032872293049629,0.001692312653341734,0.926,0.582,-0.479,-1.377
figure_eight,linoleum,0.2,2.358756599815998,6.399914979934692,4.685163669052936,2.6358479200431795,-1.0401885622371008,-0.010114326469892718,-0.03356722885990024,0.0017101264212230128,1.24,0.423,-0.605,-0.741
figure_eight,linoleum,0.2,2.375404577916569,6.599920988082886,4.685163669052936,2.6358479200431795,-1.0401885622371008,-0.04736017594254244,-0.00012860227041126826,0.0012085277769960513,1.191,0.482,-0.397,-0.907
figure_eight,linoleum,0.2,2.4091882537592797,6.799993515014648,4.685163669052936,2.6358479200431795,-1.0401885622371008,-0.09063895907807562,0.039599341549588905,0.0006394232621408317,0.92,0.244,-0.335,-0.807
figure_eight,linoleum,0.2,2.4637507468503657,6.999927520751953,4.685163669052936,2.6358479200431795,-1.0401885622371008,-0.13000848024635814,0.07469103137220984,0.0004059682583410027,1.061,0.378,-0.317,-0.894
figure_eight,linoleum,0.2,2.5454896628431127,7.199941873550415,4.685163669052936,2.6358479200431795,-1.0401885622371008,-0.16868249645958427,0.10670125386683511,0.00014251084056037845,0.93,0.199,-0.324,-0.515
figure_eight,linoleum,0.2,2.6643052650818118,7.3999176025390625,4.685163669052936,2.6358479200431795,-1.0401885622371008,-0.20576704069570115,0.13353093416044143,0.0001912645387837958,0.806,0.453,-0.327,-0.943
figure_eight,linoleum,0.2,2.8339307334817643,7.5999181270599365,4.685163669052936,2.6358479200431795,-1.0401885622371008,-0.24066435813924414,0.15296833411680222,0.0006234845717364543,0.849,0.363,-0.31,-0.837
figure_eight,linoleum,0.2,3.0672806475788312,7.799907922744751,4.685163669052936,2.6358479200431795,-1.0401885622371008,-0.27317308333982254,0.16431838123927334,0.0010303897328569388,0.792,0.271,-0.245,-0.773
figure_eight,linoleum,0.2,-2.922696578895799,7.999916076660156,4.685163669052936,2.6358479200431795,-1.0401885622371008,-0.3028083097175624,0.17060075357893673,0.0008935046413070008,0.459,0.057,-0.058,-0.472
figure_eight,linoleum,0.2,-2.6086555863708565,8.199928998947144,4.685163669052936,2.6358479200431795,-1.0401885622371008,-0.3305588958066107,0.1708395534274435,0.001385728147791406,0.188,-0.145,0.101,-0.329
figure_eight,linoleum,0.2,-2.327496998473863,8.399962186813354,4.685163669052936,2.6358479200431795,-1.0401885622371008,-0.35495659622651465,0.16732357537644882,0.0005466038200800361,-0.215,-0.533,0.57,0.191
figure_eight,linoleum,0.2,-2.1039940770561443,8.600229501724243,4.685163669052936,2.6358479200431795,-1.0401885622371008,-0.37362183762374485,0.16001510043994208,-0.00016313746219832545,-0.395,-0.788,0.823,0.264
figure_eight,linoleum,0.2,-1.9330374837887567,8.79993987083435,4.685163669052936,2.6358479200431795,-1.0401885622371008,-0.39085614165956456,0.14451428774531355,-0.0002831466632338595,-0.663,-0.465,0.422,0.564
figure_eight,linoleum,0.2,-1.7981989927945494,8.999923706054688,4.685163669052936,2.6358479200431795,-1.0401885622371008,-0.4077935936709038,0.12150460318152798,-0.00034783913423363697,-0.785,-0.757,0.969,0.727
figure_eight,linoleum,0.2,-1.6853858154449863,9.199912309646606,4.685163669052936,2.6358479200431795,-1.0401885622371008,-0.4192313797298135,0.09423499788649727,-0.000588795212392458,-0.951,-0.691,1.068,0.854
figure_eight,linoleum,0.2,-1.5832138792146517,9.399948596954346,4.685163669052936,2.6358479200431795,-1.0401885622371008,-0.42675878600400763,0.06588315552578021,-0.002579263279807507,-1.039,-0.715,1.082,1.102
figure_eight,linoleum,0.2,-1.4821687988273944,9.600001335144043,4.685163669052936,2.6358479200431795,-1.0401885622371008,-0.43014558431101596,0.0270402088688819,-0.002780841564018733,-0.922,-0.557,1.087,0.853
figure_eight,linoleum,0.2,-1.372968200490094,9.7999849319458,4.685163669052936,2.6358479200431795,-1.0401885622371008,-0.4281533246838068,-0.008971776147777041,-0.0036565347144776393,-0.681,-0.786,0.902,0.894
figure_eight,linoleum,0.2,-1.2448337141219468,9.999940872192383,4.685163669052936,2.6358479200431795,-1.0401885622371008,-0.42323180948595385,-0.04191669161265052,-0.0040634410208674875,-0.511,-0.929,0.715,0.817
figure_eight,linoleum,0.2,-1.0841293065432225,10.19994068145752,4.685163669052936,2.6358479200431795,-1.0401885622371008,-0.4131828676179853,-0.07598632729100042,-0.004422530882896754,-0.721,-0.43,0.816,0.862
figure_eight,linoleum,0.2,-0.8750705918759513,10.399920225143433,4.685163669052936,2.6358479200431795,-1.0401885622371008,-0.3985603915810638,-0.10708390887383303,-0.004868814469418422,-0.753,-0.691,0.873,0.955
figure_eight,linoleum,0.2,-0.6075530667826069,10.599910259246826,4.685163669052936,2.6358479200431795,-1.0401885622371008,-0.38039001710428333,-0.13107970425880006,-0.0045069122711929675,-0.64,-0.598,0.793,0.789
figure_eight,linoleum,0.2,-0.2972326706874825,10.799926519393921,4.685163669052936,2.6358479200431795,-1.0401885622371008,-0.3618393778391449,-0.14893110684045907,-0.004401904318793452,-0.577,-0.211,0.393,0.45
figure_eight,linoleum,0.2,0.0061832314597362785,10.999956130981445,4.797484501990258,2.69547120631869,-0.5465330740022407,-0.33947446884784677,-0.16276250385455848,-0.004058753161900474,-0.354,-0.334,0.113,0.642
figure_eight,linoleum,0.2,0.25593884072726447,11.199936866760254,4.797484501990258,2.69547120631869,-0.5465330740022407,-0.3140491959428586,-0.16801638319996748,-0.004147822474859649,-0.581,-0.047,0.202,0.587
figure_eight,linoleum,0.2,0.44045307673789746,11.399921178817749,4.797484501990258,2.69547120631869,-0.5465330740022407,-0.2823625405418721,-0.16814721594474202,-0.003952807538063985,-0.075,0.326,-0.204,0.117
figure_eight,linoleum,0.2,0.5705228743728775,11.599931716918945,4.797484501990258,2.69547120631869,-0.5465330740022407,-0.25263562810661877,-0.16501395273706343,-0.003289943789699842,0.177,0.688,-0.796,-0.359
figure_eight,linoleum,0.2,0.6603844323509683,11.799926280975342,4.797484501990258,2.69547120631869,-0.5465330740022407,-0.2187676083166718,-0.15654350914784687,-0.001671692099950846,0.251,0.875,-0.975,-0.429
figure_eight,linoleum,0.2,0.7209924110323077,11.999922513961792,4.797484501990258,2.69547120631869,-0.5465330740022407,-0.18020522375417045,-0.13768147937159037,-0.0007978739051387198,0.373,1.03,-0.856,-0.394
figure_eight,linoleum,0.2,0.7594976555343445,12.199910163879395,4.797484501990258,2.69547120631869,-0.5465330740022407,-0.1458338245133983,-0.11542995544749655,-0.0010097653745176857,0.329,0.981,-0.973,-0.583
figure_eight,linoleum,0.2,0.7801746295086086,12.399942636489868,4.797484501990258,2.69547120631869,-0.5465330740022407,-0.10355772371159758,-0.08252818842012301,9.28195656912786e-05,0.477,0.708,-0.828,-0.451
figure_eight,linoleum,0.2,2.363760414544894,0.20003938674926758,0.0,0.0,0.0,0.0,0.0,0.0,0.228,0.37,-0.451,-0.335
figure_eight,linoleum,0.2,2.38722299667074,0.4000082015991211,0.0,0.0,0.0,-0.017892714124481165,0.016705007071321443,0.001691358703072918,1.662,0.389,-0.449,-1.882
figure_eight,linoleum,0.2,2.429079422372326,0.6000289916992188,0.0,0.0,0.0,-0.05443911695644043,0.050307763801244604,0.002771419216923701,0.933,0.423,-0.478,-1.109
figure_eight,linoleum,0.2,2.493988007361741,0.7999773025512695,0.0,0.0,0.0,-0.09328634782848269,0.08289328944705242,0.0034980177578624325,0.987,0.514,-0.474,-1.059
figure_eight,linoleum,0.2,2.5897127474141763,0.9999701976776123,0.0,0.0,0.0,-0.1306035527850959,0.11127073012121601,0.0020729434672561364,1.2,0.47,-0.342,-0.859
figure_eight,linoleum,0.2,2.7278666160385665,1.1999740600585938,0.0,0.0,0.0,-0.16624311406993608,0.13554878455874853,0.000297207662737174,0.742,0.29,-0.194,-0.827
figure_eight,linoleum,0.2,2.92291563048346,1.3999953269958496,0.0,0.0,0.0,-0.20002214574014465,0.15455547205085657,-0.0005184736009950239,0.715,0.181,-0.299,-0.566
figure_eight,linoleum,0.2,-3.099661812694064,1.6000306606292725,0.0,0.0,0.0,-0.23150124496650706,0.1649344096547012,-8.344323279592131e-05,0.67,0.225,-0.36,-0.872
figure_eight,linoleum,0.2,-2.791220298414501,1.79996919631958,0.0,0.0,0.0,-0.2603752120536572,0.16888803299771804,-0.0006412948133724342,0.555,0.124,-0.02,-0.576
figure_eight,linoleum,0.2,-2.485345299632052,1.999955415725708,0.0,0.0,0.0,-0.28652473203644035,0.16792392244517088,-0.0009713185039262905,0.031,-0.263,0.228,-0.145
figure_eight,linoleum,0.2,-2.227515704448363,2.199946880340576,0.0,0.0,0.0,-0.3097510048263679,0.16330093682615288,-0.0016791830527676586,-0.242,-0.658,0.691,0.167
figure_eight,linoleum,0.2,-2.027539808188875,2.400003671646118,0.0,0.0,0.0,-0.32884722631957397,0.15238722077571945,-0.002413300999153429,-0.385,-0.776,0.973,0.388
figure_eight,linoleum,0.2,-1.8733881249596784,2.5999948978424072,0.0,0.0,0.0,-0.3452405079613185,0.13462228303048548,-0.0030930408306198585,-0.723,-0.741,0.892,0.591
figure_eight,linoleum,0.2,-1.7492532521154571,2.8000235557556152,0.0,0.0,0.0,-0.3598644282349203,0.11089502544933952,-0.0037905951873355753,-0.754,-0.695,0.842,0.63
figure_eight,linoleum,0.2,-1.642104805484626,3.000044107437134,0.0,0.0,0.0,-0.369743455974599,0.08222663438771684,-0.0037521546802828753,-0.93,-0.702,1.014,0.761
figure_eight,linoleum,0.2,-1.5415335808584631,3.200043201446533,0.0,0.0,0.0,-0.37584296706249587,0.049496609794607876,-0.005644177798838976,-0.906,-0.787,1.02,0.999
figure_eight,linoleum,0.2,-1.4382597910157302,3.4000890254974365,0.0,0.0,0.0,-0.3764889173658264,0.013839793610146797,-0.005834505076520853,-0.86,-0.446,1.0,0.753
figure_eight,linoleum,0.2,-1.3225498654907637,3.600172996520996,0.0,0.0,0.0,-0.3738939213676722,-0.022342191557307864,-0.006186094739131374,-0.81,-0.713,0.817,0.77
figure_eight,linoleum,0.2,-1.1827331396607925,3.800072193145752,0.0,0.0,0.0,-0.36690741741494737,-0.05789198859614551,-0.006781452725021849,-0.928,-0.81,0.847,1.087
figure_eight,linoleum,0.2,-1.003800183117732,4.000056982040405,0.0,0.0,0.0,-0.35512056755273086,-0.0893374843948787,-0.006994281296648478,-0.639,-0.806,0.618,0.735
figure_eight,linoleum,0.2,-0.7707644220913572,4.1999831199646,0.0,0.0,0.0,-0.33986900923461255,-0.11797269468619782,-0.007013032707288775,-0.595,-0.505,0.605,0.742
figure_eight,linoleum,0.2,-0.4812468947601031,4.400016784667969,0.0,0.0,0.0,-0.3216523078527483,-0.1394185423773035,-0.0065704991912009705,-0.855,-0.476,0.604,0.898
figure_eight,linoleum,0.2,-0.1667098533091951,4.600035190582275,0.0,0.0,0.0,-0.30112495949969925,-0.1552472378752256,-0.005884196426816332,-0.694,-0.227,0.468,0.555
figure_eight,linoleum,0.2,0.11813155318413988,4.800018787384033,0.0,0.0,0.0,-0.27739319152772135,-0.16517924156598446,-0.005891697007690542,-0.579,-0.174,0.151,0.644
figure_eight,linoleum,0.2,0.34030308598419545,5.0000059604644775,0.0,0.0,0.0,-0.25010388685908397,-0.16891309476657418,-0.0055926112873597444,-0.398,0.072,-0.054,0.342
figure_eight,linoleum,0.2,0.5003883540175594,5.200048446655273,0.0,0.0,0.0,-0.21964553738893297,-0.16731725579860451,-0.005223207470755193,-0.049,0.515,-0.41,-0.103
figure_eight,linoleum,0.2,0.6121024043317453,5.40002179145813,0.0,0.0,0.0,-0.1864712728865854,-0.1621007464939066,-0.004767546787345651,0.243,0.849,-0.707,-0.222
figure_eight,linoleum,0.2,0.6887209456630541,5.6001222133636475,0.0,0.0,0.0,-0.15180855798457704,-0.14993541750345957,-0.003978109869014183,0.359,0.981,-1.025,-0.524
figure_eight,linoleum,0.2,0.739425753676552,5.8000853061676025,0.0,0.0,0.0,-0.11540493541957944,-0.13017328493611707,-0.00247143044186164,0.313,1.212,-1.064,-0.493
figure_eight,linoleum,0.2,0.7701159342856876,6.00007963180542,0.0,0.0,0.0,-0.0774463818256246,-0.1027952613932228,-0.0028952130212534554,0.4,1.132,-0.806,-0.426
figure_eight,linoleum,0.2,0.7840995838749311,6.200024127960205,0.0,0.0,0.0,-0.03823133470269304,-0.0712214489095462,-0.003299306849844812,0.557,0.692,-0.779,-0.501
figure_eight,linoleum,0.2,0.7828339016584385,6.399963855743408,0.0,0.0,0.0,0.001624546578214616,-0.03613450572444486,-0.0027180118598911416,0.419,1.21,-1.032,-0.54
figure_eight,linoleum,0.2,0.7661766744076631,6.600013017654419,0.0,0.0,0.0,0.041396394815292246,0.0009096866259495906,-0.001746688094729143,0.466,0.589,-0.6,-0.526
figure_eight,linoleum,0.2,0.732402745277861,6.80000114440918,0.0,0.0,0.0,0.08097010778755956,0.03769564962041837,-0.0007322388017451994,0.355,1.279,-1.115,-0.492
figure_eight,linoleum,0.2,0.6778289207564434,6.999966382980347,0.0,0.0,0.0,0.11966523700727999,0.07255236669245893,0.00024282900429176395,0.487,0.831,-0.731,-0.37
figure_eight,linoleum,0.2,0.5960571754941395,7.200035095214844,0.0,0.0,0.0,0.15750152590431588,0.10397800189072691,0.0007791144509736525,0.359,0.859,-1.025,-0.426
figure_eight,linoleum,0.2,0.477234001927736,7.399992942810059,0.0,0.0,0.0,0.19365759096434593,0.13090023033031167,0.00048753285545831415,0.327,0.801,-0.779,-0.353
figure_eight,linoleum,0.2,0.30753533025879265,7.6000447273254395,4.797484501990258,2.69547120631869,-0.5465330740022407,0.22857534826200113,0.15186530054329428,-0.0011991475823508037,0.581,0.613,-0.745,-0.29
figure_eight,linoleum,0.2,0.07419919284355102,7.799992561340332,4.797484501990258,2.69547120631869,-0.5465330740022407,0.26168259986837045,0.16497358422609157,-0.0011100785802697576,0.357,0.448,-0.701,-0.382
figure_eight,linoleum,0.2,-0.21900725886963357,7.9999871253967285,4.797484501990258,2.69547120631869,-0.5465330740022407,0.2919451153810183,0.17167621900204535,-0.0009553798507590467,0.183,0.637,-0.483,-0.185
figure_eight,linoleum,0.2,-0.5333905789657536,8.200226306915283,4.797484501990258,2.69547120631869,-0.5465330740022407,0.3195622048346873,0.17286478067446454,-0.0017410626740892148,-0.077,0.115,-0.118,0.085
figure_eight,linoleum,0.2,-0.8145287534864195,8.400304555892944,4.797484501990258,2.69547120631869,-0.5465330740022407,0.3442035586569774,0.1696901031539814,-0.0022070352918612227,-0.385,-0.255,0.151,0.438
figure_eight,linoleum,0.2,-1.0374028142497067,8.60002851486206,4.797484501990258,2.69547120631869,-0.5465330740022407,0.3649280132376031,0.16225774460344888,-0.0023214189909911034,-0.681,-0.374,0.503,0.941
figure_eight,linoleum,0.2,-1.2085650302872428,8.799952983856201,4.797484501990258,2.69547120631869,-0.5465330740022407,0.38177740876071903,0.1480139034861048,-0.0036162065543607494,-0.851,-0.688,0.613,0.941
figure_eight,linoleum,0.2,-1.3434152789715876,8.999959230422974,4.797484501990258,2.69547120631869,-0.5465330740022407,0.39740322070915557,0.12847102920250705,-0.004851928403021544,-0.808,-0.927,0.99,0.928
figure_eight,linoleum,0.2,-1.4562507276188683,9.199995279312134,4.797484501990258,2.69547120631869,-0.5465330740022407,0.4100944364443722,0.10260536611225628,-0.004393454939758659,-0.795,-0.941,1.221,0.954
figure_eight,linoleum,0.2,-1.5584103866961647,9.400011777877808,4.797484501990258,2.69547120631869,-0.5465330740022407,0.4182179129357049,0.06964133639058667,-0.004588470240901462,-0.554,-0.787,0.883,0.445
figure_eight,linoleum,0.2,-1.6594157120195523,9.599985599517822,4.797484501990258,2.69547120631869,-0.5465330740022407,0.4207282343328341,0.03363537654090408,-0.005125699844905803,-0.682,-0.984,0.807,0.848
figure_eight,linoleum,0.2,-1.768628626361824,9.799992084503174,4.797484501990258,2.69547120631869,-0.5465330740022407,0.4191505072771094,-0.004261632181687666,-0.005505416997533041,-0.65,-0.977,0.778,0.739
figure_eight,linoleum,0.2,-1.8967871883394416,9.999980688095093,4.797484501990258,2.69547120631869,-0.5465330740022407,0.41356079887550634,-0.04101969344147484,-0.005718246055237433,-0.67,-0.409,0.987,0.701
figure_eight,linoleum,0.2,-2.0575393974882683,10.200024127960205,4.797484501990258,2.69547120631869,-0.5465330740022407,0.4038378408730051,-0.07487776734320496,-0.005401346383198139,-0.484,-0.799,0.508,0.851
figure_eight,linoleum,0.2,-2.266589575961099,10.399976968765259,4.797484501990258,2.69547120631869,-0.5465330740022407,0.3900823302163444,-0.1041028767439623,-0.005361030737005605,-0.59,-0.67,0.924,0.722
figure_eight,linoleum,0.2,-2.534190354647682,10.60001254081726,4.797484501990258,2.69547120631869,-0.5465330740022407,0.37240149612413087,-0.1276953852156213,-0.00689677394710321,-0.537,-0.645,0.993,0.787
figure_eight,linoleum,0.2,-2.8443626256376264,10.799928188323975,4.797484501990258,2.69547120631869,-0.5465330740022407,0.35193884412872334,-0.1464668113953111,-0.008242185407320912,-0.208,-0.688,0.978,0.341
figure_eight,linoleum,0.2,3.1353476568164003,11.0,4.797484501990258,2.69547120631869,-0.5465330740022407,0.3301105394995164,-0.15929365834756037,-0.008529080706650299,-0.17,-0.891,1.013,0.286
figure_eight,linoleum,0.2,2.8856251791535827,11.199963331222534,4.797484501990258,2.69547120631869,-0.5465330740022407,0.30454887505642386,-0.16448591026666037,-0.007926225192231257,-0.089,-0.519,0.647,0.121
figure_eight,linoleum,0.2,2.7010875408925195,11.399988412857056,4.797484501990258,2.69547120631869,-0.5465330740022407,0.27507808769886655,-0.16479699006133414,-0.0073599336352777826,0.454,-0.222,0.327,-0.18
figure_eight,linoleum,0.2,2.5710074632338773,11.60004734992981,4.797484501990258,2.69547120631869,-0.5465330740022407,0.24339265631828902,-0.16124341800644348,-0.007059911229947827,0.788,0.285,-0.239,-0.615
figure_eight,linoleum,0.2,2.4811836045739413,11.79999303817749,4.797484501990258,2.69547120631869,-0.5465330740022407,0.20959653090257474,-0.15189418665114474,-0.006431738592718788,1.017,0.239,-0.176,-0.87
figure_eight,linoleum,0.2,2.4205822119114146,11.999996662139893,4.40857805330255,-1.4686527783870849,-0.6140234303413717,0.17428192909051787,-0.13467723915454832,-0.0050797587497074075,1.093,0.362,-0.341,-1.123
figure_eight,linoleum,0.2,2.382085917913641,12.19997262954712,4.40857805330255,-1.4686527783870849,-0.6140234303413717,0.1373038249557822,-0.11197976739806316,-0.004404705822519174,1.131,0.351,-0.388,-1.122
figure_eight,linoleum,0.2,2.361426366688906,12.399810552597046,4.40857805330255,-1.4686527783870849,-0.6140234303413717,0.0980447517483275,-0.08129999919738178,-0.003830910842135481,1.108,0.225,-0.395,-0.923
figure_eight,linoleum,0.2,0.7778346939679439,0.20000720024108887,0.0,0.0,0.0,0.0,0.0,0.0,0.377,0.202,-0.187,-0.429
figure_eight,linoleum,0.2,0.7543614717776161,0.40005922317504883,0.0,0.0,0.0,0.021359535044748572,0.02015388166850579,-0.00034221418550408917,0.505,1.754,-1.511,-0.696
figure_eight,linoleum,0.2,0.712499678311762,0.6000807285308838,0.0,0.0,0.0,0.05782648185015586,0.053866669309746235,-0.0013622941347895326,0.385,1.373,-0.967,-0.503
figure_eight,linoleum,0.2,0.647577425947796,0.800046443939209,0.0,0.0,0.0,0.09573303671341885,0.08736684519361346,-0.0015779360433284828,0.3,1.012,-0.691,-0.542
figure_eight,linoleum,0.2,0.5518542074067898,1.0000150203704834,0.0,0.0,0.0,0.1326006473685949,0.11611944915776817,-0.0006478631009053489,0.36,1.07,-1.002,-0.519
figure_eight,linoleum,0.2,0.4136892440825019,1.2000188827514648,0.0,0.0,0.0,0.16755803668913233,0.13895847751123805,0.0012647846450711754,0.235,0.853,-0.832,-0.459
figure_eight,linoleum,0.2,0.21866154941176139,1.4000089168548584,0.0,0.0,0.0,0.2010232313393622,0.15622512621859574,0.0015751204687239591,0.303,0.774,-0.532,-0.287
figure_eight,linoleum,0.2,-0.042067756327716345,1.6001248359680176,0.0,0.0,0.0,0.2330656625751706,0.16663950985615275,0.000444409447564644,0.197,0.606,-0.667,-0.306
figure_eight,linoleum,0.2,-0.35048233463717465,1.8000385761260986,0.0,0.0,0.0,0.2615506739902262,0.17020640027098793,0.0012807233488842584,0.06,0.473,-0.401,-0.146
figure_eight,linoleum,0.2,-0.6563638387656134,2.0000367164611816,0.0,0.0,0.0,0.2872784483123262,0.16940384018204813,0.000945072873839734,-0.182,-0.033,-0.061,0.334
figure_eight,linoleum,0.2,-0.9141456715867645,2.200007200241089,0.0,0.0,0.0,0.30943595358547965,0.1645062332702601,2.5314469136014997e-05,-0.564,-0.166,0.259,0.703
figure_eight,linoleum,0.2,-1.1140636515819295,2.4000160694122314,0.0,0.0,0.0,0.32757724995862997,0.1536126979554617,-0.0010425815508778211,-0.733,-0.362,0.386,0.965
figure_eight,linoleum,0.2,-1.2682596020213006,2.6000754833221436,0.0,0.0,0.0,0.3436483607616991,0.13561024667891453,-0.0021339170219104604,-0.566,-0.804,0.678,0.89
figure_eight,linoleum,0.2,-1.3923617678301612,2.800062894821167,0.0,0.0,0.0,0.3571745435812198,0.11243981777449406,-0.0035093354127575375,-0.886,-0.758,1.021,0.98
figure_eight,linoleum,0.2,-1.4994661467498873,3.0000016689300537,0.0,0.0,0.0,0.3674865893113816,0.08336021102283285,-0.003083677997648116,-0.692,-0.75,1.069,0.904
figure_eight,linoleum,0.2,-1.600041002895263,3.200007200241089,0.0,0.0,0.0,0.3730468944425432,0.0484825392752771,-0.0029552306436716113,-0.604,-0.627,0.868,0.811
figure_eight,linoleum,0.2,-1.7032871533021752,3.4000041484832764,0.0,0.0,0.0,0.3741696944512814,0.012280667634424591,-0.0030574259862209113,-0.673,-0.992,0.847,0.736
figure_eight,linoleum,0.2,-1.819124969273076,3.600303888320923,0.0,0.0,0.0,0.37052593955013247,-0.024723722894886918,-0.003592779219578724,-0.6,-0.841,1.122,0.763
figure_eight,linoleum,0.2,-1.958822712928302,3.800025224685669,0.0,0.0,0.0,0.3629578040479835,-0.05976860559616623,-0.0029721069400993894,-0.737,-0.811,1.099,0.674
figure_eight,linoleum,0.2,-2.1377611138587675,4.000026226043701,0.0,0.0,0.0,0.3512095534429957,-0.0916178654713466,-0.0037999823055507747,-0.686,-0.897,1.121,0.839
figure_eight,linoleum,0.2,-2.370873719156729,4.200017690658569,0.0,0.0,0.0,0.3354910770921242,-0.11897627617153322,-0.0024620675521493628,-0.594,-0.457,0.782,0.648
figure_eight,linoleum,0.2,-2.660345018604062,4.4000163078308105,0.0,0.0,0.0,0.31633403790555586,-0.14040484006003423,-0.0020992268161941535,-0.43,-0.754,0.479,0.608
figure_eight,linoleum,0.2,-2.974832804174017,4.600002765655518,0.0,0.0,0.0,0.29519735795491614,-0.15662094568177126,-0.0013351045019364782,-0.218,-0.748,0.754,0.209
figure_eight,linoleum,0.2,3.0227568904303954,4.800569772720337,0.0,0.0,0.0,0.27106218898925527,-0.1658918936860957,-0.0008447535331874137,-0.109,-0.703,0.799,0.113
figure_eight,linoleum,0.2,2.801236562906951,5.000061988830566,0.0,0.0,0.0,0.243868020808074,-0.16801326705036407,-0.0008128760336230059,0.122,-0.476,0.436,0.025
figure_eight,linoleum,0.2,2.640989504039761,5.20037055015564,0.0,0.0,0.0,0.21329867112434156,-0.16653226297773743,-0.00022689268028608855,0.586,-0.056,-0.052,-0.577
figure_eight,linoleum,0.2,2.5294675893044083,5.400070905685425,0.0,0.0,0.0,0.18087073547119792,-0.16137794481013745,-0.00011250876040958717,0.867,0.219,-0.158,-0.905
figure_eight,linoleum,0.2,2.452893733516248,5.600051641464233,0.0,0.0,0.0,0.1461999294318662,-0.1482515655952703,0.000250331937579,0.822,0.331,-0.205,-0.982
figure_eight,linoleum,0.2,2.402172141121987,5.800059080123901,0.0,0.0,0.0,0.10970978241559515,-0.127927480909179,0.0012460332280351738,0.916,0.449,-0.415,-1.049
figure_eight,linoleum,0.2,2.371484232239574,6.000011205673218,0.0,0.0,0.0,0.07141224973845944,-0.10173142410193733,0.0014569866195547941,1.21,0.439,-0.412,-1.148
figure_eight,linoleum,0.2,2.3574939497493874,6.199995994567871,0.0,0.0,0.0,0.03176614064295663,-0.0694653117760475,0.001050080870840428,1.264,0.308,-0.42,-0.992
figure_eight,linoleum,0.2,2.3587606423448912,6.4000067710876465,0.0,0.0,0.0,-0.0084907404579492,-0.03327741545406149,0.0009047572973609696,0.938,0.399,-0.416,-0.826
figure_eight,linoleum,0.2,2.3754150929446887,6.600005865097046,0.0,0.0,0.0,-0.04904191520344993,0.004421385499851271,0.0010950842907661638,1.151,0.313,-0.4,-0.791
figure_eight,linoleum,0.2,2.4091903219547772,6.8000030517578125,3.71335568569786,-0.8570999353883975,1.537433047874769,-0.08934308106357629,0.04173482407251472,0.0013107256132068065,0.877,0.249,-0.457,-0.54
figure_eight,linoleum,0.2,2.4637796679400332,7.000014066696167,3.71335568569786,-0.8570999353883975,1.537433047874769,-0.12900486096587716,0.07704786649725559,0.0017907615227133198,0.809,0.308,-0.269,-0.888
figure_eight,linoleum,0.2,2.5456886832017607,7.2003467082977295,3.71335568569786,-0.8570999353883975,1.537433047874769,-0.16741354273919126,0.1082257320722769,0.0017673222841600653,0.938,0.267,-0.263,-0.828
figure_eight,linoleum,0.2,2.6643796027928155,7.400022506713867,3.71335568569786,-0.8570999353883975,1.537433047874769,-0.20433696646722693,0.13341183551597116,0.002257670801080971,0.851,0.222,-0.53,-1.021
figure_eight,linoleum,0.2,2.834032289373821,7.600019693374634,3.71335568569786,-0.8570999353883975,1.537433047874769,-0.23642605994969199,0.1500511786528795,0.0021404747629237305,0.977,0.358,-0.265,-0.888
figure_eight,linoleum,0.2,3.067812080735278,7.800306558609009,3.71335568569786,-0.8570999353883975,1.537433047874769,-0.2711972274466799,0.16423350186227034,0.0011954043978477978,0.573,0.073,-0.104,-0.781
figure_eight,linoleum,0.2,-2.9225264435686755,8.000024795532227,3.71335568569786,-0.8570999353883975,1.537433047874769,-0.30123476853560416,0.16964056285063103,0.0010444554430344647,0.643,0.2,-0.126,-0.61
figure_eight,linoleum,0.2,-2.6085148328039565,8.200021266937256,3.71335568569786,-0.8570999353883975,1.537433047874769,-0.32902416974793613,0.16993258481119702,0.0009441353023321416,0.275,-0.172,0.127,-0.304
figure_eight,linoleum,0.2,-2.326619827179232,8.400655746459961,3.71335568569786,-0.8570999353883975,1.537433047874769,-0.35328480804693496,0.166157379447705,0.0005831701429394123,-0.186,-0.378,0.348,0.24
figure_eight,linoleum,0.2,-2.1042095810725194,8.600008249282837,3.71335568569786,-0.8570999353883975,1.537433047874769,-0.3732964688771848,0.15786714426630408,-0.0003375263192183796,-0.295,-0.768,0.895,0.258
figure_eight,linoleum,0.2,-1.9329878243756167,8.800005912780762,3.71335568569786,-0.8570999353883975,1.537433047874769,-0.39048718863999565,0.14229882761298365,-0.0007641222114343083,-0.649,-0.911,0.925,0.622
figure_eight,linoleum,0.2,-1.7981048354182678,9.000078439712524,3.71335568569786,-0.8570999353883975,1.537433047874769,-0.40613374445794576,0.12075112548672806,-0.0012047817774080165,-0.821,-0.53,0.608,0.891
figure_eight,linoleum,0.2,-1.685317207408024,9.200042009353638,3.71335568569786,-0.8570999353883975,1.537433047874769,-0.4177483481485773,0.09460836909744383,-0.003730602098945673,-0.749,-0.642,1.117,1.022
figure_eight,linoleum,0.2,-1.583078364537849,9.400219440460205,3.71335568569786,-0.8570999353883975,1.537433047874769,-0.42517240097110676,0.06226953885738967,-0.004124381475285904,-0.894,-0.932,0.823,0.838
figure_eight,linoleum,0.2,-1.4818305840735273,9.60065484046936,3.71335568569786,-0.8570999353883975,1.537433047874769,-0.4283128675319563,0.02669527749296144,-0.004236889786494271,-0.865,-0.74,1.089,0.986
figure_eight,linoleum,0.2,-1.3729384306968595,9.800035953521729,3.71335568569786,-0.8570999353883975,1.537433047874769,-0.42698061096457157,-0.010615794771248716,-0.00427439254828525,-0.818,-0.718,1.076,0.879
figure_eight,linoleum,0.2,-1.2445856893122178,10.000290393829346,3.71335568569786,-0.8570999353883975,1.537433047874769,-0.4207813330701504,-0.046328758798226316,-0.004114068211519934,-0.617,-0.722,0.811,0.841
figure_eight,linoleum,0.2,-1.0840693360442106,10.200006484985352,4.844147693403072,2.718177366612068,1.3936466567570482,-0.4110351806739204,-0.07984911338259282,-0.004312832874560673,-0.848,-0.845,0.858,0.983
figure_eight,linoleum,0.2,-0.8748947042214631,10.400068044662476,4.844147693403072,2.718177366612068,1.3936466567570482,-0.39685568400090476,-0.10945880520736351,-0.0039349924004634836,-0.665,-0.701,0.668,0.784
figure_eight,linoleum,0.2,-0.607263820824843,10.600106477737427,4.844147693403072,2.718177366612068,1.3936466567570482,-0.37890754409392785,-0.13459334358430497,-0.003931242120723246,-0.416,-0.639,0.6,0.67
figure_eight,linoleum,0.2,-0.2969657569867226,10.800095081329346,4.844147693403072,2.718177366612068,1.3936466567570482,-0.3591322700605283,-0.1537280379880709,-0.003711850689609153,-0.656,-0.22,0.38,0.703
figure_eight,linoleum,0.2,0.006295346893437225,11.000035762786865,4.844147693403072,2.718177366612068,1.3936466567570482,-0.33642716258812105,-0.16686014428289736,-0.0032318143223485276,-0.524,-0.096,0.194,0.486
figure_eight,linoleum,0.2,0.256019837550305,11.200011730194092,4.844147693403072,2.718177366612068,1.3936466567570482,-0.310271794254108,-0.17271363562554104,-0.0032440027521383114,-0.333,-0.122,0.072,0.533
figure_eight,linoleum,0.2,0.44080410758670246,11.40037488937378,4.844147693403072,2.718177366612068,1.3936466567570482,-0.28112578885786516,-0.17245074657010945,-0.002714274579819535,-0.049,0.303,-0.293,0.076
figure_eight,linoleum,0.2,0.5705687453699526,11.600016832351685,4.844147693403072,2.718177366612068,1.3936466567570482,-0.24884062640928348,-0.16847453456282468,-0.002516446770181377,0.273,0.794,-0.815,-0.394
figure_eight,linoleum,0.2,0.660425487636305,11.800037622451782,4.844147693403072,2.718177366612068,1.3936466567570482,-0.21464763760840083,-0.1583836254784699,-0.0013219784722331446,0.426,0.605,-0.688,-0.361
figure_eight,linoleum,0.2,0.7210233685554024,12.000049829483032,4.844147693403072,2.718177366612068,1.3936466567570482,-0.178727128996916,-0.14033101575880885,-0.0009544496368015553,0.285,1.003,-0.941,-0.413
figure_eight,linoleum,0.2,0.7595106513887291,12.199999570846558,4.844147693403072,2.718177366612068,1.3936466567570482,-0.14145759545281694,-0.11560793830308813,0.0006628637706344186,0.359,0.97,-1.043,-0.516
figure_eight,linoleum,0.2,0.7801789487384037,12.40001106262207,4.844147693403072,2.718177366612068,1.3936466567570482,-0.10605939949654242,-0.08776151306820906,0.001656689056765096,0.352,1.136,-0.975,-0.371
circle,linoleum,0.2,2.9415957053476056,0.1999969482421875,0.0,0.0,0.0,7.179720404853346e-07,-7.258696505529905e-07,-9.375700599496654e-07,-0.297,-0.389,0.499,0.327
circle,linoleum,0.2,2.7415763457589826,0.40001630783081055,0.0,0.0,0.0,-0.007887575204135305,0.0010237056821458257,0.00028408383502752507,1.165,-0.777,1.058,-1.125
circle,linoleum,0.2,2.5416089614206037,0.5999836921691895,0.0,0.0,0.0,-0.04883956427429273,0.004072461710741965,0.0009882000185294684,0.706,0.327,-0.305,-0.827
circle,linoleum,0.2,2.341609628992625,0.799983024597168,0.0,0.0,0.0,-0.07891928265792383,0.011064379197786522,0.001653876573011466,0.572,0.475,-0.422,-0.862
circle,linoleum,0.2,2.1415559371286115,1.0000367164611816,0.0,0.0,0.0,-0.11328438269028686,0.027490559524117913,0.0028745971443338864,0.781,0.655,-0.509,-0.847
circle,linoleum,0.2,1.9415344317727767,1.2000582218170166,0.0,0.0,0.0,-0.14316360237305642,0.05366924977950317,0.00293928971934807,1.007,0.803,-0.699,-0.988
circle,linoleum,0.2,1.741586836176463,1.40000581741333,0.0,0.0,0.0,-0.163836845787543,0.08074051152329202,0.0033190069812900217,1.077,1.147,-1.036,-1.031
circle,linoleum,0.2,1.541606815653392,1.5999858379364014,0.0,0.0,0.0,-0.17738743844323618,0.11088752281158432,0.0047244284744199375,0.889,1.234,-1.02,-1.016
circle,linoleum,0.2,1.3412148078256332,1.8003778457641602,0.0,0.0,0.0,-0.18235497460066008,0.14641300497971146,0.00521759093068348,0.904,0.977,-0.758,-0.866
circle,linoleum,0.2,1.1415750106149398,2.0000176429748535,0.0,0.0,0.0,-0.17791868792409687,0.18277475349023672,0.00502913918233454,0.678,1.103,-0.914,-0.882
circle,linoleum,0.2,0.9415670951181135,2.2000255584716797,0.0,0.0,0.0,-0.16554282376320775,0.21814909783793623,0.005595431725803742,0.799,1.148,-0.786,-0.825
circle,linoleum,0.2,0.7415901740365707,2.4000024795532227,0.0,0.0,0.0,-0.1452655308206435,0.25106005804239584,0.004883815638788536,0.636,1.071,-0.847,-0.682
circle,linoleum,0.2,0.5415650924020491,2.600027561187744,0.0,0.0,0.0,-0.11871592342103778,0.2813864226733689,0.0051988395167790556,0.481,0.482,-0.505,-0.65
circle,linoleum,0.2,0.34158745606476876,2.8000051975250244,0.0,0.0,0.0,-0.08829620708943098,0.307305695782772,0.005356351365997278,0.197,0.548,-0.466,-0.31
circle,linoleum,0.2,0.14161363442475416,2.999979019165039,0.0,0.0,0.0,-0.05344833051490619,0.32720929467355775,0.00452660080641417,0.406,1.044,-0.884,-0.49
circle,linoleum,0.2,-0.058400718373707736,3.199993371963501,0.0,0.0,0.0,-0.015677234293490598,0.3374037785754572,0.004682237745809684,0.163,0.787,-0.785,-0.261
circle,linoleum,0.2,-0.25872096220915697,3.40031361579895,0.0,0.0,0.0,0.023746128433329773,0.3413115130189665,0.00448722277857134,-0.038,0.291,-0.208,-0.016
circle,linoleum,0.2,-0.45842680136626146,3.6000194549560547,0.0,0.0,0.0,0.06297875829445594,0.3406714093245732,0.003862799442692871,-0.306,0.133,0.004,0.362
circle,linoleum,0.2,-0.6584552208608904,3.8000478744506836,0.0,0.0,0.0,0.10306746515032673,0.33585731570035865,0.003611529854342621,-0.535,-0.146,0.219,0.566
circle,linoleum,0.2,-0.858463851613454,4.000056505203247,0.0,0.0,0.0,0.13609980238448874,0.32427895274415863,0.0031746206713749174,-0.849,-0.283,0.365,0.816
circle,linoleum,0.2,-1.0584646145529069,4.2000572681427,0.0,0.0,0.0,0.16311120463034343,0.3055409935879423,0.0018198270113512064,-0.924,-0.271,0.467,0.934
circle,linoleum,0.2,-1.2584305683798112,4.4000232219696045,0.0,0.0,0.0,0.18653581483726955,0.2810069096225427,0.0011504000203811863,-0.92,-0.772,0.944,0.856
circle,linoleum,0.2,-1.458402482671193,4.599995136260986,0.0,0.0,0.0,0.20446565428195682,0.2524254779006784,0.0010838323842802058,-0.863,-0.947,0.892,1.01
circle,linoleum,0.2,-1.6583860794729508,4.799978733062744,0.0,0.0,0.0,0.2148900628331074,0.21977230461083924,0.0015629319948340054,-0.658,-0.87,1.101,0.784
circle,linoleum,0.2,-1.8584490696615494,5.000041723251343,0.0,0.0,0.0,0.2160589226956693,0.18302024731636593,0.0015526186927514818,-0.565,-0.964,1.196,0.752
circle,linoleum,0.2,-2.058403102559499,5.199995756149292,0.0,0.0,0.0,0.20925047687309695,0.14672002533047723,0.0010772693782952474,-0.608,-0.401,0.489,0.667
circle,linoleum,0.2,-2.258399335545949,5.399991989135742,0.0,0.0,0.0,0.19392358152225378,0.11162363405409448,0.0017148188211651846,-0.558,-0.358,0.921,0.527
circle,linoleum,0.2,-2.4583910385793954,5.5999836921691895,0.0,0.0,0.0,0.1709434859921361,0.08067235841218051,0.0003590895019690396,-0.554,-0.466,1.007,0.669
circle,linoleum,0.2,-2.658402053517751,5.799994707107544,0.0,0.0,0.0,0.1418672153917541,0.05336023005102476,-0.0006656740885067078,-0.354,-0.641,1.351,0.339
circle,linoleum,0.2,-2.8584061543173105,5.9999988079071045,0.0,0.0,0.0,0.10915290939202617,0.031229079177960847,-0.0017598138628990311,-0.394,-0.763,1.115,0.315
circle,linoleum,0.2,-3.0584190766042996,6.200011730194092,0.0,0.0,0.0,0.07252057241089314,0.016121404827692504,-0.001201024987749128,-0.176,-0.749,0.882,0.151
circle,linoleum,0.2,0.20003199577331546,0.20003199577331543,0.0,0.0,0.0,0.0,0.0,0.0,-0.361,-0.406,0.595,0.335
circle,linoleum,0.2,0.4000072479248047,0.4000072479248047,0.0,0.0,0.0,0.018262751551392974,0.0009198670272013154,0.00029908468036577394,-0.408,0.672,-0.501,0.3
circle,linoleum,0.2,0.6000463962554932,0.6000463962554932,0.0,0.0,0.0,0.05444948114830506,0.004187230896139732,0.0005681673492241991,0.312,0.641,-0.604,-0.229
circle,linoleum,0.2,0.7999677658081056,0.7999677658081055,0.0,0.0,0.0,0.08839650853484768,0.01349388651461364,0.001944522940973186,0.285,0.775,-0.392,-0.491
circle,linoleum,0.2,0.9999744892120361,0.9999744892120361,0.0,0.0,0.0,0.11768656532362373,0.03129152253442265,0.0029739784705262477,0.372,0.64,-0.433,-0.479
circle,linoleum,0.2,1.1999895572662354,1.1999895572662354,0.0,0.0,0.0,0.1425748704397176,0.05536282356416325,0.0034324519364755993,0.773,0.785,-0.474,-0.961
circle,linoleum,0.2,1.4000325202941895,1.4000325202941895,0.0,0.0,0.0,0.16225735628142998,0.08286114919653118,0.00427626786823449,0.968,0.702,-0.687,-1.033
circle,linoleum,0.2,1.5999863147735596,1.5999863147735596,0.0,0.0,0.0,0.173853519676234,0.11507680430938265,0.005740754927823655,0.997,0.878,-0.97,-1.222
circle,linoleum,0.2,1.7999961376190188,1.7999961376190186,0.0,0.0,0.0,0.17749030275320052,0.14884355676531558,0.0061045320011634974,0.942,0.799,-0.747,-1.104
circle,linoleum,0.2,1.9999783039093018,1.9999783039093018,0.0,0.0,0.0,0.17218456733645354,0.18455741212343685,0.006813333559570584,1.026,1.085,-1.05,-1.351
circle,linoleum,0.2,2.199976682662964,2.199976682662964,0.0,0.0,0.0,0.15835145876548604,0.21965937883216644,0.006804895456099899,0.905,0.755,-0.593,-0.977
circle,linoleum,0.2,2.399996519088745,2.399996519088745,0.0,0.0,0.0,0.13696509562265652,0.25227914746639013,0.006179537535138167,1.044,0.754,-0.595,-1.095
circle,linoleum,0.2,2.6000986099243164,2.6000986099243164,0.0,0.0,0.0,0.11004874074688452,0.27965441820157777,0.006344549647943539,1.055,0.45,-0.422,-1.084
circle,linoleum,0.2,2.799997806549072,2.7999978065490723,0.0,0.0,0.0,0.07933559841375701,0.3030820150769905,0.006422367829679225,0.904,0.221,-0.24,-1.108
circle,linoleum,0.2,3.000093698501587,3.000093698501587,4.685163669052936,2.6358479200431795,-1.0401885622371008,0.04343594074465326,0.32126678874345316,0.006232041398576202,0.69,0.185,-0.068,-0.945
circle,linoleum,0.2,-3.0831175486194056,3.2000677585601807,4.685163669052936,2.6358479200431795,-1.0401885622371008,0.004763706797367483,0.3322979709336326,0.006130783940010619,0.588,0.281,-0.194,-0.809
circle,linoleum,0.2,-2.8832178751574915,3.3999674320220947,4.685163669052936,2.6358479200431795,-1.0401885622371008,-0.035058898871342684,0.3359659499625034,0.005544802695617714,0.457,0.04,0.028,-0.693
circle,linoleum,0.2,-2.683202568684713,3.599982738494873,4.685163669052936,2.6358479200431795,-1.0401885622371008,-0.0749625219691619,0.3345124642168841,0.004756305035067566,0.058,-0.394,0.433,-0.098
circle,linoleum,0.2,-2.483152691517965,3.800032615661621,4.685163669052936,2.6358479200431795,-1.0401885622371008,-0.1124635509632924,0.3300435222573481,0.0040859405498048715,-0.258,-0.595,0.84,0.167
circle,linoleum,0.2,-2.282721344624655,4.000463962554932,4.685163669052936,2.6358479200431795,-1.0401885622371008,-0.1455621665192986,0.31809348540644033,0.0033040043634113125,-0.333,-0.621,1.128,0.388
circle,linoleum,0.2,-2.083200041447775,4.1999852657318115,4.685163669052936,2.6358479200431795,-1.0401885622371008,-0.17406470361681653,0.29848209955511823,0.0017888858442159888,-0.473,-0.678,1.092,0.371
circle,linoleum,0.2,-1.8832109610186978,4.399974346160889,4.685163669052936,2.6358479200431795,-1.0401885622371008,-0.19767976105180876,0.2741207811275259,0.0003469007502169509,-0.802,-0.632,1.32,0.797
circle,linoleum,0.2,-1.683157030736105,4.6000282764434814,4.685163669052936,2.6358479200431795,-1.0401885622371008,-0.21556985821497904,0.24557072784830927,-0.00037502741961134827,-0.769,-0.597,0.86,0.884
circle,linoleum,0.2,-1.4831581751452847,4.800027132034302,4.685163669052936,2.6358479200431795,-1.0401885622371008,-0.22519373056228723,0.21147170804887763,-0.00014532317943228776,-0.935,-0.674,0.762,0.963
circle,linoleum,0.2,-1.2831297556506558,5.000055551528931,4.685163669052936,2.6358479200431795,-1.0401885622371008,-0.22653349090206246,0.17637615154625735,-0.0013210318066201616,-0.829,-0.287,0.954,0.832
circle,linoleum,0.2,-1.0831521193133755,5.200033187866211,4.685163669052936,2.6358479200431795,-1.0401885622371008,-0.2189921882822273,0.1408126710633799,-0.0014307268237987282,-0.741,-0.607,0.835,0.976
circle,linoleum,0.2,-0.8831697146045132,5.400015592575073,4.685163669052936,2.6358479200431795,-1.0401885622371008,-0.20312635878747834,0.1058235605504819,-0.0015694862547541684,-0.902,-0.432,0.848,0.811
circle,linoleum,0.2,-0.6831985155688688,5.599986791610718,4.685163669052936,2.6358479200431795,-1.0401885622371008,-0.18087512954078588,0.07447510137862282,-0.0007809940516921685,-0.954,-0.502,0.831,0.971
circle,linoleum,0.2,-0.48260814348329834,5.800577163696289,4.685163669052936,2.6358479200431795,-1.0401885622371008,-0.15318039697576738,0.04808192857941289,-0.0003928412103639486,-0.969,-0.2,0.398,0.838
circle,linoleum,0.2,-0.28318792978395657,5.99999737739563,4.685163669052936,2.6358479200431795,-1.0401885622371008,-0.12145574594451367,0.02558645854163344,0.0005700424904349533,-0.826,-0.081,0.339,0.828
circle,linoleum,0.2,-0.08290750185121733,6.200277805328369,4.685163669052936,2.6358479200431795,-1.0401885622371008,-0.08497690278051774,0.008522314083209442,0.0005672297786221562,-0.264,-0.037,0.144,0.557
figure_eight,linoleum,0.2,0.7778341302809838,0.20001459121704102,0.0,0.0,0.0,0.0,0.0,0.0,-0.458,-0.276,0.479,0.39
figure_eight,linoleum,0.2,0.7543611275167316,0.40006136894226074,0.0,0.0,0.0,0.022789477051791997,0.015845958887087896,0.0009666361695674394,0.293,1.525,-1.398,-0.492
figure_eight,linoleum,0.2,0.7125237227406606,0.5999889373779297,0.0,0.0,0.0,0.060937319043222984,0.04097062179332535,0.0009113194043304043,0.39,1.329,-0.837,-0.531
figure_eight,linoleum,0.2,0.6476175041973851,0.7999446392059326,0.0,0.0,0.0,0.10009360326585538,0.06680311855477876,0.0010463298230726106,0.348,1.113,-0.97,-0.468
figure_eight,linoleum,0.2,0.5518661001850855,0.9999942779541016,0.0,0.0,0.0,0.13771622390807753,0.08949380412431605,0.0029852313359734275,0.255,0.801,-0.417,-0.614
figure_eight,linoleum,0.2,0.4137377795431524,1.1999597549438477,0.0,0.0,0.0,0.17380229716507606,0.10941043103919032,0.003360260695435831,0.298,0.901,-0.841,-0.267
figure_eight,linoleum,0.2,0.21872968561700276,1.399949073791504,0.0,0.0,0.0,0.2076680226052574,0.12308228028022203,0.003092114711432298,0.301,0.856,-0.838,-0.545
figure_eight,linoleum,0.2,-0.04179463004444371,1.5999369621276855,0.0,0.0,0.0,0.23929438727057772,0.13054656051630373,0.003997810328602456,0.145,0.638,-0.493,-0.211
figure_eight,linoleum,0.2,-0.3503319158936713,1.7999436855316162,0.0,0.0,0.0,0.2685212571747407,0.13269893479497247,0.0033790121609916434,0.047,0.382,-0.277,-0.117
figure_eight,linoleum,0.2,-0.6563030354456255,1.9999942779541016,0.0,0.0,0.0,0.29457759770939235,0.13031267274995434,0.0036368447812941598,-0.358,0.04,-0.025,0.272
figure_eight,linoleum,0.2,-0.9141204106074827,2.1999850273132324,0.0,0.0,0.0,0.3152631014796222,0.12507542787836431,0.0035205857164824503,-0.548,-0.239,0.357,0.58
figure_eight,linoleum,0.2,-1.114403956060839,2.4004065990448,0.0,0.0,0.0,0.33550464018478,0.11079635784359393,0.0024545647090446683,-0.585,-0.299,0.369,0.635
figure_eight,linoleum,0.2,-1.2682395610801218,2.600046157836914,0.0,0.0,0.0,0.3533602604740983,0.0908910683691771,0.0014344849247964666,-0.686,-0.62,0.837,0.757
figure_eight,linoleum,0.2,-1.3922931756191048,2.7999422550201416,0.0,0.0,0.0,0.36739194273434983,0.0659597451671262,0.0012666593850696182,-0.686,-0.611,0.971,0.903
figure_eight,linoleum,0.2,-1.4994392025270322,2.9999489784240723,0.0,0.0,0.0,0.3764489326674134,0.035599339977169214,0.000998513629763098,-0.743,-0.825,1.186,0.645
figure_eight,linoleum,0.2,-1.6000194628048965,3.1999642848968506,0.0,0.0,0.0,0.3819091901165767,0.0022038837948749057,0.0008109991822669469,-0.725,-0.896,0.821,0.84
figure_eight,linoleum,0.2,-1.7032966544864034,3.40002179145813,4.685163669052936,2.6358479200431795,-1.0401885622371008,0.3824732201819134,-0.03442146981403371,0.0005541044918839578,-0.646,-0.852,0.94,0.812
figure_eight,linoleum,0.2,-1.8189323312066001,3.599997043609619,4.685163669052936,2.6358479200431795,-1.0401885622371008,0.37903119803515267,-0.07111129768468866,0.000562542636610357,-0.773,-0.829,1.117,0.919
figure_eight,linoleum,0.2,-1.9587685427721657,3.7999560832977295,4.9195956976237625,2.7640938752191837,-0.5911885034097809,0.3713260479857107,-0.1060157398601573,0.0007978731732040448,-0.683,-0.432,0.399,0.811
figure_eight,linoleum,0.2,-2.138258354653485,4.000513792037964,4.9195956976237625,2.7640938752191837,-0.5911885034097809,0.3598650310831072,-0.13734891303885502,0.00027002037437246764,-0.58,-0.755,0.96,0.76
figure_eight,linoleum,0.2,-2.3708119191161683,4.199970722198486,4.9195956976237625,2.7640938752191837,-0.5911885034097809,0.3439645365730185,-0.16444886629474173,-0.00021376599692247153,-0.504,-0.739,0.79,0.497
figure_eight,linoleum,0.2,-2.660237687553636,4.399947166442871,4.9195956976237625,2.7640938752191837,-0.5911885034097809,0.3250790549111166,-0.18639977848378428,0.0006609876689096083,-0.47,-0.819,0.746,0.482
figure_eight,linoleum,0.2,-2.9747456765895626,4.5999462604522705,4.9195956976237625,2.7640938752191837,-0.5911885034097809,0.30410695356140366,-0.20252562810579364,0.0010125772156585355,-0.147,-0.763,0.836,0.175
figure_eight,linoleum,0.2,3.0235376154543454,4.799958944320679,4.9195956976237625,2.7640938752191837,-0.5911885034097809,0.2801274673902339,-0.212039286878049,0.0009131945488316878,0.005,-0.461,0.742,0.252
figure_eight,linoleum,0.2,2.8013434795880436,4.999948978424072,4.9195956976237625,2.7640938752191837,-0.5911885034097809,0.252666193534282,-0.21370300222207864,0.00038534162854921786,0.12,-0.397,0.506,-0.06
figure_eight,linoleum,0.2,2.6412408797167455,5.19999361038208,4.9195956976237625,2.7640938752191837,-0.5911885034097809,0.22208743305325684,-0.2118779795671952,0.001049142540436867,0.561,-0.065,-0.06,-0.388
figure_eight,linoleum,0.2,2.5295124712498236,5.399973630905151,4.9195956976237625,2.7640938752191837,-0.5911885034097809,0.18973483610025804,-0.20572317156132666,0.0018826448921173237,0.81,0.122,-0.143,-0.971
figure_eight,linoleum,0.2,2.4529217909891035,5.599961757659912,4.9195956976237625,2.7640938752191837,-0.5911885034097809,0.1549823362407381,-0.19306762477611636,0.003016171260970475,1.044,0.352,-0.325,-1.0
figure_eight,linoleum,0.2,2.4021916318785945,5.799961566925049,4.9195956976237625,2.7640938752191837,-0.5911885034097809,0.11813461378178411,-0.17173160049898942,0.0034615186060391843,0.967,0.24,-0.226,-0.965
figure_eight,linoleum,0.2,2.37148899754416,5.999967813491821,4.9195956976237625,2.7640938752191837,-0.5911885034097809,0.07923808725467943,-0.14363513190759672,0.004257517897088618,0.884,0.26,-0.449,-0.966
figure_eight,linoleum,0.2,2.3574952330478176,6.199954986572266,4.9195956976237625,2.7640938752191837,-0.5911885034097809,0.03986887586267024,-0.11189695006149913,0.005546678004392517,1.043,0.424,-0.508,-1.14
figure_eight,linoleum,0.2,2.358762575493704,6.400050640106201,4.9195956976237625,2.7640938752191837,-0.5911885034097809,-4.534549413701475e-05,-0.07775290254406084,0.006135471076938099,1.218,0.429,-0.523,-0.85
figure_eight,linoleum,0.2,2.3754095396840142,6.599961042404175,4.9195956976237625,2.7640938752191837,-0.5911885034097809,-0.04023036628503545,-0.042515928530956565,0.005743567531933747,1.611,0.549,-0.435,-0.965
figure_eight,linoleum,0.2,2.4091792059544814,6.799951791763306,4.9195956976237625,2.7640938752191837,-0.5911885034097809,-0.08097698048030443,-0.006733628625260002,0.005570117240027922,1.104,0.291,-0.677,-0.661
figure_eight,linoleum,0.2,2.4637767995081754,7.000005483627319,4.9195956976237625,2.7640938752191837,-0.5911885034097809,-0.1204569726480783,0.02795230997166702,0.005285096027319778,0.972,0.407,-0.293,-0.973
figure_eight,linoleum,0.2,2.5455075895998527,7.199978351593018,4.9195956976237625,2.7640938752191837,-0.5911885034097809,-0.15832345536839104,0.06001559483012041,0.005180088155625693,0.779,0.179,-0.35,-0.408
figure_eight,linoleum,0.2,2.664365241011124,7.4000022411346436,4.9195956976237625,2.7640938752191837,-0.5911885034097809,-0.1953812849678529,0.087344815398186,0.0049625717603220855,0.581,0.234,-0.271,-0.879
figure_eight,linoleum,0.2,2.8346278966548337,7.60061502456665,4.9195956976237625,2.7640938752191837,-0.5911885034097809,-0.2297571283930978,0.10714508155332139,0.004927881634894103,0.941,0.353,-0.274,-0.89
figure_eight,linoleum,0.2,3.067346109613708,7.799957036972046,4.9195956976237625,2.7640938752191837,-0.5911885034097809,-0.26296517657956,0.11889557477535068,0.0051341472026991755,0.608,0.327,-0.193,-0.707
figure_eight,linoleum,0.2,-2.92264210646681,7.999950885772705,4.797484501990258,2.69547120631869,-0.5465330740022407,-0.2929791410691244,0.12534172749116587,0.0046625489637942465,0.394,0.013,-0.015,-0.664
figure_eight,linoleum,0.2,-2.6081704372497607,8.200247049331665,4.797484501990258,2.69547120631869,-0.5465330740022407,-0.3206671965509114,0.12560567978128526,0.005031014431795722,0.132,-0.121,0.247,-0.281
figure_eight,linoleum,0.2,-2.327458989693256,8.399992227554321,4.797484501990258,2.69547120631869,-0.5465330740022407,-0.3446751248442974,0.12209195723400558,0.004168448526207948,-0.186,-0.498,0.722,0.139
figure_eight,linoleum,0.2,-2.104223749001773,8.599993705749512,4.797484501990258,2.69547120631869,-0.5465330740022407,-0.3649980768895937,0.11357472927295563,0.00358527826226979,-0.356,-0.753,0.851,0.264
figure_eight,linoleum,0.2,-1.9330032416772456,8.799985408782959,4.797484501990258,2.69547120631869,-0.5465330740022407,-0.3821633012135197,0.09753319418633707,0.00368278585953178,-0.662,-0.621,0.491,0.597
figure_eight,linoleum,0.2,-1.7980781429377428,9.000122308731079,4.797484501990258,2.69547120631869,-0.5465330740022407,-0.3975456676233512,0.07663371850671849,0.0038215466528281885,-0.82,-0.876,0.901,0.815
figure_eight,linoleum,0.2,-1.685358825726701,9.199963331222534,4.797484501990258,2.69547120631869,-0.5465330740022407,-0.4094206041678654,0.04946807104653474,0.0035271487285565926,-0.802,-0.911,1.03,0.901
figure_eight,linoleum,0.2,-1.5831981326861022,9.399980068206787,4.797484501990258,2.69547120631869,-0.5465330740022407,-0.41592838787764164,0.02004033909659865,0.0017007556782228663,-0.878,-0.773,1.015,0.874
figure_eight,linoleum,0.2,-1.4822003825207717,9.599940299987793,4.797484501990258,2.69547120631869,-0.5465330740022407,-0.418634982521772,-0.018880560308472377,0.0011400870749778563,-0.867,-0.169,1.1,0.882
figure_eight,linoleum,0.2,-1.372975155873802,9.799973011016846,4.797484501990258,2.69547120631869,-0.5465330740022407,-0.41645850117963096,-0.05553225890567784,0.0006450489481032052,-0.689,-0.829,0.906,0.798
figure_eight,linoleum,0.2,-1.2448284704161505,9.999948263168335,4.797484501990258,2.69547120631869,-0.5465330740022407,-0.41056550503033395,-0.09117389240889753,7.688078268992034e-05,-0.774,-0.805,0.94,0.83
figure_eight,linoleum,0.2,-1.0841356074853872,10.199933767318726,4.797484501990258,2.69547120631869,-0.5465330740022407,-0.4004612519694549,-0.12559176036440248,-0.000276583173881025,-0.655,-0.658,0.559,0.875
figure_eight,linoleum,0.2,-0.8750254883611635,10.39995813369751,4.797484501990258,2.69547120631869,-0.5465330740022407,-0.3874489616611309,-0.15364298165518983,-0.0005316020422959675,-1.0,-0.8,0.935,0.911
figure_eight,linoleum,0.2,-0.6074982435167541,10.599947452545166,4.797484501990258,2.69547120631869,-0.5465330740022407,-0.3697200382396358,-0.17708514653375848,-4.5940948240953596e-05,-0.647,-0.626,0.855,0.866
figure_eight,linoleum,0.2,-0.29717679582023665,10.799961805343628,4.797484501990258,2.69547120631869,-0.5465330740022407,-0.34990955328399875,-0.19631434555710273,0.00010688304339877231,-0.639,-0.25,0.346,0.492
figure_eight,linoleum,0.2,0.0062641300346397925,11.000013589859009,4.797484501990258,2.69547120631869,-0.5465330740022407,-0.3274383707101926,-0.20893485287943916,0.000725680128927812,-0.667,-0.317,0.238,0.78
figure_eight,linoleum,0.2,0.25625864606340454,11.20023250579834,4.797484501990258,2.69547120631869,-0.5465330740022407,-0.3017541308261252,-0.21343499246764883,0.0007191171253780289,-0.617,-0.192,0.144,0.644
figure_eight,linoleum,0.2,0.4407762641080091,11.400338888168335,4.797484501990258,2.69547120631869,-0.5465330740022407,-0.27248270382842044,-0.213443435946662,0.001082895149750376,-0.099,0.292,-0.253,0.184
figure_eight,linoleum,0.2,0.5707810455762413,11.60041093826294,4.797484501990258,2.69547120631869,-0.5465330740022407,-0.24013871468184061,-0.20952408610999926,0.0015816838887510501,0.238,0.499,-0.602,-0.207
figure_eight,linoleum,0.2,0.6605875112980544,11.800477266311646,4.797484501990258,2.69547120631869,-0.5465330740022407,-0.20562233208506525,-0.20000281812437368,0.0021657920630361737,0.288,0.816,-0.816,-0.459
figure_eight,linoleum,0.2,0.7211330398794368,12.000501155853271,4.797484501990258,2.69547120631869,-0.5465330740022407,-0.16983705211609273,-0.18249551145359336,0.0028145929556950703,0.361,1.095,-0.72,-0.3
figure_eight,linoleum,0.2,0.7595506564451093,12.20027494430542,4.797484501990258,2.69547120631869,-0.5465330740022407,-0.13247592245520773,-0.1582937871967343,0.0022670500010820707,0.387,0.998,-0.868,-0.41
figure_eight,linoleum,0.2,0.7801757283003653,12.399960041046143,4.797484501990258,2.69547120631869,-0.5465330740022407,-0.09405308647375105,-0.12875349197090344,0.0036677846913773134,0.506,0.811,-0.526,-0.481
figure_eight,linoleum,0.2,2.3637466540647294,0.1998589038848877,0.0,0.0,0.0,7.173374880833916e-07,7.264967506470654e-07,9.375688503460676e-07,0.239,0.31,-0.408,-0.287
figure_eight,linoleum,0.2,2.387202347842622,0.39987945556640625,0.0,0.0,0.0,-0.019242869145082366,0.01811951084127339,0.0018029387714208053,1.899,0.396,-0.416,-1.818
figure_eight,linoleum,0.2,2.429040333607879,0.5998797416687012,0.0,0.0,0.0,-0.05664904837196957,0.05232962739968211,0.0027930016099171704,1.196,0.378,-0.517,-1.297
figure_eight,linoleum,0.2,2.4939835961419994,0.7999660968780518,0.0,0.0,0.0,-0.09506660900296965,0.08469341589350468,0.0036030487186385672,0.937,0.499,-0.444,-1.237
figure_eight,linoleum,0.2,2.5896845905535115,0.9999210834503174,0.0,0.0,0.0,-0.1323292234581406,0.11314869830345103,0.0020598305836615335,1.053,0.419,-0.3,-0.863
figure_eight,linoleum,0.2,2.727825716031691,1.1999242305755615,0.0,0.0,0.0,-0.1678457580168234,0.13694166909726369,0.00052691323011225,0.76,0.303,-0.2,-0.793
figure_eight,linoleum,0.2,2.9228184519762155,1.3999099731445312,0.0,0.0,0.0,-0.2009869319643998,0.15583505477261692,-0.000734117199411132,0.599,0.059,-0.045,-0.579
figure_eight,linoleum,0.2,-3.0998337207016347,1.599912405014038,0.0,0.0,0.0,-0.23267516039281186,0.16608677503976083,-0.0006938016577946351,0.815,0.299,-0.25,-0.74
figure_eight,linoleum,0.2,-2.7913865911229583,1.7998642921447754,0.0,0.0,0.0,-0.2616250402611706,0.16907794032921908,-0.0010997699589772518,0.581,0.089,-0.023,-0.538
figure_eight,linoleum,0.2,-2.4853914176804373,1.9999232292175293,0.0,0.0,0.0,-0.28759064697453335,0.16791225772863339,-0.0017410692840348079,0.075,-0.409,0.336,-0.088
figure_eight,linoleum,0.2,-2.2275252119335134,2.1999385356903076,0.0,0.0,0.0,-0.3103569981968885,0.16321076803489248,-0.002204230288577669,-0.242,-0.663,0.72,0.233
figure_eight,linoleum,0.2,-2.0276632605364475,2.399862051010132,0.0,0.0,0.0,-0.3289790956918303,0.15174911784798834,-0.002902722447270038,-0.375,-0.87,0.949,0.399
figure_eight,linoleum,0.2,-1.873409308319724,2.599963903427124,0.0,0.0,0.0,-0.3455773277205999,0.13330731420335593,-0.0033236929742010753,-0.658,-0.765,0.825,0.633
figure_eight,linoleum,0.2,-1.7493230664237296,2.799900770187378,0.0,0.0,0.0,-0.3595773305675043,0.10986382154882687,-0.003482142902274705,-0.729,-0.966,0.825,0.779
figure_eight,linoleum,0.2,-1.6419794797563063,3.00028920173645,0.0,0.0,0.0,-0.3697259653733439,0.08077215407016294,-0.003943429024490376,-0.879,-0.794,1.112,0.87
figure_eight,linoleum,0.2,-1.541586354113755,3.1999380588531494,0.0,0.0,0.0,-0.37551303370216926,0.04645756466455875,-0.00541448014269844,-0.728,-0.896,1.017,0.842
figure_eight,linoleum,0.2,-1.438389080931379,3.3998489379882812,0.0,0.0,0.0,-0.37571610905609115,0.010744807903551173,-0.005411667429073544,-0.684,-0.79,1.053,0.885
figure_eight,linoleum,0.2,-1.3226995316202312,3.5999345779418945,0.0,0.0,0.0,-0.3721334040613646,-0.02555941377442769,-0.005475422266841626,-0.669,-0.733,0.894,0.676
figure_eight,linoleum,0.2,-1.1828711790385251,3.799896001815796,0.0,0.0,0.0,-0.3649994026260457,-0.06077866095248122,-0.006079217582628221,-0.787,-0.8,0.877,0.997
figure_eight,linoleum,0.2,-1.0039929206045248,3.9998679161071777,4.995054682254578,2.807477284909453,-0.5552598591436955,-0.3533085637515623,-0.09213146764402216,-0.005882327911552773,-0.808,-0.722,0.696,0.959
figure_eight,linoleum,0.2,-0.7708588425197487,4.19991135597229,4.995054682254578,2.807477284909453,-0.5552598591436955,-0.3381215554836162,-0.1199318994019691,-0.006042652366296725,-0.545,-0.72,0.588,0.809
figure_eight,linoleum,0.2,-0.4814308359888439,4.399898290634155,4.995054682254578,2.807477284909453,-0.5552598591436955,-0.3203083051350887,-0.14073361004381865,-0.006124220920462227,-0.888,-0.541,0.641,0.831
figure_eight,linoleum,0.2,-0.16695910698539315,4.5998735427856445,4.995054682254578,2.807477284909453,-0.5552598591436955,-0.2996524749774067,-0.15769820069651516,-0.006364238618999435,-0.671,-0.108,0.42,0.727
figure_eight,linoleum,0.2,0.1179958949733373,4.799912691116333,4.995054682254578,2.807477284909453,-0.5552598591436955,-0.276000662094771,-0.16727594780843205,-0.005855138377114776,-0.606,-0.128,0.142,0.624
figure_eight,linoleum,0.2,0.3401884887013386,4.999884843826294,4.995054682254578,2.807477284909453,-0.5552598591436955,-0.24852687384848535,-0.17057658694462427,-0.005894516322892677,-0.305,0.098,-0.028,0.423
figure_eight,linoleum,0.2,0.5002768528030763,5.199881315231323,4.995054682254578,2.807477284909453,-0.5552598591436955,-0.217791033918625,-0.1688638937794165,-0.005513862679221083,-0.034,0.46,-0.352,0.125
figure_eight,linoleum,0.2,0.612028579935599,5.399861812591553,4.995054682254578,2.807477284909453,-0.5552598591436955,-0.1839042116030359,-0.1633616109045248,-0.005014137068913759,0.196,0.638,-0.699,-0.24
figure_eight,linoleum,0.2,0.6886454054641055,5.599880218505859,4.995054682254578,2.807477284909453,-0.5552598591436955,-0.14901144005147204,-0.15006006767471466,-0.0036959096560260293,0.274,1.111,-1.008,-0.418
figure_eight,linoleum,0.2,0.7393851968985404,5.799882411956787,4.995054682254578,2.807477284909453,-0.5552598591436955,-0.11254224179690511,-0.12957857856611463,-0.0029008473002076754,0.382,1.188,-0.917,-0.394
figure_eight,linoleum,0.2,0.7700948041267475,5.999887228012085,4.995054682254578,2.807477284909453,-0.5552598591436955,-0.07472136453440645,-0.10260576894954496,-0.003571212385293646,0.396,1.309,-0.839,-0.421
figure_eight,linoleum,0.2,0.7840953674351626,6.199889421463013,4.995054682254578,2.807477284909453,-0.5552598591436955,-0.03539775525127315,-0.07018841032018755,-0.0027995893604233443,0.516,0.499,-0.752,-0.387
figure_eight,linoleum,0.2,0.7828368304111308,6.399897336959839,4.995054682254578,2.807477284909453,-0.5552598591436955,0.0035280079676549697,-0.03518649563964202,-0.001727943267663611,0.312,0.972,-1.167,-0.524
figure_eight,linoleum,0.2,0.766194335980301,6.599870443344116,4.995054682254578,2.807477284909453,-0.5552598591436955,0.043985138358704844,0.002751323669647282,-0.0004200311129413559,0.45,0.8,-0.744,-0.426
figure_eight,linoleum,0.2,0.7324268367418405,6.799890041351318,4.995054682254578,2.807477284909453,-0.5552598591436955,0.08342686689313923,0.03890109018816218,0.0009103779152760498,0.442,0.999,-1.098,-0.55
figure_eight,linoleum,0.2,0.6778527408941806,6.999895095825195,4.995054682254578,2.807477284909453,-0.5552598591436955,0.12181477165561938,0.07303386360579461,0.0016482409878267124,0.336,0.766,-0.878,-0.575
figure_eight,linoleum,0.2,0.5961311086868989,7.199884653091431,4.995054682254578,2.807477284909453,-0.5552598591436955,0.15963154959925674,0.10445025042317095,0.0016426156116822362,0.331,0.891,-0.822,-0.314
figure_eight,linoleum,0.2,0.47722099208181434,7.400011301040649,4.995054682254578,2.807477284909453,-0.5552598591436955,0.19606872452107413,0.130958265875029,0.0007978699988777944,0.336,0.863,-0.697,-0.29
figure_eight,linoleum,0.2,0.30769123946494864,7.599888801574707,4.995054682254578,2.807477284909453,-0.5552598591436955,0.2309838197444412,0.14975617445402256,-0.000922568968661934,0.488,0.426,-0.724,-0.247
figure_eight,linoleum,0.2,0.07436189441574981,7.799870491027832,4.995054682254578,2.807477284909453,-0.5552598591436955,0.2637517437154367,0.16203574805063847,1.2188394836758123e-05,0.302,0.524,-0.797,-0.366
figure_eight,linoleum,0.2,-0.21888562800476416,7.999909400939941,4.797484501990258,2.69547120631869,-0.5465330740022407,0.29385203707419344,0.16759908700191,-0.0004697223272581317,0.238,0.525,-0.671,-0.151
figure_eight,linoleum,0.2,-0.5328614135490369,8.19987940788269,4.797484501990258,2.69547120631869,-0.5465330740022407,0.32139232836715337,0.16859818107957658,-0.0004781604586570052,-0.047,0.088,-0.169,0.047
figure_eight,linoleum,0.2,-0.8139970068973527,8.399884223937988,4.797484501990258,2.69547120631869,-0.5465330740022407,0.3456144899585927,0.16517562247898726,-0.0015132391796693508,-0.467,-0.131,0.125,0.513
figure_eight,linoleum,0.2,-1.0372548542346935,8.599876642227173,4.797484501990258,2.69547120631869,-0.5465330740022407,0.3656387405752152,0.15668224063488184,-0.0021573516333023937,-0.696,-0.285,0.342,0.819
figure_eight,linoleum,0.2,-1.2085094509687668,8.79987907409668,4.797484501990258,2.69547120631869,-0.5465330740022407,0.3822705538707626,0.14178580219626843,-0.0027817754639737394,-0.736,-0.653,0.589,0.884
figure_eight,linoleum,0.2,-1.3433711713598124,8.999886751174927,4.797484501990258,2.69547120631869,-0.5465330740022407,0.3978355969803087,0.12149978637384666,-0.002823966271544227,-1.021,-1.154,0.888,0.776
figure_eight,linoleum,0.2,-1.4563368617613013,9.20015811920166,4.797484501990258,2.69547120631869,-0.5465330740022407,0.40981818496597444,0.09453719671024041,-0.0025455069565063397,-0.755,-0.663,0.934,0.772
figure_eight,linoleum,0.2,-1.558354677361185,9.399900436401367,4.797484501990258,2.69547120631869,-0.5465330740022407,0.4174797683120755,0.06159333869950537,-0.0032055587055837454,-0.54,-0.778,0.825,0.948
figure_eight,linoleum,0.2,-1.659365252802636,9.59988808631897,4.797484501990258,2.69547120631869,-0.5465330740022407,0.42039935760086233,0.026522459108249602,-0.0034408896671547563,-0.728,-0.807,1.074,0.748
figure_eight,linoleum,0.2,-1.7685658908446946,9.799884557723999,4.797484501990258,2.69547120631869,-0.5465330740022407,0.41893677648171423,-0.010505625562779147,-0.0041450072637741545,-0.694,-0.924,0.84,0.769
figure_eight,linoleum,0.2,-1.8967158074317645,9.999880075454712,4.797484501990258,2.69547120631869,-0.5465330740022407,0.41326174315233244,-0.046668918685060595,-0.005109769401518961,-0.717,-0.318,1.056,0.795
figure_eight,linoleum,0.2,-2.057399253969428,10.199870347976685,4.797484501990258,2.69547120631869,-0.5465330740022407,0.40356170705451855,-0.08027009017663075,-0.0044244040119568616,-0.337,-0.817,0.811,0.896
figure_eight,linoleum,0.2,-2.2664693018761812,10.39987587928772,4.797484501990258,2.69547120631869,-0.5465330740022407,0.38998927729077815,-0.10927695616768932,-0.005982647900429154,-0.589,-0.677,1.176,0.806
figure_eight,linoleum,0.2,-2.533989684972712,10.599876403808594,4.797484501990258,2.69547120631869,-0.5465330740022407,0.37191785648280345,-0.13211894450976444,-0.007213674683607537,-0.553,-0.731,0.982,0.738
figure_eight,linoleum,0.2,-2.844302220132423,10.799890041351318,4.797484501990258,2.69547120631869,-0.5465330740022407,0.35201032560009693,-0.15065130823953968,-0.007362747616727389,-0.168,-0.687,1.008,0.303
figure_eight,linoleum,0.2,3.1354372845587375,10.99993634223938,4.797484501990258,2.69547120631869,-0.5465330740022407,0.32955009440888555,-0.16249491901435417,-0.00818405333756628,-0.128,-0.757,1.028,0.466
figure_eight,linoleum,0.2,2.8856496854086067,11.19994068145752,4.797484501990258,2.69547120631869,-0.5465330740022407,0.3035992472585952,-0.1672418284053165,-0.007413376139025471,-0.057,-0.605,0.602,0.059
figure_eight,linoleum,0.2,2.701135332553251,11.399926662445068,4.797484501990258,2.69547120631869,-0.5465330740022407,0.27402192934375097,-0.1670107488134123,-0.006331423709824913,0.364,-0.175,0.245,-0.266
figure_eight,linoleum,0.2,2.5710783888640685,11.599915742874146,4.797484501990258,2.69547120631869,-0.5465330740022407,0.24215660052557805,-0.16352225150073782,-0.005757631065022883,0.668,0.237,-0.186,-0.673
figure_eight,linoleum,0.2,2.4811909892349817,11.799973011016846,4.797484501990258,2.69547120631869,-0.5465330740022407,0.2089445990037295,-0.15412372583860898,-0.0043737750776333675,1.045,0.125,-0.262,-1.016
figure_eight,linoleum,0.2,2.4206062727688122,11.999897718429565,4.797484501990258,2.69547120631869,-0.5465330740022407,0.17320350510520807,-0.13656300179187383,-0.0029842913453046274,0.84,0.423,-0.304,-1.055
figure_eight,linoleum,0.2,2.382097008396105,12.199896335601807,4.797484501990258,2.69547120631869,-0.5465330740022407,0.1360271572440063,-0.11315554007874515,-0.0028455304623234623,1.105,0.36,-0.383,-1.104
figure_eight,linoleum,0.2,2.3613943133319406,12.400318622589111,4.797484501990258,2.69547120631869,-0.5465330740022407,0.09608498657692635,-0.08173482611485441,-0.0025464445298883807,1.066,0.246,-0.402,-0.593
circle,grass,0.2,0.19983148574829102,0.19983148574829102,0.0,0.0,0.0,2.7139627606365124e-07,-2.2667591543790166e-06,-2.798303093062837e-06,-1.787,-1.714,0.983,0.793
circle,grass,0.2,0.4001028537750244,0.4001028537750244,0.0,0.0,0.0,0.01405431830190726,-0.0034016209206434445,-0.0015631933986018642,-2.268,0.386,-0.844,1.644
circle,grass,0.2,0.6004104614257812,0.6004104614257812,0.0,0.0,0.0,0.03882492620380973,-0.008273836685418257,-0.004459464495685836,-1.297,0.582,-1.032,0.885
circle,grass,0.2,0.8007090091705322,0.8007090091705322,0.0,0.0,0.0,0.06743450361861121,-0.01167854093224363,-0.008499314662657256,-0.443,1.004,-1.545,0.088
circle,grass,0.2,1.0008506774902344,1.0008506774902344,0.0,0.0,0.0,0.09648734082701316,-0.010580174794169617,-0.012425574355694302,0.033,1.41,-1.225,-0.329
circle,grass,0.2,1.2004103660583496,1.2004103660583496,0.0,0.0,0.0,0.11848670091932076,-0.00623087499769448,-0.01413565788583264,0.429,2.003,-2.481,-0.964
circle,grass,0.2,1.400022268295288,1.400022268295288,0.0,0.0,0.0,0.13419396781000897,-0.001121080122969409,-0.014258591968617035,1.182,2.42,-3.18,-1.704
circle,grass,0.2,1.5998003482818604,1.5998003482818604,0.0,0.0,0.0,0.14781403107109783,0.006734949417568581,-0.016358441361188872,1.987,3.249,-2.559,-2.542
circle,grass,0.2,1.799894094467163,1.799894094467163,0.0,0.0,0.0,0.15617172018934855,0.01574504843369917,-0.01737698235840364,2.497,2.866,-3.159,-3.09
circle,grass,0.2,1.9998276233673096,1.9998276233673096,0.0,0.0,0.0,0.16269627370297612,0.036578470051530365,-0.01996932095318059,2.266,2.335,-2.059,-3.022
circle,grass,0.2,2.2000534534454346,2.2000534534454346,0.0,0.0,0.0,0.16120479460413806,0.06350916828524233,-0.019862292671214504,2.304,2.207,-2.359,-2.703
circle,grass,0.2,2.3998472690582275,2.3998472690582275,0.0,0.0,0.0,0.15237015161747405,0.08951989532747451,-0.019683598840687058,2.626,2.395,-2.289,-3.253
circle,grass,0.2,2.6000702381134033,2.6000702381134033,0.0,0.0,0.0,0.13685805402439305,0.11628098789853991,-0.01888222063886706,2.467,1.793,-1.903,-3.316
circle,grass,0.2,2.799896240234375,2.799896240234375,0.0,0.0,0.0,0.11930480166807184,0.1445915060050923,-0.01873701481153464,2.476,1.08,-1.141,-3.531
circle,grass,0.2,2.999865293502807,2.9998652935028076,0.0,0.0,0.0,0.09882866416582105,0.17104959943607068,-0.019180070708932614,2.62,0.477,-0.64,-2.983
circle,grass,0.2,-3.0833697954760955,3.199815511703491,0.0,0.0,0.0,0.07452643708769029,0.1915337627081904,-0.019889282544549497,2.27,0.203,-0.382,-2.577
circle,grass,0.2,-2.883361403142111,3.3998239040374756,0.0,0.0,0.0,0.043642261832104776,0.2095364843241524,-0.020892497644355218,1.758,0.026,-0.137,-1.29
circle,grass,0.2,-2.6833642164813445,3.599821090698242,0.0,0.0,0.0,0.009827534049125605,0.2218510668496596,-0.02265480127522934,1.386,0.023,0.034,-1.609
circle,grass,0.2,-2.483354155217306,3.7998311519622803,0.0,0.0,0.0,-0.02589354682182153,0.23074816886954813,-0.02390232123408058,0.578,-0.504,0.836,-0.958
circle,grass,0.2,-2.2831576506244105,4.000027656555176,0.0,0.0,0.0,-0.059482130362222704,0.2350252465616452,-0.02492735384490498,0.382,-1.476,1.326,-0.61
circle,grass,0.2,-2.083380524312155,4.199804782867432,0.0,0.0,0.0,-0.08507203853621413,0.2349871846213456,-0.02733313841607872,-0.23,-1.596,1.816,-0.121
circle,grass,0.2,-1.8833079973803921,4.399877309799194,0.0,0.0,0.0,-0.10614496921444493,0.23219278152212225,-0.028979647666371053,-0.773,-1.993,2.288,0.382
circle,grass,0.2,-1.6833596865283413,4.599825620651245,0.0,0.0,0.0,-0.1231853625232621,0.225457810921037,-0.031417606012437274,-1.307,-2.608,2.56,1.125
circle,grass,0.2,-1.4833224455462857,4.799862861633301,0.0,0.0,0.0,-0.1349403166212968,0.218898540994093,-0.030968739411940158,-2.392,-2.724,3.272,2.085
circle,grass,0.2,-1.2833634058581753,4.999821901321411,3.71335568569786,-0.8570999353883975,1.537433047874769,-0.14594456180279852,0.20978026328295474,-0.035552764611980384,-2.698,-2.387,2.856,2.983
circle,grass,0.2,-1.0827198664294644,5.200465440750122,3.71335568569786,-0.8570999353883975,1.537433047874769,-0.15038451034824485,0.193153210999242,-0.03754563921758809,-2.401,-2.164,2.796,2.765
circle,grass,0.2,-0.8830338160144254,5.400151491165161,3.71335568569786,-0.8570999353883975,1.537433047874769,-0.1478913040355534,0.1680473936042517,-0.04298740592340462,-2.482,-1.805,2.607,2.74
circle,grass,0.2,-0.6833220163928443,5.599863290786743,3.71335568569786,-0.8570999353883975,1.537433047874769,-0.13911892157534855,0.14017040209312315,-0.04702763429255778,-2.531,-1.802,2.492,3.067
circle,grass,0.2,-0.4833594004260464,5.79982590675354,3.71335568569786,-0.8570999353883975,1.537433047874769,-0.12469914796680993,0.11215322036061004,-0.048685308567528826,-2.17,-1.322,1.759,3.177
circle,grass,0.2,-0.28336865106691556,5.999816656112671,3.71335568569786,-0.8570999353883975,1.537433047874769,-0.10707778540566455,0.08501495474485954,-0.04993292233374359,-2.274,-0.832,1.081,2.593
circle,grass,0.2,-0.08334643045534242,6.199838876724243,3.71335568569786,-0.8570999353883975,1.537433047874769,-0.08602648496949701,0.060919692498072386,-0.0524635578418622,-2.194,-0.5,0.802,2.662
circle,grass,0.2,2.9416798671060285,0.19991278648376465,0.0,0.0,0.0,9.464767669692398e-06,-1.8093269830710135e-05,0.0,-1.811,-1.095,1.435,2.215
circle,grass,0.2,2.7417499144845685,0.3998427391052246,0.0,0.0,0.0,-0.0137523537643508,0.0035359230156697397,0.0018232790395146525,0.341,-1.853,1.912,-0.118
circle,grass,0.2,2.5417329390817365,0.5998597145080566,0.0,0.0,0.0,-0.033579328083244264,0.0072916522030948006,0.0031259324847206227,0.903,-0.893,1.359,-0.724
circle,grass,0.2,2.34172240098054,0.7998702526092529,0.0,0.0,0.0,-0.05600707583021311,0.013553097246848167,0.003227930457627537,1.094,-0.172,0.58,-1.2
circle,grass,0.2,2.1416775306039533,0.9999151229858398,0.0,0.0,0.0,-0.07903991725141479,0.02474964634596266,0.0051773200006687,1.746,0.22,0.116,-2.129
circle,grass,0.2,1.9417006095224105,1.1998920440673828,0.0,0.0,0.0,-0.0932895524290979,0.036200311320837564,0.008805874480073916,2.171,0.749,-0.523,-2.615
circle,grass,0.2,1.7416857798867904,1.399906873703003,0.0,0.0,0.0,-0.10393692594011952,0.049455076997834246,0.012493910636220185,2.25,1.287,-1.349,-2.807
circle,grass,0.2,1.541707666712352,1.5998849868774414,0.0,0.0,0.0,-0.11069002545264608,0.0611503646435122,0.013520927159247409,2.622,2.356,-2.157,-3.247
circle,grass,0.2,1.3417443354898175,1.7998483180999756,0.0,0.0,0.0,-0.11421400968745846,0.07476983940066717,0.020358109042714373,2.564,2.775,-3.103,-3.376
circle,grass,0.2,1.1417209227853498,1.9998717308044434,0.0,0.0,0.0,-0.10914666921820468,0.08894318122400513,0.023662348456891164,2.516,2.88,-2.885,-3.172
circle,grass,0.2,0.9416913111978255,2.1999013423919678,0.0,0.0,0.0,-0.09391876930008355,0.11146135936626678,0.025356856847568776,1.66,2.501,-2.496,-2.565
circle,grass,0.2,0.741708191233226,2.3998844623565674,0.0,0.0,0.0,-0.07276399311537132,0.1313801772434081,0.026143784395827097,1.694,2.657,-2.497,-2.146
circle,grass,0.2,0.5417269786172595,2.599865674972534,0.0,0.0,0.0,-0.045895012694898124,0.15035974850087808,0.027092666807231797,1.272,2.121,-2.524,-2.009
circle,grass,0.2,0.3417462428384509,2.7998464107513428,0.0,0.0,0.0,-0.015975011646005677,0.16705969501148654,0.026464717167348245,0.854,2.596,-2.367,-1.146
circle,grass,0.2,0.1417421420388899,2.9998505115509033,0.0,0.0,0.0,0.01412361780807056,0.17912612418046386,0.026800547742453815,0.392,2.391,-2.488,-0.823
circle,grass,0.2,-0.058330623311451876,3.199923276901245,0.0,0.0,0.0,0.04280548666800821,0.18465183094570214,0.02718570061483118,0.167,2.374,-2.294,-0.652
circle,grass,0.2,-0.25833591620390794,3.399928569793701,0.0,0.0,0.0,0.07926673655520883,0.18347309988302063,0.026534486888368555,0.185,1.871,-1.756,-0.442
circle,grass,0.2,-0.45828923384611986,3.599881887435913,0.0,0.0,0.0,0.11867801085236385,0.1772453140698823,0.024184983939267074,-0.127,1.567,-1.365,-0.094
circle,grass,0.2,-0.6582961956686296,3.799888849258423,0.0,0.0,0.0,0.15057932611821656,0.1679791606497555,0.022518625809544834,-0.39,0.963,-0.957,0.903
circle,grass,0.2,-0.8582604805654802,3.9998531341552734,0.0,0.0,0.0,0.18324828929833273,0.15645321744349788,0.019777180573567005,-1.185,0.227,-0.083,0.976
circle,grass,0.2,-1.058302728337697,4.19989538192749,0.0,0.0,0.0,0.20590715446235824,0.14322407653112856,0.019232543008272457,-1.492,-0.229,0.166,1.788
circle,grass,0.2,-1.2583101669973649,4.399902820587158,0.0,0.0,0.0,0.22489413729891872,0.1284505861957913,0.01815453844189316,-2.252,-0.72,0.79,2.544
circle,grass,0.2,-1.458325235051564,4.599917888641357,0.0,0.0,0.0,0.23353804001784062,0.11748246129684681,0.015723102650116116,-2.573,-1.242,1.297,3.239
circle,grass,0.2,-1.658344117803029,4.799936771392822,0.0,0.0,0.0,0.23851029507241792,0.10823566822226294,0.01040319612381388,-2.455,-2.189,2.311,3.566
circle,grass,0.2,-1.858293143910817,4.99988579750061,0.0,0.0,0.0,0.23884921023204958,0.09755795766188635,-1.2048438079975687e-05,-2.304,-2.574,3.167,3.548
circle,grass,0.2,-2.0583012978262225,5.199893951416016,0.0,0.0,0.0,0.22904656188361983,0.08612835213400505,-0.007175899177265022,-2.421,-2.303,2.882,3.56
circle,grass,0.2,-2.258257953328542,5.399850606918335,0.0,0.0,0.0,0.21068527634633888,0.07169046755075859,-0.013093190220668544,-2.475,-2.085,3.266,3.565
circle,grass,0.2,-2.458274928731374,5.599867582321167,0.0,0.0,0.0,0.1829591931077824,0.05700828298022742,-0.01450803140453083,-2.254,-1.797,3.132,3.32
circle,grass,0.2,-2.658327190083913,5.799919843673706,0.0,0.0,0.0,0.15342370157368176,0.04256391102021828,-0.014956455801567958,-1.524,-1.806,3.054,2.646
circle,grass,0.2,-2.858288375539235,5.999881029129028,0.0,0.0,0.0,0.12503301263805694,0.02939262488629868,-0.01449878517997738,-0.805,-2.328,2.64,1.841
circle,grass,0.2,-3.058252898854665,6.199845552444458,4.797484501990258,2.69547120631869,-0.5465330740022407,0.09146909255057425,0.017020858151176044,-0.0134215005800358,-0.186,-2.277,2.559,1.143
circle,grass,0.2,0.19997239112854004,0.19997239112854004,0.0,0.0,0.0,-1.7964399181141788e-06,-9.707141818138254e-07,1.8554703108131232e-06,-1.034,-1.532,1.782,1.207
circle,grass,0.2,0.3999617099761963,0.3999617099761963,0.0,0.0,0.0,0.012072565307186672,-0.0034348606816364535,-0.00013452024348098446,-1.727,0.508,-0.258,2.012
circle,grass,0.2,0.5999972820281982,0.5999972820281982,0.0,0.0,0.0,0.035797946719957216,-0.011291691199600606,-0.0001809059147006853,-0.557,0.834,-0.773,1.07
circle,grass,0.2,0.7999780178070068,0.7999780178070068,0.0,0.0,0.0,0.061253162350092615,-0.0174077008972523,0.0006299613206594556,-0.199,0.993,-0.967,0.499
circle,grass,0.2,0.9999759197235109,0.9999759197235107,0.0,0.0,0.0,0.08832435750437354,-0.017225693155460964,0.0006225387560522544,0.335,1.48,-1.135,-0.091
circle,grass,0.2,1.2000031471252441,1.2000031471252441,0.0,0.0,0.0,0.11029010059772093,-0.014068760378520784,0.002013482666803873,0.818,2.052,-2.086,-0.68
circle,grass,0.2,1.3999629020690918,1.3999629020690918,0.0,0.0,0.0,0.12741118386834438,-0.006977260547725628,0.004613323418095061,1.341,2.397,-2.807,-1.319
circle,grass,0.2,1.5999431610107422,1.5999431610107422,0.0,0.0,0.0,0.13757800612140889,-0.0014105428637763984,0.005457250016983078,2.379,2.853,-3.193,-2.237
circle,grass,0.2,1.7999646663665771,1.7999646663665771,0.0,0.0,0.0,0.14799875541415017,0.01073365134457216,0.010402123928871188,2.091,2.142,-2.337,-2.588
circle,grass,0.2,1.9999649524688723,1.999964952468872,0.0,0.0,0.0,0.15266184280312034,0.03202445798246489,0.012291240618027666,2.171,2.321,-2.677,-2.731
circle,grass,0.2,2.1999547481536865,2.1999547481536865,0.0,0.0,0.0,0.15032823971507742,0.056382838818635816,0.016658570799147815,2.336,2.0,-2.178,-2.933
circle,grass,0.2,2.4000163078308105,2.4000163078308105,0.0,0.0,0.0,0.1422852055875668,0.08526907417742335,0.018367882375231764,2.459,2.075,-2.041,-2.804
circle,grass,0.2,2.5999786853790283,2.5999786853790283,4.797484501990258,2.69547120631869,-0.5465330740022407,0.12779573729741986,0.11443122456048593,0.018419967414422922,2.742,1.614,-1.448,-2.994
circle,grass,0.2,2.7999675273895264,2.7999675273895264,4.797484501990258,2.69547120631869,-0.5465330740022407,0.11047335399460922,0.14290806326947436,0.018980833664829777,2.22,0.929,-0.829,-3.457
circle,grass,0.2,2.999960660934448,2.9999606609344482,4.797484501990258,2.69547120631869,-0.5465330740022407,0.08886954879262385,0.1675337258233487,0.01912221922313309,2.615,0.773,-0.572,-3.023
circle,grass,0.2,-3.0832141081439417,3.1999711990356445,4.797484501990258,2.69547120631869,-0.5465330740022407,0.0634440738276449,0.18435689644210357,0.018784572411636752,2.182,0.329,-0.417,-2.476
circle,grass,0.2,-2.883206431065695,3.3999788761138916,4.797484501990258,2.69547120631869,-0.5465330740022407,0.03308533727068987,0.20054330448902025,0.018437639203115114,1.738,0.203,-0.21,-1.592
circle,grass,0.2,-2.683233801518576,3.5999515056610107,4.797484501990258,2.69547120631869,-0.5465330740022407,-0.001856597833673937,0.21546071350768087,0.018119553132172422,1.226,-0.365,0.283,-1.273
circle,grass,0.2,-2.483199659978048,3.799985647201538,4.797484501990258,2.69547120631869,-0.5465330740022407,-0.034081562377090605,0.22611201885311516,0.017565258768721254,0.707,-0.811,0.824,-1.193
circle,grass,0.2,-2.283139053975241,4.000046253204346,4.797484501990258,2.69547120631869,-0.5465330740022407,-0.06532497596889159,0.23079844810867467,0.017126315506548917,0.296,-0.87,1.187,-0.587
circle,grass,0.2,-2.0828395525561736,4.200345754623413,4.797484501990258,2.69547120631869,-0.5465330740022407,-0.09513617219424386,0.2292626273050124,0.015468414524435509,-0.359,-1.38,1.808,0.254
circle,grass,0.2,-1.8832340876208706,4.399951219558716,4.797484501990258,2.69547120631869,-0.5465330740022407,-0.11764923347061221,0.2269175085081932,0.013357275342068348,-0.817,-2.361,2.561,0.578
circle,grass,0.2,-1.683161799107687,4.600023508071899,4.797484501990258,2.69547120631869,-0.5465330740022407,-0.13449917819095908,0.22058209551011343,0.012424138112431676,-1.416,-2.252,2.794,1.083
circle,grass,0.2,-1.4831865469561978,4.799998760223389,4.797484501990258,2.69547120631869,-0.5465330740022407,-0.14645433070598818,0.21370863842527776,0.011914865512898165,-2.447,-2.885,3.059,2.179
circle,grass,0.2,-1.2831757704364224,5.000009536743164,4.797484501990258,2.69547120631869,-0.5465330740022407,-0.15655442936686648,0.20342904614662477,0.0072132001432081705,-2.457,-2.124,3.058,3.027
circle,grass,0.2,-1.0832153002368374,5.199970006942749,4.797484501990258,2.69547120631869,-0.5465330740022407,-0.16143816888215654,0.18448565353594076,0.001006667093216812,-2.177,-2.284,2.749,3.374
circle,grass,0.2,-0.8831840197192594,5.400001287460327,4.797484501990258,2.69547120631869,-0.5465330740022407,-0.15863949150923715,0.15943415971499564,-0.0010983490214786784,-1.892,-2.134,2.2,2.36
circle,grass,0.2,-0.6832316557513639,5.599953651428223,4.797484501990258,2.69547120631869,-0.5465330740022407,-0.14863376801211867,0.1334785410887359,-0.0027993221448710803,-2.237,-2.101,2.482,3.223
circle,grass,0.2,-0.48320585886110506,5.7999794483184814,4.797484501990258,2.69547120631869,-0.5465330740022407,-0.13450394569698662,0.10525882590597768,-0.0053249349715651095,-2.071,-1.46,1.751,3.187
circle,grass,0.2,-0.2832317988025122,5.999953508377075,4.797484501990258,2.69547120631869,-0.5465330740022407,-0.11764056961898636,0.07733532813173871,-0.005471398107936121,-2.165,-1.028,1.11,3.158
circle,grass,0.2,-0.0832379500018512,6.199947357177734,4.797484501990258,2.69547120631869,-0.5465330740022407,-0.09668936193827171,0.05295107982027947,-0.005697575219401729,-2.084,-0.742,0.678,3.1
circle,grass,0.2,2.9415670951181134,0.2000255584716797,0.0,0.0,0.0,9.50274900596293e-06,-1.807335058956472e-05,0.0,-1.713,-1.174,1.342,2.247
circle,grass,0.2,2.7415384372049054,0.4000542163848877,0.0,0.0,0.0,-0.011877210111627623,0.0029992888752730096,0.0009622470490870672,0.524,-2.085,1.939,0.069
circle,grass,0.2,2.5416232665353498,0.5999693870544434,0.0,0.0,0.0,-0.03311458498670347,0.0076231732864799895,0.002825958580586374,0.927,-1.315,1.257,-0.718
circle,grass,0.2,2.3416170199685773,0.7999756336212158,4.439361439925766,2.499910025326879,-1.0856334203163214,-0.057220074027760554,0.013831305941537586,0.004644740454860741,1.331,-0.092,0.164,-1.021
circle,grass,0.2,2.1415978987985334,0.9999947547912598,4.439361439925766,2.499910025326879,-1.0856334203163214,-0.08059109708218926,0.02429991049400615,0.004371103248243052,1.92,0.357,-0.06,-1.486
circle,grass,0.2,1.9415957053476058,1.1999969482421875,4.439361439925766,2.499910025326879,-1.0856334203163214,-0.09669623872962244,0.0363172368931487,0.006793409350160123,2.418,0.636,-0.71,-2.42
circle,grass,0.2,1.7416042407327377,1.3999884128570557,3.71335568569786,-0.8570999353883975,1.537433047874769,-0.10599881475464432,0.04700533613582458,0.009214717790182986,2.782,1.224,-1.49,-2.631
circle,grass,0.2,1.541707666712352,1.5998849868774414,3.71335568569786,-0.8570999353883975,1.537433047874769,-0.11317482317868927,0.05920077102358412,0.012642552232385529,2.78,2.304,-2.274,-3.134
circle,grass,0.2,1.3415962775521955,1.7999963760375977,3.71335568569786,-0.8570999353883975,1.537433047874769,-0.11691813407954943,0.07101399344992831,0.015881567654570883,2.418,2.941,-3.121,-3.553
circle,grass,0.2,1.1416374762826644,1.999955177307129,3.71335568569786,-0.8570999353883975,1.537433047874769,-0.11258289220244955,0.08536885412793027,0.024381069087528906,2.191,2.61,-3.198,-3.55
circle,grass,0.2,0.9415957053476058,2.1999969482421875,3.71335568569786,-0.8570999353883975,1.537433047874769,-0.09576652384629586,0.10350982665669228,0.02855382387856481,2.097,2.537,-2.834,-2.641
circle,grass,0.2,0.7415815909677228,2.4000110626220703,3.71335568569786,-0.8570999353883975,1.537433047874769,-0.07331323991795466,0.12455476145805466,0.02805967844288383,2.184,2.116,-2.557,-2.231
circle,grass,0.2,0.5413264354043689,2.600266218185425,3.71335568569786,-0.8570999353883975,1.537433047874769,-0.046592451015665004,0.14256886228050403,0.02902194046758011,1.686,1.948,-2.805,-1.955
circle,grass,0.2,0.3411203940683093,2.8004722595214844,3.71335568569786,-0.8570999353883975,1.537433047874769,-0.016108725904348642,0.16115452539328406,0.029007049663856255,0.96,2.113,-2.763,-1.251
circle,grass,0.2,0.1410523970895491,3.000540256500244,3.71335568569786,-0.8570999353883975,1.537433047874769,0.013586118294972818,0.17471149348972725,0.029261127733741482,0.682,2.478,-2.027,-0.807
circle,grass,0.2,-0.058978168172292164,3.200570821762085,3.71335568569786,-0.8570999353883975,1.537433047874769,0.0449601939725809,0.18139317379013242,0.02866829124737298,0.431,2.007,-2.861,-0.654
circle,grass,0.2,-0.25877675215666673,3.40036940574646,3.71335568569786,-0.8570999353883975,1.537433047874769,0.08078103536181828,0.1815346497087842,0.028953070728810704,0.077,1.766,-1.973,-0.204
circle,grass,0.2,-0.45866307417815155,3.6002557277679443,3.71335568569786,-0.8570999353883975,1.537433047874769,0.11789366902760821,0.1778803591962656,0.027100322477061317,-0.125,1.329,-1.463,-0.125
circle,grass,0.2,-0.6584459225363057,3.8000385761260986,3.71335568569786,-0.8570999353883975,1.537433047874769,0.1525417987013869,0.16824749440369852,0.024935449164800644,-0.523,0.682,-1.129,0.482
circle,grass,0.2,-0.8583911339468279,3.999983787536621,3.71335568569786,-0.8570999353883975,1.537433047874769,0.18307366619969445,0.15749524544098037,0.0232101169392899,-1.001,0.192,-0.151,1.1
circle,grass,0.2,-1.0584066788381854,4.1999993324279785,3.71335568569786,-0.8570999353883975,1.537433047874769,0.20768966105860376,0.1432302061198657,0.020230059516750554,-1.277,-0.275,0.146,1.623
circle,grass,0.2,-1.2584217468923846,4.400014400482178,3.71335568569786,-0.8570999353883975,1.537433047874769,0.22639705381223454,0.13023479614649525,0.0192567958995937,-1.844,-0.934,0.837,2.247
circle,grass,0.2,-1.4584208409017838,4.600013494491577,3.71335568569786,-0.8570999353883975,1.537433047874769,0.23681760158667128,0.11875451685452165,0.016889700087911796,-2.681,-1.56,1.434,3.011
circle,grass,0.2,-1.6584010998434342,4.7999937534332275,3.71335568569786,-0.8570999353883975,1.537433047874769,0.24343389670661708,0.107710305703685,0.015649298725762678,-2.549,-2.493,2.351,2.951
circle,grass,0.2,-1.8584113995260516,5.000004053115845,3.71335568569786,-0.8570999353883975,1.537433047874769,0.2474049423958786,0.09495194712313082,0.012012939003966966,-2.569,-2.934,3.178,3.454
circle,grass,0.2,-2.0584162155813495,5.200008869171143,3.71335568569786,-0.8570999353883975,1.537433047874769,0.2379977353635228,0.0816196367481965,0.005891553528091675,-2.52,-2.209,3.125,3.355
circle,grass,0.2,-2.2584098259634295,5.400002479553223,3.71335568569786,-0.8570999353883975,1.537433047874769,0.2203262795957739,0.06290469741674365,0.0023140809489548553,-1.895,-2.093,3.114,2.766
circle,grass,0.2,-2.4584167877859393,5.600009441375732,3.71335568569786,-0.8570999353883975,1.537433047874769,0.19725824471918643,0.04300090624296282,0.0026173080366054258,-1.663,-2.342,2.683,2.046
circle,grass,0.2,-2.658372251195363,5.799964904785156,3.71335568569786,-0.8570999353883975,1.537433047874769,0.16982100958745006,0.026735445451740003,0.0014267348051834328,-1.382,-2.366,2.996,1.802
circle,grass,0.2,-2.8583920876211444,5.9999847412109375,3.71335568569786,-0.8570999353883975,1.537433047874769,0.14041448363168008,0.012231569941238751,0.0009872784853978411,-0.768,-2.431,2.618,0.911
circle,grass,0.2,-3.0584214607900906,6.200014114379883,3.71335568569786,-0.8570999353883975,1.537433047874769,0.1082187777352315,0.0012938172466855358,0.0015055433707127641,-0.402,-2.481,2.037,0.74
circle,grass,0.2,0.19999361038208008,0.19999361038208008,0.0,0.0,0.0,-3.9608369673219124e-05,-2.119449300808096e-05,-2.4113888085541824e-05,-1.034,-1.84,2.107,1.327
circle,grass,0.2,0.4000489711761474,0.40004897117614746,0.0,0.0,0.0,0.012002182208781409,-0.004133614825056253,0.0006307017871218235,-1.527,0.136,0.018,1.889
circle,grass,0.2,0.5999710559844971,0.5999710559844971,0.0,0.0,0.0,0.035357601579596394,-0.012827879767092432,0.001828270598483006,-0.778,0.74,-0.603,1.181
circle,grass,0.2,0.8003497123718262,0.8003497123718262,0.0,0.0,0.0,0.060127236491610114,-0.019402003477647978,0.0018366200038537617,-0.24,1.166,-0.963,0.429
circle,grass,0.2,1.0003893375396729,1.0003893375396729,0.0,0.0,0.0,0.08560688763131608,-0.0207318717419408,0.004015237196491439,0.313,1.267,-1.385,-0.177
circle,grass,0.2,1.2007231712341309,1.2007231712341309,0.0,0.0,0.0,0.10536404885887861,-0.018081256522684774,0.004201769453889337,0.715,2.226,-1.909,-0.425
circle,grass,0.2,1.400618553161621,1.400618553161621,0.0,0.0,0.0,0.11852927616596148,-0.01229598375485852,0.006072938571045627,1.299,2.485,-2.951,-1.226
circle,grass,0.2,1.600533962249756,1.6005339622497559,0.0,0.0,0.0,0.12905308860343778,-0.005801349789624322,0.008570467171873736,2.187,2.902,-2.811,-2.201
circle,grass,0.2,1.8001246452331543,1.8001246452331543,0.0,0.0,0.0,0.14006304441950213,0.006830052636144002,0.009914297195203814,2.349,2.506,-2.502,-2.505
circle,grass,0.2,1.999974012374878,1.999974012374878,0.0,0.0,0.0,0.14315659358490113,0.025206734659012908,0.013753993466935316,2.251,2.546,-2.754,-2.904
circle,grass,0.2,2.200031042098999,2.200031042098999,4.797484501990258,2.69547120631869,-0.5465330740022407,0.1401604486064988,0.04823773156675426,0.018184238814996173,2.605,1.953,-2.123,-2.367
circle,grass,0.2,2.400005340576172,2.400005340576172,4.797484501990258,2.69547120631869,-0.5465330740022407,0.13241297010462985,0.07749954911054557,0.020154787742351882,2.536,1.785,-1.88,-2.973
circle,grass,0.2,2.599990129470825,2.599990129470825,4.797484501990258,2.69547120631869,-0.5465330740022407,0.11704089406630841,0.1068104157746943,0.02214258064924192,2.27,1.553,-1.677,-3.06
circle,grass,0.2,2.7999730110168457,2.7999730110168457,4.797484501990258,2.69547120631869,-0.5465330740022407,0.0991184556044635,0.1344267761062271,0.022454236138071404,2.432,1.002,-0.92,-3.251
circle,grass,0.2,2.99995756149292,2.99995756149292,4.53663624981368,2.554809449345097,-1.0990517134367717,0.07640222139275359,0.15847676981216524,0.021937918044365165,2.251,0.737,-0.607,-3.171
circle,grass,0.2,-3.0832074324237273,3.1999778747558594,4.53663624981368,2.554809449345097,-1.0990517134367717,0.050083678913470764,0.17820888928399792,0.021380704470164102,1.881,0.459,-0.403,-2.411
circle,grass,0.2,-2.883177582417624,3.400007724761963,4.53663624981368,2.554809449345097,-1.0990517134367717,0.020270415144466584,0.1945784605478959,0.021930475867624866,1.754,-0.081,-0.021,-1.917
circle,grass,0.2,-2.6831784884082244,3.6000068187713623,4.53663624981368,2.554809449345097,-1.0990517134367717,-0.013040578276633089,0.20716482197600744,0.021833728207852537,1.254,-0.065,0.333,-1.445
circle,grass,0.2,-2.483184639607565,3.8000006675720215,4.53663624981368,2.554809449345097,-1.0990517134367717,-0.04767866902347925,0.21671525110530293,0.02023942376570459,0.676,-0.856,0.872,-0.747
circle,grass,0.2,-2.2831185499774382,4.000066757202148,4.53663624981368,2.554809449345097,-1.0990517134367717,-0.07864156400454242,0.22259458291735185,0.018718906220623666,0.326,-1.391,1.324,-0.876
circle,grass,0.2,-2.083078209553854,4.200107097625732,4.53663624981368,2.554809449345097,-1.0990517134367717,-0.10539584800779908,0.22243907208509572,0.01939961478261948,-0.438,-1.488,1.735,0.198
circle,grass,0.2,-1.883171621953146,4.40001368522644,4.53663624981368,2.554809449345097,-1.0990517134367717,-0.1295810650735988,0.21898206881970245,0.0190201960482268,-1.106,-2.053,2.621,0.606
circle,grass,0.2,-1.6832245031939908,4.599960803985596,4.53663624981368,2.554809449345097,-1.0990517134367717,-0.14873386850794187,0.21130011441497532,0.017531530222107794,-1.458,-2.126,2.287,1.06
circle,grass,0.2,-1.4832084814654751,4.799976825714111,4.797484501990258,2.69547120631869,-0.5465330740022407,-0.1615300158488472,0.20365454346590794,0.01670782109775215,-2.562,-2.811,3.289,2.176
circle,grass,0.2,-1.2831528822528286,5.000032424926758,4.797484501990258,2.69547120631869,-0.5465330740022407,-0.17130006995354535,0.19342661455143195,0.01132897995979168,-2.832,-2.033,3.326,3.01
circle,grass,0.2,-1.0832000414477758,5.1999852657318115,4.797484501990258,2.69547120631869,-0.5465330740022407,-0.1750868533455714,0.17587332749552587,0.004392019001139391,-2.007,-2.547,2.399,3.194
circle,grass,0.2,-0.8831141630755825,5.400071144104004,4.797484501990258,2.69547120631869,-0.5465330740022407,-0.171182285944215,0.15056699464566559,0.004025445298664415,-2.034,-1.909,2.068,2.129
circle,grass,0.2,-0.6831048170672818,5.600080490112305,4.797484501990258,2.69547120631869,-0.5465330740022407,-0.1626043378540637,0.12236673342298166,-0.0008875190878396277,-1.993,-2.058,2.006,3.009
circle,grass,0.2,-0.48326713243593417,5.799918174743652,4.797484501990258,2.69547120631869,-0.5465330740022407,-0.14818941077625516,0.09411673704227452,-0.003030243334711552,-2.011,-1.398,1.691,3.661
circle,grass,0.2,-0.2832344214068814,5.999950885772705,4.797484501990258,2.69547120631869,-0.5465330740022407,-0.13154790509953038,0.06650894396135709,-0.004441035951340572,-1.976,-0.875,0.865,3.514
circle,grass,0.2,-0.0831466356860562,6.20003867149353,4.797484501990258,2.69547120631869,-0.5465330740022407,-0.10962859183655829,0.041411922234332654,-0.004155565179596948,-1.93,-0.758,0.615,2.501
circle,grass,0.2,2.941500099497386,0.20009255409240723,0.0,0.0,0.0,1.5230877890792804e-05,-2.890342287009684e-05,-1.8540327382798871e-06,-1.674,-1.173,1.318,2.223
circle,grass,0.2,2.7416795810037335,0.39991307258605957,0.0,0.0,0.0,-0.012382204019156517,0.002967905904204371,0.0013229860844719277,0.448,-1.817,1.924,-0.116
circle,grass,0.2,2.5418829043679914,0.5997097492218018,0.0,0.0,0.0,-0.03104167323277643,0.007362591963858245,0.004009638097854429,1.002,-1.418,1.371,-0.922
circle,grass,0.2,2.3420280535989484,0.7995645999908447,0.0,0.0,0.0,-0.05272516013046141,0.014217942505972192,0.0054057870169900435,1.553,-0.386,0.264,-1.097
circle,grass,0.2,2.1420299132638654,0.9995627403259277,0.0,0.0,0.0,-0.07546473805944934,0.025608027639922204,0.0049270748950594745,1.663,0.346,-0.081,-1.629
circle,grass,0.2,1.9420255740457257,1.1995670795440674,0.0,0.0,0.0,-0.09228699655845363,0.037326063745281135,0.006005152480895032,2.429,0.725,-0.538,-2.16
circle,grass,0.2,1.742018850641795,1.399573802947998,0.0,0.0,0.0,-0.10215129693728234,0.048550394958122856,0.006215777944811429,2.642,1.304,-1.31,-2.424
circle,grass,0.2,1.541999252634593,1.5995934009552002,0.0,0.0,0.0,-0.10945130592971455,0.0615935346087223,0.010328439201877093,2.555,2.312,-2.216,-3.382
circle,grass,0.2,1.3420044501596176,1.7995882034301758,0.0,0.0,0.0,-0.11300791124579351,0.07290241195220648,0.014561484408732867,2.205,3.036,-2.912,-3.492
circle,grass,0.2,1.1420384963327133,1.99955415725708,0.0,0.0,0.0,-0.10771809673271848,0.08673437616355051,0.021137872492647508,2.406,2.887,-2.505,-3.563
circle,grass,0.2,0.9420162757211409,2.1995763778686523,0.0,0.0,0.0,-0.09060218583674973,0.10330216710205331,0.024905409855278518,2.589,2.929,-2.884,-2.975
circle,grass,0.2,0.7419928630166731,2.39959979057312,0.0,0.0,0.0,-0.06757338722899778,0.12319743879358713,0.025419855310432282,1.92,2.575,-2.496,-2.441
circle,grass,0.2,0.5420168956094465,2.5995757579803467,0.0,0.0,0.0,-0.04232083254895433,0.13908787902870645,0.026336264830667894,1.715,2.616,-2.625,-2.287
circle,grass,0.2,0.34202090104157545,2.7995717525482178,0.0,0.0,0.0,-0.010781002371036963,0.15681237811853033,0.027523566808209596,1.004,2.543,-2.627,-1.421
circle,grass,0.2,0.1420132239633284,2.999579429626465,0.0,0.0,0.0,0.019488851560553883,0.16896372583883557,0.028429048635335116,0.722,2.296,-2.689,-1.009
circle,grass,0.2,-0.05795749823515794,3.199550151824951,0.0,0.0,0.0,0.051305840059384905,0.175466231603513,0.02980281874383317,0.322,2.173,-2.13,-0.699
circle,grass,0.2,-0.25800189177458666,3.39959454536438,0.0,0.0,0.0,0.08635082045229137,0.1780846622943909,0.027517052917763518,0.192,1.872,-1.836,-0.564
circle,grass,0.2,-0.4579637924856463,3.5995564460754395,0.0,0.0,0.0,0.12287277771411789,0.17305815947010056,0.027360721125815113,-0.409,1.182,-1.155,-0.359
circle,grass,0.2,-0.6579554955190935,3.7995481491088867,0.0,0.0,0.0,0.15824311072371994,0.16548762550799961,0.0268154447192797,-0.564,0.488,-1.032,0.591
circle,grass,0.2,-0.8579986969656272,3.99959135055542,0.0,0.0,0.0,0.19055036185278473,0.15473737017570216,0.024920293882685324,-0.864,0.043,-0.007,1.04
circle,grass,0.2,-1.057965127629689,4.199557781219482,0.0,0.0,0.0,0.2151407090055446,0.1422405848564925,0.022073308248128226,-1.514,-0.345,0.289,1.761
circle,grass,0.2,-1.25795849959319,4.399551153182983,0.0,0.0,0.0,0.23296060347535702,0.12880658266971778,0.019152078856407545,-1.981,-0.835,0.862,2.325
circle,grass,0.2,-1.4587653557485856,4.600358009338379,0.0,0.0,0.0,0.2411731698248159,0.1170113668948678,0.017142646555509733,-2.77,-1.424,1.285,2.965
circle,grass,0.2,-1.6580096165365494,4.799602270126343,0.0,0.0,0.0,0.2474941261205419,0.10511554964594894,0.016735621328353323,-2.502,-2.523,2.273,3.075
circle,grass,0.2,-1.8580137173361102,4.999606370925903,0.0,0.0,0.0,0.24844885622002322,0.09226904184805629,0.01205924542199549,-2.401,-2.514,2.838,3.488
circle,grass,0.2,-2.0579558293051043,5.1995484828948975,0.0,0.0,0.0,0.23835640500333904,0.08038464322474081,0.005246212553151636,-2.492,-2.165,2.761,3.143
circle,grass,0.2,-2.258071033162526,5.399663686752319,0.0,0.0,0.0,0.22083014861200645,0.061250993986804,0.0034401295685815847,-1.928,-2.393,2.774,2.655
circle,grass,0.2,-2.4579683224386493,5.599560976028442,5.197462341373511,2.922440317179073,1.4331239207678148,0.1968701942449635,0.04254875040148143,0.00233649708424416,-1.619,-2.364,2.545,2.39
circle,grass,0.2,-2.6579926888174326,5.799585342407227,5.197462341373511,2.922440317179073,1.4331239207678148,0.16815094112828635,0.02633146838602185,0.001046685269028097,-1.406,-2.633,2.344,1.858
circle,grass,0.2,-2.8579719940847674,5.9995646476745605,4.588507345153241,2.5814572930929276,-1.00448776724791,0.1377350497470901,0.010964969867114704,0.0015501548243897767,-0.701,-2.608,2.996,1.0
circle,grass,0.2,-3.0579937378591815,6.199586391448975,4.588507345153241,2.5814572930929276,-1.00448776724791,0.10648828699755958,-0.00018776795820452108,0.0020035884355847633,-0.113,-2.693,2.523,0.597
figure_eight,grass,0.2,0.7778295290632927,0.2000749111175537,0.0,0.0,0.0,-1.0198781033088355e-05,4.7107308756566546e-07,5.600592522844727e-06,-0.151,-1.006,0.978,0.171
figure_eight,grass,0.2,0.7543532089379302,0.40011072158813477,0.0,0.0,0.0,0.01760329364417379,0.0066673248610385205,0.0020630844416496402,0.617,2.259,-2.478,-0.566
figure_eight,grass,0.2,0.7125052995179361,0.6000592708587646,0.0,0.0,0.0,0.04351641088512109,0.01243233277491776,0.000721567407062057,1.04,2.626,-2.758,-0.938
figure_eight,grass,0.2,0.647580805215048,0.8000378608703613,0.0,0.0,0.0,0.07376461976170856,0.019507234776321714,0.001907172324474779,0.618,2.709,-2.874,-1.014
figure_eight,grass,0.2,0.5516944995704989,1.000293493270874,0.0,0.0,0.0,0.10527951172253719,0.02792259163602856,0.00337488892614346,0.74,2.337,-2.204,-0.772
figure_eight,grass,0.2,0.4133836299353932,1.2003910541534424,0.0,0.0,0.0,0.13692889155877086,0.034229807069213386,0.004816654414943888,0.646,2.547,-2.004,-0.977
figure_eight,grass,0.2,0.2181295528019746,1.4004759788513184,0.0,0.0,0.0,0.16696625356462014,0.03914224132466332,0.005913044193169459,0.361,2.032,-2.474,-0.64
figure_eight,grass,0.2,-0.04269147252733395,1.6005537509918213,0.0,0.0,0.0,0.19543135282653618,0.04171380565672586,0.0068871835107620905,0.172,1.729,-1.852,-0.146
figure_eight,grass,0.2,-0.35132889862235844,1.8005726337432861,0.0,0.0,0.0,0.22269470751712547,0.040370855772888625,0.007229039319167116,-0.008,1.281,-1.841,-0.024
figure_eight,grass,0.2,-0.6567456849919331,2.000303268432617,0.0,0.0,0.0,0.246329381067738,0.03563724974768215,0.007964157221233309,-0.446,1.015,-1.25,0.634
figure_eight,grass,0.2,-0.9141796233602605,2.2000370025634766,0.0,0.0,0.0,0.2672371553036975,0.029816962988913953,0.006391230603625675,-0.782,0.305,-0.546,0.922
figure_eight,grass,0.2,-1.1141147707407915,2.4000747203826904,0.0,0.0,0.0,0.28481575272501963,0.021677165598864706,0.00598775948623155,-1.546,-0.276,-0.197,1.567
figure_eight,grass,0.2,-1.268215282985504,2.600010633468628,0.0,0.0,0.0,0.29754001360130566,0.011741410620593529,0.005237827232726727,-1.641,-0.615,0.492,2.25
figure_eight,grass,0.2,-1.3923330303332115,2.8000123500823975,0.0,0.0,0.0,0.3069544778823723,0.001746380790203561,0.0014310474985774202,-2.42,-1.26,1.147,2.99
figure_eight,grass,0.2,-1.4994583439442153,2.999986410140991,0.0,0.0,0.0,0.31506111013248117,-0.010095206907815207,0.0002893678319473153,-2.281,-2.105,1.93,2.759
figure_eight,grass,0.2,-1.6000321475100951,3.1999895572662354,0.0,0.0,0.0,0.32237800070877837,-0.026651698170970628,-0.003992455463446967,-2.634,-2.517,2.527,3.612
figure_eight,grass,0.2,-1.7033034594470873,3.4000344276428223,0.0,0.0,0.0,0.32661459799790604,-0.04265628625770748,-0.007928307020125341,-2.169,-2.815,2.8,2.996
figure_eight,grass,0.2,-1.8189704951108072,3.60005784034729,0.0,0.0,0.0,0.32091547554281413,-0.06955028151262005,-0.00893557165833192,-1.989,-1.945,2.624,2.984
figure_eight,grass,0.2,-1.9588428878303539,3.800050973892212,0.0,0.0,0.0,0.31340134832324223,-0.09325319913675362,-0.011306888589338121,-1.784,-2.17,2.525,2.179
figure_eight,grass,0.2,-2.13774580063736,4.000011205673218,0.0,0.0,0.0,0.299416175898454,-0.12159863436407675,-0.012900175387030671,-2.157,-2.3,2.775,2.632
figure_eight,grass,0.2,-2.370865562618221,4.200011491775513,4.797484501990258,2.69547120631869,-0.5465330740022407,0.28215917947033675,-0.13960830927077383,-0.012499315538231914,-2.017,-2.121,2.823,2.201
figure_eight,grass,0.2,-2.6603031961116526,4.399989366531372,4.797484501990258,2.69547120631869,-0.5465330740022407,0.26447337653584,-0.15537760161372266,-0.011959525784387387,-1.834,-1.998,2.38,2.171
figure_eight,grass,0.2,-2.9748173640293807,4.599992752075195,4.797484501990258,2.69547120631869,-0.5465330740022407,0.24613937036219644,-0.1671352305560107,-0.012738901298507868,-1.069,-2.458,2.808,1.473
figure_eight,grass,0.2,3.023475122642501,4.8000078201293945,4.797484501990258,2.69547120631869,-0.5465330740022407,0.226832748317192,-0.1758091910859067,-0.012774325905343845,-0.371,-2.109,2.127,0.783
figure_eight,grass,0.2,2.801268590686324,5.000028133392334,4.797484501990258,2.69547120631869,-0.5465330740022407,0.20752356224290822,-0.1785076992842931,-0.011285444025378857,-0.14,-2.299,2.424,0.545
figure_eight,grass,0.2,2.641228632917516,5.200011968612671,4.797484501990258,2.69547120631869,-0.5465330740022407,0.18170943241868148,-0.1779702554744802,-0.009509105865060763,0.442,-1.162,1.283,-0.471
figure_eight,grass,0.2,2.5294828790429267,5.40003776550293,4.797484501990258,2.69547120631869,-0.5465330740022407,0.15425840495346335,-0.17509832870012593,-0.00813349905817358,0.966,-0.73,1.07,-0.888
figure_eight,grass,0.2,2.4528787766034332,5.600099563598633,4.797484501990258,2.69547120631869,-0.5465330740022407,0.12496913430671708,-0.16761263536020388,-0.007747361355645202,1.138,-0.194,0.502,-1.201
figure_eight,grass,0.2,2.4021773826715473,5.8000328540802,4.797484501990258,2.69547120631869,-0.5465330740022407,0.0882870438666693,-0.15322484358463084,-0.007288453163511122,1.743,0.131,0.148,-1.359
figure_eight,grass,0.2,2.3714828970467488,6.000023365020752,4.797484501990258,2.69547120631869,-0.5465330740022407,0.054871069380657944,-0.13371828143199,-0.005550563832642574,2.397,0.501,-0.48,-2.036
figure_eight,grass,0.2,2.3574932486806817,6.200018405914307,4.797484501990258,2.69547120631869,-0.5465330740022407,0.020156120442210046,-0.11306127359928847,-0.0035333740101176347,2.448,0.825,-0.559,-2.302
figure_eight,grass,0.2,2.358761325166866,6.400022268295288,4.797484501990258,2.69547120631869,-0.5465330740022407,-0.014347921695895827,-0.085499691224805,-0.0026207481926060067,2.989,1.038,-0.718,-2.311
figure_eight,grass,0.2,2.3754157133086196,6.600010871887207,4.797484501990258,2.69547120631869,-0.5465330740022407,-0.049113796853636704,-0.057217373453397724,-0.00045363811120301134,1.974,1.039,-1.051,-2.467
figure_eight,grass,0.2,2.409194510194065,6.80002236366272,4.797484501990258,2.69547120631869,-0.5465330740022407,-0.08255074890087732,-0.02602861234177692,0.002637271200272656,2.489,0.863,-0.789,-3.114
figure_eight,grass,0.2,2.463794409272796,7.000058174133301,4.797484501990258,2.69547120631869,-0.5465330740022407,-0.11583219619863167,0.004679152220557425,0.005876620667234447,2.689,1.001,-1.107,-3.555
figure_eight,grass,0.2,2.545536884316634,7.200037956237793,4.797484501990258,2.69547120631869,-0.5465330740022407,-0.1491919309576238,0.03290723361840933,0.008159387007271729,2.297,1.295,-1.147,-3.219
figure_eight,grass,0.2,2.664408327918668,7.4000630378723145,4.797484501990258,2.69547120631869,-0.5465330740022407,-0.18138670818735586,0.05831240010187194,0.009172019022066505,2.207,1.03,-0.74,-3.168
figure_eight,grass,0.2,2.8340463559482054,7.600033760070801,4.797484501990258,2.69547120631869,-0.5465330740022407,-0.2065379672079904,0.07736499467261279,0.008758174456898138,1.861,0.793,-0.691,-2.367
figure_eight,grass,0.2,3.0674567046352332,7.800040006637573,4.797484501990258,2.69547120631869,-0.5465330740022407,-0.23924421485517228,0.09671274581211582,0.01081633072073919,1.518,0.883,-0.641,-2.857
figure_eight,grass,0.2,-2.9224689840834275,8.000061511993408,4.797484501990258,2.69547120631869,-0.5465330740022407,-0.26774655753422455,0.11034363620164864,0.010103456190056787,1.349,0.253,0.011,-1.945
figure_eight,grass,0.2,-2.6084944659992,8.200034618377686,4.797484501990258,2.69547120631869,-0.5465330740022407,-0.2930955320347782,0.11972819303323316,0.010735044052507664,1.229,-0.081,0.141,-1.791
figure_eight,grass,0.2,-2.327405598717291,8.400034427642822,4.797484501990258,2.69547120631869,-0.5465330740022407,-0.31713400180150325,0.12450691379511362,0.01084342639967295,0.671,-0.557,0.701,-1.082
figure_eight,grass,0.2,-2.1041494285376836,8.600069999694824,4.797484501990258,2.69547120631869,-0.5465330740022407,-0.33861558329501457,0.12714223731979366,0.009691447321662314,0.175,-1.121,1.364,-0.736
figure_eight,grass,0.2,-1.932974558629761,8.800023555755615,4.797484501990258,2.69547120631869,-0.5465330740022407,-0.355937889142332,0.12560024463512365,0.009428927632579215,-0.472,-1.272,1.658,-0.124
figure_eight,grass,0.2,-1.7981337050940467,9.000030994415283,4.797484501990258,2.69547120631869,-0.5465330740022407,-0.3705792038408659,0.1206165931969928,0.007827778562146864,-0.901,-2.273,2.519,0.521
figure_eight,grass,0.2,-1.6853354940447636,9.200007438659668,4.797484501990258,2.69547120631869,-0.5465330740022407,-0.3808413131631307,0.11571188146099178,0.007349531915437038,-1.669,-2.996,2.949,1.416
figure_eight,grass,0.2,-1.5831722464075622,9.400031805038452,4.797484501990258,2.69547120631869,-0.5465330740022407,-0.39221787493230903,0.10806480123114877,0.0054330102593801305,-2.45,-2.089,3.273,2.078
figure_eight,grass,0.2,-1.4821630001770338,9.60001254081726,4.797484501990258,2.69547120631869,-0.5465330740022407,-0.40477943069925554,0.0959744452060696,0.00041818573428070716,-2.897,-2.361,3.44,2.973
figure_eight,grass,0.2,-1.3729478903892995,9.80001974105835,4.797484501990258,2.69547120631869,-0.5465330740022407,-0.4157667645103485,0.07838913135833342,-0.005027178382805544,-1.974,-1.934,2.8,2.87
figure_eight,grass,0.2,-1.2447697717325132,10.000030994415283,4.797484501990258,2.69547120631869,-0.5465330740022407,-0.41919944231411094,0.053018720903748096,-0.007249277075175184,-2.496,-2.284,2.235,2.659
figure_eight,grass,0.2,-1.0840469543990432,10.200031042098999,4.797484501990258,2.69547120631869,-0.5465330740022407,-0.4200993438824803,0.026742029768010017,-0.01123323096951033,-2.363,-2.185,2.334,2.751
figure_eight,grass,0.2,-0.874965914342821,10.400008201599121,4.797484501990258,2.69547120631869,-0.5465330740022407,-0.4165769097475844,0.00043052328833900755,-0.01005929336536554,-1.99,-2.255,2.792,2.911
figure_eight,grass,0.2,-0.6073608268732195,10.600040674209595,4.797484501990258,2.69547120631869,-0.5465330740022407,-0.40686055441412167,-0.019093552752682985,-0.012042500680975066,-2.58,-2.199,2.421,2.84
figure_eight,grass,0.2,-0.29662485498807384,10.800310373306274,4.797484501990258,2.69547120631869,-0.5465330740022407,-0.395508530742995,-0.03890941062583925,-0.012554318263424888,-2.154,-1.536,1.787,3.305
figure_eight,grass,0.2,0.00629333292377873,11.00003433227539,4.797484501990258,2.69547120631869,-0.5465330740022407,-0.381582766006808,-0.055749886776286645,-0.012391173637919639,-2.208,-1.001,1.181,2.688
figure_eight,grass,0.2,0.25601751611615464,11.20000958442688,4.797484501990258,2.69547120631869,-0.5465330740022407,-0.36644777516828714,-0.06711326126961767,-0.013970292754074229,-2.235,-0.407,0.708,2.79
figure_eight,grass,0.2,0.4405167369090837,11.400003433227539,4.797484501990258,2.69547120631869,-0.5465330740022407,-0.3450528421816799,-0.0773270385419414,-0.013063311057405089,-1.592,-0.015,0.199,1.677
figure_eight,grass,0.2,0.5705634776391673,11.600007057189941,4.797484501990258,2.69547120631869,-0.5465330740022407,-0.31984136622002474,-0.08459554362967081,-0.01210589673413262,-0.91,0.481,-0.099,1.577
figure_eight,grass,0.2,0.6604194222164275,11.800021171569824,4.797484501990258,2.69547120631869,-0.5465330740022407,-0.28631878768830615,-0.0907764861018806,-0.012430328609146682,-0.635,1.029,-1.0,0.945
figure_eight,grass,0.2,0.7210243539490173,12.000053882598877,4.797484501990258,2.69547120631869,-0.5465330740022407,-0.2518347085897928,-0.09373967476143108,-0.010720408793394268,-0.084,1.344,-1.311,0.208
figure_eight,grass,0.2,0.7595624610611272,12.200356245040894,4.797484501990258,2.69547120631869,-0.5465330740022407,-0.2141353132942409,-0.09243897285109698,-0.008505631718764825,0.233,1.642,-1.504,-0.241
figure_eight,grass,0.2,0.7802062816703912,12.400444746017456,4.797484501990258,2.69547120631869,-0.5465330740022407,-0.17351654607509942,-0.08783992970231519,-0.006734376789916008,0.606,1.926,-1.902,-0.303
figure_eight,grass,0.2,2.3637509789617424,0.19991564750671387,5.21282531869518,2.926815831528626,0.6031083335564666,1.6400372952030118e-05,4.89223591404464e-06,9.3322881694613e-07,-0.112,0.919,-0.918,0.232
figure_eight,grass,0.2,2.3872128242681563,0.3999447822570801,5.21282531869518,2.926815831528626,0.6031083335564666,-0.012995942582836206,0.012454752110580947,0.00399684981576455,2.803,1.414,-1.449,-3.519
figure_eight,grass,0.2,2.429104968062695,0.6001265048980713,5.21282531869518,2.926815831528626,0.6031083335564666,-0.033406648941212924,0.03540177918456164,0.008606920966575393,2.786,1.228,-1.095,-3.224
figure_eight,grass,0.2,2.49416772852454,0.8004336357116699,5.21282531869518,2.926815831528626,0.6031083335564666,-0.05251942041517166,0.0566761438410717,0.010215336181211676,2.288,0.998,-1.022,-2.912
figure_eight,grass,0.2,2.589685410620345,0.999922513961792,5.21282531869518,2.926815831528626,0.6031083335564666,-0.07617457234683822,0.08145805587004382,0.011907122482581828,2.32,0.909,-0.942,-2.735
figure_eight,grass,0.2,2.7278407840424013,1.1999425888061523,5.21282531869518,2.926815831528626,0.6031083335564666,-0.10156186429813219,0.1042718829049365,0.013485158752027035,2.353,0.905,-1.003,-3.017
figure_eight,grass,0.2,2.922858353389409,1.3999450206756592,4.797484501990258,2.69547120631869,-0.5465330740022407,-0.12633034429549628,0.12099288461204796,0.014071019154722614,2.05,0.785,-0.943,-2.77
figure_eight,grass,0.2,-3.0997959440753995,1.5999383926391602,4.797484501990258,2.69547120631869,-0.5465330740022407,-0.1529185027860076,0.1353260147217659,0.014041118094616473,1.851,0.679,-0.415,-2.585
figure_eight,grass,0.2,-2.7912437305152022,1.7999544143676758,4.797484501990258,2.69547120631869,-0.5465330740022407,-0.17924529416032964,0.14700698310398178,0.013542155083735241,1.419,0.243,-0.145,-1.952
figure_eight,grass,0.2,-2.4853634050765026,1.9999427795410156,4.797484501990258,2.69547120631869,-0.5465330740022407,-0.20443062416288627,0.15527977885677713,0.013593545450559186,0.767,-0.175,0.272,-1.596
figure_eight,grass,0.2,-2.2275404241258805,2.199925184249878,4.797484501990258,2.69547120631869,-0.5465330740022407,-0.2269735717785053,0.15835383012968823,0.013575792389918254,0.341,-0.579,0.755,-1.117
figure_eight,grass,0.2,-2.0275855285978692,2.399951219558716,4.797484501990258,2.69547120631869,-0.5465330740022407,-0.24267474346891105,0.15802869058034383,0.012450862654801942,0.066,-1.108,1.624,-0.57
figure_eight,grass,0.2,-1.8730864211496179,2.6004364490509033,4.797484501990258,2.69547120631869,-0.5465330740022407,-0.25739597707812134,0.1552411059811578,0.010159290048053077,-0.403,-1.741,1.975,0.239
figure_eight,grass,0.2,-1.749263689969893,2.8000051975250244,4.797484501990258,2.69547120631869,-0.5465330740022407,-0.2703742808998403,0.1491584247396139,0.008143679756134281,-1.069,-2.126,2.465,0.894
figure_eight,grass,0.2,-1.642117728728536,3.000018835067749,4.797484501990258,2.69547120631869,-0.5465330740022407,-0.28039741929469186,0.1430412167440753,0.0052740670962085345,-1.993,-2.506,3.419,1.552
figure_eight,grass,0.2,-1.5413734616182224,3.200362205505371,4.797484501990258,2.69547120631869,-0.5465330740022407,-0.2913854429321251,0.13445226890203707,0.0013187362565185434,-2.412,-2.375,2.91,2.453
figure_eight,grass,0.2,-1.438310507630217,3.3999948501586914,4.797484501990258,2.69547120631869,-0.5465330740022407,-0.3029489386485711,0.11671957624506235,0.00015491714061012518,-2.42,-2.365,2.626,2.038
figure_eight,grass,0.2,-1.3225621393939697,3.6001534461975098,4.797484501990258,2.69547120631869,-0.5465330740022407,-0.3087821721708035,0.09318335604162478,-0.0036137531319983818,-1.845,-1.786,2.312,2.409
figure_eight,grass,0.2,-1.1828414816413495,3.799933910369873,4.797484501990258,2.69547120631869,-0.5465330740022407,-0.31159278479040187,0.06675690785531552,-0.0034607571332148784,-2.45,-1.811,2.258,2.879
figure_eight,grass,0.2,-1.0039020265863117,3.9999570846557617,4.797484501990258,2.69547120631869,-0.5465330740022407,-0.30939008058038364,0.046480061184067695,-0.007220595377159744,-2.1,-1.999,2.365,2.381
figure_eight,grass,0.2,-0.7696797635904368,4.200807094573975,4.797484501990258,2.69547120631869,-0.5465330740022407,-0.3058413089943435,0.02273118767659882,-0.009466842623540944,-2.036,-1.713,2.393,3.108
figure_eight,grass,0.2,-0.4813534856303825,4.3999481201171875,4.797484501990258,2.69547120631869,-0.5465330740022407,-0.2961182959743396,0.00325426672848389,-0.010171656496468742,-2.758,-1.683,2.173,2.37
figure_eight,grass,0.2,-0.1668543296562121,4.5999414920806885,4.797484501990258,2.69547120631869,-0.5465330740022407,-0.28496454559853834,-0.01370203360015737,-0.013428390381431343,-2.413,-1.101,1.396,3.161
figure_eight,grass,0.2,0.11804985562805997,4.799954891204834,4.797484501990258,2.69547120631869,-0.5465330740022407,-0.2714431028084766,-0.026831073030479657,-0.012954959234416155,-1.89,-0.622,1.074,2.567
figure_eight,grass,0.2,0.3402568438011173,4.999957084655762,4.797484501990258,2.69547120631869,-0.5465330740022407,-0.253206824943249,-0.03877057583036131,-0.014500973929064548,-1.981,-0.079,0.661,2.51
figure_eight,grass,0.2,0.5003118496719755,5.199933767318726,4.797484501990258,2.69547120631869,-0.5465330740022407,-0.22969224324810766,-0.047984505039242786,-0.014623972690575304,-1.157,0.142,-0.04,1.894
figure_eight,grass,0.2,0.6122384425339865,5.4003167152404785,4.797484501990258,2.69547120631869,-0.5465330740022407,-0.2018075371846053,-0.055973598452235096,-0.013632480004819661,-0.665,0.73,-0.38,1.008
figure_eight,grass,0.2,0.6886861943798541,5.600010871887207,4.797484501990258,2.69547120631869,-0.5465330740022407,-0.16831332283495803,-0.06089527067053585,-0.01252810442012825,-0.525,1.366,-1.019,0.668
figure_eight,grass,0.2,0.739484574766215,5.800379753112793,4.797484501990258,2.69547120631869,-0.5465330740022407,-0.13354885391783622,-0.06213347347307818,-0.011492572179925484,0.158,1.897,-1.396,0.087
figure_eight,grass,0.2,0.7701097041836942,6.000022888183594,4.797484501990258,2.69547120631869,-0.5465330740022407,-0.09493923440699503,-0.05983077927775787,-0.009825782267786631,0.447,1.961,-1.643,-0.368
figure_eight,grass,0.2,0.7841010449655627,6.200070858001709,4.995054682254578,2.807477284909453,-0.5552598591436955,-0.055568969257992706,-0.05321049692863855,-0.007063925702669505,0.596,2.242,-1.846,-0.553
figure_eight,grass,0.2,0.7828335446341403,6.399971961975098,4.995054682254578,2.807477284909453,-0.5552598591436955,-0.011875736773238388,-0.04189196706068127,-0.004234109035971836,0.831,2.246,-2.203,-0.887
figure_eight,grass,0.2,0.7661842953406865,6.599951505661011,4.995054682254578,2.807477284909453,-0.5552598591436955,0.03206061471719862,-0.02851953031336324,-0.0006886997617741725,0.749,2.525,-2.45,-1.156
figure_eight,grass,0.2,0.7322370350443791,6.800764560699463,4.995054682254578,2.807477284909453,-0.5552598591436955,0.07849910621948686,-0.011624126599945994,0.0022119877702269086,1.104,2.111,-2.641,-1.099
figure_eight,grass,0.2,0.6778329042946073,6.999954462051392,4.995054682254578,2.807477284909453,-0.5552598591436955,0.12236937317242391,0.0030863771886529556,0.00523952050008436,0.968,2.469,-2.713,-1.424
figure_eight,grass,0.2,0.5960965466284494,7.199954986572266,4.995054682254578,2.807477284909453,-0.5552598591436955,0.16561005356972092,0.017833599977340714,0.0067167180393157,1.182,2.717,-2.657,-1.009
figure_eight,grass,0.2,0.476922323999926,7.400432586669922,4.995054682254578,2.807477284909453,-0.5552598591436955,0.2037960539079372,0.03055020522737678,0.007707540608901192,0.96,2.291,-2.456,-0.986
figure_eight,grass,0.2,0.30731999617976996,7.600260019302368,4.995054682254578,2.807477284909453,-0.5552598591436955,0.24061686777284402,0.03980571290040791,0.009454066189713464,0.773,2.269,-2.084,-1.214
figure_eight,grass,0.2,0.07361079183664533,7.800433874130249,4.995054682254578,2.807477284909453,-0.5552598591436955,0.27506399378019697,0.046375080204949154,0.010562828270435878,0.495,2.305,-2.125,-0.593
figure_eight,grass,0.2,-0.21964718265672142,8.000396013259888,4.995054682254578,2.807477284909453,-0.5552598591436955,0.305218667513775,0.049679443709331195,0.00921588779650763,0.316,1.776,-1.82,-0.418
figure_eight,grass,0.2,-0.5334003975028453,8.200232744216919,4.995054682254578,2.807477284909453,-0.5552598591436955,0.3349335988798232,0.04942789871283457,0.008798387083191236,-0.092,1.109,-1.155,-0.095
figure_eight,grass,0.2,-0.814644839479565,8.400396347045898,4.995054682254578,2.807477284909453,-0.5552598591436955,0.35952802924452454,0.04631217172584992,0.006637343987265995,-0.486,0.787,-0.875,0.685
figure_eight,grass,0.2,-1.037762483661479,8.600397825241089,4.995054682254578,2.807477284909453,-0.5552598591436955,0.37926205634513194,0.04050109899818838,0.006035987324838718,-0.952,0.133,-0.354,1.089
figure_eight,grass,0.2,-1.2092498637081774,8.800864219665527,4.995054682254578,2.807477284909453,-0.5552598591436955,0.39595719929483975,0.03272343691404317,0.004498195656523166,-1.252,-0.346,0.234,1.867
figure_eight,grass,0.2,-1.3437114804166195,9.000446081161499,4.995054682254578,2.807477284909453,-0.5552598591436955,0.4066931844888259,0.02371234185764451,0.0011778017508500688,-1.889,-0.788,0.848,2.654
figure_eight,grass,0.2,-1.456385159413039,9.200249433517456,4.995054682254578,2.807477284909453,-0.5552598591436955,0.4142253702285498,0.0137333885093682,0.000757809558570674,-2.605,-1.536,1.416,2.693
figure_eight,grass,0.2,-1.558385454723965,9.399961948394775,4.995054682254578,2.807477284909453,-0.5552598591436955,0.421568779415567,0.0007299238373181804,-0.00245782886623766,-2.195,-2.059,2.32,3.22
figure_eight,grass,0.2,-1.6594002902949914,9.599955797195435,4.995054682254578,2.807477284909453,-0.5552598591436955,0.4251691723587719,-0.01447545326831634,-0.008170816457353541,-2.194,-2.137,2.816,3.213
figure_eight,grass,0.2,-1.768605534611468,9.799952507019043,4.995054682254578,2.807477284909453,-0.5552598591436955,0.4272289361935918,-0.03270625872327354,-0.010538026754058058,-2.152,-2.187,2.961,2.983
figure_eight,grass,0.2,-1.8967695960774853,9.999955892562866,4.995054682254578,2.807477284909453,-0.5552598591436955,0.41822749246843144,-0.0549118358490735,-0.013726601970645444,-2.754,-2.071,2.744,2.455
figure_eight,grass,0.2,-2.0574902896623355,10.199970245361328,4.995054682254578,2.807477284909453,-0.5552598591436955,0.4079890747630471,-0.08208515848326559,-0.012116142560371496,-1.748,-1.938,2.528,2.473
figure_eight,grass,0.2,-2.2665541161890914,10.399947166442871,4.995054682254578,2.807477284909453,-0.5552598591436955,0.3918982761847404,-0.10646007355079345,-0.011834655660440035,-2.238,-2.409,2.705,2.531
figure_eight,grass,0.2,-2.5348427672985117,10.600455045700073,4.995054682254578,2.807477284909453,-0.5552598591436955,0.3730597945886026,-0.12279111356931738,-0.012581229366063332,-2.072,-2.174,2.647,2.259
figure_eight,grass,0.2,-2.845169013591504,10.800437450408936,4.995054682254578,2.807477284909453,-0.5552598591436955,0.3557264879646235,-0.13434788248408147,-0.011889648815493079,-1.447,-2.162,2.698,1.773
figure_eight,grass,0.2,3.1354134503983504,10.999953269958496,4.995054682254578,2.807477284909453,-0.5552598591436955,0.33712048137622475,-0.14404803445710412,-0.010874552573109153,-0.904,-2.598,2.594,1.057
figure_eight,grass,0.2,2.8856272428050427,11.199961423873901,4.995054682254578,2.807477284909453,-0.5552598591436955,0.3183906805070129,-0.14709183341918158,-0.012312805410094718,-0.39,-1.877,2.553,0.787
figure_eight,grass,0.2,2.7006830887219317,11.400511264801025,4.995054682254578,2.807477284909453,-0.5552598591436955,0.2998754263326757,-0.14826243613738221,-0.010442007449175186,0.118,-1.904,1.742,-0.184
figure_eight,grass,0.2,2.5710684942167616,11.599934101104736,4.995054682254578,2.807477284909453,-0.5552598591436955,0.27359493172154653,-0.1453564829082034,-0.008204384847343704,0.401,-0.92,1.522,-0.265
figure_eight,grass,0.2,2.4812016271732587,11.799944162368774,4.995054682254578,2.807477284909453,-0.5552598591436955,0.24335544377561896,-0.13678557929930085,-0.008554980918627608,0.947,-0.642,0.698,-0.779
figure_eight,grass,0.2,2.4205952562904383,11.999943017959595,4.995054682254578,2.807477284909453,-0.5552598591436955,0.20622223821056124,-0.12302495156710375,-0.006949219495445913,1.192,-0.374,0.38,-1.369
figure_eight,grass,0.2,2.3820931264348792,12.199923038482666,4.995054682254578,2.807477284909453,-0.5552598591436955,0.1729894428907316,-0.1078361794987065,-0.003267642967737447,1.63,0.284,-0.42,-2.247
figure_eight,grass,0.2,2.3614199209024633,12.399912595748901,4.995054682254578,2.807477284909453,-0.5552598591436955,0.13845932683617523,-0.08675644457179227,-0.0004638042445781476,2.011,0.233,-0.436,-1.99
figure_eight,grass,0.2,0.7778364030806743,0.19998478889465332,0.0,0.0,0.0,-2.41615419300234e-05,1.1991432501856636e-05,-1.8667152858059533e-06,0.928,-0.141,0.246,-1.02
figure_eight,grass,0.2,0.7543721428255379,0.3999927043914795,0.0,0.0,0.0,0.018966348952998258,0.01009489349449838,0.0016092317622139751,1.294,2.641,-2.956,-1.501
figure_eight,grass,0.2,0.7125243472072222,0.5999865531921387,0.0,0.0,0.0,0.04701182718359537,0.026011031055367007,0.0040506118387517165,0.93,2.568,-3.218,-1.204
figure_eight,grass,0.2,0.6476007042060803,0.7999873161315918,0.0,0.0,0.0,0.0777759093438794,0.043269637057650134,0.0054129810360614705,1.122,2.268,-2.654,-0.762
figure_eight,grass,0.2,0.5518722514443906,0.999983549118042,0.0,0.0,0.0,0.10752955866450797,0.05674471714042134,0.005530643825581563,0.967,2.401,-2.58,-1.019
figure_eight,grass,0.2,0.4136888526471846,1.200019359588623,0.0,0.0,0.0,0.13934988254040592,0.06918230031691308,0.00833997531948634,0.802,2.212,-3.051,-1.149
figure_eight,grass,0.2,0.21867973775733215,1.3999929428100586,0.0,0.0,0.0,0.16972118932466934,0.0767938648934863,0.01107992208954664,0.636,2.245,-1.991,-1.118
figure_eight,grass,0.2,-0.041888555400473024,1.600001573562622,0.0,0.0,0.0,0.19913655165119065,0.08334549626476714,0.010525902306377372,0.488,1.951,-2.067,-0.459
figure_eight,grass,0.2,-0.3504483204123586,1.8000171184539795,0.0,0.0,0.0,0.22649234651859648,0.08497869286847468,0.008942465413040349,0.225,1.494,-1.629,-0.246
figure_eight,grass,0.2,-0.6563423187557731,2.0000216960906982,0.0,0.0,0.0,0.25093956416126695,0.08385188888855422,0.00829981043406397,-0.422,0.947,-1.237,0.343
figure_eight,grass,0.2,-0.9141361648526958,2.1999988555908203,0.0,0.0,0.0,0.2714710208164891,0.0809198808111029,0.007162175292182563,-0.6,0.333,-0.464,0.764
figure_eight,grass,0.2,-1.1141045887839776,2.4000630378723145,0.0,0.0,0.0,0.2902365110574319,0.07367370183203586,0.005351348643644366,-1.07,-0.061,0.059,1.268
figure_eight,grass,0.2,-1.2682229412777928,2.6000218391418457,0.0,0.0,0.0,0.30342637942102674,0.06480515121310032,0.005105756299370684,-1.9,-0.677,0.486,1.919
figure_eight,grass,0.2,-1.3923406214740863,2.800025701522827,0.0,0.0,0.0,0.3117596803866315,0.05696246943041322,0.004599647834490406,-2.182,-1.388,1.043,2.766
figure_eight,grass,0.2,-1.4994715111569428,3.000012159347534,0.0,0.0,0.0,0.3187029809960943,0.04703229752232457,0.00183327413214468,-2.454,-2.099,1.849,2.962
figure_eight,grass,0.2,-1.6000572777106805,3.2000396251678467,0.0,0.0,0.0,0.3250726224395455,0.030671652077294942,-0.0001988033054623889,-2.17,-2.205,2.336,2.975
figure_eight,grass,0.2,-1.7034014306115308,3.4002163410186768,0.0,0.0,0.0,0.32471843242683807,0.012343038512101778,-0.005840221475169549,-2.47,-2.196,2.477,2.993
figure_eight,grass,0.2,-1.8189460998895217,3.6000189781188965,0.0,0.0,0.0,0.32141479683682966,-0.013136679300665255,-0.009117600934614875,-1.928,-2.353,2.28,2.649
figure_eight,grass,0.2,-1.9588077689723609,3.800006151199341,0.0,0.0,0.0,0.31072416766839167,-0.037015538281291616,-0.011827071044036602,-1.939,-2.016,2.549,2.585
figure_eight,grass,0.2,-2.1377188209556026,3.9999847412109375,0.0,0.0,0.0,0.2985089769639746,-0.05825815912760374,-0.012208347746555048,-2.1,-2.245,2.612,2.656
figure_eight,grass,0.2,-2.3708483085905026,4.199998378753662,0.0,0.0,0.0,0.2826442432886628,-0.07903214422766569,-0.013619586822483876,-1.673,-2.256,2.648,2.342
figure_eight,grass,0.2,-2.6603453887168564,4.40001654624939,0.0,0.0,0.0,0.2631994498198751,-0.09348076930042332,-0.014017565367753337,-1.738,-2.128,2.421,2.225
figure_eight,grass,0.2,-2.974856331858711,4.60001802444458,0.0,0.0,0.0,0.24586819170056684,-0.10403088821949807,-0.01600533177119927,-1.003,-2.109,2.715,1.564
figure_eight,grass,0.2,3.0234562231523143,4.800022602081299,0.0,0.0,0.0,0.2264587734766264,-0.11226431669908399,-0.014958850288705375,-0.504,-2.722,2.688,1.038
figure_eight,grass,0.2,2.8012870864241917,5.000008583068848,0.0,0.0,0.0,0.20625844251249204,-0.11347441775366235,-0.014223538055290183,-0.158,-1.903,1.928,0.563
figure_eight,grass,0.2,2.641167086965452,5.200104236602783,0.0,0.0,0.0,0.18117359388920493,-0.11189436440237199,-0.013246757443045862,0.433,-1.516,1.772,-0.145
figure_eight,grass,0.2,2.5294868391309286,5.400029182434082,0.0,0.0,0.0,0.15238731774221997,-0.10657697414408218,-0.011781391364975455,0.603,-0.933,0.948,-0.615
figure_eight,grass,0.2,2.452909138438768,5.600002288818359,0.0,0.0,0.0,0.12198629305353542,-0.09743627414639028,-0.008715682906459993,1.392,-0.447,0.555,-0.925
figure_eight,grass,0.2,2.402186913634851,5.79998517036438,0.0,0.0,0.0,0.08910391100674353,-0.08383418436220846,-0.006402696126569241,1.515,-0.074,0.064,-1.764
figure_eight,grass,0.2,2.3714863006002447,5.999992370605469,0.0,0.0,0.0,0.05594820763399111,-0.06753002405983366,-0.004824327723686045,2.474,0.563,-0.501,-2.498
figure_eight,grass,0.2,2.357494457023901,6.199979782104492,0.0,0.0,0.0,0.02238439912083373,-0.04390809499380838,-0.0008773193613553221,2.086,0.431,-0.593,-2.638
figure_eight,grass,0.2,2.3587614302245314,6.400024652481079,0.0,0.0,0.0,-0.013065685322240617,-0.01843221487409097,0.0026426662967185266,2.763,0.814,-0.947,-3.041
figure_eight,grass,0.2,2.3754166881877032,6.600018739700317,0.0,0.0,0.0,-0.048176100218181916,0.009554949020906978,0.004568833862778704,2.947,0.955,-1.079,-2.979
figure_eight,grass,0.2,2.409193062385931,6.800015687942505,0.0,0.0,0.0,-0.0836988640859796,0.04051030985753201,0.007402208719877068,2.591,0.91,-1.388,-2.529
figure_eight,grass,0.2,2.4637779946821055,7.000009059906006,0.0,0.0,0.0,-0.11844506029569701,0.07036634443435785,0.01010549993236294,2.025,1.005,-0.975,-2.229
figure_eight,grass,0.2,2.5455264550233117,7.200016736984253,0.0,0.0,0.0,-0.15114615330492187,0.09805891551103371,0.01111542508378871,2.696,1.075,-0.808,-2.694
figure_eight,grass,0.2,2.6643615239289398,7.399996995925903,0.0,0.0,0.0,-0.1825237582902225,0.1231532883694145,0.012513205784196027,2.745,0.775,-0.985,-2.846
figure_eight,grass,0.2,2.8340694830491344,7.600056886672974,0.0,0.0,0.0,-0.21263716231571328,0.1440297135900712,0.013474741238755389,2.715,0.711,-0.867,-3.128
figure_eight,grass,0.2,3.067428101430169,7.800018548965454,0.0,0.0,0.0,-0.24182594661815482,0.1595919718372289,0.015913023720652703,1.903,0.606,-0.423,-2.5
figure_eight,grass,0.2,-2.9225413679862813,8.000015258789062,0.0,0.0,0.0,-0.26894067983859626,0.1736077813572765,0.01694399259983234,1.433,-0.057,-0.331,-2.013
figure_eight,grass,0.2,-2.6085439285184933,8.200002193450928,0.0,0.0,0.0,-0.29541943006294025,0.1823493956505052,0.015967233956245788,1.334,-0.116,0.114,-1.621
figure_eight,grass,0.2,-2.3274659277019167,8.399986743927002,4.797484501990258,2.69547120631869,-0.5465330740022407,-0.3206792848738139,0.18800863686330224,0.015204573505915059,0.642,-0.699,0.572,-0.869
figure_eight,grass,0.2,-2.104166149974412,8.600052833557129,4.797484501990258,2.69547120631869,-0.5465330740022407,-0.3434033060699613,0.1898686872812191,0.014044783440488429,0.119,-0.912,0.994,-0.523
figure_eight,grass,0.2,-1.9329408577308118,8.800068378448486,4.797484501990258,2.69547120631869,-0.5465330740022407,-0.3617571623697875,0.18779306317174674,0.011836719357145808,-0.455,-1.321,1.625,-0.042
figure_eight,grass,0.2,-1.798145456418128,9.000011682510376,4.797484501990258,2.69547120631869,-0.5465330740022407,-0.377194927893031,0.1831954764829916,0.01008121047699273,-1.172,-2.029,2.291,0.644
figure_eight,grass,0.2,-1.6851409150996914,9.200375318527222,4.797484501990258,2.69547120631869,-0.5465330740022407,-0.38893376924674905,0.1764055187112376,0.008342777526035267,-1.684,-2.326,2.974,1.2
figure_eight,grass,0.2,-1.5827552131197327,9.400865316390991,4.797484501990258,2.69547120631869,-0.5465330740022407,-0.39958332640000094,0.1688519688491164,0.0066989345027858305,-2.518,-2.6,3.262,2.076
figure_eight,grass,0.2,-1.4819198041579376,9.60048246383667,4.797484501990258,2.69547120631869,-0.5465330740022407,-0.4108747672310227,0.15413104642611886,0.0014850769784756218,-2.14,-2.297,2.726,2.448
figure_eight,grass,0.2,-1.3726331504913605,9.800559043884277,4.797484501990258,2.69547120631869,-0.5465330740022407,-0.4193783076725941,0.13089178448721459,-0.0028463498865927833,-2.215,-2.263,2.893,2.82
figure_eight,grass,0.2,-1.2443553405676073,10.000614881515503,4.797484501990258,2.69547120631869,-0.5465330740022407,-0.42427889316808,0.10739785874635227,-0.007519154342876616,-1.984,-1.747,2.155,2.609
figure_eight,grass,0.2,-1.0838263581525593,10.200273036956787,4.797484501990258,2.69547120631869,-0.5465330740022407,-0.42393573164395715,0.08052437215797387,-0.006939955163543454,-2.16,-2.215,2.303,2.762
figure_eight,grass,0.2,-0.8748756950241242,10.400084018707275,4.797484501990258,2.69547120631869,-0.5465330740022407,-0.4206154396858143,0.058185122178139925,-0.011167024491223476,-2.449,-1.772,2.467,2.954
figure_eight,grass,0.2,-0.6072430833736595,10.600120544433594,4.797484501990258,2.69547120631869,-0.5465330740022407,-0.4127899199934567,0.03608637497573258,-0.013981216761531454,-2.184,-1.614,2.325,3.052
figure_eight,grass,0.2,-0.2970978918334917,10.80001163482666,4.797484501990258,2.69547120631869,-0.5465330740022407,-0.4032652291648616,0.02036268088694987,-0.01621684966049179,-2.495,-1.318,1.688,2.932
figure_eight,grass,0.2,0.0062678223879631505,11.000016212463379,4.797484501990258,2.69547120631869,-0.5465330740022407,-0.3913506864981452,0.003488695725440083,-0.016464701232498213,-2.332,-0.741,0.783,3.183
figure_eight,grass,0.2,0.2560022976343817,11.199995517730713,4.797484501990258,2.69547120631869,-0.5465330740022407,-0.3762533007516988,-0.006408339012807185,-0.01601651345927775,-2.14,-0.427,0.64,2.748
figure_eight,grass,0.2,0.44052079608513145,11.40000867843628,4.768846306002311,2.683859230704432,-1.0067742423864618,-0.35348802818776337,-0.01572047161253809,-0.015237489073513674,-1.497,-0.004,0.216,2.048
figure_eight,grass,0.2,0.5705679744884676,11.60001540184021,4.768846306002311,2.683859230704432,-1.0067742423864618,-0.3264697217897252,-0.023382929082211568,-0.014255225746120134,-1.221,0.671,-0.46,1.626
figure_eight,grass,0.2,0.6604181036209916,11.800017595291138,4.768846306002311,2.683859230704432,-1.0067742423864618,-0.2941920246507881,-0.029198547152994858,-0.01204521171452462,-0.492,1.045,-0.802,0.564
figure_eight,grass,0.2,0.7210118329859717,12.000002384185791,4.768846306002311,2.683859230704432,-1.0067742423864618,-0.25870864573469865,-0.03093947354651222,-0.011263983412579684,-0.063,1.268,-1.36,0.706
figure_eight,grass,0.2,0.7595085722892146,12.199985265731812,4.768846306002311,2.683859230704432,-1.0067742423864618,-0.2198812426428236,-0.029021389241902174,-0.009534421440125493,0.444,1.863,-1.758,-0.217
figure_eight,grass,0.2,0.7801776546651099,12.399990558624268,4.768846306002311,2.683859230704432,-1.0067742423864618,-0.17917741176313073,-0.023513772504796582,-0.008045160283416897,0.441,2.055,-2.257,-0.336
figure_eight,grass,0.2,0.777833202878178,0.2000267505645752,0.0,0.0,0.0,-6.022349345324862e-07,8.244293082659837e-07,9.347773083229205e-07,0.48,0.873,-0.579,-1.619
figure_eight,grass,0.2,0.754360936259779,0.40006256103515625,0.0,0.0,0.0,0.017620252248573054,0.011397736044787887,0.0036021925719624953,0.938,2.511,-3.363,-1.597
figure_eight,grass,0.2,0.7125231607179819,0.5999910831451416,0.0,0.0,0.0,0.05263860351689509,0.03496160217189315,0.004333407746806739,0.752,2.157,-2.516,-1.449
figure_eight,grass,0.2,0.647568132673471,0.80007004737854,0.0,0.0,0.0,0.08082027040374695,0.05408104967339633,0.0056360399648795745,0.57,2.581,-2.797,-1.28
figure_eight,grass,0.2,0.5518442280593957,1.0000324249267578,0.0,0.0,0.0,0.11153907550200179,0.0739679241692971,0.006656349086880037,0.606,2.56,-2.658,-1.161
figure_eight,grass,0.2,0.41370979398024266,1.1999938488006592,4.797484501990258,2.69547120631869,-0.5465330740022407,0.1479463882502813,0.09313470970916427,0.006878937819416245,0.518,2.375,-2.521,-0.888
figure_eight,grass,0.2,0.21824717243405362,1.4003727436065674,4.797484501990258,2.69547120631869,-0.5465330740022407,0.1830468362365289,0.10565498796397033,0.005646326852836933,0.588,2.408,-2.426,-1.094
figure_eight,grass,0.2,-0.04187503813599075,1.599992275238037,4.797484501990258,2.69547120631869,-0.5465330740022407,0.21542048859171678,0.11188040129866572,0.00258959040642312,0.459,1.976,-2.566,-0.682
figure_eight,grass,0.2,-0.35043887200993296,1.800011157989502,4.797484501990258,2.69547120631869,-0.5465330740022407,0.24308508761379238,0.11362966693277798,0.0002187397377885758,0.168,1.3,-1.734,-0.292
figure_eight,grass,0.2,-0.6563313878453679,2.000014066696167,4.797484501990258,2.69547120631869,-0.5465330740022407,0.2690350432301637,0.11296117479821066,-0.0024208432203196573,-0.256,1.293,-1.132,0.108
figure_eight,grass,0.2,-0.9142562136939336,2.200104236602783,4.797484501990258,2.69547120631869,-0.5465330740022407,0.2905606922829704,0.10903090399953197,-0.005022492204484863,-0.675,0.605,-0.373,0.392
figure_eight,grass,0.2,-1.1140395452438003,2.3999884128570557,4.797484501990258,2.69547120631869,-0.5465330740022407,0.3117911196585424,0.10163773034738044,-0.007168618644807959,-1.147,0.177,-0.175,1.071
figure_eight,grass,0.2,-1.268235324701702,2.6000399589538574,4.797484501990258,2.69547120631869,-0.5465330740022407,0.32457560888231807,0.09389888261387846,-0.008730551438572598,-1.786,-0.507,0.378,1.607
figure_eight,grass,0.2,-1.3923547191091468,2.8000504970550537,4.797484501990258,2.69547120631869,-0.5465330740022407,0.3339293993107338,0.08494909783972893,-0.009644072412264434,-2.321,-1.153,0.862,2.347
figure_eight,grass,0.2,-1.4995019904046931,3.0000717639923096,4.797484501990258,2.69547120631869,-0.5465330740022407,0.34124334582450044,0.07533736299293237,-0.011395249863084683,-2.454,-1.831,1.68,3.147
figure_eight,grass,0.2,-1.6000970076983445,3.2001187801361084,4.797484501990258,2.69547120631869,-0.5465330740022407,0.3489567448279211,0.0625398481231827,-0.01721649998487179,-2.48,-2.428,2.56,3.017
figure_eight,grass,0.2,-1.7033029458634463,3.400033473968506,4.797484501990258,2.69547120631869,-0.5465330740022407,0.350874238473051,0.044735647379891996,-0.01848956286493139,-2.455,-2.228,2.326,2.206
figure_eight,grass,0.2,-1.8189472971799043,3.6000208854675293,4.797484501990258,2.69547120631869,-0.5465330740022407,0.3486128365919407,0.022346992636531282,-0.024217312368319782,-2.13,-2.104,3.107,3.199
figure_eight,grass,0.2,-1.9587922649922158,3.7999863624572754,4.797484501990258,2.69547120631869,-0.5465330740022407,0.3391555432741815,-0.004997907623126241,-0.02344497172303399,-2.1,-2.217,2.484,2.327
figure_eight,grass,0.2,-2.1379135338065174,4.000175714492798,4.797484501990258,2.69547120631869,-0.5465330740022407,0.32879857406484675,-0.026667805826055102,-0.025077262272625953,-2.026,-2.378,2.634,2.633
figure_eight,grass,0.2,-2.3708614843704026,4.200008392333984,4.797484501990258,2.69547120631869,-0.5465330740022407,0.3124676797030374,-0.045356840604670656,-0.02709998730618876,-2.052,-2.372,2.854,2.466
figure_eight,grass,0.2,-2.660368335786916,4.400031328201294,4.797484501990258,2.69547120631869,-0.5465330740022407,0.2958220727908304,-0.05753894439985496,-0.029113890748742585,-1.836,-2.027,2.736,2.135
figure_eight,grass,0.2,-2.9749735998743017,4.6000940799713135,4.797484501990258,2.69547120631869,-0.5465330740022407,0.27668432774416507,-0.06996636044341553,-0.029143723098802768,-1.07,-2.37,2.687,1.356
figure_eight,grass,0.2,3.02348091449379,4.800003290176392,4.797484501990258,2.69547120631869,-0.5465330740022407,0.2558325942200954,-0.07986107033888024,-0.029360937010661697,-0.498,-2.227,2.481,0.779
figure_eight,grass,0.2,2.8012433291886634,5.000054836273193,4.797484501990258,2.69547120631869,-0.5465330740022407,0.23842085674166874,-0.08118525157995737,-0.028571298214807056,-0.22,-2.065,2.208,0.309
figure_eight,grass,0.2,2.6412031863202396,5.200050115585327,4.797484501990258,2.69547120631869,-0.5465330740022407,0.2128618964039452,-0.08085828073630985,-0.027703271216453718,0.601,-1.268,1.661,-0.438
figure_eight,grass,0.2,2.52946263959372,5.400081634521484,4.797484501990258,2.69547120631869,-0.5465330740022407,0.18613575714778838,-0.07700455902862174,-0.026643069772522746,1.113,-0.652,0.783,-0.732
figure_eight,grass,0.2,2.4529013985728896,5.600027084350586,4.995054682254578,2.807477284909453,-0.5552598591436955,0.1536260131473609,-0.06798622219838846,-0.02508006024990035,1.38,-0.261,0.514,-1.284
figure_eight,grass,0.2,2.402176048426597,5.800039529800415,4.995054682254578,2.807477284909453,-0.5552598591436955,0.1224115299731966,-0.055358883742854414,-0.024165078690506395,1.675,-0.006,0.035,-1.386
figure_eight,grass,0.2,2.3714818237008073,6.000033140182495,4.995054682254578,2.807477284909453,-0.5552598591436955,0.08714577694786901,-0.03489919745115555,-0.021569835469031975,2.4,0.414,-0.557,-2.362
figure_eight,grass,0.2,2.3574823767061917,6.200366735458374,4.995054682254578,2.807477284909453,-0.5552598591436955,0.05244840419733454,-0.013388781284005002,-0.019509580346494138,2.18,0.804,-0.515,-2.233
figure_eight,grass,0.2,2.358766454509793,6.40013861656189,4.797484501990258,2.69547120631869,-0.5465330740022407,0.01736747743687017,0.014149475916356846,-0.016137448920190534,1.811,1.007,-0.881,-3.002
figure_eight,grass,0.2,2.375420735693699,6.600051403045654,4.797484501990258,2.69547120631869,-0.5465330740022407,-0.0173484202410919,0.04246866209514644,-0.012631650071035616,2.32,0.931,-0.835,-2.757
figure_eight,grass,0.2,2.4091931140929694,6.800015926361084,4.797484501990258,2.69547120631869,-0.5465330740022407,-0.051531454890091644,0.07205631877895202,-0.009582426045872311,2.882,0.835,-1.237,-2.928
figure_eight,grass,0.2,2.4638124990712194,7.000112295150757,4.797484501990258,2.69547120631869,-0.5465330740022407,-0.08649801768740345,0.10321589058930081,-0.0072162644158999395,2.282,1.238,-1.376,-3.028
figure_eight,grass,0.2,2.545535243726222,7.2000346183776855,4.797484501990258,2.69547120631869,-0.5465330740022407,-0.11909555732984634,0.12920225870813884,-0.005269171504366704,1.881,1.306,-1.165,-3.033
figure_eight,grass,0.2,2.6643687891675714,7.400007247924805,4.797484501990258,2.69547120631869,-0.5465330740022407,-0.1508067430139053,0.15338425716191628,-0.0050729497441894394,2.339,0.854,-0.912,-2.845
figure_eight,grass,0.2,2.8340022499696436,7.599989652633667,4.797484501990258,2.69547120631869,-0.5465330740022407,-0.18442262024775424,0.1769507679002389,-0.004346901567655825,2.152,0.849,-0.698,-2.369
figure_eight,grass,0.2,3.067405219390696,7.800001382827759,4.797484501990258,2.69547120631869,-0.5465330740022407,-0.21233491215674616,0.19294618733808122,-0.0042394390149992495,2.03,0.684,-0.594,-2.193
figure_eight,grass,0.2,-2.9225656200557864,7.999999761581421,4.797484501990258,2.69547120631869,-0.5465330740022407,-0.2408053201995768,0.20766664647031774,-0.006605262879319132,1.587,0.281,0.0,-1.804
figure_eight,grass,0.2,-2.608287170181201,8.200170516967773,4.797484501990258,2.69547120631869,-0.5465330740022407,-0.2667454454238758,0.21629872241785164,-0.006884608482892116,1.378,-0.001,-0.016,-1.757
figure_eight,grass,0.2,-2.3274704525147363,8.399983167648315,4.797484501990258,2.69547120631869,-0.5465330740022407,-0.29122568272451155,0.22074852546049017,-0.007873943140461206,0.735,-0.54,0.714,-1.05
figure_eight,grass,0.2,-2.104219103748403,8.599998474121094,4.797484501990258,2.69547120631869,-0.5465330740022407,-0.31138279535940583,0.22355297700269072,-0.007266712669094816,0.085,-1.095,0.987,-0.663
figure_eight,grass,0.2,-1.932723458903059,8.800357580184937,4.797484501990258,2.69547120631869,-0.5465330740022407,-0.3311316612908941,0.22214362725550918,-0.008093472548355449,-0.362,-1.334,1.531,0.008
figure_eight,grass,0.2,-1.798136316481871,9.00002670288086,4.797484501990258,2.69547120631869,-0.5465330740022407,-0.3449043589829962,0.2176551314496441,-0.009263914532507023,-0.817,-2.242,2.553,0.511
figure_eight,grass,0.2,-1.6853334761935783,9.200011253356934,4.797484501990258,2.69547120631869,-0.5465330740022407,-0.35584343600747737,0.21206468182048122,-0.011860316812414187,-1.58,-2.519,2.615,1.285
figure_eight,grass,0.2,-1.5831648503416795,9.400046586990356,4.797484501990258,2.69547120631869,-0.5465330740022407,-0.3684944799924743,0.20300086204965784,-0.013684909123719946,-2.324,-2.575,3.059,2.068
figure_eight,grass,0.2,-1.4821626300495547,9.600013256072998,4.797484501990258,2.69547120631869,-0.5465330740022407,-0.38036486461866104,0.1916749972701377,-0.018586622849801365,-2.884,-2.066,3.264,2.996
figure_eight,grass,0.2,-1.3728930781107533,9.800113677978516,4.797484501990258,2.69547120631869,-0.5465330740022407,-0.3895664787687193,0.17771190088697897,-0.022383370875074082,-2.407,-2.519,2.567,3.306
figure_eight,grass,0.2,-1.2447767075996838,10.00002121925354,4.797484501990258,2.69547120631869,-0.5465330740022407,-0.39460854215759245,0.15208537132883626,-0.026370773796208613,-2.299,-2.259,2.76,2.381
figure_eight,grass,0.2,-1.0840673803957392,10.200008630752563,4.797484501990258,2.69547120631869,-0.5465330740022407,-0.3957889777215341,0.12557062231562877,-0.028790390064603807,-2.315,-2.101,2.306,2.817
figure_eight,grass,0.2,-0.8743869975493475,10.400494575500488,4.995054682254578,2.807477284909453,-0.5552598591436955,-0.39128682944098725,0.09920601813208119,-0.027982987922271566,-2.269,-2.151,2.27,2.264
figure_eight,grass,0.2,-0.607396675664502,10.600016355514526,4.995054682254578,2.807477284909453,-0.5552598591436955,-0.3822375002655656,0.07743430095667236,-0.029825179728642737,-2.272,-2.105,2.055,3.079
figure_eight,grass,0.2,-0.29706202653484354,10.800034284591675,4.995054682254578,2.807477284909453,-0.5552598591436955,-0.370200898239991,0.0575905121342869,-0.030334141921207328,-1.774,-1.414,1.718,2.711
figure_eight,grass,0.2,0.006292997261887145,11.000034093856812,4.995054682254578,2.807477284909453,-0.5552598591436955,-0.3584775503207329,0.04417391659589187,-0.0317518161947274,-2.498,-1.166,1.172,3.212
figure_eight,grass,0.2,0.2561121727796629,11.20009708404541,4.995054682254578,2.807477284909453,-0.5552598591436955,-0.3413302483033295,0.031272059629072535,-0.03133427295569184,-2.034,-0.471,0.708,2.518
figure_eight,grass,0.2,0.4405781740576891,11.40008282661438,4.995054682254578,2.807477284909453,-0.5552598591436955,-0.3202145936704287,0.020779984240227978,-0.03151788250153169,-1.45,0.126,0.226,1.955
figure_eight,grass,0.2,0.5705565395070008,11.59999418258667,4.995054682254578,2.807477284909453,-0.5552598591436955,-0.29328019814073203,0.013368879954917201,-0.03112363003453618,-1.162,0.262,-0.278,1.533
figure_eight,grass,0.2,0.6604184552473457,11.800018548965454,4.995054682254578,2.807477284909453,-0.5552598591436955,-0.26130346328275456,0.007335951952400777,-0.02933203759864378,-0.268,1.0,-0.698,0.747
figure_eight,grass,0.2,0.7210100938486836,11.999995231628418,4.995054682254578,2.807477284909453,-0.5552598591436955,-0.22649806794586613,0.005772595723844032,-0.027326572946067954,-0.092,1.352,-1.162,0.101
figure_eight,grass,0.2,0.7595165416800171,12.200040102005005,4.995054682254578,2.807477284909453,-0.5552598591436955,-0.18829697951964686,0.0065214944201801295,-0.024703258704922224,0.217,1.43,-1.849,-0.123
figure_eight,grass,0.2,0.7801801674256597,12.400030374526978,4.995054682254578,2.807477284909453,-0.5552598591436955,-0.1486377865892493,0.012036812866862312,-0.022415089947879177,0.701,2.048,-2.189,-0.58
figure_eight,grass,0.2,2.363758105087391,0.20000910758972168,0.0,0.0,0.0,9.403964503557072e-05,-8.169927660839349e-06,4.479210686311741e-05,-0.079,0.852,-0.976,0.291
figure_eight,grass,0.2,2.387223226144542,0.4000096321105957,0.0,0.0,0.0,-0.012446770758087256,0.01374322823550711,0.0018683695326861122,2.988,1.185,-1.618,-2.861
figure_eight,grass,0.2,2.4290723654731976,0.6000020503997803,0.0,0.0,0.0,-0.03485868879419002,0.03783398055626719,0.006805929139421976,2.182,1.213,-1.38,-3.086
figure_eight,grass,0.2,2.4939995520703606,0.800006628036499,0.0,0.0,0.0,-0.05773179172143689,0.06304002634757022,0.009546868915124407,2.767,1.171,-1.296,-2.818
figure_eight,grass,0.2,2.589709193495615,0.9999639987945557,0.0,0.0,0.0,-0.08163111625575431,0.08715549211974072,0.011457981021610844,2.689,1.06,-1.101,-3.476
figure_eight,grass,0.2,2.7279294406637185,1.2000505924224854,0.0,0.0,0.0,-0.10518629313889544,0.10967495795151194,0.012953650389261953,2.772,0.613,-0.972,-3.201
figure_eight,grass,0.2,2.9230234099079313,1.400089979171753,4.797484501990258,2.69547120631869,-0.5465330740022407,-0.13030719096785642,0.12664791666098318,0.016040872237474968,2.029,0.558,-0.902,-2.949
figure_eight,grass,0.2,-3.099687808004637,1.6000127792358398,4.797484501990258,2.69547120631869,-0.5465330740022407,-0.15572419495394058,0.13980303965702168,0.017100649789860076,1.74,0.553,-0.657,-2.512
figure_eight,grass,0.2,-2.7911930869649004,1.7999863624572754,4.797484501990258,2.69547120631869,-0.5465330740022407,-0.1799778760395187,0.1490052126898863,0.01676046439858661,1.306,0.207,-0.252,-1.877
figure_eight,grass,0.2,-2.4853056733421144,1.9999830722808838,4.797484501990258,2.69547120631869,-0.5465330740022407,-0.20332196723607848,0.15551600034730517,0.01661373896091975,1.014,-0.304,0.126,-1.479
figure_eight,grass,0.2,-2.2271371193744507,2.2002792358398438,4.797484501990258,2.69547120631869,-0.5465330740022407,-0.22446983793010372,0.16001390592473452,0.014308417330160972,0.466,-0.81,0.804,-0.899
figure_eight,grass,0.2,-2.027562667998885,2.399977445602417,4.797484501990258,2.69547120631869,-0.5465330740022407,-0.24246676696518848,0.16009600548132774,0.013182548469632432,-0.198,-1.269,1.644,-0.328
figure_eight,grass,0.2,-1.8733946428404848,2.599985361099243,4.797484501990258,2.69547120631869,-0.5465330740022407,-0.2578257936246911,0.15746140700723799,0.011472927427103069,-0.672,-1.669,2.031,0.355
figure_eight,grass,0.2,-1.7492715523430307,2.7999913692474365,4.797484501990258,2.69547120631869,-0.5465330740022407,-0.2699172153305807,0.15166534569557155,0.01000266733317684,-1.195,-2.48,2.877,0.88
figure_eight,grass,0.2,-1.6421009041482677,3.000051736831665,4.797484501990258,2.69547120631869,-0.5465330740022407,-0.2782943470359975,0.14590565139746703,0.008639996593452604,-2.079,-2.689,3.206,1.579
figure_eight,grass,0.2,-1.5415460263176255,3.2000184059143066,4.797484501990258,2.69547120631869,-0.5465330740022407,-0.29073335664122685,0.13410604979167873,0.005422175720973879,-2.132,-1.949,2.758,2.2
figure_eight,grass,0.2,-1.438314359414238,3.3999876976013184,4.797484501990258,2.69547120631869,-0.5465330740022407,-0.3006709993899543,0.11400067832734029,0.0012682520164492839,-2.219,-2.138,2.621,2.527
figure_eight,grass,0.2,-1.322666607990546,3.599987030029297,4.797484501990258,2.69547120631869,-0.5465330740022407,-0.30824871793980385,0.09158225124365038,-0.0022906660619393254,-2.474,-2.123,2.595,2.699
figure_eight,grass,0.2,-1.1827495789517761,3.800051212310791,4.797484501990258,2.69547120631869,-0.5465330740022407,-0.30956436935776416,0.06475397691852702,-0.002864417115892609,-2.435,-2.139,2.594,2.576
figure_eight,grass,0.2,-1.0037928906953724,4.000064134597778,4.797484501990258,2.69547120631869,-0.5465330740022407,-0.30804335149990275,0.03989152327297851,-0.006112243549256158,-1.931,-1.872,2.398,2.592
figure_eight,grass,0.2,-0.7707208167162553,4.200016260147095,4.797484501990258,2.69547120631869,-0.5465330740022407,-0.3017494233779528,0.01645215347149931,-0.005989140684228164,-2.163,-2.021,2.08,2.826
figure_eight,grass,0.2,-0.48126873134999254,4.400002717971802,4.797484501990258,2.69547120631869,-0.5465330740022407,-0.2921870391355493,-0.003843697223600784,-0.007141769220585847,-2.538,-1.786,1.972,2.295
figure_eight,grass,0.2,-0.16678595065962573,4.599985837936401,4.797484501990258,2.69547120631869,-0.5465330740022407,-0.28106874295711765,-0.020886626148357124,-0.007879341001718096,-2.067,-1.009,1.283,3.065
figure_eight,grass,0.2,0.11809619238070074,4.799991130828857,4.797484501990258,2.69547120631869,-0.5465330740022407,-0.2663591943225457,-0.03545795667078799,-0.009000973634914977,-2.03,-0.77,0.765,2.638
figure_eight,grass,0.2,0.34035090320741,5.000056505203247,4.797484501990258,2.69547120631869,-0.5465330740022407,-0.24787028953746465,-0.04627302033277281,-0.008858329546670027,-1.941,-0.13,0.29,2.355
figure_eight,grass,0.2,0.500386604614797,5.200045824050903,4.797484501990258,2.69547120631869,-0.5465330740022407,-0.22441055369902213,-0.05422619703434528,-0.00767420670071467,-1.227,0.035,-0.307,1.767
figure_eight,grass,0.2,0.6120948138782396,5.400005340576172,4.797484501990258,2.69547120631869,-0.5465330740022407,-0.19577853521261662,-0.061097841021656885,-0.006571067593454133,-0.901,0.928,-0.522,0.884
figure_eight,grass,0.2,0.6887030129070445,5.600064754486084,4.797484501990258,2.69547120631869,-0.5465330740022407,-0.16231951590838017,-0.06386589201591109,-0.0052094527087211545,-0.307,1.235,-1.124,0.697
figure_eight,grass,0.2,0.7394064071590487,5.799988508224487,4.797484501990258,2.69547120631869,-0.5465330740022407,-0.12680149152616887,-0.06428075259969407,-0.004668483993764086,0.004,1.738,-1.588,0.038
figure_eight,grass,0.2,0.7701083951693561,6.000010967254639,4.797484501990258,2.69547120631869,-0.5465330740022407,-0.09044110009859524,-0.060024018915749766,-0.0038355200830298974,0.572,1.585,-1.88,-0.423
figure_eight,grass,0.2,0.7840988381023115,6.200000286102295,4.797484501990258,2.69547120631869,-0.5465330740022407,-0.04578285021289352,-0.052253259194163126,-0.0015442739343258793,0.804,1.879,-2.278,-0.71
figure_eight,grass,0.2,0.7828323263626091,6.399999618530273,4.797484501990258,2.69547120631869,-0.5465330740022407,-0.003328242806178272,-0.041023234596672675,-0.000449776517931863,1.077,2.113,-2.682,-0.704
figure_eight,grass,0.2,0.7661790081196033,6.59999418258667,4.797484501990258,2.69547120631869,-0.5465330740022407,0.0411659299973543,-0.02732038653579938,0.002237976980129841,1.142,2.472,-2.25,-1.094
figure_eight,grass,0.2,0.7324017628730458,6.800005674362183,4.797484501990258,2.69547120631869,-0.5465330740022407,0.08542140256018677,-0.010782889298045606,0.003995656622098234,1.282,2.285,-2.565,-0.934
figure_eight,grass,0.2,0.6778215907969564,6.999988317489624,4.797484501990258,2.69547120631869,-0.5465330740022407,0.1278244650818438,0.005158190525418771,0.005770431826482028,1.083,2.199,-3.092,-0.806
figure_eight,grass,0.2,0.5960857670230372,7.199976921081543,4.797484501990258,2.69547120631869,-0.5465330740022407,0.1676554694699764,0.020911638760062967,0.006729360617625427,0.826,2.373,-2.397,-1.042
figure_eight,grass,0.2,0.4772358604422647,7.3999903202056885,3.71335568569786,-0.8570999353883975,1.537433047874769,0.2061940795020332,0.0350653300843734,0.009073343603642675,0.795,2.602,-2.611,-0.733
figure_eight,grass,0.2,0.30759493324431897,7.599985122680664,3.71335568569786,-0.8570999353883975,1.537433047874769,0.2431086397615343,0.04510617862669597,0.009864431461758916,0.889,2.02,-2.296,-0.743
figure_eight,grass,0.2,0.07418107812379549,7.800006151199341,3.71335568569786,-0.8570999353883975,1.537433047874769,0.2774091067879152,0.05119471584383306,0.011415944359188884,0.715,2.169,-2.219,-1.03
figure_eight,grass,0.2,-0.21902404867325076,7.999997854232788,3.71335568569786,-0.8570999353883975,1.537433047874769,0.308822817087807,0.05438089282732428,0.011233787246814633,0.272,1.571,-1.947,0.0
figure_eight,grass,0.2,-0.5330952780569103,8.200032711029053,3.71335568569786,-0.8570999353883975,1.537433047874769,0.3361261383762395,0.05375995999506433,0.010447275107774656,-0.078,1.052,-1.357,-0.03
figure_eight,grass,0.2,-0.8141653368351769,8.400017261505127,3.71335568569786,-0.8570999353883975,1.537433047874769,0.36093482877846217,0.0497316497347734,0.010490242318514434,-0.323,0.489,-0.812,0.594
figure_eight,grass,0.2,-1.037393524089989,8.600018978118896,3.71335568569786,-0.8570999353883975,1.537433047874769,0.38091634441839306,0.04394428043192511,0.009474017580666794,-1.024,0.056,-0.6,1.315
figure_eight,grass,0.2,-1.2086073389714733,8.80000925064087,3.71335568569786,-0.8570999353883975,1.537433047874769,0.39647986645649036,0.034006070925584164,0.007555768447754921,-1.15,-0.253,0.264,1.452
figure_eight,grass,0.2,-1.343429207097448,8.999982118606567,3.71335568569786,-0.8570999353883975,1.537433047874769,0.40789935277410044,0.025152787214514305,0.005577162314711406,-2.074,-0.796,0.774,2.57
figure_eight,grass,0.2,-1.4562459351780486,9.199986219406128,3.71335568569786,-0.8570999353883975,1.537433047874769,0.4154037744929557,0.01550123882215626,0.0025235916695169752,-2.255,-1.683,1.418,3.25
figure_eight,grass,0.2,-1.5584020362825695,9.39999508857727,3.71335568569786,-0.8570999353883975,1.537433047874769,0.42261284159359175,0.0029420772810363482,-0.00038165811229215474,-2.083,-2.345,2.198,3.138
figure_eight,grass,0.2,-1.6594206470092534,9.599995136260986,3.71335568569786,-0.8570999353883975,1.537433047874769,0.4264419277797313,-0.013702056105630245,-0.005748525993048467,-2.444,-2.137,2.887,3.223
figure_eight,grass,0.2,-1.7686615959737662,9.800048589706421,3.71335568569786,-0.8570999353883975,1.537433047874769,0.4245503234444995,-0.03543747018394394,-0.010156962758592916,-1.977,-2.039,2.3,2.556
figure_eight,grass,0.2,-1.8968147618253746,10.000019550323486,3.71335568569786,-0.8570999353883975,1.537433047874769,0.4156588460637159,-0.06345867196835997,-0.010414243941390483,-1.953,-1.966,2.148,2.694
figure_eight,grass,0.2,-2.0575459164918732,10.200031280517578,3.71335568569786,-0.8570999353883975,1.537433047874769,0.40535069779834343,-0.08599553649909769,-0.010585760740970382,-2.017,-2.174,2.626,2.589
figure_eight,grass,0.2,-2.2666378034116104,10.400017499923706,3.71335568569786,-0.8570999353883975,1.537433047874769,0.3915377238968327,-0.10774874236508974,-0.011100291936592066,-2.121,-2.397,2.808,2.486
figure_eight,grass,0.2,-2.534178405238771,10.600004434585571,3.71335568569786,-0.8570999353883975,1.537433047874769,0.3733808434757697,-0.12535146762434712,-0.010441276692484333,-1.969,-2.247,2.715,2.04
figure_eight,grass,0.2,-2.8444430400553746,10.799978971481323,3.71335568569786,-0.8570999353883975,1.537433047874769,0.35473190830282636,-0.13729691791251963,-0.012671669577663289,-1.329,-1.807,2.597,1.731
figure_eight,grass,0.2,3.1353530276039114,10.999996185302734,3.71335568569786,-0.8570999353883975,1.537433047874769,0.337599786468046,-0.14597029362663005,-0.012289568373931872,-0.807,-2.326,2.85,1.1
figure_eight,grass,0.2,2.8855449594319733,11.200037479400635,3.71335568569786,-0.8570999353883975,1.537433047874769,0.3187653185789371,-0.1502775968613866,-0.013341705509006499,-0.217,-1.966,2.204,0.488
figure_eight,grass,0.2,2.701056912680033,11.400027990341187,3.71335568569786,-0.8570999353883975,1.537433047874769,0.29829733547533105,-0.15018350607329684,-0.011279252538932194,0.145,-1.618,1.877,0.216
figure_eight,grass,0.2,2.571025578465635,11.600013732910156,3.71335568569786,-0.8570999353883975,1.537433047874769,0.2704022162328441,-0.14456538733618207,-0.01147778285748928,0.695,-1.06,1.325,-0.16
figure_eight,grass,0.2,2.481181934274169,11.799997568130493,3.71335568569786,-0.8570999353883975,1.537433047874769,0.23826409343074476,-0.13609267929509272,-0.009138021785857292,1.117,-0.482,0.576,-0.908
figure_eight,grass,0.2,2.4205827336563757,11.99999451637268,4.797484501990258,2.69547120631869,-0.5465330740022407,0.20628767854457497,-0.124046317874485,-0.009447538089354432,1.981,-0.061,0.468,-1.586
figure_eight,grass,0.2,2.3820811705865577,12.200005292892456,4.797484501990258,2.69547120631869,-0.5465330740022407,0.1735134393076601,-0.10635463184030036,-0.008205681840138937,2.248,0.072,-0.171,-1.659
figure_eight,grass,0.2,2.36141483339458,12.399993181228638,4.797484501990258,2.69547120631869,-0.5465330740022407,0.14023081110122387,-0.08526617882264781,-0.005298056781438451,2.533,0.589,-0.274,-1.951
figure_eight,grass,0.2,0.7778686753493149,0.19956111907958984,4.797484501990258,2.69547120631869,-0.5465330740022407,-1.4765261312443823e-05,1.4683779108737305e-05,1.1197651239108763e-05,1.015,-0.096,0.255,-1.049
figure_eight,grass,0.2,0.7544434226619332,0.3995480537414551,4.797484501990258,2.69547120631869,-0.5465330740022407,0.01854922763261785,0.008619569202255817,0.0031619533592108645,1.342,2.873,-3.217,-1.785
figure_eight,grass,0.2,0.7126215994872017,0.5996150970458984,4.797484501990258,2.69547120631869,-0.5465330740022407,0.04789857009553389,0.024403151787514954,0.005930842216674198,1.01,2.338,-2.433,-1.393
figure_eight,grass,0.2,0.647727655232274,0.7996647357940674,4.797484501990258,2.69547120631869,-0.5465330740022407,0.07877757429550064,0.041704005723266824,0.008813438775731625,0.95,2.366,-2.597,-1.148
figure_eight,grass,0.2,0.5521445623772482,0.9995083808898926,4.797484501990258,2.69547120631869,-0.5465330740022407,0.10936720930586863,0.057286190155825256,0.010250812996578554,0.987,2.508,-2.323,-1.152
figure_eight,grass,0.2,0.41413937518608984,1.1994702816009521,4.797484501990258,2.69547120631869,-0.5465330740022407,0.14051161836159362,0.06944552836368012,0.011815412196862357,0.873,2.41,-2.582,-1.201
figure_eight,grass,0.2,0.21922979871428452,1.3995096683502197,4.797484501990258,2.69547120631869,-0.5465330740022407,0.16982105737055728,0.07705636607923838,0.012615073962558121,0.576,2.368,-2.265,-1.109
figure_eight,grass,0.2,-0.04118892347873298,1.599520206451416,4.797484501990258,2.69547120631869,-0.5465330740022407,0.19944432871383105,0.0827213954394952,0.012748667641105563,0.358,1.786,-1.837,-0.633
figure_eight,grass,0.2,-0.3496346135896502,1.7995038032531738,4.797484501990258,2.69547120631869,-0.5465330740022407,0.22669215988564212,0.08511966239018187,0.01046844300359663,0.259,1.536,-1.603,-0.307
figure_eight,grass,0.2,-0.6555967949247943,1.9995014667510986,4.797484501990258,2.69547120631869,-0.5465330740022407,0.25191010449084233,0.0832160712363379,0.010645912595956625,-0.059,1.027,-1.276,-0.032
figure_eight,grass,0.2,-0.9135848682757768,2.1995151042938232,4.797484501990258,2.69547120631869,-0.5465330740022407,0.27135212378001394,0.07811487457360566,0.009121632281753209,-0.652,0.635,-0.663,0.733
figure_eight,grass,0.2,-1.1136096401355497,2.3994953632354736,4.797484501990258,2.69547120631869,-0.5465330740022407,0.2890935864698196,0.07108798267467553,0.007182956413597036,-0.89,0.048,0.074,1.104
figure_eight,grass,0.2,-1.2681644425914647,2.5999362468719482,4.797484501990258,2.69547120631869,-0.5465330740022407,0.30216312976294174,0.06345042005331214,0.005553648818503107,-1.868,-0.431,0.531,2.096
figure_eight,grass,0.2,-1.3923949772846687,2.800121307373047,4.797484501990258,2.69547120631869,-0.5465330740022407,0.308169144233348,0.056314447161568415,0.0037248216763549197,-2.557,-1.022,1.082,3.013
figure_eight,grass,0.2,-1.499451760297636,2.9999735355377197,4.797484501990258,2.69547120631869,-0.5465330740022407,0.3144497709477808,0.04710449436697006,-0.0015013064466721515,-2.174,-1.947,1.905,3.577
figure_eight,grass,0.2,-1.5999966065082716,3.199918746948242,4.797484501990258,2.69547120631869,-0.5465330740022407,0.3198340644587742,0.03412833248672953,-0.006265913561894071,-2.421,-2.266,2.581,3.244
figure_eight,grass,0.2,-1.703310007662876,3.4000465869903564,4.797484501990258,2.69547120631869,-0.5465330740022407,0.321273406125559,0.011609145250032427,-0.009887224019963961,-2.138,-1.862,2.383,3.126
figure_eight,grass,0.2,-1.8187461829272886,3.599700450897217,4.797484501990258,2.69547120631869,-0.5465330740022407,0.3158707541540266,-0.010465292435503648,-0.009895613686047092,-2.277,-2.068,2.564,2.752
figure_eight,grass,0.2,-1.9584223372473826,3.799514055252075,4.797484501990258,2.69547120631869,-0.5465330740022407,0.3061913522501409,-0.03771753569112141,-0.010391522606173126,-2.127,-1.833,2.688,2.275
figure_eight,grass,0.2,-2.1373339186741287,3.9996070861816406,4.797484501990258,2.69547120631869,-0.5465330740022407,0.29184808382430827,-0.06107483308945899,-0.010277801492195093,-2.201,-1.75,2.472,2.573
figure_eight,grass,0.2,-2.3701940992291766,4.199501037597656,4.797484501990258,2.69547120631869,-0.5465330740022407,0.27680913244507876,-0.07919838135841012,-0.010196704429200648,-2.054,-2.564,2.694,2.433
figure_eight,grass,0.2,-2.659488313108789,4.39946436882019,4.797484501990258,2.69547120631869,-0.5465330740022407,0.258767385855627,-0.09456456621026454,-0.008212867801131146,-1.813,-2.567,2.883,1.834
figure_eight,grass,0.2,-2.974040841709457,4.599489212036133,4.797484501990258,2.69547120631869,-0.5465330740022407,0.24155787354792205,-0.10528281770622344,-0.008100984746232928,-1.11,-2.034,2.415,1.335
figure_eight,grass,0.2,3.024083756545788,4.799531936645508,4.797484501990258,2.69547120631869,-0.5465330740022407,0.22478250108480466,-0.11301672005027891,-0.0070809229572788845,-0.691,-2.733,2.917,0.658
figure_eight,grass,0.2,2.8014158966239133,4.999872446060181,4.797484501990258,2.69547120631869,-0.5465330740022407,0.20469153941367757,-0.11514600037769135,-0.006286429526946025,-0.205,-1.824,1.92,0.408
figure_eight,grass,0.2,2.6415753581650177,5.199492454528809,4.797484501990258,2.69547120631869,-0.5465330740022407,0.17922984168866993,-0.11272573097252542,-0.006092458644894702,0.095,-1.431,1.491,-0.065
figure_eight,grass,0.2,2.529741188891325,5.399478197097778,4.990082802839496,2.8007516153873797,0.6120342668174532,0.14953779622834049,-0.10557989747367391,-0.005515185556092025,0.869,-0.899,0.999,-0.515
figure_eight,grass,0.2,2.453061485373599,5.599514484405518,4.990082802839496,2.8007516153873797,0.6120342668174532,0.11774094633164192,-0.09554016304038848,-0.004293379105829401,1.206,-0.267,0.558,-1.316
figure_eight,grass,0.2,2.402271931977648,5.799560070037842,4.990082802839496,2.8007516153873797,0.6120342668174532,0.08781681315330614,-0.0837751416239475,-0.003327017591279985,1.53,-0.014,0.198,-1.759
figure_eight,grass,0.2,2.3715292981063256,5.999601125717163,4.990082802839496,2.8007516153873797,0.6120342668174532,0.052662233937043224,-0.06437528859101671,-0.0009405586546118033,1.666,0.429,-0.335,-2.104
figure_eight,grass,0.2,2.3575026917164603,6.199717044830322,4.990082802839496,2.8007516153873797,0.6120342668174532,0.018661692816876962,-0.040347996374012485,0.002741921944466749,1.791,0.618,-0.693,-2.632
figure_eight,grass,0.2,2.358737386794746,6.39947772026062,4.990082802839496,2.8007516153873797,0.6120342668174532,-0.01662394155852448,-0.014370242354810048,0.0046994104711446105,2.622,0.817,-0.93,-2.103
figure_eight,grass,0.2,2.3753698350877372,6.599640369415283,4.990082802839496,2.8007516153873797,0.6120342668174532,-0.05120821812324822,0.014739858377366799,0.005194206944394902,1.88,0.973,-0.735,-2.702
figure_eight,grass,0.2,2.409087279407418,6.799527645111084,4.990082802839496,2.8007516153873797,0.6120342668174532,-0.08520005406699466,0.04635391177544934,0.007538728539409553,2.337,0.951,-1.105,-3.103
figure_eight,grass,0.2,2.4636033513696076,6.999486207962036,4.990082802839496,2.8007516153873797,0.6120342668174532,-0.12041395389157744,0.07685297415277925,0.009739912516329968,2.496,1.069,-1.032,-3.14
figure_eight,grass,0.2,2.545274754152473,7.199504375457764,4.990082802839496,2.8007516153873797,0.6120342668174532,-0.15253571611831312,0.10532832424239003,0.011587481272469877,2.233,0.843,-0.745,-2.978
figure_eight,grass,0.2,2.6640141308376513,7.399506568908691,4.797484501990258,2.69547120631869,-0.5465330740022407,-0.18340983288532514,0.13162627944232552,0.011203558576911563,2.356,0.884,-0.817,-2.534
figure_eight,grass,0.2,2.8335292036785344,7.59951639175415,4.797484501990258,2.69547120631869,-0.5465330740022407,-0.21464269035303135,0.15285499164588268,0.012615073962558163,1.893,0.792,-0.749,-2.384
figure_eight,grass,0.2,3.0667246920599367,7.799490690231323,4.797484501990258,2.69547120631869,-0.5465330740022407,-0.2413072950394763,0.1673045018198046,0.01262067926119742,1.914,0.59,-0.423,-2.62
figure_eight,grass,0.2,-2.9233293044237696,7.99951171875,4.797484501990258,2.69547120631869,-0.5465330740022407,-0.2702852875424134,0.1811864665850822,0.011968614181485426,1.63,0.231,-0.098,-2.068
figure_eight,grass,0.2,-2.6093187225617656,8.199494361877441,4.797484501990258,2.69547120631869,-0.5465330740022407,-0.29749046832132015,0.1905722477484959,0.012345088583006814,1.126,-0.037,0.115,-1.448
figure_eight,grass,0.2,-2.3280579378229076,8.399518966674805,4.797484501990258,2.69547120631869,-0.5465330740022407,-0.32217815570524017,0.19638460205750308,0.012422627000091002,0.563,-0.531,0.621,-0.979
figure_eight,grass,0.2,-2.1046486839138954,8.599557638168335,4.797484501990258,2.69547120631869,-0.5465330740022407,-0.34489030429265805,0.19709589874266586,0.011411865417740322,0.089,-0.926,1.1,-0.601
figure_eight,grass,0.2,-1.9333482584391908,8.799526691436768,4.797484501990258,2.69547120631869,-0.5465330740022407,-0.36221230759222683,0.1945268959247587,0.01100459635869333,-0.467,-1.801,1.804,-0.088
figure_eight,grass,0.2,-1.7984588999143125,8.999496698379517,4.797484501990258,2.69547120631869,-0.5465330740022407,-0.3769741786052688,0.19084019362879479,0.009901492820898111,-1.025,-1.976,2.488,0.816
figure_eight,grass,0.2,-1.6855980995637483,9.199511051177979,4.797484501990258,2.69547120631869,-0.5465330740022407,-0.39035160943929953,0.18293315144054867,0.006065290555487227,-1.685,-2.137,2.954,1.226
figure_eight,grass,0.2,-1.5834448314984357,9.399487018585205,4.797484501990258,2.69547120631869,-0.5465330740022407,-0.40218464792166947,0.1742168513524237,0.004600453912463123,-2.503,-2.358,3.267,2.194
figure_eight,grass,0.2,-1.4824284783872448,9.599499464035034,4.797484501990258,2.69547120631869,-0.5465330740022407,-0.41474188918246185,0.16158871616192594,-0.00031259612750257626,-2.592,-2.416,2.68,2.744
figure_eight,grass,0.2,-1.3732403846285473,9.799518346786499,4.797484501990258,2.69547120631869,-0.5465330740022407,-0.42146890798196707,0.14060422412697782,-0.0036423081641736715,-1.849,-2.092,2.702,2.491
figure_eight,grass,0.2,-1.2451348994731168,9.999516248703003,4.797484501990258,2.69547120631869,-0.5465330740022407,-0.42645343843519284,0.11336646369790593,-0.005517050791496642,-2.254,-1.966,2.338,2.413
figure_eight,grass,0.2,-1.0844132257284411,10.199629068374634,4.797484501990258,2.69547120631869,-0.5465330740022407,-0.4258453311078441,0.08577044100788778,-0.0070967748505244704,-2.429,-2.145,2.614,2.323
figure_eight,grass,0.2,-0.8755830303490435,10.399489402770996,4.797484501990258,2.69547120631869,-0.5465330740022407,-0.4214800465167468,0.060178186580446935,-0.01064412758464138,-2.084,-1.689,2.508,3.116
figure_eight,grass,0.2,-0.6080945360208329,10.59954285621643,4.797484501990258,2.69547120631869,-0.5465330740022407,-0.412464876331674,0.038024892784880304,-0.011410288974635086,-1.913,-1.804,2.085,2.393
figure_eight,grass,0.2,-0.29792735001025505,10.799487829208374,4.797484501990258,2.69547120631869,-0.5465330740022407,-0.4021953414622225,0.020276586434163968,-0.01406804914761968,-2.284,-1.228,1.696,3.39
figure_eight,grass,0.2,0.005628898864229993,10.999562501907349,4.797484501990258,2.69547120631869,-0.5465330740022407,-0.38958355263213157,0.005157374722518537,-0.015479545503470374,-1.732,-0.724,1.075,2.846
figure_eight,grass,0.2,0.25553655488819893,11.199565172195435,4.797484501990258,2.69547120631869,-0.5465330740022407,-0.373063395728182,-0.0054610721860449685,-0.015649096167014792,-2.097,-0.41,0.953,2.486
figure_eight,grass,0.2,0.44009973345158254,11.399464845657349,4.797484501990258,2.69547120631869,-0.5465330740022407,-0.3504699788176678,-0.015101587470492728,-0.014617767636329118,-1.514,-0.048,0.166,2.168
figure_eight,grass,0.2,0.570288009765259,11.599496126174927,4.797484501990258,2.69547120631869,-0.5465330740022407,-0.3234899353782687,-0.02216799084968646,-0.012861344541801226,-0.984,0.456,-0.2,1.396
figure_eight,grass,0.2,0.6602186255380239,11.799476861953735,4.797484501990258,2.69547120631869,-0.5465330740022407,-0.2922605551055713,-0.026293150095535733,-0.01278958941173218,-0.656,1.308,-0.91,1.137
figure_eight,grass,0.2,0.7209081895916991,11.999576330184937,4.797484501990258,2.69547120631869,-0.5465330740022407,-0.2585167249462576,-0.02880752855062202,-0.011138131949826643,-0.064,1.719,-1.187,0.019
figure_eight,grass,0.2,0.7594473716840279,12.199564456939697,4.797484501990258,2.69547120631869,-0.5465330740022407,-0.21939162372565374,-0.026640457825058195,-0.007734558421030588,0.219,1.818,-1.718,-0.317
figure_eight,grass,0.2,0.7801514673745332,12.399576187133789,4.797484501990258,2.69547120631869,-0.5465330740022407,-0.1777196615727003,-0.02155109450167647,-0.005848124349940448,0.727,2.145,-1.917,-0.408
circle,cell_carpet,0.2,0.19997715950012207,0.19997715950012207,0.0,0.0,0.0,0.0,0.0,0.0,0.063,0.067,-0.011,0.237
circle,cell_carpet,0.2,0.4000163078308105,0.40001630783081055,0.0,0.0,0.0,0.018491510299126657,0.004660540778730682,6.53542094578019e-06,-0.228,1.394,-1.286,0.497
circle,cell_carpet,0.2,0.5999736785888672,0.5999736785888672,0.0,0.0,0.0,0.051213878540734115,0.015973517937982185,-0.002023921978461629,0.395,1.212,-1.28,-0.378
circle,cell_carpet,0.2,0.7999925613403319,0.799992561340332,0.0,0.0,0.0,0.08205998907138995,0.03118594391258922,-0.0032224097683384023,0.815,1.693,-1.685,-0.686
circle,cell_carpet,0.2,0.9999659061431885,0.9999659061431885,0.0,0.0,0.0,0.10742861790151031,0.050920101935260864,-0.006655627639726325,0.893,1.643,-2.049,-1.065
circle,cell_carpet,0.2,1.2000088691711426,1.2000088691711426,0.0,0.0,0.0,0.12392406468912143,0.07209744777323879,-0.009062571164539762,1.128,1.55,-1.75,-1.341
circle,cell_carpet,0.2,1.400029182434082,1.400029182434082,0.0,0.0,0.0,0.14138622017997116,0.10243130962366354,-0.012241070381921682,1.422,1.312,-1.799,-1.987
circle,cell_carpet,0.2,1.6000194549560547,1.6000194549560547,0.0,0.0,0.0,0.14970003935428156,0.13348098709810896,-0.015245120682164381,1.648,1.792,-2.111,-1.94
circle,cell_carpet,0.2,1.8000140190124514,1.8000140190124512,0.0,0.0,0.0,0.14790323977513808,0.16442234504021902,-0.014926300785948143,1.989,1.582,-1.706,-1.787
circle,cell_carpet,0.2,1.9999961853027344,1.9999961853027344,0.0,0.0,0.0,0.13605055382669806,0.1984160346215358,-0.01526096816843324,1.676,1.631,-1.5,-1.797
circle,cell_carpet,0.2,2.2000300884246826,2.2000300884246826,0.0,0.0,0.0,0.11817639920710044,0.22801462918028825,-0.014957996822062655,1.753,1.436,-1.822,-1.888
circle,cell_carpet,0.2,2.4000158309936523,2.4000158309936523,0.0,0.0,0.0,0.09250998565786978,0.25421010489321716,-0.015494016299664931,1.546,1.396,-1.725,-1.798
circle,cell_carpet,0.2,2.600696086883545,2.600696086883545,0.0,0.0,0.0,0.06084547793564482,0.2758386739055072,-0.017010549207222544,1.672,1.035,-1.352,-2.059
circle,cell_carpet,0.2,2.8000082969665527,2.8000082969665527,0.0,0.0,0.0,0.027081385587762186,0.2934564438210693,-0.017999375423170316,1.639,0.616,-0.98,-1.936
circle,cell_carpet,0.2,3.0000479221343994,3.0000479221343994,0.0,0.0,0.0,-0.009703399192119821,0.3060932165196766,-0.017646169034717746,1.47,0.533,-0.646,-1.494
circle,cell_carpet,0.2,-3.082847897206442,3.2003374099731445,0.0,0.0,0.0,-0.047693043294962156,0.30995936520107936,-0.015782987809041013,1.595,0.536,-0.679,-1.649
circle,cell_carpet,0.2,-2.883150402699606,3.4000349044799805,0.0,0.0,0.0,-0.0846402190538933,0.30790333461180086,-0.01585196676449871,1.241,0.058,-0.29,-1.19
circle,cell_carpet,0.2,-2.683206860219137,3.599978446960449,0.0,0.0,0.0,-0.12330422425221677,0.301232429601356,-0.014990624981419481,0.669,-0.096,0.034,-0.824
circle,cell_carpet,0.2,-2.4832180182086394,3.7999672889709473,0.0,0.0,0.0,-0.1589979935167486,0.29201549838274055,-0.014227096043831322,0.166,-0.713,0.526,-0.16
circle,cell_carpet,0.2,-2.28315788904299,4.000027418136597,-0.052093940617959335,-0.02562601105044536,0.09464299652231989,-0.19026225098502336,0.2811319192807271,-0.012904990223184143,-0.354,-0.923,1.132,0.262
circle,cell_carpet,0.2,-2.0828116575824187,4.200373649597168,-0.052093940617959335,-0.02562601105044536,0.09464299652231989,-0.21474685507722602,0.26696833221533645,-0.010635163406893411,-0.618,-1.453,1.585,0.605
circle,cell_carpet,0.2,-1.8831637541400357,4.400021553039551,-0.052093940617959335,-0.02562601105044536,0.09464299652231989,-0.23205350018133786,0.25053023879539515,-0.007972055325311464,-0.808,-1.679,1.833,1.278
circle,cell_carpet,0.2,-1.683128658925192,4.6000566482543945,-0.052093940617959335,-0.02562601105044536,0.09464299652231989,-0.2449711077521599,0.23168234711900026,-0.006434495640217142,-1.688,-1.761,2.209,1.811
circle,cell_carpet,0.2,-1.4830728212939663,4.80011248588562,-0.052093940617959335,-0.02562601105044536,0.09464299652231989,-0.2521840744901065,0.20915742368302392,-0.00195111225598818,-1.675,-1.733,2.161,2.189
circle,cell_carpet,0.2,-1.2827721277820034,5.000413179397583,-0.052093940617959335,-0.02562601105044536,0.09464299652231989,-0.2487473092149186,0.18241695876393293,-0.0001372429279417331,-1.376,-1.532,1.775,1.706
circle,cell_carpet,0.2,-1.083188597355978,5.199996709823608,-0.052093940617959335,-0.02562601105044536,0.09464299652231989,-0.23712768590673117,0.15338347588797685,0.0014901775291709801,-1.685,-1.239,1.882,2.093
circle,cell_carpet,0.2,-0.8831637541400357,5.400021553039551,-0.052093940617959335,-0.02562601105044536,0.09464299652231989,-0.21811225998054973,0.1255806056788259,0.001094270947202769,-1.51,-1.25,1.771,1.822
circle,cell_carpet,0.2,-0.6831494013415739,5.600035905838013,-0.052093940617959335,-0.02562601105044536,0.09464299652231989,-0.1912840923070932,0.10043551260196604,0.002440784846749519,-1.251,-1.115,1.749,1.613
circle,cell_carpet,0.2,-0.4827495257007046,5.800435781478882,-0.052093940617959335,-0.02562601105044536,0.09464299652231989,-0.1611957368003044,0.07928960367346827,0.0033615880453786717,-1.462,-0.725,1.098,1.91
circle,cell_carpet,0.2,-0.2831972281085425,5.999988079071045,-0.052093940617959335,-0.02562601105044536,0.09464299652231989,-0.12813278318861454,0.06178030224546249,0.003432565874650337,-1.395,-0.422,0.874,1.801
circle,cell_carpet,0.2,-0.08315164247621733,6.200033664703369,-0.052093940617959335,-0.02562601105044536,0.09464299652231989,-0.09199964104862512,0.05098259681319772,0.002572456920919161,-1.245,-0.414,0.642,1.583
circle,cell_carpet,0.2,2.941582115488597,0.2000105381011963,0.0,0.0,0.0,7.979086256715284e-07,-4.2574613857704335e-06,-5.60132353898124e-06,-1.025,-0.772,0.925,1.217
circle,cell_carpet,0.2,2.741506727533885,0.4000859260559082,0.0,0.0,0.0,-0.017719766667328996,-0.0026921958552291736,-0.0007169455595179008,0.624,-1.145,1.282,-0.356
circle,cell_carpet,0.2,2.5415870269113263,0.6000056266784668,0.0,0.0,0.0,-0.04896917810218615,-0.00826607741773433,-0.0014525113390941868,0.727,-0.155,0.266,-0.579
circle,cell_carpet,0.2,2.3412717898660382,0.8003208637237549,-0.05213418130255146,-0.025609795233725037,1.2651923575175645,-0.08086763802366581,-0.01125282607269018,-0.002832025293604268,1.227,0.272,-0.434,-1.229
circle,cell_carpet,0.2,2.1412834246926984,1.0003092288970947,-0.05212464814835584,-0.025707229821660068,1.2675191917861486,-0.1080218590677775,-0.00954412681000183,-0.0034983827253293465,1.591,0.648,-0.587,-1.447
circle,cell_carpet,0.2,1.9415062983804425,1.2000863552093506,-0.055069713719412154,-0.026358876660761026,1.301948038774317,-0.13218645322970968,0.00031380354802656996,-0.007269855241512857,1.568,0.819,-1.077,-1.959
circle,cell_carpet,0.2,1.7415432055764877,1.4000494480133057,-0.055069713719412154,-0.026358876660761026,1.301948038774317,-0.15252664102825864,0.014459278920645358,-0.009754776079098124,1.522,1.353,-1.64,-1.956
circle,cell_carpet,0.2,1.5415672381692611,1.6000254154205322,-0.0520939405364964,-0.025626011031368627,1.2641570237898414,-0.1689310064271562,0.03252712176734496,-0.012283814930722156,1.569,1.58,-1.67,-2.059
circle,cell_carpet,0.2,1.341604622202464,1.799988031387329,-0.0520939405364964,-0.025626011031368627,1.2641570237898414,-0.17792855769674853,0.05770685793376662,-0.012228802429537,1.755,1.624,-2.048,-1.843
circle,cell_carpet,0.2,1.1415719111734113,2.000020742416382,-0.0520939405364964,-0.025626011031368627,1.2641570237898414,-0.17958263784940898,0.08876827221800176,-0.0132478801260459,1.655,1.615,-1.596,-1.661
circle,cell_carpet,0.2,0.9415818770700178,2.2000107765197754,-0.0520939405364964,-0.025626011031368627,1.2641570237898414,-0.17462400989094506,0.1196541652581854,-0.013817508358327693,1.314,1.944,-1.967,-1.955
circle,cell_carpet,0.2,0.7415741999917708,2.4000184535980225,-0.0520939405364964,-0.025626011031368627,1.2641570237898414,-0.16193553702999364,0.1501762107198038,-0.015750813243766176,1.27,1.866,-1.823,-2.002
circle,cell_carpet,0.2,0.5416041930490222,2.5999884605407715,-0.0520939405364964,-0.025626011031368627,1.2641570237898414,-0.1432570164903817,0.18001316545726986,-0.016844990989222278,1.019,1.842,-1.687,-1.376
circle,cell_carpet,0.2,0.34113636811310866,2.8004562854766846,-0.0520939405364964,-0.025626011031368627,1.2641570237898414,-0.12114242541039988,0.20915181187336662,-0.017184215168239883,0.653,1.85,-1.616,-1.193
circle,cell_carpet,0.2,0.14159408410126784,2.9999985694885254,-0.0520939405364964,-0.025626011031368627,1.2641570237898414,-0.09341001290302409,0.231943747029298,-0.01744142059297127,0.585,1.929,-1.614,-0.953
circle,cell_carpet,0.2,-0.058400718373707736,3.199993371963501,-0.0520939405364964,-0.025626011031368627,1.2641570237898414,-0.05993803372084017,0.2522155487260751,-0.01607609789939307,0.347,1.41,-1.215,-0.7
circle,cell_carpet,0.2,-0.25839575926726244,3.3999884128570557,-0.052214917954612805,-0.025608135011580248,0.09173398973413764,-0.02387203625429124,0.26639638499445495,-0.01512444456028593,0.218,1.271,-1.21,-0.417
circle,cell_carpet,0.2,-0.4584239403433122,3.6000165939331055,-0.052214917954612805,-0.025608135011580248,0.09173398973413764,0.012707810738935288,0.2759523451827577,-0.014013280882315127,-0.059,0.744,-0.834,0.08
circle,cell_carpet,0.2,-0.6584161202139182,3.800008773803711,-0.052214917954612805,-0.025608135011580248,0.09173398973413764,0.048924038073500375,0.2826026915081713,-0.013129475132800716,-0.566,0.054,-0.141,0.626
circle,cell_carpet,0.2,-0.8584307114309587,4.000023365020752,-0.052214917954612805,-0.025608135011580248,0.09173398973413764,0.081534688839833,0.2851849595236746,-0.011346693933849725,-1.061,-0.188,0.409,1.084
circle,cell_carpet,0.2,-1.0584565083212174,4.200049161911011,-0.052214917954612805,-0.025608135011580248,0.09173398973413764,0.10954081383171438,0.28273159999830766,-0.010282646841626553,-1.672,-0.808,0.842,1.638
circle,cell_carpet,0.2,-1.2584873120016373,4.400079965591431,-0.052214917954612805,-0.025608135011580248,0.09173398973413764,0.13259872413913232,0.2725558477144313,-0.0086149995078076,-1.531,-0.788,0.886,1.738
circle,cell_carpet,0.2,-1.4585522095388688,4.600144863128662,-0.052214917954612805,-0.025608135011580248,0.09173398973413764,0.15235274656177134,0.2584485411533102,-0.007463895685713193,-1.666,-1.526,1.545,1.807
circle,cell_carpet,0.2,-1.6584049145406998,4.799997568130493,-0.052214917954612805,-0.025608135011580248,0.09173398973413764,0.16812164915248673,0.23933383137855235,-0.006540303915463702,-1.678,-1.524,2.062,1.721
circle,cell_carpet,0.2,-1.8584202210134773,5.0000128746032715,-0.052214917954612805,-0.025608135011580248,0.09173398973413764,0.17541761184433263,0.21281933310015266,-0.00578457442045803,-1.353,-1.558,1.695,1.665
circle,cell_carpet,0.2,-2.0584281365103045,5.200020790100098,-0.052214917954612805,-0.025608135011580248,0.09173398973413764,0.17620266347358027,0.18251364198028985,-0.004024718703083741,-1.474,-1.572,2.064,1.623
circle,cell_carpet,0.2,-2.2584234158224374,5.4000160694122314,-0.052214917954612805,-0.025608135011580248,0.09173398973413764,0.16822007683772855,0.1485676034511958,-0.002692028796396309,-1.435,-1.351,1.628,1.318
circle,cell_carpet,0.2,-2.4584031979269305,5.599995851516724,-0.052214917954612805,-0.025608135011580248,0.09173398973413764,0.15260952442915032,0.11823713633439548,-0.0038474099448056603,-1.496,-1.779,1.942,1.438
circle,cell_carpet,0.2,-2.6584719101614267,5.800064563751221,-0.052214917954612805,-0.025608135011580248,0.09173398973413764,0.13241612637264966,0.08908728834827861,-0.004901885283557991,-0.998,-1.584,1.903,0.832
circle,cell_carpet,0.2,-2.858438579244069,6.000031232833862,-0.052214917954612805,-0.025608135011580248,0.09173398973413764,0.10681063586876188,0.06173028427553506,-0.00601596430660277,-0.871,-1.294,1.595,0.47
circle,cell_carpet,0.2,-3.058400956792287,6.19999361038208,-0.052214917954612805,-0.025608135011580248,0.09173398973413764,0.07752642810139004,0.0381905418984716,-0.005504660199726341,-0.576,-1.216,1.782,0.51
circle,cell_carpet,0.2,0.20003342628479004,0.20003342628479004,0.0,0.0,0.0,-1.7713343224590172e-05,-2.622890114523102e-05,-1.2132675962367445e-05,-0.785,-1.136,1.197,0.875
circle,cell_carpet,0.2,0.4003584384918213,0.4003584384918213,0.0,0.0,0.0,0.017388053473170406,0.004046980681475687,0.00022025719909261887,-0.919,0.411,-0.312,1.231
circle,cell_carpet,0.2,0.6000573635101318,0.6000573635101318,0.0,0.0,0.0,0.046642113199921065,0.010316077343360264,-0.00030237937969507245,-0.209,0.687,-0.496,0.172
circle,cell_carpet,0.2,0.8000617027282715,0.8000617027282715,0.0,0.0,0.0,0.07737294016157742,0.01923967436747298,-0.0005720868571448268,0.322,1.124,-1.058,-0.328
circle,cell_carpet,0.2,1.0000085830688477,1.0000085830688477,0.0,0.0,0.0,0.10496378944270801,0.033028668514123005,-0.0026007314115435998,0.588,1.364,-1.412,-0.664
circle,cell_carpet,0.2,1.2005906105041504,1.2005906105041504,0.0,0.0,0.0,0.12334539484368273,0.05080822546759056,-0.00312415662981462,0.8,1.675,-1.564,-0.982
circle,cell_carpet,0.2,1.4000022411346436,1.4000022411346436,0.0,0.0,0.0,0.1367881911251272,0.07151440068927783,-0.002731357009097962,1.618,1.891,-1.754,-1.539
circle,cell_carpet,0.2,1.5999789237976074,1.5999789237976074,0.0,0.0,0.0,0.14501831999669318,0.09533899943825574,-0.004232496206960035,1.773,1.675,-1.529,-1.64
circle,cell_carpet,0.2,1.7999811172485352,1.7999811172485352,0.0,0.0,0.0,0.14416006690554284,0.12369684346790344,-0.0059899116499141924,1.507,1.473,-1.558,-1.979
circle,cell_carpet,0.2,1.9999675750732422,1.9999675750732422,0.0,0.0,0.0,0.13382978301367804,0.1511327396961496,-0.006308899107397764,1.871,1.58,-1.395,-1.635
circle,cell_carpet,0.2,2.2000603675842285,2.2000603675842285,0.0,0.0,0.0,0.11606664801064215,0.17746498114182652,-0.008105105641603105,1.828,1.353,-1.616,-2.103
circle,cell_carpet,0.2,2.3999974727630615,2.3999974727630615,-0.051993484950859675,-0.025602474593533278,-0.6687814991793155,0.09185328528354803,0.19989580800850737,-0.01029721264209918,1.99,1.397,-1.784,-2.009
circle,cell_carpet,0.2,2.600266695022583,2.600266695022583,-0.052093940558924794,-0.02562601103085531,-0.6659128260545432,0.062026450058153215,0.21957761997266956,-0.011909030087913816,1.706,0.978,-1.13,-2.156
circle,cell_carpet,0.2,2.799983263015747,2.799983263015747,-0.052093940558924794,-0.02562601103085531,-0.6659128260545432,0.029573584959595445,0.2356785734017225,-0.013162677970452216,1.503,0.71,-1.029,-2.297
circle,cell_carpet,0.2,3.0000076293945312,3.0000076293945312,-0.052093940558924794,-0.02562601103085531,-0.6659128260545432,-0.006597121589791033,0.24533059923078315,-0.014696646543867667,1.644,0.449,-0.753,-1.723
circle,cell_carpet,0.2,-3.0827885309802454,3.200396776199341,-0.052093940558924794,-0.02562601103085531,-0.6659128260545432,-0.04539519468881287,0.2489995478393353,-0.012296793802134068,1.46,0.514,-0.566,-1.473
circle,cell_carpet,0.2,-2.8831842581378386,3.400001049041748,-0.052093940558924794,-0.02562601103085531,-0.6659128260545432,-0.08404250167445676,0.24637883828466123,-0.011963094280162442,1.123,0.302,-0.182,-1.244
circle,cell_carpet,0.2,-2.6827779451953333,3.600407361984253,-0.052093940558924794,-0.02562601103085531,-0.6659128260545432,-0.12232386620980201,0.23962859331015696,-0.011266760503941153,0.563,-0.077,0.061,-0.926
circle,cell_carpet,0.2,-2.4831939379321497,3.7999913692474365,-0.052093940558924794,-0.02562601103085531,-0.6659128260545432,-0.15829025548460335,0.23036167495323046,-0.010078118142726439,0.039,-0.669,0.744,-0.113
circle,cell_carpet,0.2,-2.283215109501974,3.9999701976776123,-0.05210986602350125,-0.025726776585680476,0.09328357793677047,-0.1892800377999661,0.21924480561742088,-0.008641291039374749,-0.433,-0.835,1.187,0.175
circle,cell_carpet,0.2,-2.082899157200949,4.200286149978638,-0.05210986602350125,-0.025726776585680476,0.09328357793677047,-0.2103996596451287,0.20687154769965344,-0.007091399931529338,-0.738,-1.363,1.548,0.623
circle,cell_carpet,0.2,-1.8831875959979458,4.399997711181641,-0.40634892946280715,-0.17149329864993298,-0.041147576273611,-0.22898184439020725,0.18961430573918203,-0.005395746384454142,-0.813,-1.653,1.934,1.136
circle,cell_carpet,0.2,-1.682830874119894,4.600354433059692,-0.40634892946280715,-0.17149329864993298,-0.041147576273611,-0.24231086947039399,0.1704375596571741,-0.0036540851867086638,-1.629,-1.779,2.129,1.75
circle,cell_carpet,0.2,-1.4831584135638638,4.800026893615723,-0.40634892946280715,-0.17149329864993298,-0.041147576273611,-0.249717457344439,0.14809665347275514,0.0008399889005123035,-1.625,-1.528,2.098,1.777
circle,cell_carpet,0.2,-1.2830582300769253,5.000127077102661,-0.40634892946280715,-0.17149329864993298,-0.041147576273611,-0.24793789779237402,0.12091185862363207,0.0027927559842063354,-1.421,-1.481,1.708,1.581
circle,cell_carpet,0.2,-1.0831399599658413,5.200045347213745,-0.40634892946280715,-0.17149329864993298,-0.041147576273611,-0.2377136763112932,0.09199297418074448,0.004589019505152489,-1.69,-1.261,1.832,2.021
circle,cell_carpet,0.2,-0.8831849733935757,5.400000333786011,-0.40634892946280715,-0.17149329864993298,-0.041147576273611,-0.21976713931277708,0.06391786682668232,0.004727205957317779,-1.43,-1.122,1.665,1.746
circle,cell_carpet,0.2,-0.6832063833819799,5.599978923797607,-0.40634892946280715,-0.17149329864993298,-0.041147576273611,-0.19399796793794816,0.038300878771010516,0.00586357549291483,-1.499,-1.0,1.696,1.826
circle,cell_carpet,0.2,-0.48292786279787253,5.800257444381714,-0.40634892946280715,-0.17149329864993298,-0.041147576273611,-0.16497755269830566,0.01761895680664971,0.007466082617137479,-1.461,-0.705,1.091,1.859
circle,cell_carpet,0.2,-0.2832048575030728,5.999980449676514,-0.40634892946280715,-0.17149329864993298,-0.041147576273611,-0.1330977621590161,-0.00026315723339787045,0.007093451197545314,-1.429,-0.376,0.718,1.731
circle,cell_carpet,0.2,-0.08316761652101626,6.200017690658569,-0.40634892946280715,-0.17149329864993298,-0.041147576273611,-0.09700708263899943,-0.013128829081323512,0.006185739356417669,-1.191,-0.354,0.574,1.467
circle,cell_carpet,0.2,2.941570909815379,0.20002174377441406,0.0,0.0,0.0,8.422731325730126e-07,-5.770152256001637e-07,-9.335756445683074e-07,-1.047,-0.749,0.946,1.181
circle,cell_carpet,0.2,2.741596611338206,0.3999960422515869,0.0,0.0,0.0,-0.004298521675647371,0.00030831804425934806,-0.00037902503566240864,0.827,-1.362,1.733,-0.619
circle,cell_carpet,0.2,2.541611822443553,0.5999808311462402,0.0,0.0,0.0,-0.03475705693083586,-0.005484729296875046,-0.0012023779273376556,0.606,-0.18,0.392,-0.503
circle,cell_carpet,0.2,2.34164014657075,0.799952507019043,-0.05223165494289109,-0.025729583085703545,1.2603892198631446,-0.07956413226043324,-0.010584311873884977,-0.002927290384663675,1.117,0.302,-0.353,-1.152
circle,cell_carpet,0.2,2.1416594107919416,0.9999332427978516,-0.05223165494289109,-0.025729583085703545,1.2603892198631446,-0.10707079698273769,-0.008500649995865417,-0.004259048658392189,1.432,0.527,-0.537,-1.58
circle,cell_carpet,0.2,1.9416903575235092,1.1999022960662842,-0.05223165494289109,-0.025729583085703545,1.2603892198631446,-0.12690505633415905,-4.657196037960443e-05,-0.007397838557752973,1.626,0.705,-0.923,-1.957
circle,cell_carpet,0.2,1.7416724284463607,1.3999202251434326,-0.05223165494289109,-0.025729583085703545,1.2603892198631446,-0.14714098409008847,0.013293175936439194,-0.010203623104407325,1.654,1.304,-1.475,-1.812
circle,cell_carpet,0.2,1.541698606806346,1.5998940467834473,-0.05223165494289109,-0.025729583085703545,1.2603892198631446,-0.16423123294130937,0.029359647486885687,-0.013129799481753093,1.585,1.721,-1.724,-2.134
circle,cell_carpet,0.2,1.341705234842845,1.7998874187469482,-0.05223165494289109,-0.025729583085703545,1.2603892198631446,-0.17502308289760127,0.05445238419800813,-0.013262192709812118,1.655,1.6,-2.039,-1.873
circle,cell_carpet,0.2,1.1416818221383773,1.999910831451416,-0.05223165494289109,-0.025729583085703545,1.2603892198631446,-0.17784210443233428,0.0838484743666763,-0.014437799553114847,1.552,1.665,-1.566,-1.696
circle,cell_carpet,0.2,0.9416214545541488,2.1999711990356445,-0.05223165494289109,-0.025729583085703545,1.2603892198631446,-0.17384272080060414,0.11677156728777238,-0.013848616247228204,1.358,1.852,-1.826,-1.878
circle,cell_carpet,0.2,0.7417048533731185,2.399887800216675,-0.05223165494289109,-0.025729583085703545,1.2603892198631446,-0.16297531979385593,0.146104739162626,-0.015053978088727174,1.123,2.032,-2.013,-2.014
circle,cell_carpet,0.2,0.5416061003976546,2.5999865531921387,-0.05223165494289109,-0.025729583085703545,1.2603892198631446,-0.1446448057057952,0.1763671214416015,-0.01689014983535317,0.958,1.729,-1.524,-1.381
circle,cell_carpet,0.2,0.3416048606210432,2.79998779296875,-0.05223165494289109,-0.025729583085703545,1.2603892198631446,-0.12306108258490467,0.20509655338104138,-0.01666088159937007,0.582,1.857,-1.784,-1.293
circle,cell_carpet,0.2,0.1416787226968489,2.9999139308929443,-0.05223165494289109,-0.025729583085703545,1.2603892198631446,-0.09531965936232778,0.22908654614239332,-0.01609141390906993,0.731,1.767,-1.746,-0.827
circle,cell_carpet,0.2,-0.05840310255949876,3.199995756149292,3.71335568569786,-0.8570999353883975,1.537433047874769,-0.06348026028489084,0.24992856551577658,-0.014713733296835271,0.194,1.265,-1.398,-0.706
circle,cell_carpet,0.2,-0.25836834113066576,3.399960994720459,3.71335568569786,-0.8570999353883975,1.537433047874769,-0.027553431523728134,0.2643968629326199,-0.014490936082412434,0.133,1.154,-1.135,-0.401
circle,cell_carpet,0.2,-0.45829996268217943,3.5998926162719727,3.71335568569786,-0.8570999353883975,1.537433047874769,0.008763754355866571,0.27490600453824243,-0.013753523039772717,-0.129,0.698,-0.767,-0.077
circle,cell_carpet,0.2,-0.6582895199484148,3.799882173538208,3.71335568569786,-0.8570999353883975,1.537433047874769,0.04556606154769738,0.28179427433961246,-0.012930273765161843,-0.608,0.136,-0.123,0.577
circle,cell_carpet,0.2,-0.8582940975851334,3.9998867511749268,3.71335568569786,-0.8570999353883975,1.537433047874769,0.07903377898369895,0.2850116372091913,-0.011576371034583782,-0.988,-0.155,0.41,1.114
circle,cell_carpet,0.2,-1.0583034435934344,4.1998960971832275,3.71335568569786,-0.8570999353883975,1.537433047874769,0.10777703636572988,0.283276090501292,-0.010276368742805214,-1.525,-0.8,0.72,1.54
circle,cell_carpet,0.2,-1.2583344856924332,4.399927139282227,3.71335568569786,-0.8570999353883975,1.537433047874769,0.13168103110598167,0.27484800211020344,-0.00980910837857589,-1.623,-0.873,1.061,1.602
circle,cell_carpet,0.2,-1.4583021084493912,4.599894762039185,3.71335568569786,-0.8570999353883975,1.537433047874769,0.15188077058894373,0.2616232832817398,-0.008559239742299454,-1.514,-1.447,1.566,1.762
circle,cell_carpet,0.2,-1.6584211270040787,4.800013780593872,3.71335568569786,-0.8570999353883975,1.537433047874769,0.16887385560132379,0.24332423145796533,-0.007851221046195789,-1.654,-1.737,1.99,1.704
circle,cell_carpet,0.2,-1.8583668152517594,4.999959468841553,3.71335568569786,-0.8570999353883975,1.537433047874769,0.17782323573405767,0.21748732724049302,-0.007003211029733392,-1.248,-1.481,1.882,1.634
circle,cell_carpet,0.2,-2.0583172718710223,5.199909925460815,3.71335568569786,-0.8570999353883975,1.537433047874769,0.17903346541147913,0.1876356925505901,-0.0043318377758690685,-1.398,-1.425,1.859,1.469
circle,cell_carpet,0.2,-2.2583371082968036,5.399929761886597,3.71335568569786,-0.8570999353883975,1.537433047874769,0.17206624920846592,0.15403781114460935,-0.0030579539930707667,-1.433,-1.625,1.741,1.307
circle,cell_carpet,0.2,-2.458327142400197,5.59991979598999,-0.052109866029201576,-0.02572677658600489,-0.6679097569258953,0.15763376084758207,0.1242576154678745,-0.0036496528877580647,-1.506,-1.687,2.023,1.598
circle,cell_carpet,0.2,-2.6582866589254657,5.799879312515259,-0.052109866029201576,-0.02572677658600489,-0.6679097569258953,0.13772008569923372,0.09619746356949477,-0.0038456340202853573,-1.071,-1.725,1.935,1.005
circle,cell_carpet,0.2,-2.8582933823293963,5.9998860359191895,-0.052109866029201576,-0.02572677658600489,-0.6679097569258953,0.11379031628829883,0.06971621030277231,-0.005039171728011979,-0.956,-1.389,1.703,0.698
circle,cell_carpet,0.2,-3.058354465169362,6.199947118759155,-0.052109866029201576,-0.02572677658600489,-0.6679097569258953,0.08452867274648446,0.044979398686005645,-0.0055514449442891495,-0.495,-1.179,1.544,0.473
figure_eight,cell_carpet,0.2,0.7754613044615156,0.2003331184387207,0.0,0.0,0.0,-7.935773048695083e-07,6.423438811964388e-07,9.362833516199376e-07,0.311,0.236,-0.731,-0.953
figure_eight,cell_carpet,0.2,0.7444403281698183,0.40003442764282227,0.0,0.0,0.0,0.015549679238675784,0.016053294348551517,0.00065540957771211,0.616,2.564,-2.294,-1.186
figure_eight,cell_carpet,0.2,0.6878429501983531,0.6001348495483398,0.0,0.0,0.0,0.045825465132994014,0.04608896425809739,0.0021676177362050103,0.759,1.803,-2.047,-1.104
figure_eight,cell_carpet,0.2,0.5973188487462487,0.7999920845031738,0.0,0.0,0.0,0.07721764785282736,0.07463449056084137,0.0033503105594232946,0.697,1.781,-1.915,-1.035
figure_eight,cell_carpet,0.2,0.45836506108562136,0.9999680519104004,0.0,0.0,0.0,0.11029579924338928,0.10129036581965034,0.006286267236206643,0.596,1.838,-1.536,-0.929
figure_eight,cell_carpet,0.2,0.25050874008211116,1.2000038623809814,0.0,0.0,0.0,0.14134775432764574,0.12156782676819944,0.0099429541735888,0.415,1.379,-1.337,-0.82
figure_eight,cell_carpet,0.2,-0.041903459180162375,1.400010347366333,0.0,0.0,0.0,0.1709433183561056,0.13533577277659914,0.011152298777122989,0.382,1.488,-1.647,-0.917
figure_eight,cell_carpet,0.2,-0.3956529047329826,1.6000022888183594,0.0,0.0,0.0,0.19904238083358572,0.14177137812078644,0.012910686481174417,0.215,1.16,-1.025,-0.323
figure_eight,cell_carpet,0.2,-0.7359692471559531,1.7999958992004395,0.0,0.0,0.0,0.22386549634904063,0.1442580744921409,0.014446214317340243,-0.072,0.544,-0.532,0.069
figure_eight,cell_carpet,0.2,-1.00647057764272,2.000033140182495,0.0,0.0,0.0,0.2461804558543152,0.14382124680634467,0.015355019476156882,-0.772,-0.162,0.143,0.524
figure_eight,cell_carpet,0.2,-1.2067078739539034,2.2000138759613037,0.0,0.0,0.0,0.26414690585826395,0.14055428897153344,0.01641751713135115,-1.359,-0.616,0.644,1.431
figure_eight,cell_carpet,0.2,-1.3592017078263892,2.4001386165618896,0.0,0.0,0.0,0.2765031635096492,0.13456669022611656,0.019549962687211764,-1.767,-1.037,1.449,2.227
figure_eight,cell_carpet,0.2,-1.4848028111896874,2.6000313758850098,0.0,0.0,0.0,0.28821025265404693,0.12222215718820162,0.02327220907098137,-1.589,-1.454,1.867,1.942
figure_eight,cell_carpet,0.2,-1.6000465246998705,2.800015926361084,0.0,0.0,0.0,0.29812253771474534,0.10468184781955914,0.02499852721948488,-1.772,-1.837,2.266,2.092
figure_eight,cell_carpet,0.2,-1.7187991107440344,2.9999969005584717,0.0,0.0,0.0,0.30279473191954187,0.07976084578008813,0.02608759337102682,-1.421,-1.702,1.714,1.54
figure_eight,cell_carpet,0.2,-1.855837798918218,3.2000062465667725,0.0,0.0,0.0,0.30359266551453046,0.04875660076503863,0.027229178197082024,-1.595,-1.202,2.008,1.826
figure_eight,cell_carpet,0.2,-2.029737301755638,3.3999862670898438,0.0,0.0,0.0,0.2993902481235796,0.018078564451031842,0.027590030885684052,-1.131,-1.71,1.714,1.373
figure_eight,cell_carpet,0.2,-2.263597301727981,3.5999886989593506,0.0,0.0,0.0,0.2903946261083441,-0.007614519944374565,0.027242300055752247,-1.1,-1.69,2.036,1.419
figure_eight,cell_carpet,0.2,-2.572922105412322,3.7999894618988037,0.0,0.0,0.0,0.27589635342606705,-0.02872560588389661,0.030150769335206006,-1.336,-1.588,2.177,1.484
figure_eight,cell_carpet,0.2,-2.9304800367313724,4.000003814697266,0.0,0.0,0.0,0.2593552718419062,-0.04560808073908107,0.031680534613989855,-0.624,-1.465,1.875,1.128
figure_eight,cell_carpet,0.2,3.023470419509926,4.200010061264038,0.0,0.0,0.0,0.239306176988744,-0.0561590761845705,0.03250167890211904,-0.502,-1.489,1.695,0.584
figure_eight,cell_carpet,0.2,2.7748848164334046,4.4000160694122314,0.0,0.0,0.0,0.21492164777359285,-0.06208478111357196,0.03033730049168427,-0.279,-1.329,1.335,0.23
figure_eight,cell_carpet,0.2,2.6050043164198247,4.600027799606323,0.0,0.0,0.0,0.18556547437324633,-0.06361382378781599,0.029511507680889518,0.314,-0.6,0.837,-0.121
figure_eight,cell_carpet,0.2,2.4929869208078084,4.800037622451782,0.0,0.0,0.0,0.15199111461965337,-0.06363906253421991,0.02854700902651696,0.812,-0.032,0.039,-0.812
figure_eight,cell_carpet,0.2,2.4211906047204272,5.000026702880859,0.0,0.0,0.0,0.11687670931736799,-0.06048946079498285,0.026167259522395528,1.442,0.433,-0.61,-1.56
figure_eight,cell_carpet,0.2,2.3784511187573285,5.199964284896851,0.0,0.0,0.0,0.07986976860414441,-0.05166211452405933,0.025191595128017105,1.696,0.627,-0.639,-1.54
figure_eight,cell_carpet,0.2,2.358542282384273,5.4000022411346436,0.0,0.0,0.0,0.04061270292440311,-0.035423855628721634,0.02297044020304843,1.85,0.82,-0.955,-1.99
figure_eight,cell_carpet,0.2,2.358760003126472,5.5999932289123535,0.0,0.0,0.0,-7.746173423328617e-05,-0.015167471279278422,0.022027664215447235,1.889,0.881,-1.001,-2.007
figure_eight,cell_carpet,0.2,2.3791287225831836,5.799999713897705,0.0,0.0,0.0,-0.04187398943003784,0.011262652979494803,0.02114395342580977,1.826,0.775,-0.92,-1.826
figure_eight,cell_carpet,0.2,2.4224348565435245,5.999974966049194,0.0,0.0,0.0,-0.08330679185323742,0.03892688745548778,0.019211683684703773,1.818,0.825,-0.965,-2.243
figure_eight,cell_carpet,0.2,2.4949997575056844,6.200010538101196,0.0,0.0,0.0,-0.12417824556919466,0.06388730455612102,0.0167435828349191,1.695,0.753,-1.155,-2.012
figure_eight,cell_carpet,0.2,2.608076086238247,6.399995565414429,0.0,0.0,0.0,-0.16350631880112232,0.08422847691815583,0.01643157160869408,1.975,0.914,-0.96,-1.376
figure_eight,cell_carpet,0.2,2.779477951748425,6.599996328353882,0.0,0.0,0.0,-0.1969511115946898,0.0998492250471249,0.017630912957918903,1.624,0.595,-0.816,-1.709
figure_eight,cell_carpet,0.2,3.0300162019921233,6.800029277801514,0.0,0.0,0.0,-0.23346842498690978,0.11212327341030148,0.015120788378024226,1.559,0.618,-0.999,-1.888
figure_eight,cell_carpet,0.2,-2.922551175432855,7.00000786781311,0.0,0.0,0.0,-0.2632363628697729,0.11567114938037848,0.016040859801849126,1.389,0.605,-0.34,-1.552
figure_eight,cell_carpet,0.2,-2.565319914486207,7.200019359588623,0.0,0.0,0.0,-0.2910538121438748,0.11588060683887813,0.015898443449565987,0.748,0.022,-0.172,-1.167
figure_eight,cell_carpet,0.2,-2.25762897180367,7.400002956390381,0.0,0.0,0.0,-0.31524702248053105,0.11307574792861053,0.016158916022869035,0.087,-0.538,0.474,-0.361
figure_eight,cell_carpet,0.2,-2.0253684594886043,7.599973678588867,0.0,0.0,0.0,-0.33547075317352204,0.10862373033731842,0.018133152141152742,-0.315,-0.928,1.093,0.407
figure_eight,cell_carpet,0.2,-1.8524612841491144,7.800024747848511,0.0,0.0,0.0,-0.3503404115374916,0.09994816168322473,0.019340997648244214,-0.755,-1.379,1.601,0.503
figure_eight,cell_carpet,0.2,-1.7160183607024582,8.000026226043701,0.0,0.0,0.0,-0.3618110914710774,0.0860241533612206,0.021192683400321745,-1.18,-1.356,1.782,1.28
figure_eight,cell_carpet,0.2,-1.59748964219089,8.200017213821411,0.0,0.0,0.0,-0.37179332694969236,0.06694610310177385,0.02304166491207126,-1.631,-1.454,1.808,1.381
figure_eight,cell_carpet,0.2,-1.4821501161549964,8.400032758712769,0.0,0.0,0.0,-0.37633619052159617,0.04342613358876035,0.025170038951758837,-1.801,-1.554,2.127,1.97
figure_eight,cell_carpet,0.2,-1.356093970786733,8.599997282028198,0.0,0.0,0.0,-0.37577885012297263,0.019093012602675263,0.028284564225070388,-1.441,-1.376,1.91,1.776
figure_eight,cell_carpet,0.2,-1.2023950297239134,8.800546884536743,0.0,0.0,0.0,-0.37024311875556204,-0.010495771589392078,0.029700848143763732,-1.536,-1.175,1.971,1.919
figure_eight,cell_carpet,0.2,-1.0013035206766052,8.99997615814209,0.0,0.0,0.0,-0.36084295944607914,-0.036228514908658194,0.03135433046550776,-1.526,-1.479,1.508,1.847
figure_eight,cell_carpet,0.2,-0.7291162020487993,9.199995040893555,0.0,0.0,0.0,-0.3459690572530226,-0.060325697251634613,0.03215953378210639,-1.313,-1.239,1.453,1.655
figure_eight,cell_carpet,0.2,-0.3876729362410538,9.39999008178711,0.0,0.0,0.0,-0.32751997972995306,-0.07935554579393311,0.03168897095764722,-1.661,-0.96,1.208,1.6
figure_eight,cell_carpet,0.2,-0.03455047041243158,9.59999966621399,0.0,0.0,0.0,-0.30808260762453654,-0.09308574258156133,0.030854717556735054,-1.367,-0.509,0.815,1.646
figure_eight,cell_carpet,0.2,0.2560294916856893,9.800018072128296,4.693982467288128,2.6409256557743204,-1.0165092369446995,-0.28485398730509026,-0.099517385269277,0.03179020719662491,-1.179,-0.3,0.437,1.261
figure_eight,cell_carpet,0.2,0.4620618491758247,9.999983310699463,4.693982467288128,2.6409256557743204,-1.0165092369446995,-0.258251452424619,-0.10013723235355954,0.031134987556958368,-0.795,0.061,0.093,0.937
figure_eight,cell_carpet,0.2,0.5997684681458202,10.199984788894653,4.693982467288128,2.6409256557743204,-1.0165092369446995,-0.22650342019333292,-0.09766101875330835,0.03051258423969676,-0.122,0.711,-0.509,0.218
figure_eight,cell_carpet,0.2,0.6894816533516113,10.40003228187561,4.693982467288128,2.6409256557743204,-1.0165092369446995,-0.19359136494479645,-0.09226556995761326,0.02886381958629565,0.207,1.129,-1.015,-0.38
figure_eight,cell_carpet,0.2,0.7453923898539516,10.600019931793213,4.693982467288128,2.6409256557743204,-1.0165092369446995,-0.1581251278917848,-0.08206851763612844,0.027708128834866435,0.696,1.776,-1.506,-0.729
figure_eight,cell_carpet,0.2,0.7759368202819169,10.800042390823364,4.693982467288128,2.6409256557743204,-1.0165092369446995,-0.12132306029493567,-0.06493788264249001,0.024125985614271258,0.629,1.821,-1.607,-0.787
figure_eight,cell_carpet,0.2,2.3660763110541723,0.1997835636138916,0.0,0.0,0.0,8.589322854291037e-05,2.7477497707151244e-06,1.2183472832792697e-05,0.187,0.629,-0.579,-0.209
figure_eight,cell_carpet,0.2,2.3971176014005082,0.3998720645904541,0.0,0.0,0.0,-0.018529499216577094,0.01398612501835883,-0.002336334555027627,2.426,0.695,-0.875,-2.46
figure_eight,cell_carpet,0.2,2.4536405276025093,0.5998303890228271,0.0,0.0,0.0,-0.04937231427511468,0.035942693467572506,-0.005280642250397809,1.774,0.721,-0.954,-2.216
figure_eight,cell_carpet,0.2,2.5441542776285413,0.7997782230377197,0.0,0.0,0.0,-0.0872995369145132,0.05974093429045135,-0.007137786671217228,1.863,0.782,-0.884,-1.97
figure_eight,cell_carpet,0.2,2.6830639962715375,0.9997751712799072,0.0,0.0,0.0,-0.12281458880967466,0.07896222156792898,-0.00559361037797599,1.795,0.919,-0.85,-1.623
figure_eight,cell_carpet,0.2,2.8909038901728215,1.199859380722046,0.0,0.0,0.0,-0.15281070186422585,0.09274162184256785,-0.005380904858019182,1.392,0.482,-0.67,-1.407
figure_eight,cell_carpet,0.2,-3.099931203150989,1.399864673614502,0.0,0.0,0.0,-0.18068231932463297,0.10035075884605993,-0.007391705649189978,1.31,0.486,-0.699,-1.818
figure_eight,cell_carpet,0.2,-2.7462643029612854,1.5998225212097168,0.0,0.0,0.0,-0.21310827676967858,0.10343092307726154,-0.006387259957156048,1.029,0.305,-0.075,-1.185
figure_eight,cell_carpet,0.2,-2.405890920929753,1.7998230457305908,0.0,0.0,0.0,-0.23605563441992405,0.10233061928691078,-0.006195174401483476,0.53,-0.081,0.071,-0.728
figure_eight,cell_carpet,0.2,-2.135397564515653,1.999795913696289,0.0,0.0,0.0,-0.25996567619277977,0.0985575786122812,-0.005371534535331242,-0.133,-0.68,0.785,0.05
figure_eight,cell_carpet,0.2,-1.9350818862912913,2.1997852325439453,0.0,0.0,0.0,-0.27673527570906065,0.09227585831916552,-0.0031741131790321286,-0.446,-1.207,1.491,0.741
figure_eight,cell_carpet,0.2,-1.7826370123096782,2.3997766971588135,0.0,0.0,0.0,-0.28851920261146236,0.08258027491964637,-0.0011030550566361527,-0.969,-1.649,1.961,0.88
figure_eight,cell_carpet,0.2,-1.6569338111242442,2.599787473678589,0.0,0.0,0.0,-0.2995130299595369,0.06742733845486337,0.0019269146941256199,-1.307,-1.276,2.113,1.822
figure_eight,cell_carpet,0.2,-1.5416800175857084,2.7997825145721436,0.0,0.0,0.0,-0.30788731732611785,0.04695521222167853,0.005698549340007502,-1.386,-1.444,1.924,1.722
figure_eight,cell_carpet,0.2,-1.4229318958220678,2.9997758865356445,0.0,0.0,0.0,-0.30928673892044145,0.018980999449067504,0.0061540929534610045,-1.567,-1.444,1.745,1.845
figure_eight,cell_carpet,0.2,-1.2859220003229983,3.1997861862182617,0.0,0.0,0.0,-0.3063588472378388,-0.005796997377366386,0.007899448443430445,-1.55,-1.538,1.863,1.688
figure_eight,cell_carpet,0.2,-1.1120569136192338,3.399784564971924,0.0,0.0,0.0,-0.29797977632816086,-0.036701383554867406,0.008132854801356375,-1.578,-1.176,1.803,1.915
figure_eight,cell_carpet,0.2,-0.8782325282185589,3.59981369972229,0.0,0.0,0.0,-0.28696065148256145,-0.059466281715352065,0.009377707238815293,-1.471,-1.537,1.589,2.139
figure_eight,cell_carpet,0.2,-0.5690111790218588,3.799791097640991,0.0,0.0,0.0,-0.2706866897683825,-0.0791228885298606,0.01035917450380934,-1.614,-1.398,1.595,1.834
figure_eight,cell_carpet,0.2,-0.21149568127602372,3.999789237976074,0.0,0.0,0.0,-0.2521054461852612,-0.0960296107519778,0.011124112516232534,-1.437,-0.581,1.064,1.733
figure_eight,cell_carpet,0.2,0.11781805230243823,4.199801921844482,0.0,0.0,0.0,-0.2316849597055729,-0.10681790590361695,0.010190439599162587,-1.355,-0.552,0.594,1.737
figure_eight,cell_carpet,0.2,0.36644685260097754,4.399762868881226,4.588507345153241,2.5814572930929276,-1.00448776724791,-0.20740875489877653,-0.10892206797843784,0.01045760343840238,-1.189,-0.244,0.396,1.346
figure_eight,cell_carpet,0.2,0.5364336283299646,4.599802732467651,4.588507345153241,2.5814572930929276,-1.00448776724791,-0.18018302401752306,-0.10830659167930612,0.008993374526898003,-0.542,0.349,-0.086,0.875
figure_eight,cell_carpet,0.2,0.6485047345619305,4.799812078475952,4.588507345153241,2.5814572930929276,-1.00448776724791,-0.14848504215221814,-0.10519239292873239,0.008258463504643185,0.013,0.888,-0.728,-0.004
figure_eight,cell_carpet,0.2,0.7203469357857399,4.999829530715942,4.588507345153241,2.5814572930929276,-1.00448776724791,-0.11057839520087431,-0.09800827764489373,0.005834462064612262,0.456,1.401,-1.37,-0.57
figure_eight,cell_carpet,0.2,0.7631233138146554,5.199845314025879,4.588507345153241,2.5814572930929276,-1.00448776724791,-0.07394609108437822,-0.08467399439977141,0.004874646180728075,0.804,1.686,-1.528,-0.973
figure_eight,cell_carpet,0.2,0.7830396723902764,5.3997802734375,4.588507345153241,2.5814572930929276,-1.00448776724791,-0.03657557945625878,-0.06521536545243611,0.001403938447389494,0.785,1.78,-1.892,-1.204
figure_eight,cell_carpet,0.2,0.7828437893533658,5.599771738052368,4.588507345153241,2.5814572930929276,-1.00448776724791,0.0010972619855742494,-0.03746670110322892,-0.0005604351281438651,0.726,2.085,-1.588,-0.961
figure_eight,cell_carpet,0.2,0.7624900776536283,5.7998316287994385,4.588507345153241,2.5814572930929276,-1.00448776724791,0.03895220715485148,-0.006658513116904907,-0.0007647386400458193,0.929,1.572,-1.893,-0.715
figure_eight,cell_carpet,0.2,0.7192117582328893,5.999783992767334,4.588507345153241,2.5814572930929276,-1.00448776724791,0.07753756552050506,0.02412582112233741,-0.0019230598767508642,0.963,1.84,-1.835,-1.203
figure_eight,cell_carpet,0.2,0.6466906455595648,6.199794292449951,4.588507345153241,2.5814572930929276,-1.00448776724791,0.11426348315576396,0.05309036548758839,-0.005112912453394208,0.846,1.632,-1.816,-1.077
figure_eight,cell_carpet,0.2,0.5336625623715017,6.399785041809082,4.588507345153241,2.5814572930929276,-1.00448776724791,0.14995200875977083,0.08195493363663553,-0.005310627365099303,0.878,1.47,-1.422,-0.48
figure_eight,cell_carpet,0.2,0.3623302510876219,6.5997889041900635,4.588507345153241,2.5814572930929276,-1.00448776724791,0.18419214896420594,0.10460703595215737,-0.004340780991484584,1.033,1.733,-1.65,-0.836
figure_eight,cell_carpet,0.2,0.1117317837591546,6.799923658370972,4.588507345153241,2.5814572930929276,-1.00448776724791,0.21593186894788774,0.11798396750468398,-0.0056779425347562515,0.637,1.396,-1.75,-0.824
figure_eight,cell_carpet,0.2,-0.21866454783909142,6.999797105789185,4.588507345153241,2.5814572930929276,-1.00448776724791,0.2453469075256265,0.12776117656434072,-0.005673257421332387,0.45,1.23,-1.19,-0.306
figure_eight,cell_carpet,0.2,-0.575893265661273,7.199797630310059,4.588507345153241,2.5814572930929276,-1.00448776724791,0.27211989986795687,0.13101156199249842,-0.004950803981856516,-0.006,0.79,-0.911,-0.177
figure_eight,cell_carpet,0.2,-0.8837395349449978,7.399836540222168,4.588507345153241,2.5814572930929276,-1.00448776724791,0.2961304312553768,0.1316199543837634,-0.004359522281053949,-0.528,0.158,-0.245,0.529
figure_eight,cell_carpet,0.2,-1.1161832398680438,7.599932432174683,4.588507345153241,2.5814572930929276,-1.00448776724791,0.31599475376348196,0.1298078859768984,-0.003508656157096092,-1.035,-0.371,0.483,1.162
figure_eight,cell_carpet,0.2,-1.2889657875688236,7.799805641174316,4.588507345153241,2.5814572930929276,-1.00448776724791,0.3323841695113866,0.12271411710690094,-0.00031302007083428354,-1.311,-0.64,0.853,1.514
figure_eight,cell_carpet,0.2,-1.4254370987334701,7.9998064041137695,4.588507345153241,2.5814572930929276,-1.00448776724791,0.34560341796976024,0.11106699224623717,0.0014995357041874859,-1.559,-1.339,1.473,1.884
figure_eight,cell_carpet,0.2,-1.5439700239546874,8.199785232543945,4.588507345153241,2.5814572930929276,-1.00448776724791,0.35784790885669526,0.09374687273982407,0.004313201462139017,-1.321,-1.667,1.806,1.867
figure_eight,cell_carpet,0.2,-1.6592922374977093,8.399778604507446,4.588507345153241,2.5814572930929276,-1.00448776724791,0.36519187127941133,0.07116875442584447,0.005992871219247853,-1.657,-1.57,2.179,1.896
figure_eight,cell_carpet,0.2,-1.7853692759607591,8.599807739257812,4.588507345153241,2.5814572930929276,-1.00448776724791,0.36696254067875045,0.043911346696333564,0.004888705828050222,-1.468,-1.841,1.654,1.603
figure_eight,cell_carpet,0.2,-1.9385314810749137,8.799778938293457,4.588507345153241,2.5814572930929276,-1.00448776724791,0.36415945506643843,0.014722086748689911,0.006205646538347737,-1.532,-1.688,2.1,1.669
figure_eight,cell_carpet,0.2,-2.1401054760323146,8.999819040298462,4.588507345153241,2.5814572930929276,-1.00448776724791,0.3574654362914582,-0.013050550130064953,0.005123971286920149,-1.268,-1.873,1.678,1.528
figure_eight,cell_carpet,0.2,-2.412152670554527,9.199786901473999,4.588507345153241,2.5814572930929276,-1.00448776724791,0.34555922688091045,-0.0365372647601061,0.004074191417064967,-1.068,-1.8,1.873,1.541
figure_eight,cell_carpet,0.2,-2.7535436165930918,9.399781942367554,4.588507345153241,2.5814572930929276,-1.00448776724791,0.3293706818368942,-0.0561142230049978,0.0048690223231070695,-0.968,-1.66,1.883,1.181
figure_eight,cell_carpet,0.2,-3.1068434336841113,9.599879503250122,4.588507345153241,2.5814572930929276,-1.00448776724791,0.31272157400139067,-0.06982027336929464,0.005267380751050953,-0.623,-1.702,1.668,0.77
figure_eight,cell_carpet,0.2,2.885758628888501,9.799860000610352,4.588507345153241,2.5814572930929276,-1.00448776724791,0.2894798850726072,-0.07929301840018366,0.002922276632960158,-0.333,-1.477,1.527,0.411
figure_eight,cell_carpet,0.2,2.6796950212993633,9.999788045883179,4.588507345153241,2.5814572930929276,-1.00448776724791,0.2620781931746205,-0.08294559327160955,0.0023421143034386034,0.048,-0.784,1.072,0.062
figure_eight,cell_carpet,0.2,2.5419050025570913,10.199838876724243,4.588507345153241,2.5814572930929276,-1.00448776724791,0.23042800662481172,-0.08349485516814537,0.0019091071383283559,0.752,-0.378,0.304,-0.514
figure_eight,cell_carpet,0.2,2.4521930093559,10.399801254272461,4.588507345153241,2.5814572930929276,-1.00448776724791,0.1959735813342643,-0.08209529222073286,0.0011940002477043646,1.283,0.302,-0.229,-1.146
figure_eight,cell_carpet,0.2,2.3962341448978526,10.599859476089478,4.588507345153241,2.5814572930929276,-1.00448776724791,0.1600159488472866,-0.07684483135063103,-0.0004348534653079404,1.74,0.542,-0.801,-1.702
figure_eight,cell_carpet,0.2,2.3656783690430947,10.799812078475952,4.588507345153241,2.5814572930929276,-1.00448776724791,0.12190277521419818,-0.06431358360431261,-0.0009718524159858105,1.878,0.521,-0.845,-1.789
figure_eight,cell_carpet,0.2,0.7754868015730175,0.20007872581481934,0.0,0.0,0.0,-3.6500394759997334e-06,4.774958294317955e-07,9.370425679833261e-07,0.639,0.054,-0.192,-0.707
figure_eight,cell_carpet,0.2,0.7444341056681288,0.40006351470947266,0.0,0.0,0.0,0.017460445040351824,0.016009903867535424,-0.002047365933596869,0.606,2.574,-2.395,-1.251
figure_eight,cell_carpet,0.2,0.6878779256857434,0.6000373363494873,0.0,0.0,0.0,0.04713764005423848,0.04528454770182788,-0.0031585971142015987,0.763,1.804,-1.824,-1.014
figure_eight,cell_carpet,0.2,0.5973076527639007,0.8000121116638184,0.0,0.0,0.0,0.07884637851334098,0.07617496127645595,-0.002658267546520751,0.786,1.374,-1.516,-0.541
figure_eight,cell_carpet,0.2,0.4582398434448181,1.0001156330108643,0.0,0.0,0.0,0.1105115994316277,0.10217174079227309,-0.0018974493800875403,0.779,1.538,-1.563,-0.693
figure_eight,cell_carpet,0.2,0.2504457508023125,1.200054407119751,0.0,0.0,0.0,0.14092852735512723,0.12028382401762805,-0.0008124046863694848,0.831,1.855,-1.675,-0.85
figure_eight,cell_carpet,0.2,-0.04204289777678519,1.4000942707061768,-0.05311423709489964,-0.026878128803931423,-0.664036492849776,0.16943979257459035,0.13037821209595624,-0.0016472743517606525,0.476,1.226,-1.414,-0.544
figure_eight,cell_carpet,0.2,-0.39567313513890956,1.6000134944915771,-0.055388917851063084,-0.02718483100623048,1.0401535361705143,0.1965805269531744,0.1371136503204704,-0.001216256014832294,0.344,1.111,-1.102,-0.318
figure_eight,cell_carpet,0.2,-0.7365715936618367,1.8003852367401123,-0.055388917851063084,-0.02718483100623048,1.0401535361705143,0.22117490848729587,0.13858611310023194,-0.0009304685368274127,-0.197,0.41,-0.561,0.088
figure_eight,cell_carpet,0.2,-1.0071092119772789,2.0005834102630615,-0.055388917851063084,-0.02718483100623048,1.0401535361705143,0.24239134673582835,0.1376127694561018,-8.620778960899411e-05,-0.716,-0.128,0.118,0.885
figure_eight,cell_carpet,0.2,-1.2067185599220058,2.200026273727417,-0.055388917851063084,-0.02718483100623048,1.0401535361705143,0.2592136731333025,0.13409396804853613,0.0012837757053582727,-1.247,-0.563,0.711,1.413
figure_eight,cell_carpet,0.2,-1.3591229369976203,2.4000227451324463,-0.055388917851063084,-0.02718483100623048,1.0401535361705143,0.273634321105119,0.12408164000366795,0.002108419058201666,-1.604,-1.033,0.98,1.43
figure_eight,cell_carpet,0.2,-1.484816039224479,2.6000537872314453,-0.055388917851063084,-0.02718483100623048,1.0401535361705143,0.2873922090177685,0.11079312842982825,0.0029818147373949916,-1.614,-1.642,1.954,1.557
figure_eight,cell_carpet,0.2,-1.6000855023711003,2.800083875656128,-0.055388917851063084,-0.02718483100623048,1.0401535361705143,0.29781382474591955,0.08866729316971134,0.004420344405520037,-1.351,-1.655,1.538,1.539
figure_eight,cell_carpet,0.2,-1.7188816553629498,3.000128746032715,-0.055388917851063084,-0.02718483100623048,1.0401535361705143,0.302985526656546,0.06274110925843468,0.007286335420905073,-1.599,-1.603,2.088,1.922
figure_eight,cell_carpet,0.2,-1.855924195903872,3.200119972229004,-0.055388917851063084,-0.02718483100623048,1.0401535361705143,0.30233752260613556,0.033794576740010185,0.00688519556131768,-1.267,-1.864,1.757,1.553
figure_eight,cell_carpet,0.2,-2.0299174726037865,3.4001665115356445,-0.055388917851063084,-0.02718483100623048,1.0401535361705143,0.29690485530309835,0.005514925194979647,0.009500177204673558,-1.442,-1.577,2.224,1.537
figure_eight,cell_carpet,0.2,-2.263659675597836,3.600034713745117,-0.055388917851063084,-0.02718483100623048,1.0401535361705143,0.2869793625623723,-0.02062017675661998,0.009718568700403867,-1.396,-1.405,1.742,1.43
figure_eight,cell_carpet,0.2,-2.5730576355734236,3.8000683784484863,-0.055388917851063084,-0.02718483100623048,1.0401535361705143,0.272131458760186,-0.0416320015638465,0.007573134282137347,-1.326,-1.828,1.738,1.486
figure_eight,cell_carpet,0.2,-2.93057026443737,4.000054359436035,-0.055388917851063084,-0.02718483100623048,1.0401535361705143,0.2552284817711143,-0.05893172070394015,0.0054409407776543,-0.815,-1.784,1.598,0.703
figure_eight,cell_carpet,0.2,3.023418163980748,4.200045824050903,-0.055388917851063084,-0.02718483100623048,1.0401535361705143,0.2350506813630201,-0.07035438553209639,0.004572166755634509,-0.698,-1.517,1.574,0.616
figure_eight,cell_carpet,0.2,2.774838874786314,4.400060653686523,-0.055388917851063084,-0.02718483100623048,1.0401535361705143,0.21057963999960816,-0.07693978363919318,0.005313481750657399,-0.057,-1.14,1.378,0.371
figure_eight,cell_carpet,0.2,2.6049710569589384,4.600076198577881,-0.055388917851063084,-0.02718483100623048,1.0401535361705143,0.1819282839346819,-0.07813876614342752,0.005692111377250321,0.253,-0.534,0.705,-0.24
figure_eight,cell_carpet,0.2,2.492980836901801,4.800051212310791,-0.055388917851063084,-0.02718483100623048,1.0401535361705143,0.14885555249503268,-0.07916301379469437,0.005178525636072007,1.043,-0.043,0.03,-0.839
figure_eight,cell_carpet,0.2,2.421173883040601,5.000086545944214,-0.055388917851063084,-0.02718483100623048,1.0401535361705143,0.11304668314076877,-0.07549111456117308,0.004584350059765686,1.332,0.249,-0.539,-1.384
figure_eight,cell_carpet,0.2,2.3784189684806885,5.200174331665039,-0.055388917851063084,-0.02718483100623048,1.0401535361705143,0.07610136662690997,-0.0673835487997716,0.0023848668337383694,1.695,0.641,-0.81,-1.93
figure_eight,cell_carpet,0.2,2.3585365924861996,5.400120496749878,4.768846306002311,2.683859230704432,-1.0067742423864618,0.0365232495203035,-0.051584230416464316,0.001989406689839296,1.671,0.604,-0.918,-1.842
figure_eight,cell_carpet,0.2,2.3587675828768115,5.600143671035767,4.768846306002311,2.683859230704432,-1.0067742423864618,-0.004467017385418881,-0.029432334844400443,-0.0009173503550212181,1.594,0.69,-0.929,-1.818
figure_eight,cell_carpet,0.2,2.379139445479622,5.800068616867065,4.768846306002311,2.683859230704432,-1.0067742423864618,-0.0469686527439388,-0.004337002545560242,-0.0017100525636300004,1.974,0.938,-0.955,-1.714
figure_eight,cell_carpet,0.2,2.4224570953887117,6.000053644180298,4.768846306002311,2.683859230704432,-1.0067742423864618,-0.08785116555085204,0.021795947917412684,-5.0600254724197935e-05,1.928,0.836,-0.898,-1.557
figure_eight,cell_carpet,0.2,2.4950109688095834,6.200035333633423,4.768846306002311,2.683859230704432,-1.0067742423864618,-0.12928344289312332,0.04852854278319341,0.000645629295699536,1.698,0.721,-0.718,-1.635
figure_eight,cell_carpet,0.2,2.608105193700325,6.400037527084351,4.768846306002311,2.683859230704432,-1.0067742423864618,-0.16830070726816282,0.07114512673507056,-0.0012237520415544975,1.587,0.686,-1.005,-2.02
figure_eight,cell_carpet,0.2,2.7795356939771345,6.6000518798828125,4.768846306002311,2.683859230704432,-1.0067742423864618,-0.20448608656818223,0.08728546894625167,-0.002992758554548336,1.651,0.598,-0.73,-1.665
figure_eight,cell_carpet,0.2,3.031243217437827,6.800863027572632,4.768846306002311,2.683859230704432,-1.0067742423864618,-0.2381005688844482,0.09785016561665594,-0.0008948620295017792,1.453,0.547,-0.597,-1.479
figure_eight,cell_carpet,0.2,-2.9224987266574285,7.00003719329834,4.768846306002311,2.683859230704432,-1.0067742423864618,-0.26838338918531535,0.1025631470045334,-0.00226193260224377,1.203,0.324,-0.557,-1.455
figure_eight,cell_carpet,0.2,-2.5653264424868483,7.200015544891357,4.768846306002311,2.683859230704432,-1.0067742423864618,-0.29545638675033536,0.1026349689187902,-0.001615416698410442,0.874,0.061,-0.072,-0.916
figure_eight,cell_carpet,0.2,-2.257614201869755,7.4000139236450195,4.768846306002311,2.683859230704432,-1.0067742423864618,-0.32001852781074946,0.09987869993910603,-0.0014907967104558495,0.13,-0.55,0.441,-0.28
figure_eight,cell_carpet,0.2,-2.0253263242552966,7.600016117095947,4.768846306002311,2.683859230704432,-1.0067742423864618,-0.3398233239018795,0.09468692896696007,-0.00024175599187573754,-0.366,-1.079,1.193,0.343
figure_eight,cell_carpet,0.2,-1.852448673587185,7.800041437149048,4.768846306002311,2.683859230704432,-1.0067742423864618,-0.3540803672032262,0.08830515592506882,0.0029433923271543552,-0.604,-1.595,1.855,1.034
figure_eight,cell_carpet,0.2,-1.7160061600817764,8.000045776367188,4.768846306002311,2.683859230704432,-1.0067742423864618,-0.365393566233566,0.07765036888550447,0.004449396778475102,-1.433,-1.962,1.973,1.425
figure_eight,cell_carpet,0.2,-1.5974591636501994,8.20007038116455,4.768846306002311,2.683859230704432,-1.0067742423864618,-0.37471805110795475,0.06077356140194912,0.0068898817498742465,-1.455,-1.669,2.174,1.898
figure_eight,cell_carpet,0.2,-1.482125722533965,8.400074005126953,4.768846306002311,2.683859230704432,-1.0067742423864618,-0.380099047680731,0.03836910158333706,0.011122674756181748,-1.576,-1.505,2.123,1.961
figure_eight,cell_carpet,0.2,-1.3558034912776422,8.600422620773315,4.768846306002311,2.683859230704432,-1.0067742423864618,-0.37904572314410623,0.008549574080798483,0.011852865136902715,-1.56,-1.447,1.702,1.842
figure_eight,cell_carpet,0.2,-1.202694995450687,8.800201177597046,4.768846306002311,2.683859230704432,-1.0067742423864618,-0.3749347577203175,-0.019759484609697564,0.013839153158761618,-1.555,-1.378,1.897,1.912
figure_eight,cell_carpet,0.2,-1.0012697943155462,9.000005006790161,4.768846306002311,2.683859230704432,-1.0067742423864618,-0.36510891772559484,-0.048343762380182786,0.014542200151620308,-1.548,-1.276,1.868,1.897
figure_eight,cell_carpet,0.2,-0.729080592304354,9.200017929077148,4.768846306002311,2.683859230704432,-1.0067742423864618,-0.3521287579744654,-0.06937348662788656,0.01543461469838665,-1.833,-1.453,1.724,2.13
figure_eight,cell_carpet,0.2,-0.3875992652759394,9.400030851364136,4.768846306002311,2.683859230704432,-1.0067742423864618,-0.33553047383427403,-0.08625830650738042,0.015967070671856372,-1.545,-1.058,1.266,2.07
figure_eight,cell_carpet,0.2,-0.03447791723795219,9.600043535232544,4.768846306002311,2.683859230704432,-1.0067742423864618,-0.3169031616865259,-0.09817913004307377,0.01622767596105954,-1.493,-0.637,1.081,1.835
figure_eight,cell_carpet,0.2,0.2560775392891377,9.80005693435669,4.768846306002311,2.683859230704432,-1.0067742423864618,-0.29443050585508834,-0.10400772224954158,0.01558460178039809,-1.333,-0.489,0.546,1.566
figure_eight,cell_carpet,0.2,0.4621448351051841,10.000082015991211,4.768846306002311,2.683859230704432,-1.0067742423864618,-0.2672919763245104,-0.1068383818510148,0.014797174214040039,-0.854,0.02,0.146,1.083
figure_eight,cell_carpet,0.2,0.5997832554740857,10.200011491775513,4.768846306002311,2.683859230704432,-1.0067742423864618,-0.23573107742721522,-0.10495608932901634,0.013891647000105804,-0.153,0.498,-0.377,0.453
figure_eight,cell_carpet,0.2,0.6895266590794858,10.400159120559692,4.768846306002311,2.683859230704432,-1.0067742423864618,-0.20131015805110775,-0.10052294763891123,0.012148131579835693,0.344,0.901,-1.029,-0.103
figure_eight,cell_carpet,0.2,0.7453956613266443,10.600035429000854,4.768846306002311,2.683859230704432,-1.0067742423864618,-0.16577044226468085,-0.09135512110803035,0.008935926426795943,0.577,1.255,-1.63,-0.589
figure_eight,cell_carpet,0.2,0.775936843596515,10.800042629241943,4.768846306002311,2.683859230704432,-1.0067742423864618,-0.1284607469133715,-0.07469367049070563,0.007985528557787131,0.871,1.6,-1.589,-0.678
figure_eight,cell_carpet,0.2,2.3660967796745913,0.19998812675476074,0.0006696110869977082,0.0004736204862317295,-0.010850433836073536,1.356298120480659e-06,1.5264133812475933e-06,0.0,0.12,0.549,-0.561,-0.12
figure_eight,cell_carpet,0.2,2.3971432986387513,0.3999922275543213,0.0006696110869977082,0.0004736204862317295,-0.010850433836073536,-0.01705215503304025,0.0119685289901591,-0.0012838932996044501,2.275,0.979,-0.831,-2.268
figure_eight,cell_carpet,0.2,2.4537102817139393,0.600024938583374,0.0005885443243134128,0.0005625515503673365,0.007214306406657212,-0.05041345455801349,0.03656568527720394,-0.002354078081237259,1.456,0.839,-0.77,-1.757
figure_eight,cell_carpet,0.2,2.5444317924850686,0.8002746105194092,0.0005885443243134128,0.0005625515503673365,0.007214306406657212,-0.08592420434115322,0.06121372679146242,-0.0036378767317313647,1.752,0.718,-0.853,-1.929
figure_eight,cell_carpet,0.2,2.683257528042878,1.0000033378601074,0.0005885443243134128,0.0005625515503673365,0.007214306406657212,-0.12012196994930169,0.08058205189778378,-0.006410505217688437,1.677,0.675,-0.876,-1.963
figure_eight,cell_carpet,0.2,2.891089261436209,1.2000081539154053,0.0005885443243134128,0.0005625515503673365,0.007214306406657212,-0.15267395276153772,0.09284653874552073,-0.007235026435001641,1.633,0.699,-0.569,-1.565
figure_eight,cell_carpet,0.2,-3.0996317566501532,1.4000449180603027,0.0005885443243134128,0.0005625515503673365,0.007214306406657212,-0.18301943414250965,0.10065817410023403,-0.0052027250935884305,1.266,0.362,-0.563,-1.621
figure_eight,cell_carpet,0.2,-2.7459677271591607,1.5999867916107178,0.0005885443243134128,0.0005625515503673365,0.007214306406657212,-0.2130138672682671,0.10326772767327907,-0.006531374073648264,0.953,0.303,-0.288,-1.315
figure_eight,cell_carpet,0.2,-2.40554039617332,1.8000495433807373,0.0028564621575316376,0.00044694466489685405,-0.47912206061582796,-0.2358114509854533,0.10164676195519495,-0.005972936843532482,0.454,-0.122,0.09,-0.592
figure_eight,cell_carpet,0.2,-2.1351677530016935,1.9999938011169434,0.0028564621575316376,0.00044694466489685405,-0.47912206061582796,-0.2570996726168461,0.09791040507536608,-0.005084661606855636,-0.207,-0.967,0.854,-0.022
figure_eight,cell_carpet,0.2,-1.9349018364633253,2.1999940872192383,0.0028564621575316376,0.00044694466489685405,-0.47912206061582796,-0.2743344993876431,0.09342515696560971,-0.004327544682535007,-0.763,-1.377,1.517,0.658
figure_eight,cell_carpet,0.2,-1.7825082948254565,2.39996600151062,0.0028564621575316376,0.00044694466489685405,-0.47912206061582796,-0.28685580963013313,0.08328028455338177,-0.0025771067839723168,-1.116,-1.805,1.867,1.089
figure_eight,cell_carpet,0.2,-1.656818269036788,2.5999832153320312,0.0028564621575316376,0.00044694466489685405,-0.47912206061582796,-0.29943659314834303,0.06780063849163653,-0.0018770912240503833,-1.729,-1.669,1.862,1.59
figure_eight,cell_carpet,0.2,-1.5415515994084559,2.80000638961792,0.0028564621575316376,0.00044694466489685405,-0.47912206061582796,-0.3060469450427624,0.05004620081049427,0.0010637003432934812,-1.578,-1.737,2.028,2.235
figure_eight,cell_carpet,0.2,-1.4227771241031941,3.000023126602173,0.0028564621575316376,0.00044694466489685405,-0.47912206061582796,-0.3086530256216856,0.02456330734429213,0.005046057887677632,-1.561,-1.469,2.163,1.795
figure_eight,cell_carpet,0.2,-1.2857720602126834,3.199983596801758,0.0028564621575316376,0.00044694466489685405,-0.47912206061582796,-0.305457217131028,-0.005878966282710674,0.007298435257314936,-1.605,-1.548,1.796,1.983
figure_eight,cell_carpet,0.2,-1.1118582112946125,3.3999834060668945,0.0028564621575316376,0.00044694466489685405,-0.47912206061582796,-0.29743135854648295,-0.03694259041047743,0.00831546384894885,-1.361,-1.453,1.515,1.812
figure_eight,cell_carpet,0.2,-0.8780163576626195,3.599973201751709,5.144925428782248,2.882660749599034,-0.6847758549094346,-0.2850725867734606,-0.06351328818345181,0.009896822361935155,-1.517,-1.217,1.93,2.034
figure_eight,cell_carpet,0.2,-0.5686103590824764,3.8000245094299316,5.144925428782248,2.882660749599034,-0.6847758549094346,-0.2704664728041456,-0.08022733145018324,0.010384269541046789,-1.823,-1.43,1.773,2.187
figure_eight,cell_carpet,0.2,-0.21112155461752893,3.9999988079071045,5.144925428782248,2.882660749599034,-0.6847758549094346,-0.2530707125730757,-0.09450987818067591,0.010310214770670012,-1.721,-0.923,1.052,1.912
figure_eight,cell_carpet,0.2,0.11811038911077054,4.200001955032349,5.144925428782248,2.882660749599034,-0.6847758549094346,-0.23335105789261512,-0.10420469113186137,0.01085016079765896,-1.542,-0.528,0.872,1.91
figure_eight,cell_carpet,0.2,0.3666621372479854,4.3999717235565186,5.144925428782248,2.882660749599034,-0.6847758549094346,-0.20604921754738637,-0.10990755384591122,0.009575297242489133,-1.151,-0.149,0.482,1.45
figure_eight,cell_carpet,0.2,0.5366592757034574,4.600131034851074,5.144925428782248,2.882660749599034,-0.6847758549094346,-0.17918107741000355,-0.10946580544087281,0.009234089162471724,-0.56,0.188,0.0,0.874
figure_eight,cell_carpet,0.2,0.6485892946470413,4.800000905990601,5.144925428782248,2.882660749599034,-0.6847758549094346,-0.14395037425325308,-0.1063216515716594,0.00839607720353517,-0.036,0.88,-0.733,0.05
figure_eight,cell_carpet,0.2,0.7204959501501613,5.000362873077393,5.144925428782248,2.882660749599034,-0.6847758549094346,-0.11154956309337893,-0.09993323247603625,0.007284375112559211,0.448,1.397,-1.18,-0.393
figure_eight,cell_carpet,0.2,0.7631600762823121,5.200085401535034,5.144925428782248,2.882660749599034,-0.6847758549094346,-0.07506911202686084,-0.08784743021556896,0.004090029401610094,0.534,1.513,-1.606,-0.753
figure_eight,cell_carpet,0.2,0.7830487524443959,5.39996862411499,5.144925428782248,2.882660749599034,-0.6847758549094346,-0.037850058553000054,-0.06804615816528559,0.0033270977880827043,0.888,1.996,-1.824,-0.857
figure_eight,cell_carpet,0.2,0.7828202479276882,5.600239276885986,5.144925428782248,2.882660749599034,-0.6847758549094346,0.003601877370892792,-0.04169270759972454,0.0003561250930780441,0.865,1.435,-1.955,-1.127
figure_eight,cell_carpet,0.2,0.7624594047140485,5.8000288009643555,5.144925428782248,2.882660749599034,-0.6847758549094346,0.03836072816607228,-0.013784403661788125,-0.002308160210087163,0.649,2.02,-1.54,-1.008
figure_eight,cell_carpet,0.2,0.7190866170352446,6.000226736068726,5.144925428782248,2.882660749599034,-0.6847758549094346,0.07604378025106895,0.019343037666975094,-0.002906961432779808,0.759,1.728,-1.402,-0.947
figure_eight,cell_carpet,0.2,0.6465703650522497,6.2000603675842285,5.144925428782248,2.882660749599034,-0.6847758549094346,0.11330099459616871,0.05056084543428352,-0.0022331921131008466,0.915,2.121,-1.509,-0.929
figure_eight,cell_carpet,0.2,0.5334919254041688,6.400031089782715,5.144925428782248,2.882660749599034,-0.6847758549094346,0.14910568235726024,0.07533611117842132,-0.0030634537424328832,0.897,1.812,-1.853,-1.35
figure_eight,cell_carpet,0.2,0.3616937602009587,6.600401163101196,5.144925428782248,2.882660749599034,-0.6847758549094346,0.18378080960085286,0.0976600137380167,-0.0044671630125271665,0.53,1.362,-1.399,-0.847
figure_eight,cell_carpet,0.2,0.11162834852039855,6.799993991851807,5.144925428782248,2.882660749599034,-0.6847758549094346,0.21613500913749106,0.11565055159533633,-0.0036191355333131774,0.606,1.598,-1.498,-0.786
figure_eight,cell_carpet,0.2,-0.21902484818932508,6.999998569488525,5.144925428782248,2.882660749599034,-0.6847758549094346,0.24548812981372575,0.12384536167904214,-0.0035591636202255104,0.263,1.268,-1.372,-0.718
figure_eight,cell_carpet,0.2,-0.5762527470380479,7.200007677078247,5.144925428782248,2.882660749599034,-0.6847758549094346,0.27479953154682,0.1288369181775063,-0.003837469771433063,0.028,0.701,-0.829,-0.07
figure_eight,cell_carpet,0.2,-0.883977809553936,7.400013446807861,5.144925428782248,2.882660749599034,-0.6847758549094346,0.29710893794745646,0.12942985498626702,-0.0035310517450163094,-0.462,0.112,-0.18,0.476
figure_eight,cell_carpet,0.2,-1.1162949702911897,7.6000449657440186,5.144925428782248,2.882660749599034,-0.6847758549094346,0.3177280677560315,0.12719228046952924,-0.0031880847720185367,-1.067,-0.469,0.326,0.947
figure_eight,cell_carpet,0.2,-1.289193879343971,7.800107479095459,5.144925428782248,2.882660749599034,-0.6847758549094346,0.3330842705816484,0.1224948539460371,-0.002472152298415988,-1.674,-0.786,1.031,1.705
figure_eight,cell_carpet,0.2,-1.4255762271432795,8.00002932548523,5.144925428782248,2.882660749599034,-0.6847758549094346,0.3463842913744011,0.11147791585562672,-0.0018339840034507261,-1.616,-1.326,1.439,1.6
figure_eight,cell_carpet,0.2,-1.5440778630188166,8.199973344802856,5.144925428782248,2.882660749599034,-0.6847758549094346,0.36010792107346185,0.09568056137530034,-0.001464758911087858,-1.706,-1.76,2.084,1.725
figure_eight,cell_carpet,0.2,-1.659425194266008,8.400003433227539,5.144925428782248,2.882660749599034,-0.6847758549094346,0.36788291811518387,0.07360883396930817,-0.0004751400154417093,-1.269,-1.713,1.622,1.59
figure_eight,cell_carpet,0.2,-1.785508287536879,8.600011348724365,5.144925428782248,2.882660749599034,-0.6847758549094346,0.3728960050915406,0.05481372735701728,0.0028697209966861564,-0.681,-0.56,0.903,0.934
figure_eight,cell_carpet,0.2,-1.9386939702652277,8.79996633529663,5.144925428782248,2.882660749599034,-0.6847758549094346,0.3706443510468045,0.04524429423939491,0.0046777030428936835,-1.778,-1.76,2.11,2.034
figure_eight,cell_carpet,0.2,-2.140304741620893,8.99998950958252,5.144925428782248,2.882660749599034,-0.6847758549094346,0.3634870243532347,0.017894803144905214,0.004375898271816423,-1.491,-1.762,1.85,1.571
figure_eight,cell_carpet,0.2,-2.4124553087204115,9.199981451034546,5.144925428782248,2.882660749599034,-0.6847758549094346,0.35178167421231527,-0.004851960580548154,0.0036635731480167168,-1.316,-1.857,1.994,1.433
figure_eight,cell_carpet,0.2,-2.7539205789941574,9.399990558624268,5.144925428782248,2.882660749599034,-0.6847758549094346,0.33687533450929136,-0.022803619801255448,0.0045005564885625265,-1.075,-1.897,2.034,1.188
figure_eight,cell_carpet,0.2,-3.1070264103117595,9.599990129470825,5.144925428782248,2.882660749599034,-0.6847758549094346,0.3183165391737402,-0.03814456973387237,0.005182903028533779,-0.515,-1.617,1.804,0.887
figure_eight,cell_carpet,0.2,2.885622120538537,9.799970388412476,5.144925428782248,2.882660749599034,-0.6847758549094346,0.2979847567127011,-0.045931112510512295,0.00352392145772017,-0.394,-1.451,1.477,0.231
figure_eight,cell_carpet,0.2,2.679543233692335,9.999968528747559,5.144925428782248,2.882660749599034,-0.6847758549094346,0.27394321476854844,-0.050595803642695114,0.0032493058547847023,0.015,-0.934,1.052,0.078
figure_eight,cell_carpet,0.2,2.541817451823633,10.199996948242188,5.144925428782248,2.882660749599034,-0.6847758549094346,0.24014303305632184,-0.05168628545644527,0.0026372857387406065,0.587,-0.346,0.408,-0.576
figure_eight,cell_carpet,0.2,2.45212098452546,10.400004148483276,5.144925428782248,2.882660749599034,-0.6847758549094346,0.20627170280623408,-0.05094565102676063,0.002024338459330803,1.279,0.348,-0.268,-1.119
figure_eight,cell_carpet,0.2,2.39619150659252,10.600061416625977,5.144925428782248,2.882660749599034,-0.6847758549094346,0.16943017843471714,-0.04439162264925478,-0.00012745438990893407,1.541,0.529,-0.665,-1.673
figure_eight,cell_carpet,0.2,2.3656589810505273,10.800010204315186,5.144925428782248,2.882660749599034,-0.6847758549094346,0.1315792077109496,-0.03380088004782089,-0.00041984793341900625,1.934,0.76,-0.806,-1.672
circle,rubber_carpet,0.2,0.2000365257263184,0.20003652572631836,0.0,0.0,0.0,-1.4763684165780555e-05,-3.8035823624327225e-05,5.144356620584434e-05,-1.554,-1.516,2.34,2.367
circle,rubber_carpet,0.2,0.40000629425048834,0.4000062942504883,0.0,0.0,0.0,0.016883610779650338,-0.0033383892469125986,0.0017005401445383123,-1.847,0.144,0.357,2.588
circle,rubber_carpet,0.2,0.599989652633667,0.599989652633667,0.0,0.0,0.0,0.04640680021470267,-0.008499042377898447,0.004121667390310196,-0.938,0.493,0.082,1.538
circle,rubber_carpet,0.2,0.7999894618988036,0.7999894618988037,0.0,0.0,0.0,0.0777467072710519,-0.011988628116260003,0.0054643050680033,-0.195,0.933,-0.386,0.728
circle,rubber_carpet,0.2,0.9999878406524659,0.9999878406524658,0.0,0.0,0.0,0.10562201389298412,-0.012525973583265848,0.008110618323932423,0.484,1.607,-1.053,0.148
circle,rubber_carpet,0.2,1.1999945640563965,1.1999945640563965,0.0,0.0,0.0,0.12801840436742976,-0.010514188718619644,0.010568293196753335,0.763,1.862,-1.917,-0.628
circle,rubber_carpet,0.2,1.3999924659729004,1.3999924659729004,0.0,0.0,0.0,0.14242722478279465,-0.006003397847667236,0.01599213378877521,1.414,2.712,-2.581,-1.276
circle,rubber_carpet,0.2,1.6003158092498782,1.600315809249878,0.0,0.0,0.0,0.15240017003817544,0.0013595356808316916,0.01996506476999243,2.049,2.6,-2.76,-1.99
circle,rubber_carpet,0.2,1.800004005432129,1.800004005432129,0.0,0.0,0.0,0.159459757977,0.011760709434630812,0.024381797800897817,2.76,2.75,-2.715,-2.9
circle,rubber_carpet,0.2,2.000448226928711,2.000448226928711,0.0,0.0,0.0,0.1600931438604277,0.021895864129152898,0.027529117367391727,3.017,2.822,-3.088,-3.559
circle,rubber_carpet,0.2,2.199995994567871,2.199995994567871,0.0,0.0,0.0,0.15222257948469622,0.03947750432870162,0.03396457348512612,2.812,2.203,-2.824,-2.968
circle,rubber_carpet,0.2,2.399986743927002,2.399986743927002,0.0,0.0,0.0,0.1383846189973443,0.06172474664133909,0.03851778723199763,2.425,1.909,-2.523,-3.367
circle,rubber_carpet,0.2,2.5999972820281982,2.5999972820281982,0.0,0.0,0.0,0.1186122152938259,0.08483964195172511,0.041148432112820744,2.543,1.614,-1.842,-3.226
circle,rubber_carpet,0.2,2.7999866008758545,2.7999866008758545,0.0,0.0,0.0,0.09548868960025203,0.10758247043856128,0.04193569590671621,2.696,1.099,-1.356,-3.041
circle,rubber_carpet,0.2,3.0000166893005376,3.000016689300537,0.0,0.0,0.0,0.06749657444370286,0.1259833892821843,0.04336968354077517,2.571,1.061,-1.025,-2.692
circle,rubber_carpet,0.2,-3.083145205174582,3.200040102005005,0.0,0.0,0.0,0.03570404570262159,0.13847172188377335,0.04260863235571766,2.428,1.059,-0.835,-2.611
circle,rubber_carpet,0.2,-2.8831732908832,3.4000120162963867,0.0,0.0,0.0,0.0002514630248563743,0.14689375682401096,0.04282138775145864,2.086,0.563,-0.342,-2.129
circle,rubber_carpet,0.2,-2.683198992406026,3.5999863147735596,0.0,0.0,0.0,-0.03608362613180298,0.1523361109066427,0.04173231779601131,1.58,0.102,-0.253,-1.803
circle,rubber_carpet,0.2,-2.4831956068622034,3.799989700317383,0.0,0.0,0.0,-0.07216230819122381,0.15452271102091023,0.04156924123332292,0.999,-0.411,0.328,-1.135
circle,rubber_carpet,0.2,-2.283182207738058,4.000003099441528,0.0,0.0,0.0,-0.1050239568181578,0.15511564221200563,0.04121778561621694,0.08,-0.878,1.006,-0.418
circle,rubber_carpet,0.2,-2.083168808613913,4.200016498565674,0.0,0.0,0.0,-0.13258604799448478,0.15268016719433955,0.03948305192491646,-0.336,-1.612,1.816,0.325
circle,rubber_carpet,0.2,-1.8831768671618863,4.4000084400177,4.484877719077433,2.5232786386900625,2.2350794426274083,-0.1529003249904514,0.14909129993816297,0.03846155908963113,-1.099,-2.346,2.421,0.901
circle,rubber_carpet,0.2,-1.6831596533404751,4.600025653839111,4.484877719077433,2.5232786386900625,2.2350794426274083,-0.16803233029608083,0.14204945438060834,0.03661639363910419,-1.51,-2.458,2.626,1.495
circle,rubber_carpet,0.2,-1.4831858317004605,4.799999475479126,4.484877719077433,2.5232786386900625,2.2350794426274083,-0.17855910817977402,0.13284397693367,0.037076503517583195,-2.528,-2.843,2.748,2.27
circle,rubber_carpet,0.2,-1.2831972281085415,4.999988079071045,4.484877719077433,2.5232786386900625,2.2350794426274083,-0.18479782747921616,0.12246022097600581,0.0372245647611697,-2.999,-2.699,3.21,3.13
circle,rubber_carpet,0.2,-1.0831969420062466,5.19998836517334,4.484877719077433,2.5232786386900625,2.2350794426274083,-0.1832560331102884,0.10722865372654752,0.028673871338870414,-2.158,-2.205,3.295,3.546
circle,rubber_carpet,0.2,-0.8832169214831763,5.399968385696411,4.484877719077433,2.5232786386900625,2.2350794426274083,-0.17390685655608223,0.09110883156036317,0.021824925607259918,-2.928,-2.67,3.278,3.583
circle,rubber_carpet,0.2,-0.6831832567798061,5.60000205039978,4.484877719077433,2.5232786386900625,2.2350794426274083,-0.15890455760455308,0.07155299324495101,0.018508947781732087,-2.971,-2.304,2.704,3.586
circle,rubber_carpet,0.2,-0.4831491152392789,5.800036191940308,4.484877719077433,2.5232786386900625,2.2350794426274083,-0.14003647100133218,0.048745193890100014,0.017788888274921928,-2.959,-1.565,1.957,3.422
circle,rubber_carpet,0.2,-0.28317696252931707,6.0000083446502686,4.484877719077433,2.5232786386900625,2.2350794426274083,-0.11678362771598444,0.027538790180577644,0.016719616413926025,-2.737,-1.302,1.612,3.437
circle,rubber_carpet,0.2,-0.08319789568056303,6.199987411499023,4.484877719077433,2.5232786386900625,2.2350794426274083,-0.08809719215904177,0.007931231485885426,0.01616721392155227,-2.244,-0.846,1.257,2.965
circle,rubber_carpet,0.2,2.9415926059060773,0.20000004768371582,0.0,0.0,0.0,1.2912421929078821e-05,-1.5818267924572194e-05,-1.8727661165798826e-06,-2.084,-1.447,1.749,2.514
circle,rubber_carpet,0.2,2.7415203173928937,0.4000723361968994,0.0,0.0,0.0,-0.015232802242353752,0.0003850214193805712,0.000978544365105992,-0.14,-1.936,2.214,0.355
circle,rubber_carpet,0.2,2.5416068156533917,0.5999858379364014,0.0,0.0,0.0,-0.040242437871733344,0.0019669709901936616,0.002281158646458066,0.437,-1.317,1.551,-0.136
circle,rubber_carpet,0.2,2.341597946482249,0.799994707107544,0.0,0.0,0.0,-0.06667802876119568,0.005168295445139026,0.002601440192521058,0.85,-0.337,0.626,-0.489
circle,rubber_carpet,0.2,2.1415704806619367,1.0000221729278564,0.0,0.0,0.0,-0.0900275779142473,0.009333063473113912,0.003832977565792123,1.588,0.088,0.005,-1.358
circle,rubber_carpet,0.2,1.941617401438304,1.1999752521514893,0.0,0.0,0.0,-0.10869492654211237,0.01568151534013451,0.0058073303112898544,1.971,0.734,-0.697,-1.891
circle,rubber_carpet,0.2,1.7415591796212877,1.4000334739685059,0.0,0.0,0.0,-0.12014541991537694,0.022727544623592888,0.007618867982334014,3.0,1.247,-1.302,-2.809
circle,rubber_carpet,0.2,1.5415546019845685,1.6000380516052246,0.0,0.0,0.0,-0.12564427347777984,0.02883754417513007,0.00898932344583591,2.967,2.197,-2.073,-3.196
circle,rubber_carpet,0.2,1.3415917475991925,1.8000009059906006,0.0,0.0,0.0,-0.12948416220876469,0.035436457758883544,0.01138663525470314,3.055,2.961,-3.07,-3.483
circle,rubber_carpet,0.2,1.141556652384349,2.0000360012054443,0.0,0.0,0.0,-0.1269457750918456,0.04805836858515877,0.01956289470962368,2.59,2.508,-3.625,-3.345
circle,rubber_carpet,0.2,0.941539915400096,2.2000527381896973,0.0,0.0,0.0,-0.11678498661115806,0.06392639056181182,0.02250841861482991,2.97,2.984,-3.003,-3.173
circle,rubber_carpet,0.2,0.7415472586923322,2.400045394897461,0.0,0.0,0.0,-0.09981424288693462,0.08283526635554639,0.022887053205638157,2.471,3.063,-3.154,-2.615
circle,rubber_carpet,0.2,0.5415863116555896,2.600006341934204,0.0,0.0,0.0,-0.07811472186523041,0.102453384896696,0.022917044233602902,1.9,2.86,-3.173,-2.115
circle,rubber_carpet,0.2,0.3416074832254134,2.79998517036438,0.0,0.0,0.0,-0.053381846825595804,0.1215343211806594,0.022172899223086906,1.516,2.932,-3.095,-1.314
circle,rubber_carpet,0.2,0.14161649544770386,2.99997615814209,0.0,0.0,0.0,-0.024060237913817353,0.13576513084553735,0.022373460714543953,1.176,2.816,-2.779,-1.526
circle,rubber_carpet,0.2,-0.05862292448943084,3.2002155780792236,0.0,0.0,0.0,0.010197382970939237,0.14588528945579107,0.02473904453611913,0.968,2.401,-2.428,-0.994
circle,rubber_carpet,0.2,-0.25840005080168627,3.3999927043914795,0.0,0.0,0.0,0.04652098438599034,0.1519004558310996,0.023149475536359033,0.596,2.097,-2.13,-0.866
circle,rubber_carpet,0.2,-0.4583936611837668,3.5999863147735596,0.0,0.0,0.0,0.08343170798641839,0.15429679768990454,0.02315322444043547,0.292,1.658,-1.417,-0.306
circle,rubber_carpet,0.2,-0.6586543003744401,3.8002469539642334,0.0,0.0,0.0,0.11918581720500335,0.15283571668648835,0.022360339834757884,-0.31,1.003,-1.06,0.042
circle,rubber_carpet,0.2,-0.8584435860342303,4.000036239624023,0.0,0.0,0.0,0.15238909912448428,0.15006254395682514,0.02176053337749524,-0.821,0.088,-0.236,0.703
circle,rubber_carpet,0.2,-1.0584076325125016,4.200000286102295,0.0,0.0,0.0,0.18005242117711545,0.14491929147600893,0.021228213769914073,-1.591,-0.392,0.327,1.495
circle,rubber_carpet,0.2,-1.2584286610311783,4.400021314620972,0.0,0.0,0.0,0.19980616401479295,0.13892624333364195,0.01932861347268881,-2.102,-0.938,0.822,2.243
circle,rubber_carpet,0.2,-1.4583974758810319,4.599990129470825,0.0,0.0,0.0,0.2126166221464445,0.1288625955232805,0.019276134709004418,-2.56,-1.534,1.201,2.494
circle,rubber_carpet,0.2,-1.6584440151876725,4.800036668777466,0.0,0.0,0.0,0.22064831248421624,0.11933960766496637,0.017417880542292853,-2.363,-2.15,2.316,3.038
circle,rubber_carpet,0.2,-1.858382074040822,4.999974727630615,0.0,0.0,0.0,0.22410760878134378,0.1095791401739393,0.013253865456756879,-2.951,-3.061,3.248,3.316
circle,rubber_carpet,0.2,-2.05838665167754,5.199979305267334,0.0,0.0,0.0,0.22105393616852465,0.09970755895630617,0.011418488535647718,-3.094,-3.032,3.451,2.877
circle,rubber_carpet,0.2,-2.2583819309896747,5.399974584579468,0.0,0.0,0.0,0.2095938111558029,0.0831468317329686,0.00945864987347713,-2.584,-3.127,3.281,2.649
circle,rubber_carpet,0.2,-2.458380309743336,5.59997296333313,0.0,0.0,0.0,0.1906208988538362,0.06395717367145393,0.010388898295698674,-1.936,-2.635,3.269,2.334
circle,rubber_carpet,0.2,-2.6584149281210223,5.800007581710815,0.0,0.0,0.0,0.16748348475137365,0.04337481429016199,0.010974419910574913,-1.573,-2.682,3.183,1.674
circle,rubber_carpet,0.2,-2.8583875576681415,5.999980211257935,0.0,0.0,0.0,0.14094809310793396,0.02483251231489192,0.012111775578730027,-1.413,-2.763,3.223,1.165
circle,rubber_carpet,0.2,-3.0583952347463894,6.199987888336182,0.0,0.0,0.0,0.11043082296664117,0.013756488524580335,0.013624891215617538,-1.29,-2.708,3.066,1.164
circle,rubber_carpet,0.2,0.20006537437438962,0.20006537437438965,0.0,0.0,0.0,-8.664669908897693e-06,-8.721648149356831e-06,2.810478491585555e-06,-1.456,-2.109,2.263,1.527
circle,rubber_carpet,0.2,0.40002489089965815,0.4000248908996582,0.0,0.0,0.0,0.014804201907841541,-0.0022706297011217957,-0.0015635132637508084,-1.852,0.045,0.277,2.299
circle,rubber_carpet,0.2,0.600257158279419,0.600257158279419,5.017537202895281,2.814193448983521,-1.2142890058508664,0.040645291395077415,-0.005013919592908034,-0.0010033204695594489,-1.118,0.147,-0.145,1.061
circle,rubber_carpet,0.2,0.8000319004058838,0.8000319004058838,5.017537202895281,2.814193448983521,-1.2142890058508664,0.06904444081544536,-0.006185067050945237,-0.0005367955747668934,-0.331,0.833,-0.752,0.397
circle,rubber_carpet,0.2,1.0001723766326904,1.0001723766326904,5.017537202895281,2.814193448983521,-1.2142890058508664,0.09383119881268057,-0.005456210405499873,0.00031477554912619915,0.365,1.33,-1.367,-0.303
circle,rubber_carpet,0.2,1.2000324726104736,1.2000324726104736,5.017537202895281,2.814193448983521,-1.2142890058508664,0.1138538336375938,-0.002076511335399489,0.0009302854960716173,0.794,2.127,-2.025,-0.886
circle,rubber_carpet,0.2,1.399993896484375,1.399993896484375,5.017537202895281,2.814193448983521,-1.2142890058508664,0.12618999450547838,0.004164265686449342,0.0018999543750471345,1.24,2.419,-2.75,-1.341
circle,rubber_carpet,0.2,1.6000211238861084,1.6000211238861084,5.017537202895281,2.814193448983521,-1.2142890058508664,0.13451031030530355,0.012357672651715779,0.0053217132617269375,1.997,2.664,-3.033,-2.242
circle,rubber_carpet,0.2,1.7999980449676514,1.7999980449676514,5.017537202895281,2.814193448983521,-1.2142890058508664,0.13939690557043374,0.01949731356410256,0.00823783824092815,3.049,3.115,-3.213,-3.308
circle,rubber_carpet,0.2,2.0006210803985596,2.0006210803985596,5.017537202895281,2.814193448983521,-1.2142890058508664,0.1387619693690256,0.03045390330847292,0.00646207933476841,3.131,3.093,-2.553,-2.95
circle,rubber_carpet,0.2,2.200507640838623,2.200507640838623,5.017537202895281,2.814193448983521,-1.2142890058508664,0.1318788476861947,0.051715162513063795,0.0068678241091234965,2.794,2.193,-2.508,-3.134
circle,rubber_carpet,0.2,2.400088310241699,2.400088310241699,5.017537202895281,2.814193448983521,-1.2142890058508664,0.11718938283633698,0.07601842750663429,0.009174954852686126,2.59,1.938,-2.544,-3.294
circle,rubber_carpet,0.2,2.6000168323516846,2.6000168323516846,5.017537202895281,2.814193448983521,-1.2142890058508664,0.09782626357355897,0.09895217121339611,0.011342607753407733,2.514,1.761,-1.854,-3.205
circle,rubber_carpet,0.2,2.8007564544677734,2.8007564544677734,5.017537202895281,2.814193448983521,-1.2142890058508664,0.07434681992862185,0.12147668739075074,0.013257339360159964,2.687,1.279,-1.181,-3.019
circle,rubber_carpet,0.2,3.0000686645507812,3.0000686645507812,5.017537202895281,2.814193448983521,-1.2142890058508664,0.045870553333313996,0.14136698102535286,0.01338011802501439,2.829,1.142,-1.078,-2.838
circle,rubber_carpet,0.2,-3.082599226628439,3.2005860805511475,5.017537202895281,2.814193448983521,-1.2142890058508664,0.01389535364959188,0.1529650312689173,0.01308957374362128,2.658,0.924,-0.99,-2.692
circle,rubber_carpet,0.2,-2.8831115404712127,3.400073766708374,5.017537202895281,2.814193448983521,-1.2142890058508664,-0.021761222362942617,0.16307460170628896,0.013370745593710615,2.204,0.63,-0.388,-2.167
circle,rubber_carpet,0.2,-2.683089081441061,3.6000962257385254,5.017537202895281,2.814193448983521,-1.2142890058508664,-0.05863755532451308,0.16821410103668047,0.012306990007652736,1.507,0.066,-0.174,-1.593
circle,rubber_carpet,0.2,-2.4825626055346888,3.8006227016448975,5.017537202895281,2.814193448983521,-1.2142890058508664,-0.09432560022514627,0.1703264475238874,0.011800896932977156,0.993,-0.395,0.335,-1.059
circle,rubber_carpet,0.2,-2.2831206957446497,4.0000646114349365,5.017537202895281,2.814193448983521,-1.2142890058508664,-0.12716996770708755,0.17103041008693007,0.011123305848085185,0.057,-0.993,1.024,-0.318
circle,rubber_carpet,0.2,-2.0827363173114226,4.200448989868164,5.017537202895281,2.814193448983521,-1.2142890058508664,-0.1550709219177638,0.1686500248984738,0.009640711914822922,-0.275,-1.551,1.814,0.264
circle,rubber_carpet,0.2,-1.8830829302417202,4.400102376937866,5.017537202895281,2.814193448983521,-1.2142890058508664,-0.17544302942033083,0.1650338015504101,0.008309058135848084,-0.947,-2.082,2.488,0.966
circle,rubber_carpet,0.2,-1.6831954161273404,4.599989891052246,5.017537202895281,2.814193448983521,-1.2142890058508664,-0.19030184542608108,0.15759850952145216,0.005346075588114375,-1.371,-2.499,2.859,1.458
circle,rubber_carpet,0.2,-1.4831724802600308,4.800012826919556,5.017537202895281,2.814193448983521,-1.2142890058508664,-0.20038472675178864,0.14854920236874494,0.006463016383347016,-2.493,-2.869,2.793,2.203
circle,rubber_carpet,0.2,-1.2827511469470425,5.000434160232544,5.017537202895281,2.814193448983521,-1.2142890058508664,-0.20616508554671834,0.13784411638736604,0.005388241201562317,-2.732,-2.525,3.214,3.065
circle,rubber_carpet,0.2,-1.083164993916647,5.2000203132629395,5.017537202895281,2.814193448983521,-1.2142890058508664,-0.20456623432696944,0.12298000193961967,-0.004349291632336022,-2.482,-2.409,3.53,3.683
circle,rubber_carpet,0.2,-0.8832023779498501,5.399982929229736,5.017537202895281,2.814193448983521,-1.2142890058508664,-0.19615863342969725,0.10869311601543283,-0.010495676851094482,-2.917,-2.617,3.317,3.532
circle,rubber_carpet,0.2,-0.6831479708301,5.600037336349487,5.017537202895281,2.814193448983521,-1.2142890058508664,-0.18098564461852337,0.08824381384202307,-0.011502260811988192,-2.966,-2.336,2.733,3.532
circle,rubber_carpet,0.2,-0.48316437402834134,5.800020933151245,5.017537202895281,2.814193448983521,-1.2142890058508664,-0.1621896607695852,0.06535843964691662,-0.012118358123253875,-2.817,-1.631,1.987,3.468
circle,rubber_carpet,0.2,-0.2830701510058804,6.000115156173706,5.017537202895281,2.814193448983521,-1.2142890058508664,-0.1392727896115309,0.04491227148851373,-0.013332704481712941,-2.734,-1.279,1.542,3.346
circle,rubber_carpet,0.2,-0.08283383051027406,6.2003514766693115,5.017537202895281,2.814193448983521,-1.2142890058508664,-0.10986866371453827,0.024979892992640362,-0.014201517798287447,-2.287,-0.859,1.144,2.862
circle,rubber_carpet,0.2,2.9414877017312726,0.2001049518585205,0.0,0.0,0.0,2.4275912903895525e-05,-3.157795271369057e-05,-2.8088925717387192e-05,-2.031,-1.465,1.784,2.538
circle,rubber_carpet,0.2,2.741610201197215,0.3999824523925781,0.0,0.0,0.0,-0.015333513521992873,0.00040965603304499165,0.0008454958708755747,-0.105,-1.999,2.209,0.4
circle,rubber_carpet,0.2,2.5413834174447736,0.6002092361450195,0.0,0.0,0.0,-0.04056586217289045,0.0019213409506079193,0.0025590713866645923,0.47,-1.38,1.504,-0.089
circle,rubber_carpet,0.2,2.341315897303172,0.8002767562866211,0.0,0.0,0.0,-0.06735929671451144,0.005240928694088709,0.002943007405641594,0.849,-0.367,0.629,-0.428
circle,rubber_carpet,0.2,2.1415940841012677,0.9999985694885254,0.0,0.0,0.0,-0.08731707839427913,0.009140468750835185,0.0038139135266628058,1.704,0.061,0.052,-1.296
circle,rubber_carpet,0.2,1.9416095336251935,1.1999831199645996,0.0,0.0,0.0,-0.10857913116113228,0.015212184379753746,0.005373207759836629,1.945,0.784,-0.616,-1.892
circle,rubber_carpet,0.2,1.7415079196267809,1.4000847339630127,0.0,0.0,0.0,-0.12135706646775954,0.02311778245312346,0.006690034020821571,2.798,1.314,-1.145,-2.613
circle,rubber_carpet,0.2,1.5414194186502181,1.6001732349395752,0.0,0.0,0.0,-0.12754534479766177,0.029703864225429977,0.007471176111405214,3.33,2.208,-2.0,-3.333
circle,rubber_carpet,0.2,1.3416225035958969,1.7999701499938965,0.0,0.0,0.0,-0.1310860794264547,0.03636561497880081,0.010033024224924636,2.996,2.833,-3.041,-3.194
circle,rubber_carpet,0.2,1.1415583213144025,2.0000343322753906,0.0,0.0,0.0,-0.12967329065167132,0.04721709735092827,0.016912464278008174,2.71,2.58,-3.493,-3.513
circle,rubber_carpet,0.2,0.9415833075814924,2.200009346008301,5.018714183846337,2.8176667561578537,-1.147311901690573,-0.12119618896808429,0.06245761454490556,0.025278124498616893,2.89,3.078,-3.47,-3.205
circle,rubber_carpet,0.2,0.7416090091043197,2.3999836444854736,5.018714183846337,2.8176667561578537,-1.147311901690573,-0.10255143622773483,0.08132524112320677,0.02583297185785329,2.244,2.836,-3.298,-2.56
circle,rubber_carpet,0.2,0.5414420684152331,2.6001505851745605,5.018714183846337,2.8176667561578537,-1.147311901690573,-0.08064317061500134,0.10151675056954126,0.026086967198028773,1.898,2.767,-3.086,-2.13
circle,rubber_carpet,0.2,0.34160056908661945,2.799992084503174,5.018714183846337,2.8176667561578537,-1.147311901690573,-0.05761120833230351,0.11948406510025958,0.026176943811395233,1.38,2.94,-2.976,-1.519
circle,rubber_carpet,0.2,0.14161744912201982,2.9999752044677734,5.018714183846337,2.8176667561578537,-1.147311901690573,-0.028672224772954336,0.1341102259719523,0.027165762999541005,1.252,2.497,-2.962,-1.809
circle,rubber_carpet,0.2,-0.05839738051360032,3.1999900341033936,5.018714183846337,2.8176667561578537,-1.147311901690573,0.0059722801378197105,0.14567632494123672,0.028951322394476044,0.847,2.253,-2.435,-1.061
circle,rubber_carpet,0.2,-0.2586122433370866,3.40020489692688,5.018714183846337,2.8176667561578537,-1.147311901690573,0.04485589175335941,0.15289299097563724,0.02741226868731575,0.53,2.06,-2.361,-0.869
circle,rubber_carpet,0.2,-0.4585097710317888,3.600102424621582,5.018714183846337,2.8176667561578537,-1.147311901690573,0.08186594151406745,0.1558699327117965,0.026800225045810394,0.275,1.51,-1.648,-0.271
circle,rubber_carpet,0.2,-0.6584859768575944,3.8000786304473877,5.018714183846337,2.8176667561578537,-1.147311901690573,0.11793977174928852,0.15443436487382262,0.026276293232974157,-0.152,0.972,-1.073,0.069
circle,rubber_carpet,0.2,-0.8585303703970233,4.000123023986816,5.018714183846337,2.8176667561578537,-1.147311901690573,0.14862958454487266,0.15202928013782416,0.025484316816860638,-0.741,0.059,-0.198,0.693
circle,rubber_carpet,0.2,-1.0584107319540301,4.200003385543823,5.018714183846337,2.8176667561578537,-1.147311901690573,0.17713125919666992,0.14691525990065604,0.024871366648541303,-1.475,-0.466,0.255,1.5
circle,rubber_carpet,0.2,-1.2583957592672623,4.399988412857056,5.018714183846337,2.8176667561578537,-1.147311901690573,0.19779479509904133,0.14113428500426578,0.022872321814342057,-1.991,-0.81,0.832,2.193
circle,rubber_carpet,0.2,-1.4586542526907242,4.600246906280518,5.018714183846337,2.8176667561578537,-1.147311901690573,0.21130826398472122,0.13185989581573843,0.022907934364675715,-2.452,-1.51,1.363,2.528
circle,rubber_carpet,0.2,-1.6585141102499283,4.800106763839722,5.018714183846337,2.8176667561578537,-1.147311901690573,0.2200540072268843,0.1210179791557606,0.019672972388180457,-2.361,-1.962,2.267,3.091
circle,rubber_carpet,0.2,-1.8584063927358903,4.999999046325684,5.018714183846337,2.8176667561578537,-1.147311901690573,0.2234887521643971,0.11173079674676617,0.016577023277861404,-2.83,-2.977,2.979,2.93
circle,rubber_carpet,0.2,-2.0584422032064715,5.200034856796265,5.018714183846337,2.8176667561578537,-1.147311901690573,0.22098021654263658,0.09933081186563719,0.016686650204917428,-2.781,-3.143,3.464,2.916
circle,rubber_carpet,0.2,-2.2584689537710467,5.40006160736084,5.018714183846337,2.8176667561578537,-1.147311901690573,0.20874880533433351,0.08147806591018508,0.013506711014679158,-2.232,-3.033,2.92,2.588
circle,rubber_carpet,0.2,-2.4584718624777118,5.600064516067505,5.018714183846337,2.8176667561578537,-1.147311901690573,0.1911624102242925,0.062106411896186764,0.012004010036455404,-1.977,-2.772,2.856,2.4
circle,rubber_carpet,0.2,-2.6583872715658456,5.79997992515564,5.018714183846337,2.8176667561578537,-1.147311901690573,0.16653971357918682,0.04089885637701007,0.010881727563353809,-1.462,-2.34,3.017,1.667
circle,rubber_carpet,0.2,-2.858430711430959,6.000023365020752,5.018714183846337,2.8176667561578537,-1.147311901690573,0.13962094123578117,0.02157207463458677,0.011089692548677352,-0.961,-2.401,3.197,1.378
circle,rubber_carpet,0.2,-3.058439103764943,6.200031757354736,5.018714183846337,2.8176667561578537,-1.147311901690573,0.10953990880761505,0.008862322422048208,0.011580571893250506,-1.114,-2.624,3.08,1.124
circle,rubber_carpet,0.2,0.200009822845459,0.20000982284545898,0.0,0.0,0.0,4.4692880639074506e-05,4.493106441133543e-05,-3.2806514675933623e-05,2.219,2.247,-2.177,-2.86
circle,rubber_carpet,0.2,0.40004801750183105,0.40004801750183105,0.0,0.0,0.0,0.013567770583254785,0.004333190651240659,-0.00025026621657852494,1.009,3.628,-3.418,-1.326
circle,rubber_carpet,0.2,0.5999653339385985,0.5999653339385986,0.0,0.0,0.0,0.03992531150605555,0.019824288126698064,-0.0009570026549669472,0.907,2.835,-2.976,-1.64
circle,rubber_carpet,0.2,0.800041913986206,0.800041913986206,0.0,0.0,0.0,0.07021643969684299,0.04399040150534578,-0.0010647929858188833,1.168,3.051,-2.477,-1.656
circle,rubber_carpet,0.2,1.0000765323638916,1.0000765323638916,0.0,0.0,0.0,0.09968371469746981,0.07045213086818652,-0.0002662007208974991,1.716,3.261,-2.54,-2.245
circle,rubber_carpet,0.2,1.200068473815918,1.200068473815918,0.0,0.0,0.0,0.12705297058767898,0.09832493762766675,0.0009448380285563447,2.132,2.759,-2.619,-2.87
circle,rubber_carpet,0.2,1.4000270366668701,1.4000270366668701,0.0,0.0,0.0,0.14953193911893073,0.13067131369256413,0.0008876597664292732,2.424,2.665,-2.36,-2.823
circle,rubber_carpet,0.2,1.6000213623046877,1.6000213623046875,0.0,0.0,0.0,0.16559008688499008,0.1620771882714645,0.000697378526593663,2.937,2.938,-2.802,-3.514
circle,rubber_carpet,0.2,1.800020456314087,1.800020456314087,0.0,0.0,0.0,0.16957045743967822,0.1948245540969642,0.0027080248823600113,2.69,3.053,-2.838,-3.16
circle,rubber_carpet,0.2,2.0000598430633545,2.0000598430633545,0.0,0.0,0.0,0.1682324337282318,0.23124816020271388,0.0023049514662959424,2.696,2.506,-2.765,-3.197
circle,rubber_carpet,0.2,2.2000246047973633,2.2000246047973633,0.0,0.0,0.0,0.15793579801165783,0.266699344653278,0.0027633305611082758,2.715,3.017,-2.487,-3.3
circle,rubber_carpet,0.2,2.400040864944458,2.400040864944458,0.0,0.0,0.0,0.14378331255359325,0.2994782665651034,0.0016019244583155429,2.585,2.363,-2.497,-3.342
circle,rubber_carpet,0.2,2.6000401973724365,2.6000401973724365,0.0,0.0,0.0,0.12006179376573842,0.3305484876100055,0.003257334835265944,2.637,2.151,-2.425,-2.92
circle,rubber_carpet,0.2,2.8000190258026123,2.8000190258026123,0.0,0.0,0.0,0.09353043343091924,0.35915931837221254,0.003637918241990494,2.656,1.441,-1.621,-2.875
circle,rubber_carpet,0.2,3.0000722408294678,3.0000722408294678,0.0,0.0,0.0,0.06460888799734343,0.3831944857268193,0.004206923724988258,2.507,0.94,-1.287,-3.152
circle,rubber_carpet,0.2,-3.0831096808062957,3.200075626373291,0.0,0.0,0.0,0.032241594278145325,0.40060676900199893,0.0023433839050273596,2.631,1.02,-0.952,-2.615
circle,rubber_carpet,0.2,-2.8831227461444304,3.4000625610351562,0.0,0.0,0.0,-0.0038833389531621743,0.4113646388974707,0.0018193930414139442,2.037,0.486,-0.878,-2.345
circle,rubber_carpet,0.2,-2.6827436129199427,3.6004416942596436,0.0,0.0,0.0,-0.03918030398699439,0.418225508212471,0.0006270777783113773,1.599,0.413,-0.314,-1.965
circle,rubber_carpet,0.2,-2.4831221739398406,3.800063133239746,0.0,0.0,0.0,-0.07486155630169089,0.4208933656555281,-9.37329241679219e-06,1.044,-0.135,0.128,-1.353
circle,rubber_carpet,0.2,-2.283140961323874,4.000044345855713,0.0,0.0,0.0,-0.1078664889587786,0.4210907570386038,-0.0006476897402509368,0.346,-0.661,0.775,-0.779
circle,rubber_carpet,0.2,-2.0828090349780486,4.200376272201538,0.0,0.0,0.0,-0.13534870693807352,0.4199921327082809,-0.002095816719977474,-0.441,-1.424,1.448,0.032
circle,rubber_carpet,0.2,-1.883103434239523,4.4000818729400635,0.0,0.0,0.0,-0.15754460699697304,0.4158745953204989,-0.0037641439552426395,-0.795,-1.89,1.912,0.523
circle,rubber_carpet,0.2,-1.6831095854388638,4.600075721740723,0.0,0.0,0.0,-0.17099737894557518,0.40920688872020555,-0.004560791235202175,-1.347,-2.445,2.94,1.175
circle,rubber_carpet,0.2,-1.4830656687365933,4.800119638442993,0.0,0.0,0.0,-0.17945876117066478,0.4005688861863564,-0.008585926660192818,-1.758,-2.352,2.933,2.006
circle,rubber_carpet,0.2,-1.2831528822528286,5.000032424926758,0.0,0.0,0.0,-0.18374262143101439,0.39058615819469517,-0.012574010331957243,-2.832,-2.843,2.935,2.719
circle,rubber_carpet,0.2,-1.083160225545065,5.2000250816345215,0.0,0.0,0.0,-0.18314829557594625,0.37720239725919297,-0.009742300324771629,-3.157,-2.714,2.485,2.896
circle,rubber_carpet,0.2,-0.8831408659564419,5.4000444412231445,0.0,0.0,0.0,-0.17475322292183482,0.36066721788951533,-0.011921860580736035,-2.873,-2.399,2.988,3.365
circle,rubber_carpet,0.2,-0.6831060091601773,5.600079298019409,0.0,0.0,0.0,-0.15927473403559506,0.3406554679669633,-0.015037236520127381,-2.605,-2.157,2.413,3.316
circle,rubber_carpet,0.2,-0.48311931291689114,5.800065994262695,0.0,0.0,0.0,-0.13990208508377117,0.3181244606434808,-0.016300148976387673,-2.832,-1.411,1.653,2.711
circle,rubber_carpet,0.2,-0.2831171194659634,6.000068187713623,0.0,0.0,0.0,-0.11656074381510256,0.29589602960024636,-0.017495548626308005,-2.84,-1.126,1.148,2.818
circle,rubber_carpet,0.2,-0.08312541643251617,6.20005989074707,0.0,0.0,0.0,-0.08721854903225831,0.278700858783446,-0.018684333212433436,-2.579,-1.226,1.306,2.684
circle,rubber_carpet,0.2,2.9415344317727765,0.2000582218170166,0.0,0.0,0.0,1.2482020533957638e-05,-1.4849072367706384e-05,-6.556893125606034e-06,-1.897,-1.324,1.546,2.076
circle,rubber_carpet,0.2,2.7415415366464337,0.4000511169433594,0.0,0.0,0.0,-0.014993287429858462,0.0005571098736447677,-0.0002145031086587118,0.137,-1.912,2.186,0.013
circle,rubber_carpet,0.2,2.541556270914622,0.6000363826751709,0.0,0.0,0.0,-0.040272558252214596,0.00253294983641128,0.0006097991521992682,0.474,-0.943,1.231,-0.205
circle,rubber_carpet,0.2,2.341553362207957,0.8000392913818359,0.0,0.0,0.0,-0.06818256319206772,0.005623293604991808,0.0009320343085459162,1.046,-0.302,0.424,-0.924
circle,rubber_carpet,0.2,2.1415788253122052,1.000013828277588,0.0,0.0,0.0,-0.09223832174630935,0.010623812051697046,0.0015737074861136707,1.537,0.476,-0.208,-1.488
circle,rubber_carpet,0.2,1.941593797998973,1.1999988555908203,0.0,0.0,0.0,-0.11090672696964402,0.017860304975065078,0.001025708145033305,2.372,0.892,-0.692,-2.231
circle,rubber_carpet,0.2,1.741579206781932,1.4000134468078613,0.0,0.0,0.0,-0.12234808378805585,0.026188854841010634,0.004462850634560762,2.412,1.264,-1.366,-3.063
circle,rubber_carpet,0.2,1.5416051467233383,1.599987506866455,0.0,0.0,0.0,-0.12921271205930585,0.033806806548934976,0.006347902106779345,3.182,2.349,-2.201,-3.196
circle,rubber_carpet,0.2,1.341590317087718,1.8000023365020752,0.0,0.0,0.0,-0.13311499393760082,0.04434500702100286,0.005482185845013601,2.946,2.877,-2.522,-2.949
circle,rubber_carpet,0.2,1.141551884012767,2.0000407695770264,0.0,0.0,0.0,-0.1304091608596291,0.06139625024291495,0.0056630095448329115,2.485,2.793,-2.91,-3.025
circle,rubber_carpet,0.2,0.9412724097543441,2.200320243835449,0.0,0.0,0.0,-0.11922702981544167,0.07924247973461751,0.014130205410090073,2.206,2.85,-3.171,-3.433
circle,rubber_carpet,0.2,0.7415293772988997,2.4000632762908936,0.0,0.0,0.0,-0.10098372581578577,0.09839911098866472,0.01770946641852657,2.276,2.797,-3.21,-2.919
circle,rubber_carpet,0.2,0.5415858348184309,2.6000068187713623,0.0,0.0,0.0,-0.07958340985459379,0.11776158667444736,0.017689783765601316,1.799,3.094,-3.276,-2.229
circle,rubber_carpet,0.2,0.3415967543893538,2.7999958992004395,0.0,0.0,0.0,-0.05422124452043011,0.13574754158300095,0.01936753029695946,1.473,2.685,-2.968,-1.748
circle,rubber_carpet,0.2,0.1415988524728499,2.9999938011169434,0.0,0.0,0.0,-0.024476598827849763,0.1520519525712044,0.020305785691754924,1.034,2.52,-2.76,-1.402
circle,rubber_carpet,0.2,-0.058413354558400125,3.2000060081481934,0.0,0.0,0.0,0.00950935598685776,0.1637592588571476,0.01998709524493791,0.951,2.632,-2.399,-1.216
circle,rubber_carpet,0.2,-0.25870355765288255,3.400296211242676,0.0,0.0,0.0,0.04515092057992344,0.16892568077031667,0.020332968220254568,0.49,1.995,-1.952,-0.909
circle,rubber_carpet,0.2,-0.4584537426656999,3.600046396255493,0.0,0.0,0.0,0.0812749213913063,0.1710723614295815,0.019619666833189095,0.06,1.669,-1.632,-0.397
circle,rubber_carpet,0.2,-0.6584120670980729,3.800004720687866,0.0,0.0,0.0,0.11693404084859467,0.17010171528077533,0.018607380677843344,-0.462,0.972,-1.088,0.132
circle,rubber_carpet,0.2,-0.8584106842703142,4.000003337860107,0.0,0.0,0.0,0.14967465171332012,0.16743330964126502,0.01822215611934954,-0.98,0.078,-0.215,0.644
circle,rubber_carpet,0.2,-1.0584350506490983,4.200027704238892,0.0,0.0,0.0,0.1766941747283201,0.1624617905858673,0.01689030158638142,-1.494,-0.326,0.399,1.615
circle,rubber_carpet,0.2,-1.2585519234365738,4.400144577026367,0.0,0.0,0.0,0.1965179134283514,0.1563761850564056,0.015345746339930532,-2.319,-1.04,0.858,2.229
circle,rubber_carpet,0.2,-1.4584091583914078,4.600001811981201,5.0853928689873324,2.855111293178515,-1.265660103048762,0.20824287905420552,0.15023108184986778,0.014450721743838837,-2.8,-1.618,1.496,3.063
circle,rubber_carpet,0.2,-1.6588505188650406,4.800443172454834,5.0853928689873324,2.855111293178515,-1.265660103048762,0.2148811525533907,0.14322661057099972,0.012099402226512925,-2.907,-2.39,2.406,3.233
circle,rubber_carpet,0.2,-1.8584347645468036,5.000027418136597,5.0853928689873324,2.855111293178515,-1.265660103048762,0.21900404200967694,0.13261006522707208,0.00932377429360881,-3.009,-2.823,3.185,2.776
circle,rubber_carpet,0.2,-2.0587588230795184,5.2003514766693115,5.0853928689873324,2.855111293178515,-1.265660103048762,0.21564807680000458,0.11882503605257144,0.007609985869264584,-2.665,-2.776,3.215,3.004
circle,rubber_carpet,0.2,-2.259032813710622,5.400625467300415,5.0853928689873324,2.855111293178515,-1.265660103048762,0.2034606236195432,0.09954087893803931,0.005277003971049188,-2.386,-2.901,3.242,2.64
circle,rubber_carpet,0.2,-2.4589105526632586,5.600503206253052,5.0853928689873324,2.855111293178515,-1.265660103048762,0.1843942302108867,0.07862759129858787,0.001543731128687928,-2.09,-2.929,3.001,2.487
circle,rubber_carpet,0.2,-2.65897258917754,5.800565242767334,5.0853928689873324,2.855111293178515,-1.265660103048762,0.16027912157586494,0.058281215218754956,0.00031566976387761153,-1.573,-2.872,2.888,1.803
circle,rubber_carpet,0.2,-2.8589037338918963,6.0004963874816895,5.0853928689873324,2.855111293178515,-1.265660103048762,0.13304250008346635,0.03994192228089122,-0.0003643730898115066,-1.033,-2.736,3.057,1.382
circle,rubber_carpet,0.2,-3.0586069504446307,6.200199604034424,5.0853928689873324,2.855111293178515,-1.265660103048762,0.1024815236400002,0.027287062049621835,0.0005133168112197231,-1.046,-2.667,3.132,1.151
figure_eight,rubber_carpet,0.2,0.7778345303191085,0.20000934600830078,0.0,0.0,0.0,-5.4676742757830965e-06,-4.602249171536954e-06,-9.367123284462209e-07,-1.412,-1.863,2.052,1.596
figure_eight,rubber_carpet,0.2,0.7543643022876528,0.4000415802001953,0.0,0.0,0.0,0.01662302219798778,0.0031676000075234745,0.001445391489363325,-0.142,1.848,-2.056,0.064
figure_eight,rubber_carpet,0.2,0.7125224113503236,0.5999939441680908,0.0,0.0,0.0,0.0458733413073035,0.004883329345835574,0.002754093609754593,0.569,2.033,-1.816,-0.456
figure_eight,rubber_carpet,0.2,0.647586718797697,0.8000228404998779,0.0,0.0,0.0,0.07799691639788614,0.007820182366761186,0.004536924060717866,0.526,2.089,-1.969,-0.718
figure_eight,rubber_carpet,0.2,0.5518652800080217,0.9999957084655762,0.0,0.0,0.0,0.11072589154406501,0.010847240045846362,0.005174950593538626,0.554,1.877,-2.077,-0.551
figure_eight,rubber_carpet,0.2,0.41372603755122667,1.1999740600585938,0.0,0.0,0.0,0.14313164436807516,0.014324616649573074,0.006986054380415038,0.57,1.755,-1.978,-0.672
figure_eight,rubber_carpet,0.2,0.21869683983718893,1.3999779224395752,0.0,0.0,0.0,0.17427815599664984,0.01568702424174795,0.007314932908172644,0.606,1.816,-1.649,-0.347
figure_eight,rubber_carpet,0.2,-0.04191489705640298,1.6000196933746338,0.0,0.0,0.0,0.20370911536543326,0.01650950303420451,0.008563019469727623,0.191,1.505,-1.511,-0.228
figure_eight,rubber_carpet,0.2,-0.35048233463717465,1.8000385761260986,0.0,0.0,0.0,0.23192194274456704,0.01525969646459957,0.008332512912552943,-0.014,0.92,-0.961,0.126
figure_eight,rubber_carpet,0.2,-0.6562565774066549,1.9999618530273438,0.0,0.0,0.0,0.257629575473432,0.012416919932248471,0.008383111756032069,-0.522,0.543,-0.471,0.708
figure_eight,rubber_carpet,0.2,-0.9141712034440121,2.2000296115875244,0.0,0.0,0.0,0.279759327941439,0.008806952567319226,0.007427370896271136,-1.213,-0.169,0.149,1.344
figure_eight,rubber_carpet,0.2,-1.1140642750100704,2.4000167846679688,0.0,0.0,0.0,0.2971105352024136,0.004464347973702543,0.00730837403940527,-1.936,-0.615,0.467,1.977
figure_eight,rubber_carpet,0.2,-1.2681874190486675,2.5999698638916016,0.0,0.0,0.0,0.31006356666376456,-0.003611550287412335,0.006361102213249502,-2.212,-0.945,1.077,2.662
figure_eight,rubber_carpet,0.2,-1.3923116120691086,2.7999746799468994,0.0,0.0,0.0,0.31928833920604427,-0.01278078396485316,0.0034136232486594517,-2.829,-1.651,1.834,3.367
figure_eight,rubber_carpet,0.2,-1.4994527356543768,2.9999754428863525,0.0,0.0,0.0,0.327347763907446,-0.022733080345425094,0.001987787098351332,-2.916,-2.402,2.59,3.471
figure_eight,rubber_carpet,0.2,-1.600018385803562,3.1999621391296387,0.0,0.0,0.0,0.33531143371330463,-0.0395323652986419,-0.0010116271938564597,-2.705,-2.486,2.857,3.447
figure_eight,rubber_carpet,0.2,-1.7032736720553654,3.3999791145324707,0.0,0.0,0.0,0.33750691573477976,-0.05966657250027613,-0.0012888801719041568,-2.949,-2.921,3.016,3.19
figure_eight,rubber_carpet,0.2,-1.8189148214496405,3.5999691486358643,0.0,0.0,0.0,0.33666976017179695,-0.08637158250381388,-0.002278907675020557,-2.541,-2.298,3.144,3.097
figure_eight,rubber_carpet,0.2,-1.9591289551654454,3.8004159927368164,0.0,0.0,0.0,0.329922649060572,-0.11021683268611232,-0.0036322792323935024,-2.823,-2.814,3.215,3.013
figure_eight,rubber_carpet,0.2,-2.137749932745862,4.0000152587890625,0.0,0.0,0.0,0.32182825114338676,-0.1364683393176671,-0.006062512653364598,-2.02,-2.52,2.924,2.696
figure_eight,rubber_carpet,0.2,-2.370855210170895,4.200003623962402,0.0,0.0,0.0,0.30637693147591816,-0.16065568716449713,-0.005019279448780119,-2.237,-2.683,2.992,2.813
figure_eight,rubber_carpet,0.2,-2.660269516416552,4.399967670440674,0.0,0.0,0.0,0.2887974058248042,-0.1761555901081332,-0.004757058177909529,-2.225,-2.458,3.193,2.587
figure_eight,rubber_carpet,0.2,-2.9748000856768777,4.5999815464019775,0.0,0.0,0.0,0.27309838182265855,-0.18871806552616882,-0.005888331974350569,-1.496,-3.087,3.248,1.787
figure_eight,rubber_carpet,0.2,3.0234903644289726,4.7999958992004395,0.0,0.0,0.0,0.25415373448717593,-0.19770280590724137,-0.004088379128541583,-1.055,-2.323,2.924,1.554
figure_eight,rubber_carpet,0.2,2.8012620496549725,5.000035047531128,0.0,0.0,0.0,0.23151268415652168,-0.20328189064792807,-0.004279432445083331,-0.747,-2.413,2.256,0.812
figure_eight,rubber_carpet,0.2,2.6412408797167455,5.19999361038208,0.0,0.0,0.0,0.20585001443489773,-0.20457579611670274,-0.003193028076417727,-0.238,-1.707,2.164,0.406
figure_eight,rubber_carpet,0.2,2.529501910051687,5.399996519088745,4.963520523046987,2.7851557703703116,1.4674425030396925,0.17524153421202507,-0.20266798136547953,-0.0020044768246591654,0.231,-1.044,1.339,-0.096
figure_eight,rubber_carpet,0.2,2.4529033335025057,5.600020885467529,4.963520523046987,2.7851557703703116,1.4674425030396925,0.14835740085133328,-0.19945790193607948,-0.0012785769124634139,0.969,-0.437,0.562,-0.745
figure_eight,rubber_carpet,0.2,2.4021788598970737,5.800025463104248,4.963520523046987,2.7851557703703116,1.4674425030396925,0.11301206350609486,-0.19421701869151703,-0.000187341714987882,1.525,0.098,0.025,-1.447
figure_eight,rubber_carpet,0.2,2.37148085510549,6.000041961669922,4.963520523046987,2.7851557703703116,1.4674425030396925,0.07675655940712839,-0.18531851486411588,0.0011596784918479208,2.289,0.708,-0.438,-2.093
figure_eight,rubber_carpet,0.2,2.3574924732515745,6.200043201446533,4.963520523046987,2.7851557703703116,1.4674425030396925,0.04017852403379263,-0.1733774693789255,0.003451097042167804,2.564,0.876,-1.103,-2.68
figure_eight,rubber_carpet,0.2,2.3587610625321886,6.4000163078308105,4.963520523046987,2.7851557703703116,1.4674425030396925,0.003706934157869629,-0.15819656203048404,0.00564247172445332,3.033,1.301,-0.935,-2.632
figure_eight,rubber_carpet,0.2,2.3754146498341036,6.600002288818359,4.963520523046987,2.7851557703703116,1.4674425030396925,-0.0366057344446276,-0.1367383575276534,0.0075220065505128345,2.387,1.155,-1.524,-2.988
figure_eight,rubber_carpet,0.2,2.409191356070084,6.8000078201293945,4.963520523046987,2.7851557703703116,1.4674425030396925,-0.074284729635451,-0.11490046388956299,0.010715437409077148,2.864,1.378,-1.185,-3.047
figure_eight,rubber_carpet,0.2,2.4637637328333497,6.999966382980347,4.963520523046987,2.7851557703703116,1.4674425030396925,-0.11138055644555603,-0.09285787282110236,0.010063230143050224,2.813,1.388,-1.464,-3.393
figure_eight,rubber_carpet,0.2,2.5455074724275395,7.1999781131744385,4.963520523046987,2.7851557703703116,1.4674425030396925,-0.14720532332273265,-0.07146647592113514,0.013501525141454914,2.945,0.941,-1.58,-3.052
figure_eight,rubber_carpet,0.2,2.6643518934692128,7.3999834060668945,4.963520523046987,2.7851557703703116,1.4674425030396925,-0.18292311897344968,-0.050084191696853575,0.015304686317747694,2.861,1.348,-1.288,-2.76
figure_eight,rubber_carpet,0.2,2.834005110802092,7.599992513656616,4.963520523046987,2.7851557703703116,1.4674425030396925,-0.21651388958494183,-0.03399632154678289,0.015474323128476943,2.87,1.243,-1.446,-3.005
figure_eight,rubber_carpet,0.2,3.0674509839359336,7.800035715103149,4.963520523046987,2.7851557703703116,1.4674425030396925,-0.24871087579861473,-0.02157365228899899,0.01722322063163438,2.521,0.923,-0.816,-2.744
figure_eight,rubber_carpet,0.2,-2.9225600234363527,8.000003337860107,4.963520523046987,2.7851557703703116,1.4674425030396925,-0.2783329899138077,-0.013360720065058618,0.016234418118040845,2.068,0.611,-0.808,-2.448
figure_eight,rubber_carpet,0.2,-2.6085566579968713,8.19999384880066,4.963520523046987,2.7851557703703116,1.4674425030396925,-0.30522794389105656,-0.009004989976175826,0.017574696809972076,1.444,0.236,-0.298,-1.741
figure_eight,rubber_carpet,0.2,-2.3274816138026,8.399974346160889,4.963520523046987,2.7851557703703116,1.4674425030396925,-0.33019976177108556,-0.006664595376183247,0.01678926908529326,0.975,-0.145,0.088,-1.297
figure_eight,rubber_carpet,0.2,-2.1042339686644933,8.599983215332031,4.963520523046987,2.7851557703703116,1.4674425030396925,-0.3522117861736793,-0.00645432845508076,0.016579324522562888,0.124,-0.705,0.742,-0.452
figure_eight,rubber_carpet,0.2,-1.932986031690805,8.800008296966553,4.963520523046987,2.7851557703703116,1.4674425030396925,-0.37208480941884503,-0.008198706903690067,0.015281255881271778,-0.311,-1.357,1.558,0.043
figure_eight,rubber_carpet,0.2,-1.7981663481617363,8.999977350234985,4.963520523046987,2.7851557703703116,1.4674425030396925,-0.38520590090573026,-0.011638602048843594,0.012813649624812191,-0.736,-2.112,2.535,0.698
figure_eight,rubber_carpet,0.2,-1.6853522675806833,9.199975728988647,4.963520523046987,2.7851557703703116,1.4674425030396925,-0.39283917181393535,-0.015960304280755566,0.011550395093747091,-1.449,-3.02,2.929,1.245
figure_eight,rubber_carpet,0.2,-1.5831946732252016,9.399986982345581,4.963520523046987,2.7851557703703116,1.4674425030396925,-0.3996122407927067,-0.021971682578329155,0.011438878705474456,-2.297,-3.018,3.246,2.104
figure_eight,rubber_carpet,0.2,-1.4821564612430416,9.600025177001953,4.963520523046987,2.7851557703703116,1.4674425030396925,-0.40648004980842667,-0.031668238212950284,0.005484131987370099,-2.285,-2.585,3.64,2.98
figure_eight,rubber_carpet,0.2,-1.3729236844605062,9.800061225891113,4.963520523046987,2.7851557703703116,1.4674425030396925,-0.4105626643514996,-0.04485996141052617,-0.003949770745256598,-3.081,-2.79,3.608,3.254
figure_eight,rubber_carpet,0.2,-1.2448044502970208,9.999982118606567,4.963520523046987,2.7851557703703116,1.4674425030396925,-0.4115130690000579,-0.06015647666273649,-0.004741137494916378,-3.107,-2.539,3.158,3.003
figure_eight,rubber_carpet,0.2,-1.0840693360442106,10.200006484985352,4.963520523046987,2.7851557703703116,1.4674425030396925,-0.4111364957671597,-0.0859117815153343,-0.0066749425497838535,-2.449,-2.27,2.908,3.195
figure_eight,rubber_carpet,0.2,-0.8749352747966158,10.400033950805664,4.963520523046987,2.7851557703703116,1.4674425030396925,-0.40304584922371467,-0.10701453421029761,-0.0075804430853509755,-2.664,-2.537,3.08,3.165
figure_eight,rubber_carpet,0.2,-0.6073608268732195,10.600040674209595,4.963520523046987,2.7851557703703116,1.4674425030396925,-0.3930239949184555,-0.12262873018655523,-0.009899719469781888,-3.122,-2.438,3.018,3.607
figure_eight,rubber_carpet,0.2,-0.2971092177367477,10.800004482269287,4.963520523046987,2.7851557703703116,1.4674425030396925,-0.3799576384770239,-0.13879810036546836,-0.010711446440480214,-2.893,-1.709,2.285,3.311
figure_eight,rubber_carpet,0.2,0.0062758783974087825,11.000021934509277,4.963520523046987,2.7851557703703116,1.4674425030396925,-0.3668318386114786,-0.14978921722101302,-0.011158957858273123,-3.077,-1.328,1.9,3.503
figure_eight,rubber_carpet,0.2,0.2559842413781335,11.199978828430176,4.963520523046987,2.7851557703703116,1.4674425030396925,-0.3471065508064149,-0.16047025275374127,-0.010106633597635882,-2.28,-0.827,1.263,2.612
figure_eight,rubber_carpet,0.2,0.4405100945400307,11.399994850158691,4.963520523046987,2.7851557703703116,1.4674425030396925,-0.3229552564334245,-0.1681254088703713,-0.009501801327562336,-1.653,-0.426,0.838,2.291
figure_eight,rubber_carpet,0.2,0.5705467744485951,11.599976062774658,4.963520523046987,2.7851557703703116,1.4674425030396925,-0.2952793043316919,-0.17261394719861517,-0.008982154541975929,-1.33,0.082,0.282,1.768
figure_eight,rubber_carpet,0.2,0.6604028072379922,11.799976110458374,4.963520523046987,2.7851557703703116,1.4674425030396925,-0.2627769920740977,-0.17573942740635734,-0.007978400778672179,-0.72,0.66,-0.331,1.052
figure_eight,rubber_carpet,0.2,0.7210077749554704,11.999985694885254,4.963520523046987,2.7851557703703116,1.4674425030396925,-0.22728028609762518,-0.17725212000581148,-0.006987705389236092,-0.077,1.408,-0.955,0.207
figure_eight,rubber_carpet,0.2,0.7595082604164947,12.1999831199646,4.963520523046987,2.7851557703703116,1.4674425030396925,-0.1898455191522526,-0.17586229191978958,-0.005142896904748152,0.46,1.852,-1.592,-0.258
figure_eight,rubber_carpet,0.2,0.7801785274301297,12.400004386901855,4.963520523046987,2.7851557703703116,1.4674425030396925,-0.15136522798091306,-0.17244945283483687,-0.0023313582354920134,0.711,2.298,-2.089,-0.71
figure_eight,rubber_carpet,0.2,2.363725447750906,0.19958043098449707,0.0,0.0,0.0,0.00019323353450083347,-1.9683208683840547e-05,1.9672120662277137e-05,0.024,0.71,-0.53,0.079
figure_eight,rubber_carpet,0.2,2.387206132896357,0.3999030590057373,0.0,0.0,0.0,-0.014109491004097488,0.009120797963733773,0.0013058886135446784,3.305,1.502,-1.466,-3.542
figure_eight,rubber_carpet,0.2,2.4289685582895357,0.5996055603027344,0.0,0.0,0.0,-0.0387078427990465,0.024925676339073,0.0037595316611497287,3.156,1.607,-1.268,-3.148
figure_eight,rubber_carpet,0.2,2.4939519695593964,0.7998857498168945,0.0,0.0,0.0,-0.06634165552229958,0.04480545897085281,0.006132820944044791,3.088,1.479,-1.27,-2.972
figure_eight,rubber_carpet,0.2,2.589518161584389,0.9996306896209717,0.0,0.0,0.0,-0.09578328292668123,0.06316199546546769,0.010268977666698213,2.783,1.233,-1.725,-3.094
figure_eight,rubber_carpet,0.2,2.728017918193918,1.2001583576202393,0.0,0.0,0.0,-0.12579264683460004,0.08039674677644382,0.012008313684757719,2.682,1.364,-1.117,-2.828
figure_eight,rubber_carpet,0.2,2.9224317604171777,1.3995702266693115,0.0,0.0,0.0,-0.1550661910718641,0.09386455545784361,0.011792766018261375,2.723,1.096,-1.308,-2.978
figure_eight,rubber_carpet,0.2,-3.0997138029033033,1.5999948978424072,0.0,0.0,0.0,-0.18384623355276247,0.10348126337406605,0.012672771371006052,2.107,0.751,-0.762,-2.655
figure_eight,rubber_carpet,0.2,-2.7918061061688997,1.7995996475219727,0.0,0.0,0.0,-0.20962822993396407,0.10971042215977439,0.011374794918752425,1.868,0.615,-0.488,-1.914
figure_eight,rubber_carpet,0.2,-2.48538321881837,1.9999289512634277,0.0,0.0,0.0,-0.2343807335390321,0.11318664608975654,0.012046737543354027,1.501,0.049,-0.064,-1.716
figure_eight,rubber_carpet,0.2,-2.2279675606452396,2.1995503902435303,0.0,0.0,0.0,-0.25675844591311964,0.11404496277409376,0.011320440317744058,0.624,-0.277,0.46,-0.875
figure_eight,rubber_carpet,0.2,-2.0279281164156364,2.3995583057403564,0.0,0.0,0.0,-0.276547254385195,0.11383381891366312,0.010776899236679158,0.021,-1.051,1.099,-0.244
figure_eight,rubber_carpet,0.2,-1.8736467738143359,2.599616527557373,0.0,0.0,0.0,-0.2919278894022041,0.11175533554940614,0.009983158176549392,-0.701,-1.745,1.916,0.478
figure_eight,rubber_carpet,0.2,-1.7491946943015335,2.800126552581787,0.0,0.0,0.0,-0.3031875567782883,0.10868663633388143,0.008897067790076527,-1.154,-2.348,2.711,1.148
figure_eight,rubber_carpet,0.2,-1.6423292701040606,2.999605178833008,0.0,0.0,0.0,-0.31077630915991,0.10329867259204673,0.006656602184294216,-1.878,-2.729,3.315,1.707
figure_eight,rubber_carpet,0.2,-1.5417816447409656,3.1995489597320557,0.0,0.0,0.0,-0.3175717591573502,0.0971814666694239,0.006184355342785622,-2.787,-3.245,3.225,2.619
figure_eight,rubber_carpet,0.2,-1.4383740600677968,3.399876832962036,0.0,0.0,0.0,-0.3247983287489241,0.08694718165151322,0.004480022807819034,-2.809,-2.85,3.241,3.038
figure_eight,rubber_carpet,0.2,-1.3229353364135978,3.5995588302612305,0.0,0.0,0.0,-0.32810022843246667,0.06805612700695407,-0.003164186587465867,-2.443,-2.399,3.633,3.312
figure_eight,rubber_carpet,0.2,-1.1827908621006926,3.7999985218048096,0.0,0.0,0.0,-0.32541575018576707,0.050658418698508345,-0.007019989151832169,-2.881,-3.095,3.406,3.054
figure_eight,rubber_carpet,0.2,-1.004265294048107,3.999600648880005,0.0,0.0,0.0,-0.32199190091043123,0.02781395080157667,-0.007224138807274301,-2.891,-2.161,2.566,3.159
figure_eight,rubber_carpet,0.2,-0.7712703131714813,4.199598550796509,0.0,0.0,0.0,-0.3132855173136816,0.003916248258437449,-0.006877645073847832,-2.326,-2.238,2.504,2.744
figure_eight,rubber_carpet,0.2,-0.48082864214676213,4.4002861976623535,0.0,0.0,0.0,-0.3003556212072615,-0.016219127282736334,-0.008975246365922292,-2.499,-2.074,2.536,2.858
figure_eight,rubber_carpet,0.2,-0.16743487934856108,4.599565029144287,0.0,0.0,0.0,-0.2856596916909635,-0.03413204573055112,-0.009269267551836165,-2.498,-1.273,1.753,2.904
figure_eight,rubber_carpet,0.2,0.11766718992858337,4.7996556758880615,0.0,0.0,0.0,-0.26809367659816113,-0.046736807214978415,-0.009737445067859472,-2.154,-0.908,1.299,2.338
figure_eight,rubber_carpet,0.2,0.3398797731279003,4.999558687210083,0.0,0.0,0.0,-0.24795590089536335,-0.05569856813375562,-0.009015510672580516,-2.369,-0.642,0.952,2.759
figure_eight,rubber_carpet,0.2,0.50031423570152,5.199937343597412,0.0,0.0,0.0,-0.22261946571729185,-0.06056238247986978,-0.008075364662989686,-1.52,-0.101,0.416,1.967
figure_eight,rubber_carpet,0.2,0.6119069577023599,5.3995983600616455,0.0,0.0,0.0,-0.1925316403333987,-0.06427828502953503,-0.00742266771417361,-0.809,0.409,-0.1,1.172
figure_eight,rubber_carpet,0.2,0.6885891911751397,5.599700212478638,0.0,0.0,0.0,-0.15850426011653235,-0.06604947404793832,-0.006981593806603695,-0.238,1.134,-0.732,0.492
figure_eight,rubber_carpet,0.2,0.7394708616235255,5.800311088562012,0.0,0.0,0.0,-0.12226391734699817,-0.0661694614492363,-0.004898774695631006,0.268,1.518,-1.371,-0.172
figure_eight,rubber_carpet,0.2,0.7700997803882712,5.999932527542114,0.0,0.0,0.0,-0.08472696359825607,-0.06351619477372722,-0.002200363976356201,0.914,2.221,-2.125,-0.824
figure_eight,rubber_carpet,0.2,0.7840864943166523,6.199606657028198,0.0,0.0,0.0,-0.045957044890118565,-0.0557066119564108,-0.0006332463027317534,0.892,2.284,-2.496,-1.01
figure_eight,rubber_carpet,0.2,0.7828513965392824,6.399565935134888,0.0,0.0,0.0,-0.006426695329417767,-0.045442814873305204,0.0027355123916921187,1.263,2.77,-2.903,-1.385
figure_eight,rubber_carpet,0.2,0.7661796284480998,6.599989175796509,0.0,0.0,0.0,0.03397420113561199,-0.029385319412043864,0.0048791588421057686,1.056,2.473,-3.022,-1.392
figure_eight,rubber_carpet,0.2,0.7324985048543606,6.7995593547821045,0.0,0.0,0.0,0.07411987754585768,-0.011674064625396219,0.009366546566448357,1.118,2.559,-2.829,-1.673
figure_eight,rubber_carpet,0.2,0.677733127781222,7.000252962112427,0.0,0.0,0.0,0.11460326628355573,0.0074566819194117895,0.009695467059911991,1.544,2.723,-2.321,-1.38
figure_eight,rubber_carpet,0.2,0.596291089367338,7.199558973312378,0.0,0.0,0.0,0.15404190774233817,0.026248749947521854,0.010098422777266788,1.314,2.428,-2.696,-1.422
figure_eight,rubber_carpet,0.2,0.47745577937685696,7.399679899215698,0.0,0.0,0.0,0.19128188374960842,0.04231579272516478,0.013035463815699352,1.044,2.28,-2.782,-1.407
figure_eight,rubber_carpet,0.2,0.30802271314457175,7.599557161331177,0.0,0.0,0.0,0.22623581081811944,0.054702900906714036,0.01302890345386232,1.164,2.812,-2.419,-1.041
figure_eight,rubber_carpet,0.2,0.07478093297868194,7.799556016921997,0.0,0.0,0.0,0.2585008114708117,0.06291162744907763,0.014230407003324994,0.881,2.218,-2.354,-1.261
figure_eight,rubber_carpet,0.2,-0.21916433934028698,8.00008749961853,0.0,0.0,0.0,0.288373790353075,0.06842203942167774,0.014999877399819117,0.82,2.079,-2.041,-0.585
figure_eight,rubber_carpet,0.2,-0.5323641537397693,8.199553489685059,0.0,0.0,0.0,0.3159602531041866,0.07029756109509067,0.014243528167257772,0.163,1.445,-1.789,-0.539
figure_eight,rubber_carpet,0.2,-0.8136116777339355,8.399579763412476,0.0,0.0,0.0,0.34052770904906293,0.06951354050232056,0.014036401771103463,-0.121,0.905,-0.959,0.089
figure_eight,rubber_carpet,0.2,-1.0369904482296821,8.599605321884155,0.0,0.0,0.0,0.36264331370582725,0.06669485227352212,0.013057019298926387,-0.818,0.226,-0.408,0.736
figure_eight,rubber_carpet,0.2,-1.2085467434441073,8.799928665161133,0.0,0.0,0.0,0.378810523555118,0.06332628736720008,0.012594985111313298,-1.581,-0.392,0.201,1.55
figure_eight,rubber_carpet,0.2,-1.3431948574608952,8.999597072601318,0.0,0.0,0.0,0.39097089655553535,0.05955122824666359,0.011528487719799252,-2.104,-0.96,0.929,2.426
figure_eight,rubber_carpet,0.2,-1.4560405966624417,9.19959807395935,0.0,0.0,0.0,0.39918551634197436,0.05332402113434226,0.00865998841743873,-2.528,-1.497,1.53,2.887
figure_eight,rubber_carpet,0.2,-1.5581772879297136,9.399545907974243,0.0,0.0,0.0,0.40611646723955863,0.045557855953860915,0.008295470773958313,-3.019,-2.428,2.309,2.995
figure_eight,rubber_carpet,0.2,-1.6592110494708214,9.599590063095093,0.0,0.0,0.0,0.41349764795394617,0.03527807452904552,0.009238165434697201,-2.764,-3.066,2.788,3.05
figure_eight,rubber_carpet,0.2,-1.7683950995771685,9.799591779708862,0.0,0.0,0.0,0.4160856563649953,0.020121972020702317,0.0041324232253343515,-2.764,-2.384,3.353,3.58
figure_eight,rubber_carpet,0.2,-1.896491907074697,9.999564409255981,0.0,0.0,0.0,0.4123682410573611,0.0041525686477728585,-0.0031548201910284734,-2.881,-2.855,3.63,3.603
figure_eight,rubber_carpet,0.2,-2.0571149271176883,10.19955825805664,0.0,0.0,0.0,0.4060792509059799,-0.016104181750280666,-0.0017104754313425619,-2.465,-3.032,2.939,2.494
figure_eight,rubber_carpet,0.2,-2.266085889839651,10.399553537368774,0.0,0.0,0.0,0.39433590980581523,-0.04086797619400129,-0.0034957544877734503,-2.231,-2.415,2.846,2.648
figure_eight,rubber_carpet,0.2,-2.5342174168259213,10.600030899047852,0.0,0.0,0.0,0.3774200147005519,-0.05915040326495269,-0.004638407947507889,-2.122,-2.398,3.006,2.752
figure_eight,rubber_carpet,0.2,-2.8438503030877937,10.799604654312134,0.0,0.0,0.0,0.36087415712836013,-0.07260764411810622,-0.003826380823953729,-1.847,-2.661,3.102,2.014
figure_eight,rubber_carpet,0.2,3.1354869683520485,10.999901056289673,0.0,0.0,0.0,0.3436784900572099,-0.0825358278146135,-0.005147899642883376,-1.213,-2.642,3.048,1.636
figure_eight,rubber_carpet,0.2,2.886024351244797,11.199594497680664,0.0,0.0,0.0,0.3216971794822352,-0.09078271721432862,-0.004253471518701812,-0.675,-2.05,2.596,0.935
figure_eight,rubber_carpet,0.2,2.7013282127668417,11.399677515029907,0.0,0.0,0.0,0.298381519526284,-0.09313591627205231,-0.002579715967938323,-0.473,-2.078,1.99,0.398
figure_eight,rubber_carpet,0.2,2.5711322370522134,11.599815845489502,0.0,0.0,0.0,0.26901758935003256,-0.0921012137067036,-0.0018294359412502278,0.12,-1.234,1.518,0.093
figure_eight,rubber_carpet,0.2,2.4813001226146385,11.79967713356018,0.0,0.0,0.0,0.2379199022364178,-0.08902736320538795,-0.0010856885697227842,0.866,-0.62,0.869,-0.631
figure_eight,rubber_carpet,0.2,2.4206924138945283,11.9995436668396,0.0,0.0,0.0,0.20353085822962091,-0.08440575374320519,0.00011334910599707093,1.559,-0.034,0.118,-1.311
figure_eight,rubber_carpet,0.2,2.3821439634485766,12.199573516845703,0.0,0.0,0.0,0.1675316004314602,-0.07598464209900668,0.000936785354840354,2.033,0.379,-0.452,-2.005
figure_eight,rubber_carpet,0.2,2.3614391497171807,12.399608373641968,0.0,0.0,0.0,0.13101063052737721,-0.06542916586138597,0.0031636656087008844,2.643,1.007,-0.615,-2.263
figure_eight,rubber_carpet,0.2,0.77783538490969,0.199998140335083,0.0,0.0,0.0,-0.00012077479125374713,-8.678636052028565e-06,3.185692418786884e-05,0.876,0.0,0.026,-0.859
figure_eight,rubber_carpet,0.2,0.7543634225497085,0.40004706382751465,0.0,0.0,0.0,0.01546809030955748,0.0075793617989282636,0.003584125351149388,1.319,3.23,-3.615,-1.673
figure_eight,rubber_carpet,0.2,0.7125164786915165,0.6000165939331055,0.0,0.0,0.0,0.04182893033135368,0.021220262905113474,0.00400300412104683,1.55,3.156,-3.012,-1.36
figure_eight,rubber_carpet,0.2,0.6475966682473108,0.7999975681304932,0.0,0.0,0.0,0.07216178450673721,0.03861595596821593,0.0027679372503941826,1.442,2.738,-2.956,-1.27
figure_eight,rubber_carpet,0.2,0.5518588552131497,1.000006914138794,0.0,0.0,0.0,0.10334583279470963,0.05515022064901265,0.006351450868896977,1.102,2.637,-2.85,-1.718
figure_eight,rubber_carpet,0.2,0.41369002695216156,1.2000179290771484,0.0,0.0,0.0,0.13443639439081692,0.06884880584524783,0.00952670319285941,1.255,2.558,-2.645,-1.319
figure_eight,rubber_carpet,0.2,0.21867267964470552,1.3999991416931152,0.0,0.0,0.0,0.1647295006464771,0.07925747450243503,0.007823765571496308,1.425,2.683,-2.685,-1.179
figure_eight,rubber_carpet,0.2,-0.04191489705640298,1.6000196933746338,0.0,0.0,0.0,0.19329389309738418,0.08562936663886128,0.008179904445419123,0.936,2.377,-2.558,-1.208
figure_eight,rubber_carpet,0.2,-0.3504301794771533,1.8000056743621826,0.0,0.0,0.0,0.2207537740347554,0.08972137507602856,0.008258630357856477,0.525,1.878,-2.021,-0.62
figure_eight,rubber_carpet,0.2,-0.6563102089922166,1.9999992847442627,0.0,0.0,0.0,0.24463897672977622,0.08993770392576733,0.007531359477983467,0.209,1.352,-1.492,-0.298
figure_eight,rubber_carpet,0.2,-0.9141432270079278,2.200005054473877,0.0,0.0,0.0,0.26793612220518115,0.08822675242336153,0.007532296673131236,-0.208,0.769,-0.899,0.336
figure_eight,rubber_carpet,0.2,-1.1140850556123245,2.400040626525879,0.0,0.0,0.0,0.2857923300377433,0.08577310049162651,0.006831281736793714,-0.991,0.087,-0.181,1.071
figure_eight,rubber_carpet,0.2,-1.268209742886038,2.6000025272369385,0.0,0.0,0.0,0.30140215061547926,0.0817290620286058,0.0054780263221944694,-1.741,-0.684,0.618,1.584
figure_eight,rubber_carpet,0.2,-1.392325574675779,2.799999237060547,0.0,0.0,0.0,0.31289261431520654,0.07621274964767438,0.0057844720195621945,-2.387,-1.235,0.974,2.278
figure_eight,rubber_carpet,0.2,-1.4994871166035522,3.000042676925659,0.0,0.0,0.0,0.3201889594206798,0.06855264821077117,0.004628989986147317,-2.534,-1.9,1.724,3.014
figure_eight,rubber_carpet,0.2,-1.6000524909930705,3.2000300884246826,0.0,0.0,0.0,0.3264241279547948,0.059891550682369454,0.0016631668851239609,-2.864,-2.668,2.652,3.231
figure_eight,rubber_carpet,0.2,-1.7032844570374925,3.3999991416931152,0.0,0.0,0.0,0.33164084189918464,0.04752808482534976,0.0019349047035093353,-2.793,-3.146,2.767,2.839
figure_eight,rubber_carpet,0.2,-1.8189342767638934,3.6000001430511475,0.0,0.0,0.0,0.33128810609388615,0.02904087465122751,-0.000713960246997894,-2.506,-2.291,3.193,3.524
figure_eight,rubber_carpet,0.2,-1.9588087029592365,3.8000073432922363,0.0,0.0,0.0,0.3234706978937171,0.010885700755945638,-0.006863324474981433,-2.797,-2.468,2.93,3.158
figure_eight,rubber_carpet,0.2,-2.1377402101736322,4.000005722045898,0.0,0.0,0.0,0.31469555585153197,-0.007262505560842569,-0.0066872215286993344,-2.703,-2.843,3.277,2.955
figure_eight,rubber_carpet,0.2,-2.370868386028928,4.200013637542725,0.0,0.0,0.0,0.30335807386743885,-0.023654927834832806,-0.005756102153107262,-2.607,-3.07,3.087,2.506
figure_eight,rubber_carpet,0.2,-2.6603798093786346,4.400038719177246,0.0,0.0,0.0,0.288116617225018,-0.04045808861159389,-0.005306454025764282,-1.89,-2.656,2.985,2.377
figure_eight,rubber_carpet,0.2,-2.9749291194496363,4.600065231323242,0.0,0.0,0.0,0.27073754433846287,-0.05538907340185828,-0.004681616632177268,-1.356,-2.553,2.884,1.569
figure_eight,rubber_carpet,0.2,3.023444639771687,4.800031661987305,0.0,0.0,0.0,0.25151999734973507,-0.06672196915289755,-0.004330314253708431,-1.21,-3.019,2.349,0.92
figure_eight,rubber_carpet,0.2,2.8012909209818453,5.000004529953003,0.0,0.0,0.0,0.23024401605938863,-0.07067594074797537,-0.0012929851496658248,-0.743,-2.337,2.598,0.948
figure_eight,rubber_carpet,0.2,2.6412349948405103,5.200002431869507,0.0,0.0,0.0,0.20317196471082546,-0.07163192208467886,-0.0022917267721188836,-0.246,-1.699,1.736,0.307
figure_eight,rubber_carpet,0.2,2.529501470011653,5.3999974727630615,0.0,0.0,0.0,0.1728496173889653,-0.06980930518089246,-0.0017164711876610367,0.5,-1.027,1.159,-0.21
figure_eight,rubber_carpet,0.2,2.45290757554956,5.6000072956085205,0.0,0.0,0.0,0.1398631563208789,-0.06679135043601953,-0.0016574458827122787,1.104,-0.383,0.406,-1.025
figure_eight,rubber_carpet,0.2,2.4021830058036193,5.800004720687866,0.0,0.0,0.0,0.10432999673806342,-0.060742545717943686,-0.0005134535997904852,1.587,0.115,-0.166,-1.511
figure_eight,rubber_carpet,0.2,2.37148383952945,6.000014781951904,0.0,0.0,0.0,0.06805860802734665,-0.052819810094135666,0.0004291345626624074,2.205,0.417,-0.769,-2.197
figure_eight,rubber_carpet,0.2,2.357493673774139,6.200004816055298,0.0,0.0,0.0,0.031101984392088944,-0.040096774453058315,0.001544165257891604,2.613,0.947,-0.948,-2.628
figure_eight,rubber_carpet,0.2,2.3587624073646665,6.4000468254089355,0.0,0.0,0.0,-0.0059591856557754674,-0.024378487435707197,0.0036347278552190804,2.898,0.753,-1.431,-2.896
figure_eight,rubber_carpet,0.2,2.3754524223116618,6.600306987762451,0.0,0.0,0.0,-0.04298949722720337,-0.0036194999069922296,0.004882011724286213,2.964,1.247,-1.283,-2.769
figure_eight,rubber_carpet,0.2,2.4093088560058424,6.800549268722534,0.0,0.0,0.0,-0.08065151981325104,0.01831949207899325,0.004852023858447435,2.92,1.439,-1.462,-3.01
figure_eight,rubber_carpet,0.2,2.4639209994227986,7.000436782836914,0.0,0.0,0.0,-0.11811625635373732,0.04158329301293234,0.0084516970118256,2.756,1.379,-1.538,-3.052
figure_eight,rubber_carpet,0.2,2.5457421560222815,7.2004554271698,0.0,0.0,0.0,-0.15450108866076218,0.0650819161620314,0.009656043421729429,2.599,1.365,-1.17,-3.322
figure_eight,rubber_carpet,0.2,2.6647188611687667,7.400501012802124,0.0,0.0,0.0,-0.18960389736230626,0.08376515677555713,0.009905352638725988,2.544,1.202,-1.54,-3.184
figure_eight,rubber_carpet,0.2,2.8341443540589113,7.6001317501068115,0.0,0.0,0.0,-0.22330141501922862,0.10049309638013831,0.011879262716526152,2.517,0.797,-1.032,-2.519
figure_eight,rubber_carpet,0.2,3.0674026769706515,7.799999475479126,0.0,0.0,0.0,-0.25508181820401943,0.11323346443721855,0.01058580629138784,2.401,1.026,-1.057,-2.761
figure_eight,rubber_carpet,0.2,-2.9225600234363527,8.000003337860107,0.0,0.0,0.0,-0.28475588579493805,0.12093601094889384,0.011596198444495553,1.896,0.666,-0.765,-2.099
figure_eight,rubber_carpet,0.2,-2.608458824478169,8.200057983398438,0.0,0.0,0.0,-0.3113857503941111,0.12610388093132485,0.010328057296495548,1.647,0.27,-0.258,-1.954
figure_eight,rubber_carpet,0.2,-2.3273826746070436,8.400052547454834,0.0,0.0,0.0,-0.33744949220681814,0.12798597230431724,0.010265260525944963,0.849,-0.173,0.001,-1.098
figure_eight,rubber_carpet,0.2,-2.104194252151032,8.600023984909058,0.0,0.0,0.0,-0.35893243378466355,0.12781127443499252,0.009159304382269216,0.383,-0.788,0.821,-0.647
figure_eight,rubber_carpet,0.2,-1.9329460561552072,8.800061464309692,0.0,0.0,0.0,-0.3769061890465836,0.12645838998723258,0.008119922913394226,-0.444,-1.427,1.43,0.133
figure_eight,rubber_carpet,0.2,-1.7981331247870014,9.0000319480896,0.0,0.0,0.0,-0.39071633462574906,0.12311602964432355,0.008368284593344866,-1.018,-2.092,2.016,0.62
figure_eight,rubber_carpet,0.2,-1.6853328456158667,9.200012445449829,0.0,0.0,0.0,-0.40062396389972443,0.116401549054311,0.007190222109795332,-1.467,-2.367,2.791,1.296
figure_eight,rubber_carpet,0.2,-1.5831569771169396,9.400062322616577,0.0,0.0,0.0,-0.4096021280511859,0.10810306781654011,0.004204480252210638,-2.269,-2.6,3.045,2.125
figure_eight,rubber_carpet,0.2,-1.4821521430614202,9.600033521652222,0.0,0.0,0.0,-0.4175333338322047,0.09678568342010585,0.0042607063797854075,-2.881,-2.84,2.84,2.417
figure_eight,rubber_carpet,0.2,-1.3729523419667327,9.800012111663818,0.0,0.0,0.0,-0.4219654343614533,0.08369400996091858,0.003024692112246666,-2.634,-2.693,3.364,3.181
figure_eight,rubber_carpet,0.2,-1.2447789067609731,10.000018119812012,0.0,0.0,0.0,-0.4226662168448463,0.06838937169951481,-0.005741114017747594,-2.624,-2.368,3.463,3.631
figure_eight,rubber_carpet,0.2,-1.0840521696052479,10.2000253200531,0.0,0.0,0.0,-0.4213983220708263,0.05293808808488537,-0.012342431626972912,-3.292,-2.496,2.997,3.243
figure_eight,rubber_carpet,0.2,-0.8749602404286089,10.400012969970703,0.0,0.0,0.0,-0.41544485840136425,0.030219546245904838,-0.011645678769714805,-2.594,-1.894,2.372,3.058
figure_eight,rubber_carpet,0.2,-0.6074131939944765,10.600005149841309,0.0,0.0,0.0,-0.40466008352105776,0.0069041304335522025,-0.012679561692956073,-2.078,-2.037,2.535,2.741
figure_eight,rubber_carpet,0.2,-0.297052588313943,10.800040245056152,0.0,0.0,0.0,-0.3901738815621609,-0.012510541344922743,-0.013979333201979617,-2.529,-1.531,1.974,2.977
figure_eight,rubber_carpet,0.2,0.006258087980693011,11.000009298324585,0.0,0.0,0.0,-0.3748968124025619,-0.02901476245995982,-0.014041135810957214,-2.382,-0.925,1.507,3.154
figure_eight,rubber_carpet,0.2,0.25601725817855014,11.2000093460083,0.0,0.0,0.0,-0.3560331936881421,-0.03923105666028803,-0.01501216061469128,-2.153,-0.691,0.973,2.359
figure_eight,rubber_carpet,0.2,0.4405469953183267,11.400042533874512,0.0,0.0,0.0,-0.3329754041744457,-0.046903765198356095,-0.013167453997382506,-1.832,-0.325,0.604,2.287
figure_eight,rubber_carpet,0.2,0.5705624497781557,11.600005149841309,0.0,0.0,0.0,-0.30164472679944,-0.05163962510790365,-0.012451063028513912,-1.107,0.084,0.014,1.485
figure_eight,rubber_carpet,0.2,0.660415818033659,11.800011396408081,0.0,0.0,0.0,-0.2698261031467472,-0.05389907956479867,-0.011677520133566231,-0.455,0.802,-0.529,0.75
figure_eight,rubber_carpet,0.2,0.7211923770165064,12.00074553489685,0.0,0.0,0.0,-0.23417157529600036,-0.05498482953389583,-0.010397272217347736,-0.005,1.407,-1.247,0.043
figure_eight,rubber_carpet,0.2,0.7595109632458633,12.20000171661377,0.0,0.0,0.0,-0.19662715151705723,-0.053046445496396755,-0.008808797619286844,0.505,1.788,-1.778,-0.313
figure_eight,rubber_carpet,0.2,0.7801786778993561,12.400006771087646,0.0,0.0,0.0,-0.15546684283685516,-0.04737168430182098,-0.006196374428886604,1.091,2.44,-2.317,-0.811
figure_eight,rubber_carpet,0.2,2.363757923255688,0.20000672340393066,4.526332679712723,2.543281773760779,-0.5665181077375693,2.6021566666957485e-05,8.865479908026774e-06,8.431985610860004e-06,0.159,0.713,-0.645,-0.087
figure_eight,rubber_carpet,0.2,2.387225367944941,0.4000229835510254,4.526332679712723,2.543281773760779,-0.5665181077375693,-0.013740201789902623,0.008876401424654734,0.0058561679610801,3.22,1.051,-1.645,-3.42
figure_eight,rubber_carpet,0.2,2.4290687435088234,0.5999882221221924,4.526332679712723,2.543281773760779,-0.5665181077375693,-0.03791142725502508,0.02487393087746803,0.011451958609731177,2.811,1.174,-1.533,-3.524
figure_eight,rubber_carpet,0.2,2.4939844408362477,0.7999682426452637,4.526332679712723,2.543281773760779,-0.5665181077375693,-0.06761200504832379,0.0462646680655312,0.013914158069680275,2.44,1.081,-1.379,-3.128
figure_eight,rubber_carpet,0.2,2.5897407701121273,1.0000190734863281,4.526332679712723,2.543281773760779,-0.5665181077375693,-0.0979635950775807,0.06733118108416175,0.013750131651451104,2.72,1.134,-1.201,-2.986
figure_eight,rubber_carpet,0.2,2.7278554611392907,1.199960470199585,4.526332679712723,2.543281773760779,-0.5665181077375693,-0.12826725390360824,0.08303589478516654,0.013076224368118401,2.541,1.195,-1.328,-3.065
figure_eight,rubber_carpet,0.2,2.922907215096709,1.3999879360198975,4.526332679712723,2.543281773760779,-0.5665181077375693,-0.15880474820608648,0.09703990979123522,0.015378239528367112,2.195,0.958,-1.112,-2.632
figure_eight,rubber_carpet,0.2,-3.0997099903439427,1.5999975204467773,4.526332679712723,2.543281773760779,-0.5665181077375693,-0.187448042105808,0.10748693780436919,0.014427799301260393,2.424,1.08,-0.934,-2.549
figure_eight,rubber_carpet,0.2,-2.7911435773053648,1.8000175952911377,4.526332679712723,2.543281773760779,-0.5665181077375693,-0.21407085959769806,0.11287977666771831,0.014111927936439006,1.927,0.396,-0.613,-2.359
figure_eight,rubber_carpet,0.2,-2.485281761404354,1.999999761581421,4.526332679712723,2.543281773760779,-0.5665181077375693,-0.23838449708888704,0.11625018206079152,0.013443638344517159,1.366,0.176,-0.053,-1.556
figure_eight,rubber_carpet,0.2,-2.2275605263595053,2.1999075412750244,4.526332679712723,2.543281773760779,-0.5665181077375693,-0.2611856704784977,0.116613189183978,0.01272943368359181,0.778,-0.478,0.311,-1.026
figure_eight,rubber_carpet,0.2,-2.0275427175754235,2.4000003337860107,4.526332679712723,2.543281773760779,-0.5665181077375693,-0.28072444071299896,0.11657285059060912,0.012227061287089974,0.0,-1.078,0.957,-0.238
figure_eight,rubber_carpet,0.2,-1.8734060492947304,2.599968671798706,4.526332679712723,2.543281773760779,-0.5665181077375693,-0.29714455663465544,0.11435307495779384,0.011357297829959891,-0.63,-1.632,1.825,0.377
figure_eight,rubber_carpet,0.2,-1.749260301040646,2.800011157989502,-0.6054787230334076,-0.5774249796505985,1.6846201112298618,-0.30844681112265426,0.10934326685067947,0.009774343572333432,-1.147,-2.315,2.458,0.849
figure_eight,rubber_carpet,0.2,-1.642124556144372,3.0000054836273193,-0.6054787230334076,-0.5774249796505985,1.6846201112298618,-0.31666153287074683,0.10251104771764935,0.00975653690729359,-1.883,-2.753,2.68,1.567
figure_eight,rubber_carpet,0.2,-1.5415633780921059,3.199983835220337,-0.6054787230334076,-0.5774249796505985,1.6846201112298618,-0.32505059858661917,0.09341310404365821,0.006924458887031838,-2.356,-2.27,3.16,2.494
figure_eight,rubber_carpet,0.2,-1.438308581732344,3.399998426437378,-0.6054787230334076,-0.5774249796505985,1.6846201112298618,-0.3322921619085998,0.07867609524615227,0.0011608287177287124,-2.821,-2.594,2.933,2.73
figure_eight,rubber_carpet,0.2,-1.322677383177842,3.5999698638916016,-0.6054787230334076,-0.5774249796505985,1.6846201112298618,-0.336480092165273,0.06168933428655038,0.003606319888639478,-3.054,-2.524,2.671,2.752
figure_eight,rubber_carpet,0.2,-1.1827987074615214,3.7999885082244873,-0.6054787230334076,-0.5774249796505985,1.6846201112298618,-0.33421817724263186,0.041491582192931975,-0.00282736845047845,-2.409,-2.219,3.277,3.114
figure_eight,rubber_carpet,0.2,-1.003875290967891,3.999983310699463,-0.6054787230334076,-0.5774249796505985,1.6846201112298618,-0.3282949444904386,0.020679639178162457,-0.004408604166170456,-2.717,-2.708,2.71,3.239
figure_eight,rubber_carpet,0.2,-0.7707509328333041,4.199993371963501,-0.6054787230334076,-0.5774249796505985,1.6846201112298618,-0.3201275202253661,0.004291568884679797,-0.007590419379665599,-2.783,-2.412,2.972,3.6
figure_eight,rubber_carpet,0.2,-0.4812998204959507,4.399982690811157,-0.6054787230334076,-0.5774249796505985,1.6846201112298618,-0.3081851827694318,-0.010836989345670178,-0.008622514250136083,-2.573,-2.078,2.221,3.321
figure_eight,rubber_carpet,0.2,-0.16675507033969844,4.600005865097046,-0.6054787230334076,-0.5774249796505985,1.6846201112298618,-0.2954158488467468,-0.025737175225703957,-0.009169448119069806,-2.972,-1.538,1.608,3.505
figure_eight,rubber_carpet,0.2,0.11805839150816491,4.799961566925049,-0.6054787230334076,-0.5774249796505985,1.6846201112298618,-0.27889956217232,-0.03682460498304785,-0.008297531465611269,-2.559,-1.01,1.165,2.943
figure_eight,rubber_carpet,0.2,0.34031391287802487,5.000017404556274,-0.6054787230334076,-0.5774249796505985,1.6846201112298618,-0.25696347410527737,-0.04458164709662277,-0.009316481004565051,-2.112,-0.701,1.029,2.629
figure_eight,rubber_carpet,0.2,0.5003400038395692,5.199975967407227,-0.6054787230334076,-0.5774249796505985,1.6846201112298618,-0.23024441527290995,-0.0513173297955119,-0.008318135708128852,-1.758,-0.306,0.248,2.026
figure_eight,rubber_carpet,0.2,0.6121074645033181,5.4000327587127686,-0.6054787230334076,-0.5774249796505985,1.6846201112298618,-0.19885850990628567,-0.05484909490907608,-0.008062454389618438,-0.871,0.386,-0.055,1.221
figure_eight,rubber_carpet,0.2,0.6886835151510252,5.600002288818359,-0.6054787230334076,-0.5774249796505985,1.6846201112298618,-0.16479861225663534,-0.057082541566895795,-0.007428389123839585,-0.23,1.022,-0.743,0.639
figure_eight,rubber_carpet,0.2,0.7396300851871901,5.801109075546265,-0.6054787230334076,-0.5774249796505985,1.6846201112298618,-0.12731861611201062,-0.057092997301475656,-0.006093701508165197,0.223,1.57,-1.364,-0.044
figure_eight,rubber_carpet,0.2,0.7701591418007885,6.000473499298096,-0.6054787230334076,-0.5774249796505985,1.6846201112298618,-0.0891513253626294,-0.05510121034672588,-0.004421718239022918,0.67,1.978,-2.03,-0.6
figure_eight,rubber_carpet,0.2,0.7841140686375222,6.200488567352295,-0.6054787230334076,-0.5774249796505985,1.6846201112298618,-0.05035833421938174,-0.04817925913457763,-0.0017734661650136638,1.047,2.567,-2.393,-0.881
figure_eight,rubber_carpet,0.2,0.7828114129087366,6.400473356246948,-0.6054787230334076,-0.5774249796505985,1.6846201112298618,-0.010571328763610825,-0.03769858178258967,-1.8737742103827615e-06,1.306,2.822,-2.29,-1.08
figure_eight,rubber_carpet,0.2,0.7661279570979219,6.600405931472778,-0.6054787230334076,-0.5774249796505985,1.6846201112298618,0.02980918007035914,-0.022870390299285337,0.003220274164133771,1.333,2.713,-3.021,-1.542
figure_eight,rubber_carpet,0.2,0.7323761131991322,6.800123929977417,-0.6054787230334076,-0.5774249796505985,1.6846201112298618,0.07063033274835635,-0.007001974685538481,0.005276120158919137,1.413,2.611,-2.764,-1.371
figure_eight,rubber_carpet,0.2,0.6778107546130104,7.000020742416382,-0.6054787230334076,-0.5774249796505985,1.6846201112298618,0.11040886395142248,0.011837016839704062,0.006538370603352613,1.081,2.658,-3.175,-1.632
figure_eight,rubber_carpet,0.2,0.5960936174315813,7.199960947036743,-0.6054787230334076,-0.5774249796505985,1.6846201112298618,0.14897358189880233,0.029488863778331098,0.009971154681469713,1.386,2.91,-3.123,-1.624
figure_eight,rubber_carpet,0.2,0.47725393826491164,7.399964809417725,-0.6054787230334076,-0.5774249796505985,1.6846201112298618,0.18645430347426878,0.04552810567922971,0.00920453480526666,1.54,2.97,-2.668,-1.421
figure_eight,rubber_carpet,0.2,0.30756775499906325,7.600012302398682,-0.6054787230334076,-0.5774249796505985,1.6846201112298618,0.22146788997339611,0.057468057086889346,0.010213889892167649,1.21,2.74,-2.97,-1.644
figure_eight,rubber_carpet,0.2,0.0741693192896342,7.800014972686768,-0.6054787230334076,-0.5774249796505985,1.6846201112298618,0.2545725390306642,0.0667987546282448,0.011253264974024419,1.187,2.468,-2.578,-1.058
figure_eight,rubber_carpet,0.2,-0.21905240493305825,8.0000159740448,-0.6054787230334076,-0.5774249796505985,1.6846201112298618,0.28506579845578756,0.07121964788896462,0.01031510815281091,0.554,2.029,-2.343,-0.905
figure_eight,rubber_carpet,0.2,-0.5330403599925895,8.199996709823608,-0.6054787230334076,-0.5774249796505985,1.6846201112298618,0.3118949028667095,0.07240802943800762,0.010999276079297824,0.438,1.58,-1.674,-0.402
figure_eight,rubber_carpet,0.2,-0.8139958001342624,8.399883270263672,-0.6054787230334076,-0.5774249796505985,1.6846201112298618,0.3366410910675293,0.07143482186206523,0.010000207843031586,-0.137,1.005,-1.33,0.012
figure_eight,rubber_carpet,0.2,-1.0373791241059451,8.600004196166992,-0.6054787230334076,-0.5774249796505985,1.6846201112298618,0.35857679411953597,0.06925138102494466,0.010033009828323385,-0.632,0.223,-0.346,0.663
figure_eight,rubber_carpet,0.2,-1.2086197083423518,8.800025701522827,-0.6054787230334076,-0.5774249796505985,1.6846201112298618,0.37624521706219927,0.06552896425423166,0.008832477256275215,-1.348,-0.32,0.198,1.454
figure_eight,rubber_carpet,0.2,-1.3434451660580573,9.000008344650269,-0.6054787230334076,-0.5774249796505985,1.6846201112298618,0.38796300458858163,0.06057469724085002,0.006756716069501956,-2.068,-0.839,0.872,2.297
figure_eight,rubber_carpet,0.2,-1.4562625825114233,9.20001769065857,-0.6054787230334076,-0.5774249796505985,1.6846201112298618,0.3955009852559886,0.0546218026500942,0.005649073702670954,-2.675,-1.46,1.393,2.782
figure_eight,rubber_carpet,0.2,-1.5583973839059109,9.399985790252686,-0.6054787230334076,-0.5774249796505985,1.6846201112298618,0.4019685360560106,0.046623218552932166,0.0038818022838930655,-2.626,-2.056,2.233,3.114
figure_eight,rubber_carpet,0.2,-1.6594079394479795,9.599970579147339,-0.6054787230334076,-0.5774249796505985,1.6846201112298618,0.4059199188991055,0.034371325471554026,-0.0027496154293061084,-2.634,-2.322,2.897,3.567
figure_eight,rubber_carpet,0.2,-1.7686191670020204,9.799975872039795,-0.6054787230334076,-0.5774249796505985,1.6846201112298618,0.40795133801751243,0.020877789874210795,-0.004507896249011441,-2.917,-3.007,2.844,3.104
figure_eight,rubber_carpet,0.2,-1.8967794070854473,9.999969720840454,-0.6054787230334076,-0.5774249796505985,1.6846201112298618,0.4061959144306219,-0.0011804610828082818,-0.0035449327205593004,-2.352,-2.283,2.874,2.766
figure_eight,rubber_carpet,0.2,-2.0575233175455825,10.200006484985352,-0.6054787230334076,-0.5774249796505985,1.6846201112298618,0.3977553607307641,-0.021659483702782922,-0.006393427810081807,-2.732,-3.087,3.094,3.481
figure_eight,rubber_carpet,0.2,-2.2665822002176284,10.399970769882202,-0.6054787230334076,-0.5774249796505985,1.6846201112298618,0.38709649908152066,-0.03586670312427953,-0.007130550030045792,-2.545,-2.922,3.348,3.158
figure_eight,rubber_carpet,0.2,-2.5341931662843753,10.600014448165894,-0.6054787230334076,-0.5774249796505985,1.6846201112298618,0.37423550338352257,-0.04923010172307449,-0.008083995423861172,-2.477,-3.238,3.149,2.769
figure_eight,rubber_carpet,0.2,-2.8444536109297864,10.799985647201538,-0.6054787230334076,-0.5774249796505985,1.6846201112298618,0.35989415455030455,-0.06117014754000713,-0.009335211234493747,-1.761,-2.946,3.644,2.148
figure_eight,rubber_carpet,0.2,3.135482604163699,10.999904155731201,-0.6054787230334076,-0.5774249796505985,1.6846201112298618,0.346194909561319,-0.06747932888057692,-0.011716621372676941,-1.41,-3.217,3.403,1.748
figure_eight,rubber_carpet,0.2,2.8855903559554115,11.199995517730713,-0.6054787230334076,-0.5774249796505985,1.6846201112298618,0.3242555089448006,-0.07343604338380441,-0.009091716942499536,-0.802,-2.395,2.86,1.184
figure_eight,rubber_carpet,0.2,2.701076285698577,11.40000295639038,-0.6054787230334076,-0.5774249796505985,1.6846201112298618,0.2984447891879129,-0.07738275496814467,-0.007369383587387944,-0.541,-2.027,2.056,0.571
figure_eight,rubber_carpet,0.2,2.5710727347387676,11.599926233291626,-0.6054787230334076,-0.5774249796505985,1.6846201112298618,0.26962080029798025,-0.07686952575148326,-0.0068008618010356875,0.029,-1.446,1.578,0.235
figure_eight,rubber_carpet,0.2,2.481169363546777,11.800031661987305,-0.6054787230334076,-0.5774249796505985,1.6846201112298618,0.23599066798258983,-0.07386394151819306,-0.006134914112018594,0.706,-0.778,1.103,-0.435
figure_eight,rubber_carpet,0.2,2.420578849615366,12.00001049041748,-0.6054787230334076,-0.5774249796505985,1.6846201112298618,0.20133681677081888,-0.06910281524884948,-0.005024957604447357,1.261,-0.032,0.209,-1.176
figure_eight,rubber_carpet,0.2,2.3820822101069496,12.199998140335083,-0.6054787230334076,-0.5774249796505985,1.6846201112298618,0.16523265362791256,-0.061533803461929965,-0.003344466528114695,1.712,0.291,-0.427,-1.83
figure_eight,rubber_carpet,0.2,2.361413960643636,12.400007009506226,-0.6054787230334076,-0.5774249796505985,1.6846201112298618,0.12840669428106227,-0.0511504734503449,-0.002087299555124253,2.402,0.829,-0.755,-2.308
figure_eight,rubber_carpet,0.2,0.7778376756956213,0.1999680995941162,0.0,0.0,0.0,-3.0586142468508326e-05,7.327691810998793e-06,1.405403797313104e-05,0.713,-0.072,0.159,-0.702
figure_eight,rubber_carpet,0.2,0.7543804411371096,0.39994096755981445,0.0,0.0,0.0,0.016742631559520604,0.008362764157721969,-0.0008563455108436258,1.608,3.183,-3.132,-1.26
figure_eight,rubber_carpet,0.2,0.7125345879960799,0.599947452545166,0.0,0.0,0.0,0.043375110874801864,0.021205570712170496,-0.0005555970944811431,1.395,2.903,-2.627,-1.303
figure_eight,rubber_carpet,0.2,0.6476191935052179,0.7999403476715088,0.0,0.0,0.0,0.07391182710460861,0.03695853086334289,0.002579503765918166,1.436,3.126,-2.82,-1.716
figure_eight,rubber_carpet,0.2,0.5518964452218971,0.999941349029541,0.0,0.0,0.0,0.10539920396744601,0.05068964860049163,0.006812326022102508,1.391,2.818,-3.06,-1.681
figure_eight,rubber_carpet,0.2,0.4137516738557726,1.1999428272247314,0.0,0.0,0.0,0.13631235241364886,0.06372491530162383,0.007559242549867853,1.353,2.845,-2.741,-1.383
figure_eight,rubber_carpet,0.2,0.21872127071683867,1.399956464767456,0.0,0.0,0.0,0.1666251986692283,0.07329089715213727,0.007844143529338678,1.055,2.635,-2.729,-1.344
figure_eight,rubber_carpet,0.2,-0.04181334536892276,1.599949836730957,0.0,0.0,0.0,0.19603355785091559,0.08031841300194437,0.008265876276697209,0.78,2.267,-2.279,-0.796
figure_eight,rubber_carpet,0.2,-0.3503364511428247,1.7999465465545654,0.0,0.0,0.0,0.2220523499166871,0.08313408914491593,0.007197496715619797,0.567,1.923,-1.965,-0.755
figure_eight,rubber_carpet,0.2,-0.656263751163205,1.9999668598175049,0.0,0.0,0.0,0.24713111797694454,0.0833744045234967,0.00799128081568012,0.036,1.439,-1.532,-0.178
figure_eight,rubber_carpet,0.2,-0.9141163361872822,2.199981451034546,0.0,0.0,0.0,0.26729357828807865,0.08147994291429173,0.007398986794305614,-0.482,0.72,-0.815,0.398
figure_eight,rubber_carpet,0.2,-1.1140023449487664,2.3999457359313965,0.0,0.0,0.0,0.2883563865685657,0.07889316262465906,0.006418725547211953,-1.016,0.184,-0.11,1.048
figure_eight,rubber_carpet,0.2,-1.2681683535371833,2.5999419689178467,0.0,0.0,0.0,0.3024604256777777,0.0744504713392809,0.00510488422427547,-1.708,-0.536,0.625,1.886
figure_eight,rubber_carpet,0.2,-1.3923025294612597,2.7999587059020996,0.0,0.0,0.0,0.3127755125011148,0.06964655322358376,0.0025832518531930596,-2.187,-0.989,1.304,2.719
figure_eight,rubber_carpet,0.2,-1.4994360325889329,2.9999427795410156,0.0,0.0,0.0,0.31968381288286046,0.0635047929877891,-0.0005874522279761124,-2.717,-1.799,1.902,3.235
figure_eight,rubber_carpet,0.2,-1.6000139581345936,3.199953317642212,0.0,0.0,0.0,0.3253363004385773,0.05669396407716626,-0.0014390943709751275,-3.157,-2.562,2.773,3.303
figure_eight,rubber_carpet,0.2,-1.703258136760816,3.3999502658843994,0.0,0.0,0.0,0.3300808972448595,0.043706423962181606,-0.004602757137508774,-2.416,-2.512,3.063,3.138
figure_eight,rubber_carpet,0.2,-1.8189109304557691,3.5999629497528076,0.0,0.0,0.0,0.3288330241841105,0.02517572564132503,-0.009914547912032008,-2.726,-2.531,2.924,3.63
figure_eight,rubber_carpet,0.2,-1.9587778821224149,3.7999680042266846,0.0,0.0,0.0,0.32243506234967373,0.007670794086187427,-0.010449309141693536,-2.877,-2.972,3.202,2.938
figure_eight,rubber_carpet,0.2,-2.1376799330213143,3.9999465942382812,0.0,0.0,0.0,0.3151873067870791,-0.014065329009546795,-0.011696720168207997,-2.201,-2.659,3.175,2.685
figure_eight,rubber_carpet,0.2,-2.3707927837284135,4.199956178665161,0.0,0.0,0.0,0.3017852946229641,-0.03682402643320848,-0.009931405739527797,-2.149,-2.31,2.858,2.717
figure_eight,rubber_carpet,0.2,-2.6603091178499634,4.399993181228638,0.0,0.0,0.0,0.2848991244788084,-0.05233068955006148,-0.009825575824001294,-2.128,-2.626,3.026,2.464
figure_eight,rubber_carpet,0.2,-2.9747835424789977,4.599970817565918,0.204398043664874,0.4191113143600326,0.840363825826603,0.26864945466436596,-0.06521507139385888,-0.011029008700813296,-1.435,-2.814,3.083,1.682
figure_eight,rubber_carpet,0.2,3.0234696356566646,4.800012111663818,0.204398043664874,0.4191113143600326,0.840363825826603,0.2495360563606137,-0.07403142066127938,-0.008422577947386163,-0.969,-2.339,2.571,1.193
figure_eight,rubber_carpet,0.2,2.8013186659058804,4.999975204467773,0.204398043664874,0.4191113143600326,0.840363825826603,0.22760820545866223,-0.07951493016881586,-0.008181867651310945,-0.607,-2.308,2.358,0.78
figure_eight,rubber_carpet,0.2,2.641039733704992,5.2002952098846436,0.204398043664874,0.4191113143600326,0.840363825826603,0.20403308711484364,-0.07971398863172718,-0.007184343946360645,-0.16,-1.695,1.961,0.509
figure_eight,rubber_carpet,0.2,2.5295196223197647,5.39995813369751,0.204398043664874,0.4191113143600326,0.840363825826603,0.17353679065565775,-0.07782545280126815,-0.006816232498620282,0.355,-0.969,1.226,-0.156
figure_eight,rubber_carpet,0.2,2.4529233540240982,5.599956750869751,0.204398043664874,0.4191113143600326,0.840363825826603,0.13866977498809907,-0.07366667148006778,-0.006268269369817961,1.009,-0.47,0.478,-0.977
figure_eight,rubber_carpet,0.2,2.40219534947721,5.799942970275879,0.204398043664874,0.4191113143600326,0.840363825826603,0.10389082909294439,-0.06761306550149077,-0.005530137862183759,1.569,0.282,-0.072,-1.588
figure_eight,rubber_carpet,0.2,2.371449354064396,6.00032901763916,0.204398043664874,0.4191113143600326,0.840363825826603,0.07036366097634425,-0.05918091189705482,-0.0042514671832327225,2.181,0.742,-0.563,-2.252
figure_eight,rubber_carpet,0.2,2.357469215083169,6.2007904052734375,0.204398043664874,0.4191113143600326,0.840363825826603,0.03403995200561169,-0.04657135530487158,-0.002853751616898312,2.529,0.886,-1.226,-2.931
figure_eight,rubber_carpet,0.2,2.358790297717368,6.400677919387817,0.204398043664874,0.4191113143600326,0.840363825826603,-0.0057939377659394775,-0.029324699255805414,0.0005368694079794373,2.518,1.409,-1.028,-3.011
figure_eight,rubber_carpet,0.2,2.3755430234983277,6.601036548614502,0.204398043664874,0.4191113143600326,0.840363825826603,-0.03990562021113625,-0.012012708705289005,0.001468217397057707,3.023,1.285,-1.539,-3.343
figure_eight,rubber_carpet,0.2,2.4093298780689945,6.800646066665649,0.204398043664874,0.4191113143600326,0.840363825826603,-0.07965332314445445,0.011133283498886093,0.006558359463885395,2.791,1.143,-1.483,-3.513
figure_eight,rubber_carpet,0.2,2.463839199062821,7.000192165374756,0.204398043664874,0.4191113143600326,0.840363825826603,-0.11361679993602004,0.03367260507516401,0.0063100176745549165,2.704,1.403,-1.417,-2.957
figure_eight,rubber_carpet,0.2,2.5454965756306502,7.199955940246582,0.204398043664874,0.4191113143600326,0.840363825826603,-0.1530761446201059,0.05790327179827154,0.0076351534342572365,3.021,1.438,-1.727,-3.001
figure_eight,rubber_carpet,0.2,2.6643598343576627,7.399994611740112,0.204398043664874,0.4191113143600326,0.840363825826603,-0.18861442853156007,0.07813433685550536,0.010909785069818243,2.551,1.328,-1.286,-2.949
figure_eight,rubber_carpet,0.2,2.834010117290884,7.599997520446777,0.204398043664874,0.4191113143600326,0.840363825826603,-0.22161448565082748,0.09433723340240069,0.010428975119445145,2.753,1.357,-1.348,-2.946
figure_eight,rubber_carpet,0.2,3.0673550076607277,7.799963712692261,0.204398043664874,0.4191113143600326,0.840363825826603,-0.2532250752820736,0.10554319185660427,0.012624065943104574,2.292,0.97,-1.258,-2.955
figure_eight,rubber_carpet,0.2,-2.922555173027024,8.000006437301636,0.204398043664874,0.4191113143600326,0.840363825826603,-0.28302176123124934,0.11434450898318732,0.011668970865612478,2.174,0.86,-0.725,-2.496
figure_eight,rubber_carpet,0.2,-2.608597029044045,8.199967384338379,0.204398043664874,0.4191113143600326,0.840363825826603,-0.31081197814635914,0.11837798668809357,0.011713960114231817,1.527,0.306,-0.493,-1.852
figure_eight,rubber_carpet,0.2,-2.3271899507899576,8.40020489692688,0.204398043664874,0.4191113143600326,0.840363825826603,-0.3352029800521402,0.12010212351549959,0.01141309548796757,1.081,-0.123,0.231,-1.448
figure_eight,rubber_carpet,0.2,-2.1042483693440945,8.599968433380127,0.204398043664874,0.4191113143600326,0.840363825826603,-0.3582006014568746,0.12021722804687052,0.010847926140573616,0.184,-0.651,0.623,-0.573
figure_eight,rubber_carpet,0.2,-1.9330453722897218,8.79992938041687,0.204398043664874,0.4191113143600326,0.840363825826603,-0.37633133620799725,0.11877321887153364,0.010085007617060514,-0.268,-1.486,1.558,-0.075
figure_eight,rubber_carpet,0.2,-1.7981608350004663,8.999986410140991,0.204398043664874,0.4191113143600326,0.840363825826603,-0.3878212589941611,0.1164767477258788,0.008556406248334193,-0.906,-1.996,2.441,0.683
figure_eight,rubber_carpet,0.2,-1.6853401603402685,9.199998617172241,0.204398043664874,0.4191113143600326,0.840363825826603,-0.39789018235320184,0.11177461275943223,0.005332600355223496,-1.446,-2.768,2.938,1.381
figure_eight,rubber_carpet,0.2,-1.583210061871857,9.399956226348877,0.204398043664874,0.4191113143600326,0.840363825826603,-0.4044718019737396,0.1063367658865852,0.005854573119929988,-2.365,-3.291,3.286,2.094
figure_eight,rubber_carpet,0.2,-1.482178545437943,9.599982500076294,0.204398043664874,0.4191113143600326,0.840363825826603,-0.4101376298706563,0.10055322593374938,0.005149865058053309,-2.756,-3.123,3.6,2.967
figure_eight,rubber_carpet,0.2,-1.3729814156623183,9.799962282180786,0.204398043664874,0.4191113143600326,0.840363825826603,-0.41394872522190207,0.08846847466718089,-0.0056238106642336055,-2.231,-2.378,3.572,3.583
figure_eight,rubber_carpet,0.2,-1.2448071568355656,9.999978303909302,0.204398043664874,0.4191113143600326,0.840363825826603,-0.41387874075419934,0.07569841655143517,-0.01742519200761631,-3.055,-2.806,3.555,3.604
figure_eight,rubber_carpet,0.2,-1.084091716955452,10.199981927871704,0.204398043664874,0.4191113143600326,0.840363825826603,-0.4088388090396145,0.05811224015997607,-0.02504973686448468,-2.719,-2.252,3.448,3.354
figure_eight,rubber_carpet,0.2,-0.8750456291935459,10.399941205978394,0.204398043664874,0.4191113143600326,0.840363825826603,-0.40418515064773797,0.035092308133334804,-0.02644585019330159,-2.811,-2.476,3.183,3.586
figure_eight,rubber_carpet,0.2,-0.6074402556247456,10.599986791610718,0.204398043664874,0.4191113143600326,0.840363825826603,-0.39469549924693514,0.013028695215927366,-0.024363800161403673,-2.81,-2.132,2.198,2.961
figure_eight,rubber_carpet,0.2,-0.29704503774190044,10.800045013427734,0.204398043664874,0.4191113143600326,0.840363825826603,-0.38200138622330376,-0.006195061945394015,-0.022497682300504022,-2.371,-1.719,2.456,2.911
figure_eight,rubber_carpet,0.2,0.006171482311148028,10.999947786331177,0.204398043664874,0.4191113143600326,0.840363825826603,-0.36675785908249914,-0.023039772741551917,-0.02019703746156202,-2.627,-1.312,1.53,2.994
figure_eight,rubber_carpet,0.2,0.255963347127193,11.199959516525269,0.204398043664874,0.4191113143600326,0.840363825826603,-0.3486958197645796,-0.03498069716787364,-0.01713028982499283,-2.05,-0.626,0.999,2.505
figure_eight,rubber_carpet,0.2,0.44047079179957205,11.399944067001343,0.204398043664874,0.4191113143600326,0.840363825826603,-0.3263057484122124,-0.04236368984626662,-0.01720986706962356,-1.962,-0.414,0.799,2.312
figure_eight,rubber_carpet,0.2,0.5705390649608624,11.599961757659912,0.204398043664874,0.4191113143600326,0.840363825826603,-0.30108641563884553,-0.046749075379200505,-0.01605081422871974,-1.291,0.091,0.188,1.894
figure_eight,rubber_carpet,0.2,0.6603900593013904,11.799941539764404,0.204398043664874,0.4191113143600326,0.840363825826603,-0.26711258826877393,-0.050030864107556694,-0.015345797997133898,-0.593,0.704,-0.344,0.731
figure_eight,rubber_carpet,0.2,0.7210582576121333,12.000193357467651,0.204398043664874,0.4191113143600326,0.840363825826603,-0.23508112962763933,-0.05171803621099483,-0.014286820431060956,-0.045,1.417,-1.081,0.294
figure_eight,rubber_carpet,0.2,0.7595032701764789,12.199948787689209,0.204398043664874,0.4191113143600326,0.840363825826603,-0.19427528421422752,-0.05039548540159233,-0.01206755757198108,0.38,1.928,-1.635,-0.343
figure_eight,rubber_carpet,0.2,0.7801747348772983,12.399944305419922,0.204398043664874,0.4191113143600326,0.840363825826603,-0.15615789779963363,-0.04687533353537515,-0.009946390463886526,0.853,2.604,-1.962,-0.718
figure_eight,rubber_carpet,0.2,2.3637582869213345,0.2000114917755127,0.0,0.0,0.0,0.00022079579151618178,-1.925673152797236e-05,-2.1545296362966704e-05,0.114,0.677,-0.444,-0.006
figure_eight,rubber_carpet,0.2,2.3872246795002496,0.40001869201660156,0.0,0.0,0.0,-0.01376696979601982,0.008511752250450616,0.0039037568196258823,3.11,1.239,-1.568,-3.516
figure_eight,rubber_carpet,0.2,2.4290694928718115,0.5999910831451416,0.0,0.0,0.0,-0.037828037550524996,0.0238413011720828,0.008752634408651913,3.153,1.484,-1.215,-3.292
figure_eight,rubber_carpet,0.2,2.493990541509955,0.7999837398529053,0.0,0.0,0.0,-0.06671969821787312,0.043811732604290415,0.00812574774019479,3.016,1.65,-1.158,-2.982
figure_eight,rubber_carpet,0.2,2.5897176682912777,0.99997878074646,0.0,0.0,0.0,-0.09773637387903555,0.06420144360284516,0.008141677432531177,2.916,1.401,-1.18,-2.831
figure_eight,rubber_carpet,0.2,2.7278810982314248,1.1999917030334473,0.0,0.0,0.0,-0.12800779646760707,0.08210935829110264,0.012501098796267086,2.517,1.147,-1.303,-3.109
figure_eight,rubber_carpet,0.2,2.922962052505785,1.400036096572876,0.0,0.0,0.0,-0.157220487363802,0.09606099379660774,0.013295828043968332,2.747,1.239,-0.929,-2.753
figure_eight,rubber_carpet,0.2,-3.099618486261166,1.6000604629516602,0.0,0.0,0.0,-0.1855224341849303,0.1054665170707563,0.013834717253039742,2.451,0.883,-1.062,-2.865
figure_eight,rubber_carpet,0.2,-2.7911220349591597,1.8000311851501465,0.0,0.0,0.0,-0.2125569298025955,0.11118490209050855,0.014263022837865812,1.927,0.597,-0.326,-2.098
figure_eight,rubber_carpet,0.2,-2.4852701471645653,2.0000078678131104,0.0,0.0,0.0,-0.2373664635740927,0.1144446947223666,0.01308402341751171,1.329,0.183,-0.214,-1.655
figure_eight,rubber_carpet,0.2,-2.2274774039177876,2.1999804973602295,0.0,0.0,0.0,-0.2617416699021781,0.11514434300979201,0.013187114004202083,0.827,-0.419,0.338,-1.071
figure_eight,rubber_carpet,0.2,-2.027553731797411,2.3999876976013184,0.0,0.0,0.0,-0.2803208907613203,0.11486465554134653,0.012551706007329657,0.007,-1.06,1.177,-0.253
figure_eight,rubber_carpet,0.2,-1.8733946428404848,2.599985361099243,0.0,0.0,0.0,-0.2969009751532497,0.11287488589634612,0.011679210823783398,-0.787,-1.768,1.781,0.458
figure_eight,rubber_carpet,0.2,-1.7492616566105599,2.800008773803711,0.0,0.0,0.0,-0.30867501383765034,0.10927684069464663,0.012296796376905866,-1.235,-2.382,2.43,1.017
figure_eight,rubber_carpet,0.2,-1.6420833482511048,3.0000860691070557,0.0,0.0,0.0,-0.3169697697433241,0.10251112084769606,0.011704513800883724,-1.905,-2.619,2.993,1.61
figure_eight,rubber_carpet,0.2,-1.5414149879569803,3.200279474258423,0.0,0.0,0.0,-0.32512998651605696,0.09424856586149685,0.009602559797664667,-2.646,-3.026,3.208,2.509
figure_eight,rubber_carpet,0.2,-1.4381143027440517,3.4003591537475586,0.0,0.0,0.0,-0.3321548563401508,0.08388154879339291,0.010582767269720413,-3.187,-2.969,2.959,2.869
figure_eight,rubber_carpet,0.2,-1.322263010098293,3.6006298065185547,0.0,0.0,0.0,-0.3350143622705346,0.06746901538359343,0.00599780686260739,-2.58,-2.497,3.512,3.369
figure_eight,rubber_carpet,0.2,-1.182360899254975,3.8005471229553223,0.0,0.0,0.0,-0.33189563118468246,0.04852643440515278,-0.0030760918091914877,-2.79,-2.591,3.587,3.404
figure_eight,rubber_carpet,0.2,-1.0033072999670674,4.000540256500244,0.0,0.0,0.0,-0.3260278275530766,0.02940359944449769,-0.004050162596538301,-2.796,-2.466,2.692,3.364
figure_eight,rubber_carpet,0.2,-0.7704428332692548,4.200227499008179,0.0,0.0,0.0,-0.3196745963497901,0.010778432650259628,-0.006261327181101291,-3.161,-2.566,2.942,3.446
figure_eight,rubber_carpet,0.2,-0.48128131508536665,4.399994611740112,0.0,0.0,0.0,-0.30657327928155365,-0.008633351488188307,-0.005925125215020463,-2.479,-1.877,2.316,3.205
figure_eight,rubber_carpet,0.2,-0.16680175856700144,4.5999755859375,0.0,0.0,0.0,-0.29224574174897794,-0.026281001489555256,-0.0058015064162698984,-2.401,-1.322,1.731,2.845
figure_eight,rubber_carpet,0.2,0.11814466074814255,4.800029039382935,0.0,0.0,0.0,-0.2758714530851412,-0.0408625951390498,-0.005480281433667709,-2.698,-1.115,1.474,2.904
figure_eight,rubber_carpet,0.2,0.3402852662718711,4.9999871253967285,0.0,0.0,0.0,-0.25405961903492974,-0.04901991241840398,-0.0050382378947138595,-2.219,-0.716,1.015,2.483
figure_eight,rubber_carpet,0.2,0.5003455707939943,5.199984312057495,0.0,0.0,0.0,-0.22825973008894945,-0.05425529312358332,-0.004982045259897046,-1.612,-0.129,0.368,1.826
figure_eight,rubber_carpet,0.2,0.6121065844809942,5.400030851364136,0.0,0.0,0.0,-0.19746862061203105,-0.05823667856410081,-0.0038272540599730287,-1.051,0.371,-0.084,1.347
figure_eight,rubber_carpet,0.2,0.6886790496649682,5.599987983703613,0.0,0.0,0.0,-0.16263138352251522,-0.060537391061427,-0.003695193727520009,-0.402,1.006,-0.713,0.558
figure_eight,rubber_carpet,0.2,0.7394145084826446,5.800029039382935,0.0,0.0,0.0,-0.12647706317096835,-0.06003695537256584,-0.002358623845778604,0.345,1.562,-1.322,-0.224
figure_eight,rubber_carpet,0.2,0.7701068766390415,5.999997138977051,0.0,0.0,0.0,-0.08856512590276383,-0.057213002930947665,-6.182558081350292e-05,0.488,2.157,-1.986,-0.751
figure_eight,rubber_carpet,0.2,0.7840980473485846,6.19997501373291,0.0,0.0,0.0,-0.04965374922457165,-0.050862429480118654,0.0015381964818663649,0.998,2.555,-2.254,-0.9
figure_eight,rubber_carpet,0.2,0.7828331560792193,6.399980783462524,0.0,0.0,0.0,-0.01022257854467351,-0.0388913161013322,0.003942169688569475,1.007,2.733,-2.636,-1.532
figure_eight,rubber_carpet,0.2,0.76617729477615,6.600008010864258,0.0,0.0,0.0,0.030385880399010294,-0.025543764444878186,0.006265781865449044,1.433,2.876,-2.67,-1.541
figure_eight,rubber_carpet,0.2,0.732394627194742,6.800038576126099,0.0,0.0,0.0,0.07103822389567521,-0.008278918441267491,0.006778314591436914,1.444,2.771,-2.599,-1.581
figure_eight,rubber_carpet,0.2,0.6778147385862168,7.000008821487427,0.0,0.0,0.0,0.11095520143077409,0.009687943450658515,0.010913570696233915,1.226,2.595,-2.927,-1.616
figure_eight,rubber_carpet,0.2,0.5960787366074739,7.199991226196289,0.0,0.0,0.0,0.15001670999466452,0.027806957861220727,0.011202206483130112,1.539,3.106,-3.044,-1.284
figure_eight,rubber_carpet,0.2,0.4772291021658049,7.3999998569488525,0.0,0.0,0.0,0.18362419776827868,0.041803420043709516,0.01149365625005411,0.959,2.807,-3.067,-1.477
figure_eight,rubber_carpet,0.2,0.3076018468169118,7.59997820854187,0.0,0.0,0.0,0.22207745632460554,0.05605693434431905,0.013495450391868096,1.106,2.512,-2.589,-1.053
figure_eight,rubber_carpet,0.2,0.07418743419909689,7.800001382827759,0.0,0.0,0.0,0.2546978035382331,0.06410177931405805,0.01218714833918498,0.868,2.497,-2.611,-1.213
figure_eight,rubber_carpet,0.2,-0.2190143478899282,7.9999916553497314,0.0,0.0,0.0,0.28432937337943703,0.0681734974580542,0.01427239500821582,0.785,1.859,-2.114,-0.852
figure_eight,rubber_carpet,0.2,-0.5330472702769525,8.200001239776611,0.0,0.0,0.0,0.3111601961264435,0.06975252043385302,0.013224601565898251,0.287,1.601,-1.864,-0.443
figure_eight,rubber_carpet,0.2,-0.8141354738043421,8.399993658065796,0.0,0.0,0.0,0.3364163715120031,0.0688708406144348,0.013467334499635095,-0.109,0.905,-1.143,0.003
figure_eight,rubber_carpet,0.2,-1.0373579881248416,8.599982500076294,0.0,0.0,0.0,0.357176854515233,0.0661103870977415,0.012675412839083383,-0.803,0.41,-0.478,0.851
figure_eight,rubber_carpet,0.2,-1.208628312977723,8.800037145614624,0.0,0.0,0.0,0.3748221827291378,0.06280317440348335,0.012143101791948347,-1.436,-0.471,0.251,1.375
figure_eight,rubber_carpet,0.2,-1.3434363161351939,8.999993801116943,0.0,0.0,0.0,0.38837849155002974,0.05821361002356015,0.01235490060947541,-2.142,-1.016,0.765,2.149
figure_eight,rubber_carpet,0.2,-1.456272293335759,9.20003604888916,0.0,0.0,0.0,0.39602513179501947,0.05183882040826096,0.009823712919258848,-2.608,-1.473,1.451,3.084
figure_eight,rubber_carpet,0.2,-1.5584236280503794,9.400038242340088,0.0,0.0,0.0,0.40223312389226884,0.044788663868468,0.008187592475978014,-3.096,-2.392,2.256,3.166
figure_eight,rubber_carpet,0.2,-1.6594199067596285,9.599993705749512,0.0,0.0,0.0,0.4088976873034333,0.03602931684852978,0.00904031323161534,-3.069,-3.222,2.815,2.932
figure_eight,rubber_carpet,0.2,-1.768644902312727,9.800019979476929,4.965238523794966,2.785822909686908,-1.2843513198748178,0.41310392139936325,0.019568012327846634,0.009712199072344406,-2.401,-3.0,3.004,3.185
figure_eight,rubber_carpet,0.2,-1.8968056269158524,10.000006675720215,4.965238523794966,2.785822909686908,-1.2843513198748178,0.40954154302598106,0.0038235214846026877,0.0035992665539468227,-2.736,-2.587,3.23,3.594
figure_eight,rubber_carpet,0.2,-2.0575037613690763,10.199985027313232,4.965238523794966,2.785822909686908,-1.2843513198748178,0.4006238931996624,-0.01595350090551384,0.0006697873454947212,-2.826,-3.141,3.116,2.916
figure_eight,rubber_carpet,0.2,-2.2666145404481246,10.39999794960022,4.965238523794966,2.785822909686908,-1.2843513198748178,0.39190468948119417,-0.03321980405132052,0.0008730691366720528,-2.303,-2.866,3.258,2.553
figure_eight,rubber_carpet,0.2,-2.53423042086871,10.600039720535278,4.965238523794966,2.785822909686908,-1.2843513198748178,0.3772726883239919,-0.05513487664871408,0.001977565063045736,-1.908,-2.544,2.921,2.386
figure_eight,rubber_carpet,0.2,-2.844467579572794,10.799994468688965,4.965238523794966,2.785822909686908,-1.2843513198748178,0.35905011068999476,-0.07233894843702937,0.0005751728989771762,-1.727,-2.56,2.574,1.936
figure_eight,rubber_carpet,0.2,3.1354037154366954,10.99996018409729,4.965238523794966,2.785822909686908,-1.2843513198748178,0.3406310499464824,-0.08599463799393878,-0.0011456204738612558,-0.879,-2.45,2.8,1.304
figure_eight,rubber_carpet,0.2,2.885615634844955,11.199972152709961,4.965238523794966,2.785822909686908,-1.2843513198748178,0.3204592104860836,-0.09387265165684817,0.0016196992358868054,-0.839,-2.456,2.528,0.81
figure_eight,rubber_carpet,0.2,2.701064846288999,11.400017738342285,4.965238523794966,2.785822909686908,-1.2843513198748178,0.2961526164979576,-0.09543729990367106,0.001706823165427522,-0.427,-1.919,1.93,0.633
figure_eight,rubber_carpet,0.2,2.5710376559123698,11.59999132156372,4.965238523794966,2.785822909686908,-1.2843513198748178,0.2668632381413779,-0.09451546411270784,0.001833293928532223,0.122,-1.288,1.431,0.026
figure_eight,rubber_carpet,0.2,2.481168396602565,11.800034284591675,4.965238523794966,2.785822909686908,-1.2843513198748178,0.23480389295444667,-0.09121752560052453,0.0026221111484124107,0.856,-0.698,0.689,-0.686
figure_eight,rubber_carpet,0.2,2.4205848206613862,11.999985933303833,4.965238523794966,2.785822909686908,-1.2843513198748178,0.19967531042226302,-0.08653343893709722,0.002702680562041447,1.398,-0.03,0.058,-1.274
figure_eight,rubber_carpet,0.2,2.381899257070024,12.20125937461853,4.965238523794966,2.785822909686908,-1.2843513198748178,0.1641703486738223,-0.07849832046721653,0.0026652063844820953,2.193,0.54,-0.414,-2.135
figure_eight,rubber_carpet,0.2,2.361414321772956,12.400001287460327,4.965238523794966,2.785822909686908,-1.2843513198748178,0.12761870875426473,-0.06798722361853393,0.005472171091867019,2.524,0.894,-0.717,-2.38
