motion_type,surface,velocity,target_angle,time,aruco_x,aruco_y,aruco_theta,odom_x,odom_y,odom_theta,wheel_joint_fl,wheel_joint_fr,wheel_joint_bl,wheel_joint_br
straight,grass,0.2,0,0.19988536834716797,-0.0012007672961569515,-0.0007669525556643353,0.6589166457679113,-7.762082380735613e-07,-6.63227993746851e-07,-9.36854628354189e-07,-1.725,-1.799,2.151,2.359
straight,grass,0.2,0,0.3996443748474121,0.0,0.0,0.0,0.011722737253394067,-0.005001289279292942,-0.0003794232996642416,-2.54,-0.168,0.056,3.179
straight,grass,0.2,0,0.5996279716491699,0.0,0.0,0.0,0.04070151458867283,-0.017198447184972154,0.0010774053922437132,-1.866,-0.158,0.285,2.255
straight,grass,0.2,0,0.7998943328857422,0.0,0.0,0.0,0.052561029829010675,-0.021740320119588596,0.0015402349381907834,-1.888,-0.088,0.277,2.256
straight,grass,0.2,0,0.9997091293334961,-0.0012007672961569515,-0.0007669525556643353,0.6589166457679113,0.10219030106045762,-0.038237888045755064,0.004596606878105661,-1.635,0.004,0.001,1.76
straight,grass,0.2,0,1.2003064155578613,-0.00027082250542384556,-0.00173126610336799,0.10160620339172513,0.14545014819810226,-0.051869516786484104,0.005010769838843243,-1.368,-0.27,0.23,1.957
straight,grass,0.2,0,1.3996212482452393,0.019672551919829112,-0.0018988669334323305,0.10952511149809652,0.1842968685309327,-0.06255868996576341,0.005706052028915658,-1.497,0.081,0.111,2.044
straight,grass,0.2,0,1.5996458530426025,0.05232147409895058,-0.0005625030933542052,0.09443084285404013,0.22273569585078318,-0.07137865476829874,0.006286090945048652,-1.19,0.059,-0.203,1.924
straight,grass,0.2,0,1.79988431930542,0.08649260166594566,0.001101265287857478,0.051493867840140456,0.2585552484605806,-0.08052458059477985,0.0068230350632238895,-1.118,0.051,0.081,1.753
straight,grass,0.2,0,2.00004243850708,0.1264758473073179,0.0028300078865315936,-0.10674429474556052,0.30102550961501945,-0.0900720303104463,0.006410721113579522,-1.146,0.391,-0.069,1.285
straight,grass,0.2,0,2.1999523639678955,0.16480315491457365,0.0026383073203163354,0.08438184383723932,0.3224825227468024,-0.09366628205606453,0.007072300260375336,-1.126,-0.059,0.146,1.402
straight,grass,0.2,0,2.4001381397247314,0.20382630230283613,0.0036997354797428383,0.12669300884388285,0.3670062560250397,-0.10201452195103855,0.008498584892441857,-0.914,0.082,-0.141,1.26
straight,grass,0.2,0,2.5999915599823,0.24770247483985108,0.004983041151892853,0.1933651880344187,0.4187526415708919,-0.11102469743822552,0.00853138456166835,-0.876,0.129,-0.213,1.313
straight,grass,0.2,0,2.7998878955841064,0.28780712439709893,0.007412074497158139,0.115830278965577,0.46486720661911335,-0.11799899811233927,0.009828403264639893,-1.26,0.125,-0.365,1.507
straight,grass,0.2,0,2.999919891357422,0.3313190559323464,0.0018365216556663344,0.26097788120044485,0.5014883452629071,-0.12164451312773461,0.01016391189316665,-0.839,0.169,-0.109,1.405
straight,grass,0.2,0,3.1997315883636475,0.3715065518313433,0.005348642741766052,0.10249962975496185,0.5427410767181464,-0.12673507037922171,0.011301666362047515,-0.73,0.334,-0.332,1.322
straight,grass,0.2,0,3.3999276161193848,0.4195576500429699,0.00944727480695412,0.16498254278004115,0.5783372796090038,-0.13124415379514554,0.011850875509230942,-0.891,0.316,-0.377,1.49
straight,grass,0.2,0,3.599869728088379,0.4572573672761435,0.008323427117356896,0.10844183919457082,0.6240984288507989,-0.13645394866076155,0.013340154279148954,-0.903,0.455,-0.403,0.771
straight,grass,0.2,0,3.7999038696289062,0.49939166308601424,0.008956903117948223,0.1989634860284778,0.6642867662369873,-0.14080035331071883,0.012450703782951322,-0.99,0.569,-0.419,1.103
straight,grass,0.2,0,3.999929666519165,0.5364441338986013,0.0116224710786631,0.10236131751914213,0.6969498876751001,-0.1447993850585778,0.012042069714454602,-0.798,0.528,-0.051,1.075
straight,grass,0.2,-3.141592653589793,4.199939489364624,0.5763299613865269,0.015042242106589054,0.5072684196451911,0.7380492821409133,-0.14931985464257136,0.013341091540310511,-0.668,0.638,-0.229,1.005
straight,grass,0.2,-3.141592653589793,4.399717092514038,0.6176742556422157,0.015326833564462405,0.0756158354095823,0.7460516623878339,-0.15012294784484748,0.013578219340952703,0.825,-1.218,1.437,-0.579
straight,grass,0.2,-3.141592653589793,4.599726915359497,0.6585088124739693,0.018348974526137096,-0.029700984854541812,0.7234267684021529,-0.15020322537595243,0.012697198513746667,0.387,-1.055,1.0,-0.351
straight,grass,0.2,-3.141592653589793,4.799865007400513,0.7004942234884258,0.020481415087358013,0.06345786661909852,0.6932421290440784,-0.1493448668355516,0.012714068934535135,0.702,-0.767,1.312,-0.468
straight,grass,0.2,-3.141592653589793,4.999934911727905,0.7388737213475187,0.02086118298554518,0.024734469200541176,0.6625908441646995,-0.14871218007936682,0.013030859340121412,0.419,-0.891,1.244,-0.601
straight,grass,0.2,-3.141592653589793,5.200176000595093,0.7743119090415097,0.02294265165392062,-0.0020960664725901967,0.6260494762842712,-0.1486953398741413,0.014279301204170682,0.461,-0.869,0.998,-0.445
straight,grass,0.2,-3.141592653589793,5.399860620498657,0.7600233460561712,0.022703627723756947,0.5050097027753753,0.5901327677266079,-0.14955136198766816,0.015888648462285673,0.441,-1.003,1.063,-0.866
straight,grass,0.2,-3.141592653589793,5.599905252456665,0.7342037277494402,0.020712876054759022,0.026168250692446743,0.5639545563721349,-0.148689147132535,0.016317943062912576,0.514,-0.78,1.131,-0.532
straight,grass,0.2,-3.141592653589793,5.799910306930542,0.7060991088414998,0.018765875901034235,0.030603303356268097,0.5197871576129127,-0.1478569068583684,0.016037682568617026,0.47,-0.863,1.129,-0.286
straight,grass,0.2,-3.141592653589793,5.99970555305481,0.6759482267235551,0.016919863347289454,0.053263609247487353,0.48562306581562115,-0.14611017570654083,0.0171606099187146,0.482,-1.066,1.026,-0.697
straight,grass,0.2,-3.141592653589793,6.200104475021362,0.6426733509921839,0.018533635690590355,0.06339305391561437,0.4476702829802451,-0.14631310267151687,0.01768833920320746,0.613,-0.765,0.991,-0.455
straight,grass,0.2,-3.141592653589793,6.399683952331543,0.6068771846252053,0.019861736455365098,-0.003736117562816166,0.40326866397300803,-0.1452405929546714,0.017944238514089786,0.692,-0.889,0.918,-0.541
straight,grass,0.2,-3.141592653589793,6.599905014038086,0.5778272646413719,0.01976272052958511,0.015747282954982567,0.39219640106723125,-0.1456342922395092,0.017882372618632004,0.525,-0.355,1.078,-0.62
straight,grass,0.2,-3.141592653589793,6.799901723861694,0.5427539765876923,0.017822312831709153,0.381339603721072,0.33460761032120473,-0.14572075185119715,0.01755898404164303,0.939,-0.74,0.958,-0.695
straight,grass,0.2,-3.141592653589793,6.999909400939941,0.5056761888063417,0.020627509590022686,0.03392520625463605,0.28914134748532455,-0.14538272922902218,0.016705999012998168,0.652,-0.912,0.794,-1.021
straight,grass,0.2,-3.141592653589793,7.199601173400879,0.47012701391771794,0.023784076790715925,0.14484019882991814,0.2605040500396128,-0.14443557335789303,0.018024851772414856,0.485,-0.934,1.062,-0.821
straight,grass,0.2,-3.141592653589793,7.399902820587158,0.43488019955080787,0.02318155331447197,0.14910774319759484,0.2224936911358812,-0.1447993690122632,0.0186838233949399,0.964,-0.62,0.958,-0.99
straight,grass,0.2,-3.141592653589793,7.599671840667725,0.3991058115282724,0.0240639902076486,0.07753457693366997,0.1726279992249546,-0.14484883065460896,0.019628708534292303,1.115,-0.679,1.174,-0.784
straight,grass,0.2,-3.141592653589793,7.799855947494507,0.3649040499899622,0.026036826420942016,0.08646531516732495,0.13532951578669178,-0.1433083281886669,0.01902034293479155,0.465,-0.932,0.772,-0.753
straight,grass,0.2,-3.141592653589793,7.99990701675415,0.3255986231743817,0.02469993446411889,0.1750204503029107,0.09342974883467697,-0.14159109643655665,0.01921813125193671,0.887,-0.689,0.837,-0.684
straight,grass,0.2,0,0.2000422477722168,0.0,0.0,0.0,7.302329676495134e-07,7.135337507513384e-07,-9.375578902768439e-07,-0.062,0.094,0.002,0.021
straight,grass,0.2,0,0.40027427673339844,0.0,0.0,0.0,0.013882948821249685,-0.0001408181344902948,-0.0018497907749406312,-1.188,1.169,-1.066,1.269
straight,grass,0.2,0,0.5999355316162109,0.0,0.0,0.0,0.043229721446554514,0.00020520989687167202,-0.003135160039467297,-0.784,0.986,-0.88,1.133
straight,grass,0.2,0,0.8000710010528564,0.0,0.0,0.0,0.07634349069809393,-0.0017325128479469543,-0.0029757787578154737,-0.677,0.941,-0.86,0.901
straight,grass,0.2,0,1.000314712524414,0.0,0.0,0.0,0.10796762332076476,-0.0009777527387118123,-0.003949876024420856,-0.505,0.429,-0.639,1.157
straight,grass,0.2,0,1.1999549865722656,0.0,0.0,0.0,0.12910358609861378,-0.0014869593050356178,-0.003693930246192653,-0.628,0.822,-0.804,0.992
straight,grass,0.2,0,1.4003410339355469,0.023374357852274763,0.0017749372971412603,-0.015213649072878147,0.17553770892113724,-0.001769026133827345,-0.00418707062732754,-0.603,0.767,-0.644,0.488
straight,grass,0.2,0,1.5999763011932373,0.053884976653483324,0.0040399969158061155,-0.053199729757376676,0.22014688399117494,-0.0019064164702942143,-0.003871123544402789,-0.364,0.419,-0.289,0.765
straight,grass,0.2,0,1.8002493381500244,0.08977162614969035,0.00890118387884567,-0.017043049292911394,0.2623815359262249,-0.0018355858232671496,-0.003834559872583668,-0.661,0.486,-0.773,1.07
straight,grass,0.2,0,2.000028610229492,0.1280608378548077,0.015779209324486093,-0.04620353807950257,0.30876957027482627,-0.0032960674850655014,-0.003222350880297275,-0.575,0.324,-0.635,0.986
straight,grass,0.2,0,2.19992995262146,0.16990471421143735,0.018833841504416554,-0.0629358204178157,0.3486618391152076,-0.004352633608668555,-0.0029242141776867382,-0.329,0.521,-0.608,1.072
straight,grass,0.2,0,2.3999335765838623,0.21023112822055384,0.02220466804746496,-0.06375588959226346,0.3879171772503041,-0.005101848331880765,-0.002972028607317068,-0.491,0.919,-0.625,0.928
straight,grass,0.2,0,2.6000008583068848,0.25374002685093433,0.022507195978051925,-0.04013733453962616,0.42582208278437955,-0.005815977038786668,-0.00194073273054345,-0.888,0.513,-1.081,0.761
straight,grass,0.2,0,2.79995059967041,0.29512297976858093,0.02685745422823857,-0.06648225341589338,0.45279662854956465,-0.006402931664487577,-0.0015863400138665705,-0.596,0.597,-0.7,1.007
straight,grass,0.2,0,3.0000131130218506,0.33492473388047916,0.03175479433584,-0.1616647091498754,0.48770196797538495,-0.007295650402090237,-0.0017879127071616964,-0.515,0.618,-0.429,0.793
straight,grass,0.2,0,3.19999623298645,0.37713024722145716,0.03633508351626599,-0.14108499127824362,0.5283847408685989,-0.007911777030137679,-0.001660406294538624,-0.65,0.674,-0.806,0.704
straight,grass,0.2,0,3.3999898433685303,0.4121261685876007,0.04205357161480741,-0.17038458099560555,0.5834462092765966,-0.008611065227662862,-0.0022482473193227194,-0.477,0.662,-0.639,0.873
straight,grass,0.2,0,3.600292205810547,0.44961602904618553,0.04908593843239856,-0.17763729739408746,0.620894686906468,-0.009301485938143839,-0.0015085234982299195,-0.609,0.604,-0.627,1.022
straight,grass,0.2,0,3.799954652786255,0.5087766251173336,0.04995468647443749,0.10040757175729854,0.659793859572469,-0.008333054532038586,-0.0006525390160407162,-0.736,0.55,-0.724,1.14
straight,grass,0.2,-3.141592653589793,4.000035047531128,0.5296991573697486,0.05894047073365841,-0.10829869561345572,0.7046990143188265,-0.008306966358372803,-0.000318769384384604,-0.634,0.542,-0.819,0.952
straight,grass,0.2,-3.141592653589793,4.200171947479248,0.5684446119292205,0.06636472904984746,-0.18968118901441497,0.7144200444588511,-0.010223113690162045,-0.00020438749843860408,1.417,-1.453,1.298,-1.279
straight,grass,0.2,-3.141592653589793,4.400012493133545,0.607663156657051,0.07487025189808601,-0.22805458412832225,0.6950418926523101,-0.00984098058832783,0.000536283920462414,0.768,-0.945,0.702,-0.736
straight,grass,0.2,-3.141592653589793,4.600305557250977,0.6438426292214225,0.08048572895772794,-0.2147916299007394,0.671601984263692,-0.009252163853971318,0.0006984819838445075,0.496,-0.669,0.626,-0.663
straight,grass,0.2,-3.141592653589793,4.799938201904297,0.6746815412458512,0.08746913522029015,-0.2892462401542466,0.6266140659829531,-0.008582344471976033,0.0014560330222186026,0.65,-0.735,0.728,-0.804
straight,grass,0.2,-3.141592653589793,5.000016450881958,0.7169277062524877,0.09111789655955577,-0.2404455169953666,0.597975172024868,-0.008714366102111737,0.002008259316418653,0.813,-0.837,0.622,-0.54
straight,grass,0.2,-3.141592653589793,5.200392246246338,0.7004055690115011,0.0909082784175728,-0.26222814673499156,0.5705145009567194,-0.00869856542953984,0.002189209786810872,0.697,-0.764,0.931,-1.037
straight,grass,0.2,-3.141592653589793,5.399948358535767,0.6756755600025187,0.08783351108806428,-0.25389838487737765,0.5305121514054858,-0.009198999920029705,0.002848320481829556,0.592,-0.474,0.715,-0.961
straight,grass,0.2,-3.141592653589793,5.599948167800903,0.6441334843565192,0.08345951623522373,-0.26666403760333685,0.4863655292961859,-0.009419870642542572,0.0023232819732008064,0.773,-0.757,0.64,-0.831
straight,grass,0.2,-3.141592653589793,5.7999420166015625,0.6115220865428304,0.07830697488913752,-0.24471055906803438,0.44854124294794134,-0.010908287468945788,0.0024479785380740636,0.814,-0.7,0.504,-0.714
straight,grass,0.2,-3.141592653589793,6.000036954879761,0.5873637645872695,0.0771877269167547,-0.15166010421694875,0.4130841624575022,-0.011554925829702967,0.0025445480939591154,0.766,-0.64,0.649,-0.88
straight,grass,0.2,-3.141592653589793,6.200098514556885,0.5524630851685659,0.0739626223218246,-0.13926181300801943,0.38056570361346603,-0.01150772480514095,0.0019623185428510547,0.669,-0.595,0.66,-1.033
straight,grass,0.2,-3.141592653589793,6.399949312210083,0.5171835773468436,0.07050203507001583,-0.1988087361534115,0.33250904857661806,-0.011030349986710153,0.0032055346525460718,0.674,-1.026,0.629,-0.505
straight,grass,0.2,-3.141592653589793,6.600089073181152,0.4853039652041357,0.06525609519630893,-0.1788527542989902,0.29690817308363376,-0.011210129425847093,0.003623691287770367,0.715,-0.598,0.862,-0.623
straight,grass,0.2,-3.141592653589793,6.800114393234253,0.44755160757724116,0.06341399706895981,-0.1616674346527616,0.2605255975925758,-0.012007623144890456,0.0036058774318671223,0.885,-0.576,0.814,-0.91
straight,grass,0.2,-3.141592653589793,7.000237941741943,0.4156637235259228,0.060230660314027434,-0.14677020339770025,0.2187953101737357,-0.01234659136196381,0.005208188968670993,0.878,-0.73,0.613,-1.14
straight,grass,0.2,-3.141592653589793,7.199962615966797,0.377864791735153,0.05544329927214475,-0.09520575772562498,0.18255115232202096,-0.012369775727263277,0.00477409254717758,0.869,-0.928,0.759,-1.176
straight,grass,0.2,-3.141592653589793,7.399976491928101,0.3354942157502394,0.050817971311180626,-0.14145812504480282,0.1433308053480245,-0.012322780917945142,0.004382187083448104,0.789,-0.662,1.024,-1.167
straight,grass,0.2,-3.141592653589793,7.60035514831543,0.2987880727096456,0.04830395422766878,-0.10650141859797295,0.10613777840344579,-0.011894209106131703,0.004483444936280305,0.958,-0.565,0.729,-0.667
straight,grass,0.2,-3.141592653589793,7.799954652786255,0.262150724135093,0.04325091720509977,-0.11851651938190069,0.0632038408340882,-0.010602302888659043,0.0037765154475479837,0.617,-0.978,0.813,-0.717
straight,grass,0.2,-3.141592653589793,7.999941349029541,0.22893570102321853,0.03833067819890376,-0.024262981202261547,0.026274912682557494,-0.010471442715069834,0.00355806129576746,0.702,-0.912,0.716,-0.828
straight,grass,0.2,0,0.20003271102905273,0.0,0.0,0.0,-1.1561373235824401e-05,5.7544608685899945e-06,-7.500585425472333e-06,0.537,-0.592,0.465,-0.66
straight,grass,0.2,0,0.4000508785247803,0.0,0.0,0.0,0.009452138315771796,7.663747674591104e-05,-3.281506160988305e-05,-0.902,0.769,-1.054,0.734
straight,grass,0.2,0,0.60007643699646,0.0,0.0,0.0,0.029179286491198442,-4.543939854118051e-05,0.0011532141430157308,-0.795,0.803,-0.983,0.678
straight,grass,0.2,0,0.800079345703125,0.0,0.0,0.0,0.057335752170427356,8.153127041932162e-05,0.0015563697372702888,-0.576,0.649,-0.925,0.725
straight,grass,0.2,0,1.0005402565002441,0.0,0.0,0.0,0.08559432962845676,0.0008318652269938553,0.0011691528593609332,-0.817,0.698,-0.819,0.848
straight,grass,0.2,0,1.2005376815795898,0.003245357340528221,0.0014711599183336033,-0.07627575513955702,0.1248210773806962,0.0016206578784573322,0.0011822788606601492,-0.754,0.483,-1.004,1.023
straight,grass,0.2,0,1.4000051021575928,0.027183267510063808,0.007291535774964886,0.29692362688525564,0.15833480638927483,0.0025583029884055364,-0.0008372530671904421,-0.696,0.475,-0.981,0.858
straight,grass,0.2,0,1.6000418663024902,0.05189307961751698,0.010157178630912894,0.08492697219797675,0.1936200834522092,0.003538659293489399,-0.0024873818904156734,-0.792,0.538,-0.595,0.83
straight,grass,0.2,0,1.8000080585479736,0.08178245140062018,0.018260587121473493,0.06970590884732006,0.23636012011744761,0.002750840351120165,-0.003422140750981525,-0.359,0.493,-0.508,0.858
straight,grass,0.2,0,2.000065803527832,0.11685799982252387,0.028743060701003714,0.15197482665477566,0.274243489402717,0.0026038868775720703,-0.00337432464691891,-0.463,0.479,-0.961,0.62
straight,grass,0.2,0,2.2000415325164795,0.14745497443952787,0.033497897483861394,0.040109999536340715,0.3112398200508389,0.002787121198556841,-0.0038862379169578008,-0.577,0.285,-0.871,0.548
straight,grass,0.2,0,2.400048017501831,0.1866301957450298,0.043771637105337324,0.1098496024395115,0.3520383773013997,0.003367426732972967,-0.003073364337733972,-0.301,0.275,-0.675,0.948
straight,grass,0.2,0,2.600038528442383,0.22694212216925927,0.051397918773086027,0.006218886943599275,0.38575481342899093,0.003476341621703072,-0.004088752849071231,-0.699,0.426,-0.667,0.989
straight,grass,0.2,0,2.8000736236572266,0.27002474830840917,0.060853479760413526,0.025673502696544184,0.42621298958750403,0.0033548987640197314,-0.005646987765757559,-0.446,0.661,-0.656,1.194
straight,grass,0.2,0,3.000080108642578,0.3096249234218928,0.06989899076557372,-0.05260178524392563,0.46230350536208437,0.003970971860386419,-0.006555484288011728,-0.451,0.641,-0.855,0.732
straight,grass,0.2,0,3.2000229358673096,0.3499156689099065,0.08039729689023588,-0.034140494599301754,0.5093597374567103,0.0023005135677756083,-0.006389536332491435,-0.504,0.722,-1.017,0.746
straight,grass,0.2,0,3.4000797271728516,0.38743275222800005,0.09245202563759936,-0.04416563980834205,0.546037159588334,0.0008079071199357246,-0.0049363138334845074,-0.822,0.45,-0.834,0.709
straight,grass,0.2,0,3.600155830383301,0.4234339464936896,0.10118929669485105,-0.007931966416621777,0.584689501602516,0.00029139925631460617,-0.004651293617789369,-0.656,0.381,-0.713,0.751
straight,grass,0.2,0,3.800124168395996,0.46550717576704626,0.11003223377590635,-0.07385179089716078,0.6256935296369275,-0.0004920354799213822,-0.0033180703996465153,-0.658,0.541,-0.894,0.828
straight,grass,0.2,-3.141592653589793,4.00010347366333,0.5028329222131308,0.11801398311667913,-0.0600639051025329,0.666880439243579,-0.0008018740663016111,-0.002948667328286198,-0.668,0.523,-1.024,0.828
straight,grass,0.2,-3.141592653589793,4.200052976608276,0.537170348211797,0.12409805808128262,-0.12152409107050959,0.6696122122293235,-0.001206575923157982,-0.0025136339171275327,1.113,-1.076,0.806,-1.073
straight,grass,0.2,-3.141592653589793,4.400163412094116,0.5740969022532529,0.13252802431301375,-0.14748182047308933,0.644028023803271,-0.0007961154331859177,-0.0030930533362037477,0.759,-0.794,0.979,-0.692
straight,grass,0.2,-3.141592653589793,4.600163221359253,0.60727179338427,0.14186965612061753,-0.17597702969350187,0.6164734186851424,-0.0008511482715087837,-0.002363622321597716,0.776,-0.817,0.605,-1.147
straight,grass,0.2,-3.141592653589793,4.800026178359985,0.6469031392841462,0.15293374006251664,-0.14964947305920695,0.5812874433805113,-0.0012770922822815667,-0.0015019926906073076,0.779,-0.718,0.767,-0.617
straight,grass,0.2,-3.141592653589793,5.0007078647613525,0.6762940788424145,0.15835598854140456,-0.1604619890939702,0.5567199912222829,-0.0028523518883042387,-0.0019604660061841904,1.052,-0.592,0.464,-1.246
straight,grass,0.2,-3.141592653589793,5.200090646743774,0.6537232094670493,0.1530490589427751,-0.15208873272272522,0.5158303489578593,-0.00373071320214291,-0.0016538795743584994,0.749,-0.462,0.759,-1.212
straight,grass,0.2,-3.141592653589793,5.400097846984863,0.625304689542351,0.1495342734422735,-0.18237304566607976,0.4783121296189276,-0.0035602240118954853,-0.0020232833984277936,0.712,-0.574,0.755,-0.775
straight,grass,0.2,-3.141592653589793,5.600074768066406,0.5990678631469284,0.14101839560349055,-0.15664732734301334,0.43827696691810686,-0.003011274249836826,-0.0007003673281979499,0.452,-0.834,0.6,-1.239
straight,grass,0.2,-3.141592653589793,5.8001182079315186,0.5703894482673624,0.13417974199955174,-0.13664038142903423,0.40720386949327697,-0.0025079069113495,-0.0015535592269150071,0.818,-0.763,0.742,-0.626
straight,grass,0.2,-3.141592653589793,6.000123500823975,0.5370627773581164,0.12744355619568837,0.28521021121844964,0.36817215718961255,-0.0022885973898886247,-0.001272287193558268,0.627,-0.685,0.712,-0.765
straight,grass,0.2,-3.141592653589793,6.2000792026519775,0.5051905268403646,0.11793471187439136,0.2546060779498047,0.32440313436168094,-0.002716445426149683,-0.001437300124674707,0.808,-0.562,0.641,-0.652
straight,grass,0.2,-3.141592653589793,6.400079965591431,0.48464505380031553,0.1085214337418973,-0.06753723264221202,0.2848227402495293,-0.0024772230184672006,-0.001915462498735487,0.873,-0.571,0.982,-0.828
straight,grass,0.2,-3.141592653589793,6.600449085235596,0.436897944509009,0.10345592469314487,-0.05381361391752838,0.25148219363667396,-0.0023571937745180405,-0.001044456824626801,0.637,-0.776,0.821,-1.149
straight,grass,0.2,-3.141592653589793,6.800034284591675,0.40442077293835665,0.09566282478815968,-0.08550005653312541,0.21354406825450772,-0.0023800267275820852,-0.0008297524786927778,0.536,-0.7,0.681,-1.211
straight,grass,0.2,-3.141592653589793,7.000016450881958,0.3621577485525389,0.08660074059883187,0.14930517061169762,0.17383116696537032,-0.0034147718042882858,-7.313071002334971e-05,0.779,-0.782,1.058,-0.999
straight,grass,0.2,-3.141592653589793,7.199993371963501,0.32327872785918255,0.07904403533198069,-0.018977518797486104,0.13305458138312282,-0.0023564300062614008,-0.00010500820043540121,0.994,-0.832,1.041,-0.878
straight,grass,0.2,-3.141592653589793,7.400382041931152,0.28745887833972683,0.07184027426782673,0.1866583060937062,0.09235664406670463,-0.0017061898998894653,-0.00016876318368793915,0.617,-0.791,0.701,-0.766
straight,grass,0.2,-3.141592653589793,7.6000657081604,0.25260052795031185,0.06441793138788032,0.0006361984195471099,0.05139208096026665,-0.00147689181781252,0.0001818891798543715,0.506,-0.648,0.78,-0.761
straight,grass,0.2,-3.141592653589793,7.800498723983765,0.21863168477834005,0.05585497042958798,-0.01626828706086607,0.016319455249457104,-0.0022697017648274365,-0.00017345105022596068,0.421,-0.8,0.792,-1.136
straight,grass,0.2,-3.141592653589793,0.1999061107635498,0.0008498252997083955,0.0003427480341525735,-0.07669224314856819,2.7760374121665876e-06,-1.2941992468817887e-06,9.233227464822136e-07,-0.023,0.429,-0.077,0.892
straight,grass,0.2,-3.141592653589793,0.39997220039367676,0.0018868793078789525,-0.001208850034958714,-0.03949277267962835,-0.007295079410381766,-0.0029250186859746674,-0.0006546742079754087,1.463,-1.09,1.462,-0.686
straight,grass,0.2,-3.141592653589793,0.599869966506958,0.0018868793078789525,-0.001208850034958714,-0.03949277267962835,-0.0394335116948491,-0.015333215472509432,0.00235858920291962,1.002,-0.826,0.9,-0.529
straight,grass,0.2,-3.141592653589793,0.7996237277984619,-0.0027861480862086674,0.0004273724049900507,-0.10008541836865435,-0.06763369967188981,-0.026171034564606177,0.004429253124862559,1.073,-0.568,0.846,-0.673
straight,grass,0.2,-3.141592653589793,0.9999563694000244,0.0018868793078789525,-0.001208850034958714,-0.03949277267962835,-0.09525085244576126,-0.03741149399856958,0.006476072876480166,1.102,-0.86,0.859,-0.581
straight,grass,0.2,-3.141592653589793,1.1998584270477295,-0.00118898688551472,-0.0006051135201850522,-0.06121458319250013,-0.12871713897109605,-0.05188837307965549,0.008993171478497847,1.072,-0.809,1.104,-0.799
straight,grass,0.2,-3.141592653589793,1.399986743927002,-0.02441988576532153,-0.0025715545800982786,-0.01118420078113079,-0.16142497837286118,-0.06513930305389803,0.011739406788232432,0.731,-0.851,1.031,-0.478
straight,grass,0.2,-3.141592653589793,1.599851131439209,-0.05031927778266623,-0.0068564756265843685,0.035513790229529704,-0.19305707040868758,-0.0783717001856239,0.013458293683831002,0.698,-0.547,0.783,-0.857
straight,grass,0.2,-3.141592653589793,1.7998814582824707,-0.07884614425475867,-0.010894846556858045,0.06248518169357566,-0.2296375958611635,-0.09378003005302527,0.014320285214683648,1.118,-0.798,0.973,-0.568
straight,grass,0.2,-3.141592653589793,1.9998891353607178,-0.11563364367783133,-0.007733541876006,-0.042994328113080946,-0.26786055718362295,-0.10827603699654331,0.014712553967283826,0.796,-0.677,0.661,-0.331
straight,grass,0.2,-3.141592653589793,2.200026750564575,-0.1487455484864711,-0.011925516974332917,0.04376616122563278,-0.301940207249494,-0.1220370153647996,0.014989702269651184,0.84,-0.447,0.759,-0.473
straight,grass,0.2,-3.141592653589793,2.4001083374023438,-0.18247434244621033,-0.015933454380114426,0.043302370841267736,-0.3418937006655784,-0.1393751390386062,0.015425190661606053,0.911,-0.436,0.858,-0.599
straight,grass,0.2,-3.141592653589793,2.5997676849365234,-0.2212679163571207,-0.017925524638221918,-0.06531491196803584,-0.37636771447396544,-0.15445638142267248,0.01628132780222838,0.685,-0.568,0.723,-0.535
straight,grass,0.2,-3.141592653589793,2.7998600006103516,-0.25940598932649145,-0.018968226898864127,0.014522895814068432,-0.41339885435081714,-0.16840717917592896,0.016594288156772802,1.047,-0.735,0.799,-0.912
straight,grass,0.2,-3.141592653589793,2.999972105026245,-0.2990608851248969,-0.01957950768292724,0.06343382951061942,-0.44962504822837784,-0.18280200536019064,0.017426300372789777,0.686,-0.549,1.13,-0.748
straight,grass,0.2,-3.141592653589793,3.1996984481811523,-0.33912600063438875,-0.017165343747403583,0.03903340299497673,-0.4862675164750346,-0.19830021169071477,0.018978592711996117,0.894,-0.827,0.765,-0.929
straight,grass,0.2,-3.141592653589793,3.3997268676757812,-0.3816991913365469,-0.015493561668741995,-8.043693885809167e-06,-0.5224467637862655,-0.21401745953454876,0.01906599262247513,0.557,-0.614,0.762,-0.828
straight,grass,0.2,-3.141592653589793,3.599696636199951,-0.4216727815207135,-0.015274692990218053,-0.025387843622485418,-0.5594906380491584,-0.22926154629272066,0.018978592711996145,0.732,-0.685,0.899,-0.73
straight,grass,0.2,-3.141592653589793,3.7996718883514404,-0.457332418577053,-0.011281693096224926,-0.12513347129682484,-0.5970637066163064,-0.24394477438352602,0.02038600486571207,0.784,-0.716,0.987,-0.922
straight,grass,0.2,-3.141592653589793,3.999689817428589,-0.4941085800511865,-0.010426558988049756,-0.1502873621723418,-0.6338974963169997,-0.2589540376955969,0.021870253798033756,0.478,-0.554,1.151,-0.81
straight,grass,0.2,0,4.199735879898071,-0.5317578630545995,-0.009259785678395388,-0.18360712124212103,-0.6700901437304927,-0.27362274014343935,0.022983606435902693,0.778,-0.764,1.084,-1.011
straight,grass,0.2,0,4.3995890617370605,-0.5710952869105577,-0.006634657609376565,-0.2742089050304002,-0.6687221566917099,-0.27297797894862863,0.02259290454381327,-0.888,0.712,-0.566,0.633
straight,grass,0.2,0,4.599679231643677,-0.614183866930724,-0.010199992871132046,-0.2044531024162461,-0.6451376369290768,-0.2629598841248737,0.022281239981967266,-0.797,0.907,-0.584,0.674
straight,grass,0.2,0,4.799736261367798,-0.6547386890295528,-0.012624049856427372,-0.15897222538357603,-0.6180314367274855,-0.2515263857994319,0.022422824569146488,-0.801,0.639,-0.824,0.589
straight,grass,0.2,0,4.999695062637329,-0.6938308237618787,-0.01199203328811968,0.6991219676546674,-0.5898409852700485,-0.23946127894378344,0.023685871977748713,-0.776,0.74,-0.472,0.732
straight,grass,0.2,0,5.199880599975586,-0.7322972835263837,-0.01500523257400524,0.412805258239478,-0.5582198015623504,-0.22581855366764159,0.024381603265695856,-0.681,0.669,-0.751,0.806
straight,grass,0.2,0,5.399656295776367,-0.7084192162799053,-0.01484321612094544,0.43594072590147537,-0.5250861859995091,-0.21177902258254344,0.02423272331142423,-0.68,0.577,-0.597,0.38
straight,grass,0.2,0,5.599713563919067,-0.6833008412376629,-0.016028411532003822,-0.21175254746430644,-0.5004638502659556,-0.2014306150866394,0.02476389134321888,-0.94,0.75,-0.734,0.767
straight,grass,0.2,0,5.799696922302246,-0.6533156591753309,-0.017827666532727993,0.3344731518924405,-0.46291519892129496,-0.1855210241539148,0.02406545766969856,-0.728,0.994,-0.517,0.726
straight,grass,0.2,0,5.999878883361816,-0.6166814917350909,-0.016665745481433902,0.34791108059043035,-0.42703626901115016,-0.1692613944692708,0.02334578217994915,-1.03,0.709,-0.662,0.969
straight,grass,0.2,0,6.199926137924194,-0.5807478819614897,-0.01442179103585356,0.3589007665205172,-0.39176913383872153,-0.1524132978698256,0.022944078016275515,-0.688,0.586,-0.439,0.697
straight,grass,0.2,0,6.400045871734619,-0.5440552600000925,-0.011062266576719437,-0.1844181287930884,-0.35565044439535903,-0.13688674748918817,0.024320949020908506,-0.859,0.479,-0.572,0.821
straight,grass,0.2,0,6.599968671798706,-0.5037680658925461,-0.009678287091881399,-0.15016194397259752,-0.3202001355385679,-0.12268917747527786,0.024075567295102546,-0.886,0.837,-0.594,1.365
straight,grass,0.2,0,6.799921035766602,-0.46449214237488334,-0.004372058564862863,0.3074006393351649,-0.28473868165119154,-0.10710354845169268,0.022823652256547894,-0.606,0.379,-0.686,0.834
straight,grass,0.2,0,6.999909400939941,-0.42553658375181275,-0.004646308356888895,0.0008556136823061611,-0.2474936759401405,-0.09068151383722067,0.02130842518777404,-0.706,0.703,-0.803,0.949
straight,grass,0.2,0,7.199673175811768,-0.38170754380734995,0.0004109188258642482,-0.0292675410852173,-0.2101750315704154,-0.07614443380831037,0.02123026065024558,-0.741,0.64,-0.635,0.824
straight,grass,0.2,0,7.399959087371826,-0.3401782566055676,0.001167035662071797,0.14514306215023545,-0.1749540594546869,-0.06213928553001158,0.021439003181689648,-0.316,0.5,-0.616,1.063
straight,grass,0.2,0,7.600040674209595,-0.29785629361183186,0.00340902669789403,0.05056069496660806,-0.1339340943317836,-0.04541230290600001,0.02336416601884106,-0.623,0.508,-0.64,0.753
straight,grass,0.2,0,7.799933910369873,-0.25500652708738764,0.008554847118203507,0.14841889209754952,-0.09660857567497638,-0.03031430112053829,0.023432185620233664,-0.502,0.407,-0.812,0.687
straight,grass,0.2,0,7.999704122543335,-0.21462683008672276,0.017221022967729704,-0.06200334090603034,-0.058718431201221555,-0.014636393052630592,0.02469864719572279,-0.451,0.381,-0.894,0.689
straight,grass,0.2,-3.141592653589793,0.1998744010925293,0.0,0.0,0.0,1.8916371389288145e-06,-7.68889677871254e-07,-1.837893827627557e-06,-0.357,0.318,-0.529,0.572
straight,grass,0.2,-3.141592653589793,0.399885892868042,0.0008821463768668991,-0.0006849746544016488,0.05928849313931152,-0.007395192023440633,-0.003337247732939086,7.99477064102605e-05,0.825,-1.0,0.697,-0.602
straight,grass,0.2,-3.141592653589793,0.5998566150665283,0.0,0.0,0.0,-0.03860424746463276,-0.016432777091882178,0.001149465677658612,0.922,-1.009,0.436,-0.672
straight,grass,0.2,-3.141592653589793,0.7998347282409668,0.0,0.0,0.0,-0.0622198454620958,-0.027301441976510465,0.0008297377228634606,0.719,-0.803,0.825,-0.815
straight,grass,0.2,-3.141592653589793,0.9998414516448975,0.0,0.0,0.0,-0.09557117795594139,-0.04218814379635488,0.0007801228631784951,0.811,-0.596,0.529,-0.655
straight,grass,0.2,-3.141592653589793,1.1998732089996338,-0.011423808715174177,-0.0017507919431479502,-0.017868048515286478,-0.12037731958563869,-0.05366282271915879,0.0002141098559122756,0.916,-0.911,0.668,-0.935
straight,grass,0.2,-3.141592653589793,1.3999271392822266,-0.037622052840756925,-0.002195442992562746,-0.009155836995887429,-0.16055261553858602,-0.07179510005813666,0.0011503844055650025,1.024,-0.813,0.673,-0.974
straight,grass,0.2,-3.141592653589793,1.5998139381408691,-0.06388509195091199,-0.00571983583263494,0.04363318268313951,-0.1879417814574762,-0.08399675880496843,-0.0010780442554033098,0.78,-0.507,0.994,-0.665
straight,grass,0.2,-3.141592653589793,1.7998123168945312,-0.09715401028212248,-0.005199489396392115,0.035326729532045464,-0.2218378286932141,-0.09856727013292016,-8.913865383722297e-05,1.017,-0.633,0.701,-0.894
straight,grass,0.2,-3.141592653589793,1.9998056888580322,-0.12915331227765323,-0.009261689942896362,0.06929649546431754,-0.25671808432207827,-0.11401189157465202,0.0006799727953023249,0.793,-0.708,0.576,-0.599
straight,grass,0.2,-3.141592653589793,2.1998138427734375,-0.1615749256796348,-0.011465734999282523,0.011659699372798413,-0.2854421742866851,-0.12649377154475244,0.0006340317017093644,0.712,-0.652,0.452,-0.955
straight,grass,0.2,-3.141592653589793,2.399841070175171,-0.19374574779422854,-0.01371792672992847,0.09752786779564046,-0.32767676212292407,-0.1436214235855115,0.0002720005934087055,0.926,-0.563,0.638,-0.758
straight,grass,0.2,-3.141592653589793,2.599825859069824,-0.2312706342272604,-0.01846125126323947,0.07758240827452635,-0.3626607283184483,-0.15795622335319076,-0.00011762661064965152,0.79,-0.428,0.559,-1.081
straight,grass,0.2,-3.141592653589793,2.799794912338257,-0.2690111198952458,-0.01865886667131131,0.06368745859169694,-0.40418190255508657,-0.17578276553936018,0.0006726222497161483,0.728,-0.417,0.713,-0.449
straight,grass,0.2,-3.141592653589793,2.999854564666748,-0.3115720441542825,-0.022523420109551773,0.04917043074411993,-0.4434290339242342,-0.1917050114456545,0.001770485692151491,0.513,-0.75,0.759,-1.088
straight,grass,0.2,-3.141592653589793,3.19986629486084,-0.3526785699412352,-0.02445205744817952,0.05870754827937713,-0.4768030202035174,-0.2071803013096381,0.00335206935211399,0.825,-0.618,0.503,-1.135
straight,grass,0.2,-3.141592653589793,3.399864912033081,-0.391964034724832,-0.028042604472213156,0.22377782439210775,-0.5153080090825216,-0.2234409993954552,0.0030177945363353553,0.664,-0.581,0.904,-0.863
straight,grass,0.2,-3.141592653589793,3.5998780727386475,-0.4339129624882494,-0.03212578130182436,0.062094135162658645,-0.5505100603436032,-0.23735244741221923,0.0030728963960101607,0.342,-0.525,0.594,-0.798
straight,grass,0.2,-3.141592653589793,3.799879550933838,-0.4727799199172672,-0.03396469835397492,-0.05176510711162907,-0.5873512377540806,-0.2538759853906612,0.004273040105928438,0.659,-1.007,0.758,-0.66
straight,grass,0.2,-3.141592653589793,3.9998562335968018,-0.5082494466919925,-0.034810063745729924,-0.2383143012760441,-0.6226244703904035,-0.2693742828770768,0.0064815360853835435,0.581,-0.519,0.564,-1.132
straight,grass,0.2,0,4.199857711791992,-0.5517361707535366,-0.03924257809889903,-0.05707730037340328,-0.6597275978396423,-0.28569227343877884,0.005533460141411484,0.729,-0.513,0.857,-1.112
straight,grass,0.2,0,4.399870157241821,-0.5906789899800649,-0.040641315485714924,0.56783524112805,-0.6589888538769749,-0.2859183283949365,0.00473299932339824,-0.802,0.908,-0.642,0.434
straight,grass,0.2,0,4.599802494049072,-0.6335005262053244,-0.04636195342048882,-0.08086037214224318,-0.6356743179219757,-0.27513588663541827,0.004538371344722125,-0.849,0.772,-0.693,0.439
straight,grass,0.2,0,4.799768686294556,-0.6750062430327304,-0.051824126232754925,-0.0756915685459913,-0.609150251978251,-0.2632022369618317,0.004955159190370928,-0.626,0.678,-0.772,0.667
straight,grass,0.2,0,4.999872922897339,-0.7103146238022202,-0.05425873617140181,-0.2546608978208783,-0.5803558327028364,-0.25037480841154897,0.004424528622644169,-0.666,0.907,-0.602,0.613
straight,grass,0.2,0,5.199822664260864,-0.7314298620003608,-0.05983153628931834,0.39820616007033516,-0.5499519737328358,-0.23714658352517975,0.005313163393527304,-0.859,0.8,-0.82,0.538
straight,grass,0.2,0,5.399832248687744,-0.7013574906598066,-0.055417736380747956,0.4343083159400858,-0.5206621813257414,-0.2231602313735635,0.004793589415303556,-0.99,0.354,-0.544,0.62
straight,grass,0.2,0,5.599895715713501,-0.6688233028085641,-0.05199087461975832,0.6212468449840338,-0.4886878843440013,-0.20859298664622877,0.0050451217797237435,-0.914,0.687,-0.722,0.716
straight,grass,0.2,0,5.799861907958984,-0.6421524115970041,-0.048003920984518056,-0.08973723396694783,-0.4520024908968901,-0.19175056422317688,0.005408626584305354,-0.718,0.643,-0.745,0.695
straight,grass,0.2,0,5.999857664108276,-0.5990209854065502,-0.0374347223806378,-0.1687379098444228,-0.4188471214772913,-0.1766959952248372,0.0046999498545967355,-0.618,0.631,-0.662,0.755
straight,grass,0.2,0,6.199876308441162,-0.5689365724745157,-0.03472457683895483,-0.0592985262670741,-0.38378913262113235,-0.16137097650193294,0.004419020034307691,-0.573,0.48,-0.8,0.614
straight,grass,0.2,0,6.399886131286621,-0.5288417038538735,-0.02836664392347696,0.45363311521377947,-0.3495632773030419,-0.14612674147855792,0.00506256330753399,-0.808,0.834,-0.565,0.64
straight,grass,0.2,0,6.600090026855469,-0.4900167232043246,-0.023528268869201036,0.3337813447948799,-0.3173895734182054,-0.13248597355056352,0.003701012502978135,-0.791,0.506,-0.854,0.959
straight,grass,0.2,0,6.79980993270874,-0.4482083701780323,-0.016276743716016145,0.09396529205912248,-0.27748785954396754,-0.11554324965388524,0.0038130361833573767,-0.578,0.59,-0.997,0.982
straight,grass,0.2,0,6.999778985977173,-0.4093803926098798,-0.00732576951190636,0.09615013945952741,-0.23821725005080752,-0.09788365299755336,0.002700028051886877,-0.655,0.461,-0.874,0.482
straight,grass,0.2,0,7.199857711791992,-0.3700698198665148,0.0029373814806405163,0.1501603832217257,-0.19944758010356906,-0.08202462218916545,0.001892659168305444,-0.44,0.462,-0.408,0.678
straight,grass,0.2,0,7.399803638458252,-0.32734062186603463,0.017417366393667644,0.057661916952026895,-0.16516749362004624,-0.0679230089037714,0.002007481025734892,-0.505,0.31,-0.706,0.668
straight,grass,0.2,0,7.5998640060424805,-0.2863465388383643,0.027690543189890088,0.049976612099575504,-0.12879163396350657,-0.05207161502626945,0.0027037017738070768,-0.514,0.348,-0.805,0.879
straight,grass,0.2,0,7.7998366355896,-0.24541667278642168,0.038337341809254716,0.1319828514118397,-0.08846361590432494,-0.033757145051598436,0.0009592852270223495,-0.307,0.622,-0.616,0.845
straight,grass,0.2,0,7.999804973602295,-0.20145799335086761,0.04732284557558905,0.05164223978721788,-0.054147524586217965,-0.018430402695065906,0.0014756030596067005,-0.327,0.602,-0.705,0.942
straight,grass,0.2,-3.141592653589793,0.20021486282348633,0.0,0.0,0.0,4.169490674499343e-06,-5.793544965992936e-07,4.593324497648155e-06,-0.421,0.295,-0.526,0.571
straight,grass,0.2,-3.141592653589793,0.3999791145324707,0.0,0.0,0.0,-0.014827152565389912,-0.007189915538203195,0.0006953792750144516,0.874,-0.963,0.814,-0.97
straight,grass,0.2,-3.141592653589793,0.5999765396118164,0.0,0.0,0.0,-0.03829802266875604,-0.016317384590920192,-6.798171593608293e-05,0.841,-0.844,0.819,-0.395
straight,grass,0.2,-3.141592653589793,0.8000068664550781,0.0,0.0,0.0,-0.06139059593702956,-0.026361902407631144,0.00021955599745790422,0.946,-1.077,0.694,-0.59
straight,grass,0.2,-3.141592653589793,0.9999880790710449,0.0,0.0,0.0,-0.09645815864640117,-0.04134731581722456,0.0006090364752081578,0.68,-0.705,0.764,-0.497
straight,grass,0.2,-3.141592653589793,1.1999890804290771,0.0016689802250210994,0.0005518796458374928,0.05656425896834956,-0.12837930131740583,-0.055412470354390175,0.001012262368185829,0.502,-0.863,0.453,-0.787
straight,grass,0.2,-3.141592653589793,1.399991512298584,-0.01177517783899884,-0.00391219550133675,0.010254093311769463,-0.16088878405133578,-0.06951365550606625,0.0028929201680494565,0.827,-0.946,0.784,-0.936
straight,grass,0.2,-3.141592653589793,1.5999877452850342,-0.03366530397878553,-0.00895752045752863,-0.01777533219581584,-0.19177774754875626,-0.08389106302717297,0.0031453931372711352,0.766,-0.764,0.859,-1.067
straight,grass,0.2,-3.141592653589793,1.800013542175293,-0.0632289577304998,-0.016580703530304067,-0.07117998660501954,-0.22364430819453096,-0.09799254412970815,0.0031545737183760747,0.582,-0.621,0.516,-0.778
straight,grass,0.2,-3.141592653589793,1.9999873638153076,-0.09676811776698224,-0.025421025252833657,0.028320278800168783,-0.2592210876836846,-0.11334763412440119,0.0029691225211858907,0.792,-0.72,0.969,-0.748
straight,grass,0.2,-3.141592653589793,2.1999917030334473,-0.131271376091705,-0.031733694276204746,0.11030707865925993,-0.2962133230808732,-0.12868231258660134,0.0028607862776477144,0.687,-0.925,1.134,-0.732
straight,grass,0.2,-3.141592653589793,2.3999898433685303,-0.1658423233170894,-0.04255701792921028,0.056771254772488663,-0.3319914687337798,-0.14370136230682728,0.0038586710621085485,0.493,-0.934,0.403,-0.935
straight,grass,0.2,-3.141592653589793,2.6000075340270996,-0.19717671484881683,-0.05058070463441666,0.06995793353376636,-0.36788413296095507,-0.158930594835342,0.0047260255277802865,0.659,-0.961,0.624,-0.817
straight,grass,0.2,-3.141592653589793,2.8000001907348633,-0.23200075983396762,-0.05902951693018707,0.06517127300881735,-0.40377388433186734,-0.17521128024849686,0.005261961175737795,0.671,-1.029,0.708,-0.638
straight,grass,0.2,-3.141592653589793,3.0000152587890625,-0.2662942881343496,-0.06933544578882515,0.030882942118006768,-0.4365863985749464,-0.19013776865887988,0.0051775370331007264,0.892,-0.751,0.65,-0.907
straight,grass,0.2,-3.141592653589793,3.200021266937256,-0.3035027049111788,-0.08119926046611045,0.16614388884625336,-0.47381413048945453,-0.20722859514351788,0.005197725553814175,0.583,-1.0,0.808,-0.911
straight,grass,0.2,-3.141592653589793,3.4000163078308105,-0.3429480732363749,-0.08857796673581123,0.13327424854341252,-0.508968288904666,-0.22334018096992692,0.004510349179320555,0.668,-0.748,0.728,-1.098
straight,grass,0.2,-3.141592653589793,3.6000072956085205,-0.38357190792455687,-0.09849957409961094,0.1275981667727965,-0.5431835102136559,-0.23959247869087108,0.006400620081605135,0.673,-0.916,0.824,-0.854
straight,grass,0.2,-3.141592653589793,3.8000144958496094,-0.42134564123028745,-0.10871103460936943,0.2992427831451451,-0.5699948743048279,-0.2515200302019196,0.005792330096381387,0.755,-0.774,0.387,-1.087
straight,grass,0.2,0,4.000014543533325,-0.46085587212865997,-0.11914915260342773,0.33881378645618504,-0.6176864068092396,-0.27222194306570613,0.005013272646328504,0.567,-0.641,1.134,-1.153
straight,grass,0.2,0,4.199995040893555,-0.49592808375557684,-0.12930977027724208,-0.09542474603691822,-0.6249211905265872,-0.2754480533982251,0.0036659038880303696,-0.88,0.803,-0.88,0.753
straight,grass,0.2,0,4.4000160694122314,-0.5383248610239936,-0.14124275831411093,0.24926123019432794,-0.6019877511524766,-0.2654400273108216,0.004576429795864839,-0.763,0.58,-0.901,0.616
straight,grass,0.2,0,4.599980354309082,-0.575615369794352,-0.14739408541501461,0.32908470667597023,-0.5723913447339382,-0.2533535650210512,0.004068870075865982,-0.763,0.588,-0.782,0.563
straight,grass,0.2,0,4.799977540969849,-0.6193891842760302,-0.1604836684116671,-0.016667337058242998,-0.5437695209055009,-0.24056785488958632,0.004399294934956471,-0.844,0.865,-0.994,0.463
straight,grass,0.2,0,4.999984979629517,-0.6546816228946793,-0.16874056018525813,-0.08458203488461782,-0.511650338632883,-0.22609963846011927,0.00548035568117175,-0.845,0.379,-0.688,0.441
straight,grass,0.2,0,5.199978351593018,-0.6575330934607234,-0.16886065586581536,0.39877978650381957,-0.48208499340122585,-0.21295457262205586,0.005823526389270972,-0.671,0.686,-0.839,0.688
straight,grass,0.2,0,5.399979114532471,-0.6275166423620784,-0.16161556342439953,-0.07413098091631845,-0.4486171529664203,-0.19853877407318454,0.006046482043867374,-0.626,0.578,-0.832,0.572
straight,grass,0.2,0,5.599979400634766,-0.6004730344519096,-0.1548437990872088,0.10146726496783286,-0.41522772451434653,-0.18356761775560626,0.006846465307569272,-0.838,0.813,-0.669,0.453
straight,grass,0.2,0,5.79997706413269,-0.5690048891002675,-0.14166517891460098,0.10631542716751152,-0.3787788756653067,-0.16732865854885737,0.00490773661626398,-0.574,0.568,-0.469,0.597
straight,grass,0.2,0,5.999979496002197,-0.5327417425952652,-0.13141567063682735,0.2548301116411191,-0.3455906766259849,-0.1522772297506233,0.005443651436629782,-0.776,0.725,-0.674,0.605
straight,grass,0.2,0,6.200004577636719,-0.49566587097344567,-0.11974621466197893,-0.032785642293669454,-0.31483986366570904,-0.13820467856767515,0.004120271024919686,-0.305,0.734,-0.472,0.905
straight,grass,0.2,0,6.399979591369629,-0.4538361057010334,-0.1075194853312279,0.14223745857673484,-0.273622022081299,-0.11963471330462827,0.003485980741769923,-0.439,0.313,-0.658,0.341
straight,grass,0.2,0,6.600003242492676,-0.41899818180416,-0.0941770591889099,0.1363051222069438,-0.2399769515504412,-0.10671362219644565,0.003610826103387116,-0.57,0.56,-0.534,0.311
straight,grass,0.2,0,6.800005197525024,-0.38345086604372375,-0.08188966169173945,0.09840833724609356,-0.2026226922118034,-0.09096733701703019,0.003944954763278774,-0.584,0.407,-0.919,0.39
straight,grass,0.2,0,6.999980926513672,-0.344589266539632,-0.066866682575069,0.0991326353596039,-0.16674835420155176,-0.07614205560451082,0.004722354524037908,-0.504,0.38,-0.927,0.408
straight,grass,0.2,0,7.200005292892456,-0.30660598050342697,-0.05319414117076211,0.07081314838702525,-0.12848607332588602,-0.06070980092031725,0.004904065754988501,-0.388,0.718,-0.933,0.562
straight,grass,0.2,0,7.399984359741211,-0.2677859559705299,-0.04077543090094654,0.21147599324123406,-0.08718474580054669,-0.04202684461701944,0.0035364700729771104,-0.617,0.718,-0.624,1.018
straight,grass,0.2,0,7.600016832351685,-0.2206080048045596,-0.02597427513594827,0.0819309118199298,-0.055224812795268585,-0.02658359610516653,0.0029553511024820456,-0.611,0.433,-0.557,0.991
straight,grass,0.2,0,7.799981117248535,-0.18188604294205654,-0.01394013035974069,0.09845859103469282,-0.015684094897290835,-0.009535810550137136,0.002567898764022414,-0.518,0.786,-0.493,0.665
square,grass,0.2,0,0.19985628128051758,0.0,0.0,0.0,-5.060341932733303e-06,-2.1498199995750866e-06,-6.036437364576042e-06,-0.76,-1.087,-1.059,-1.665
square,grass,0.2,0,0.39986395835876465,0.0,0.0,0.0,-6.081077624897624e-06,-2.171482115231882e-06,-6.898786939490975e-06,-0.761,-1.081,-1.057,-1.66
square,grass,0.2,0,0.5998325347900391,0.0,0.0,0.0,0.01565762330229742,0.015477484366190564,-0.006370005539217294,-1.573,0.611,-1.805,0.241
square,grass,0.2,0,0.7998776435852051,0.0,0.0,0.0,0.04137851333967016,0.04070541253680682,-0.01491401072819104,-0.918,0.557,-1.451,-0.102
square,grass,0.2,0,0.9998729228973389,0.0,0.0,0.0,0.07425385505452539,0.07084842951135883,-0.02500267573346382,-0.981,0.8,-1.424,0.115
square,grass,0.2,0,1.1999096870422363,0.0005843979920684417,2.446012087872762e-05,0.05180066878741896,0.09360421861625282,0.08963260020427466,-0.030261300659611967,-1.265,0.441,-1.218,-0.041
square,grass,0.2,0,1.3998737335205078,0.01618221181186552,0.0012204672249034598,0.006068139236613396,0.12478601939714465,0.1208899640558797,-0.03847597920003132,-0.955,0.691,-1.369,0.214
square,grass,0.2,0,1.5999200344085693,0.04734465887468847,0.003282323170680626,0.012785098565498448,0.15556874917965544,0.1473593761832821,-0.0445257907064458,-0.813,0.707,-1.226,0.27
square,grass,0.2,0,1.7998685836791992,0.07784490586202777,0.005602511443792681,-0.030584451800117624,0.18100615168200154,0.16889298817705944,-0.048725557267544406,-0.931,0.361,-1.198,0.029
square,grass,0.2,0,1.999894380569458,0.10737526626855262,0.008568148360231155,0.031583145517254135,0.21000035687002647,0.19369281409232275,-0.05326822634078082,-0.746,0.546,-1.247,0.201
square,grass,0.2,0,2.1998655796051025,0.1441399756090833,0.01362181611733837,0.03964702695047059,0.24460505476249875,0.22333643845702666,-0.057983157928496065,-0.705,0.793,-0.979,0.432
square,grass,0.2,0,2.3998405933380127,0.18205852657773416,0.017013242206976656,0.24698728199877762,0.2758296964337844,0.24939075274794054,-0.06275427443880033,-0.609,0.46,-1.043,0.443
square,grass,0.2,0,2.5998692512512207,0.22321310141475015,0.021076134225664532,0.37368036627670154,0.30534399186106,0.2740919317178362,-0.06623246404537309,-0.69,0.325,-0.761,0.584
square,grass,0.2,0,2.7998597621917725,0.26164831853967874,0.024763510298051298,0.2276522443394976,0.33237436365536277,0.2972861684848451,-0.06965295905133023,-0.736,0.423,-0.801,0.588
square,grass,0.2,0,2.999911308288574,0.30304231695097733,0.03190666068424827,0.23914607846247443,0.35658760709658266,0.3166560057410812,-0.07140874493986049,-0.487,0.583,-0.722,0.682
square,grass,0.2,0,3.199855089187622,0.3454887100493542,0.03837743753219816,0.21785210408739553,0.4007378002030596,0.3531111413913798,-0.07644163288641043,-0.701,0.516,-0.608,0.837
square,grass,0.2,0,3.399817943572998,0.38598431008409323,0.04170767331527565,0.27472742926069027,0.42913870018924816,0.37650463400655465,-0.07820788140411278,-0.715,0.689,-0.624,0.688
square,grass,0.2,0,3.59987211227417,0.4261185424802526,0.04752929651110145,0.2793514117669859,0.45358992644030593,0.39568144816011097,-0.08032079934986824,-0.829,0.449,-0.874,1.078
square,grass,0.2,0,3.7998430728912354,0.4645689052249709,0.05531171016827898,0.3063755451018708,0.4875017530304221,0.42115992178828865,-0.08097822964186735,-0.509,0.385,-1.108,0.788
square,grass,0.2,0,3.999868154525757,0.5058204342072878,0.06109706373769083,0.21600430306965104,0.5186049314626714,0.44481750161233763,-0.08153243983298891,-0.503,0.485,-0.975,0.685
square,grass,0.2,1.5707963267948966,4.200130224227905,0.5420492387331324,0.06471163973638026,0.14128294870354868,0.557980685194479,0.47479345633828673,-0.08270803585453784,-0.476,0.72,-0.482,0.556
square,grass,0.2,1.5707963267948966,4.39987850189209,0.5851425693299696,0.07127643385385213,0.07694156135376545,0.5649205681922358,0.49706274267247885,-0.08249944212433813,2.178,2.15,-2.602,-2.324
square,grass,0.2,1.5707963267948966,4.599876642227173,0.6225227630589937,0.0798183607535218,0.18467372303383708,0.5644227962326559,0.5057600398786739,-0.07965639432888122,2.46,2.404,-3.017,-2.844
square,grass,0.2,1.5707963267948966,4.799909830093384,0.6597645101613959,0.08794470869578325,0.05082756668841648,0.563503337535328,0.5159679849164018,-0.07765341991942742,2.653,2.971,-2.785,-3.455
square,grass,0.2,1.5707963267948966,4.999916315078735,0.7209441850467585,0.09691654033642966,0.30686143076363404,0.5580746209962689,0.5325406644239385,-0.07597556123550275,2.31,2.387,-3.254,-3.273
square,grass,0.2,1.5707963267948966,5.199875354766846,0.7398225321325407,0.10002003027593351,0.09342008079535263,0.5448402907180806,0.5547866766838234,-0.0715321708818627,2.147,2.682,-2.641,-3.151
square,grass,0.2,1.5707963267948966,5.399889945983887,0.7512979540369595,0.10025020566055733,0.04633035311571257,0.5257642661128914,0.5836545501157886,-0.07116723657167812,1.804,2.331,-2.928,-2.79
square,grass,0.2,1.5707963267948966,5.599887847900391,0.7560032371040926,0.09908202217357222,0.03716994174968344,0.506332479491739,0.613355671937055,-0.07102429477112976,2.11,2.224,-2.754,-2.479
square,grass,0.2,1.5707963267948966,5.7999138832092285,0.7631911624801826,0.09863573533897577,0.06191259415529629,0.4854108573775484,0.6427265836528849,-0.07101719226395314,2.11,2.329,-2.193,-2.966
square,grass,0.2,1.5707963267948966,5.999867916107178,0.7631604529505908,0.09377737498262406,0.0852345314702139,0.4674662779242046,0.667235046157635,-0.07023070159482597,1.866,2.517,-2.255,-2.555
square,grass,0.2,1.5707963267948966,6.199833393096924,0.7606836873890939,0.0856419154305202,0.04364715219833376,0.4407142906831293,0.7041650164703092,-0.07027774275755821,1.997,2.155,-2.59,-2.458
square,grass,0.2,1.5707963267948966,6.399886846542358,0.7603689255163386,0.07268761405166299,0.026500421049470257,0.41847390075111524,0.7342900882410086,-0.07055024212093947,2.115,2.103,-2.707,-2.938
square,grass,0.2,1.5707963267948966,6.5998804569244385,0.7605600987083159,0.06287964628051991,0.02688410849470091,0.3955151441792867,0.7648819792286015,-0.07106335888384502,2.162,2.264,-2.392,-2.71
square,grass,0.2,1.5707963267948966,6.79987907409668,0.7623552592013756,0.051248873772995945,0.5366624635549798,0.37133943908165423,0.7958708243584802,-0.07081921715590184,1.803,2.332,-2.011,-2.83
square,grass,0.2,1.5707963267948966,6.9999024868011475,0.7660818807348271,0.03836794725692888,0.06484401336330042,0.35011989217490436,0.8245407974002907,-0.06955002522496861,2.186,2.055,-2.931,-3.029
square,grass,0.2,1.5707963267948966,7.199848651885986,0.7633638019713791,0.023392138310438234,0.0031202978939147974,0.33058442595233273,0.8513579761878142,-0.06957043421457543,2.066,2.049,-2.447,-3.146
square,grass,0.2,1.5707963267948966,7.399863958358765,0.7671777713679555,0.008327515026921632,0.01512805156602251,0.3041209875746803,0.8870047683952511,-0.06996622081829768,2.007,2.168,-2.288,-3.125
square,grass,0.2,1.5707963267948966,7.599921226501465,0.7680418802137294,-0.005137647336133255,0.058446593545253694,0.28178605115775857,0.9167834337392797,-0.0707393208700634,2.072,2.424,-2.396,-2.917
square,grass,0.2,1.5707963267948966,7.799875497817993,0.7698838732764304,-0.01934703329667893,0.04352686460068356,0.2557485856313202,0.9514755434687835,-0.07283158132133993,2.077,2.86,-2.038,-2.628
square,grass,0.2,-3.141592653589793,8.000030040740967,0.7727733799071859,-0.03228231761185819,0.06077294946617526,0.2351523534703003,0.979393220019101,-0.07355037903601991,1.879,2.454,-1.911,-2.347
square,grass,0.2,-3.141592653589793,8.199842929840088,0.7719908782776674,-0.046827720356290924,0.002763806920918377,0.20865932690860609,0.9984305189628675,-0.07468092382716374,2.53,0.385,-0.439,-2.399
square,grass,0.2,-3.141592653589793,8.399864435195923,0.7745973177553964,-0.06012198317935084,0.5160219597702972,0.17920147685704244,0.9908328180899489,-0.07534861973465512,1.941,0.485,-0.342,-2.627
square,grass,0.2,-3.141592653589793,8.599925994873047,0.7757027675263282,-0.07593297636414814,0.013971620507752802,0.1496350837507375,0.9812294937048296,-0.07678767816386939,1.638,0.196,-0.254,-2.422
square,grass,0.2,-3.141592653589793,8.799862623214722,0.780058056831008,-0.08840265243153722,0.01588706507969484,0.10640376692361989,0.9652298592492443,-0.07618190415253512,1.933,0.178,-0.025,-2.19
square,grass,0.2,-3.141592653589793,8.999877452850342,0.7803823853738427,-0.10345133583067109,0.01600551780600626,0.0767644547067913,0.953551346826694,-0.07690956015198375,1.4,0.104,-0.167,-1.697
square,grass,0.2,-3.141592653589793,9.199822902679443,0.7661730068876857,-0.11098788267193263,-0.005771127751404731,0.03964127154971403,0.9373453068899957,-0.07834851629640349,1.148,0.281,0.069,-1.539
square,grass,0.2,-3.141592653589793,9.399921894073486,0.7367441181674024,-0.11733660266360976,0.0016649824511783262,0.013227013740070015,0.9256875427465098,-0.07923431834621786,1.836,0.012,0.021,-1.788
square,grass,0.2,-3.141592653589793,9.599868774414062,0.7112256930051556,-0.12294616881668674,0.009794025879794444,-0.03459970648555172,0.9022416797134777,-0.07962344524534232,1.139,0.015,0.19,-1.599
square,grass,0.2,-3.141592653589793,9.799867391586304,0.6830452391435362,-0.13114992765714356,0.028240474045259534,-0.06957101905815935,0.884005265414357,-0.07985231557083161,0.939,0.048,0.529,-1.594
square,grass,0.2,-3.141592653589793,9.99986481666565,0.6529779611776193,-0.13900085350797942,0.1091985587479059,-0.10363048120654954,0.8670992608263758,-0.08070918185699488,1.088,0.029,0.174,-1.66
square,grass,0.2,-3.141592653589793,10.199856042861938,0.6188167223666956,-0.14721498828810783,0.06544934191785132,-0.1368175517812867,0.8494895654560207,-0.08193435291792622,1.491,-0.153,0.685,-1.126
square,grass,0.2,-3.141592653589793,10.399862289428711,0.582278394004431,-0.1565603090953684,0.06421958828914678,-0.17427669350198935,0.828232966136236,-0.08251192167158539,0.976,-0.066,0.538,-1.605
square,grass,0.2,-3.141592653589793,10.59991979598999,0.5449708480729843,-0.16792339301676415,0.09679853484836115,-0.20933744574707155,0.8091569799758683,-0.08446919558288374,1.021,-0.062,0.58,-1.47
square,grass,0.2,-3.141592653589793,10.799904823303223,0.5085403921464833,-0.18233363371101263,0.10009198842414094,-0.24201365923645246,0.7913176341008504,-0.0853238502642511,0.883,-0.15,0.712,-1.471
square,grass,0.2,-3.141592653589793,10.999893426895142,0.47115922584974024,-0.19293817431291255,0.07469195090227615,-0.28003662253189904,0.7683286292722515,-0.08746335534521044,1.41,-0.146,0.474,-1.393
square,grass,0.2,-3.141592653589793,11.199881315231323,0.435867239149194,-0.20067726546475487,0.045934074060190566,-0.2895690766310427,0.762226392534886,-0.08840908478739684,1.386,-0.187,0.833,-1.065
square,grass,0.2,-3.141592653589793,11.399904251098633,0.3966850209179163,-0.2166489591591465,0.21913349187535464,-0.3447918333782368,0.7281158370540888,-0.08906564551892793,0.966,-0.466,0.576,-1.51
square,grass,0.2,-3.141592653589793,11.599912881851196,0.35773083391001703,-0.22415403177889504,0.05727563083432255,-0.38163329291112286,0.7034697694375682,-0.08906921903302989,0.78,-0.161,0.542,-1.531
square,grass,0.2,-3.141592653589793,11.799861192703247,0.31776442483721923,-0.23445796600545277,0.4271738853048678,-0.4154510682142207,0.6816366535676137,-0.08792144741343078,1.041,-0.468,0.966,-1.019
square,grass,0.2,-3.141592653589793,11.999894857406616,0.2795471372752118,-0.2491182887626021,0.15897845533911256,-0.44853299740158614,0.6592197688737201,-0.0880580850080615,1.179,-0.2,0.689,-1.343
square,grass,0.2,-1.5707963267948966,12.19991135597229,0.24027773358706533,-0.2545198584381234,0.08122067013086484,-0.4783903902537585,0.6415733033696184,-0.08878781786537188,0.974,-0.391,0.381,-1.01
square,grass,0.2,-1.5707963267948966,12.399904727935791,0.1972419069830168,-0.268390824439487,0.38136622514976326,-0.49348216433523984,0.6181861254811072,-0.08924968704312713,-1.753,-1.159,1.628,1.557
square,grass,0.2,-1.5707963267948966,12.599879264831543,0.15817735859545126,-0.27809285995402117,0.00931861678179774,-0.49379110947206506,0.6116792368026174,-0.09052309919683715,-2.168,-2.619,3.022,2.155
square,grass,0.2,-1.5707963267948966,12.799899816513062,0.1167433436695487,-0.2879623997036851,0.41585749821456874,-0.49258048386348907,0.6033235679226916,-0.09422037657541948,-2.327,-2.448,3.443,2.729
square,grass,0.2,-1.5707963267948966,12.99985122680664,0.07642779643060041,-0.2990101241546582,0.030883032030998597,-0.4874754849406664,0.5833692507265076,-0.10020054904418874,-2.319,-2.437,2.686,2.785
square,grass,0.2,-1.5707963267948966,13.19974946975708,0.03557956834134218,-0.3086971663419747,0.7507538754012241,-0.4804636187526202,0.5633228632667389,-0.10429725117678645,-2.345,-1.94,3.115,2.686
square,grass,0.2,-1.5707963267948966,13.400193691253662,0.017474067554961614,-0.31204969056986753,0.47783040716297454,-0.4653217147000055,0.5358857430500814,-0.10324340863884346,-2.18,-1.594,2.655,2.374
square,grass,0.2,-1.5707963267948966,13.600254774093628,0.01481659600842683,-0.31189293074486707,0.042647908981237326,-0.44948643319757897,0.5048958592631636,-0.10348574348803513,-2.239,-2.057,2.632,2.289
square,grass,0.2,-1.5707963267948966,13.800099611282349,0.008826116134985296,-0.30857609460019675,0.5048155631642923,-0.43415372126845087,0.47933022915118656,-0.10397585497894662,-2.334,-1.714,2.733,2.648
square,grass,0.2,-1.5707963267948966,14.00037932395935,0.008416913436721907,-0.30088516435746987,-0.0240325778367059,-0.4146061879442531,0.44613553468417927,-0.10366526272402338,-2.031,-1.789,3.0,2.266
square,grass,0.2,-1.5707963267948966,14.200093746185303,0.011907839120554375,-0.2930147092288031,0.5186626444503729,-0.40199178590623563,0.42201630286988356,-0.10425056591392462,-2.322,-2.063,2.519,2.338
square,grass,0.2,-1.5707963267948966,14.400224447250366,0.008285498871839991,-0.2797040835339866,-0.02237360351254511,-0.376803294323331,0.38256362200619487,-0.10356114032987818,-2.246,-1.887,2.403,2.899
square,grass,0.2,-1.5707963267948966,14.60002851486206,4.966425447653965,1.7426904750094685,-1.7944809438812785,-0.3566929231572478,0.3508413513927534,-0.10497426440556418,-2.16,-1.601,2.36,2.636
square,grass,0.2,-1.5707963267948966,14.800395488739014,0.006970797661276951,-0.26701778507473356,-0.0019637515836232744,-0.3390592207357497,0.3226237183249129,-0.10455762385547518,-1.941,-1.983,3.097,1.93
square,grass,0.2,-1.5707963267948966,14.999897241592407,0.008057196599764727,-0.25167929522575266,0.7514572415088812,-0.31402029501659773,0.28457117332185433,-0.10442743485433886,-2.038,-2.248,2.653,2.21
square,grass,0.2,-1.5707963267948966,15.200177669525146,0.004898118302668453,-0.23732004528555434,-0.04351549597442314,-0.2980037269593289,0.260386392865151,-0.10355126683194588,-2.27,-2.228,2.394,2.463
square,grass,0.2,-1.5707963267948966,15.400268077850342,0.0011660472193474325,-0.22432731250302979,0.42513509464717436,-0.26940612293710875,0.21615407198308267,-0.10244204067198592,-2.061,-1.817,2.13,2.644
square,grass,0.2,-1.5707963267948966,15.600337982177734,-0.00567677311822451,-0.18916112730524143,0.11142385895696158,-0.2495852257300724,0.18616851811731627,-0.10375771909250897,-2.081,-1.975,2.581,2.424
square,grass,0.2,-1.5707963267948966,15.800130128860474,-0.0035025327808901885,-0.16722205456712416,-0.01802611604339735,-0.22844987722299018,0.15236411842464892,-0.10373976618892544,-2.094,-1.876,2.631,2.342
square,grass,0.2,0,0.20000195503234863,0.0025464077273364416,4.497722516894065e-05,0.2223935320579573,0.01432195249771565,-0.7976050924717724,0.2924339837389463,-1.88,-1.758,2.15,2.091
square,grass,0.2,0,0.4000284671783447,0.0,0.0,0.0,0.014811191848229897,-0.7972549991339241,0.29241694851664596,-3.591,0.087,0.182,3.64
square,grass,0.2,0,0.6000092029571533,0.0,0.0,0.0,0.014978926227132282,-0.7971357347543823,0.29243039738406845,-3.603,0.067,0.13,3.621
square,grass,0.2,0,0.7999744415283203,0.0,0.0,0.0,0.06249747669390897,-0.7835189154701311,0.29115787883473526,-2.068,0.033,0.403,2.317
square,grass,0.2,0,1.0000114440917969,0.0,0.0,0.0,0.10872377637939927,-0.7680085679979916,0.2912825528576486,-1.641,-0.113,0.129,1.926
square,grass,0.2,0,1.200014591217041,0.0037703730581697403,-8.315534558725468e-05,-0.09860593782280803,0.13441011129647792,-0.758672196411227,0.2906259406097191,-1.793,-0.019,0.192,2.244
square,grass,0.2,0,1.3999910354614258,0.030398394455291078,0.003564726491662132,-0.15207883522855647,0.18197060801907122,-0.7392003640760565,0.2927190857864322,-1.102,0.05,0.132,1.315
square,grass,0.2,0,1.6000187397003174,0.06014772010800162,0.007472330000619351,-0.07790282394709315,0.21370600683329918,-0.7241162807097801,0.2937015021052115,-1.395,-0.29,0.12,1.786
square,grass,0.2,0,1.8000199794769287,0.09524719705347812,0.011003000041358318,0.19546590871473196,0.24050438552690703,-0.7120710376051244,0.29494342014635444,0.603,-1.676,1.559,-0.074
square,grass,0.2,0,2.000075340270996,0.13693900638309414,0.016025411346116653,0.26456993433295095,0.26687126106665654,-0.7010984751703573,0.2947454275757376,-1.286,0.446,-0.111,1.662
square,grass,0.2,0,2.2000412940979004,0.1769984314609406,0.019816498043729466,-0.11896935953209932,0.3074790232485767,-0.6830355669688553,0.295757654529382,-1.114,0.159,-0.137,1.24
square,grass,0.2,0,2.3999710083007812,0.21776143500069717,0.022443864797424273,0.10302188112040665,0.3475912402608461,-0.6632195072303407,0.296664793522398,-0.694,0.111,-0.111,1.123
square,grass,0.2,0,2.6000053882598877,0.24940282126436603,0.024811293053825137,-0.014136147614756123,0.3867556180610549,-0.6430432734777998,0.2961239451759843,-0.668,0.316,-0.06,1.253
square,grass,0.2,0,2.7999651432037354,0.2839442784566698,0.02597487853167607,0.16196102317761282,0.42686967284773686,-0.6214208091745095,0.2964830289387021,-0.827,-0.058,0.141,1.221
square,grass,0.2,0,2.999955177307129,0.3276274639088252,0.02936811036925127,-0.010365794568682793,0.45224644613886883,-0.6066612380876069,0.29524799937175283,-0.879,0.272,-0.256,1.3
square,grass,0.2,0,3.2000160217285156,0.3681285688686353,0.03605669044688123,0.04034679013849893,0.48847648664531457,-0.5844076941852807,0.29511900477236375,-0.965,0.293,-0.3,1.445
square,grass,0.2,0,3.4000139236450195,0.4123955053251436,0.0395814246964346,0.04974176998483022,0.535467163992887,-0.5553399653109894,0.29568958594863265,-1.121,0.206,-0.38,1.333
square,grass,0.2,0,3.600013494491577,0.45578047421014356,0.04389425447511108,0.0020004554609141384,0.5481901506037837,-0.54742619640525,0.2959725980820472,-0.755,0.327,-0.325,1.499
square,grass,0.2,0,3.8000473976135254,0.498447895874821,0.046115979933451665,0.0412082078072018,0.5940874268033984,-0.5194262160311526,0.2962323015462149,-0.995,0.093,-0.264,1.209
square,grass,0.2,0,3.999966621398926,0.5436332818673023,0.049644129714563334,-0.004326608417922165,0.6102195511076945,-0.508839652062575,0.2961499152318526,-0.734,0.411,-0.342,0.992
square,grass,0.2,1.5707963267948966,4.200354337692261,0.5926046236802696,0.05010503279565736,0.004942087900774633,0.651101677127992,-0.484314829732446,0.29652869494306333,-0.624,0.324,-0.335,1.051
square,grass,0.2,1.5707963267948966,4.399986505508423,0.6201834246752653,0.052569130902371315,-0.08162460363525052,0.687417237661903,-0.4584230247594406,0.29668717758025165,1.629,0.486,-0.242,-1.163
square,grass,0.2,1.5707963267948966,4.600049734115601,0.6201834246752653,0.052569130902371315,-0.08162460363525052,0.6900958272711656,-0.44285336996448854,0.2972395644438298,2.348,2.522,-2.713,-2.132
square,grass,0.2,1.5707963267948966,4.80004358291626,0.6990902291763903,0.05915852470799962,-0.09142859136340682,0.6895679555961661,-0.4374293973668119,0.2989757558978419,2.518,2.652,-3.001,-2.674
square,grass,0.2,1.5707963267948966,4.999988555908203,0.736440799468163,0.06361023137669343,-0.09646474163547296,0.6832752004781704,-0.4216479819372686,0.30703149964764703,2.12,2.432,-3.247,-2.789
square,grass,0.2,1.5707963267948966,5.20002293586731,0.7732375613161525,0.06546515195991202,-0.12942417614930962,0.6762707348488679,-0.4066949148471796,0.31074731172753683,2.44,2.252,-2.095,-2.64
square,grass,0.2,1.5707963267948966,5.399993181228638,0.7756175104583972,0.06421713607655925,-0.10992659577232865,0.6632913634779642,-0.38078766157849137,0.3151961052738339,1.578,2.124,-2.787,-2.929
square,grass,0.2,1.5707963267948966,5.600006103515625,0.7754920593152475,0.06385399732341521,-0.10657882794113542,0.6465391014876284,-0.3535705778487183,0.3160021341504908,2.375,1.991,-2.547,-2.596
square,grass,0.2,1.5707963267948966,5.800081491470337,0.7783067675954769,0.06250602068688213,-0.17696845696114177,0.6427012313921121,-0.3462663158413253,0.3169546622391696,2.157,2.224,-2.509,-2.932
square,grass,0.2,1.5707963267948966,6.000103950500488,0.786858617537765,0.05550728371440786,-0.09032342366033193,0.6162227702804581,-0.30685802131733164,0.3198867208109701,2.548,2.269,-3.044,-2.41
square,grass,0.2,1.5707963267948966,6.199963331222534,0.7807982659538332,0.04720526524801425,0.30746032219157626,0.5882082181322863,-0.26572232359651304,0.3206629958357901,2.252,2.266,-2.315,-2.765
square,grass,0.2,1.5707963267948966,6.400019645690918,0.7810924229631067,0.03897901886687588,-0.15026150927927212,0.5677501984586043,-0.23754144098534558,0.3203494918827239,2.183,2.229,-2.146,-3.086
square,grass,0.2,1.5707963267948966,6.600024223327637,0.7856010178632009,0.02876152702979559,-0.1338713719508859,0.5446325595574144,-0.2063818732156956,0.32093384207245634,1.921,2.316,-2.479,-3.041
square,grass,0.2,1.5707963267948966,6.800065994262695,0.7843318410948434,0.01881483000668481,-0.13705191303242792,0.5249433468871347,-0.17966858277836506,0.32164857243310463,1.816,2.404,-2.622,-2.851
square,grass,0.2,1.5707963267948966,6.999986171722412,0.7843318410948434,0.01881483000668481,-0.13705191303242792,0.5022385204530663,-0.14935062076905656,0.32239862023116195,1.952,2.187,-2.716,-2.93
square,grass,0.2,1.5707963267948966,7.200013875961304,0.7886060971607076,-0.006241607367404214,-0.11085647258109742,0.47378358525832454,-0.111850925222204,0.321871388795113,2.125,1.995,-2.428,-2.6
square,grass,0.2,1.5707963267948966,7.400022983551025,0.7908045910366046,-0.01795162127714986,-0.12074548030482242,0.45216183019298767,-0.08336031990714544,0.32089743476040405,2.018,2.145,-2.345,-2.958
square,grass,0.2,1.5707963267948966,7.600004434585571,0.7880056211109112,-0.029957109861764072,-0.17981929970028265,0.43169761961472486,-0.056008913634784815,0.3207500246998438,1.887,2.176,-2.312,-2.48
square,grass,0.2,1.5707963267948966,7.799959659576416,0.7890849237742499,-0.04566646170454078,-0.12048929358295778,0.40194620991474345,-0.016614228094894642,0.3208406028864949,2.003,2.562,-2.337,-2.7
square,grass,0.2,1.5707963267948966,7.999990463256836,0.788585486968468,-0.05996509534848726,-0.18007979229945392,0.3774389894721912,0.015581970031532623,0.3212659258967694,2.22,2.336,-2.735,-2.783
square,grass,0.2,-3.141592653589793,8.200035572052002,0.7903115005187347,-0.07510353582639867,-0.13893500605793618,0.3560783590185487,0.04399105807429876,0.32136802929443975,2.244,2.025,-2.493,-2.695
square,grass,0.2,-3.141592653589793,8.399974346160889,0.7887104125552146,-0.09123572497054275,-0.1381703957574289,0.33281601509200043,0.061205363305081965,0.32023580472487423,2.185,0.279,-0.011,-2.595
square,grass,0.2,-3.141592653589793,8.599979162216187,0.7865796136311327,-0.10235191924324372,-0.17284711674945663,0.2952635745442852,0.05145457741613161,0.31849261757768166,1.904,0.253,-0.268,-2.371
square,grass,0.2,-3.141592653589793,8.79993724822998,0.7945478109739516,-0.12052005974247537,-0.12300892589287223,0.27414786665409174,0.04330561647801006,0.3182357572138398,1.907,0.424,-0.4,-2.392
square,grass,0.2,-3.141592653589793,9.000012397766113,0.7907056767264753,-0.13385122930918572,-0.18052272743322434,0.24346230991637285,0.03294124618449649,0.31665853223421453,1.831,0.082,-0.052,-2.3
square,grass,0.2,-3.141592653589793,9.200007200241089,0.7899227692718813,-0.14434327376388575,-0.16545983630481714,0.20382316271848366,0.01779921557078612,0.3151026766138389,1.586,0.067,-0.112,-2.357
square,grass,0.2,-3.141592653589793,9.400015830993652,0.7671494791835292,-0.14762908630754087,-0.1421075964644256,0.17056323625745723,0.003317055949525984,0.3134694073319261,1.586,-0.037,0.135,-2.158
square,grass,0.2,-3.141592653589793,9.600017547607422,0.7323207693953295,-0.15055254769740256,-0.18975915176104374,0.12585355933894155,-0.017997042559087063,0.312800700665286,1.52,0.332,0.184,-1.966
square,grass,0.2,-3.141592653589793,9.799996852874756,0.7010949583591203,-0.16103655130811648,-0.12627422452869025,0.08974191887135968,-0.03604319330460587,0.31273123888021676,1.114,0.002,0.0,-1.814
square,grass,0.2,-3.141592653589793,10.000113248825073,0.6725138758476317,-0.16567098539119826,-0.09298949074473063,0.06198714158575252,-0.050255778192178135,0.31276864158772083,1.008,0.038,0.237,-1.621
square,grass,0.2,-3.141592653589793,10.19997501373291,0.6342746328607606,-0.1701857891082834,-0.12053124522372007,0.030738971694522447,-0.06708363596030945,0.3112454256206697,1.221,0.023,0.247,-1.564
square,grass,0.2,-3.141592653589793,10.399933099746704,0.6342746328607606,-0.1701857891082834,-0.12053124522372007,-0.008695790768983951,-0.08823703840794843,0.3106483916513303,1.013,-0.143,0.225,-1.666
square,grass,0.2,-3.141592653589793,10.600018501281738,0.5587007287789033,-0.1885698156000287,-0.1429844446889958,-0.04975503606364265,-0.10979987723173067,0.31136125381284135,0.959,-0.537,0.638,-1.621
square,grass,0.2,-3.141592653589793,10.799973726272583,0.5171345164885692,-0.19616207617936485,-0.1391322600514766,-0.08256986628854715,-0.12840763020244209,0.31054857699312577,0.984,-0.069,0.53,-1.323
square,grass,0.2,-3.141592653589793,10.999986171722412,0.4735860003740322,-0.20350092003083128,-0.12125670121821207,-0.1210165211395246,-0.15114025295758904,0.3092176853099976,1.284,-0.236,0.192,-1.298
square,grass,0.2,-3.141592653589793,11.200010776519775,0.4378618445998761,-0.21006609463945222,-0.1098414073561806,-0.15502036022198926,-0.17266155582343803,0.307905812313471,1.208,-0.307,0.168,-1.401
square,grass,0.2,-3.141592653589793,11.399998903274536,0.4378618445998761,-0.21006609463945222,-0.1098414073561806,-0.18514505172233287,-0.189681844542058,0.3072554554707257,0.937,-0.62,0.782,-1.033
square,grass,0.2,-3.141592653589793,11.60000205039978,0.3589036203953304,-0.22966677794534354,0.21529081604996003,-0.22136919610182235,-0.21223291740584738,0.30732950883244414,1.261,-0.037,0.683,-1.244
square,grass,0.2,-3.141592653589793,11.800052881240845,0.31903562228660487,-0.23793122543485448,-0.06202920582253811,-0.25183299662408676,-0.23215903546467906,0.3068414361494408,1.329,-0.533,0.645,-1.158
square,grass,0.2,-1.5707963267948966,12.000000476837158,0.2844479025196246,-0.24486571942719607,-0.08601253201882032,-0.2911274042386436,-0.25743263955433066,0.30596145237481287,1.182,-0.199,0.689,-1.14
square,grass,0.2,-1.5707963267948966,12.199983835220337,0.2418404482768098,-0.2513620380345619,-0.11593344730501114,-0.3001277135438742,-0.276739290487336,0.30395775716940066,-1.812,-1.603,2.302,1.579
square,grass,0.2,-1.5707963267948966,12.400062799453735,0.20164129970090264,-0.2583944545107534,-0.10207981060104486,-0.3005431073345254,-0.28317392220744514,0.3028178004536305,-2.292,-2.677,3.068,2.185
square,grass,0.2,-1.5707963267948966,12.60004186630249,0.16246246943558293,-0.2660639790093072,-0.1286791335749891,-0.30008155602330333,-0.2863479387956775,0.30190445036201624,-2.425,-3.021,3.3,2.538
square,grass,0.2,-1.5707963267948966,12.800046682357788,0.12306047252068528,-0.273184751046776,-0.1799788364787338,-0.29703120673970246,-0.30516343537523277,0.2957003337190969,-2.519,-2.302,2.998,3.065
square,grass,0.2,-1.5707963267948966,13.000041246414185,0.0940218405682933,-0.2758885612894222,-0.18131849654948118,-0.29169963521954856,-0.32265426598818414,0.2938045661499206,-2.522,-2.334,3.286,3.011
square,grass,0.2,-1.5707963267948966,13.200013875961304,0.0940218405682933,-0.2758885612894222,-0.18131849654948118,-0.275988116186068,-0.35343033973585236,0.2908825021428959,-2.192,-1.91,2.698,2.187
square,grass,0.2,-1.5707963267948966,13.400022745132446,0.08900967771293039,-0.2758703351613455,-0.1817249353334789,-0.2625588539843464,-0.3798409959362116,0.29043216000566485,-2.233,-1.952,2.76,2.683
square,grass,0.2,-1.5707963267948966,13.600053787231445,0.08225452612728468,-0.2752500773814973,-0.1870361576288665,-0.24872401628699814,-0.40305800157523086,0.29037653559469434,-1.986,-2.221,2.851,2.409
square,grass,0.2,-1.5707963267948966,13.800024271011353,0.07689369258370937,-0.2685674620471509,0.3088556699329174,-0.23074220500381626,-0.43505474480950085,0.28858346984328814,-1.975,-2.272,2.754,2.616
square,grass,0.2,-1.5707963267948966,13.999957799911499,0.07785224054429521,-0.25797534028781755,-0.20559374630317978,-0.2052804850173761,-0.4783699515650531,0.28844971207379505,-2.198,-2.075,2.6,2.379
square,grass,0.2,-1.5707963267948966,14.200012683868408,0.0714428090278666,-0.245994554067436,0.26959566771030374,-0.18449035067558472,-0.5125014505929681,0.2884999841106597,-2.182,-2.037,2.225,2.64
square,grass,0.2,-1.5707963267948966,14.40008544921875,0.06765586170261001,-0.23525911598802782,-0.1368765363804521,-0.16709750354047165,-0.5387530756245786,0.2884227802983735,-2.138,-1.924,3.005,2.328
square,grass,0.2,-1.5707963267948966,14.600014925003052,0.06505312241234268,-0.2192498496688143,-0.13517139014299395,-0.1426124533026704,-0.5781924405777424,0.28853768761639814,-2.062,-1.87,2.498,2.683
square,grass,0.2,-1.5707963267948966,14.799982786178589,0.06529944305416624,-0.19982577295758078,-0.17668186080342557,-0.12439490663143397,-0.6074334239458579,0.2881058659410582,-1.928,-2.276,2.873,2.472
square,grass,0.2,-1.5707963267948966,15.000038862228394,0.06339745980460215,-0.18344255238455956,-0.13887035711185053,-0.10281891483456441,-0.6399082098191362,0.2876497411772866,-1.974,-2.083,2.477,2.517
square,grass,0.2,-1.5707963267948966,15.200017213821411,0.06221418240871657,-0.1647632786586485,-0.14669991721309505,-0.08139765319926506,-0.6719094771380221,0.2867157390213551,-2.165,-1.793,2.631,2.666
square,grass,0.2,-1.5707963267948966,15.400038719177246,0.061274406527422,-0.1464854933200246,-0.0781797601219174,-0.07196068922134212,-0.6879865266784615,0.28707590103807373,-2.033,-2.115,2.621,2.712
square,grass,0.2,-1.5707963267948966,15.600039005279541,0.05774029984223994,-0.12759881585434557,0.2343989549352961,-0.03991700456774575,-0.7379032556587559,0.28674448161861327,-2.005,-2.044,2.533,2.463
square,grass,0.2,-1.5707963267948966,15.800041913986206,0.055350834313361075,-0.1089525485919281,0.23561812554364425,-0.018307232683837008,-0.7729562338421868,0.2869842926006223,-1.894,-2.081,2.274,2.83
square,grass,0.2,0,0.20018815994262695,0.0,0.0,0.0,0.00014344267566156893,-4.6400805346014096e-05,6.300596800901115e-06,-1.697,-1.627,2.272,2.289
square,grass,0.2,0,0.40032339096069336,0.0,0.0,0.0,0.007499739899824984,0.0019597529654846735,0.00013050989984736416,-2.584,0.13,0.534,2.695
square,grass,0.2,0,0.6000711917877197,0.0,0.0,0.0,0.03853828585177898,0.009966163368138603,0.0011663046605390193,-1.826,-0.137,0.393,2.86
square,grass,0.2,0,0.8000686168670654,0.0,0.0,0.0,0.07165961678219265,0.02010604683878947,0.0028978964484624448,-1.684,0.073,0.445,2.342
square,grass,0.2,0,0.9999959468841553,0.0,0.0,0.0,0.10594869045056994,0.03158138983396397,0.003271080123052106,-1.768,-0.175,0.318,1.642
square,grass,0.2,0,1.2010626792907715,0.0,0.0,0.0,0.14682573738284654,0.04683297271669984,0.005724927859545759,-1.426,-0.005,0.398,2.097
square,grass,0.2,0,1.3999848365783691,0.01713826313348421,0.0021864766725786383,-0.0615447382530665,0.1860388681447111,0.0626047577384865,0.00673199235500932,-1.132,0.004,-0.084,1.824
square,grass,0.2,0,1.600083589553833,0.04975444122388531,0.007584035620976287,0.2662196580432864,0.22238782547877473,0.07866902997262015,0.008189473447775097,-0.998,-0.014,0.03,1.779
square,grass,0.2,0,1.8000385761260986,0.08252376950508064,0.01190004681760315,0.12793469935347082,0.2540472135401885,0.0924120649864878,0.009120367642776017,-0.953,0.258,0.021,1.589
square,grass,0.2,0,2.00010347366333,0.12173026553242366,0.01967673962892963,0.37631450176255854,0.29629409630021014,0.11069939425320607,0.00928012723613697,-0.637,0.705,0.111,1.222
square,grass,0.2,0,2.2000482082366943,0.16046273544886042,0.025162122606301823,0.022211579776241316,0.332734618376891,0.1281168570233221,0.008801721946520069,-0.712,0.104,0.077,1.413
square,grass,0.2,0,2.399993896484375,4.934214655795608,1.7920865674864286,-1.8975567587927937,0.36888706954380296,0.14638047276870547,0.008567429634216694,-0.921,0.232,-0.094,1.541
square,grass,0.2,0,2.599996328353882,4.934214655795608,1.7920865674864286,-1.8975567587927937,0.3998043905935613,0.16347462130154977,0.008919310422323412,-0.701,0.238,-0.078,1.249
square,grass,0.2,0,2.800104856491089,0.2428751924456169,0.032821459682513446,0.19382856140802582,0.43788279288113424,0.18502233848538308,0.008975859053729052,-0.662,0.188,-0.147,1.374
square,grass,0.2,0,3.0000815391540527,0.28494645762908716,0.03634122130105701,0.23745675055280654,0.47516794183656935,0.206900499520545,0.009363593932512793,-0.92,0.159,0.101,1.08
square,grass,0.2,0,3.200035810470581,0.323942670817653,0.04056069848179427,0.18775232801581493,0.5128118714858538,0.22874280435300376,0.01107731504656323,-1.064,0.237,-0.108,1.422
square,grass,0.2,0,3.4000606536865234,0.36578021120551035,0.044028269423498315,0.09939095348028451,0.5413982596031355,0.246130214366726,0.009653466551565626,-0.828,0.629,-0.178,1.545
square,grass,0.2,0,3.5999879837036133,0.45417494325302576,0.04931364626530044,0.0500041559116548,0.5762068081748397,0.26736274245391145,0.011049508160586419,-0.895,0.488,-0.239,1.264
square,grass,0.2,0,3.8000588417053223,0.5053426209234408,0.050626329033643384,0.057255227906613776,0.6049875866350019,0.28476892735151116,0.010580342045645286,-0.697,0.284,-0.067,1.011
square,grass,0.2,1.5707963267948966,4.000012636184692,0.5441216057808951,0.054199005735235194,0.09697075467592767,0.6434184824634381,0.30748333310148446,0.012914714237710956,-0.785,0.259,-0.245,1.203
square,grass,0.2,1.5707963267948966,4.200042009353638,0.5750189473910591,0.05796201615614685,0.04387197378362413,0.6608300846302353,0.331170632756731,0.012456586249245616,1.76,1.028,-0.866,-1.392
square,grass,0.2,1.5707963267948966,4.400054931640625,0.6100382464924683,0.05918577769632331,-0.041954805087296265,0.6606149373316312,0.3345435897300009,0.013680202693898136,2.314,2.968,-2.97,-2.088
square,grass,0.2,1.5707963267948966,4.600101947784424,0.649227439806246,0.06172187297192204,-0.028562855073578475,0.6593234973399702,0.3424963431798262,0.0171986593585986,2.687,2.408,-2.86,-2.488
square,grass,0.2,1.5707963267948966,4.800065040588379,0.6891466972328036,0.06352526524723245,-0.018185503598282,0.6538396581628525,0.358699801067722,0.022500051417287892,2.091,2.345,-2.441,-2.506
square,grass,0.2,1.5707963267948966,5.000131130218506,0.7300200077183249,0.06534767758111049,-0.02519560900415102,0.6423829214436914,0.38097036112800375,0.025474475359683613,1.927,2.007,-2.188,-2.16
square,grass,0.2,1.5707963267948966,5.20006799697876,0.7448019879032421,0.06311605798060367,-0.03368857297188693,0.6332799739177328,0.3991640893241101,0.028677800920372587,2.42,2.746,-3.015,-2.715
square,grass,0.2,1.5707963267948966,5.400057315826416,0.7450837706946638,0.06437116642451715,-0.060886288081818285,0.6165966149188751,0.42849013064661745,0.03142416363196776,2.113,1.985,-2.156,-2.563
square,grass,0.2,1.5707963267948966,5.600344657897949,0.742839206495405,0.06185421636176218,-0.06012855187078042,0.6023783591094289,0.4519036600661318,0.0328057228014913,2.074,2.137,-2.263,-2.5
square,grass,0.2,1.5707963267948966,5.800062656402588,0.7465205619081896,0.05542755279257772,-0.016924162443372387,0.5801589750427913,0.4850423354617575,0.03451772376416529,1.929,2.483,-2.373,-2.648
square,grass,0.2,1.5707963267948966,6.000121593475342,0.7410466928889183,0.04520659760284796,-0.10169891324232189,0.561999748972849,0.5116616728903449,0.036034789763461694,2.303,2.333,-2.631,-2.555
square,grass,0.2,1.5707963267948966,6.200031280517578,0.7450726453658001,0.040476645796638976,-0.013545541898259156,0.5415032747721016,0.5412499689429218,0.03680235785930902,1.77,2.152,-2.97,-2.552
square,grass,0.2,1.5707963267948966,6.400039911270142,0.7406258113902215,0.027740706809511115,-0.0739486278527288,0.5154945747915347,0.5767984513198142,0.03749948215001192,1.702,2.353,-2.318,-2.406
square,grass,0.2,1.5707963267948966,6.599988698959351,0.7439235339872357,0.013812012199623136,-0.0900358295810145,0.4906019598472116,0.611220032270837,0.038364424623994364,1.956,2.245,-2.363,-2.495
square,grass,0.2,1.5707963267948966,6.799998998641968,0.7458282692178886,0.0032503331338163133,-0.07542383730714997,0.46721299651630177,0.643577586137545,0.03905938683091076,2.247,2.353,-2.102,-2.455
square,grass,0.2,1.5707963267948966,7.000017404556274,0.7467435686279114,-0.009949408610694821,-0.06185900412080561,0.4434433408915399,0.6755854478923979,0.03952763422776173,2.04,2.065,-2.191,-2.452
square,grass,0.2,1.5707963267948966,7.200033664703369,0.7505809135421607,-0.02437569515705211,-0.044625881531216716,0.4214934093181307,0.704681640402563,0.039212219974953,1.792,2.01,-2.56,-2.268
square,grass,0.2,1.5707963267948966,7.400110721588135,0.7441922482200518,-0.040249719040996806,-0.10315894660340713,0.39706062313394175,0.7373912816916217,0.03937748368525451,2.023,1.915,-2.238,-2.874
square,grass,0.2,1.5707963267948966,7.600118637084961,0.7459410916522506,-0.05640430871892749,-0.05831251165226517,0.3738814356398631,0.7689327059316319,0.03843730593579503,1.914,2.351,-2.193,-2.234
square,grass,0.2,1.5707963267948966,7.800127029418945,0.7445966417928347,-0.06886114813740715,-0.0614827936833085,0.35637940787754185,0.7925145067700397,0.039448561864652065,2.288,2.472,-2.077,-2.653
square,grass,0.2,-3.141592653589793,8.000006675720215,0.7739197640427894,-0.09743029218103294,0.18944525414284832,0.3293205556805022,0.8277479428401233,0.03846396936019614,2.033,2.183,-2.391,-3.067
square,grass,0.2,-3.141592653589793,8.199976921081543,0.7457412231459242,-0.10544513212239448,0.41604860102271635,0.29901545678988234,0.8356131845213493,0.03782842258358693,1.918,0.264,-0.304,-2.804
square,grass,0.2,-3.141592653589793,8.400127649307251,0.7476722964433006,-0.12162217196410982,-0.04883421625546555,0.2928179013393128,0.8340665647740683,0.038194657201051696,2.198,0.075,-0.29,-2.954
square,grass,0.2,-3.141592653589793,8.600007772445679,0.7497957810503075,-0.13716600299536397,-0.0934846283639858,0.2495842570829036,0.8185577468253977,0.03923709900365935,1.865,0.369,-0.357,-2.423
square,grass,0.2,-3.141592653589793,8.800037860870361,0.7485419409657337,-0.1518765324079203,-0.10079050986547464,0.21462353282723592,0.8060708316231379,0.03644839506286324,1.889,0.041,-0.261,-2.272
square,grass,0.2,-3.141592653589793,9.00002932548523,0.7527780520465073,-0.16755247066334022,-0.09504498571521205,0.17022301686486813,0.7874506505821198,0.03493332865702631,1.615,0.159,-0.041,-1.862
square,grass,0.2,-3.141592653589793,9.200011253356934,0.73956391081902,-0.17455558220197842,-0.07127238599103136,0.14993447575315066,0.7793529857977626,0.03369345534265894,1.319,-0.003,0.128,-1.66
square,grass,0.2,-3.141592653589793,9.399993181228638,0.7123584939726166,-0.17601233664758636,-0.0751306765094562,0.10849334459571802,0.7597462507314143,0.03235774595173935,1.167,0.266,0.186,-1.807
square,grass,0.2,-3.141592653589793,9.600009679794312,0.6762863659815692,-0.18312594553137534,-0.11039442697823237,0.06469147313417917,0.7382236602483738,0.03247085998524529,1.091,0.021,0.003,-1.792
square,grass,0.2,-3.141592653589793,9.800230503082275,0.6459388072101818,-0.18686692405680666,0.40724270354338105,0.027878504162867655,0.7194104041084103,0.03220009144866759,0.924,-0.14,0.364,-1.557
square,grass,0.2,-3.141592653589793,10.000060558319092,0.6124674592253238,-0.192916858831425,-0.017783483636998998,-0.004735569323057102,0.7015617253865444,0.0318580317912629,0.986,-0.095,0.531,-1.478
square,grass,0.2,-3.141592653589793,10.200050830841064,0.5762846385610074,-0.19632368649482962,-0.06081650072864639,-0.04292538062216833,0.6816551031831581,0.02987881711015916,1.255,-0.057,0.549,-1.545
square,grass,0.2,-3.141592653589793,10.400070905685425,0.5340096758895203,-0.20165910865803616,0.39102521064985785,-0.06458784196031511,0.6690086103376316,0.029005967136877864,1.053,-0.227,0.443,-1.487
square,grass,0.2,-3.141592653589793,10.600013494491577,0.49620013208185537,-0.21469566921672129,-0.06756526848446448,-0.10966535686847119,0.6426995933869674,0.028065958240677147,1.21,-0.222,0.475,-1.562
square,grass,0.2,-3.141592653589793,10.80012845993042,0.45649823024804326,-0.22092349438490433,-0.03988059738176314,-0.1359161512362394,0.627516839315585,0.026647349430486078,1.174,-0.204,0.478,-1.411
square,grass,0.2,-3.141592653589793,11.000001192092896,0.4171469369749029,-0.22460593205786694,-0.04299773527026918,-0.18031021972044933,0.5986889215884582,0.024995909498630398,1.172,-0.168,0.409,-1.083
square,grass,0.2,-3.141592653589793,11.200047254562378,0.3801674926529495,-0.23583440238850428,-0.027169387020029745,-0.20416884421708523,0.5848786332179147,0.023761640312091215,0.942,-0.139,0.603,-1.202
square,grass,0.2,-3.141592653589793,11.400045156478882,0.3394461852607429,-0.24322783419244404,0.30339261581100924,-0.24837648965097758,0.5576849254144223,0.023242594756089252,1.279,-0.244,0.568,-1.336
square,grass,0.2,-3.141592653589793,11.6001136302948,0.3014116852907825,-0.2473164584395866,-0.10848230378322868,-0.2775123833786316,0.5386252174440564,0.023749134249245796,1.106,-0.354,0.487,-1.2
square,grass,0.2,-3.141592653589793,11.800023555755615,0.26237041042474313,-0.2596011674674785,0.2847857780323333,-0.3126536803503364,0.5165365060250009,0.02232846293130225,1.096,-0.423,0.495,-1.009
square,grass,0.2,-1.5707963267948966,12.000481605529785,0.2211354913540788,-0.26999555426242133,-0.06391800373418177,-0.3405044499150901,0.49771444488176536,0.021936096214508816,1.034,-0.15,0.591,-1.016
square,grass,0.2,-1.5707963267948966,12.200125217437744,0.1801072405814101,-0.2784509193164283,-0.09557290493384193,-0.3593722795569706,0.4724946876646624,0.02120932307601997,-1.807,-1.608,1.853,1.711
square,grass,0.2,-1.5707963267948966,12.400081396102905,0.13962409680050303,-0.28571117559722886,-0.07347717505349347,-0.3601864219037392,0.46651846224248344,0.020184570891527642,-2.264,-2.511,3.236,2.235
square,grass,0.2,-1.5707963267948966,12.600289821624756,0.09741343971316652,-0.29177189355552646,-0.10234637165733759,-0.36063651856832646,0.4580813956195961,0.0170473623564506,-2.716,-2.733,3.487,2.991
square,grass,0.2,-1.5707963267948966,12.800092935562134,0.058165663334514256,-0.2990753207602922,-0.11085191698257396,-0.3578290877329806,0.44280412491615917,0.013809259497558568,-2.47,-1.926,3.153,2.8
square,grass,0.2,-1.5707963267948966,13.000141859054565,0.020748054026336726,-0.30217107975485374,-0.16515984647144938,-0.3477371563818713,0.4212525675769032,0.012132897638757578,-2.283,-2.165,2.611,2.42
square,grass,0.2,-1.5707963267948966,13.199995279312134,-0.0019215566422289831,-0.30452358302191074,0.7389068087739035,-0.3321065689918353,0.39046228199069516,0.0119643152488077,-2.396,-2.202,2.448,2.611
square,grass,0.2,-1.5707963267948966,13.400003910064697,-0.0045025727380175184,-0.3067483208828333,-0.11625442211339754,-0.3147986490334281,0.36165233176977435,0.010888043965842753,-2.327,-1.989,2.274,2.644
square,grass,0.2,-1.5707963267948966,13.59999418258667,-0.009173046121367934,-0.30467434947103766,0.3819669094408187,-0.2970525567543125,0.3307183105544967,0.010748998716124725,-1.956,-1.601,2.912,2.22
square,grass,0.2,-1.5707963267948966,13.8000967502594,-0.015377818131325438,-0.3001785697106452,-0.14687233164549562,-0.27809461190828216,0.2972439003084586,0.010794749766425471,-1.999,-1.9,2.516,2.418
square,grass,0.2,-1.5707963267948966,14.000100135803223,-0.021189435537208146,-0.2881183990820169,-0.11954545310171538,-0.2590888958728812,0.26646862830301765,0.010449357766017353,-2.127,-2.011,2.247,2.501
square,grass,0.2,-1.5707963267948966,14.200052499771118,-0.021471793664953,-0.27264925214485497,-0.17047469381824665,-0.24153407195766977,0.2385707966712476,0.010114695143639774,-1.776,-1.821,2.131,2.627
square,grass,0.2,-1.5707963267948966,14.400049209594727,-0.026265190601946098,-0.25743694168406556,0.39593090817075544,-0.22345692847638723,0.2084322268756782,0.01005906413695673,-1.827,-1.711,2.644,2.985
square,grass,0.2,-1.5707963267948966,14.600166320800781,-0.031549253554655654,-0.24043586442437453,0.3823243395596901,-0.1981443983936318,0.16914148018301944,0.009781791769396753,-2.077,-1.723,2.394,2.493
square,grass,0.2,-1.5707963267948966,14.800065279006958,-0.02971378144045722,-0.22171308473183693,0.4362329319826577,-0.1797016163817309,0.1415998172979993,0.009974718483583167,-2.337,-1.839,2.711,2.472
square,grass,0.2,-1.5707963267948966,15.00005555152893,-0.032021148026899704,-0.20625154659465889,-0.12880958300802914,-0.15758035135819937,0.10822456783285483,0.009964848100361134,-1.955,-1.969,2.436,2.143
square,grass,0.2,-1.5707963267948966,15.200037479400635,-0.034907944215754105,-0.18992338558674515,-0.07913224729071386,-0.1345763843626182,0.07342972268442816,0.01074271910832586,-2.034,-2.181,2.556,2.336
square,grass,0.2,-1.5707963267948966,15.400038957595825,-0.037426213711366285,-0.17394482775185105,-0.07859259235334609,-0.11831949213409512,0.04805132971086434,0.010908675963516634,-2.178,-2.054,2.403,2.714
square,grass,0.2,-1.5707963267948966,15.600058555603027,-0.04044676974084521,-0.15529300098177154,0.331051961919139,-0.09702839272113103,0.01421046666672543,0.010478964277858549,-2.164,-1.914,2.614,2.186
square,grass,0.2,-1.5707963267948966,15.800170421600342,-0.03740924750807334,-0.13265170461709544,0.5966782780803885,-0.06796016848914146,-0.029317433523318726,0.009858066529066345,-2.295,-1.907,2.543,2.484
square,grass,0.2,0,0.20006394386291504,0.0015717641201528076,0.0009711728588470692,-0.05457618082980176,0.0,0.0,0.0,1.688,1.752,-1.004,-1.265
square,grass,0.2,0,0.3999941349029541,0.0015717641201528076,0.0009711728588470692,-0.05457618082980176,0.005568720482916789,0.008612339377217865,0.001808279693888415,-0.042,2.24,-2.398,0.536
square,grass,0.2,0,0.5999298095703125,0.0015717641201528076,0.0009711728588470692,-0.05457618082980176,0.02313188327719562,0.039740097720274245,0.006047989293327449,-0.138,2.029,-1.611,0.191
square,grass,0.2,0,0.8000040054321289,0.0015717641201528076,0.0009711728588470692,-0.05457618082980176,0.027731075207634515,0.047264480259303604,0.007276424882063426,-0.069,1.39,-1.808,0.272
square,grass,0.2,0,1.0001001358032227,0.0015717641201528076,0.0009711728588470692,-0.05457618082980176,0.040612915718640896,0.06841548786651099,0.010244219087327533,-0.002,1.639,-1.589,0.28
square,grass,0.2,0,1.199965238571167,0.011542153204035677,0.0030835070847759494,0.6016653159607862,0.07382944924585222,0.11711028770746319,0.013596676882944414,-0.216,1.508,-0.988,0.423
square,grass,0.2,0,1.4002118110656738,0.03378636899117876,-0.0021757527489711936,0.006998627486962838,0.1005753175582833,0.1536602250035562,0.01556651122873648,-0.297,1.137,-1.456,0.533
square,grass,0.2,0,1.6004886627197266,0.06548426982123362,-0.0032523350282367414,-0.01759121372617567,0.1260316732203698,0.188339526318756,0.015792556536932456,-0.036,1.371,-1.135,0.282
square,grass,0.2,0,1.800497055053711,0.10183273380119587,5.66164813747827e-05,-0.014394634895055713,0.14961949891408866,0.22080045267792836,0.016153144788849716,-0.225,1.121,-1.081,0.691
square,grass,0.2,0,2.000291585922241,0.1356073665386417,-0.0037978080608256914,-0.014010403871808963,0.17299921709981275,0.2527015276626271,0.01667839169909724,-0.489,0.76,-0.899,0.563
square,grass,0.2,0,2.2000045776367188,0.17961481863728257,0.0006529266618451324,-0.018477612732408277,0.19285224389719702,0.2797124405411613,0.017141434316732818,-0.295,1.105,-1.237,0.736
square,grass,0.2,0,2.4003422260284424,0.2182081893549072,0.0022814690704947016,0.03291984447826385,0.21958756614400776,0.3138146472055392,0.017893127434567557,-0.359,1.031,-1.085,0.618
square,grass,0.2,0,2.60006046295166,0.2581631054152179,0.008281991065747007,0.032136918644953105,0.24250743134705482,0.34238355550316013,0.017899160604461284,-0.299,0.742,-0.695,0.637
square,grass,0.2,0,2.8000075817108154,0.2581631054152179,0.008281991065747007,0.032136918644953105,0.2760853517012367,0.3823093036625924,0.018288695097332552,-0.259,0.754,-1.008,0.773
square,grass,0.2,0,3.0000100135803223,0.3409756105738185,0.009093737093762655,0.07005252219589544,0.3013332936393019,0.412539394998824,0.01834212130239321,-0.37,0.676,-0.644,0.4
square,grass,0.2,0,3.2002646923065186,0.38083839184765045,0.011361550210400084,0.5196908248187372,0.31507124715057944,0.4291266210185191,0.01882978926346124,-0.24,0.554,-1.005,0.688
square,grass,0.2,0,3.400087833404541,0.42297210895855175,0.014576152391225172,0.48572821552202794,0.35211793535474345,0.47261953604695206,0.02050734404868787,-0.422,0.657,-0.971,0.82
square,grass,0.2,0,3.6001293659210205,0.47233195179067433,0.017456112822085423,0.08873652893584688,0.37668247522628484,0.5014230141320872,0.021065088059801063,-0.767,0.771,-0.828,0.811
square,grass,0.2,0,3.8000612258911133,0.5166470385858913,0.01795349714231781,0.03334233425345384,0.40574778529186495,0.5365362204199753,0.022224863830362318,-0.749,0.479,-0.926,1.013
square,grass,0.2,-1.5707963267948966,4.0001020431518555,0.5578869529935175,0.02531909074252442,0.529662179942157,0.4298653980928545,0.5648587750377495,0.022635967057404782,-0.506,0.603,-0.686,0.518
square,grass,0.2,-1.5707963267948966,4.199962615966797,0.5578869529935175,0.02531909074252442,0.529662179942157,0.45269800146969413,0.572577176888416,0.021190732395376888,-1.614,-2.091,1.947,2.42
square,grass,0.2,-1.5707963267948966,4.400070667266846,0.6390561601541258,0.034930839009753856,0.5497508758290595,0.46026551577686037,0.5711747210607088,0.01865920426658091,-2.572,-2.338,2.649,3.31
square,grass,0.2,-1.5707963267948966,4.600171804428101,0.6754444678829109,0.042485457268391424,0.02465150377410663,0.47042308142249545,0.5678749644411163,0.01239853983158834,-2.209,-2.392,3.188,3.449
square,grass,0.2,-1.5707963267948966,4.8000733852386475,0.7145805490892699,0.04518900526160902,0.009412677851077078,0.4883946962801418,0.5578294859132729,0.009570344899487548,-2.283,-2.227,2.894,3.207
square,grass,0.2,-1.5707963267948966,5.000009298324585,0.744745582282436,0.048171893837673396,0.07919496417144603,0.5073854112096077,0.5413469875614392,0.006983671563441929,-2.063,-1.928,2.469,2.337
square,grass,0.2,-1.5707963267948966,5.200003623962402,0.7449757932767465,0.04980018973747563,0.046210636546115874,0.5338839189858562,0.5203671458264436,0.00681995546607822,-2.033,-2.002,3.023,2.394
square,grass,0.2,-1.5707963267948966,5.400068759918213,0.7458528959753887,0.05388195839526383,0.006386676146905357,0.5595817745652887,0.4971292696088157,0.007775229469305367,-2.179,-2.116,2.708,2.334
square,grass,0.2,-1.5707963267948966,5.600282192230225,0.7449446827228046,0.05611877747780908,0.04296887708620717,0.5784245487425831,0.4805024095089859,0.006900515682143504,-2.063,-1.902,2.44,2.468
square,grass,0.2,-1.5707963267948966,5.8000006675720215,0.7484645193902875,0.06767138168146886,0.05007277985787206,0.6090319218720686,0.45119305427963047,0.007602912050879984,-2.089,-1.601,2.769,1.88
square,grass,0.2,-1.5707963267948966,5.999955415725708,0.7467329667457971,0.08054964288947203,0.006180646351274743,0.638162452223951,0.4232931147005903,0.007737130284963423,-2.13,-1.781,2.608,2.36
square,grass,0.2,-1.5707963267948966,6.199946403503418,0.7477780952814916,0.09453036815574173,0.005391210890753395,0.6616030167113273,0.4015137414437077,0.007760509407266802,-2.225,-1.778,2.191,2.301
square,grass,0.2,-1.5707963267948966,6.400076389312744,0.7451416409357383,0.11027228097231662,0.5670994829545739,0.6907059213403137,0.37474069468346205,0.008067012938158202,-2.174,-1.757,2.729,2.617
square,grass,0.2,-1.5707963267948966,6.60002875328064,0.7451416409357383,0.11027228097231662,0.5670994829545739,0.7170560534992537,0.3484803531251816,0.007576933392969276,-1.854,-1.762,2.788,2.563
square,grass,0.2,-1.5707963267948966,6.800209283828735,0.7472929462920166,0.12261240885063535,0.006912071761989325,0.7444942063117446,0.3210974385890434,0.007150840149990623,-2.106,-2.132,2.67,2.089
square,grass,0.2,-1.5707963267948966,7.000207424163818,0.7485111376559079,0.1522461477711327,0.018471815745976616,0.7774519804981135,0.28906782715135393,0.006714269912159676,-2.397,-2.302,2.921,2.455
square,grass,0.2,-1.5707963267948966,7.200220823287964,0.7506348136594954,0.16765636089781766,0.018939628491062843,0.8044645132196934,0.2628699045432844,0.006125111256465976,-2.46,-2.074,2.44,2.608
square,grass,0.2,-1.5707963267948966,7.3999903202056885,0.7514147272966973,0.18216902070541507,0.05001973055705122,0.8316277045515167,0.23537897325343582,0.006050588953358416,-2.284,-1.99,2.951,2.647
square,grass,0.2,-1.5707963267948966,7.599980354309082,0.7532745768298825,0.19713784337289952,0.09102905261574684,0.8556230832598923,0.21050910088181124,0.006496819143040122,-2.14,-2.348,2.919,2.543
square,grass,0.2,-1.5707963267948966,7.800029039382935,0.7532091970407426,0.21424396897062242,0.15505557355132668,0.8851408989198605,0.18020211864378632,0.007654002526698789,-2.015,-2.09,2.769,2.809
square,grass,0.2,-3.141592653589793,8.000255584716797,0.7586177046800295,0.2293002226753476,0.09997421407833565,0.9146531622356157,0.15075112716295774,0.006425774861555433,-2.245,-2.133,2.569,2.35
square,grass,0.2,-3.141592653589793,8.1999831199646,0.7611616441667607,0.24604582214507983,0.5726962678301185,0.9207573297353249,0.12411513522664652,0.008327594265600924,-0.254,-1.933,2.613,0.528
square,grass,0.2,-3.141592653589793,8.400001049041748,0.762950221944305,0.26094476571845215,0.07300162224108789,0.9087704770846781,0.09764672448211852,0.008361355056831943,-0.381,-1.913,2.621,0.511
square,grass,0.2,-3.141592653589793,8.60001254081726,0.7635248899641591,0.27756346243386676,0.07309933779157779,0.8945297181612659,0.069936541721957,0.009000981655260087,-0.16,-1.89,2.248,0.37
square,grass,0.2,-3.141592653589793,8.800283670425415,0.767151483274211,0.29307648342186216,0.12274704062318398,0.876523898542657,0.03541156300782966,0.010647234128612126,-0.28,-1.976,2.066,0.365
square,grass,0.2,-3.141592653589793,9.000006198883057,0.760368253297049,0.30293805888689046,0.08238493908764769,0.8562562578389563,-0.0008750377405780385,0.01299207560433474,-0.126,-1.622,1.915,0.158
square,grass,0.2,-3.141592653589793,9.199987888336182,0.760368253297049,0.30293805888689046,0.08238493908764769,0.838897813400939,-0.028180937466784378,0.01351463368163447,-0.338,-1.52,1.89,0.162
square,grass,0.2,-3.141592653589793,9.40031385421753,0.7143963846663304,0.30683884583531496,0.11649921972698107,0.8149285108672544,-0.06446546728909494,0.01448772597121234,-0.195,-1.354,1.833,-0.142
square,grass,0.2,-3.141592653589793,9.600270509719849,0.6807462398121906,0.3113774270512208,0.11758065982926136,0.7935272478769709,-0.09346317553847877,0.01535424872115898,-0.21,-1.397,1.916,0.129
square,grass,0.2,-3.141592653589793,9.800038576126099,0.6453500443249318,0.31215695585000314,0.188233215758073,0.7689106840989516,-0.13143272334264028,0.015509564793820207,0.058,-0.811,1.278,-0.047
square,grass,0.2,-3.141592653589793,10.000158548355103,0.6102861356688446,0.3155457964059527,0.20032120671755793,0.7465929003934825,-0.16404954954281525,0.015752008162922493,0.222,-1.186,1.283,-0.234
square,grass,0.2,-3.141592653589793,10.200009107589722,0.5734277099925782,0.31852749267478775,0.21426011526064095,0.7228833404893671,-0.19545102718721608,0.015947841149979214,0.14,-1.19,1.683,-0.02
square,grass,0.2,-3.141592653589793,10.400322675704956,0.5320297443014097,0.32267538027092535,0.19911211515611738,0.6988666660545411,-0.22674343384623946,0.01643001500606367,0.161,-1.137,1.584,-0.134
square,grass,0.2,-3.141592653589793,10.599955081939697,0.4953069225849847,0.3291298880172307,0.2121142393966166,0.6790624542347519,-0.25557270349949823,0.018629048939191706,0.324,-1.269,1.386,-0.721
square,grass,0.2,-3.141592653589793,10.799954891204834,0.45918130737682517,0.334506120670953,0.19666248187370428,0.6544345449592318,-0.288677610727704,0.01952749532063247,0.45,-0.971,1.212,-0.244
square,grass,0.2,-3.141592653589793,11.000185489654541,0.42170628443310176,0.3372456184360261,0.18889981538878275,0.625727400798652,-0.3220496223734941,0.021104675433648856,0.114,-1.112,1.035,-0.332
square,grass,0.2,-3.141592653589793,11.200346231460571,0.3833488995504216,0.3438451445473134,0.2883024193177059,0.6006490689736704,-0.3531580059837712,0.021850673223219264,0.135,-0.962,1.313,-0.534
square,grass,0.2,-3.141592653589793,11.39997148513794,0.34744013963629405,0.3486542310820517,0.1655484243010778,0.5740878305673422,-0.38573213640940235,0.022450206465433775,0.137,-0.892,1.124,-0.785
square,grass,0.2,-3.141592653589793,11.600364685058594,0.30374404631699253,0.3539790669249335,0.20952573788604076,0.549600788467112,-0.4159342314244067,0.023046130474794535,0.435,-0.814,1.04,-0.311
square,grass,0.2,-3.141592653589793,11.800081491470337,0.2646534796966681,0.3615830432242345,0.3822007816510492,0.5243921817660009,-0.4468916296336067,0.023367670329344892,0.492,-0.464,1.517,-0.487
square,grass,0.2,1.5707963267948966,12.00024151802063,0.22170236465773985,0.36995929416983264,0.37353026738700124,0.5010718884193079,-0.4754047556958621,0.021860136329722002,0.14,-0.655,1.003,-0.851
square,grass,0.2,1.5707963267948966,12.199960708618164,0.17885487872524589,0.37577171989275676,0.38502564391143623,0.47921675366980376,-0.48612365870912316,0.022278191356176202,1.731,1.889,-1.645,-1.744
square,grass,0.2,1.5707963267948966,12.400370121002197,0.1419576789573974,0.38262218559828753,0.05856532574337264,0.46974126113712744,-0.48582272987084846,0.022422684988658015,2.272,2.329,-2.139,-2.847
square,grass,0.2,1.5707963267948966,12.600375890731812,0.09571178503473937,0.3841543575078325,0.03956885182071865,0.46084611805053066,-0.48299269112014803,0.025564688926443924,2.282,2.392,-2.515,-3.385
square,grass,0.2,1.5707963267948966,12.800050258636475,0.06096713307800178,0.38701969921589324,0.6550284535956588,0.4515363540061553,-0.47838873252103714,0.03172749084303117,2.115,2.964,-2.898,-3.562
square,grass,0.2,1.5707963267948966,12.999988079071045,0.03049383178318371,0.3884752923997199,-0.02020471421686315,0.43855156336700013,-0.4695592594340922,0.04387561815709334,2.223,2.769,-3.077,-3.556
square,grass,0.2,1.5707963267948966,13.200096130371094,0.026755362723847598,0.3873099632059287,0.6779252536347999,0.4241830653634959,-0.4544573894102613,0.05449639506178061,2.169,2.559,-2.635,-3.526
square,grass,0.2,1.5707963267948966,13.400100946426392,0.02289465469622881,0.3859839065559834,-0.029735526621011532,0.39990517833498895,-0.43849546157402713,0.053501655686325034,2.205,2.465,-2.147,-3.085
square,grass,0.2,1.5707963267948966,13.599963903427124,0.018504415223256465,0.38217742225834445,0.008877286012980212,0.3685299581963231,-0.41692024941848144,0.05010632100654028,1.832,2.316,-1.673,-2.727
square,grass,0.2,1.5707963267948966,13.799965620040894,0.018504415223256465,0.38217742225834445,0.008877286012980212,0.33253634338433463,-0.39136047024480575,0.046965002773990794,1.862,2.303,-2.289,-2.889
square,grass,0.2,1.5707963267948966,13.999939680099487,0.02201605275460633,0.3793469037688711,0.025804651495396347,0.29867978706963866,-0.3673008550855367,0.0449238180831153,1.832,2.076,-2.336,-2.764
square,grass,0.2,1.5707963267948966,14.19997262954712,0.01586157418180517,0.3611206324624926,0.011525451844308643,0.2673560890702833,-0.34358840962066445,0.04363390819916402,2.08,2.351,-2.685,-2.61
square,grass,0.2,1.5707963267948966,14.400055885314941,0.00942251148312434,0.3466036093164855,0.5465058397425424,0.23671545330623467,-0.3193256496541656,0.04364071733743735,2.04,2.331,-2.337,-2.906
square,grass,0.2,1.5707963267948966,14.600069284439087,0.006006799163989662,0.3306856260300062,-0.028427525438946333,0.20572271965596917,-0.294348811671668,0.04283196732164357,2.02,2.256,-2.367,-2.894
square,grass,0.2,1.5707963267948966,14.800557136535645,0.006252486231406618,0.3162618387618725,0.006455649094408544,0.174935906262624,-0.2690747941750767,0.04143502833494578,2.066,1.975,-2.364,-2.578
square,grass,0.2,1.5707963267948966,14.999912738800049,0.0035193230455758395,0.3010946984438706,-0.00897950984170387,0.1446848476796292,-0.24379664726289269,0.03923029155298169,2.16,2.104,-2.177,-2.478
square,grass,0.2,1.5707963267948966,15.199999570846558,0.0028092158514974597,0.2840696464319469,0.015911463225039002,0.11489156449277604,-0.2189111940449961,0.03796568770625408,2.24,2.347,-2.23,-2.508
square,grass,0.2,1.5707963267948966,15.399960994720459,0.00022067411410081617,0.26886333640881177,-0.002361819601402637,0.08417906386676388,-0.1931448018774503,0.03933009460921566,2.028,2.513,-2.054,-2.775
square,grass,0.2,1.5707963267948966,15.600227117538452,-0.000281003271763558,0.25327579967131686,0.5180188175607723,0.057343992267845034,-0.16976872140987914,0.04016926614277305,1.848,2.106,-2.198,-2.684
square,grass,0.2,1.5707963267948966,15.79997992515564,-0.0004157281344475128,0.23612519275377297,-0.08623576733322619,0.02177008866774177,-0.13902284783010965,0.039450363450667214,2.004,2.257,-2.819,-2.649
square,grass,0.2,1.5707963267948966,15.99997878074646,-0.002351156909076779,0.21870495042093685,-0.002156881659657439,-0.007405414719420245,-0.11337960578801076,0.037537145399240024,2.036,2.049,-2.439,-2.416
square,grass,0.2,0,0.20000028610229492,0.0,0.0,0.0,-7.692341003806558e-05,6.885477201540313e-05,-6.580489314295113e-05,1.787,1.873,-2.036,-2.338
square,grass,0.2,0,0.4000880718231201,0.0003411373031834697,-0.0016986585028447854,0.35614989581128775,0.001772624468808326,0.0055024795842446295,0.00035975247902658714,-0.044,2.367,-2.954,-0.327
square,grass,0.2,0,0.6000039577484131,-0.0019163573592861916,-0.0019013952080635943,0.33177974955265216,0.01623111705629121,0.04156415959239357,0.0012626962195132485,0.108,2.044,-2.555,-0.551
square,grass,0.2,0,0.8000602722167969,0.0,0.0,0.0,0.028809425168735636,0.06857360367810142,0.00029737719044081734,-0.051,1.627,-2.645,-0.305
square,grass,0.2,0,1.00004243850708,0.0003411373031834697,-0.0016986585028447854,0.35614989581128775,0.04432969916242102,0.09919446684885258,0.0012353661176683906,0.0,1.577,-1.678,-0.247
square,grass,0.2,0,1.1999995708465576,0.00039536139863349806,-0.0014824787848733423,1.1101874151068611,0.06502910108829063,0.13845932192851074,0.0001418578016025851,-0.082,1.34,-1.645,-0.112
square,grass,0.2,0,1.4000310897827148,0.013399121151353222,-0.0008969378182026588,0.2901873388876411,0.08578875846232947,0.1736413974767712,-0.001161728279959251,-0.098,1.654,-1.518,-0.148
square,grass,0.2,0,1.599991798400879,0.03317625810338504,-0.002244700837658431,0.33658301436537147,0.10483385145743784,0.20586120383039064,-0.0033913037592394057,0.004,1.188,-1.634,0.011
square,grass,0.2,0,1.80003023147583,0.06429913483794653,-0.002037741934678372,0.36504446089152454,0.12473353348017535,0.2368175881159991,-0.002780194961646887,-0.435,1.359,-1.552,-0.112
square,grass,0.2,0,1.9999926090240479,0.10099356384215691,-0.0016673147577316305,0.8206135246335713,0.14804201962767027,0.27264936174651194,-0.004064248343604526,-0.065,1.177,-1.365,0.121
square,grass,0.2,0,2.199972629547119,0.13806439286672362,0.002756114734885351,0.35093768258549096,0.16970664472450048,0.3047710299076448,-0.005283131531905405,-0.074,1.228,-1.257,0.403
square,grass,0.2,0,2.400127410888672,0.17602063005744067,0.0031541444659628493,0.7047964644224726,0.1917746920030744,0.3370793351008032,-0.005161467683346521,-0.417,1.143,-1.473,-0.02
square,grass,0.2,0,2.5999763011932373,0.21535562747515802,0.009007592163563616,0.4121812829801733,0.21670219635200016,0.3722388812360006,-0.005644738392690252,-0.416,1.125,-1.264,0.248
square,grass,0.2,0,2.800009250640869,0.25547490543168805,0.012126117916311296,0.4097143642142613,0.24213492950390708,0.4058022238425101,-0.005011539744897708,-0.552,0.943,-0.947,-0.06
square,grass,0.2,0,3.0000951290130615,0.294212286893296,0.013672180261485534,0.7770780887572816,0.2625758491068262,0.43322848013879045,-0.004708290389138281,-0.152,0.876,-0.972,0.269
square,grass,0.2,0,3.1999869346618652,0.33543754233983464,0.015960279200687544,0.4011119168053943,0.2858828077962329,0.46286969179423243,-0.005384237951628623,-0.55,0.996,-1.104,0.066
square,grass,0.2,0,3.399991750717163,0.379202372302904,0.02074407740680506,0.2801470939105708,0.31510459228874743,0.5000098791401002,-0.006916007070686014,-0.545,0.954,-1.085,0.385
square,grass,0.2,0,3.600062847137451,0.4186652813968492,0.024919675242086436,0.3898349246242866,0.3338673427337154,0.525837808296256,-0.007444289288016992,-0.504,0.962,-1.028,0.572
square,grass,0.2,0,3.8000502586364746,0.4589187987168498,0.0309326843018759,0.7074815088324002,0.3600298618072047,0.5585880789077893,-0.0065061667280373325,-0.552,0.791,-0.81,0.272
square,grass,0.2,-1.5707963267948966,4.000004291534424,0.501457906038907,0.03883819552049256,0.4049722208725861,0.3842948676074338,0.5901466631867405,-0.006368999834020506,-0.655,0.82,-1.161,0.66
square,grass,0.2,-1.5707963267948966,4.200033664703369,0.545493934001084,0.047410517190158874,0.38530425289816383,0.41303569877462293,0.6069645531192343,-0.007891204568209076,-0.754,-1.863,1.687,1.551
square,grass,0.2,-1.5707963267948966,4.400039434432983,0.5866572647179847,0.05049254021504296,0.7882703242109472,0.41951745755736874,0.6065397337746816,-0.010268073360381491,-2.69,-2.242,2.227,2.994
square,grass,0.2,-1.5707963267948966,4.6001482009887695,0.6274765095484304,0.05249896357537265,0.3727579254469066,0.42791130147332507,0.6050573000651469,-0.012565961199828501,-2.443,-2.851,2.565,3.013
square,grass,0.2,-1.5707963267948966,4.800076961517334,0.6609941699906031,0.06102006338300975,0.36884014404982596,0.4410043401685067,0.6004493189298208,-0.014899924762457939,-1.959,-2.522,2.388,2.874
square,grass,0.2,-1.5707963267948966,5.000010013580322,0.7002485275491453,0.06821375787430234,0.3365603531641065,0.4643951776567514,0.5841632132275596,-0.019285702868290566,-2.32,-2.038,3.071,2.75
square,grass,0.2,-1.5707963267948966,5.199992418289185,0.7476595060397158,0.05563343983387342,0.6439905050911454,0.4875589135973112,0.5661122367207825,-0.021103809494560588,-2.21,-2.244,2.04,2.416
square,grass,0.2,-1.5707963267948966,5.400018692016602,0.7269143331066917,0.0729751756164384,0.33799638273934984,0.512621936732383,0.5441115052716431,-0.02304094218991848,-1.916,-1.998,2.493,2.11
square,grass,0.2,-1.5707963267948966,5.60001015663147,0.7300809950357644,0.07617480472952665,0.3710893402623352,0.5384797195730382,0.520633179712158,-0.02269968165957964,-2.111,-1.911,2.232,2.177
square,grass,0.2,-1.5707963267948966,5.800101041793823,0.7382200602520375,0.07943375577995948,0.3806197304541263,0.5616631447978757,0.5007541612482824,-0.023274239524916585,-2.046,-1.769,2.339,2.654
square,grass,0.2,-1.5707963267948966,6.00002646446228,0.7368625758028683,0.09164488114764746,0.3697044096255482,0.5869398882037906,0.4773442972831875,-0.023385712586453833,-2.173,-2.2,2.347,2.584
square,grass,0.2,-1.5707963267948966,6.200002670288086,0.7401500013932978,0.10254955798187293,0.3812718597122211,0.6150871420814444,0.4494847434966548,-0.024193845768505695,-2.164,-2.095,2.408,2.382
square,grass,0.2,-1.5707963267948966,6.399991273880005,0.7379702396909739,0.12068765347745763,0.35927560819376286,0.6480249480256863,0.41849520204482765,-0.024326114083267625,-1.954,-2.043,2.257,2.414
square,grass,0.2,-1.5707963267948966,6.600022792816162,0.7361293049248101,0.13604464293389995,0.8433074411900432,0.6735574246167665,0.3947887978544662,-0.024331301238283976,-2.284,-2.152,2.769,2.436
square,grass,0.2,-1.5707963267948966,6.799992084503174,0.7373326888566213,0.15618627011168365,0.3712482990144478,0.6998842956390007,0.3693871501054823,-0.024668492574720147,-1.998,-2.157,2.148,2.553
square,grass,0.2,-1.5707963267948966,6.999968767166138,0.7379387230574324,0.17410182100597207,0.3681636558961017,0.7315816085389398,0.33881111733286623,-0.024093569218008537,-2.038,-1.829,2.482,1.633
square,grass,0.2,-1.5707963267948966,7.200008153915405,0.7355273517762481,0.19296384264912547,0.856719487752799,0.7614520078264833,0.30974857092731745,-0.024492973707329335,-1.878,-1.873,2.111,2.441
square,grass,0.2,-1.5707963267948966,7.399946689605713,0.7385688199063822,0.20601801546402537,0.3898301233530772,0.7875524051314261,0.28314922487067934,-0.02441256826556676,-2.129,-1.907,2.248,2.883
square,grass,0.2,-1.5707963267948966,7.599991321563721,0.7356698857184844,0.2248561232414117,0.373722616216025,0.8157720860939857,0.2544348812839208,-0.02478176588060904,-2.478,-2.025,2.475,2.723
square,grass,0.2,-1.5707963267948966,7.7999961376190186,0.7369152450951642,0.2422515842269377,0.4039803867433648,0.8432950335132658,0.22766183117896518,-0.025073190411444624,-2.347,-2.041,2.635,2.637
square,grass,0.2,-3.141592653589793,8.000004291534424,0.7352748320697406,0.26096019831062606,0.4386360113786959,0.8728556121351778,0.19886705543369257,-0.026666761174644282,-2.218,-2.029,2.874,2.192
square,grass,0.2,-3.141592653589793,8.19997763633728,0.73467850398868,0.28180691120584356,0.49205335307741455,0.8717803415329096,0.17416379661380949,-0.025238376925972195,-0.386,-2.12,2.474,0.604
square,grass,0.2,-3.141592653589793,8.400084495544434,0.7326599658472336,0.3004196180071953,0.7504758314199079,0.8587371273347411,0.14351577768542068,-0.02429066885175457,-0.189,-2.153,2.044,0.388
square,grass,0.2,-3.141592653589793,8.600005388259888,0.7287490657079624,0.31588558287435803,0.4080017757544623,0.8425383555662412,0.11381984953796158,-0.02348768516257288,-0.41,-1.939,2.209,0.538
square,grass,0.2,-3.141592653589793,8.799989700317383,0.7308046189136308,0.33186056822119137,0.4243758161912127,0.8263798440776637,0.0855004545527781,-0.022907887444471142,0.0,-1.876,2.437,0.056
square,grass,0.2,-3.141592653589793,9.000073909759521,0.7258773827993864,0.3444660707073143,0.40554199924687967,0.8075751917111085,0.05360480830791617,-0.022110592758545766,-0.043,-1.682,2.364,0.176
square,grass,0.2,-3.141592653589793,9.20005464553833,0.7143687330358629,0.3499260356367215,0.45545723441352703,0.7878527221235032,0.020799609316174417,-0.020891460207139723,-0.065,-1.506,1.928,0.091
square,grass,0.2,-3.141592653589793,9.399991750717163,0.6944569301461636,0.35017949687541267,0.43761724210914293,0.7699064763812864,-0.007536962677065467,-0.01993873394840806,-0.027,-1.634,1.956,0.101
square,grass,0.2,-3.141592653589793,9.600021839141846,0.665202778574647,0.34874535051901756,0.5260007426639401,0.7469101060620628,-0.04212325569041042,-0.019266727373429993,0.114,-1.291,1.904,-0.11
square,grass,0.2,-3.141592653589793,9.800047636032104,0.6340587078543103,0.34919566371382144,0.7013967498660161,0.7255475157123965,-0.07375285728177228,-0.01892864652745857,0.409,-1.257,1.531,-0.126
square,grass,0.2,-3.141592653589793,10.000379085540771,0.599365716625947,0.34604059104405216,0.5243158682819462,0.7126775508301804,-0.09333799358586053,-0.01957121794144756,0.244,-1.41,1.672,-0.138
square,grass,0.2,-3.141592653589793,10.200051546096802,0.5634109996921247,0.3458212262772503,0.4852329994677689,0.6872887268684377,-0.13122383980685542,-0.01810091736673758,0.464,-1.41,1.491,-0.533
square,grass,0.2,-3.141592653589793,10.400006294250488,0.5338737373586533,0.34845335185842424,0.6318661591737577,0.6592078195931986,-0.17049959737990616,-0.018428522106623768,0.608,-1.166,1.509,-0.624
square,grass,0.2,-3.141592653589793,10.599982976913452,0.49123867705071633,0.3496394909872573,0.48221808671240957,0.642058025583204,-0.1954229267107901,-0.018065573521899136,0.688,-0.993,1.028,-0.439
square,grass,0.2,-3.141592653589793,10.800077438354492,0.45615688836947044,0.3500869230626057,0.5923941592915812,0.6177744822139368,-0.22693776739842386,-0.018222470145843106,0.792,-1.003,1.555,-0.685
square,grass,0.2,-3.141592653589793,10.999988079071045,0.4196736409540496,0.3519960287619574,0.6776013253844111,0.5904896191266433,-0.26242042945619026,-0.017019314454067513,0.045,-0.981,1.236,-0.597
square,grass,0.2,-3.141592653589793,11.19998574256897,0.3797447651852968,0.3511678205467928,0.6367308672193732,0.5611104777401539,-0.29615631260453845,-0.016415405649257142,0.22,-1.044,1.34,-0.361
square,grass,0.2,-3.141592653589793,11.400004863739014,0.34189119274577817,0.3516585056861057,0.5341595366065706,0.5373331035656267,-0.32422428007326176,-0.015710917473037933,0.35,-1.053,1.22,-0.326
square,grass,0.2,-3.141592653589793,11.600084781646729,0.30299782137617687,0.3521501835894636,0.5995647480495443,0.5152874514166796,-0.35146585537201014,-0.015072945049257158,0.259,-0.676,0.969,-0.971
square,grass,0.2,-3.141592653589793,11.800036191940308,0.26556861264864706,0.3511490275944827,0.6068364343554382,0.5151373859137215,-0.35167660187421845,-0.015058310947822673,0.295,-0.678,1.092,-0.874
square,grass,0.2,1.5707963267948966,12.000074863433838,0.2200888550673881,0.35251475374679103,0.5661584306611614,0.4727319038134222,-0.40492855421804275,-0.012766307439057989,0.637,-1.296,0.871,-1.493
square,grass,0.2,1.5707963267948966,12.200035333633423,0.1751629194888569,0.35876315967727423,0.7374061832230341,0.44482463926503923,-0.43263610455914514,-0.012320068654996852,0.471,1.665,-1.464,-0.756
square,grass,0.2,1.5707963267948966,12.400100708007812,0.13401265896808726,0.36221184529436995,0.3333490913488078,0.4300217428411147,-0.4331617838786672,-0.010071400389130014,2.374,2.331,-2.164,-3.26
square,grass,0.2,1.5707963267948966,12.600033044815063,0.09332464372689106,0.36499222375910345,0.33031190803820204,0.42109007267955667,-0.4322381858152773,-0.007086654929290781,2.293,2.746,-2.592,-3.448
square,grass,0.2,1.5707963267948966,12.800012111663818,0.05448993015890358,0.36793891068108275,0.3174777851855658,0.40599430183654694,-0.42720223258660617,-0.0021846684758939916,2.101,2.634,-3.065,-3.427
square,grass,0.2,1.5707963267948966,13.000061988830566,0.019843225255833707,0.3674558649662744,0.8474081246039424,0.389569145339711,-0.4189937759001139,-0.0013284768541224623,2.281,2.374,-2.633,-3.123
square,grass,0.2,1.5707963267948966,13.199995994567871,-0.007318166399633064,0.3703250264605954,0.2513441395640754,0.3622752124116304,-0.3984500956782342,0.0008732072202292107,1.851,2.25,-2.139,-2.418
square,grass,0.2,1.5707963267948966,13.399977922439575,-0.011924330836964314,0.3697781087992243,0.3057217107703295,0.3394994563936984,-0.38114919236710687,0.002179747211558114,1.871,2.127,-2.511,-2.954
square,grass,0.2,1.5707963267948966,13.600038051605225,-0.019428622723437372,0.36849346331214045,0.35607356017163,0.313737667583256,-0.3610518608688321,0.0021199894251384688,2.005,2.485,-2.015,-2.6
square,grass,0.2,1.5707963267948966,13.800024271011353,-0.018228554040394973,0.3678583121539124,0.8775898717774333,0.28327319816036767,-0.33740586267912376,0.0032021827577912165,1.951,2.256,-2.054,-2.918
square,grass,0.2,1.5707963267948966,13.999996423721313,-0.01965326856401589,0.3612895104291169,0.8417364027391447,0.2534550911813332,-0.31296744481821837,0.0035809827106156322,2.151,2.103,-2.157,-2.654
square,grass,0.2,1.5707963267948966,14.200084686279297,-0.02527779871089275,0.34876005166462465,0.3594958291093554,0.23078644586092345,-0.29351303466206846,0.0029760629660954274,2.02,2.152,-2.479,-2.287
square,grass,0.2,1.5707963267948966,14.399996757507324,-0.026491846116680484,0.33648503031877636,0.8357989527846992,0.19872244019180751,-0.2666221024987486,0.002152429587314264,2.431,2.618,-2.304,-2.777
square,grass,0.2,1.5707963267948966,14.599961996078491,-0.02786634595905535,0.31778803207767614,0.26650091965074285,0.16663439426046223,-0.2400568097056306,0.002411078416460155,2.129,2.096,-2.023,-2.888
square,grass,0.2,1.5707963267948966,14.799993753433228,-0.032080978965557394,0.30371159265569725,0.8374358434978032,0.1344800554908162,-0.21282920625865726,0.0023854711104118187,2.035,1.975,-2.014,-2.606
square,grass,0.2,1.5707963267948966,15.000038385391235,-0.031834193435156755,0.28948722416179373,1.0554378675579912,0.1009958532306382,-0.18475178916754864,0.002581785424565275,1.876,2.199,-2.353,-2.223
square,grass,0.2,1.5707963267948966,15.199989795684814,-0.033765940008802675,0.27206139913415406,0.28410906645234507,0.07188257697637201,-0.16008747910462579,0.0024033962590122027,1.742,2.539,-2.514,-2.696
square,grass,0.2,1.5707963267948966,15.399980783462524,-0.036215901455099175,0.2539732636797015,1.065521708599943,0.04405368311219582,-0.13584230678996612,0.00207132819792466,2.084,2.599,-1.889,-2.743
square,grass,0.2,1.5707963267948966,15.600124597549438,-0.039151753383217414,0.23809518572036273,1.064450209782892,0.014244897722421102,-0.11062855460100429,0.0021763325288816082,2.088,2.318,-2.375,-2.79
square,grass,0.2,1.5707963267948966,15.800039052963257,-0.04500628277869534,0.22042447808821386,0.3776712991905492,-0.01824247361677489,-0.08279215752072638,0.0019372902926780844,2.381,2.045,-2.273,-2.793
hourglass,grass,0.2,-0.5235987755982988,0.20025038719177246,0.0,0.0,0.0,-1.4395551304335896e-06,-1.114375083044461e-07,1.8737483274827715e-06,0.229,0.049,0.706,0.25
hourglass,grass,0.2,-0.5235987755982988,0.40001702308654785,0.0,0.0,0.0,0.013052049252845754,-0.0027001518390909317,-0.0001780067093498372,-2.079,0.201,0.448,2.973
hourglass,grass,0.2,-0.5235987755982988,0.6000041961669922,0.0,0.0,0.0,0.03562579933575305,-0.007782694487107548,0.00031104035774533884,-2.024,-0.162,0.746,2.426
hourglass,grass,0.2,-0.5235987755982988,0.8000140190124512,-0.00044579032129032914,-0.0014626813960970098,0.020880550498150824,0.06208029779869695,-0.013812090238573882,0.0005621183785882652,-1.926,-0.187,0.824,2.654
hourglass,grass,0.2,-0.5235987755982988,1.0000042915344238,0.0,0.0,0.0,0.09134959000605314,-0.02432787920291855,0.003158941539820964,-1.847,-0.619,0.431,2.548
hourglass,grass,0.2,-0.5235987755982988,1.200014352798462,-0.00044579032129032914,-0.0014626813960970098,0.020880550498150824,0.1238749078453778,-0.03410136603742895,0.005832287695720938,-2.001,-0.598,0.984,2.503
hourglass,grass,0.2,-0.5235987755982988,1.4000098705291748,0.014773550719247006,0.00031570338159409017,-0.296925058512835,0.1564492861954908,-0.043516173826265325,0.005526002079631338,-2.231,-0.403,0.955,2.635
hourglass,grass,0.2,-0.5235987755982988,1.6000468730926514,0.03599765457590766,0.00034243508109432774,-0.23722310218549064,0.1896414963793449,-0.05482103107677713,0.006983396955402094,-2.33,-0.751,0.572,2.938
hourglass,grass,0.2,-0.5235987755982988,1.8000130653381348,0.05980103981693137,0.0017117533804712481,-0.24091214062504468,0.22353517959036806,-0.068719477976477,0.008343294929006581,-2.195,-0.372,0.799,1.931
hourglass,grass,0.2,-0.5235987755982988,2.000004768371582,0.08862672058891324,0.0032243333222106707,-0.2454122330026749,0.25913001300361954,-0.08137100241175575,0.008966084310319616,-2.426,-0.867,1.008,2.866
hourglass,grass,0.2,-0.5235987755982988,2.2000133991241455,0.1224698958957476,0.00401829258990527,-0.2665627658865601,0.29561355355636926,-0.09488241634398444,0.010540300456381255,-1.991,-0.671,0.885,2.563
hourglass,grass,0.2,-0.5235987755982988,2.4000132083892822,0.14975820892860947,0.009828061107254982,-0.3852279548387494,0.331528834800341,-0.10928885837199498,0.01162560525203954,-2.506,-0.69,1.058,2.66
hourglass,grass,0.2,-0.5235987755982988,2.6000304222106934,0.1826745346409614,0.008060605790316866,-0.27229296873914727,0.3685342292098353,-0.12255902735091714,0.01162560525203954,-2.148,-0.875,0.965,2.813
hourglass,grass,0.2,-0.5235987755982988,2.8000106811523438,0.2086229542767738,0.00565448538287483,-0.3450397549977501,0.4051912029287884,-0.13810607929454574,0.012500173600680772,-1.919,-0.618,0.7,2.797
hourglass,grass,0.2,1.5707963267948966,3.0000531673431396,0.2418523736021753,0.008586285465314869,0.1388553716205953,0.4412243861531492,-0.1532907419360867,0.011659315242777697,-1.997,-0.706,0.919,3.16
hourglass,grass,0.2,1.5707963267948966,3.2000339031219482,0.27622080429026663,0.007344806319043162,-0.23740816167950357,0.45494658990824655,-0.14926577059017032,0.013541364402482568,0.949,1.435,-1.567,-0.485
hourglass,grass,0.2,1.5707963267948966,3.400022506713867,0.3126136024102851,0.010772482212100143,-0.27477680820374684,0.4568969310836784,-0.14656491319115358,0.013547918482743053,1.523,2.254,-1.927,-1.115
hourglass,grass,0.2,1.5707963267948966,3.600055694580078,0.3455587504217052,0.014081575370091415,-0.2918523972496156,0.45965214663716225,-0.1421429015261938,0.013608777692107978,2.027,2.678,-2.339,-1.749
hourglass,grass,0.2,1.5707963267948966,3.800051689147949,0.37540878236600694,0.01806813042618738,-0.3491320324818415,0.4633403150598068,-0.1351481197357717,0.015482209051344516,2.259,2.547,-2.811,-2.374
hourglass,grass,0.2,1.5707963267948966,4.000014543533325,0.4094185277655812,0.02066283790549117,-0.3225519380988656,0.46647612321926507,-0.12311928323547,0.021475690150452142,2.468,2.562,-3.224,-2.777
hourglass,grass,0.2,1.5707963267948966,4.200012445449829,0.4212592108598844,0.02177038157239558,-0.3598746977202953,0.4684904492060483,-0.10743216153205831,0.030083436094646872,2.349,2.096,-3.176,-3.095
hourglass,grass,0.2,1.5707963267948966,4.400010824203491,0.4218872136418622,0.019971541495768297,-0.31314267010773583,0.4708186463008537,-0.08363623043259,0.034349899499171534,2.051,2.676,-2.291,-3.017
hourglass,grass,0.2,1.5707963267948966,4.59999418258667,0.4256003641325483,0.018164793265930235,-0.26700864714262096,0.4685890980824343,-0.05320006796025362,0.037444639096389086,2.143,2.42,-2.117,-2.159
hourglass,grass,0.2,1.5707963267948966,4.800018548965454,0.4239576393181854,0.019653099647763406,0.059606550727500346,0.46647252472759027,-0.019562771508210584,0.03909455766778539,2.332,2.329,-2.552,-2.932
hourglass,grass,0.2,1.5707963267948966,5.000015020370483,0.4404462478493677,0.004146843885068197,-0.18436098291877742,0.4630587706864856,0.015127182333340696,0.039236637084325655,2.02,2.645,-2.357,-2.534
hourglass,grass,0.2,1.5707963267948966,5.20001220703125,0.43374161571551506,0.011552925527975821,-0.29706447510849165,0.46049523824990424,0.05052004336235754,0.03970773118868654,2.442,2.591,-2.155,-2.635
hourglass,grass,0.2,1.5707963267948966,5.400017976760864,0.42973764337700493,0.005390887034927128,-0.3652743910016492,0.45604535602180263,0.08689089581162193,0.04088725891510297,2.641,2.329,-2.205,-3.12
hourglass,grass,0.2,1.5707963267948966,5.60015606880188,0.42810596593497463,-0.005009783260428113,-0.37640159408114826,0.44999333941018654,0.12391124928078735,0.0411779178927014,2.298,2.374,-2.483,-2.802
hourglass,grass,0.2,1.5707963267948966,5.800030946731567,0.4277824301241706,-0.018770479952250396,-0.28907445568162105,0.4442176484943827,0.1635257433604256,0.04151623265813261,1.762,2.043,-2.364,-2.414
hourglass,grass,0.2,-2.6179938779914944,6.000014543533325,0.4374223534841284,-0.048967043064907234,-0.11477224497076598,0.43908839474330863,0.2017679862173015,0.04326466731438416,1.777,2.254,-2.283,-2.896
hourglass,grass,0.2,-2.6179938779914944,6.200008869171143,0.4214205056398441,-0.04662274376429032,0.060286583030264046,0.4204898672155179,0.2068046073037706,0.041915282681049264,1.384,-0.137,0.32,-1.899
hourglass,grass,0.2,-2.6179938779914944,6.40000057220459,0.4212176426640446,-0.05846609494809679,-0.34022017582809266,0.39637971951513573,0.20466299014520545,0.03923196344444282,1.119,-0.545,0.603,-1.203
hourglass,grass,0.2,-2.6179938779914944,6.599997520446777,0.4191799743950171,-0.0717041552609915,-0.4139419180708022,0.3683919611569147,0.20094494459679563,0.037075365180291066,0.725,-0.647,0.683,-0.981
hourglass,grass,0.2,-2.6179938779914944,6.79999303817749,0.4184018884753653,-0.08821836457521653,-0.334059808196856,0.3389451915617023,0.19598432635769897,0.034138571070722275,0.639,-0.706,1.075,-0.862
hourglass,grass,0.2,-2.6179938779914944,7.000014305114746,0.41752183440596546,-0.10603767106546214,-0.3304637263325321,0.3088575563169862,0.18903474176770949,0.03435363979586172,0.243,-1.075,1.233,-0.596
hourglass,grass,0.2,-2.6179938779914944,7.2000133991241455,0.40109960701202485,-0.10738751630987892,-0.36669426181817577,0.27743317738023315,0.18027175366507778,0.03326517036962858,0.168,-1.295,1.266,-0.406
hourglass,grass,0.2,-2.6179938779914944,7.400005340576172,0.37642020281095384,-0.10661718360808081,-0.28558734483058906,0.2470805175173857,0.1707471457165701,0.03177633499058983,0.082,-1.378,1.688,-0.247
hourglass,grass,0.2,-2.6179938779914944,7.599989652633667,0.3491805556608646,-0.106777797867039,-0.30335230710713224,0.21546397632902686,0.15849133851226024,0.031231075089342412,0.109,-1.776,1.895,-0.256
hourglass,grass,0.2,-2.6179938779914944,7.800007343292236,0.32067665902787895,-0.10471685120790941,0.061290110602119086,0.1841404427392454,0.1456259182316492,0.028806616020154406,0.049,-1.412,1.474,0.106
hourglass,grass,0.2,-2.6179938779914944,7.999999761581421,0.2895057903008953,-0.1048868064877086,-0.377100235197472,0.1518069230036947,0.13222770513900708,0.02773924057105854,-0.206,-1.638,1.842,0.253
hourglass,grass,0.2,-2.6179938779914944,8.200003862380981,0.2590247232363234,-0.10639919795082287,-0.3219425143496238,0.1178777204669944,0.11758149134912017,0.025046612778610942,-0.419,-1.19,2.136,0.342
hourglass,grass,0.2,-2.6179938779914944,8.400014162063599,0.22931208200105685,-0.10716687319749513,-0.3159226972901594,0.08649220212861308,0.10301271536381133,0.025134565660511345,-0.473,-1.896,2.264,0.454
hourglass,grass,0.2,-2.6179938779914944,8.600016593933105,0.19930730644960512,-0.11249218063433619,0.04374128291327467,0.05302145744876041,0.087432509543188,0.023492385699821337,-0.53,-1.71,2.451,0.494
hourglass,grass,0.2,-2.6179938779914944,8.800006866455078,0.16963815944878266,-0.10953683118156998,-0.30924259757513795,0.020778415167961417,0.07096778913346415,0.024053833887920685,-0.63,-1.723,2.81,0.407
hourglass,grass,0.2,-2.6179938779914944,8.999994277954102,0.1333663162997488,-0.10951591740444833,-0.3519602439590118,-0.012711724430350069,0.053300342864920254,0.02247611461762094,-0.604,-2.202,2.595,0.787
hourglass,grass,0.2,2.6179938779914944,9.200019598007202,0.09793575534873462,-0.10538225402732121,-0.39585451690030404,-0.043594649404926744,0.03637488512982133,0.023269672464089557,-0.833,-2.275,2.871,0.643
hourglass,grass,0.2,2.6179938779914944,9.399994373321533,0.06581298905388355,-0.10922676535169168,-0.3996245563729172,-0.07853076034838147,0.033517438183695826,0.022926238875914426,0.941,-0.204,0.941,-1.064
hourglass,grass,0.2,2.6179938779914944,9.600016593933105,0.03043637006802255,-0.1105611196165649,0.06351209981186981,-0.11317202030323004,0.03128169010835267,0.02325189270305892,1.101,-0.356,0.472,-0.938
hourglass,grass,0.2,2.6179938779914944,9.800110101699829,0.0006544962607290816,-0.10767246126204583,-0.4434206487333043,-0.14965454814958745,0.03081052896457237,0.024094070248575468,0.768,0.252,0.167,-1.352
hourglass,grass,0.2,2.6179938779914944,10.000013589859009,-0.031470522347147534,-0.10314329183759269,-0.4387179518340286,-0.18534330270649446,0.03152160479085574,0.024341100552018678,1.195,0.114,0.259,-1.674
hourglass,grass,0.2,2.6179938779914944,10.200037717819214,-0.06520283461194165,-0.10326738470661467,0.1800940690029405,-0.22198420113347905,0.03348122342483533,0.024072548486946642,1.236,0.293,0.063,-1.681
hourglass,grass,0.2,2.6179938779914944,10.399991989135742,-0.10279408214226138,-0.11010654362140287,-0.37595259285604704,-0.2557766621126416,0.03789016995786494,0.026138503195731112,1.815,0.224,0.059,-1.787
hourglass,grass,0.2,2.6179938779914944,10.599986553192139,-0.1402663144092978,-0.11176028373552943,-0.41438191656714274,-0.2907116167695738,0.04228839779194321,0.027137697471867193,1.794,0.07,-0.091,-2.211
hourglass,grass,0.2,2.6179938779914944,10.80000615119934,-0.18165974686141703,-0.10943186878592709,0.48440620773397514,-0.32550942062692545,0.0485106560811829,0.028560593245436174,1.601,0.397,0.008,-2.23
hourglass,grass,0.2,2.6179938779914944,11.000012636184692,-0.2156381395825198,-0.10244789136059107,-0.49250627425728977,-0.3606797101233765,0.05390645642710495,0.029501631545302075,1.912,0.554,-0.429,-2.384
hourglass,grass,0.2,2.6179938779914944,11.199997901916504,-0.2542893439513296,-0.1046018102600823,0.22243009293530208,-0.39682042191278466,0.061377755073085564,0.02963819868830752,1.752,0.811,-0.246,-1.966
hourglass,grass,0.2,2.6179938779914944,11.400061845779419,-0.285393948724772,-0.1062262807897118,-0.4876406190343889,-0.4327075945317844,0.06742999275234879,0.030199420066781897,1.899,0.799,-0.664,-2.211
hourglass,grass,0.2,2.6179938779914944,11.600014448165894,-0.3225471423491443,-0.10921362707608473,-0.4963525540456397,-0.4689951673838153,0.07711906215140749,0.030519306519552515,1.776,0.651,-0.374,-1.927
hourglass,grass,0.2,2.6179938779914944,11.800005197525024,-0.35382179903086763,-0.10757695673289919,-0.5240154473533887,-0.5038761992057932,0.08525526529979192,0.030056310676805607,1.764,1.07,-0.636,-2.526
hourglass,grass,0.2,-1.5707963267948966,12.00000548362732,-0.3928097767870604,-0.11276598040972252,-0.48174048029931943,-0.540362681838298,0.09478746955173005,0.03208496335918171,2.1,0.617,-0.652,-2.42
hourglass,grass,0.2,-1.5707963267948966,12.200013399124146,-0.4225938185829037,-0.11230156870107,0.24840908465219425,-0.5528312105728326,0.08783264532417193,0.03051930651955253,-1.026,-1.158,1.992,0.637
hourglass,grass,0.2,-1.5707963267948966,12.400017738342285,-0.4589515833329538,-0.11180477284044349,-0.5411185761198409,-0.5551890120137009,0.0839479528128284,0.03077839063074215,-1.677,-2.285,2.426,1.27
hourglass,grass,0.2,-1.5707963267948966,12.599997520446777,-0.4952308357616282,-0.11431123311833208,0.2508422497049858,-0.5577935524689484,0.08014124808666173,0.03141345423104954,-2.373,-2.766,3.045,1.905
hourglass,grass,0.2,-1.5707963267948966,12.800015926361084,-0.5250207197469802,-0.11368346913018773,-0.5510359273906039,-0.5612972045594493,0.07358865829685837,0.028681266524583103,-2.577,-2.387,3.272,2.534
hourglass,grass,0.2,-1.5707963267948966,13.000013828277588,-0.5587229346893339,-0.11401226364286465,-0.5807530791999482,-0.5658267496835492,0.05944995465613425,0.026803704424230503,-2.745,-3.084,2.802,2.631
hourglass,grass,0.2,-1.5707963267948966,13.200008869171143,-0.5643797001182661,-0.10885276875087851,0.2744191163205168,-0.5681537712356455,0.039580307057847715,0.025301113377553315,-2.238,-2.301,2.761,2.855
hourglass,grass,0.2,-1.5707963267948966,13.40001368522644,-0.5675379759302439,-0.11086771812429935,-0.6241823930694299,-0.5704476610049898,0.010873881663316617,0.022353521446783153,-2.062,-2.234,2.683,2.657
hourglass,grass,0.2,-1.5707963267948966,13.600015640258789,-0.575081828517446,-0.11151973200837711,-0.5499015677637005,-0.5703802281568184,-0.021215993366295052,0.019481213053864875,-2.205,-1.976,2.248,2.535
hourglass,grass,0.2,-1.5707963267948966,13.80001425743103,-0.5760513356373614,-0.1109417087291702,-0.5803743237969672,-0.5686924206180832,-0.05617823054091426,0.017351705581000243,-2.237,-2.143,2.236,2.841
hourglass,grass,0.2,-1.5707963267948966,14.000049352645874,-0.5824462612928762,-0.11238026319198652,-0.5954262524316642,-0.566118516163749,-0.09271827342808091,0.017205672772134126,-2.036,-2.387,2.339,2.351
hourglass,grass,0.2,-1.5707963267948966,14.199994087219238,-0.5869008646382817,-0.10258175716980716,0.7346425695030536,-0.5650502880273149,-0.129479058944558,0.01567132058607485,-2.105,-2.045,2.654,2.307
hourglass,grass,0.2,-1.5707963267948966,14.399996995925903,-0.5876766744915902,-0.09330853440962594,0.3006384732309566,-0.562163822247566,-0.16654984871126968,0.013965502380590716,-2.421,-2.173,2.6,2.452
hourglass,grass,0.2,-1.5707963267948966,14.600017309188843,-0.5982569056165741,-0.08693888965660707,0.7059363677916181,-0.5583333575018568,-0.2050684127530271,0.013899026633623426,-2.06,-1.696,2.623,2.236
hourglass,grass,0.2,-1.5707963267948966,14.800001382827759,-0.590169772785709,-0.06864492961806185,0.2970138948235837,-0.5551186368794565,-0.243505721984363,0.013294180309322688,-1.97,-1.791,2.773,2.451
hourglass,grass,0.2,0.5235987755982988,15.000013589859009,-0.5941154086096998,-0.05541523595843584,-0.5758800281195762,-0.5525737749980126,-0.28239652427513057,0.013915879661928837,-2.151,-2.113,2.293,2.29
hourglass,grass,0.2,0.5235987755982988,15.200008630752563,-0.5858618130353135,-0.038668541766752274,-0.6060086799798163,-0.5367020354186713,-0.29005993819671894,0.013729559240627777,-1.767,0.524,-0.31,1.875
hourglass,grass,0.2,0.5235987755982988,15.40002179145813,-0.589788448421133,-0.023125138711609317,-0.5770534958286505,-0.513190465546711,-0.28739614368053173,0.015926898921220664,-1.127,0.492,-0.516,1.355
hourglass,grass,0.2,0.5235987755982988,15.60008692741394,-0.5907533587170604,-0.005766759950733613,-0.5810968680200101,-0.48474273160604997,-0.284704360305873,0.01772146278077616,-0.955,0.644,-0.633,0.92
hourglass,grass,0.2,0.5235987755982988,15.800007343292236,-0.594162867265409,0.009022471390522868,-0.5718552662768981,-0.45451924231370255,-0.2787796337778765,0.020287081303040154,-0.747,0.719,-1.127,0.85
hourglass,grass,0.2,0.5235987755982988,16.000004053115845,-0.5962022205223091,0.027849638814571143,0.2561241760365438,-0.42231817584715503,-0.272531624703592,0.021752708062885394,-0.374,1.009,-0.825,0.384
hourglass,grass,0.2,0.5235987755982988,16.20004892349243,-0.5832758156964729,0.02973030847557312,-0.541177398288434,-0.3911405821458056,-0.2645196563220464,0.022701646210246687,-0.088,1.389,-1.024,0.409
hourglass,grass,0.2,0.5235987755982988,16.400026082992554,-0.5611756144784887,0.029237355486717687,-0.5411865001724976,-0.3586323846798609,-0.2561550869492211,0.0241614425311839,-0.062,1.388,-1.374,-0.03
hourglass,grass,0.2,0.5235987755982988,16.600002765655518,-0.5350811700250664,0.030126559326625446,-0.5434070933272218,-0.32507137846109746,-0.24501921754702685,0.025727766811806586,0.144,1.207,-1.605,0.032
hourglass,grass,0.2,0.5235987755982988,16.800010681152344,-0.5016103354199496,0.029526354223670725,-0.5452771591127834,-0.2916403433954766,-0.23289659552795192,0.025611748179287276,0.411,1.467,-1.529,-0.118
hourglass,grass,0.2,0.5235987755982988,17.000011444091797,-0.4718727552584211,0.0282417269557117,-0.5205865066343449,-0.25937364982285915,-0.2201732461406373,0.02633685032753342,0.244,1.455,-1.61,-0.285
hourglass,grass,0.2,0.5235987755982988,17.200002431869507,-0.43136272891161476,0.029297673095507792,-0.5387299704315163,-0.22691332635074457,-0.20641188676463393,0.0269112940231142,0.436,1.777,-1.749,-0.545
hourglass,grass,0.2,0.5235987755982988,17.400052309036255,-0.40163451880717216,0.02632044150178764,0.5352885745566783,-0.19456726962135562,-0.19139238384945154,0.02838846841854916,0.43,2.032,-2.08,-0.655
hourglass,grass,0.2,0.5235987755982988,17.600021362304688,-0.36431007717693176,0.02769280796105228,0.18560645058257258,-0.1632335578950267,-0.17626044073288538,0.030418290511379058,0.491,2.181,-2.133,-0.598
hourglass,grass,0.2,0.5235987755982988,17.800007104873657,-0.3362008093186114,0.023290510519722696,0.18323945548669685,-0.13151624604278445,-0.15839829993583843,0.02951379168518154,0.665,2.422,-2.321,-0.482
hourglass,grass,0.2,0.5235987755982988,17.999996662139893,-0.3017186394937521,0.024969936364076073,-0.4492207408258508,-0.10073236527666785,-0.14074697848768614,0.03129841535232975,0.536,2.521,-2.349,-0.495
hourglass,grass,0.2,-0.5235987755982988,0.2000102996826172,0.000782784107151574,0.001661782479023599,-0.06701058264571826,3.069693182644606e-06,4.078755787881305e-06,-2.805809509426327e-06,0.438,1.574,-1.758,-0.496
hourglass,grass,0.2,-0.5235987755982988,0.40001916885375977,0.002477238192475778,0.0016396770693872798,-0.10293184700587006,0.015976338724483452,-0.0008322028993784786,-0.0015067989022545941,-1.535,0.833,-1.09,1.462
hourglass,grass,0.2,-0.5235987755982988,0.600022554397583,0.0003096695812725425,0.0019514362088158266,0.3379213766989609,0.04866706935307974,0.0004526897964643867,-0.0006771513836189569,-0.937,0.251,-0.531,1.392
hourglass,grass,0.2,-0.5235987755982988,0.8000478744506836,0.0,0.0,0.0,0.08757393624156606,-0.0003457686620199074,-0.0013524640210146877,-1.023,0.18,-0.521,1.443
hourglass,grass,0.2,-0.5235987755982988,1.000035047531128,0.000782784107151574,0.001661782479023599,-0.06701058264571826,0.12359785400255663,-0.001066675414857568,-0.003172783916666949,-1.094,0.173,0.009,1.279
hourglass,grass,0.2,-0.5235987755982988,1.2000195980072021,0.0008283245965659269,0.00036176145005589744,-0.07663326835499677,0.15951200530860554,-0.002978037473338163,-0.004820243897023749,-1.421,-0.297,0.085,1.912
hourglass,grass,0.2,-0.5235987755982988,1.4000067710876465,0.018280130554883034,0.0014864016325529805,-0.06049539165440061,0.19559135375880465,-0.006780680146289922,-0.0073184341021151345,-1.588,-0.051,0.044,2.313
hourglass,grass,0.2,-0.5235987755982988,1.600005865097046,0.055698209612533855,0.0020746380894210437,-0.08648192144707274,0.231037777905564,-0.011096206244323503,-0.007069532841959103,-1.725,-0.532,0.347,2.03
hourglass,grass,0.2,-0.5235987755982988,1.8000173568725586,0.08811214453294572,0.0025349752847793616,-0.0190069787506134,0.2669206794759672,-0.017559938386046678,-0.00850310760403842,-1.691,-0.195,0.224,2.359
hourglass,grass,0.2,-0.5235987755982988,2.000009059906006,0.1269982707682054,0.000724149633460347,0.06686227517660931,0.30326595354711644,-0.024502483452252102,-0.009490401842932969,-1.417,-0.516,0.435,2.373
hourglass,grass,0.2,-0.5235987755982988,2.2000160217285156,0.16472082416816405,0.003507985289466664,0.1682366662682051,0.3401304092210851,-0.03266375644337656,-0.011503541650944374,-1.67,-0.527,0.421,2.375
hourglass,grass,0.2,-0.5235987755982988,2.400003671646118,0.19840384974347614,0.004760370834310079,0.23851260487595785,0.3775650287424562,-0.04210018464520067,-0.011014039127937428,-1.788,-0.892,0.767,2.31
hourglass,grass,0.2,-0.5235987755982988,2.600029468536377,0.23350545661253355,0.0053710490902526,0.07131346587368392,0.4137710682599521,-0.05184831683784964,-0.01261737595956617,-1.557,-0.5,0.619,2.214
hourglass,grass,0.2,-0.5235987755982988,2.800013542175293,0.2704227390248438,0.005460906851204261,0.11603293727012723,0.4502562012409643,-0.06308156531441704,-0.011726302725688795,-1.771,-0.819,0.636,2.183
hourglass,grass,0.2,1.5707963267948966,3.0000052452087402,0.30437307872743813,0.0040480744506651845,-0.013812158905284241,0.48631801800784824,-0.07264173695244482,-0.012842023521300344,-1.971,-0.692,0.898,2.488
hourglass,grass,0.2,1.5707963267948966,3.200000286102295,0.3401135538327487,0.007386937555475481,-0.02969783731997515,0.4981744998538726,-0.06625518019857936,-0.01228321809583248,1.113,1.597,-1.773,-0.835
hourglass,grass,0.2,1.5707963267948966,3.400026321411133,0.37423794939111554,0.00932949278803974,0.002691596751172823,0.5003566182546001,-0.06277009528081305,-0.012273858024604081,1.782,2.411,-2.45,-1.462
hourglass,grass,0.2,1.5707963267948966,3.6000096797943115,0.406196227952226,0.010475237270342108,0.002705186199204679,0.5027112115313088,-0.0589895926972714,-0.011236793780956184,2.368,2.746,-3.012,-2.098
hourglass,grass,0.2,1.5707963267948966,3.8000755310058594,0.43529243296578957,0.017854007375528835,-0.08275228030790475,0.5053226045289851,-0.053136064627845356,-0.007176204331762748,2.548,2.448,-3.54,-2.773
hourglass,grass,0.2,1.5707963267948966,3.9999961853027344,0.4706240298834288,0.01799415863194842,-0.023210770196560135,0.5070265667758267,-0.04140838440564913,0.0018442311377048215,2.132,2.787,-3.62,-3.283
hourglass,grass,0.2,1.5707963267948966,4.200025320053101,0.4816177926028492,0.016418881993582435,0.002882551399552527,0.5084125508528644,-0.02165558084042342,0.005951709071772518,2.116,2.574,-2.536,-3.296
hourglass,grass,0.2,1.5707963267948966,4.400017976760864,0.4813170593628897,0.017977458119676215,-0.04698568936214535,0.5085506023742523,0.0060642944411655325,0.009255084903714239,2.143,2.187,-2.541,-2.858
hourglass,grass,0.2,1.5707963267948966,4.600016832351685,0.48559978919878033,0.01472676871236156,-0.011454769087160352,0.506668612482468,0.0402527426171041,0.010032664395746349,2.05,1.725,-2.416,-2.326
hourglass,grass,0.2,1.5707963267948966,4.800022125244141,0.4856820298186185,0.01914211000658117,-0.04276543135530338,0.5036118176381388,0.07720411459875334,0.009481260860141658,2.11,2.483,-2.236,-2.77
hourglass,grass,0.2,1.5707963267948966,4.999996662139893,0.49180095003341484,0.01785456825845977,-0.09115596214191908,0.4999141625014717,0.11565457008281647,0.008753184021042776,1.873,2.156,-1.963,-2.095
hourglass,grass,0.2,1.5707963267948966,5.200032472610474,0.5142794172771273,0.005309336024889422,0.10215282071104466,0.4964886368646244,0.15410884722664736,0.008660652623180179,1.91,2.207,-2.298,-2.248
hourglass,grass,0.2,1.5707963267948966,5.400055170059204,0.5095505319658258,0.008005123740212228,-0.005757148718859698,0.49237433055085345,0.19224138944634805,0.00844193935179717,1.961,1.945,-2.435,-2.501
hourglass,grass,0.2,1.5707963267948966,5.600017786026001,0.5086885887496011,-0.005302003872988681,0.37797078271387113,0.48628934051079653,0.2314410335592666,0.009336396565365418,1.645,1.961,-2.346,-2.493
hourglass,grass,0.2,1.5707963267948966,5.8000876903533936,0.5097688269468728,-0.025556611402300977,0.3153608125156629,0.48065905907465895,0.27051324074249394,0.011162497603222035,1.6,2.244,-2.431,-2.664
hourglass,grass,0.2,-2.6179938779914944,6.000014305114746,0.5079696214949744,-0.04016905716984842,0.3788606146291455,0.4757030941686592,0.30785902808088655,0.01189603905861178,1.895,2.428,-2.646,-2.843
hourglass,grass,0.2,-2.6179938779914944,6.200007915496826,0.5102774986637754,-0.062338038268645035,0.32497901685378133,0.4579257488481828,0.3121775295025088,0.01030555336108177,1.387,-0.468,0.349,-1.839
hourglass,grass,0.2,-2.6179938779914944,6.400068044662476,0.5095106189282147,-0.07722935736936665,-0.03005996526049319,0.432741555777041,0.31028535212832786,0.007769886515549218,0.986,-0.839,0.672,-1.053
hourglass,grass,0.2,-2.6179938779914944,6.600024938583374,0.5083350573429373,-0.0930881459264879,0.31859617959337905,0.40430870277010716,0.3053774222345404,0.006676206293697126,0.756,-0.742,0.793,-0.8
hourglass,grass,0.2,-2.6179938779914944,6.8000328540802,0.5034489972245101,-0.10936765790424624,-0.1425435034517214,0.37501729826688307,0.3006067300774395,0.0044053580365683714,0.39,-0.759,1.09,-0.75
hourglass,grass,0.2,-2.6179938779914944,7.0001137256622314,0.5094534537765193,-0.13322011521495514,-0.1037975694230953,0.34472758447828117,0.29333533485299357,0.002698928714057497,0.303,-1.248,1.296,-0.365
hourglass,grass,0.2,-2.6179938779914944,7.200005769729614,0.4917754965758889,-0.13604741052352481,0.32319389826272066,0.3141336360082958,0.2851381607503144,0.0019985294819276217,0.428,-1.433,1.503,-0.487
hourglass,grass,0.2,-2.6179938779914944,7.400008916854858,0.46798222036749815,-0.1322895435610411,-0.09059311706565619,0.2839495238394681,0.2749855065016963,-0.0001917315904307465,0.143,-1.606,1.614,-0.078
hourglass,grass,0.2,-2.6179938779914944,7.600014686584473,0.43667829710104383,-0.13122119728788206,-0.1319789234754466,0.25307002431525394,0.26230631774711355,-0.000818384510095152,0.061,-1.848,2.102,-0.134
hourglass,grass,0.2,-2.6179938779914944,7.800024747848511,0.4084283465230466,-0.1314178254295592,-0.07797074874231309,0.22082999295033168,0.24811754248556023,-0.0012233852010864604,0.031,-1.678,1.899,-0.239
hourglass,grass,0.2,-2.6179938779914944,8.000015020370483,0.3781069691165667,-0.13496840760939177,-0.15550599805426868,0.1893334663711954,0.23325217506292262,-0.0026105747433933235,-0.081,-1.467,1.355,0.225
hourglass,grass,0.2,-2.6179938779914944,8.200019121170044,0.35002595575176665,-0.1413136878974786,-0.10762214823334894,0.1564573164252676,0.21895047069259632,-0.005458320144755113,-0.271,-1.398,1.94,0.344
hourglass,grass,0.2,-2.6179938779914944,8.400014638900757,0.32168348445575,-0.14702681869036172,-0.10614776744243375,0.12510646346747034,0.20409373709641732,-0.005701581987642854,-0.286,-1.834,1.968,0.479
hourglass,grass,0.2,-2.6179938779914944,8.600000619888306,0.29198693873350745,-0.1471402975609481,-0.09961407766766343,0.09199872946699095,0.18746448600796614,-0.008310334873759657,-0.405,-1.664,2.321,0.519
hourglass,grass,0.2,-2.6179938779914944,8.800055742263794,0.2596739024856729,-0.14898413567527535,0.3900285555823424,0.05900178832727099,0.17088821124785375,-0.007454115004867562,-0.725,-1.861,2.511,0.505
hourglass,grass,0.2,2.6179938779914944,9.000014781951904,0.2265832687076993,-0.15245021196096092,-0.09378813214159455,0.026073331181568404,0.1529533998840684,-0.009220878631783266,-0.488,-1.926,2.687,0.906
hourglass,grass,0.2,2.6179938779914944,9.200202226638794,0.18970797891358668,-0.14978123405503113,-0.12220649800316856,-0.006858648722061322,0.14839959983073814,-0.00820365580875785,1.067,-0.654,0.747,-1.437
hourglass,grass,0.2,2.6179938779914944,9.40005874633789,0.157320178686001,-0.15144440743250454,-0.17745120298635264,-0.042041347234373694,0.14668728754279287,-0.006092680191696245,1.168,-0.127,0.555,-1.493
hourglass,grass,0.2,2.6179938779914944,9.600001573562622,0.12218973189549996,-0.1520475474525197,-0.1586593080526148,-0.07689180427559383,0.1464852425163924,-0.00692262679296661,1.288,0.0,0.252,-1.543
hourglass,grass,0.2,2.6179938779914944,9.800023317337036,0.08864402350713169,-0.1533256701447443,-0.3971102053775869,-0.11416787617940916,0.14821211552670024,-0.007276326471403569,1.411,0.332,0.161,-1.301
hourglass,grass,0.2,2.6179938779914944,10.000020980834961,0.054476019683728755,-0.15179480296897424,-0.1689667111201157,-0.149658575632165,0.14967479267221856,-0.006560513909577695,1.32,0.218,0.009,-1.771
hourglass,grass,0.2,2.6179938779914944,10.200014114379883,0.02366012335416548,-0.1576961789700434,0.3741818018882264,-0.1845421624916449,0.15238642975530356,-0.00621712259256578,1.737,0.53,0.053,-1.867
hourglass,grass,0.2,2.6179938779914944,10.400017976760864,-0.012208221105210498,-0.16133189538548248,-0.14284402966507992,-0.21959128566189456,0.1577990326166851,-0.005389084782931278,1.528,0.217,-0.15,-1.969
hourglass,grass,0.2,2.6179938779914944,10.600046396255493,-0.04728706826380977,-0.15887960297698733,0.43247049822824923,-0.25426714549798757,0.16316036519499189,-0.004584480523028012,2.04,0.784,-0.34,-2.359
hourglass,grass,0.2,2.6179938779914944,10.80009126663208,-0.08875186028067986,-0.16815801666291552,0.4165177045096734,-0.28918374882221254,0.16860053850516402,-0.002973529308284373,2.198,0.494,-0.515,-2.334
hourglass,grass,0.2,2.6179938779914944,11.00001335144043,-0.12490607374017274,-0.17026008575785578,-0.1908790035628931,-0.3238141452932394,0.1773153286840653,-0.0015919176298246906,2.22,0.558,-0.326,-2.579
hourglass,grass,0.2,2.6179938779914944,11.200258016586304,-0.15524445064294398,-0.16986814508990233,-0.24822374261945396,-0.3593926213754114,0.1845757140752714,-0.00031425410521310204,2.457,0.82,-0.553,-2.988
hourglass,grass,0.2,2.6179938779914944,11.400017261505127,-0.19330021756021173,-0.17506562380078577,-0.22173720936008273,-0.3957920109623717,0.19566806067547382,0.0002946069096834564,2.086,0.668,-0.394,-2.59
hourglass,grass,0.2,2.6179938779914944,11.600020170211792,-0.23024777304581742,-0.17537696520632878,-0.27813228760121034,-0.43209518636303457,0.20534293194908232,-6.172793720488068e-05,2.507,0.731,-0.544,-2.995
hourglass,grass,0.2,2.6179938779914944,11.800036668777466,-0.26205182255446513,-0.17494816220039855,0.4869680574079308,-0.4682687924673036,0.2152015457173775,3.834600773570951e-05,2.466,0.819,-0.531,-3.004
hourglass,grass,0.2,-1.5707963267948966,12.000049591064453,-0.28772306553927174,-0.1753218977525725,0.9086896809069237,-0.5054252936786402,0.226442477086973,0.0004732385886732915,2.166,1.011,-0.501,-3.164
hourglass,grass,0.2,-1.5707963267948966,12.20003056526184,-0.32646998767462754,-0.18013069974928902,-0.22123192357595794,-0.5183720371462844,0.2184409625024321,0.0011578164886695413,-1.08,-1.634,1.736,0.505
hourglass,grass,0.2,-1.5707963267948966,12.400065183639526,-0.35403648016035305,-0.17809363958741248,-0.33215288239496527,-0.5213647142433354,0.21440271631489832,0.0007818639049794185,-1.703,-2.046,2.532,1.146
hourglass,grass,0.2,-1.5707963267948966,12.599990129470825,-0.38495417866294146,-0.17798539999434343,-0.30218089995669917,-0.5245172852997638,0.20916087780796197,-0.0005415314782745151,-2.298,-2.386,2.924,1.831
hourglass,grass,0.2,-1.5707963267948966,12.800050735473633,-0.41464067736831023,-0.17423343647951617,0.5748381709416286,-0.5278305252618446,0.20308600280987488,-0.0006836985839302478,-2.574,-3.0,3.007,2.405
hourglass,grass,0.2,-1.5707963267948966,13.00006914138794,-0.44954259288284104,-0.17945432429725655,-0.3363753913004302,-0.5314301518109282,0.19431720366341904,-0.004750075844945537,-2.789,-2.34,3.591,2.996
hourglass,grass,0.2,-1.5707963267948966,13.200035095214844,-0.46084920789770933,-0.17771017581987292,-0.8538326408055045,-0.5339130496131047,0.1802704573821272,-0.017095884549904322,-2.657,-2.263,3.616,3.275
hourglass,grass,0.2,-1.5707963267948966,13.400020360946655,-0.46545683358812406,-0.17969745623625927,-0.32757847274380564,-0.5374683319882251,0.15504784222219065,-0.025286082448823993,-2.176,-1.862,2.63,3.401
hourglass,grass,0.2,-1.5707963267948966,13.599989175796509,-0.47221469347414025,-0.18331919391238466,-0.26800390384046624,-0.5386091915649857,0.12121434484132083,-0.023920513329966045,-1.913,-1.661,2.231,2.507
hourglass,grass,0.2,-1.5707963267948966,13.80001974105835,-0.46686190101195546,-0.17638590706378254,-0.33589581340199925,-0.5384184050700428,0.0846033828553669,-0.024108765734894025,-2.403,-2.071,2.361,2.529
hourglass,grass,0.2,-1.5707963267948966,14.000025749206543,-0.4695042739202121,-0.17690291406310243,-0.3083603519536214,-0.5371248707038788,0.04578195677651885,-0.022863146135313657,-1.97,-1.674,2.684,2.837
hourglass,grass,0.2,-1.5707963267948966,14.200059413909912,-0.46686233660763754,-0.17103911842543207,-0.3364830564267949,-0.5354464276401384,0.006877405984640914,-0.022334014042246046,-1.809,-1.65,2.647,2.401
hourglass,grass,0.2,-1.5707963267948966,14.399999618530273,-0.47270747226815846,-0.1681125394658139,0.5229928610262022,-0.5338420731363523,-0.032386100216245564,-0.021796467011381077,-2.091,-2.056,2.383,2.339
hourglass,grass,0.2,-1.5707963267948966,14.600038051605225,-0.47339388243710945,-0.15446423648971358,-0.3258446806341687,-0.5318319371345804,-0.07194721704638472,-0.02216357079679769,-2.274,-1.924,2.313,2.525
hourglass,grass,0.2,-1.5707963267948966,14.800053358078003,-0.47587232218113484,-0.1340581400497995,0.5263022384927059,-0.528404717304464,-0.11215734356802455,-0.021429369745270488,-2.067,-1.864,2.263,2.578
hourglass,grass,0.2,0.5235987755982988,15.000035524368286,-0.4808042423071903,-0.11788709221200533,0.5276800552158641,-0.5250290993535826,-0.15143156746417652,-0.02154923752046066,-1.905,-1.736,2.064,2.592
hourglass,grass,0.2,0.5235987755982988,15.199999570846558,-0.4813068976166318,-0.0994794360990291,-0.3193702534905376,-0.5082811427736388,-0.15835272709341958,-0.020701749983822085,-1.41,0.529,-0.316,1.572
hourglass,grass,0.2,0.5235987755982988,15.400040626525879,-0.4900049492580075,-0.08492572571602591,-0.28838983404590607,-0.4843989560901646,-0.15645141139789048,-0.020041577103173197,-1.108,0.813,-0.568,1.564
hourglass,grass,0.2,0.5235987755982988,15.600010633468628,-0.48465182807303364,-0.061401094072113305,-0.3663657103457376,-0.45585539281548193,-0.15432074523640582,-0.01780839000832795,-0.813,0.817,-0.803,0.658
hourglass,grass,0.2,0.5235987755982988,15.800045251846313,-0.4978725989727327,-0.045390281075925853,0.5056343456185485,-0.42684700585329904,-0.148415051994439,-0.016575332541300593,-0.563,1.108,-0.877,0.863
hourglass,grass,0.2,0.5235987755982988,16.00007390975952,-0.49399919068342624,-0.024380669406463107,0.5366684437066271,-0.3944362589103153,-0.14190264188427243,-0.015486527211384493,-0.189,0.924,-1.193,0.636
hourglass,grass,0.2,0.5235987755982988,16.200002431869507,-0.48393199811129417,-0.024124757224330495,-0.30363555245098767,-0.3636193390033774,-0.13278406746291987,-0.015383548102580774,-0.283,1.419,-1.018,0.51
hourglass,grass,0.2,0.5235987755982988,16.40007185935974,-0.4593718115731914,-0.024503247731265776,-0.24911481700577737,-0.33141134369621994,-0.12346841831750337,-0.014081381005015055,-0.195,1.526,-1.211,0.11
hourglass,grass,0.2,0.5235987755982988,16.600029945373535,-0.43212611015145963,-0.022400468473243174,-0.2489839638559822,-0.2980694854892313,-0.11240431368178581,-0.012053897814818519,0.233,1.602,-1.303,-0.232
hourglass,grass,0.2,0.5235987755982988,16.800121307373047,-0.4004376501576361,-0.02094465504950488,-0.2670271600073189,-0.26519482996210575,-0.10053727730200514,-0.011118864481448117,0.405,1.751,-1.686,0.054
hourglass,grass,0.2,0.5235987755982988,17.00002908706665,-0.36234078169035644,-0.020025499212823872,0.47683260824045703,-0.23260536499072693,-0.08769348652161855,-0.009610191355494992,0.188,2.03,-1.971,-0.525
hourglass,grass,0.2,0.5235987755982988,17.200005292892456,-0.3294217623019483,-0.019488588710043164,-0.26565598917477756,-0.19887110660592633,-0.07345570216268434,-0.007537395580468106,0.377,2.032,-1.94,-0.356
hourglass,grass,0.2,0.5235987755982988,17.40005397796631,-0.29739576647581245,-0.022487997881429578,0.8263498705425693,-0.16618736978769255,-0.058748134795788706,-0.004796854510470974,0.4,2.004,-2.351,-0.556
hourglass,grass,0.2,0.5235987755982988,17.60000514984131,-0.2638401144593008,-0.024870703682185802,0.44653591589914476,-0.13415715110246973,-0.0425401098218577,-0.00438333608891292,0.41,2.047,-1.897,-0.4
hourglass,grass,0.2,0.5235987755982988,17.800065517425537,-0.2320803940551083,-0.025539017816571585,0.44204749138299737,-0.1033127858130849,-0.0248560214334239,-0.0026507986505879683,0.495,2.199,-2.116,-0.591
hourglass,grass,0.2,0.5235987755982988,0.2002582550048828,0.0,0.0,0.0,1.148292989416877e-05,1.1796555602794356e-05,5.551115123125783e-17,0.378,1.506,-1.602,-0.464
hourglass,grass,0.2,0.5235987755982988,0.3999958038330078,0.001823337435404776,0.001651906347425569,-0.029171965072939315,0.018814343629738772,0.013032086734441492,0.0027543344719525853,0.156,2.522,-2.485,-0.646
hourglass,grass,0.2,0.5235987755982988,0.6003119945526123,0.0,0.0,0.0,0.04919363836853119,0.03310819536472581,0.004153272474155159,0.633,2.65,-2.189,-0.784
hourglass,grass,0.2,0.5235987755982988,0.8004856109619141,0.0,0.0,0.0,0.07847287571182338,0.05149290634505486,0.002148333479068107,0.647,2.289,-2.267,-0.607
hourglass,grass,0.2,0.5235987755982988,1.0000145435333252,0.0,0.0,0.0,0.10952140473100735,0.0718156725554801,0.0037408998081951556,0.602,2.319,-2.236,-1.126
hourglass,grass,0.2,0.5235987755982988,1.2004213333129883,0.00537246800084476,0.002743942952004752,-0.041587185148569406,0.14385504255256742,0.09453913992287377,0.006324333263816984,0.733,2.166,-2.12,-1.027
hourglass,grass,0.2,0.5235987755982988,1.400341510772705,0.030409725237587143,0.005292667588335076,-0.017400622592992687,0.176159392436271,0.11637913267367717,0.006918929009673849,0.617,2.444,-2.044,-1.24
hourglass,grass,0.2,0.5235987755982988,1.6007771492004395,0.0595604507891469,0.002307133570243758,0.05649926073821737,0.20749848099638357,0.13786062768165172,0.008337061575641791,0.648,2.609,-2.101,-1.27
hourglass,grass,0.2,0.5235987755982988,1.8001031875610352,0.08834559312520399,0.00023045455721060204,0.11823987161907411,0.23643171567294985,0.15881386598595304,0.008065973729192502,0.791,2.625,-2.574,-0.738
hourglass,grass,0.2,0.5235987755982988,2.0000181198120117,0.12008121699564538,0.0062210492807782125,0.008245523520863635,0.27022042759172205,0.18363425625508184,0.007224630498686602,0.587,2.176,-2.226,-1.075
hourglass,grass,0.2,0.5235987755982988,2.2002756595611572,0.15639814070317318,0.006064461332614124,0.008256441808337206,0.3019385231886398,0.20713842239186409,0.010091515403476997,0.471,2.206,-2.345,-1.406
hourglass,grass,0.2,0.5235987755982988,2.4002726078033447,0.18396278120959572,0.00842711962532533,0.3131336988713488,0.3312123828879532,0.2297207945851356,0.010944819115274215,0.807,2.122,-2.294,-1.102
hourglass,grass,0.2,0.5235987755982988,2.6000537872314453,0.21403701257287527,0.011544596054016365,0.3178127743834143,0.3664135231768559,0.2562304334754337,0.009967206734630432,0.851,2.114,-2.492,-1.045
hourglass,grass,0.2,0.5235987755982988,2.8003289699554443,0.2452442882553891,0.014433870356463208,0.011364671856851999,0.39855323347391103,0.2818577939135282,0.008684793489391107,0.91,2.318,-2.733,-1.119
hourglass,grass,0.2,-1.5707963267948966,3.000354766845703,0.2747075442580564,0.01964684500858338,0.3926407811015019,0.43044168230372143,0.30621812999444586,0.009971880015042928,0.977,2.025,-2.448,-0.993
hourglass,grass,0.2,-1.5707963267948966,3.2004380226135254,0.3148709416344406,0.018002883656411506,0.3305193506988694,0.44395389225864645,0.3039067198204498,0.0072451973149101345,-1.345,-0.868,0.461,1.523
hourglass,grass,0.2,-1.5707963267948966,3.4003000259399414,0.34448172049601855,0.01783158803775481,0.1393394482640292,0.44669312733128325,0.30128244759648337,0.005071481401295222,-1.923,-1.473,1.102,2.171
hourglass,grass,0.2,-1.5707963267948966,3.600094795227051,0.37458899568501725,0.024602268724944587,0.031100627756707466,0.44980884087874745,0.29859923959508555,0.003789524896351301,-2.433,-2.139,1.688,2.665
hourglass,grass,0.2,-1.5707963267948966,3.8002214431762695,0.41040738988370035,0.02581897522187604,0.030972429961409864,0.4539415478465694,0.295072343861366,0.0034341837412662918,-2.894,-2.772,2.241,2.98
hourglass,grass,0.2,-1.5707963267948966,4.000397443771362,0.44065597193064865,0.02826811212752761,0.025026301521050204,0.4587068244216715,0.29037957373702106,0.003505252707834139,-2.831,-3.252,2.902,3.264
hourglass,grass,0.2,-1.5707963267948966,4.200318098068237,0.4430596228558479,0.030929342655092062,0.0247244436892832,0.46705758249380136,0.2742364037196878,-0.002495721833575576,-1.959,-1.989,2.953,3.1
hourglass,grass,0.2,-1.5707963267948966,4.400187969207764,0.4466149949165831,0.02755046311742143,0.08379082854914097,0.4735569083745923,0.2506543672954462,-0.009527644277320287,-2.103,-2.375,2.711,2.637
hourglass,grass,0.2,-1.5707963267948966,4.6003100872039795,0.445493471281912,0.030989007749506137,0.02405350291880623,0.4789481759968042,0.22018503816595186,-0.011161842741556016,-2.011,-1.912,2.193,2.504
hourglass,grass,0.2,-1.5707963267948966,4.800066709518433,0.44583807081912136,0.035765860360395696,0.014477911070054333,0.4850070377002115,0.18654037698304743,-0.013094813915744616,-1.804,-2.207,2.285,2.383
hourglass,grass,0.2,-1.5707963267948966,5.000245809555054,0.4457876152129587,0.037123821192111106,0.020476226842350675,0.48925865865415197,0.1533969165454033,-0.013503900716943261,-2.183,-2.338,2.361,2.004
hourglass,grass,0.2,-1.5707963267948966,5.200286626815796,0.4445056816536612,0.04343965960883461,-0.031560935911834925,0.4949860060001708,0.11092822310623195,-0.01410116539158153,-2.145,-1.926,2.618,2.318
hourglass,grass,0.2,-1.5707963267948966,5.40012264251709,0.44658206878249046,0.05296660924389174,0.039531003962252315,0.5000423653026838,0.07665131669531688,-0.01519183232179322,-2.167,-1.522,2.612,2.676
hourglass,grass,0.2,-1.5707963267948966,5.60052227973938,0.44689089683558997,0.07030906802116499,0.016225922619721556,0.5052923775215503,0.036323812130801256,-0.01614680362124244,-1.838,-1.587,2.632,2.289
hourglass,grass,0.2,-1.5707963267948966,5.800282001495361,0.44671378277426266,0.08581640722307537,0.017927515261300903,0.5095510493876534,-0.0019683060411451875,-0.016761943068499145,-1.755,-2.032,2.51,2.152
hourglass,grass,0.2,2.6179938779914944,6.000387668609619,0.44720518552377175,0.10394474659145794,0.05402829562214834,0.5134982659213975,-0.04075061789582797,-0.01681437596327766,-2.138,-2.33,2.05,2.561
hourglass,grass,0.2,2.6179938779914944,6.200169563293457,0.4514874372563591,0.12053151226341169,0.06985294007942645,0.4987857060065933,-0.04977667089446895,-0.014913776336740937,0.43,-1.203,1.356,-0.353
hourglass,grass,0.2,2.6179938779914944,6.400411605834961,0.44788297448586645,0.14002236058001538,0.009861157831554224,0.47383866696792754,-0.05409452745519382,-0.01363308795637503,0.662,-0.99,0.959,-0.473
hourglass,grass,0.2,2.6179938779914944,6.600453615188599,0.4499167901444347,0.15442845196966157,0.14397144872100445,0.44652433448487244,-0.05752000682840534,-0.011106618137107033,0.575,-0.618,0.93,-0.902
hourglass,grass,0.2,2.6179938779914944,6.800154209136963,0.45009698234372064,0.1714628029759266,0.10208880091283579,0.4198530356751381,-0.060009512897791314,-0.011150610604309413,1.407,-0.244,0.657,-1.217
hourglass,grass,0.2,2.6179938779914944,7.000080585479736,0.4459369346869856,0.18784687230750105,0.18173008895610993,0.38994732655010234,-0.062190573375873595,-0.010015266664243738,0.923,-0.189,0.599,-1.246
hourglass,grass,0.2,2.6179938779914944,7.200624465942383,0.422732098021397,0.1862714214923458,0.09222893976661341,0.3571167837226829,-0.062264952898993406,-0.00958473561233398,1.657,-0.027,0.254,-1.749
hourglass,grass,0.2,2.6179938779914944,7.400008916854858,0.3986545324421016,0.18454614354130758,0.30892402937294017,0.3269879056214964,-0.06089504489151594,-0.008342809181423827,1.639,-0.009,0.301,-1.422
hourglass,grass,0.2,2.6179938779914944,7.600074529647827,0.3720366378378227,0.18357000146561767,0.14333380449188585,0.2941992321206072,-0.05695809333496542,-0.008688143382737032,1.406,0.206,0.001,-1.807
hourglass,grass,0.2,2.6179938779914944,7.800068140029907,0.34300052265889774,0.1837476734973324,0.06508095216439574,0.259111174377896,-0.05224014104095147,-0.007696145950030736,1.719,0.192,0.105,-2.15
hourglass,grass,0.2,2.6179938779914944,8.000207662582397,0.31510415185756296,0.18022518727936912,0.14765120513929297,0.22353537454533579,-0.046840621968695526,-0.006467463184440712,1.792,0.305,-0.213,-1.635
hourglass,grass,0.2,2.6179938779914944,8.200076341629028,0.2819390608672693,0.17992064849339456,0.12483194347244958,0.18814523454140542,-0.04111862995513153,-0.004390241507801873,1.854,0.272,-0.138,-2.242
hourglass,grass,0.2,2.6179938779914944,8.400264024734497,0.25061044816141864,0.17770875773468808,0.2201979599709411,0.15341526697477725,-0.03382816762993725,-0.004085231356856914,1.814,0.827,-0.46,-2.286
hourglass,grass,0.2,2.6179938779914944,8.600285768508911,0.21731404361413476,0.1773334413696581,0.2639386938683281,0.12030576229872625,-0.027692441135709553,-0.0027043412919443566,1.83,0.567,-0.42,-1.963
hourglass,grass,0.2,2.6179938779914944,8.800431966781616,0.1844646385084664,0.1781684450462261,0.30828224478625765,0.08500859905489055,-0.018322356544134888,-0.0005976998236714992,1.698,0.728,-0.56,-2.532
hourglass,grass,0.2,-2.6179938779914944,9.000022172927856,0.14686697120031295,0.17414382374572096,0.23969609707314632,0.049757107541535395,-0.01085707785704168,0.0016451831020949798,2.059,0.874,-0.917,-2.632
hourglass,grass,0.2,-2.6179938779914944,9.200019598007202,0.11826451477107514,0.1723070113289055,0.2063716331339732,0.013352601231996108,-0.01552838155858173,0.0019622260515829992,0.44,-0.805,1.083,-0.904
hourglass,grass,0.2,-2.6179938779914944,9.400024652481079,0.08456847770678932,0.17305811485753514,0.025476130022522886,-0.02263726670226851,-0.022567872044649148,0.002534568636447146,-0.048,-1.112,1.351,-0.525
hourglass,grass,0.2,-2.6179938779914944,9.600108861923218,0.049452004189955046,0.17007033574024874,0.10947393591564131,-0.05745523474011749,-0.031506933337976564,0.001851869728821967,-0.002,-1.191,1.704,-0.237
hourglass,grass,0.2,-2.6179938779914944,9.800358533859253,0.02090823215135959,0.16942918403558374,0.5171181116142644,-0.09150571739528168,-0.04146711240264721,0.0012308655088793946,-0.032,-1.331,1.634,-0.243
hourglass,grass,0.2,-2.6179938779914944,10.000098705291748,-0.01561503615139842,0.16665640987669436,-0.014363800426490853,-0.12498681206139262,-0.05389046332059429,0.0005724217334061171,-0.397,-1.393,1.953,-0.09
hourglass,grass,0.2,-2.6179938779914944,10.20003890991211,-0.04686588109016204,0.1690999743873346,0.6215980168084253,-0.15487323959327626,-0.0664550735195364,-0.0005312875183104554,-0.232,-1.884,2.216,0.202
hourglass,grass,0.2,-2.6179938779914944,10.400273561477661,-0.08849308963758995,0.16637249345875396,0.5845427447588946,-0.18998913699624131,-0.08011747225823855,-0.0020392014925225826,-0.181,-1.763,2.086,-0.014
hourglass,grass,0.2,-2.6179938779914944,10.60010027885437,-0.11794997623398995,0.16724638134464065,0.664003775174011,-0.21942885857800698,-0.09513681204676928,-0.0037390615245875836,-0.158,-1.678,2.394,0.189
hourglass,grass,0.2,-2.6179938779914944,10.800114393234253,-0.16018699618722892,0.1623506202638874,-0.006615242782711639,-0.2548933451540786,-0.11243871023029732,-0.0054119756650312795,-0.486,-1.721,1.609,0.041
hourglass,grass,0.2,-2.6179938779914944,11.000563621520996,-0.18525678610596635,0.16596337724082047,-0.1389431680506015,-0.2877836702481197,-0.1299409562520607,-0.005802160984465635,-0.327,-1.947,2.171,0.595
hourglass,grass,0.2,-2.6179938779914944,11.200087070465088,-0.22896605843881312,0.15999868971040881,-0.10543747135132944,-0.3206154445930175,-0.14736746976844456,-0.004530585626638675,-0.642,-1.733,2.047,0.347
hourglass,grass,0.2,-2.6179938779914944,11.400156497955322,-0.2601949482193656,0.15629874505817148,-0.11199917045999117,-0.34941639105705236,-0.16384488002562225,-0.004192826272915909,-0.482,-1.962,2.396,0.5
hourglass,grass,0.2,-2.6179938779914944,11.600053071975708,-0.29545753245055056,0.15586367474828722,0.43373303881956116,-0.3819304450861677,-0.1819600338843605,-0.005167763885164947,-0.6,-2.011,2.005,0.607
hourglass,grass,0.2,-2.6179938779914944,11.800033807754517,-0.32284580319294914,0.15602927030665334,0.8010250172056653,-0.41709171206407325,-0.20384671624305434,-0.004639119284418805,-0.643,-2.005,2.309,0.568
hourglass,grass,0.2,1.5707963267948966,12.000021934509277,-0.35567003720983886,0.15288855402021873,0.5262801044035497,-0.450397032152584,-0.22400604781577693,-0.0066518064051380305,-0.605,-1.736,2.215,0.789
hourglass,grass,0.2,1.5707963267948966,12.200313568115234,-0.38666663832591813,0.1518801329943105,0.8294635089662404,-0.46375909764825785,-0.22018512913325333,-0.006378567467754372,1.812,0.853,-0.848,-1.549
hourglass,grass,0.2,1.5707963267948966,12.400085926055908,-0.42747762107418225,0.1470922200232916,-0.12386591621582685,-0.4673314572120185,-0.21724811046258696,-0.006193291673240869,2.374,1.662,-1.515,-2.503
hourglass,grass,0.2,1.5707963267948966,12.60007357597351,-0.45141938184751235,0.14749896145094288,-0.19651841711865445,-0.47025410385682476,-0.21494421961672433,-0.006151183839072649,2.83,2.302,-2.138,-2.93
hourglass,grass,0.2,1.5707963267948966,12.800065994262695,-0.4765821263903706,0.1490837472476816,-0.2469633809017445,-0.4745419655395887,-0.21113622427990358,-0.0046849656267597545,2.787,2.771,-2.6,-3.475
hourglass,grass,0.2,1.5707963267948966,13.000723600387573,-0.5058474991157234,0.1463563391164466,-0.23111985102769275,-0.4792979123057618,-0.2044099970565545,0.0020417194758741014,2.795,3.135,-3.14,-3.559
hourglass,grass,0.2,1.5707963267948966,13.20001745223999,-0.5101043235228513,0.14579558005599405,-0.22140434098999515,-0.4824097861290727,-0.19330703382572273,0.011479389277243388,2.472,2.533,-2.906,-3.545
hourglass,grass,0.2,1.5707963267948966,13.40003514289856,-0.5059398445624315,0.14558926433342403,0.9384552056300994,-0.485205258608005,-0.1762481308552023,0.023328106974078985,2.488,3.131,-3.062,-3.558
hourglass,grass,0.2,1.5707963267948966,13.600097894668579,-0.5092926166191722,0.1439335949376375,-0.22481299867820512,-0.4879587184730513,-0.15394466789179168,0.033667958832075684,2.127,2.192,-2.063,-3.505
hourglass,grass,0.2,1.5707963267948966,13.800339698791504,-0.5087883838164291,0.14423731447437305,0.6100178857512231,-0.49885609413017373,-0.1146372680966646,0.03256272584859321,1.866,2.453,-2.617,-2.988
hourglass,grass,0.2,1.5707963267948966,14.000205755233765,-0.5063639878127353,0.14418239344412578,0.6100068689141545,-0.5101727335211869,-0.07515026597195985,0.028839462858032835,2.394,2.344,-2.205,-2.783
hourglass,grass,0.2,1.5707963267948966,14.200016021728516,-0.5102053150635375,0.14045452030838795,-0.2206597359214559,-0.5211228025366476,-0.0365007603943142,0.026824726313325137,2.417,2.248,-1.956,-2.617
hourglass,grass,0.2,1.5707963267948966,14.400405168533325,-0.5018758843347932,0.1381904371318462,-0.24892691031555605,-0.5310017560162591,-0.0010317947575669284,0.02476479194235695,2.175,2.278,-2.473,-3.038
hourglass,grass,0.2,1.5707963267948966,14.600048065185547,-0.5005229777816678,0.1281686338811988,-0.2553442207184802,-0.5404190232258349,0.04097717208516246,0.023467209669736214,2.091,2.438,-2.624,-2.971
hourglass,grass,0.2,1.5707963267948966,14.800073862075806,-0.5057992602205157,0.11362408508820548,-0.21697721638336157,-0.5477193763594265,0.07701616455360603,0.02198833495124307,2.337,2.631,-2.254,-2.598
hourglass,grass,0.2,-0.5235987755982988,15.00023889541626,-0.5016833178332165,0.09834600665749715,-0.2251846274864047,-0.5561324578136254,0.12044341221320623,0.02058396537997631,2.532,2.426,-1.931,-2.782
hourglass,grass,0.2,-0.5235987755982988,15.20033574104309,-0.5020156434794782,0.08455673767002397,-0.24612887769580585,-0.5450954023181983,0.13072414007519984,0.017889582887009856,-0.379,1.877,-1.867,0.154
hourglass,grass,0.2,-0.5235987755982988,15.400359869003296,-0.4989945729925139,0.0711658002527718,-0.18788943274721184,-0.5231595437354258,0.13588725592411466,0.016640704633962528,-0.748,1.27,-1.341,0.222
hourglass,grass,0.2,-0.5235987755982988,15.60012698173523,-0.493381746308791,0.05820181140505887,0.6016475269660494,-0.4951480093531474,0.14207029758102935,0.016353919984269702,-0.555,0.763,-0.755,0.544
hourglass,grass,0.2,-0.5235987755982988,15.800361394882202,-0.5002532750977402,0.04098656334459022,-0.2304834639448122,-0.4637634929840079,0.14781377948488672,0.01655196095411475,-1.109,0.508,-0.912,0.65
hourglass,grass,0.2,-0.5235987755982988,16.0004940032959,-0.5000661672243181,0.028676475473856156,1.0108863704594213,-0.4330667692265523,0.15269575391964874,0.01668087260294454,-1.317,0.289,-0.196,1.306
hourglass,grass,0.2,-0.5235987755982988,16.200498580932617,-0.478023131906186,0.03335300624336496,-0.24570068066262893,-0.40129127389968555,0.15473012541437015,0.01540757410463256,-1.659,0.198,-0.55,1.019
hourglass,grass,0.2,-0.5235987755982988,16.399972438812256,-0.45939149898819337,0.031898633339478455,-0.18329963039043176,-0.36974233420103586,0.15534015877437082,0.013283859292211361,-1.158,0.115,-0.236,1.221
hourglass,grass,0.2,-0.5235987755982988,16.600069284439087,-0.42438508460944163,0.03812131737210944,-0.17872473745854597,-0.33427160795887045,0.15472530028276404,0.012313907981165884,-1.385,-0.174,0.12,1.437
hourglass,grass,0.2,-0.5235987755982988,16.80024814605713,-0.39561759148575976,0.04339519130803704,-0.2143197891717706,-0.30240766489075266,0.1529008998701751,0.008794158836920585,-1.438,0.022,0.164,1.712
hourglass,grass,0.2,-0.5235987755982988,17.000301599502563,-0.3612084044629727,0.047944706282178395,-0.18071978037656125,-0.2658412592803353,0.14995745869106436,0.0062841316408771,-1.858,-0.469,0.621,2.131
hourglass,grass,0.2,-0.5235987755982988,17.200314044952393,-0.3324965867363731,0.051376246935134984,-0.17763244510615242,-0.22999549157043442,0.14549327808081036,0.0036586108044132926,-1.763,-0.29,0.532,1.95
hourglass,grass,0.2,-0.5235987755982988,17.40007734298706,-0.29971040960289647,0.05785798595529407,-0.17114772273027104,-0.19429268295419433,0.1397666681436674,0.002361559050694531,-1.726,-0.479,0.455,2.237
hourglass,grass,0.2,-0.5235987755982988,17.60010266304016,-0.2654560653868238,0.06208821622748839,-0.13156539101708606,-0.16258066434970053,0.13328818263595696,0.000266571776447011,-1.933,-0.273,0.558,2.635
hourglass,grass,0.2,-0.5235987755982988,17.800084352493286,-0.23092532491647583,0.06802945807270278,0.5003984911650532,-0.12774083039690243,0.12604058423513068,-0.0011673614283146672,-2.137,-0.66,0.786,2.691
hourglass,grass,0.2,0.5235987755982988,0.20005273818969727,-0.0009486870631390532,-0.0011499357264017906,-0.005504565254116495,1.0794090166466042e-05,-4.358417530226852e-06,3.741704785259481e-06,-1.491,-0.318,0.436,1.649
hourglass,grass,0.2,0.5235987755982988,0.39983201026916504,0.0,0.0,0.0,2.383162515817716e-05,-9.139738617783277e-06,6.54798274989099e-06,-1.495,-0.317,0.437,1.647
hourglass,grass,0.2,0.5235987755982988,0.5998725891113281,0.001328994999686639,0.0005215468655252187,-0.39422573961149543,3.706410290593709e-05,-1.535162725905398e-05,9.354260179270102e-06,-1.495,-0.316,0.435,1.643
hourglass,grass,0.2,0.5235987755982988,0.7998170852661133,0.0,0.0,0.0,5.23451059564195e-05,-2.055581185044647e-05,9.35426017921459e-06,-1.494,-0.317,0.442,1.649
hourglass,grass,0.2,0.5235987755982988,1.0002436637878418,-0.0009486870631390532,-0.0011499357264017906,-0.005504565254116495,0.014152890228272597,0.005184939360895414,0.0006978114294018539,-0.769,1.47,-1.476,1.071
hourglass,grass,0.2,0.5235987755982988,1.2000417709350586,0.0,0.0,0.0,0.04857413965068369,0.013298213889030049,0.0022878728933060505,-0.38,1.545,-1.216,0.137
hourglass,grass,0.2,0.5235987755982988,1.40008544921875,0.0,0.0,0.0,0.0823313733178822,0.02363585671896478,0.0024749273467167265,-0.091,1.385,-1.383,0.443
hourglass,grass,0.2,0.5235987755982988,1.6000094413757324,0.0,0.0,0.0,0.1175088963525518,0.03417250380248498,0.00452114062594744,-0.032,1.489,-1.278,-0.183
hourglass,grass,0.2,0.5235987755982988,1.8001012802124023,0.001309155125671091,2.073100189031729e-05,-0.379280032180649,0.15186773347918525,0.046707439392460276,0.005137377011976724,0.347,1.508,-1.52,-0.312
hourglass,grass,0.2,0.5235987755982988,1.9998183250427246,0.026471840622293324,0.0041136349205824485,-0.012734254836426678,0.1864604630733886,0.06083901387470917,0.007350547630105259,0.081,1.65,-1.812,-0.153
hourglass,grass,0.2,0.5235987755982988,2.199979305267334,0.06340943895851203,0.009142487313081704,-0.37104219780412484,0.21880437569497724,0.07547186470793397,0.008431286584272626,0.199,1.743,-1.815,-0.501
hourglass,grass,0.2,0.5235987755982988,2.399866819381714,0.10041826936074363,0.014153622633999219,0.09194782118808315,0.2517538639825817,0.09135238287073956,0.009349283610666392,0.322,1.719,-2.203,-0.456
hourglass,grass,0.2,0.5235987755982988,2.6000382900238037,0.14384145198644677,0.0203638666599347,-0.20294566326231492,0.28397901473116505,0.10801843225023397,0.00964280456821226,0.397,2.227,-1.772,-0.526
hourglass,grass,0.2,0.5235987755982988,2.8001351356506348,0.18119542375389514,0.022587387705423068,-0.13447701133079754,0.3159156934972317,0.12626990793864587,0.009298804811061726,0.353,2.083,-2.17,-0.439
hourglass,grass,0.2,0.5235987755982988,2.999779462814331,0.2163074839146656,0.029149841356716916,-0.19246840205706728,0.3483083908269866,0.14602348960053813,0.008408850001308643,0.754,2.177,-2.312,-0.755
hourglass,grass,0.2,-1.5707963267948966,3.1998238563537598,0.2480802808401611,0.03526707323892947,-0.29930537746427033,0.3812406429574887,0.16452764519348406,0.010216740183762993,0.496,2.216,-1.946,-0.842
hourglass,grass,0.2,-1.5707963267948966,3.400067090988159,0.2820425283061078,0.04252221697698658,-0.21477719326765227,0.3991046922561377,0.16193497989358926,0.009263282574591705,-1.573,-1.281,1.186,1.843
hourglass,grass,0.2,-1.5707963267948966,3.59989595413208,0.3164123262054008,0.04854133658180487,-0.25309993374404516,0.40273314295097457,0.1592536633534871,0.007848857840693918,-2.409,-1.912,1.822,2.521
hourglass,grass,0.2,-1.5707963267948966,3.799938678741455,0.3469810482131104,0.05502687304063908,-0.30468986273986776,0.4068772344414762,0.15603349371081995,0.00541977045682214,-2.309,-2.538,2.431,3.208
hourglass,grass,0.2,-1.5707963267948966,4.000360488891602,0.38199847725914227,0.05909253304142986,-0.18797655080029296,0.41302111676268044,0.14939057480523607,0.0017931020287716287,-2.32,-2.856,2.553,3.391
hourglass,grass,0.2,-1.5707963267948966,4.2002739906311035,0.4168056011840713,0.06539198264009355,-0.2633023624944647,0.41962211380050707,0.13540198623812966,-0.00010850985239076183,-2.166,-2.097,2.591,2.646
hourglass,grass,0.2,-1.5707963267948966,4.399866580963135,0.4261899802580748,0.06815166060744257,-0.3494731340936039,0.42648512058261595,0.10868654979962394,-0.0032387965359986226,-1.9,-2.078,2.659,2.851
hourglass,grass,0.2,-1.5707963267948966,4.599876642227173,0.42795580851974885,0.07092791967509887,-0.3024518384609998,0.43367472075243224,0.07994372035347856,-0.00417258057124327,-1.916,-2.1,2.253,3.06
hourglass,grass,0.2,-1.5707963267948966,4.799995422363281,0.43037329173763167,0.07096460853764053,-0.30333975787189826,0.439785535156525,0.046546796650163494,-0.005709982963691074,-2.216,-2.185,2.252,2.177
hourglass,grass,0.2,-1.5707963267948966,5.000298738479614,0.43278242053109595,0.07483512866943598,-0.3116114932582068,0.44548700852283096,0.011952309949688879,-0.005876551575317572,-2.271,-1.817,2.278,2.591
hourglass,grass,0.2,-1.5707963267948966,5.2004783153533936,0.4359359143122129,0.08118556305335742,-0.26962665243650086,0.45165329702265217,-0.022750530160261115,-0.006355679852555675,-1.989,-1.786,2.431,2.746
hourglass,grass,0.2,-1.5707963267948966,5.3998494148254395,0.43982956765248415,0.09541229397302428,-0.36706906578021253,0.4570838415432293,-0.060179377336177335,-0.006259291580377593,-1.755,-2.068,2.434,2.4
hourglass,grass,0.2,-1.5707963267948966,5.5998923778533936,0.4407302716373693,0.10880016437411333,-0.24841501290304316,0.4623076877401643,-0.09795355381221231,-0.0059420565570278625,-2.352,-2.149,2.279,2.296
hourglass,grass,0.2,-1.5707963267948966,5.799831867218018,0.44188765002739455,0.126091341913338,-0.2699299321212334,0.4679323630044389,-0.13595025199173796,-0.005758643278838425,-2.224,-1.894,2.137,2.214
hourglass,grass,0.2,-1.5707963267948966,5.999999761581421,0.44368099159472685,0.1428588605880888,-0.2678771800680982,0.4741858688935397,-0.1739960164196084,-0.005084898201308016,-1.851,-2.091,2.642,2.286
hourglass,grass,0.2,2.6179938779914944,6.200103282928467,0.4427140302011815,0.158875292931087,-0.32503395249301176,0.4794957961972118,-0.212655196120339,-0.004065913035256163,-1.868,-2.231,2.34,2.47
hourglass,grass,0.2,2.6179938779914944,6.399882078170776,0.445155789996042,0.17659470729585452,-0.24398906581092145,0.4664963710129341,-0.22505541031301343,-0.005000682064664502,0.835,-1.305,1.507,-0.547
hourglass,grass,0.2,2.6179938779914944,6.600074052810669,0.44736954532485923,0.19457120634181208,-0.24385623150922572,0.4445993162470354,-0.22956073670327762,-0.00461516500910171,0.694,-0.951,1.024,-0.486
hourglass,grass,0.2,2.6179938779914944,6.799891710281372,0.44710015049870194,0.21399746183904206,-0.1358018659659287,0.41584554334819784,-0.2324687895553848,-0.003758078345919763,1.029,-0.997,0.967,-0.613
hourglass,grass,0.2,2.6179938779914944,6.99987006187439,0.4483819496615317,0.230412125548895,-0.2667303958691869,0.3861452357128012,-0.23436118068529677,-0.0024369848725789844,1.123,-0.556,0.619,-1.044
hourglass,grass,0.2,2.6179938779914944,7.19996190071106,0.4482480950042531,0.24570684386717756,-0.26608963707343186,0.3563304522506885,-0.2365981792877201,-0.0013873021619393716,1.602,-0.449,0.533,-1.409
hourglass,grass,0.2,2.6179938779914944,7.400230646133423,0.4311186244368407,0.24373344436426997,-0.2573256197322923,0.32494141004706634,-0.23654114749037822,0.0017266948066175375,1.357,-0.18,0.223,-1.576
hourglass,grass,0.2,2.6179938779914944,7.60009241104126,0.4053452413820462,0.24167147020501017,-0.09025725473956109,0.2916345028210806,-0.2350042699372257,0.002829388768003163,1.441,-0.119,0.042,-1.798
hourglass,grass,0.2,2.6179938779914944,7.799858570098877,0.3779132903153849,0.23900388936358644,-0.23729449391315144,0.257907406369008,-0.2338868749656247,0.004450070617119037,1.513,0.048,-0.152,-1.563
hourglass,grass,0.2,2.6179938779914944,8.000089406967163,0.34952281164272864,0.23637325303939719,-0.2857134097782499,0.22074522087228043,-0.23024999124631634,0.0058470897889731505,1.935,0.254,-0.191,-1.828
hourglass,grass,0.2,2.6179938779914944,8.200048446655273,0.32324980795416086,0.23391101958655933,-0.18059522227001815,0.18585276397915174,-0.22784635754255722,0.006137883637772151,1.772,0.329,-0.461,-2.074
hourglass,grass,0.2,2.6179938779914944,8.400171995162964,0.29161994942895864,0.2271925563286835,-0.22632230992083896,0.1508690196292234,-0.22096211644450137,0.006770876177030885,2.159,0.363,-0.424,-2.377
hourglass,grass,0.2,2.6179938779914944,8.600071430206299,0.2640870067112886,0.22521207937872012,-0.20265787829318888,0.11686269207403055,-0.21537978930245122,0.0077161016103695496,2.369,0.595,-0.662,-1.998
hourglass,grass,0.2,2.6179938779914944,8.799846649169922,0.2336619163689243,0.21795723785258037,-0.17722748227784418,0.0822049870339514,-0.20795842978338358,0.007715166702600126,2.09,0.384,-0.325,-2.666
hourglass,grass,0.2,2.6179938779914944,8.999855518341064,0.1988800699094776,0.21616745771658585,-0.061923007772680436,0.04415426474210238,-0.20049326522615699,0.009978382422844087,2.5,0.663,-0.775,-2.783
hourglass,grass,0.2,-2.6179938779914944,9.19988465309143,0.16423900844855022,0.2136860733939499,-0.08653341137137477,0.007463363961137892,-0.1918469752091826,0.010241043078232634,2.182,0.535,-0.359,-2.364
hourglass,grass,0.2,-2.6179938779914944,9.399811029434204,0.12594251018741898,0.21291761470338583,-0.14483861942628168,-0.02680416456099699,-0.19961740413939738,0.00921560784065241,0.439,-0.864,0.784,-0.646
hourglass,grass,0.2,-2.6179938779914944,9.600051164627075,0.09442033340788533,0.21126982184487964,0.02084712517012971,-0.06262419291864396,-0.2061798270776499,0.009110909769195125,0.015,-1.053,1.069,-0.1
hourglass,grass,0.2,-2.6179938779914944,9.800116300582886,0.06594797771655808,0.20984144560391593,-0.39588585070379795,-0.09834831221734264,-0.2154457098031567,0.007963849832051756,-0.006,-0.944,1.332,-0.159
hourglass,grass,0.2,-2.6179938779914944,9.999995231628418,0.03300940420862114,0.20545737354011084,-0.32761703612502946,-0.13298667550546917,-0.22719280516084037,0.00572553423697883,0.068,-1.061,1.544,-0.291
hourglass,grass,0.2,-2.6179938779914944,10.199801206588745,0.0007702684066048793,0.20270157072186146,-0.4074988201023162,-0.16573622631049312,-0.2393250639695528,0.004682917042377777,-0.193,-1.388,1.865,0.325
hourglass,grass,0.2,-2.6179938779914944,10.399795532226562,-0.03988199149001004,0.20165616435905728,-0.41942400973092653,-0.1985083044979763,-0.25169820622206196,0.002859316502383677,-0.199,-1.313,2.196,0.185
hourglass,grass,0.2,-2.6179938779914944,10.60004711151123,-0.0779081142659836,0.20211084412085717,-0.6135638197274818,-0.23114522837822693,-0.26577358648341737,0.0022392383324029846,-0.479,-1.433,2.317,0.275
hourglass,grass,0.2,-2.6179938779914944,10.800228834152222,-0.11599153630202202,0.19976065198896464,0.09579638980250516,-0.26346996441983106,-0.2812835414902453,0.0035223865393865794,-0.359,-1.743,2.182,0.266
hourglass,grass,0.2,-2.6179938779914944,11.000054121017456,-0.1480355847501354,0.19982140938414228,0.1270499688265873,-0.2952469709361423,-0.29743465118902407,0.0023009667851549703,-0.46,-1.56,2.393,0.423
hourglass,grass,0.2,-2.6179938779914944,11.199926614761353,-0.18309839892136548,0.19763677306257546,-0.5283466744668819,-0.32739519774683634,-0.3144361629512177,0.002013833681270602,-0.522,-1.704,2.382,0.278
hourglass,grass,0.2,-2.6179938779914944,11.400083780288696,-0.22050482248864856,0.19841830283308023,0.11065522612900391,-0.3587962672558489,-0.3330544718776498,0.002941617444636002,-0.562,-2.147,2.819,0.458
hourglass,grass,0.2,-2.6179938779914944,11.600061178207397,-0.25231215149544384,0.19622681773505232,-0.5388037548494282,-0.38961718263833056,-0.349390570678331,0.002107363014478475,-0.879,-1.949,2.213,0.628
hourglass,grass,0.2,-2.6179938779914944,11.800026416778564,-0.2818207519340239,0.19531299949889858,-0.5354467604418669,-0.42361533459259304,-0.3713477540590913,0.0016499987591074572,-0.877,-2.157,2.576,0.671
hourglass,grass,0.2,-2.6179938779914944,11.999736785888672,-0.31165977669797484,0.19452934864185373,0.14715300020045113,-0.4557383800645691,-0.3891804085097618,0.0003517160842236994,-0.949,-2.067,2.307,0.609
hourglass,grass,0.2,1.5707963267948966,12.199825763702393,-0.34781608680876486,0.19536695629557468,0.14433308771173875,-0.48747148648163074,-0.4099940387786781,0.0012365813145786275,-0.502,-2.426,2.456,0.487
hourglass,grass,0.2,1.5707963267948966,12.39987325668335,-0.378134644065384,0.19460646410975244,-0.5455232938302432,-0.5000425446025059,-0.4063827058774087,0.0017351126405290157,1.764,0.976,-0.744,-1.806
hourglass,grass,0.2,1.5707963267948966,12.600049495697021,-0.402479106760401,0.19348567028433666,0.176943068203204,-0.5028465677896221,-0.403481248199396,0.002241108895509894,2.343,1.689,-1.377,-2.659
hourglass,grass,0.2,1.5707963267948966,12.799832105636597,-0.4425546176888052,0.1907536838179395,-0.5441654041880595,-0.5056828038617136,-0.40112047296262454,0.002899531795522464,2.799,2.277,-2.009,-3.134
hourglass,grass,0.2,1.5707963267948966,12.999831914901733,-0.46943807002738636,0.19236643443878906,-0.574266721782781,-0.5112944315500108,-0.3962870040689769,0.006580140062680484,2.377,2.896,-2.615,-3.595
hourglass,grass,0.2,1.5707963267948966,13.200037002563477,-0.49524427532034265,0.19159017323261274,-0.6074783223109623,-0.5201203382458228,-0.3872563192932028,0.010418639747459824,2.767,3.089,-3.133,-3.199
hourglass,grass,0.2,1.5707963267948966,13.399962902069092,-0.4946097964233629,0.1902324179523897,0.2358062167157014,-0.5297710011009911,-0.371326864773294,0.013492534134462539,2.089,2.759,-2.718,-3.184
hourglass,grass,0.2,1.5707963267948966,13.60005235671997,-0.5025639699400845,0.18911226576095455,-0.6069427610668026,-0.536651581698474,-0.34300117442812444,0.01626108966262474,2.233,2.431,-2.322,-2.425
hourglass,grass,0.2,1.5707963267948966,13.800045013427734,-0.49883186737775964,0.18895970448017185,0.23733881667547696,-0.5460995346469415,-0.3121148428261472,0.018223822151352584,2.195,2.289,-2.205,-2.893
hourglass,grass,0.2,1.5707963267948966,14.000129222869873,-0.5029301528185451,0.18923097295978664,0.21510406690955447,-0.5537714737603594,-0.27717842374048307,0.018203271691518558,1.834,2.449,-2.332,-2.952
hourglass,grass,0.2,1.5707963267948966,14.200110673904419,-0.5010915634454466,0.18796600457502005,-0.6179943691902166,-0.5602245982968324,-0.24468495616572047,0.018240636136772,2.214,2.174,-1.916,-2.503
hourglass,grass,0.2,1.5707963267948966,14.400064468383789,-0.5051763569924528,0.18277387109433324,-0.579156999667922,-0.5679993683145437,-0.21028306385915074,0.01977714371225564,2.493,2.4,-2.507,-2.608
hourglass,grass,0.2,1.5707963267948966,14.60005497932434,-0.5055342729392701,0.17072059371653914,-0.6037155392185573,-0.575585963769113,-0.1707665815831561,0.020706419941949328,2.094,2.105,-2.482,-2.948
hourglass,grass,0.2,1.5707963267948966,14.800004959106445,-0.5034323229642256,0.16012012429710903,-0.6019208316131053,-0.5825761917845322,-0.132903319643617,0.021474999403407066,1.985,2.423,-2.131,-2.649
hourglass,grass,0.2,-0.5235987755982988,15.00005841255188,-0.5027982448954676,0.14582068353913802,-0.630683545913505,-0.5894392583527672,-0.09446831422581004,0.020891332095430745,2.092,2.463,-2.148,-2.787
hourglass,grass,0.2,-0.5235987755982988,15.200263023376465,-0.5144435239442561,0.13134728204559787,0.1893161390574979,-0.5749279606451978,-0.08484525970395355,0.019754728066333688,-0.392,1.438,-1.398,-0.059
hourglass,grass,0.2,-0.5235987755982988,15.40008807182312,-0.5038675235222799,0.12094959902381802,-0.624934120238978,-0.5508497694984362,-0.07863191519880075,0.017494258521431147,-0.514,1.22,-1.401,0.482
hourglass,grass,0.2,-0.5235987755982988,15.600106239318848,-0.5201568899874486,0.10321228356014286,0.18216850288515823,-0.5255450961883574,-0.07404869261621026,0.01831629876840153,-0.943,0.877,-1.032,0.449
hourglass,grass,0.2,-0.5235987755982988,15.79987621307373,-0.5062420083365057,0.09066639812448529,-0.6258801128732266,-0.4959031213010441,-0.07014261273185977,0.01714113704384046,-0.978,0.684,-0.714,0.678
hourglass,grass,0.2,-0.5235987755982988,15.999906778335571,-0.5008660353172177,0.07795039802497278,0.5635718562192786,-0.46583021164167193,-0.06770615009537859,0.01622652170547699,-0.987,0.468,-0.495,1.117
hourglass,grass,0.2,-0.5235987755982988,16.199876070022583,-0.48249323388939924,0.07846508504655314,-0.622780233222811,-0.43251813508137027,-0.06659612441351012,0.014258785872835633,-0.972,0.164,-0.314,1.095
hourglass,grass,0.2,-0.5235987755982988,16.399802684783936,-0.4640032408274357,0.08034335241961557,-0.5933490112676807,-0.39937328904671365,-0.06593948353830287,0.012675769130634687,-1.182,0.286,-0.041,1.519
hourglass,grass,0.2,-0.5235987755982988,16.600050926208496,-0.4401086513595224,0.08221313801023056,-0.5601938808551258,-0.36557749133886275,-0.0679289982052549,0.011615015630585604,-1.604,-0.118,-0.13,1.521
hourglass,grass,0.2,-0.5235987755982988,16.80046796798706,-0.4124164748856046,0.08404473536168608,-0.5214476541552084,-0.33146921534784135,-0.07046270868026562,0.009377327302959773,-1.367,0.006,0.143,1.761
hourglass,grass,0.2,-0.5235987755982988,17.000089168548584,-0.38016736670991746,0.08915141744588886,0.13840358844434641,-0.29699719285213977,-0.07413211941259179,0.008930490571685656,-1.46,-0.376,0.244,1.502
hourglass,grass,0.2,-0.5235987755982988,17.200197219848633,-0.3404597319757613,0.0945985243668343,0.4554542268219332,-0.2613340383757028,-0.0774510800148672,0.006942910337625896,-1.534,-0.469,0.437,2.218
hourglass,grass,0.2,-0.5235987755982988,17.40025496482849,-0.3087083477677621,0.0993179135710602,0.44118574218228385,-0.2291231124778339,-0.08268321427608936,0.005609587925589021,-1.83,-0.688,0.646,2.176
hourglass,grass,0.2,-0.5235987755982988,17.60020089149475,-0.27513158173341623,0.10255561233223207,-0.5475910868338862,-0.19036788808446659,-0.08846232395503019,0.0020166395701796402,-1.646,-0.334,0.545,2.59
hourglass,grass,0.2,-0.5235987755982988,17.799792051315308,-0.24416175641435012,0.10590384216083404,-0.5140808960732429,-0.15575128369599645,-0.09646218683205718,0.0003414266377008701,-2.059,-0.603,0.683,2.459
