motion_type,surface,velocity,target_angle,time,aruco_x,aruco_y,aruco_theta,odom_x,odom_y,odom_theta,wheel_joint_fl,wheel_joint_fr,wheel_joint_bl,wheel_joint_br
straight,linoleum,0.1,0,0.2002420425415039,0.0,0.0,0.0,0.0,0.0,0.0,-0.399,-0.456,0.464,0.542
straight,linoleum,0.1,0,0.3999669551849365,0.0,0.0,0.0,0.008589337641502937,-0.0002951584558324172,-1.875138317465998e-05,-0.692,0.088,-0.064,0.793
straight,linoleum,0.1,0,0.6000263690948486,0.0,0.0,0.0,0.026748742458010122,-0.002758509168055645,-0.00015844915334436516,-0.422,-0.002,0.033,0.528
straight,linoleum,0.1,0,0.7996110916137695,-0.0015492857693007456,-0.003727320551075608,-0.0020163384141200225,0.046012548003928955,-0.005009418692026979,0.0003619018979238945,-0.547,-0.122,0.036,0.447
straight,linoleum,0.1,0,0.9995989799499512,0.0,0.0,0.0,0.06532861510826266,-0.006631598434471669,0.0006291094869282157,-0.416,-0.089,0.061,0.543
straight,linoleum,0.1,0,1.1996147632598877,0.0,0.0,0.0,0.08476672707477528,-0.008230204157830046,0.00021095313321755921,-0.417,-0.038,0.125,0.64
straight,linoleum,0.1,0,1.399604082107544,0.009864579658245665,0.00029213365006852676,0.03526770205980323,0.10465499964367225,-0.009399671337402049,0.0007369301431685202,-0.392,-0.043,0.03,0.589
straight,linoleum,0.1,0,1.5995967388153076,0.030154664839771084,0.005474823980373356,-0.0018748137168476675,0.12428677522991932,-0.010456688640699291,2.5314368989346695e-05,-0.399,-0.043,0.08,0.453
straight,linoleum,0.1,0,1.7996022701263428,0.055037556745258426,0.00965198563061831,0.03928338013500582,0.14395925968599738,-0.011772031192839955,-0.00024001762118309317,-0.383,0.017,0.004,0.418
straight,linoleum,0.1,0,1.9996106624603271,0.07528607879607213,0.012397794842412657,0.9812578852330707,0.1639264878985101,-0.012717172921283049,0.00040971797921538714,-0.4,-0.018,0.043,0.537
straight,linoleum,0.1,0,2.199690103530884,0.09843620195515587,0.017841516479787267,-0.008615251452802841,0.18393988553879187,-0.013692867406904896,0.00019876472642800947,-0.352,-0.009,0.014,0.464
straight,linoleum,0.1,0,2.3996975421905518,0.12038161216728344,0.020877946429561645,0.035628819491964336,0.20406612492862092,-0.014655835895277192,0.0008147485466730017,-0.448,-0.119,0.036,0.357
straight,linoleum,0.1,0,2.599609613418579,0.14175639176011662,0.021974870705279703,0.58096893981613,0.22424077172376938,-0.015574577144869928,0.0005062877303588492,-0.325,0.01,0.015,0.55
straight,linoleum,0.1,0,2.799595594406128,0.16557420014721028,0.028211006702376085,0.026546103735401005,0.24395038583521028,-0.016027504151513022,0.0005962945101377066,-0.34,0.01,-0.021,0.479
straight,linoleum,0.1,0,2.999962329864502,0.19064106079374085,0.03120161933110377,0.024686675128717805,0.2639802817240631,-0.016745874396216193,0.0012591575066173157,-0.386,0.024,0.014,0.399
straight,linoleum,0.1,0,3.2000138759613037,0.21282559231110892,0.03723342550771813,0.05250708694198675,0.28434104956680767,-0.017468471907991112,0.0007688075597998651,-0.335,-0.012,0.007,0.48
straight,linoleum,0.1,0,3.399613857269287,0.23567876379389072,0.03834330048350909,0.02732978568957256,0.30485407563503314,-0.01831262437739703,0.001081018846433226,-0.188,-0.148,0.007,0.327
straight,linoleum,0.1,0,3.5995943546295166,0.25764926837592106,0.04494858232426402,0.08401066381233108,0.3258910133617779,-0.018958839088279805,0.0010107009711980836,-0.214,-0.102,0.081,0.32
straight,linoleum,0.1,0,3.800189733505249,0.28249619693604255,0.048197355008481824,0.07994823669962911,0.3463632467866507,-0.019453702883160562,0.0011832141757619251,-0.213,0.028,-0.044,0.317
straight,linoleum,0.1,0,3.9996378421783447,0.305682547490558,0.04856452705449055,0.07208245879992081,0.3657657705606921,-0.01994277205883116,0.0015863702427109906,-0.358,0.015,-0.035,0.451
straight,linoleum,0.1,0,4.199635982513428,0.3280447303549436,0.05118757619726044,0.06050772177900976,0.38593644988155335,-0.020228843532387464,0.0013885424643048227,-0.194,-0.05,0.054,0.333
straight,linoleum,0.1,0,4.399617671966553,0.3517658849069312,0.055080394328247684,0.10565296582809161,0.4059784716561064,-0.02058028288275157,0.0016876280856864127,-0.244,-0.047,-0.113,0.336
straight,linoleum,0.1,0,4.599612712860107,0.3738884129858803,0.06347227165306218,0.6071286814538792,0.42597378175506323,-0.020890102308691816,0.0015863702427110725,-0.265,-0.06,0.01,0.357
straight,linoleum,0.1,0,4.800030946731567,0.3961081053539345,0.06567964957544681,0.6083903370745147,0.44613167996749065,-0.021115601155489855,0.001435421079167376,-0.265,0.0,-0.001,0.379
straight,linoleum,0.1,0,4.999598264694214,0.4205913745241325,0.06999862462343864,0.08733144080849087,0.46602146324983834,-0.021670848283311644,0.0016632511962408195,-0.211,0.072,-0.06,0.362
straight,linoleum,0.1,-3.141592653589793,5.1995954513549805,0.4433536919472977,0.0698213379631657,0.08874680306289112,0.48596851514151246,-0.02191881774699944,0.001542304334210507,-0.239,-0.041,0.004,0.333
straight,linoleum,0.1,-3.141592653589793,5.399604320526123,0.4645578290565813,0.07664005843371707,0.6283234210766314,0.48337580834890276,-0.022025953983644986,0.0018863935210029895,0.299,-0.618,0.563,-0.319
straight,linoleum,0.1,-3.141592653589793,5.599602222442627,0.4896492694620821,0.07374414230990889,0.5307113807446651,0.4671254482390807,-0.022186465688819657,0.0019492109091313189,0.161,-0.415,0.409,-0.055
straight,linoleum,0.1,-3.141592653589793,5.799612045288086,0.5098696937980385,0.08289033274011887,0.590419826610207,0.448665458463599,-0.02286122797404433,0.0019042074067303191,0.051,-0.351,0.346,-0.024
straight,linoleum,0.1,-3.141592653589793,5.999600172042847,0.5320269228195522,0.0878038055783974,0.05422478153105975,0.42968557697885085,-0.02297536409016601,0.0019435854712066731,0.115,-0.364,0.334,0.003
straight,linoleum,0.1,-3.141592653589793,6.1995885372161865,0.5541876089298995,0.08985125033270291,0.05286949346816716,0.4108943132603737,-0.023002794883784705,0.0019201461469018546,0.087,-0.368,0.361,-0.072
straight,linoleum,0.1,-3.141592653589793,6.399604558944702,0.5557894002849999,0.0877368654860014,0.06449800375463866,0.3917677843492619,-0.023445448759261994,0.0018938941044222219,0.102,-0.326,0.334,-0.091
straight,linoleum,0.1,-3.141592653589793,6.599607706069946,0.537693242758686,0.08761452015697313,0.09822567623438572,0.3723750817070542,-0.02349987927744604,0.001935147314385781,0.141,-0.379,0.361,-0.032
straight,linoleum,0.1,-3.141592653589793,6.800004720687866,0.5143914161884504,0.08557600640438934,0.6045368277216021,0.3528504895730706,-0.023777870145234803,0.0020082780094213635,0.043,-0.279,0.24,-0.022
straight,linoleum,0.1,-3.141592653589793,7.000272512435913,0.49497689610948015,0.07927276738910943,0.07932289546863647,0.3323550205954546,-0.024021013136716673,0.0018985819690924325,0.059,-0.258,0.316,-0.014
straight,linoleum,0.1,-3.141592653589793,7.199591875076294,0.4729210579897171,0.07983143756043493,0.03844669605810924,0.31309523678984436,-0.023712072014788227,0.002075783271361701,0.178,-0.389,0.392,-0.203
straight,linoleum,0.1,-3.141592653589793,7.400059700012207,0.45375192197161346,0.07062292297811118,0.5109524489008594,0.29436630390029855,-0.024032202813251496,0.002332678334202175,0.171,-0.379,0.427,-0.154
straight,linoleum,0.1,-3.141592653589793,7.5999696254730225,0.4307691899715249,0.07086458048805538,0.13278519559101917,0.27457743281995634,-0.02401993016263329,0.00234299164075524,0.127,-0.358,0.341,-0.039
straight,linoleum,0.1,-3.141592653589793,7.799987316131592,0.40843650885784344,0.06968929427290793,0.0471693921980188,0.2545691775299715,-0.02442152547001261,0.0023186147344813187,0.129,-0.326,0.201,-0.102
straight,linoleum,0.1,-3.141592653589793,8.000094413757324,0.38539314087718246,0.05990503504268535,0.0968610056267667,0.23400328552421462,-0.024603405401636053,0.002493940953873108,0.058,-0.303,0.29,-0.017
straight,linoleum,0.1,-3.141592653589793,8.199616193771362,0.3641624285785413,0.060600651122343474,0.05406671450653766,0.21369894300789233,-0.024603924743616362,0.0024761270590446037,0.066,-0.213,0.333,-0.073
straight,linoleum,0.1,-3.141592653589793,8.39998483657837,0.34184883801970906,0.06282733625716053,0.07066564061988198,0.19334158185031264,-0.024967797387500518,0.0027799008650913285,0.084,-0.273,0.303,-0.049
straight,linoleum,0.1,-3.141592653589793,8.600219249725342,0.32055718833820523,0.05555027177201238,0.06441386475513516,0.17321052030421608,-0.024961380616483314,0.0027527112328483744,0.02,-0.263,0.296,-0.101
straight,linoleum,0.1,-3.141592653589793,8.799964427947998,0.2981351637828827,0.0536225518623733,0.07394235624126119,0.1529599704919184,-0.025463911792357602,0.0026345769714882145,0.115,-0.206,0.318,-0.116
straight,linoleum,0.1,-3.141592653589793,8.999987363815308,0.2751624696858527,0.04661533627765507,0.11080692058230962,0.13270897335797144,-0.02556766657897544,0.0026167630754043154,0.049,-0.236,0.281,-0.076
straight,linoleum,0.1,-3.141592653589793,9.199602842330933,0.2519022173897422,0.04676934095805113,0.07037620964078684,0.1126175753222684,-0.025588945130779278,0.0024817524994971392,0.078,-0.19,0.305,-0.099
straight,linoleum,0.1,-3.141592653589793,9.39992880821228,0.2268011651211377,0.044621305328570726,0.06763846750913519,0.09244868582580995,-0.02580715832085831,0.0024601883111961906,0.144,-0.233,0.284,-0.084
straight,linoleum,0.1,-3.141592653589793,9.60012674331665,0.204229687842688,0.041603733808846965,0.0693415044636008,0.07259982844814422,-0.02584848074089005,0.002403933908263304,0.108,-0.267,0.335,-0.114
straight,linoleum,0.1,-3.141592653589793,9.799925088882446,0.18051044504150413,0.03890792076874117,0.026385087294152343,0.052536907320224036,-0.026162769411659292,0.0024751894856376282,0.058,-0.249,0.265,-0.062
straight,linoleum,0.2,0,0.1999647617340088,0.0,0.0,0.0,0.0,0.0,0.0,0.005,-0.136,0.178,-0.008
straight,linoleum,0.2,0,0.39995574951171875,0.0,0.0,0.0,0.018548762832866827,0.0004800552518174628,-6.563012334856249e-05,-0.535,0.392,-0.311,0.541
straight,linoleum,0.2,0,0.5999643802642822,0.0,0.0,0.0,0.056308006164448365,9.515063139811653e-05,-0.00015751228927013937,-0.332,0.137,-0.066,0.264
straight,linoleum,0.2,0,0.7999601364135742,0.0,0.0,0.0,0.09605875369961225,-8.197959714056902e-05,-3.937807447209154e-05,-0.212,0.134,-0.042,0.337
straight,linoleum,0.2,0,0.9999599456787109,0.0,0.0,0.0,0.13608813219998195,-0.00028498062162390925,3.1877489838741434e-05,-0.229,0.176,-0.078,0.342
straight,linoleum,0.2,0,1.1999609470367432,0.0,0.0,0.0,0.1760092997390721,-0.00044003726349925443,-2.0626610608111425e-05,-0.255,0.131,-0.064,0.219
straight,linoleum,0.2,0,1.3999722003936768,0.02143722785591823,-0.0016630707219228436,0.04204525200390019,0.21591165622328723,-0.0006192365662528454,4.3128368808042074e-05,-0.187,0.151,-0.065,0.214
straight,linoleum,0.2,0,1.5999689102172852,0.06283961283275616,0.0006989374310638619,0.06047214733219425,0.2591548780915581,-0.0009669578206523699,0.00012000937779442337,-0.188,0.094,-0.056,0.163
straight,linoleum,0.2,0,1.7999615669250488,0.10849911357407978,0.008935654511460722,0.05572301872759611,0.2999531844177722,-0.0011500158158367635,5.7191967665238034e-05,-0.183,0.094,0.025,0.152
straight,linoleum,0.2,0,1.999983549118042,0.1537495673595873,0.014858582820794441,0.05292266780202784,0.3370834026623094,-0.0012903377750722311,0.0001546995906268854,-0.358,0.201,-0.027,0.192
straight,linoleum,0.2,0,2.19997239112854,0.2027524627687901,0.020447102895172486,0.06480977144698358,0.38033929301771785,-0.0013911210702217958,0.000380654779609756,-0.274,0.164,-0.077,0.187
straight,linoleum,0.2,0,2.3999650478363037,0.24908333783725733,0.02569766295327125,0.09882484021368224,0.420579637444945,-0.0015481949045995091,0.000525041096504519,-0.205,0.112,-0.033,0.202
straight,linoleum,0.2,0,2.5999512672424316,0.2937806365192826,0.028829456107718643,0.5179717325514367,0.46040277054656364,-0.0016657042055214788,0.0005400422727387473,-0.191,0.125,-0.05,0.32
straight,linoleum,0.2,0,2.799964666366577,0.3385523797603023,0.04020420165784366,0.6244824802298037,0.5004352604994774,-0.0018184621297195613,0.0005981718312968903,-0.237,0.09,-0.051,0.296
straight,linoleum,0.2,0,2.999948501586914,0.4299721917076364,0.05033294882328593,0.06664582611621633,0.540207199449082,-0.0018529181881704604,0.0008278773517419284,-0.269,0.185,-0.128,0.07
straight,linoleum,0.2,0,3.200009346008301,0.47763066541298216,0.056838341337621834,0.09119056991192767,0.5805407793282092,-0.0020709403007670435,0.0008175640425331853,-0.26,0.151,-0.077,0.136
straight,linoleum,0.2,0,3.399949312210083,0.47763066541298216,0.056838341337621834,0.09119056991192767,0.6206216892785666,-0.00208474804729028,0.0005972342577641471,-0.21,0.136,-0.021,0.161
straight,linoleum,0.2,0,3.599947214126587,0.5632843398278716,0.07358974814596658,0.6168883030334209,0.6607285479163983,-0.0022089627940836687,0.0006600516849256678,-0.265,0.069,-0.08,0.17
straight,linoleum,0.2,0,3.799954891204834,0.5632843398278716,0.07358974814596658,0.6168883030334209,0.7004788502394387,-0.002172596056732312,0.0007322448484470179,-0.246,0.159,-0.074,0.222
straight,linoleum,0.2,0,3.999951124191284,0.6554120507807569,0.08551406994837712,0.031739960280217305,0.7402291078249016,-0.002285717301237805,0.0007875616885011658,-0.233,0.269,-0.095,0.166
straight,linoleum,0.2,-3.141592653589793,4.199969291687012,0.6554120507807569,0.08551406994837712,0.031739960280217305,0.7802356791952535,-0.0023113864229925563,0.0008888196334653845,-0.282,0.216,-0.072,0.17
straight,linoleum,0.2,-3.141592653589793,4.400102138519287,0.7381066647702277,0.10281763239783676,0.6361858382291857,0.7738539117845845,-0.0027462778962658585,0.0012169703737240827,0.616,-0.812,0.802,-0.688
straight,linoleum,0.2,-3.141592653589793,4.599995374679565,0.7381066647702277,0.10281763239783676,0.6361858382291857,0.7389124237741665,-0.0028206456093332055,0.0012807253713387507,0.122,-0.234,0.341,-0.219
straight,linoleum,0.2,-3.141592653589793,4.79997181892395,0.8182716786261162,0.11978130114399371,0.6787865700761314,0.697900468842595,-0.0032287412311272357,0.0011522778011361806,0.123,-0.148,0.231,-0.212
straight,linoleum,0.2,-3.141592653589793,4.999963283538818,0.8182716786261162,0.11978130114399371,0.6787865700761314,0.6538339676000634,-0.003652891538692804,0.0011579032422830066,0.108,-0.184,0.337,-0.193
straight,linoleum,0.2,-3.141592653589793,5.200101852416992,0.8554017954736837,0.12974268437943798,-0.04181586484088895,0.6171209786891193,-0.003939701710831051,0.001129776036457834,0.196,-0.156,0.28,-0.217
straight,linoleum,0.2,-3.141592653589793,5.400041580200195,0.8728333794286748,0.12917881087844058,-0.009861003255428158,0.5769095103452956,-0.004185963474623244,0.0011185251540669664,0.237,-0.285,0.344,-0.294
straight,linoleum,0.2,-3.141592653589793,5.5999767780303955,0.8304832546019206,0.12117945381154971,0.6519021074329259,0.5331692420401579,-0.00441045175442023,0.0011691541245485387,0.149,-0.157,0.168,-0.337
straight,linoleum,0.2,-3.141592653589793,5.800255060195923,0.786582217262742,0.11523593702527946,-0.04350771315624058,0.4934558792819055,-0.0045655382186119975,0.0012554108871816261,0.148,-0.164,0.364,-0.306
straight,linoleum,0.2,-3.141592653589793,5.999984264373779,0.7487652210054644,0.10429096375057301,0.03478549839981865,0.4531346834349723,-0.0047730904114361705,0.0012629114751070642,0.207,-0.187,0.29,-0.26
straight,linoleum,0.2,-3.141592653589793,6.2000439167022705,0.6601522904766343,0.0882788404024471,0.0306010999148571,0.4131716739978446,-0.00512742250699097,0.00112602574233125,0.217,-0.2,0.266,-0.178
straight,linoleum,0.2,-3.141592653589793,6.399988889694214,0.6601522904766343,0.0882788404024471,0.0306010999148571,0.376428335641963,-0.005357179575792126,0.0009647630920559859,0.209,-0.268,0.364,-0.342
straight,linoleum,0.2,-3.141592653589793,6.600034952163696,0.6145590793237841,0.08348420541598811,0.010428891845642718,0.34014696744978357,-0.005504350438566424,0.0009460116208379443,0.18,-0.105,0.26,-0.24
straight,linoleum,0.2,-3.141592653589793,6.799999952316284,0.5714427461405843,0.07675471000759565,0.020480198343523326,0.29626793602880275,-0.005456153439706457,0.0009497619150840486,0.213,-0.123,0.287,-0.413
straight,linoleum,0.2,-3.141592653589793,6.999957799911499,0.48818496669116496,0.058541831554644264,0.09719333389148288,0.2537115798608707,-0.00560901205660827,0.0010772719183651228,0.239,-0.261,0.358,-0.347
straight,linoleum,0.2,-3.141592653589793,7.200687408447266,0.4422181866774215,0.05462298111162733,0.05926338381005236,0.22045159784409551,-0.0058855008644649875,0.0011719668451089177,0.234,-0.164,0.281,-0.219
straight,linoleum,0.2,-3.141592653589793,7.399968862533569,0.4422181866774215,0.05462298111162733,0.05926338381005236,0.17331675118142476,-0.006038474398921606,0.0010219550790172244,0.073,-0.063,0.297,-0.247
straight,linoleum,0.2,-3.141592653589793,7.599975109100342,0.39619506236545277,0.044738665287667845,0.5356563901036001,0.13266987926119944,-0.006273590050597355,0.0009647630920559584,0.193,-0.083,0.279,-0.295
straight,linoleum,0.2,-3.141592653589793,7.800003290176392,0.3497689672348452,0.04219940258938504,0.12009376873426048,0.09585497695838041,-0.006264284343362264,0.0008194391896617523,0.134,-0.11,0.275,-0.295
straight,linoleum,0.2,-3.141592653589793,7.999978303909302,0.30534063668026323,0.03956935586585336,0.05121976114854415,0.05211746040116799,-0.0063753876480427685,0.0006150481549240935,0.123,-0.114,0.334,-0.251
straight,linoleum,0.2,-3.141592653589793,0.20024585723876953,0.0,0.0,0.0,0.0,0.0,0.0,0.0,0.015,0.082,-0.086
straight,linoleum,0.2,-3.141592653589793,0.40019655227661133,0.0012239670327220398,0.0022904897214269804,-0.6571147393171799,-0.02237923573742534,-6.99639149240594e-05,0.0002503321322023931,0.487,-0.43,0.546,-0.562
straight,linoleum,0.2,-3.141592653589793,0.5999932289123535,0.0012239670327220398,0.0022904897214269804,-0.6571147393171799,-0.06166318955536665,-0.00011159423381182365,0.00012188455663898561,0.266,-0.106,0.15,-0.335
straight,linoleum,0.2,-3.141592653589793,0.8003652095794678,0.0,0.0,0.0,-0.10240396183530065,-0.0001027518829132823,0.00011157124781847985,0.14,-0.034,0.307,-0.295
straight,linoleum,0.2,-3.141592653589793,1.0002140998840332,0.0,0.0,0.0,-0.13639826308864555,-7.268887802003299e-05,6.281742472831752e-05,0.158,-0.156,0.24,-0.235
straight,linoleum,0.2,-3.141592653589793,1.2002441883087158,-0.008143639358469151,0.0009528376720326914,-0.6323985720561778,-0.17688072039414182,-0.00022682798413109495,-0.0001087585225785008,0.196,-0.173,0.263,-0.089
straight,linoleum,0.2,-3.141592653589793,1.4002342224121094,-0.050811251024431764,-0.0016193089107116032,-0.6323492773208786,-0.21695305158432157,-0.0002628014972952397,-0.00017532623613377546,0.189,-0.161,0.269,-0.357
straight,linoleum,0.2,-3.141592653589793,1.6000447273254395,-0.09863533011082357,-0.008075790956581286,0.01890784111514221,-0.2572403359773375,-0.0001437802365656382,-0.00015376204749748977,0.171,-0.107,0.368,-0.217
straight,linoleum,0.2,-3.141592653589793,1.8002376556396484,-0.14557682867237084,-0.009246181423262279,-0.6615844671974382,-0.29795435906103446,-7.899300208755178e-05,-0.00012750999142366554,0.14,-0.068,0.272,-0.271
straight,linoleum,0.2,-3.141592653589793,2.0003600120544434,-0.19060930954191094,-0.012213491710931557,-0.6877773759642535,-0.3383694947961661,-1.9804229600128842e-05,-0.000103133081890194,0.129,-0.085,0.268,-0.373
straight,linoleum,0.2,-3.141592653589793,2.200061321258545,-0.2361739106201017,-0.015614478968339895,0.09787221184253442,-0.3785385571403113,-9.164248751419857e-05,1.2188455430498814e-05,0.157,-0.105,0.259,-0.223
straight,linoleum,0.2,-3.141592653589793,2.4002397060394287,-0.28509572651459847,-0.021229849977912774,-0.6927923321382635,-0.4189768126252426,-5.0612943540501165e-05,4.6878674664420665e-06,0.094,-0.072,0.272,-0.277
straight,linoleum,0.2,-3.141592653589793,2.600050926208496,-0.32611940443686327,-0.02062972670368246,-0.7337013273062822,-0.4593529925597682,-1.0656430238703551e-05,3.469021944985009e-05,0.177,-0.08,0.298,-0.256
straight,linoleum,0.2,-3.141592653589793,2.800342321395874,-0.37707905029013633,-0.02580697492926154,-0.7419288272397377,-0.4994908609933551,9.067072913729324e-05,-0.00022970549323628338,0.207,-0.066,0.209,-0.216
straight,linoleum,0.2,-3.141592653589793,3.0002822875976562,-0.41852998893582705,-0.026406287943236406,-0.781414604657965,-0.5425764752212872,8.535059586969873e-05,-0.00019314013089502123,0.136,-0.127,0.251,-0.261
straight,linoleum,0.2,-3.141592653589793,3.2002503871917725,-0.4714065531648113,-0.035505353085181546,-0.7353098050236828,-0.5829814597289948,0.00018683934155289128,-0.0001875146904639582,0.132,-0.093,0.285,-0.231
straight,linoleum,0.2,-3.141592653589793,3.4002444744110107,-0.5089412735007331,-0.032287634390171016,-0.7812118409653441,-0.6227808759405017,0.00018545246307649643,-0.0001772013829593553,0.189,-0.18,0.284,-0.166
straight,linoleum,0.2,-3.141592653589793,3.600078582763672,-0.5585126715519898,-0.03642552200930249,-0.7883836562211954,-0.6627203490819964,0.00015265543450226904,-0.00013313543204175864,0.103,-0.105,0.319,-0.297
straight,linoleum,0.2,-3.141592653589793,3.8002848625183105,-0.6007399998382323,-0.038017298011300715,-0.7844616212772207,-0.702450987001263,0.00030723447604366627,-0.00022876791985309468,0.179,-0.067,0.274,-0.218
straight,linoleum,0.2,0,4.0002381801605225,-0.6456542700111007,-0.04085837343588128,-0.8193211107830353,-0.7421585519247571,0.00041507818117911266,-0.00031689981536412695,0.181,-0.153,0.28,-0.291
straight,linoleum,0.2,0,4.20031476020813,-0.6884234229466463,-0.04234833551774908,0.7327583840262247,-0.7421873009925914,0.00010696947404617574,-0.0007453707480747172,-0.786,0.787,-0.542,0.688
straight,linoleum,0.2,0,4.400293588638306,-0.7391631156550109,-0.04925362009550038,0.16671392246792638,-0.705007368395498,0.00027592282532290513,-0.0005934839165184884,-0.2,0.278,-0.094,0.119
straight,linoleum,0.2,0,4.600311517715454,-0.7885491736529747,-0.051680379420331435,0.16508725885219033,-0.6607953250280092,0.00036688675986476516,-0.0004162825844962158,-0.13,0.245,-0.11,0.055
straight,linoleum,0.2,0,4.800283670425415,-0.8382922756996368,-0.058414162129943215,-0.7873739426774792,-0.6199380812846663,0.0004956948473803513,-0.0003806548002045513,-0.183,0.271,-0.053,0.145
straight,linoleum,0.2,0,5.000296592712402,-0.8461336001936363,-0.04955820282581158,-1.577589571479539,-0.5795951462147652,0.0005107529272961597,-0.0003112743753828257,-0.174,0.3,-0.048,0.208
straight,linoleum,0.2,0,5.200074911117554,-0.8185442374937225,-0.05342486055162976,0.1619872757208764,-0.5393488866113956,0.0004889527979118624,-0.00042940861003106586,-0.192,0.274,-0.069,0.079
straight,linoleum,0.2,0,5.400301456451416,-0.7735064706683311,-0.04993651990392145,0.16023442192974563,-0.4990895211244127,0.0005417248293473065,-0.00023439336014384634,-0.201,0.214,-0.088,0.145
straight,linoleum,0.2,0,5.600276947021484,-0.7193790631753914,-0.045986667564323014,-0.8257957460254092,-0.4589657959473375,0.0006993944950595687,-0.00019501527770125965,-0.204,0.244,-0.129,0.179
straight,linoleum,0.2,0,5.80029821395874,-0.6749335715141652,-0.04361592187281804,-0.7901798869145191,-0.4189122177808645,0.0007624718588020718,-0.0001265724179857011,-0.221,0.31,-0.087,0.147
straight,linoleum,0.2,0,6.000234365463257,-0.6321327217024889,-0.04132364235660291,0.17502625697975321,-0.37910914969708776,0.0008564667038669926,6.46925717564835e-05,-0.237,0.256,-0.183,0.129
straight,linoleum,0.2,0,6.200361728668213,-0.5855692370312943,-0.03751856974310286,0.15741144453268874,-0.33918706771650287,0.0008247163248099876,0.0001368857331564463,-0.219,0.238,-0.056,0.169
straight,linoleum,0.2,0,6.400028467178345,-0.5403561369475932,-0.03467210349701422,-1.4007920510483034,-0.29906651890270175,0.0007754896634194486,8.438161562037544e-05,-0.19,0.208,-0.156,0.115
straight,linoleum,0.2,0,6.600375413894653,-0.4985024740757117,-0.03736405172133972,-0.7377975736013211,-0.25911110523307096,0.0008987795163354628,-0.00015094932722160663,-0.263,0.284,-0.072,0.143
straight,linoleum,0.2,0,6.800246000289917,-0.450705997156409,-0.03197580444214876,0.13708420882696615,-0.21958716221169663,0.001062459642469843,-0.00013126028517090914,-0.204,0.361,-0.07,0.168
straight,linoleum,0.2,0,7.000278949737549,-0.4078085971642059,-0.03259808140800324,-0.7369147830432873,-0.17905294815444212,0.0009625353151051785,9.375734925925615e-07,-0.171,0.242,-0.105,0.168
straight,linoleum,0.2,0,7.200070381164551,-0.3647274406067441,-0.029446412045949222,0.09462898726518709,-0.13801686216452697,0.0010216625480835018,7.031801284778196e-05,-0.167,0.169,-0.047,0.143
straight,linoleum,0.2,0,7.400317668914795,-0.31908647947968605,-0.028277316846059608,-0.7207879808728324,-0.09820818690394822,0.0009201295864774972,-2.5314484166727457e-05,-0.225,0.305,-0.082,0.109
straight,linoleum,0.2,0,7.600243330001831,-0.27598047074231014,-0.02513904915180587,-0.688036598076518,-0.05831990022817113,0.0010694819578694337,0.00018657713076484538,-0.288,0.234,-0.149,0.206
straight,linoleum,0.2,0,7.8004090785980225,-0.22418852565899836,-0.018863314020804767,0.09893409312044171,-0.018953704094988588,0.0010189212696082306,0.00012750999782602904,-0.221,0.269,-0.06,0.133
square,linoleum,0.2,0,0.20001482963562012,-0.003941706101446285,-0.001878010461741908,1.304297578269569,-7.270251828755958e-07,-7.168019140468829e-07,-9.375676911092985e-07,-0.563,-0.522,0.658,0.614
square,linoleum,0.2,0,0.4002506732940674,0.0,0.0,0.0,0.007307556955547495,-0.0001971139296756963,-6.37545958650813e-05,-1.637,0.837,-0.624,1.633
square,linoleum,0.2,0,0.6002447605133057,0.0,0.0,0.0,0.03619632028637734,-0.0028748218833026806,-0.0006066056087592072,-0.585,0.043,0.036,0.747
square,linoleum,0.2,0,0.8003273010253906,0.0,0.0,0.0,0.0960946933660107,-0.00876653177102521,-0.00015938646212150173,-0.397,0.013,0.052,0.568
square,linoleum,0.2,0,1.0000028610229492,-0.00989109173034819,-0.006773874928966805,0.0592713382415751,0.1286907839769613,-0.011366040600358562,0.0003431499771660413,-0.472,0.03,0.034,0.531
square,linoleum,0.2,0,1.2002882957458496,0.0035027675413162873,-0.0014756489267804263,0.04814091727744435,0.1684312867672266,-0.014245411364002036,0.0010210128847552603,-0.411,-0.014,0.077,0.579
square,linoleum,0.2,0,1.4000627994537354,0.043249493202179745,0.0030632132394329825,0.047185657679434,0.20674794630679472,-0.016474987268582097,0.0013069720144141023,-0.415,-0.002,0.097,0.38
square,linoleum,0.2,0,1.6000053882598877,0.08566624591970962,0.0071728747025033845,0.07686706231441653,0.25388474102814645,-0.018951993570933745,0.0016351220588506834,-0.497,0.0,0.1,0.512
square,linoleum,0.2,0,1.8000025749206543,0.1323531366940589,0.01568040575458951,1.201711019286996,0.29423410152799906,-0.02037824254339382,0.0016294966276890971,-0.408,0.065,0.045,0.531
square,linoleum,0.2,0,1.9999423027038574,0.17505057662578355,0.01775715592629229,0.7708333185120537,0.33616135167347533,-0.0217988446876477,0.001516988017386289,-0.403,0.056,0.059,0.34
square,linoleum,0.2,0,2.1999716758728027,0.22128381495708255,0.0223324029903183,0.11854135575452152,0.3765422542076342,-0.023221744568704017,0.0015076123009968856,-0.408,0.006,-0.013,0.492
square,linoleum,0.2,0,2.399986505508423,0.26994614109048937,0.026028108415684648,0.7399840536681715,0.4181372741257604,-0.02463744264118478,0.0019529590120148255,-0.393,0.062,-0.031,0.322
square,linoleum,0.2,0,2.600097417831421,0.3190902715174459,0.03401375891807479,0.7330376398203848,0.4582350352546086,-0.02567257381804028,0.0021648504051376546,-0.401,0.018,0.011,0.372
square,linoleum,0.2,0,2.8000783920288086,0.3640769737324481,0.03821629632880519,0.19995929136647997,0.4984421825165992,-0.026421969483178875,0.00257925763563233,-0.315,0.002,0.008,0.344
square,linoleum,0.2,0,3.000215768814087,0.409198274409731,0.04318429415279801,0.20631696459425208,0.5373632709884038,-0.027144255955052377,0.0027573965451970564,-0.444,0.077,0.002,0.458
square,linoleum,0.2,0,3.200214385986328,0.45957313923923027,0.048935667716341225,0.19343535466305137,0.5791166829685312,-0.027787049117298013,0.0028539665963779174,-0.354,0.09,0.001,0.282
square,linoleum,0.2,0,3.4000518321990967,0.5054282965175834,0.051160678875193044,0.2812049954372744,0.6189565482899432,-0.028284416374344423,0.0029289724658289554,-0.316,0.045,-0.116,0.305
square,linoleum,0.2,0,3.60002064704895,0.552258941565067,0.05855048576468458,0.6816403532287627,0.6591839742130651,-0.028948670318043657,0.0029205343053365323,-0.309,0.076,0.024,0.308
square,linoleum,0.2,0,3.8003592491149902,0.5985505998752337,0.062458827565301245,0.28145168003077664,0.6972912786791258,-0.02954396278122562,0.0032074317828662316,-0.306,0.029,0.003,0.325
square,linoleum,0.2,1.5707963267948966,4.0002546310424805,0.6434727232365314,0.06785609328534509,0.2678522249470515,0.7398050046244036,-0.030216905243725833,0.003566522452210586,-0.28,0.095,-0.033,0.342
square,linoleum,0.2,1.5707963267948966,4.200042009353638,0.6891638379287368,0.07095765210879462,0.31874064966317994,0.7602544529497376,-0.01538191126960986,0.004127191410297805,1.46,0.81,-0.806,-1.715
square,linoleum,0.2,1.5707963267948966,4.400248289108276,0.7377901972979758,0.0795804851901411,0.25063852816786886,0.7617306259672667,0.011689759901242491,0.004827558540994096,0.929,0.897,-0.905,-1.008
square,linoleum,0.2,1.5707963267948966,4.600080490112305,0.7805797850709932,0.08741528571028456,0.22355200838246886,0.7613574408617781,0.0426699028378921,0.005940456411856707,0.521,1.136,-0.832,-1.044
square,linoleum,0.2,1.5707963267948966,4.800240993499756,0.8288721439845979,0.09083522383834125,0.6877385292154201,0.7609349435016602,0.07606022452570113,0.006177661770261715,0.822,0.67,-0.672,-1.109
square,linoleum,0.2,1.5707963267948966,5.000234127044678,0.8675354615568792,0.09339544748274281,0.6563462286068036,0.7607207518661531,0.11039013314209911,0.006687699649264224,0.689,0.877,-0.932,-0.877
square,linoleum,0.2,1.5707963267948966,5.200094223022461,0.8773039583787914,0.06758548305460632,0.25779899011102037,0.7602056127166252,0.1485010484017715,0.0073664987687104035,0.851,1.029,-0.837,-1.038
square,linoleum,0.2,1.5707963267948966,5.400009870529175,0.8784862032091743,0.034888603901127024,0.7067281227100317,0.7597734336119207,0.1852606612173475,0.008059359584957222,0.879,0.877,-0.978,-1.253
square,linoleum,0.2,1.5707963267948966,5.600234031677246,0.8840493273078247,-0.0052300482814015,0.2519356990263292,0.7588169743247435,0.22253634709207398,0.00800966868806185,0.819,0.875,-0.941,-1.072
square,linoleum,0.2,1.5707963267948966,5.80005145072937,0.8830425649505322,-0.035707258800399266,0.19620572081155446,0.758738375112663,0.2613907916942257,0.007973103681403122,0.783,0.854,-0.919,-0.833
square,linoleum,0.2,1.5707963267948966,6.000028848648071,0.8846571096108485,-0.07424574093485314,0.18919243004880087,0.7584391940115012,0.29410953852544935,0.008148428145718357,0.846,1.048,-0.818,-1.049
square,linoleum,0.2,1.5707963267948966,6.2002973556518555,0.8885856645219924,-0.1173075821452284,0.18564869138627843,0.758142300851251,0.33652567346101686,0.007967478295235812,0.832,1.073,-0.583,-0.786
square,linoleum,0.2,1.5707963267948966,6.400258302688599,0.8919516438164232,-0.16029044285236604,0.14884978754715045,0.7576869490579055,0.3797395830935024,0.0075812014528469345,0.916,0.904,-0.711,-1.124
square,linoleum,0.2,1.5707963267948966,6.600465297698975,0.893823150533014,-0.19869415520109834,0.1416546470414946,0.7568309593697616,0.4189283881070422,0.007546511511875362,0.803,0.769,-0.721,-1.098
square,linoleum,0.2,1.5707963267948966,6.8000648021698,0.8957174282130655,-0.2408777624664208,0.1084776989328497,0.7564534865843611,0.4589453124622576,0.0077218362984112585,0.747,0.831,-0.879,-0.895
square,linoleum,0.2,1.5707963267948966,7.000380039215088,0.8988802230502599,-0.2809889911998108,0.10978558931992127,0.7559706616883993,0.4980853084665899,0.008137177382151597,0.794,0.957,-0.819,-1.069
square,linoleum,0.2,1.5707963267948966,7.200035095214844,0.904092740621146,-0.3298868327983172,0.13780557680964284,0.755777300634687,0.5378420977125605,0.008255310370302719,0.805,1.084,-0.63,-1.025
square,linoleum,0.2,1.5707963267948966,7.400150299072266,0.9049703809595806,-0.367385727712919,0.0758396235071207,0.755618346518334,0.5783492384486876,0.00801998189398966,0.874,0.486,-0.411,-0.995
square,linoleum,0.2,1.5707963267948966,7.600219488143921,0.9060545428375721,-0.4010731006184013,0.07868863852612101,0.7549160613375708,0.6182363940972736,0.007927163023614087,0.75,0.8,-0.945,-0.834
square,linoleum,0.2,1.5707963267948966,7.800515413284302,0.9114134901621649,-0.45023691764448903,0.06992035412868541,0.7546808628471177,0.6616033165179309,0.007618704086262119,0.724,0.809,-0.919,-0.654
square,linoleum,0.2,-3.141592653589793,8.000034809112549,0.9137587053145887,-0.4876020445262901,0.04867676142839922,0.7543390065882272,0.7015701524785092,0.007580263886938429,0.809,0.853,-0.63,-0.991
square,linoleum,0.2,-3.141592653589793,8.20015001296997,0.9181832390522146,-0.5326932106502321,0.047006692131926375,0.733868440796219,0.7192180909612691,0.007055226444364076,0.646,-0.367,0.707,-0.791
square,linoleum,0.2,-3.141592653589793,8.400185823440552,0.9226837112583834,-0.5775886085870776,0.04950941711612372,0.6958991774497842,0.7241048120423136,0.00644486920896138,0.401,0.206,-0.016,-0.637
square,linoleum,0.2,-3.141592653589793,8.600389242172241,0.9249458956716001,-0.6132464682961489,0.021738849456744258,0.6559858850807228,0.7274313351223813,0.006085779869658846,0.492,0.069,-0.016,-0.575
square,linoleum,0.2,-3.141592653589793,8.8028244972229,0.9274044474609128,-0.6536266677117517,0.0019742533735301326,0.61177837624092,0.7302622001111938,0.0060182747860850795,0.438,0.142,-0.047,-0.675
square,linoleum,0.2,-3.141592653589793,9.000078439712524,0.9276931990165544,-0.7037574927032808,0.9059374494675436,0.5748543489565735,0.732567630380745,0.005763255482096888,0.492,0.042,0.089,-0.473
square,linoleum,0.2,-3.141592653589793,9.200141429901123,0.8898036328070316,-0.7141695133095096,0.005581761946384711,0.5356878070613258,0.7343618707147038,0.005597305341591452,0.411,0.118,0.126,-0.663
square,linoleum,0.2,-3.141592653589793,9.40056586265564,0.8417254784094019,-0.724793913839558,0.0147657763025279,0.49182133462181454,0.7363369318064356,0.005146333217775486,0.467,0.024,0.138,-0.469
square,linoleum,0.2,-3.141592653589793,9.60033631324768,0.7958312283737297,-0.7320783940358024,0.9096712474532859,0.4550733349455298,0.7378714985751851,0.005407915846718167,0.274,0.066,0.067,-0.618
square,linoleum,0.2,-3.141592653589793,9.800208568572998,0.751336001960709,-0.7404966046943335,0.02281640404490709,0.4144379773684892,0.7390283516605813,0.005240090446025143,0.295,0.108,-0.041,-0.602
square,linoleum,0.2,-3.141592653589793,10.00042176246643,0.7064281384357884,-0.7444432916608834,-7.35291879444544e-06,0.3714226232272411,0.7399287827940015,0.0053347852313791345,0.414,0.084,-0.014,-0.593
square,linoleum,0.2,-3.141592653589793,10.200149059295654,0.66169721502746,-0.7490342563257792,-0.013994932360986478,0.3335120844097619,0.740511555113861,0.00548948459817376,0.315,0.063,-0.014,-0.395
square,linoleum,0.2,-3.141592653589793,10.400086402893066,0.610909095859734,-0.7659526484163068,-0.012793586239421506,0.29366315450685915,0.7409259338214025,0.005599180484747177,0.491,0.031,0.027,-0.488
square,linoleum,0.2,-3.141592653589793,10.600332498550415,0.5699919199446343,-0.7676958472518303,1.5960725937672269,0.2536688786362475,0.7414996565786923,0.0057651306245860914,0.383,0.046,0.072,-0.522
square,linoleum,0.2,-3.141592653589793,10.800236463546753,0.5211741285257957,-0.7622637152369078,-0.024252407840221202,0.2134653425150152,0.7422586538740548,0.005293532059490782,0.333,0.045,0.105,-0.396
square,linoleum,0.2,-3.141592653589793,11.000171422958374,0.47505974808992846,-0.7718218433231523,-0.02906362159024961,0.17347231822110049,0.7428849621765893,0.005141645355985336,0.246,-0.019,0.115,-0.451
square,linoleum,0.2,-3.141592653589793,11.2001051902771,0.4274019707181542,-0.7863213996182881,0.0002538651501797773,0.1331994427643987,0.7434328842178262,0.005160396802933568,0.369,0.03,0.065,-0.502
square,linoleum,0.2,-3.141592653589793,11.400193452835083,0.38164284709080887,-0.7780477026030004,1.71882601683481,0.09479976189589981,0.7436257908660492,0.005202587556473147,0.375,0.079,0.083,-0.365
square,linoleum,0.2,-3.141592653589793,11.600306034088135,0.33343952292462553,-0.791434315795235,-0.029056885568659874,0.05317015103970718,0.7438366682718043,0.005242903162645768,0.273,0.008,0.093,-0.495
square,linoleum,0.2,-3.141592653589793,11.80019998550415,0.2880911870582309,-0.7966535899732157,-0.02618463687856354,0.013066252640408713,0.7441664396022221,0.005258841889907375,0.224,0.052,0.071,-0.465
square,linoleum,0.2,-1.5707963267948966,12.000052452087402,0.2413804459173991,-0.8022973355530232,0.9480188581590021,-0.030281216553718925,0.7444532939240998,0.0052119632790825245,0.397,-0.039,0.067,-0.444
square,linoleum,0.2,-1.5707963267948966,12.200113773345947,0.19705071434230825,-0.8050355673040035,1.767981823986341,-0.04651857866646475,0.729437008316379,0.004507846160181496,-1.26,-0.464,0.936,1.16
square,linoleum,0.2,-1.5707963267948966,12.400176525115967,0.14828312719613546,-0.8089981409606928,-0.05294376022092018,-0.04881287324875949,0.7016994139556074,0.003893735619022251,-0.899,-0.713,1.041,1.008
square,linoleum,0.2,-1.5707963267948966,12.600083112716675,0.10634384393153584,-0.8023083096158397,1.8122230016499175,-0.04867364643934734,0.6699985697160682,0.0026383247446529895,-0.796,-0.947,1.018,0.849
square,linoleum,0.2,-1.5707963267948966,12.800158739089966,0.06071032326043402,-0.8087962863679714,-0.06790891229853019,-0.04832760716739701,0.638061665717947,0.0023223626316908295,-0.693,-0.592,1.081,0.689
square,linoleum,0.2,-1.5707963267948966,13.000163078308105,0.014376339085351963,-0.8206173919531519,-0.0604458944331045,-0.048491730148432055,0.6019532234976321,0.001584493180587176,-0.916,-0.847,0.896,0.885
square,linoleum,0.2,-1.5707963267948966,13.200092077255249,0.007969125974348179,-0.7911218565109632,-0.06872860543858889,-0.04845987241383066,0.5650252956834516,0.0010622659929388806,-0.921,-0.788,0.851,0.93
square,linoleum,0.2,-1.5707963267948966,13.40005874633789,0.004696424820467726,-0.7536443970101541,-0.04949095846724261,-0.04839176456779543,0.5279827498545022,0.0002137655131673917,-0.799,-0.547,1.016,0.874
square,linoleum,0.2,-1.5707963267948966,13.600095272064209,0.00027909996657071723,-0.722056344062626,-0.05054078442478954,-0.048844603236708015,0.4904731208582483,0.000358151077943924,-0.779,-0.653,0.992,0.789
square,linoleum,0.2,-1.5707963267948966,13.80005669593811,-0.0023060358810460535,-0.6843028020183046,1.7340706196353601,-0.04916741961247453,0.4518949675703816,0.0005728544096321882,-0.909,-0.835,0.971,0.967
square,linoleum,0.2,-1.5707963267948966,13.999998092651367,-0.006085950634155068,-0.6435792915629128,-0.057369230670308524,-0.04930792842836282,0.40960574780283665,0.0006984887376452805,-0.885,-0.8,0.87,0.868
square,linoleum,0.2,-1.5707963267948966,14.200026750564575,-0.012795645603060679,-0.6117567384914013,1.6921583047727153,-0.04925199766542447,0.3731536776372132,0.0003150229151487197,-0.912,-0.418,0.96,0.744
square,linoleum,0.2,-1.5707963267948966,14.400005102157593,-0.016174354914357703,-0.5667896047719236,-0.04571846369176913,-0.049519234393133826,0.3341095160443429,0.00023251688136310912,-0.65,-0.869,1.008,0.659
square,linoleum,0.2,-1.5707963267948966,14.600029468536377,-0.02260551473223682,-0.527400784282678,-0.028756848478334374,-0.05017177988531953,0.29101069167725485,0.00022126606030572604,-0.793,-0.687,0.992,0.821
square,linoleum,0.2,-1.5707963267948966,14.800262212753296,-0.0232403634824645,-0.4809366435973067,-0.03471334574846213,-0.05051907387577277,0.2550600385340736,0.0001818881899218307,-0.791,-0.756,0.986,0.962
square,linoleum,0.2,-1.5707963267948966,15.000053405761719,-0.02767891530382116,-0.43891721083793345,-0.0384161817684196,-0.05106486123649659,0.21587380412631804,-0.00018376320696822726,-0.79,-0.785,0.592,1.125
square,linoleum,0.2,-1.5707963267948966,15.20017695426941,-0.029579256507002105,-0.39336291237596877,-0.042982572118662965,-0.05109551513106194,0.17511328839392265,-0.0005090987764555291,-0.898,-0.597,1.046,0.818
square,linoleum,0.2,-1.5707963267948966,15.400537014007568,-0.028475082621502668,-0.3452196469159541,-0.04477021158110778,-0.051448848080735216,0.1323425799029838,-8.063080997678437e-05,-0.781,-0.5,1.165,0.817
square,linoleum,0.2,-1.5707963267948966,15.60002589225769,-0.03939565636908715,-0.30538234422056165,-0.006112454208812013,-0.052010636162352165,0.09553210066911783,-8.90689166462965e-05,-0.723,-0.688,0.938,0.93
square,linoleum,0.2,-1.5707963267948966,15.800145626068115,-0.03895580113634867,-0.25718168128465246,-0.060744948836149615,-0.052224402555800874,0.055866008482452156,5.625406211952951e-06,-0.877,-0.822,0.959,0.877
square,linoleum,0.2,0,0.20006179809570312,-2.572803513389843e-05,-0.002063941459361951,0.590311365920904,0.0,0.0,0.0,0.502,0.602,-0.579,-0.679
square,linoleum,0.2,0,0.39980292320251465,-2.572803513389843e-05,-0.002063941459361951,0.590311365920904,0.015695948543601828,0.0010061227102877088,-0.00010594538176135829,-0.311,1.147,-1.212,0.133
square,linoleum,0.2,0,0.5996642112731934,0.0,0.0,0.0,0.05261811573465676,0.004078717376512903,-0.0001443857493471836,0.139,0.65,-0.606,-0.155
square,linoleum,0.2,0,0.799811601638794,0.00031142539050010853,-0.0009865832172262223,2.169409104748569,0.09337284330306911,0.007703505260607493,-0.000510038222316858,-0.012,0.596,-0.539,-0.149
square,linoleum,0.2,0,0.9998607635498047,0.0,0.0,0.0,0.13328621847243907,0.010393547290700737,-0.000856002011660268,0.015,0.635,-0.503,-0.037
square,linoleum,0.2,0,1.1998841762542725,-0.004553328934022494,-0.007647487025862043,0.6110210019530495,0.17353080880937483,0.013072696353345441,-0.0010969579689824442,-0.017,0.556,-0.56,0.01
square,linoleum,0.2,0,1.4004662036895752,0.03291576953791342,-0.008339814530981204,0.6296091083980887,0.2069070972841026,0.015137990118518903,-0.0014804250535390107,0.032,0.575,-0.461,-0.108
square,linoleum,0.2,0,1.6000487804412842,0.08162760992725471,-0.005216548964876555,0.6228177835241884,0.2498370853238288,0.01674384504477629,-0.001999840450050578,-0.01,0.267,-0.505,0.025
square,linoleum,0.2,0,1.7998650074005127,0.1259673840120782,-0.005848965735821721,0.6657750153669333,0.2912296327936162,0.01767202287158148,-0.0021292255561907924,-0.047,0.474,-0.293,-0.139
square,linoleum,0.2,0,1.9998416900634766,0.17413615929941784,-0.006400937346218494,0.6620161909829811,0.33490752269310764,0.019217924008328353,-0.0020701584407754442,0.023,0.441,-0.433,0.041
square,linoleum,0.2,0,2.1999926567077637,0.2203091611426245,-0.007446520148620905,0.659440234380466,0.3750855843332746,0.020305702084396828,-0.0020607827084325897,0.009,0.532,-0.468,-0.041
square,linoleum,0.2,0,2.399855375289917,0.2644911155136008,-0.005457578306050648,1.5163267563862484,0.41195002814078274,0.021351611091408384,-0.002090785052187176,0.023,0.495,-0.415,-0.009
square,linoleum,0.2,0,2.5998024940490723,0.3157610735355413,-0.0018692689873014423,0.6643751355955592,0.45547922588307665,0.022517170435903035,-0.0025717602071502707,-0.059,0.437,-0.356,0.098
square,linoleum,0.2,0,2.799771308898926,0.3584698906858114,-0.0007351990846237166,0.6903083076030165,0.4902406669330078,0.023055007030512702,-0.002662704839156062,-0.013,0.414,-0.374,0.068
square,linoleum,0.2,0,2.999821186065674,0.4095621164344444,0.0077942039063790824,0.661800945966621,0.5354946677092589,0.02366765768482498,-0.0026655175597694782,-0.047,0.323,-0.159,-0.033
square,linoleum,0.2,0,3.1998238563537598,0.4537859362443548,0.00566537483469598,0.7050626047871695,0.575383945614602,0.024223679566404515,-0.0024948791801550933,0.03,0.433,-0.397,0.001
square,linoleum,0.2,0,3.399841070175171,0.49937531323744794,0.008714646218228261,0.701353926870258,0.6159117545303866,0.025031886255791936,-0.00239455881938081,-0.065,0.421,-0.41,-0.09
square,linoleum,0.2,0,3.6001715660095215,0.5481049485936902,0.008429444751018034,0.7424792946826779,0.6556450894104767,0.02581843256691115,-0.0022267331811174477,-0.028,0.357,-0.311,-0.07
square,linoleum,0.2,0,3.799820899963379,0.5915264724341561,0.017899296686579302,0.7063020537620877,0.6952298143805963,0.026467751302266997,-0.0021151619570290107,-0.063,0.396,-0.334,-0.013
square,linoleum,0.2,-1.5707963267948966,4.000074863433838,0.6414316268332396,0.023730547151621706,0.725337770875476,0.7364680137041393,0.027082973643838635,-0.00232986625294738,-0.038,0.29,-0.112,-0.058
square,linoleum,0.2,-1.5707963267948966,4.200164079666138,0.6865793684098185,0.027761724611024996,0.7512626571443267,0.7546159831857254,0.010576193142058633,-0.0026945823395483465,-0.711,-1.293,1.443,0.822
square,linoleum,0.2,-1.5707963267948966,4.399809837341309,0.7325344906610577,0.02728077096291337,0.7744456062921514,0.7559315371014531,-0.0178490314065506,-0.003110864999454456,-0.919,-0.768,1.329,0.618
square,linoleum,0.2,-1.5707963267948966,4.5998148918151855,0.7777388379802724,0.03266367531485137,0.7727528002951842,0.7560714421075486,-0.04397094971407442,-0.003961244028360954,-0.821,-0.761,0.912,0.675
square,linoleum,0.2,-1.5707963267948966,4.7997941970825195,0.8230076439189187,0.036963710008231065,1.4342375138150185,0.7559094033183055,-0.0807526795800002,-0.004472221176547207,-0.661,-0.88,0.983,0.822
square,linoleum,0.2,-1.5707963267948966,5.0000550746917725,0.8620034266890406,0.0521398453874472,1.4805035115064744,0.7556162202477721,-0.11965317338914475,-0.00473380382360397,-0.742,-0.675,1.221,0.786
square,linoleum,0.2,-1.5707963267948966,5.20002818107605,0.8695609904987798,0.07327229850269812,0.7953561032587182,0.7554609588488401,-0.1561198543031421,-0.004884752893906941,-0.816,-0.704,0.775,0.802
square,linoleum,0.2,-1.5707963267948966,5.39983057975769,0.8676912295611245,0.10498972445271537,0.7663773185231688,0.7554194613667364,-0.1868528845541458,-0.005803572223329657,-0.749,-0.831,0.896,0.825
square,linoleum,0.2,-1.5707963267948966,5.600033283233643,0.8641339003167174,0.14433167064370478,0.8017904386300059,0.7548423628765628,-0.22703464612037294,-0.005640435070225234,-0.507,-0.916,1.014,0.846
square,linoleum,0.2,-1.5707963267948966,5.799792289733887,0.8628168545465151,0.18009342383952043,0.8034528649693251,0.7545325460296227,-0.26648450919457534,-0.005023513490261042,-0.724,-0.695,1.113,0.753
square,linoleum,0.2,-1.5707963267948966,5.999828577041626,0.8599478644789489,0.2190167860844583,0.8500064821425283,0.7542528981668795,-0.30866126926340665,-0.005016950489979905,-0.756,-0.906,0.698,0.779
square,linoleum,0.2,-1.5707963267948966,6.200007677078247,0.8581520605457371,0.2589981675703164,0.8572462117890167,0.7546085194041396,-0.34803464351649666,-0.0055213636536582695,-0.921,-0.482,0.909,0.704
square,linoleum,0.2,-1.5707963267948966,6.400042533874512,0.8555879946403375,0.296235511012297,1.2677303092262655,0.7546189202040143,-0.38112133690374844,-0.005718253376741462,-0.751,-0.809,1.081,0.772
square,linoleum,0.2,-1.5707963267948966,6.6000566482543945,0.8507571925532742,0.3429994131239589,0.8758843353652328,0.7543284623036202,-0.4244499251268497,-0.005713565527428744,-0.493,-1.01,1.047,0.8
square,linoleum,0.2,-1.5707963267948966,6.799778699874878,0.8471444640310777,0.3871737471262888,0.8634638449951741,0.7538642418732823,-0.4636316950147073,-0.005492298971477518,-0.696,-0.674,1.194,0.768
square,linoleum,0.2,-1.5707963267948966,6.999801874160767,0.8457466742212261,0.4308093706812266,0.9282117823215965,0.7534546914113045,-0.5075897922195837,-0.005850450701525928,-0.618,-0.734,0.627,0.792
square,linoleum,0.2,-1.5707963267948966,7.200072288513184,0.8428341005220957,0.4761719498164184,0.8943024222585537,0.7537976398435638,-0.5466527518904919,-0.006027651289777662,-0.915,-0.47,0.976,0.632
square,linoleum,0.2,-1.5707963267948966,7.399820804595947,0.8380759132149117,0.5217357104482279,0.926114296788006,0.7536349408947357,-0.586827200759705,-0.005790446248289137,-0.663,-0.827,0.93,0.828
square,linoleum,0.2,-1.5707963267948966,7.600249767303467,0.8365945434068729,0.5640195272399666,0.938705930602283,0.7531547492181154,-0.627011635176301,-0.005960146315034633,-0.65,-0.824,0.978,0.876
square,linoleum,0.2,-1.5707963267948966,7.7997987270355225,0.8337326480184236,0.6112034608871835,0.9618613822068942,0.7522005839045455,-0.6666288540271661,-0.00618141256753642,-0.639,-0.81,1.094,0.715
square,linoleum,0.2,-1.5707963267948966,7.9998133182525635,0.831959285822856,0.6547343590816552,1.0103516897080902,0.7518365742033088,-0.7065290350500448,-0.006319235110541658,-0.702,-0.803,0.656,0.976
square,linoleum,0.2,-3.141592653589793,8.199813604354858,0.8292199720617073,0.6984569803895828,1.0149253971886558,0.7524244847904166,-0.7461088209319601,-0.006126096019023824,-0.898,-0.676,0.98,0.727
square,linoleum,0.2,-3.141592653589793,8.400026559829712,0.8249989044081533,0.743466414546284,1.1490430950771404,0.733032335499299,-0.7634575347817579,-0.005369477226167596,0.321,-0.811,0.897,-0.341
square,linoleum,0.2,-3.141592653589793,8.600108623504639,0.8220089055898093,0.7865545634627732,0.9307781741453602,0.6917430696922773,-0.7684570002344119,-0.005286033423685505,0.052,-0.604,0.588,-0.034
square,linoleum,0.2,-3.141592653589793,8.79982328414917,0.8268340117910119,0.8322633703717386,1.0534037799014315,0.6518598841145051,-0.7714663137650595,-0.0050797677746134235,-0.041,-0.561,0.709,0.084
square,linoleum,0.2,-3.141592653589793,9.000014066696167,0.8236233821715624,0.8800185380549792,1.0184176514905325,0.6151551885125432,-0.77386442335395,-0.0048388118771262815,0.001,-0.299,0.485,0.019
square,linoleum,0.2,-3.141592653589793,9.19982385635376,0.8093393813695999,0.9122238749098335,1.1960348566447896,0.5709771929928581,-0.7761087988417251,-0.004969134342347449,-0.009,-0.412,0.373,-0.073
square,linoleum,0.2,-3.141592653589793,9.400226831436157,0.7771449678557524,0.9240594127771258,1.1388179528774403,0.5374118214022766,-0.7774688729420512,-0.004856625741265703,-0.026,-0.23,0.568,0.032
square,linoleum,0.2,-3.141592653589793,9.60002326965332,0.7292500584825696,0.9164506037379874,0.9488681565294965,0.49361610454582777,-0.779634264951799,-0.004521912512560053,0.013,-0.41,0.499,-0.054
square,linoleum,0.2,-3.141592653589793,9.800121307373047,0.6870542046895953,0.9158732478702837,1.1436036666482363,0.4498636219610947,-0.7812821389653837,-0.004500348348358332,0.005,-0.457,0.521,0.03
square,linoleum,0.2,-3.141592653589793,10.000081300735474,0.6371581354395364,0.9139429309782714,1.240516512863779,0.4100166133312765,-0.7825209015403188,-0.004326897436270654,-0.011,-0.388,0.487,-0.115
square,linoleum,0.2,-3.141592653589793,10.200188398361206,0.592849136060002,0.9132500730613693,1.2459583344817646,0.37376338580300145,-0.783705599301768,-0.003872174585239457,0.07,-0.407,0.622,-0.078
square,linoleum,0.2,-3.141592653589793,10.39996600151062,0.5475496216653555,0.9129420476391913,0.9181003393603893,0.32895537201352115,-0.7843878929365755,-0.003799981451997116,0.038,-0.348,0.418,-0.015
square,linoleum,0.2,-3.141592653589793,10.600170135498047,0.5027469517847853,0.9117168644751628,1.191896913823214,0.2886464823332509,-0.784735413181647,-0.0036930981034227358,0.023,-0.178,0.455,-0.113
square,linoleum,0.2,-3.141592653589793,10.79983377456665,0.45914580412652056,0.9094928238965432,1.3394000555499121,0.25354425492969357,-0.7854748641065029,-0.0036040286393529087,0.063,-0.454,0.495,-0.135
square,linoleum,0.2,-3.141592653589793,11.000142097473145,0.4140072936359445,0.9061220415885092,1.368465475710996,0.2087104693852239,-0.7861929931299613,-0.003466205352703847,-0.023,-0.325,0.618,-0.046
square,linoleum,0.2,-3.141592653589793,11.200086832046509,0.3640604114315346,0.9059827953359804,0.8720667528101681,0.16915714458884315,-0.7867853904104564,-0.003650907305388407,0.049,-0.263,0.418,-0.077
square,linoleum,0.2,-3.141592653589793,11.40002989768982,0.31930992600974406,0.9041402350834318,0.8259633226365511,0.13170746581193818,-0.7873105568774635,-0.0037568530844351434,0.092,-0.367,0.388,-0.093
square,linoleum,0.2,-3.141592653589793,11.60004997253418,0.27574858252913753,0.9021044888529034,0.8212088745256962,0.08855617302304652,-0.7878883651622918,-0.004086878807413806,0.104,-0.339,0.285,-0.07
square,linoleum,0.2,-3.141592653589793,11.799823760986328,0.2322237689149077,0.9001065266911598,0.8165981473815109,0.04865786400153312,-0.7882091057064462,-0.00393780470200686,0.047,-0.355,0.481,-0.128
square,linoleum,0.2,1.5707963267948966,12.000044822692871,0.18427302168961812,0.8982163865111846,1.398576046211957,0.015209289780823036,-0.788539865622572,-0.003938742275071989,0.089,-0.326,0.485,-0.051
square,linoleum,0.2,1.5707963267948966,12.20001769065857,0.14092952275665593,0.8962769003177007,1.4017686610997684,-0.008193264667212987,-0.7740328702872504,-0.003732476180324916,0.759,1.157,-1.495,-0.769
square,linoleum,0.2,1.5707963267948966,12.400035858154297,0.10284845484153349,0.8941006670812403,0.6860899213755529,-0.010129834681767202,-0.7466379234784246,-0.0021517273151679442,0.754,0.723,-0.846,-0.921
square,linoleum,0.2,1.5707963267948966,12.600015640258789,0.0560600004523627,0.8925568748355657,0.7190131817415395,-0.009887217813965224,-0.71440781230468,-0.0022286083278168526,0.92,0.947,-0.988,-1.111
square,linoleum,0.2,1.5707963267948966,12.799819946289062,0.011730519821554042,0.8924899359906812,1.5880258271224454,-0.009721474635092122,-0.6778783960868916,-0.001826389426136706,0.836,0.761,-0.334,-0.905
square,linoleum,0.2,1.5707963267948966,12.999788284301758,-0.02601048703168629,0.8862726869958634,1.4388214636314973,-0.009721671738687739,-0.6433433243868154,-0.0012610330981446991,0.965,0.836,-0.641,-0.929
square,linoleum,0.2,1.5707963267948966,13.200007438659668,-0.02606492941119598,0.8603680148359789,0.6275159602979261,-0.009662182078202748,-0.6070320198369972,-0.0009563221825707319,0.875,0.846,-1.018,-1.112
square,linoleum,0.2,1.5707963267948966,13.399874925613403,-0.029448450942838322,0.8255216132973563,0.6636210975581609,-0.00938116184869185,-0.5721006402170447,-0.0008550644400652481,0.952,0.938,-1.045,-1.042
square,linoleum,0.2,1.5707963267948966,13.60004472732544,-0.03436036882364368,0.7914516641700815,0.7065573039685811,-0.009802518165913649,-0.5305795375347312,-0.0001556365894149741,0.906,0.599,-0.511,-0.95
square,linoleum,0.2,1.5707963267948966,13.799866676330566,-0.02847849623442411,0.7526063329037201,0.64468685260847,-0.010079541021282766,-0.4928915745523868,0.0009375681931399296,0.668,0.784,-0.797,-0.931
square,linoleum,0.2,1.5707963267948966,14.000043630599976,-0.03338975396463484,0.7099457653192528,0.6858962244971205,-0.010512861699844271,-0.45435189514798296,0.0009535068255544046,0.802,0.8,-0.862,-1.022
square,linoleum,0.2,1.5707963267948966,14.200047254562378,-0.03386773038827928,0.6680918543446484,1.458510142147812,-0.0109932377877493,-0.4148042567431509,0.0007322410191100801,0.786,0.779,-0.952,-0.919
square,linoleum,0.2,1.5707963267948966,14.399805307388306,-0.029156565365940357,0.6283229499438079,0.6345331181171839,-0.011418103364540102,-0.37546209895805355,0.0008381861103391331,0.877,0.77,-0.311,-0.774
square,linoleum,0.2,1.5707963267948966,14.600044012069702,-0.03286658534394382,0.5857398516506599,1.4669305175832248,-0.012280786829071511,-0.3388760885096468,0.0012488401268659294,0.62,1.01,-0.912,-0.9
square,linoleum,0.2,1.5707963267948966,14.79984736442566,-0.02948369364212522,0.5439575976117733,1.5008833566990925,-0.012621422538083751,-0.29696013529067283,0.0011616465220676067,0.779,0.798,-0.745,-0.887
square,linoleum,0.2,1.5707963267948966,14.99980902671814,-0.027210988004586878,0.4957705988762645,1.4655849613154999,-0.012993568673831704,-0.2603458909065909,0.0009591322249962271,0.851,0.844,-0.946,-1.031
square,linoleum,0.2,1.5707963267948966,15.199912071228027,-0.029502103242579736,0.45135095306991524,0.668568563174072,-0.013552433993740912,-0.2168824606296493,0.001350097176626838,0.907,0.846,-1.155,-0.995
square,linoleum,0.2,1.5707963267948966,15.40003752708435,-0.030889414545373417,0.4063716580538516,0.6416413036558781,-0.01428446895587454,-0.17671209064256674,0.0015394852443550077,0.714,0.761,-0.659,-0.817
square,linoleum,0.2,1.5707963267948966,15.600058555603027,-0.02133929197264184,0.36823266673630384,1.5531398161205554,-0.015314161277209169,-0.13736616051167652,0.0019576385225467466,0.695,1.056,-0.808,-0.869
square,linoleum,0.2,1.5707963267948966,15.799871921539307,-0.02515466719828985,0.31976435345931,0.6563172700025866,-0.015554736994905278,-0.09766702301842546,0.0017785640122234408,0.758,0.887,-0.739,-0.908
square,linoleum,0.2,0,0.1999969482421875,-0.00651943290815471,-0.00660833955574458,0.052039240312529045,7.191430220045494e-07,7.247095379671331e-07,-9.375718223374272e-07,0.569,0.639,-0.624,-0.687
square,linoleum,0.2,0,0.40000247955322266,-0.006128170107666198,-0.006103078046114541,0.048249668276949875,0.021616872775943662,0.0014082829752350007,-0.00024283115624111726,-0.148,0.897,-1.185,0.139
square,linoleum,0.2,0,0.6000041961669922,-0.0050044123031913745,-0.005608860817974071,0.023055645524789614,0.06040188122886849,0.005304088535384778,-0.0005503549235080765,0.086,0.475,-0.4,-0.262
square,linoleum,0.2,0,0.7999968528747559,-0.00651943290815471,-0.00660833955574458,0.052039240312529045,0.09981645175568483,0.00885525836236905,-0.0004125317538610728,0.017,0.617,-0.466,-0.115
square,linoleum,0.2,0,1.0000026226043701,-0.006128170107666198,-0.006103078046114541,0.048249668276949875,0.13964433335274903,0.011818540167074894,-0.00035909012425546774,0.012,0.584,-0.524,-0.078
square,linoleum,0.2,0,1.2000353336334229,-0.006128170107666198,-0.006103078046114541,0.048249668276949875,0.1765228566341368,0.014449812321844998,-0.0005334786155614677,0.035,0.499,-0.483,-0.104
square,linoleum,0.2,0,1.3999900817871094,0.017248725052980696,-0.006126338523648078,0.05526322586518473,0.22060013542365348,0.01699139610419471,-0.0008325643497139655,0.029,0.631,-0.485,0.001
square,linoleum,0.2,0,1.6000072956085205,0.06401240599307412,-0.008375861381299421,0.04547459308391544,0.2609977366585252,0.018601562489417526,-0.0013379163162247757,0.037,0.482,-0.4,-0.168
square,linoleum,0.2,0,1.8000178337097168,0.1130024344687236,-0.005230468385969966,0.9305644113437119,0.29847144035945294,0.020029576898938604,-0.0015788726952424247,-0.033,0.324,-0.093,-0.083
square,linoleum,0.2,0,2.0000128746032715,0.16099778101480255,-0.00119879906422371,0.9368961404653227,0.3380284552570763,0.02109481640508863,-0.0018770210818453146,0.069,0.525,-0.499,0.032
square,linoleum,0.2,0,2.2000207901000977,0.20370527489843926,-0.006096164605169152,0.0652882482418507,0.37607502756369143,0.02221614899354791,-0.0021967336643153048,0.091,0.53,-0.458,-0.007
square,linoleum,0.2,0,2.399989128112793,0.25146017944074844,-4.7740916019223256e-05,0.059845139309615825,0.42239374743987346,0.023341384746898255,-0.002090787853958858,0.029,0.515,-0.39,-0.069
square,linoleum,0.2,0,2.599996328353882,0.29597436120072473,-0.0016141312725596046,0.1225638419489204,0.46231678165772083,0.024254594746227574,-0.0019745287325789135,0.023,0.51,-0.423,-0.092
square,linoleum,0.2,0,2.7999958992004395,0.34671391286217207,0.0010971899762006743,0.11853664462524932,0.5024096695557336,0.025294904909346737,-0.0021761070465686084,0.007,0.439,-0.407,-0.112
square,linoleum,0.2,0,3.0000059604644775,0.39214582458518515,0.003650706917738611,0.8783856752554118,0.5425749337152803,0.025978065981280277,-0.002471442695446664,-0.028,0.439,-0.238,0.074
square,linoleum,0.2,0,3.1999876499176025,0.43759887495672173,0.00620666004926107,0.8805999060801679,0.5828088782843409,0.026463701634761104,-0.002752714698356214,0.006,0.418,-0.171,-0.015
square,linoleum,0.2,0,3.400012731552124,0.4834644142686352,0.007107455408955521,0.13888044637983638,0.623034372928391,0.027032427363491415,-0.0026833342761704996,-0.054,0.511,-0.323,-0.023
square,linoleum,0.2,0,3.5999879837036133,0.5286173488299801,0.011029456435477036,0.8342630745693409,0.6628041824283492,0.027558520235897187,-0.002568012755743514,-0.044,0.51,-0.314,0.059
square,linoleum,0.2,0,3.8000197410583496,0.5745361998236563,0.015385373921824708,0.8503594184995851,0.7028793289082561,0.028100961692524355,-0.0023392448378850034,-0.038,0.374,-0.325,0.007
square,linoleum,0.2,0,3.9999938011169434,0.6236504787270833,0.016993002461186957,0.16399629906062735,0.7436690389601082,0.028694535498129996,-0.0023298691030064008,-0.059,0.353,-0.285,0.033
square,linoleum,0.2,-1.5707963267948966,4.199992895126343,0.6703790964741074,0.023533937099484592,0.8169708466259454,0.7847906731507466,0.029200442326420994,-0.0023354945439377655,-0.075,0.271,-0.177,0.085
square,linoleum,0.2,-1.5707963267948966,4.39999532699585,0.7163309830029359,0.030627566271561935,0.18389087053656383,0.8013259686257962,0.013488270673489108,-0.0023739350566152457,-0.62,-1.056,1.614,0.71
square,linoleum,0.2,-1.5707963267948966,4.599999666213989,0.7614079905848524,0.03467198564933138,0.18701034814006123,0.803001484498863,-0.016642954856928998,-0.003512148717552274,-0.714,-0.871,0.953,0.773
square,linoleum,0.2,-1.5707963267948966,4.799987316131592,0.8100999604028458,0.04076377050872937,0.21507037419280334,0.8031361865084863,-0.04933781284456802,-0.004390653322493271,-0.925,-0.454,0.9,0.721
square,linoleum,0.2,-1.5707963267948966,5.000016927719116,0.8559698506566142,0.045873962401224655,0.17756471345572988,0.8025507813589209,-0.08273850840195746,-0.00442534343777224,-0.642,-0.499,0.976,0.573
square,linoleum,0.2,-1.5707963267948966,5.199988126754761,0.9004734723906628,0.051557284580649454,0.20350893841398937,0.8020767556031921,-0.11809275277812875,-0.0050131997655365225,-0.818,-0.848,0.837,0.815
square,linoleum,0.2,-1.5707963267948966,5.399999380111694,0.9224540055911034,0.06802788448392116,0.20030648406086848,0.8021419837394524,-0.15418753801804022,-0.0051425842758027925,-0.957,-0.852,1.018,0.963
square,linoleum,0.2,-1.5707963267948966,5.59998631477356,0.9219784384962438,0.0992672902448235,0.20216070827079102,0.8017614996549138,-0.1916824373366694,-0.005096643405017621,-0.654,-0.557,1.06,0.789
square,linoleum,0.2,-1.5707963267948966,5.799988269805908,0.9200271261609987,0.1349959738284806,0.24023419157474163,0.8011270460964712,-0.22965379157396773,-0.004655048177367412,-0.707,-0.716,0.918,0.725
square,linoleum,0.2,-1.5707963267948966,6.000002145767212,0.9170428184184224,0.1714228482893312,0.2440682781190145,0.8008267892085191,-0.26826454182569215,-0.0046381719155337954,-0.775,-0.784,0.881,0.783
square,linoleum,0.2,-1.5707963267948966,6.200006484985352,0.9120886560967989,0.20975383892459737,0.24123667320154557,0.800689866233656,-0.304908863341378,-0.004633484064887181,-0.765,-0.788,0.946,0.92
square,linoleum,0.2,-1.5707963267948966,6.4000115394592285,0.9093466262424963,0.24877656068492732,0.2521487275184619,0.8007080820977429,-0.34259373737144655,-0.004885690342569189,-0.667,-0.632,0.986,0.715
square,linoleum,0.2,-1.5707963267948966,6.6000001430511475,0.9073629666158711,0.29085760182059756,0.26442126354843115,0.8004840098253547,-0.387052599202057,-0.004799433940819539,-0.522,-0.709,1.018,0.636
square,linoleum,0.2,-1.5707963267948966,6.800008773803711,0.9018098490119356,0.3388726325970829,0.2601893848923893,0.8003062959882298,-0.42640759874580286,-0.00500757435085976,-0.668,-0.741,0.955,0.693
square,linoleum,0.2,-1.5707963267948966,7.000004291534424,0.9000815106139175,0.3749734574982871,0.30541906575273436,0.800224796393194,-0.46619502160173737,-0.004968196445403274,-0.799,-0.733,0.954,0.915
square,linoleum,0.2,-1.5707963267948966,7.199980735778809,0.8986474293738345,0.41884720769787936,0.34855263987300267,0.7997380704991294,-0.5071632390479086,-0.004866001383214958,-0.724,-0.775,0.85,0.869
square,linoleum,0.2,-1.5707963267948966,7.399999141693115,0.8940163647420493,0.4631041503783686,0.40004233617252916,0.7996371567441287,-0.5463281518731363,-0.005124770469563521,-0.874,-0.594,1.087,0.688
square,linoleum,0.2,-1.5707963267948966,7.600499868392944,0.8910052938966471,0.5071708159302061,0.3425879036622279,0.7988173838448979,-0.5821633432259996,-0.004871626800289856,-0.755,-0.713,0.888,0.694
square,linoleum,0.2,-1.5707963267948966,7.799988031387329,0.8884167788727414,0.5556442519927343,0.3734420479481545,0.7984142748010986,-0.625368652720598,-0.0049925732445788365,-0.713,-0.686,0.925,0.939
square,linoleum,0.2,-1.5707963267948966,7.999997854232788,0.8853658188926368,0.5979528968683502,0.4674779583213293,0.7982971161634266,-0.6651630332665003,-0.005003824074354221,-0.841,-0.738,0.931,0.903
square,linoleum,0.2,-3.141592653589793,8.199988842010498,0.8816857900392441,0.6410437408273566,0.5292026411954492,0.7983579272351374,-0.7049028393108504,-0.005254154933562036,-0.757,-0.873,0.935,0.872
square,linoleum,0.2,-3.141592653589793,8.40002179145813,0.8781950590056403,0.6843642145126417,0.38020292389651883,0.778759333258503,-0.7217677818812128,-0.004582855274138576,0.436,-0.676,0.686,-0.576
square,linoleum,0.2,-3.141592653589793,8.599987030029297,0.8765819133852244,0.7309315452002498,0.4614454809409821,0.7372779414248446,-0.7264581612457087,-0.004287520530003806,0.003,-0.498,0.665,0.004
square,linoleum,0.2,-3.141592653589793,8.799990177154541,0.8731828931530733,0.7730287288641728,0.41565933311463094,0.697625327654402,-0.7294102001505601,-0.00453972703961068,0.012,-0.628,0.702,0.051
square,linoleum,0.2,-3.141592653589793,8.999993801116943,0.8687616854763328,0.8162589608691762,0.306171280237841,0.6574577329854245,-0.7318047048426525,-0.004456283267784505,0.03,-0.537,0.644,0.048
square,linoleum,0.2,-3.141592653589793,9.200026750564575,0.8678840982562412,0.8559585698176566,0.436367694664261,0.6235022839710023,-0.7331818980764991,-0.004121570438978895,-0.065,-0.565,0.683,0.045
square,linoleum,0.2,-3.141592653589793,9.399994134902954,0.8469063368995929,0.8774686782909389,0.4475307290496495,0.5767981915240922,-0.7353264503019473,-0.004122508010288586,0.013,-0.621,0.661,0.039
square,linoleum,0.2,-3.141592653589793,9.600006103515625,0.806652388632546,0.8852332373147278,0.41479009404688205,0.5365080301917631,-0.736229186969918,-0.00442253072583389,-0.075,-0.213,0.495,0.009
square,linoleum,0.2,-3.141592653589793,9.800004482269287,0.7574682480976098,0.8766607577764843,0.602963792362383,0.4961653251745815,-0.7376387673374236,-0.004118757725038407,-0.021,-0.382,0.578,0.002
square,linoleum,0.2,-3.141592653589793,9.999992847442627,0.7131319330156606,0.8754027181339854,0.7000340815504229,0.4556361811374661,-0.7388043914668986,-0.004180637427689424,0.028,-0.408,0.606,0.095
square,linoleum,0.2,-3.141592653589793,10.200000524520874,0.6695782034435539,0.8753915245648783,0.5931007216155134,0.4153285674571127,-0.7397809439831432,-0.004105631726420148,0.014,-0.405,0.556,-0.001
square,linoleum,0.2,-3.141592653589793,10.399983406066895,0.6240928901876541,0.8742978685946219,0.6848819234186748,0.37512685925943046,-0.740669955951996,-0.00377091864116351,-0.06,-0.426,0.532,0.031
square,linoleum,0.2,-3.141592653589793,10.600004196166992,0.5798587061823266,0.8708838809149893,0.19246536919834473,0.33635879977327815,-0.7410896673532635,-0.0037127891756973553,0.098,-0.401,0.283,-0.158
square,linoleum,0.2,-3.141592653589793,10.799996852874756,0.5317415384152739,0.8699510210610412,0.6621219075969824,0.29589362624837223,-0.7415485824822455,-0.0034812088279438545,-0.01,-0.252,0.539,-0.002
square,linoleum,0.2,-3.141592653589793,10.999985694885254,0.4882761677742463,0.8681049286554816,0.7409754320152023,0.2549437111400121,-0.742109611548983,-0.0034643325238926533,0.028,-0.375,0.548,-0.009
square,linoleum,0.2,-3.141592653589793,11.200014114379883,0.4429707758830047,0.8657876318539478,0.6717866493058079,0.21920343761088942,-0.742660575651696,-0.0032411902421536657,-0.006,-0.348,0.506,0.052
square,linoleum,0.2,-3.141592653589793,11.40001368522644,0.4010808881210179,0.8620669819388607,0.09637436861094473,0.17963920558252172,-0.7432090183325345,-0.0032777555788079745,0.077,-0.354,0.415,-0.011
square,linoleum,0.2,-3.141592653589793,11.599989652633667,0.3384148300937739,0.8689671630500883,0.5379381605209581,0.13434058745337638,-0.7437396239492882,-0.003379013424593814,0.025,-0.358,0.524,0.003
square,linoleum,0.2,-3.141592653589793,11.799988746643066,0.3087011997416842,0.8571763480529029,0.17232408469027594,0.0954919402834148,-0.7439513286481848,-0.0033687001261486845,0.028,-0.294,0.297,-0.075
square,linoleum,0.2,-3.141592653589793,11.999999761581421,0.266335262912197,0.8569463296426306,0.7660333161982595,0.060629904144537276,-0.7441410169336056,-0.003322759067593419,0.068,-0.36,0.458,-0.055
square,linoleum,0.2,1.5707963267948966,12.199993371963501,0.21928433244999512,0.8549443193899896,0.1727295546333838,0.015090404992663734,-0.7445939313122379,-0.003420266616820214,0.042,-0.316,0.503,-0.046
square,linoleum,0.2,1.5707963267948966,12.399983882904053,0.17662334417634362,0.8529983003382077,0.8341913408902011,-0.0023179307136935437,-0.7275792935156821,-0.002510820778948512,0.848,1.219,-1.44,-1.036
square,linoleum,0.2,1.5707963267948966,12.600026369094849,0.1328503354374151,0.8500277152063022,0.08892124440590232,-0.0035865060459902105,-0.7035225240256385,-0.0012272826586806288,0.869,0.818,-0.839,-0.985
square,linoleum,0.2,1.5707963267948966,12.79999566078186,0.09095495844364121,0.8465181362401768,0.8443725738110022,-0.0032347232749669374,-0.667951923249241,-0.0012300953786870445,0.929,0.87,-0.937,-1.052
square,linoleum,0.2,1.5707963267948966,12.999993562698364,0.04584176930486339,0.8463643189123295,0.8419631785302344,-0.0029563134845050397,-0.6338271140345861,-0.0010407055783926305,0.853,0.649,-0.286,-0.833
square,linoleum,0.2,1.5707963267948966,13.19998812675476,0.003858891464614267,0.8444910044675359,0.05640147358014719,-0.002972346251495531,-0.5988783966145926,-0.0005531676415373862,0.812,0.824,-0.806,-0.9
square,linoleum,0.2,1.5707963267948966,13.399988174438477,-0.02641315086826168,0.832845265740431,0.813156582611186,-0.0029980027769233473,-0.562971027304139,-0.00030377335447451617,0.855,0.874,-0.92,-1.083
square,linoleum,0.2,1.5707963267948966,13.60002064704895,-0.02383075187625927,0.7975377282211249,0.86660857720342,-0.002790967328096622,-0.5281398833414804,-0.00030002306517585555,0.729,0.468,-0.666,-0.822
square,linoleum,0.2,1.5707963267948966,13.799984455108643,-0.0256634409427563,0.7648350539433606,0.8630322615281989,-0.002958697516901524,-0.4872823985648342,0.00037971643954169383,0.92,0.555,-0.524,-0.961
square,linoleum,0.2,1.5707963267948966,13.999989748001099,-0.020592353192684154,0.7246915889992287,0.8833139159290777,-0.003222741736260631,-0.448224110759463,0.0014729227069201901,0.575,0.856,-0.786,-0.832
square,linoleum,0.2,1.5707963267948966,14.199999570846558,-0.030582155266017264,0.68691946687043,0.8217596308511599,-0.0036657034487985055,-0.41046650179915944,0.001889202654826044,0.787,0.792,-0.839,-0.925
square,linoleum,0.2,1.5707963267948966,14.400006771087646,-0.029012184087612747,0.647177385402447,0.8242455399664455,-0.004089830851664161,-0.3709970595590203,0.0015844932943100284,0.839,0.845,-0.903,-1.022
square,linoleum,0.2,1.5707963267948966,14.599989652633667,-0.020871172348655875,0.6060319060334638,0.061832572615542314,-0.004823721441951283,-0.337672456848839,0.0018948280551592507,0.859,0.635,-0.207,-0.847
square,linoleum,0.2,1.5707963267948966,14.80000615119934,-0.02024965391919431,0.5597987606636493,0.8733400712861433,-0.005375001505258292,-0.2927153297542599,0.0021648471255868995,0.654,0.971,-0.775,-0.892
square,linoleum,0.2,1.5707963267948966,15.000022649765015,-0.017152269334275827,0.5177201883583754,0.042794645393219644,-0.0056022505070438934,-0.25803966035036646,0.0020776534991065673,0.783,0.857,-1.003,-1.005
square,linoleum,0.2,1.5707963267948966,15.199995994567871,-0.02848890893596745,0.4724099686352734,0.09584670503989862,-0.006165568326894843,-0.2133344002968651,0.0019342058540943105,0.74,0.916,-0.957,-1.002
square,linoleum,0.2,1.5707963267948966,15.40000295639038,-0.02614864058524602,0.42978445735849247,0.8846854014263764,-0.006585355980619046,-0.17317483629307787,0.002267041766423134,0.844,0.814,-1.17,-1.062
square,linoleum,0.2,1.5707963267948966,15.600006580352783,-0.013904605399183034,0.38950625805627315,0.02158470476585328,-0.00708160279336465,-0.13282259222229395,0.002341109414564675,0.725,0.713,-0.685,-0.736
square,linoleum,0.2,1.5707963267948966,15.799976825714111,-0.021009708638608293,0.33760014057302945,0.0852573441117378,-0.00823083820283764,-0.09349862794025286,0.0028164543788872926,0.765,1.045,-0.783,-0.838
square,linoleum,0.2,1.5707963267948966,15.999989032745361,-0.01863710732464019,0.2946865716431353,0.08902446177705148,-0.00862330534018656,-0.05430831737663426,0.0026476929702933987,0.749,0.895,-0.846,-0.745
square,linoleum,0.2,0,0.19991827011108398,0.004083226144964591,0.003252782631331441,1.571909514735385,-7.303896085233963e-07,2.1629545290564878e-06,-2.812715323670563e-06,0.567,0.637,-0.622,-0.694
square,linoleum,0.2,0,0.39986610412597656,0.0,0.0,0.0,0.013619998769198918,0.000641029943475431,-5.531673751087195e-05,-0.153,0.908,-1.05,0.091
square,linoleum,0.2,0,0.5999300479888916,0.0018098135610207233,0.00039878813046267947,2.120594150247083,0.05721146792649381,0.004772978198582576,-0.00022314212857091884,0.027,0.584,-0.474,-0.223
square,linoleum,0.2,0,0.7999770641326904,0.0018098135610207233,0.00039878813046267947,2.120594150247083,0.09248163549255142,0.00803281009059845,-0.00033846351524722705,0.022,0.629,-0.466,-0.144
square,linoleum,0.2,0,0.9999194145202637,0.004083226144964591,0.003252782631331441,1.571909514735385,0.13408701782362317,0.011385923210219789,-0.000391905140849341,0.05,0.542,-0.528,0.018
square,linoleum,0.2,0,1.200145959854126,0.012219532329308613,-0.0026200223118135746,1.5367259800129247,0.1784664634543298,0.014433250051722213,-0.0006478624595631331,0.038,0.643,-0.562,-0.056
square,linoleum,0.2,0,1.4005811214447021,0.04967489956255278,-0.008414453515282139,1.5164714098753889,0.22093231748753514,0.016740192651341915,-0.0010566442822093642,0.134,0.646,-0.482,-0.073
square,linoleum,0.2,0,1.600015640258789,0.10255084039515039,-0.006769659473689571,0.6339579899143246,0.2614169945606296,0.018384088024295517,-0.0015507454409531465,0.038,0.549,-0.466,-0.036
square,linoleum,0.2,0,1.7999184131622314,0.14484681454369763,-0.009863165065110757,2.0308445369510446,0.302131122413746,0.01973757756409577,-0.0016004368363082317,0.018,0.423,-0.473,-0.026
square,linoleum,0.2,0,1.9999079704284668,0.19185707217080306,-0.007958821539740701,0.6493668382064314,0.34234799621094897,0.020912428545040846,-0.0018610822800753835,0.059,0.45,-0.379,-0.151
square,linoleum,0.2,0,2.2001793384552,0.2361297406225341,-0.0077638162500194285,1.481009898982702,0.38224870841839026,0.0220558776514213,-0.0023570586851133562,0.042,0.504,-0.406,-0.046
square,linoleum,0.2,0,2.4000141620635986,0.282631552026189,-0.006609760210364968,0.6958003646950637,0.41940434405615623,0.023128217742351756,-0.0022689267756434064,0.004,0.536,-0.341,-0.003
square,linoleum,0.2,0,2.6001622676849365,0.3334294127553567,-0.004245381032439988,0.6933326929619457,0.46262108818011466,0.024084178610920992,-0.0020645357433507075,0.054,0.392,-0.425,-0.088
square,linoleum,0.2,0,2.7999556064605713,0.3790501653428002,-0.004062461690416019,0.7194216823454421,0.5029544019001532,0.024922370353213756,-0.002203296628675564,-0.009,0.447,-0.383,-0.063
square,linoleum,0.2,0,3.0003232955932617,0.42761702830495246,0.002543015087912326,0.7336589208814766,0.5328548704264,0.025214851293007073,-0.0023711222874177066,-0.002,0.296,-0.143,0.005
square,linoleum,0.2,0,3.1999452114105225,0.47594912531384226,0.004405954629745468,0.7263278908620929,0.5796273793424734,0.025901070272406804,-0.0026064532182912457,-0.023,0.478,-0.28,0.016
square,linoleum,0.2,0,3.399923086166382,0.5208377270344902,0.014300213318707677,0.7408936326624416,0.6234291852033748,0.026586434004841782,-0.0024208136815496843,-0.041,0.438,-0.342,0.115
square,linoleum,0.2,0,3.5998826026916504,0.569542127474034,0.013731923192677464,0.7413099333035995,0.6633418253187959,0.027267996200354385,-0.00233924478874758,-0.046,0.406,-0.397,0.081
square,linoleum,0.2,0,3.7998692989349365,0.6138615350412489,0.01779643325175606,1.4372194336241642,0.7002071180003523,0.027895766806492743,-0.0021929833197621763,-0.043,0.458,-0.356,-0.023
square,linoleum,0.2,0,3.9998650550842285,0.6604083295243846,0.02061162410934969,1.401751736541223,0.7433696314072826,0.028535957905288567,-0.002085162361636895,-0.019,0.328,-0.379,-0.096
square,linoleum,0.2,-1.5707963267948966,4.199899911880493,0.7064886419213505,0.027691425580713136,0.7820764940307685,0.7838975792155076,0.028982705833910792,-0.0021357913335421637,-0.063,0.224,-0.143,-0.043
square,linoleum,0.2,-1.5707963267948966,4.399902582168579,0.7515954388343209,0.032108795301850845,0.7820748900477732,0.8017865449124456,0.010861396124496313,-0.0025914520443522174,-0.585,-1.079,1.606,0.602
square,linoleum,0.2,-1.5707963267948966,4.599929094314575,0.8001405887291533,0.03749354610843936,0.7618679484385742,0.8028802190946384,-0.016995161429728116,-0.0032430653593920307,-0.734,-0.948,0.983,0.826
square,linoleum,0.2,-1.5707963267948966,4.799926519393921,0.8468373165067897,0.03481295483623459,0.8335274881693279,0.8030127956704758,-0.047482954540156504,-0.004146884878460787,-0.866,-0.499,1.0,0.653
square,linoleum,0.2,-1.5707963267948966,4.999937295913696,0.8925516718555131,0.0436375797598173,0.7861504778765723,0.8024566538617761,-0.08330284079535868,-0.0043353366726511244,-0.632,-0.714,0.858,0.615
square,linoleum,0.2,-1.5707963267948966,5.200094938278198,0.9227197213724002,0.059994478212526126,0.7875426714982292,0.8020296912846075,-0.11872459671074803,-0.004830373801712066,-0.791,-0.851,0.904,0.755
square,linoleum,0.2,-1.5707963267948966,5.399895668029785,0.9237033637548863,0.08824547855296883,0.8251544378887573,0.8019731878612814,-0.1550487532612641,-0.004949445131858453,-1.033,-0.852,0.874,0.912
square,linoleum,0.2,-1.5707963267948966,5.599887132644653,0.9205099510811146,0.12456938857863065,0.8235241507183362,0.8016135076146853,-0.19110999056731828,-0.004944757285006459,-0.601,-0.712,1.048,0.743
square,linoleum,0.2,-1.5707963267948966,5.799938917160034,0.9189330828032305,0.15931958246602074,0.8350737202623031,0.8010472960455869,-0.22722719541986136,-0.00461098242650681,-0.625,-0.769,0.849,0.806
square,linoleum,0.2,-1.5707963267948966,5.999952793121338,0.9157819280421042,0.19695382617462104,0.8390398666214837,0.8007381927993387,-0.265942573061522,-0.004655048226139911,-0.808,-0.845,0.94,0.806
square,linoleum,0.2,-1.5707963267948966,6.199862718582153,0.9110538525438983,0.2378684880713447,1.3374557600990344,0.8005371616589618,-0.3071051573289607,-0.004746930089267914,-0.763,-0.783,0.839,0.897
square,linoleum,0.2,-1.5707963267948966,6.399941444396973,0.90973655243777,0.2756216822903625,0.8925021582766878,0.8007083168491332,-0.3449142973784272,-0.004971946795830324,-0.767,-0.462,1.053,0.588
square,linoleum,0.2,-1.5707963267948966,6.599930763244629,0.9067194901877645,0.31886070569880526,0.906149303281347,0.8005781124069657,-0.3873716844955762,-0.004676612338949178,-0.688,-0.638,0.937,0.714
square,linoleum,0.2,-1.5707963267948966,6.799887180328369,0.9028380151207822,0.3631978692618365,0.8977164093727685,0.8005875829729909,-0.42674504601626095,-0.004916630202518719,-0.647,-0.717,0.918,0.921
square,linoleum,0.2,-1.5707963267948966,6.999938249588013,0.8982506478487797,0.40816219580321283,0.9034783747935704,0.8005145507554079,-0.4634438550081407,-0.0049653838106624645,-0.739,-0.909,1.032,0.898
square,linoleum,0.2,-1.5707963267948966,7.200033903121948,0.9000414435750009,0.4493179440885427,1.0664462537824793,0.8000135944346023,-0.5073460485354206,-0.004790058302657425,-0.688,-0.85,0.451,0.945
square,linoleum,0.2,-1.5707963267948966,7.399939060211182,0.8917976850335527,0.4959238238290995,0.9205000732951827,0.7996318507430829,-0.5466132124623534,-0.005219464996221595,-0.791,-0.607,1.071,0.865
square,linoleum,0.2,-1.5707963267948966,7.599998474121094,0.8922650019859442,0.54078004722591,1.0078549150949228,0.7986727839850779,-0.5838864471580243,-0.004916630202518665,-0.713,-0.659,0.914,0.676
square,linoleum,0.2,-1.5707963267948966,7.799952268600464,0.8881688301704219,0.5848385485768125,1.05397496995131,0.7983387498501251,-0.6226658792564618,-0.005136021382070248,-0.659,-0.792,0.84,0.883
square,linoleum,0.2,-1.5707963267948966,7.999931812286377,0.8847128103158701,0.6287524066641846,1.0253320275791682,0.7982883022810877,-0.6657115788238029,-0.0052682185580544705,-0.778,-0.898,1.103,0.927
square,linoleum,0.2,-3.141592653589793,8.199926137924194,0.8878377655231735,0.6735094646590779,0.9914710813319408,0.7983146098402208,-0.7037914840891453,-0.005378851611288383,-0.708,-0.844,0.587,0.963
square,linoleum,0.2,-3.141592653589793,8.399920225143433,0.885303389854083,0.7159329497714849,0.9827010853004473,0.7774176319330824,-0.7246674668897756,-0.004885690409077451,0.577,-0.712,0.719,-0.598
square,linoleum,0.2,-3.141592653589793,8.599937915802002,0.88242969226876,0.7647550865038955,1.02587317820852,0.7421311802240863,-0.7288398986318377,-0.004491910984930767,-0.071,-0.596,0.745,0.095
square,linoleum,0.2,-3.141592653589793,8.799943923950195,0.8720385545669438,0.8024168887447042,0.9976801533671192,0.7027417758684692,-0.7316284417940425,-0.004455345731797691,0.004,-0.671,0.708,0.03
square,linoleum,0.2,-3.141592653589793,8.999930381774902,0.8783429202691957,0.8556398788802917,0.985676781296002,0.6627155660775782,-0.733981911572339,-0.004069066452801877,0.047,-0.484,0.536,-0.124
square,linoleum,0.2,-3.141592653589793,9.199988603591919,0.854346005364025,0.8774986762007213,0.9156870155765877,0.6222432946044186,-0.7362895031112234,-0.0038965532714510635,-0.054,-0.56,0.528,0.02
square,linoleum,0.2,-3.141592653589793,9.399955749511719,0.8171784987118725,0.8779436905726126,0.8580867321427821,0.5787835210754103,-0.7384304830399473,-0.0039021787022165597,0.04,-0.242,0.585,-0.05
square,linoleum,0.2,-3.141592653589793,9.600603103637695,0.7701835984003459,0.8781472987282283,0.8578370453791093,0.5415663856614902,-0.7399149605768598,-0.003782169499479606,0.007,-0.188,0.53,-0.123
square,linoleum,0.2,-3.141592653589793,9.799993515014648,0.7277851230633159,0.8758859304141284,0.8581373106241837,0.4984450424332942,-0.7411894504137843,-0.003619031947658813,-0.02,-0.458,0.538,-0.011
square,linoleum,0.2,-3.141592653589793,10.000258207321167,0.6834419315637622,0.8773353974436406,0.9142881621447939,0.46065470199763586,-0.7423548313078807,-0.003464332504110371,-0.031,-0.441,0.563,-0.051
square,linoleum,0.2,-3.141592653589793,10.199935913085938,0.6387953423636318,0.8746260452899268,1.2418337382893936,0.41902804649206143,-0.7433737029768287,-0.002959918329509747,-0.004,-0.506,0.549,-0.115
square,linoleum,0.2,-3.141592653589793,10.399939775466919,0.5940697733751497,0.8771616958121518,1.1561907629020929,0.37647657937695145,-0.7443566228834888,-0.002585826604088081,0.012,-0.353,0.495,-0.075
square,linoleum,0.2,-3.141592653589793,10.59993577003479,0.5435186955803815,0.8764536709665329,1.1721257507215876,0.3379180384821954,-0.745075404577539,-0.002594264764476804,0.058,-0.238,0.385,-0.104
square,linoleum,0.2,-3.141592653589793,10.800222396850586,0.5015750164680383,0.8699523133108507,1.3342812148444663,0.30002617536853027,-0.7455070415978097,-0.00259238961772765,0.057,-0.31,0.486,-0.046
square,linoleum,0.2,-3.141592653589793,10.999945163726807,0.45784191254525214,0.8679574112118685,1.3345452281754646,0.2597616689100301,-0.7461360085980207,-0.0026336428456800918,0.06,-0.37,0.515,-0.036
square,linoleum,0.2,-3.141592653589793,11.199963569641113,0.4157122995502347,0.863887327366066,1.3484808490648854,0.21652332353612017,-0.7468518559206896,-0.0027377134836394372,0.042,-0.337,0.481,-0.066
square,linoleum,0.2,-3.141592653589793,11.3999342918396,0.36856295769782044,0.8643885642364746,0.8169951017361121,0.17793132745987422,-0.7474712595605357,-0.00275740252233495,0.029,-0.392,0.39,-0.084
square,linoleum,0.2,-3.141592653589793,11.599935054779053,0.3206737247158199,0.8625513564231349,0.7671953989420459,0.13638335244988678,-0.74792559632639,-0.0025830138839484616,0.086,-0.326,0.437,-0.007
square,linoleum,0.2,-3.141592653589793,11.799936294555664,0.279877758767245,0.857242519912343,0.672401301374971,0.09625560250990403,-0.7484667574784252,-0.002390811330505082,0.028,-0.201,0.247,-0.17
square,linoleum,0.2,1.5707963267948966,12.000016212463379,0.2370840639310155,0.8552541687897313,0.6713571151536755,0.056372346964381495,-0.7486087210743944,-0.002333619347764452,0.041,-0.294,0.377,-0.065
square,linoleum,0.2,1.5707963267948966,12.19986867904663,0.19388745048989986,0.8533136972562669,0.7064772200848108,0.03883477973022857,-0.7321335878261496,-0.0015048043404742085,0.868,1.481,-1.585,-0.856
square,linoleum,0.2,1.5707963267948966,12.399912357330322,0.1518634635940086,0.8514018616109895,1.3989639339807196,0.03790783466609289,-0.7040871854607047,-0.0006713017790001196,0.816,0.901,-0.856,-0.981
square,linoleum,0.2,1.5707963267948966,12.599904298782349,0.10026500358180679,0.8503090702869398,0.6722363982871121,0.038240159342582916,-0.6719001178857281,-0.00047534909145337343,0.886,0.563,-0.438,-0.965
square,linoleum,0.2,1.5707963267948966,12.799928665161133,0.056512950680438045,0.8502413353586233,1.585830835673924,0.03820062669856914,-0.6380862089643131,-0.0005109768488178428,0.806,0.864,-0.868,-0.575
square,linoleum,0.2,1.5707963267948966,12.999936819076538,0.02181910997279879,0.8434101852051406,0.7105029443999094,0.038883837954163336,-0.6039594760011088,0.00018845189032345435,0.803,0.873,-0.922,-0.926
square,linoleum,0.2,1.5707963267948966,13.199930191040039,0.0178481456083317,0.8136117698038537,0.6830252254412763,0.03910237522950322,-0.5664812456920735,0.0004697232247260555,1.069,1.007,-1.0,-1.175
square,linoleum,0.2,1.5707963267948966,13.399943113327026,0.01901028856512732,0.7796991102923284,0.6898519181386591,0.038794849775987385,-0.529049404447336,0.0006075461099145098,0.997,0.652,-0.912,-0.932
square,linoleum,0.2,1.5707963267948966,13.60002064704895,0.02573935278657047,0.73952931334934,1.6566620001705188,0.038534429599801606,-0.4941957573481176,0.0013651022537073763,0.823,0.976,-0.687,-0.994
square,linoleum,0.2,1.5707963267948966,13.799899578094482,0.02112545155121237,0.7011409903120832,0.7052239805930882,0.038129012878446764,-0.45317106919806366,0.0020410882564128527,0.626,0.893,-0.958,-1.031
square,linoleum,0.2,1.5707963267948966,13.99992561340332,0.021806270211582657,0.6603731673430302,1.4099128104419512,0.037769255054882184,-0.4176428471737804,0.0019426437991975597,0.826,0.831,-0.969,-1.036
square,linoleum,0.2,1.5707963267948966,14.199923992156982,0.023392250995687758,0.6196023987899336,1.4626108365568187,0.0369557550688764,-0.3759666852319807,0.0019426437991975323,0.949,0.692,-0.811,-0.851
square,linoleum,0.2,1.5707963267948966,14.399935007095337,0.01990686656200924,0.5774494223882825,0.684474761637702,0.03629495167525205,-0.3357850945328633,0.001805759062770839,0.694,0.967,-0.801,-0.779
square,linoleum,0.2,1.5707963267948966,14.599914073944092,0.01592488933731062,0.5305665975430927,0.7244724227190813,0.036122051709385185,-0.29635939606863737,0.0020607771432381503,0.894,1.092,-0.666,-0.921
square,linoleum,0.2,1.5707963267948966,14.799922943115234,0.023284012917829777,0.488565286222585,1.434170343436066,0.03591207353032319,-0.2587162378608738,0.0021685972099456446,0.675,0.923,-0.843,-0.935
square,linoleum,0.2,1.5707963267948966,15.000425100326538,0.022023913849067323,0.4442401453862822,0.6873051520323923,0.03545505496075675,-0.2170268577486412,0.002492994681659256,0.897,0.967,-1.001,-1.115
square,linoleum,0.2,1.5707963267948966,15.199885606765747,0.026171547732997902,0.40255111346136546,0.678200653921358,0.03441072676259299,-0.1806810257774174,0.002389862586607264,1.108,0.497,-0.973,-0.96
square,linoleum,0.2,1.5707963267948966,15.399995803833008,0.03371024205759798,0.3615883440299397,1.5194040686897785,0.034037688632326896,-0.1409001374377609,0.002367361032415376,0.673,0.983,-0.908,-0.88
square,linoleum,0.2,1.5707963267948966,15.600017786026001,0.02627254796942069,0.31000278301882317,0.6724641520086909,0.03323488407413601,-0.10117367022317322,0.0025679998120386417,0.749,1.073,-0.748,-0.953
square,linoleum,0.2,1.5707963267948966,15.799904108047485,0.03436318963848306,0.27025771283334055,1.516927345262737,0.03282771718073167,-0.06085584509432076,0.0023054817471352086,0.638,0.989,-0.751,-0.915
square,linoleum,0.2,1.5707963267948966,15.99986457824707,0.030382700150294206,0.22200779075252225,1.5094035381052957,0.03248739697726611,-0.021246505858559063,0.0018498247049160395,0.926,0.936,-0.817,-0.971
square,linoleum,0.2,0,0.20005202293395996,0.011112939950045253,0.0041926221140179964,-0.06692415028588578,7.185924955077638e-07,-2.1669051267214634e-06,2.8127198590275704e-06,-0.59,-0.491,0.626,0.494
square,linoleum,0.2,0,0.39977264404296875,0.011112939950045253,0.0041926221140179964,-0.06692415028588578,0.018668241081652468,-0.000874316107146611,-0.00015469958221723602,-0.985,0.286,-0.206,0.885
square,linoleum,0.2,0,0.5999903678894043,0.011112939950045253,0.0041926221140179964,-0.06692415028588578,0.05734316172727494,-0.004565686483221365,-9.4694898212519e-05,-0.619,-0.048,0.094,0.583
square,linoleum,0.2,0,0.8000285625457764,0.0053695320682951575,0.002688098076269796,-0.032587316649179854,0.09751889287377231,-0.007602517245169582,6.094226494308681e-05,-0.347,-0.043,0.059,0.48
square,linoleum,0.2,0,1.0000126361846924,0.009389735744996908,0.0037909028254651256,0.7794148936020564,0.13620594713461784,-0.010077222978244649,0.00011438394561424686,-0.473,0.033,0.066,0.415
square,linoleum,0.2,0,1.199995994567871,0.0056640319931401395,0.0021109453110879084,0.7161147527820537,0.1767606533153091,-0.01252886168596462,-0.0002672083555574533,-0.447,0.082,0.118,0.502
square,linoleum,0.2,0,1.3997976779937744,0.0526428315771893,0.010667978726953464,-0.04343031894199317,0.21639341544001342,-0.014579150650205486,-0.0005850455644528916,-0.474,0.023,0.049,0.545
square,linoleum,0.2,0,1.6004095077514648,0.0902766050481405,0.0117743439977539,0.6971422621892642,0.25665198393364047,-0.01647321670312618,-0.00047816226897601504,-0.332,0.027,0.017,0.41
square,linoleum,0.2,0,1.8001196384429932,0.1412302055856921,0.019688063085479962,0.04334802194064624,0.2968431579091887,-0.01802383403721053,-0.000430346053142936,-0.503,0.074,0.063,0.375
square,linoleum,0.2,0,1.9997587203979492,0.18546809877837367,0.02503696066561481,0.7072980534687436,0.33620680454447543,-0.01923338471085201,-0.0003600280837174368,-0.384,0.032,0.062,0.463
square,linoleum,0.2,0,2.2000021934509277,0.23219477430677055,0.02926569325805395,0.08743448260890668,0.37831565544657375,-0.020256464517020567,-0.00044534721919579033,-0.408,0.088,0.062,0.425
square,linoleum,0.2,0,2.3999931812286377,0.2809713979799777,0.036007353042708606,0.6834745565902087,0.4199537825829919,-0.02120235139535631,-0.00031314943430105116,-0.444,0.048,0.037,0.238
square,linoleum,0.2,0,2.599997043609619,0.32288990218416375,0.03721916068674111,0.14996180785598487,0.4577188028730734,-0.021873209789893766,-0.0003234627373809733,-0.428,0.003,-0.012,0.311
square,linoleum,0.2,0,2.8000340461730957,0.3680524448220854,0.04269509410283823,0.6690202955433942,0.49599136431263785,-0.022824059257655016,-0.0004369090633245346,-0.449,0.068,0.022,0.412
square,linoleum,0.2,0,3.0000510215759277,0.41245414853285556,0.046553145067053714,0.506278513095708,0.5391125476934495,-0.023732576475685108,-0.0005147276085717025,-0.356,0.093,0.005,0.329
square,linoleum,0.2,0,3.1999804973602295,0.4588841202638796,0.05006996164590283,0.6556780015577146,0.5782021714770033,-0.02455968911613765,-9.844519105648439e-05,-0.352,0.077,-0.003,0.362
square,linoleum,0.2,0,3.4001760482788086,0.5090671053688489,0.055271093549999956,0.2749796984253954,0.6194685998586191,-0.025234089848663432,3.0939918780569e-05,-0.32,0.082,0.005,0.347
square,linoleum,0.2,0,3.599997043609619,0.5546133382414256,0.059667073340759935,0.3317708457528764,0.659525100129224,-0.02566810172761369,0.00019032738976477396,-0.354,0.032,-0.021,0.113
square,linoleum,0.2,0,3.800015449523926,0.6005426324665948,0.0634667611513425,0.37139182496088075,0.7007513304438961,-0.026348788207188556,-0.00023439329796278287,-0.203,0.011,-0.015,0.196
square,linoleum,0.2,1.5707963267948966,4.000009775161743,0.646737713661967,0.0689032349210586,0.3970439343270744,0.7395536748343096,-0.02677179647009137,-0.00021657940909793267,-0.263,0.031,0.052,0.333
square,linoleum,0.2,1.5707963267948966,4.200019598007202,0.6928999954820886,0.07225333476896079,0.35006236686640285,0.7616147416067329,-0.012711852014628322,0.0001453238668717451,1.656,0.801,-0.802,-1.672
square,linoleum,0.2,1.5707963267948966,4.400088787078857,0.7415267363182245,0.0787568945138841,0.28410333226256484,0.763731606979555,0.015444627723162407,0.0018563953698923887,0.915,0.599,-0.545,-1.191
square,linoleum,0.2,1.5707963267948966,4.6000261306762695,0.7866374449837303,0.08485782212437074,0.2805398057964047,0.7632894431291296,0.045549950577086606,0.0026261424176394375,0.937,0.869,-0.991,-1.063
square,linoleum,0.2,1.5707963267948966,4.799973249435425,0.8316063523217604,0.08935363002318955,0.3338500274002126,0.7630518907008188,0.07887071526018286,0.0031511824325373672,0.862,1.101,-0.741,-1.091
square,linoleum,0.2,1.5707963267948966,4.999969720840454,0.8756803181230268,0.09046171707839207,0.3433826343580109,0.7621845598374135,0.11444643603922833,0.0037606030464262244,0.969,0.823,-0.95,-0.905
square,linoleum,0.2,1.5707963267948966,5.200007677078247,0.8805440125344377,0.06519676262232496,0.2359637824748814,0.7618070255981374,0.15067499471157556,0.003836546157483931,0.842,0.823,-0.838,-1.003
square,linoleum,0.2,1.5707963267948966,5.399986505508423,0.884121317186684,0.03497970869559944,0.5340466422915656,0.7616832804051855,0.18830417949706404,0.00387686162904085,0.884,1.092,-0.977,-1.034
square,linoleum,0.2,1.5707963267948966,5.600016832351685,0.8878595593629706,-0.004396335737142709,0.29693287717049865,0.7613401558438903,0.22549253676619976,0.004341895524202582,1.016,1.244,-0.912,-1.293
square,linoleum,0.2,1.5707963267948966,5.800004482269287,0.8864105674155001,-0.03900649570580511,0.1602121531329581,0.7605817549316469,0.2637381538788178,0.004762863044613377,0.882,0.921,-0.977,-1.091
square,linoleum,0.2,1.5707963267948966,6.000147342681885,0.8916110343683876,-0.07984032473021968,0.21921782035915235,0.7602798838739878,0.3024987810158673,0.005299150254755785,0.795,0.809,-1.014,-1.096
square,linoleum,0.2,1.5707963267948966,6.199990510940552,0.8923564164418424,-0.11629230153581455,0.16131628478121118,0.7600244583189784,0.34290752448533873,0.005293524870926369,0.891,0.923,-0.991,-1.008
square,linoleum,0.2,1.5707963267948966,6.400003433227539,0.8949449157063107,-0.16274556826973802,0.6463126278332119,0.7599556357427527,0.37973565033117096,0.005359154339986351,0.908,1.021,-0.841,-1.173
square,linoleum,0.2,1.5707963267948966,6.600010395050049,0.8973465983389349,-0.20234827513921094,0.139892012135376,0.7593205252919667,0.42160942791502753,0.005411657901023813,0.47,0.882,-0.314,-1.046
square,linoleum,0.2,1.5707963267948966,6.799842834472656,0.9015344501621221,-0.24719708783849653,0.10245675201323745,0.7584645069271633,0.46046943889800285,0.005427596479529317,0.828,0.847,-0.907,-0.827
square,linoleum,0.2,1.5707963267948966,6.9997780323028564,0.9025276109729721,-0.2843621673881778,0.13540916626094027,0.7581905337591698,0.49985235950831214,0.005145389712472745,0.696,0.851,-0.846,-0.927
square,linoleum,0.2,1.5707963267948966,7.200001239776611,0.9065338135620128,-0.334037214286479,0.09515702677960164,0.7578719578981272,0.540977626607456,0.005127575984358822,0.657,0.763,-1.102,-0.869
square,linoleum,0.2,1.5707963267948966,7.40000581741333,0.9096243948707537,-0.3755962820149335,0.09175800842222864,0.7576813234364665,0.5808672446906866,0.005369467540478383,0.842,0.99,-0.897,-1.131
square,linoleum,0.2,1.5707963267948966,7.5998053550720215,0.9114716265673943,-0.4156755225893189,0.08743276737389061,0.7571458861184625,0.6203341984971295,0.005490413218556278,0.809,0.925,-0.59,-0.919
square,linoleum,0.2,1.5707963267948966,7.799792766571045,0.913402440544183,-0.45687759549030554,0.7922200446654177,0.7563896804770532,0.6579391534052423,0.005733241927933282,0.802,0.851,-0.735,-0.863
square,linoleum,0.2,-3.141592653589793,8.000011444091797,0.9173774009923414,-0.501751456319645,0.7550445438369542,0.7561880234577424,0.699085789282568,0.005252272051817834,0.737,0.829,-0.825,-0.997
square,linoleum,0.2,-3.141592653589793,8.200015544891357,0.9198459181483164,-0.5413791711662168,0.022647015104636903,0.7376487098825248,0.7193402154741328,0.004540659782035157,0.983,-0.18,0.333,-0.763
square,linoleum,0.2,-3.141592653589793,8.400084972381592,0.9239686275678092,-0.5868741500674615,0.02119171012772464,0.6988067708643056,0.7240784819150338,0.003720287560686211,0.577,0.055,0.051,-0.732
square,linoleum,0.2,-3.141592653589793,8.600159645080566,0.928139445217491,-0.6316814778513333,0.019304855974550506,0.6597444912526493,0.7277350157813874,0.003748414644269849,0.526,0.091,0.02,-0.73
square,linoleum,0.2,-3.141592653589793,8.799996376037598,0.9335427873869144,-0.678225825228896,0.019115703411759,0.6177224848772789,0.7310316029780108,0.003855297540226845,0.367,0.078,0.018,-0.565
square,linoleum,0.2,-3.141592653589793,9.000000476837158,0.9287437987720698,-0.7019549695022977,0.8502324084389399,0.5769536988841045,0.7335148953549535,0.0036134046219893972,0.47,0.172,-0.176,-0.693
square,linoleum,0.2,-3.141592653589793,9.199985027313232,0.8926087271708202,-0.7244370271411891,-0.0007125228449088583,0.5384085827026535,0.735607014611138,0.0031014911712429418,0.404,0.013,0.047,-0.638
square,linoleum,0.2,-3.141592653589793,9.39980149269104,0.8430862294020606,-0.727099037958407,-0.019829732965477354,0.4991516115084504,0.7371996397442144,0.003144619436096618,0.486,0.026,-0.026,-0.648
square,linoleum,0.2,-3.141592653589793,9.600058794021606,0.7989935800255654,-0.7420479941115672,-0.019614518633953137,0.45618118130447055,0.7387064112506568,0.0032271256695415728,0.407,0.089,0.041,-0.496
square,linoleum,0.2,-3.141592653589793,9.79978609085083,0.7546524578689751,-0.7497024073134566,0.8194099522703913,0.41605802410743703,0.7401047694221743,0.003000233489051327,0.503,0.027,0.036,-0.618
square,linoleum,0.2,-3.141592653589793,9.999977350234985,0.7083010135945952,-0.7636736656428431,-0.01528536824644866,0.37655544811386726,0.7412227088302465,0.003138056439553725,0.242,0.056,0.071,-0.653
square,linoleum,0.2,-3.141592653589793,10.200211763381958,0.663045505213738,-0.7624823513389798,0.8394842278888279,0.3363762632554377,0.7418033529349376,0.0024911320397113627,0.365,0.01,0.005,-0.573
square,linoleum,0.2,-3.141592653589793,10.400042533874512,0.6125752532178944,-0.7776409501073511,-0.02204872816865111,0.2975172644012653,0.742558658571077,0.002740526183710486,0.383,0.075,0.008,-0.547
square,linoleum,0.2,-3.141592653589793,10.600088357925415,0.5690191267574181,-0.7699036537571826,-0.06903228322137223,0.25558718389700824,0.7432163502826178,0.002823032490879846,0.364,0.025,0.015,-0.477
square,linoleum,0.2,-3.141592653589793,10.799843072891235,0.5230509969115585,-0.7755181135143767,1.4811371496509786,0.21534250475386982,0.743798628057704,0.0027967804855405054,0.317,0.04,0.044,-0.471
square,linoleum,0.2,-3.141592653589793,11.000041961669922,0.4756484118132728,-0.7855052438628274,0.8636636243690872,0.17865624238108915,0.7442508329538271,0.0028174070612826054,0.378,-0.043,0.06,-0.518
square,linoleum,0.2,-3.141592653589793,11.200125694274902,0.43086907244806855,-0.7909787439530742,-0.06385697433916748,0.13767963005955738,0.7448109961062005,0.002854909924033234,0.246,0.064,0.039,-0.57
square,linoleum,0.2,-3.141592653589793,11.399892568588257,0.3804415678721923,-0.7973646348149637,-0.0707535606715412,0.09569974526263103,0.7453432161918483,0.0024817563178303127,0.365,0.066,0.027,-0.395
square,linoleum,0.2,-3.141592653589793,11.600068807601929,0.333105048032825,-0.8047732539493877,-0.07462136922998874,0.05482217199686147,0.7460369616030877,0.0023308071754345786,0.424,0.004,0.09,-0.37
square,linoleum,0.2,-3.141592653589793,11.799858331680298,0.2906569378665172,-0.803043541486169,-0.08183443148564012,0.014727676030377009,0.7464334761065046,0.002195796732177435,0.289,0.047,0.109,-0.349
square,linoleum,0.2,-1.5707963267948966,12.000052213668823,0.2440532373614942,-0.8080063484787576,-0.09118120161735399,-0.02509976501912287,0.746605627200464,0.002174232561690653,0.333,-0.022,0.081,-0.449
square,linoleum,0.2,-1.5707963267948966,12.200057744979858,0.20108687600200853,-0.8068714406784978,-0.09279457043945416,-0.0455554782358491,0.7308751676657774,0.0012357218654195097,-1.463,-0.531,0.79,1.552
square,linoleum,0.2,-1.5707963267948966,12.400094270706177,0.15367073481613747,-0.8048274829660047,1.6423220165811743,-0.04741518960795549,0.7037092109334874,-0.00015376200905479944,-0.845,-0.766,1.183,0.959
square,linoleum,0.2,-1.5707963267948966,12.600084066390991,0.10561051450301806,-0.8123674141631776,-0.7462632645513367,-0.046966816367309955,0.6742438370337117,-0.0007266190282410903,-0.73,-0.799,1.03,0.926
square,linoleum,0.2,-1.5707963267948966,12.79986834526062,0.058797687264114495,-0.8205632943503995,-0.1188613447016385,-0.0468627415437938,0.6388375367878272,-0.001515116962666512,-0.832,-0.841,0.946,0.89
square,linoleum,0.2,-1.5707963267948966,13.00003695487976,0.01806899329060141,-0.8168839340782545,1.646817019188007,-0.046894046360396735,0.6044120210699522,-0.0018048263361358915,-0.616,-0.923,1.022,0.932
square,linoleum,0.2,-1.5707963267948966,13.200054168701172,0.0071679212805388914,-0.7940827403578523,-0.11639111032865562,-0.04697335598370163,0.5683247383918395,-0.0017232576984149272,-0.872,-0.788,0.861,0.81
square,linoleum,0.2,-1.5707963267948966,13.400078058242798,0.0032175544591999117,-0.7678381274021202,-0.11684552146642307,-0.047545054666833814,0.5305825652991534,-0.0019810895399730534,-0.852,-0.662,0.84,0.964
square,linoleum,0.2,-1.5707963267948966,13.600143194198608,-0.0009263417712243038,-0.7292152864305805,0.8652988026481359,-0.04795771380956407,0.49218548726303735,-0.002289549937531889,-0.707,-0.796,1.038,1.037
square,linoleum,0.2,-1.5707963267948966,13.799785614013672,-1.7217134757885333e-05,-0.684371824427076,1.5878830848649967,-0.048324170637604885,0.4535788512193529,-0.0025867592246499984,-0.566,-0.907,0.947,0.957
square,linoleum,0.2,-1.5707963267948966,14.00004243850708,-0.01029327052687401,-0.6576765032057634,-0.08901942690894105,-0.04826990944829916,0.4145623065912852,-0.0024339355572180147,-0.828,-0.437,1.007,0.599
square,linoleum,0.2,-1.5707963267948966,14.200089693069458,-0.011618585973079631,-0.6124883918001185,-0.09394480768490715,-0.04863789888589312,0.3783323548542977,-0.0026598895410388157,-0.667,-0.708,0.868,0.871
square,linoleum,0.2,-1.5707963267948966,14.399823188781738,-0.017465422897531613,-0.5691353420908853,-0.09867554464504252,-0.04876502237083534,0.33725706595982374,-0.0028070876859137457,-0.79,-0.796,0.965,0.96
square,linoleum,0.2,-1.5707963267948966,14.599827527999878,-0.022813697477047756,-0.5272662671804165,-0.08500482318249192,-0.048877181002541126,0.29852810697020554,-0.0027395828136239707,-0.765,-0.762,0.981,1.062
square,linoleum,0.2,-1.5707963267948966,14.800028800964355,-0.02279744160953301,-0.4827482097516635,0.8408289874026194,-0.049323431678645405,0.2583178666982797,-0.0024967526567801312,-0.742,-0.474,0.832,0.827
square,linoleum,0.2,-1.5707963267948966,15.000051498413086,-0.021996210155006524,-0.43643487073855075,-0.09384183638186155,-0.04931619994395148,0.2209642509722717,-0.0026130111351847425,-0.792,-0.672,0.953,0.841
square,linoleum,0.2,-1.5707963267948966,15.199777364730835,-0.02464828125953189,-0.3880211991180939,-0.1129381062790884,-0.04973801526875006,0.17820754655819074,-0.0027180187538104568,-0.751,-0.653,0.915,0.981
square,linoleum,0.2,-1.5707963267948966,15.400123119354248,-0.03581428174363266,-0.35115016431761453,-0.056822751878627675,-0.04993704007933111,0.1386266398472374,-0.002576445973448374,-0.924,-0.773,0.892,0.817
square,linoleum,0.2,-1.5707963267948966,15.599969387054443,-0.034183588752591976,-0.3032859317705428,-0.07164741727364299,-0.0502484548610139,0.09808124861831263,-0.002537068101956771,-0.825,-0.981,1.041,1.053
square,linoleum,0.2,-1.5707963267948966,15.799734592437744,-0.0320449664354705,-0.25651377502839184,-0.09890729812435983,-0.050699929259437074,0.057624928542468146,-0.0029233460386675373,-0.605,-0.566,0.562,0.813
square,linoleum,0.2,-1.5707963267948966,15.999955892562866,-0.040746745877333845,-0.21689561377392147,-0.06277792220653627,-0.05047588741867566,0.021290396778196274,-0.0026927044206546476,-0.782,-0.426,1.011,0.49
square,linoleum,0.2,0,0.20011353492736816,0.0,0.0,0.0,0.0,0.0,0.0,-0.586,-0.584,0.697,0.606
square,linoleum,0.2,0,0.4000680446624756,0.0,0.0,0.0,0.019263457234435417,-0.001032741391923886,-0.0002700199400773721,-0.917,0.169,-0.16,1.146
square,linoleum,0.2,0,0.6001796722412109,0.0,0.0,0.0,0.056813146567609024,-0.005487077736849144,-0.00023532989086740572,-0.504,-0.038,0.004,0.593
square,linoleum,0.2,0,0.8004293441772461,0.0,0.0,0.0,0.10086181333141434,-0.010052652027788211,0.000270957722036167,-0.345,-0.037,0.087,0.539
square,linoleum,0.2,0,1.0004050731658936,-0.005688825089852134,-0.00225547206222404,-0.027385392334073444,0.13506391959595765,-0.013099782319533626,0.0004640972554727559,-0.388,-0.026,0.045,0.498
square,linoleum,0.2,0,1.2007253170013428,0.0035851063442984277,0.001336056104913913,-0.8512903549317516,0.1786516389357673,-0.01614485194046178,0.0009713233379407347,-0.375,-0.106,0.092,0.364
square,linoleum,0.2,0,1.4000484943389893,0.02731407589791679,0.0037813186492232087,-0.03931178903193372,0.2211473890814865,-0.018485067305337444,0.001065080527932379,-0.424,0.064,0.073,0.354
square,linoleum,0.2,0,1.6001346111297607,0.07184242497380733,0.010091478796696696,0.2753439570007559,0.2574738892489716,-0.020145452032035382,0.0007997477248098393,-0.426,0.024,0.069,0.506
square,linoleum,0.2,0,1.8003947734832764,0.12214348889545834,0.01756968238813994,-0.8280875414995453,0.29764264187545847,-0.021860206421716488,0.0009835117716971754,-0.464,-0.06,0.058,0.445
square,linoleum,0.2,0,2.000385284423828,0.16504229462347664,0.023280785739053095,-0.7911390460326492,0.33970275420405466,-0.023465161293199588,0.0011278978543146439,-0.373,0.082,0.021,0.534
square,linoleum,0.2,0,2.2005221843719482,0.2053299422121454,0.027427817962470485,-0.0839878109893824,0.37834129770691594,-0.02476865859739641,0.0011719637441802266,-0.374,0.044,0.031,0.341
square,linoleum,0.2,0,2.4001190662384033,0.2527787969933801,0.032128779784099865,-0.7488787320530457,0.42082791670380676,-0.026192235689587284,0.0015460551487413785,-0.414,0.025,0.018,0.287
square,linoleum,0.2,0,2.6001663208007812,0.2985473796366238,0.03680810027330611,0.1088681454419766,0.46249839800876924,-0.027340695368652634,0.0014832377804056454,-0.251,0.0,-0.003,0.371
square,linoleum,0.2,0,2.7999963760375977,0.34398114359688525,0.041603478289162193,-0.6995272449917601,0.5019842254674596,-0.028231598332750407,0.0014757371994812338,-0.348,-0.024,0.031,0.324
square,linoleum,0.2,0,3.0001344680786133,0.3856055119842874,0.04451443299125274,-0.19818669884248877,0.5422034027729863,-0.02898122724665464,0.0016454378617209546,-0.307,0.073,-0.023,0.426
square,linoleum,0.2,0,3.2005093097686768,0.43210699684428605,0.04822031576460442,-0.6080961433765274,0.5778025834665064,-0.029625317942846507,0.0017195061182040943,-0.232,0.066,0.0,0.384
square,linoleum,0.2,0,3.3999812602996826,0.47957876403863864,0.053156868459313306,-0.6169344884567104,0.6226336460099897,-0.03039758240541135,0.0018910819770918887,-0.284,0.063,-0.048,0.387
square,linoleum,0.2,0,3.600372076034546,0.5275208777183062,0.05691245649605417,-0.5001933278892695,0.6583048028578015,-0.030896197559871164,0.0019660878266957124,-0.285,0.034,0.015,0.234
square,linoleum,0.2,0,3.800612211227417,0.5754847251339814,0.06347603804158516,-0.14212490592651794,0.7034921823813352,-0.03164926337780066,0.002219232605545194,-0.199,0.01,-0.029,0.29
square,linoleum,0.2,1.5707963267948966,4.0004050731658936,0.6192248712651169,0.06733016293859051,-0.5711366515558038,0.7440446008983118,-0.03225875869691924,0.00246581441385558,-0.259,-0.027,-0.024,0.22
square,linoleum,0.2,1.5707963267948966,4.200091123580933,0.6651555492684608,0.07048102967267739,-0.5034891603042483,0.7619190217923593,-0.015181284583729082,0.0027123962487312987,1.491,0.783,-0.903,-1.408
square,linoleum,0.2,1.5707963267948966,4.39998459815979,0.7112371600940239,0.07523260042394622,-0.3310402977834215,0.7634930833114975,0.010915518889413112,0.004345648897319335,0.955,0.911,-0.952,-1.086
square,linoleum,0.2,1.5707963267948966,4.600029230117798,0.7575169312096048,0.07858258005288418,-0.40084301211176365,0.7631100241041956,0.043623080753787735,0.004826623450077232,0.946,0.895,-0.695,-1.15
square,linoleum,0.2,1.5707963267948966,4.800126075744629,0.8057623156738085,0.08535066056176654,-0.498283543164038,0.762617897780937,0.07680583886647002,0.005761381587884755,0.909,0.954,-0.811,-0.86
square,linoleum,0.2,1.5707963267948966,5.000094652175903,0.8504673988787518,0.08940945723110459,-0.3291383882333821,0.7625429693147475,0.11189471384043337,0.006528312714578868,0.801,0.784,-0.949,-1.078
square,linoleum,0.2,1.5707963267948966,5.20000958442688,0.8670174205892595,0.07476153534619864,-0.48130582085186213,0.7622235275117192,0.14840210134098308,0.006251730195559213,0.97,0.818,-0.932,-1.154
square,linoleum,0.2,1.5707963267948966,5.400664329528809,0.8681186646062613,0.04077984322250938,-0.5964993582921478,0.7614022691390478,0.18563682257768035,0.006119533035355713,1.137,0.561,-1.088,-0.848
square,linoleum,0.2,1.5707963267948966,5.600062370300293,0.871018669023004,0.005245808110592914,-0.5453038429807235,0.761349013769704,0.21977338602739796,0.006444869203191166,0.985,1.076,-0.613,-1.027
square,linoleum,0.2,1.5707963267948966,5.800119400024414,0.8734759244394827,-0.030845749600371897,-0.6096975349754082,0.7609566991735616,0.2613676856013841,0.006943654749414653,0.623,1.03,-0.83,-1.093
square,linoleum,0.2,1.5707963267948966,6.000015497207642,0.8767812902251314,-0.0711617049984232,-0.5523525325157388,0.7603130411313875,0.3005497121965095,0.00710585359801393,0.852,1.014,-1.016,-1.099
square,linoleum,0.2,1.5707963267948966,6.200008153915405,0.8796188778375492,-0.11036210673698607,-0.559793623836291,0.7586200817085236,0.3396649842461605,0.007252113736738414,1.077,0.418,-0.963,-0.837
square,linoleum,0.2,1.5707963267948966,6.400056600570679,0.8827274559076705,-0.15095848521585833,-0.6115470724438419,0.7584912785906351,0.3775276264217661,0.007662766695720599,0.772,0.91,-0.793,-0.949
square,linoleum,0.2,1.5707963267948966,6.60000205039978,0.8859275084332157,-0.19841045629292767,-0.5728567870266383,0.7581618699140927,0.418293728199394,0.008103420802649116,0.818,0.98,-0.675,-0.961
square,linoleum,0.2,1.5707963267948966,6.799988508224487,0.8855793964324243,-0.23293870245723666,-0.6805140772845389,0.7580727606840916,0.45753829703176024,0.008139985673704126,0.881,0.855,-0.938,-0.977
square,linoleum,0.2,1.5707963267948966,7.000080585479736,0.8893906761730562,-0.28129355519920907,-0.6403364116035075,0.7575394309460219,0.4936867829908127,0.007486504789351063,0.833,0.823,-0.538,-0.963
square,linoleum,0.2,1.5707963267948966,7.200168609619141,0.889558287827212,-0.31920733975297977,-0.6913537440700791,0.7566836082523374,0.5379119884120801,0.007193984718212025,0.989,0.681,-0.635,-0.903
square,linoleum,0.2,1.5707963267948966,7.400072336196899,0.8937538794968091,-0.3641809934757191,-0.7240639914603045,0.7562362688364533,0.5753371249955638,0.007177108548818313,0.789,0.892,-0.826,-1.025
square,linoleum,0.2,1.5707963267948966,7.599997043609619,0.8960023819098542,-0.4054953536866067,-0.6945852358858344,0.7553323471247366,0.6139417317480536,0.007311180305024551,0.815,0.998,-0.764,-1.023
square,linoleum,0.2,1.5707963267948966,7.800343036651611,0.9010490901680319,-0.45595948221594906,-0.7029073944144835,0.7547254858423702,0.657910398536485,0.007702144335637954,0.698,0.987,-0.947,-1.017
square,linoleum,0.2,-3.141592653589793,8.000663042068481,0.9023060952084465,-0.49267769936385253,-0.7336795533612117,0.7544633684531188,0.6984924424279415,0.00750150580828057,0.867,0.888,-0.735,-1.068
square,linoleum,0.2,-3.141592653589793,8.200241804122925,0.9080133766816784,-0.5478602809843902,-0.7053275317139804,0.7317500218621975,0.7164830101708884,0.0066614472532723675,0.726,-0.314,0.336,-0.88
square,linoleum,0.2,-3.141592653589793,8.400079488754272,0.9062311973812814,-0.577051868720863,-0.765246020674127,0.6935744696737886,0.7205591961916926,0.006788018760006174,0.645,0.148,0.046,-0.606
square,linoleum,0.2,-3.141592653589793,8.600384712219238,0.9068936617664703,-0.613325458679241,-0.765604687697559,0.6536682966352807,0.7240160012734456,0.00620297663962052,0.596,0.102,0.012,-0.673
square,linoleum,0.2,-3.141592653589793,8.800390481948853,0.9101511440691697,-0.6564292599252254,0.016257440174799243,0.613421760859617,0.7270100305784284,0.005668562172015561,0.418,0.145,-0.052,-0.682
square,linoleum,0.2,-3.141592653589793,9.000114679336548,0.9150993660692243,-0.7023308980254164,-0.7968320387661008,0.5732773052495315,0.7292624619018653,0.005458546437276168,0.367,0.087,0.027,-0.575
square,linoleum,0.2,-3.141592653589793,9.20000147819519,0.8867868369548143,-0.721158192455098,0.03867889086251414,0.5345135890466044,0.731042343503272,0.004836936740104185,0.481,0.109,-0.067,-0.557
square,linoleum,0.2,-3.141592653589793,9.400419473648071,0.8403063522773974,-0.7347510731785651,-0.816674059574678,0.49304311379442484,0.7329223191810893,0.0044656581780442035,0.491,0.035,0.021,-0.487
square,linoleum,0.2,-3.141592653589793,9.600364446640015,0.7982010279859522,-0.7452872427637185,-0.8289250122965997,0.45310589917930993,0.7343966808732392,0.0045022235013706,0.291,0.05,-0.048,-0.586
square,linoleum,0.2,-3.141592653589793,9.800350666046143,0.7494104172474194,-0.7498089576765514,-0.8051585186847908,0.41938640003082145,0.7352056385592112,0.0047656812775951005,0.457,0.063,0.103,-0.405
square,linoleum,0.2,-3.141592653589793,10.000088453292847,0.7029600316060008,-0.7592459067092021,0.01803508370243756,0.3717114352873769,0.7363188148140738,0.00500194935181114,0.485,0.065,0.016,-0.593
square,linoleum,0.2,-3.141592653589793,10.200007677078247,0.6584405974128171,-0.7651755099316894,-0.8103855736790992,0.33275058850731337,0.7370124216317349,0.00528790856936819,0.293,0.076,0.022,-0.695
square,linoleum,0.2,-3.141592653589793,10.400330781936646,0.614036075245253,-0.7692097391371142,-0.8285873508674408,0.29703554776374186,0.737466582916422,0.005197901753606883,0.418,0.05,-0.011,-0.519
square,linoleum,0.2,-3.141592653589793,10.600388288497925,0.5687595012767643,-0.7704739687735366,-0.8610516196825,0.2584302235722626,0.7378783676639722,0.005042264924563899,0.287,0.0,0.096,-0.591
square,linoleum,0.2,-3.141592653589793,10.800007820129395,0.5169374876838196,-0.7831771178332388,-0.8573438718685604,0.21632938373433103,0.7383866218417301,0.005195089040310969,0.391,0.04,0.078,-0.332
square,linoleum,0.2,-3.141592653589793,11.000355958938599,0.47077794285971275,-0.7865890633670951,-0.8513399137499287,0.17446464968631636,0.7391114660327451,0.004929756340957826,0.408,0.03,0.034,-0.382
square,linoleum,0.2,-3.141592653589793,11.200027465820312,0.4268626546957988,-0.794172749542266,-0.8578154626973586,0.1353614253305198,0.7397528727075704,0.004876314754669125,0.443,0.054,0.057,-0.423
square,linoleum,0.2,-3.141592653589793,11.400408029556274,0.3809887190173656,-0.7923878545291497,0.09074992337951954,0.09675437319305039,0.7402371101241938,0.004352211905411832,0.273,0.013,0.024,-0.439
square,linoleum,0.2,-3.141592653589793,11.60013723373413,0.33355806952286715,-0.8034457197140744,-0.8646526338325167,0.052978829615343184,0.7406036799622577,0.004235015323201705,0.288,0.004,0.114,-0.577
square,linoleum,0.2,-3.141592653589793,11.800461530685425,0.28910679806691586,-0.8040560498367525,-0.8789449575129884,0.011230561819337244,0.7409032396533188,0.0044159668378758055,0.314,0.024,0.066,-0.456
square,linoleum,0.2,-1.5707963267948966,12.000087022781372,0.24012914921401607,-0.806894308369173,-0.8722067091516765,-0.028647006185247237,0.7411577367007796,0.004402840822862815,0.378,0.059,0.089,-0.382
square,linoleum,0.2,-1.5707963267948966,12.199991226196289,0.1956510952202134,-0.8075811595524435,-0.9179913802427777,-0.049626973140033406,0.7264423491488166,0.00344276602856116,-1.557,-0.696,0.83,1.606
square,linoleum,0.2,-1.5707963267948966,12.400007724761963,0.14909344479700248,-0.8115539958521686,0.8321936700557582,-0.05108300740031073,0.6988283719051204,0.0020017156071292985,-0.824,-0.765,1.046,0.938
square,linoleum,0.2,-1.5707963267948966,12.6000075340271,0.1009402166627329,-0.8171410351422216,0.09468755908940113,-0.05102589634818737,0.6684348922596269,0.00184232817787497,-0.859,-0.805,0.866,0.832
square,linoleum,0.2,-1.5707963267948966,12.800363302230835,0.05701511250033742,-0.8190915526773325,-0.9162003576915794,-0.05092331095522705,0.6346094179187445,0.0009497591866142845,-0.858,-0.826,0.714,1.019
square,linoleum,0.2,-1.5707963267948966,12.999991655349731,0.014673014832200182,-0.8116420320254553,-1.617346307662088,-0.05057126318922611,0.5995206713499255,0.0001968896741845502,-0.685,-0.727,1.095,0.903
square,linoleum,0.2,-1.5707963267948966,13.200000524520874,-0.013412609273740994,-0.8095963926972202,0.08828783443149096,-0.05123071629859516,0.5635360432151894,0.0004978498048378759,-0.886,-0.73,0.794,0.907
square,linoleum,0.2,-1.5707963267948966,13.400079488754272,-0.01921963850371311,-0.7797285565812772,0.09243989468651309,-0.05168179855144406,0.5262957183177625,0.00018188855236356402,-0.888,-0.744,0.929,0.934
square,linoleum,0.2,-1.5707963267948966,13.600042343139648,-0.02140844639772077,-0.7466719838218036,-0.8985477471087064,-0.05144367474263507,0.4909370558744395,-0.00027658292193216867,-0.905,-0.432,0.946,0.773
square,linoleum,0.2,-1.5707963267948966,13.80001449584961,-0.02551616354333963,-0.7121855373658459,-0.8998422553564214,-0.05141259207815818,0.4497358852233357,-0.000654422923121933,-0.547,-0.722,1.023,0.975
square,linoleum,0.2,-1.5707963267948966,14.00009799003601,-0.02162302206355704,-0.6580565371375035,-0.9240890045238521,-0.051776706991250074,0.41466246559376657,-0.0002822083348415325,-0.735,-0.755,0.786,0.8
square,linoleum,0.2,-1.5707963267948966,14.200089931488037,-0.02469713937946727,-0.6182333522375856,-1.576838192070154,-0.05188901062312244,0.37187611271285376,-0.00015844922786851547,-0.795,-0.875,0.903,0.898
square,linoleum,0.2,-1.5707963267948966,14.400009155273438,-0.029986362894991236,-0.5814641145285854,-0.9162654230523832,-0.052053194142991976,0.33254562803513976,-0.00036471437917282934,-0.846,-0.859,0.936,0.893
square,linoleum,0.2,-1.5707963267948966,14.600395917892456,-0.04031825237151254,-0.5433665668053591,-0.9054991069550071,-0.051607927033589004,0.2974730981741084,-0.0006516102202076468,-0.636,-0.833,0.959,0.776
square,linoleum,0.2,-1.5707963267948966,14.800004482269287,-0.03917331575979199,-0.501025715294829,-0.8815850243587993,-0.052058666798279044,0.25327789548031654,-0.0004537833793196995,-0.69,-0.693,1.006,0.738
square,linoleum,0.2,-1.5707963267948966,15.000382423400879,-0.03671088346148832,-0.44778359431945547,-1.5119057347378386,-0.052808835552311945,0.21407977174163897,-0.0004706596079473075,-0.809,-0.692,0.908,0.873
square,linoleum,0.2,-1.5707963267948966,15.200042963027954,-0.03979240587704058,-0.40790867465384884,-0.9008712382787455,-0.053226815944707795,0.17451847599692294,-0.000556915872491986,-0.811,-0.857,0.872,0.955
square,linoleum,0.2,-1.5707963267948966,15.400018215179443,-0.04439887835213285,-0.36498029740738147,-0.8915458867257868,-0.05330270584115447,0.13485062039330858,-0.0004200309192013709,-0.758,-0.903,0.895,1.02
square,linoleum,0.2,-1.5707963267948966,15.600134372711182,-0.04762096405040095,-0.32010843106103404,-0.8945230345478109,-0.053033013779432314,0.09949722137069594,-0.0011513333092057904,-0.587,-0.813,1.059,0.895
square,linoleum,0.2,-1.5707963267948966,15.799989700317383,-0.056711084561235636,-0.2802449863587244,-0.8591036854004914,-0.05324488471559305,0.05483758649954801,-0.0008156845091158919,-0.586,-0.74,1.088,0.781
straight,linoleum,0.2,0,0.20014643669128418,-0.003921493792920394,-0.001696789620855843,-0.006071334626482794,7.179774848820042e-07,-7.258642653051872e-07,-9.375700695162317e-07,-0.606,-0.592,0.714,0.605
straight,linoleum,0.2,0,0.39973950386047363,-0.003921493792920394,-0.001696789620855843,-0.006071334626482794,0.018762718680725973,-0.0010125684197546114,-0.0003881537938720662,-1.007,0.186,-0.082,1.127
straight,linoleum,0.2,0,0.5997707843780518,-0.003921493792920394,-0.001696789620855843,-0.006071334626482794,0.0570850349898579,-0.005752815061508654,-0.0003890913628772194,-0.529,0.016,0.232,0.451
straight,linoleum,0.2,0,0.799957275390625,-0.003921493792920394,-0.001696789620855843,-0.006071334626482794,0.0906075471768848,-0.009159103572274563,3.469009425371332e-05,-0.49,-0.041,0.018,0.553
straight,linoleum,0.2,0,0.9998235702514648,-0.003921493792920394,-0.001696789620855843,-0.006071334626482794,0.1307711982354528,-0.012793520803860703,0.0006909897389540381,-0.333,0.072,0.11,0.612
straight,linoleum,0.2,0,1.1997244358062744,-0.00027869900290911076,0.0008681845995971993,0.8525427485801275,0.1705700236106456,-0.015714423833111335,0.0006187967299214753,-0.433,0.041,0.11,0.312
straight,linoleum,0.2,0,1.3997623920440674,0.04312397897150888,0.005846583759429064,-0.015397647657847346,0.21054248829512995,-0.018355539267700338,0.0008728786651304439,-0.51,-0.002,0.126,0.377
straight,linoleum,0.2,0,1.6001312732696533,0.087355011697967,0.011513317440249166,0.021600015121983562,0.24864333477721323,-0.01987431095653619,0.0011532127468783099,-0.465,0.001,0.032,0.5
straight,linoleum,0.2,0,1.8000056743621826,0.13207592964344017,0.0175978893646771,0.841578339896073,0.2938761550818953,-0.021885051274651846,0.0008025607736837639,-0.378,0.042,0.088,0.556
straight,linoleum,0.2,0,1.9997146129608154,0.17579331177478474,0.022428724841052045,0.0928211310090648,0.3362887018934706,-0.023636068153235767,0.0007181793165599239,-0.353,0.018,0.087,0.44
straight,linoleum,0.2,0,2.1999523639678955,0.216925494695276,0.025703388338007394,0.7751131265292894,0.37234560168701464,-0.024872627388015378,0.0008578775141727245,-0.212,0.033,0.006,0.448
straight,linoleum,0.2,0,2.399973154067993,0.26388845855307974,0.031988838172805234,0.7694141641922861,0.4117696110176575,-0.02583352032487901,0.0006628625912932736,-0.436,0.053,0.032,0.252
straight,linoleum,0.2,0,2.5999743938446045,0.3107587083729012,0.03707482298910411,0.767753979871908,0.45175505989271164,-0.026983612141572022,0.0013135376467367256,-0.348,-0.012,0.012,0.438
straight,linoleum,0.2,0,2.799835443496704,0.3577701345069411,0.04197283690502193,0.783753365839783,0.49218777419459026,-0.028133918769653044,0.0014785504471490725,-0.437,-0.009,0.022,0.335
straight,linoleum,0.2,0,2.9999845027923584,0.4016500725108648,0.04303780688391759,0.14511433780950567,0.5291396319637729,-0.02890132356799263,0.0016238742486120623,-0.454,0.015,0.025,0.445
straight,linoleum,0.2,0,3.2000911235809326,0.44913488544620533,0.048219359034324866,0.16094565149388856,0.5791615167217034,-0.029698384933990463,0.0016679401802646924,-0.213,0.029,-0.007,0.427
straight,linoleum,0.2,0,3.3999218940734863,0.4916639321155918,0.05009242225170432,0.615753056301761,0.6156241078624155,-0.030367609920779748,0.0015882464756510086,-0.245,0.088,-0.044,0.322
straight,linoleum,0.2,0,3.599717617034912,0.5380799826989977,0.055082407288597285,0.23585993840666916,0.6577071358789758,-0.031226784617483183,0.0015835586108946813,-0.27,0.084,0.002,0.11
straight,linoleum,0.2,0,3.7997307777404785,0.5828583961833118,0.05889559852149778,0.6325901928505769,0.6967062440573898,-0.03172553445685966,0.0014447978259634782,-0.311,0.04,0.04,0.292
straight,linoleum,0.2,0,3.999988317489624,0.6302327482175614,0.06273523454405047,0.6060773700797857,0.7397308612376672,-0.032516730373145786,0.0017232569909936047,-0.34,0.051,-0.069,0.307
straight,linoleum,0.2,-3.141592653589793,4.1998724937438965,0.6794493934523216,0.06632396585958719,0.5205786583183937,0.778235738930412,-0.033072145197388214,0.0019717138883122006,-0.251,-0.004,0.033,0.266
straight,linoleum,0.2,-3.141592653589793,4.39977502822876,0.7260171141326073,0.07235648692213062,0.49042112087621725,0.7833722535617386,-0.03380339141547983,0.00239362192624263,1.035,-1.272,1.288,-0.989
straight,linoleum,0.2,-3.141592653589793,4.599756956100464,0.7717322474982244,0.07600023720316731,0.5371924941289643,0.7462242268594914,-0.03450743067498396,0.0024611272198230465,0.183,-0.353,0.547,-0.252
straight,linoleum,0.2,-3.141592653589793,4.799746513366699,0.8165367687598014,0.07932562743777366,0.3954610559938728,0.7063076999051711,-0.034979208472438295,0.002435812734570122,0.223,-0.33,0.351,-0.157
straight,linoleum,0.2,-3.141592653589793,5.000119686126709,0.8617199440026069,0.08453995351048883,0.35527007132687566,0.6637836025943579,-0.035362986410081454,0.002506130749576903,0.069,-0.273,0.125,-0.036
straight,linoleum,0.2,-3.141592653589793,5.1998114585876465,0.9003534173056033,0.08991570257883433,0.44757110828090374,0.6232795317670549,-0.03550400974492418,0.0023420553835523635,0.068,-0.265,0.414,-0.028
straight,linoleum,0.2,-3.141592653589793,5.400161027908325,0.8710840100355319,0.08634046017458577,0.4168243201064185,0.5826785614575473,-0.03580531255729741,0.0024142485435769997,0.084,-0.3,0.321,-0.154
straight,linoleum,0.2,-3.141592653589793,5.600030183792114,0.8219104224739905,0.08427906779802351,0.5813182389534249,0.5416524000452639,-0.036149865672118364,0.002284863401054446,0.08,-0.239,0.314,-0.063
straight,linoleum,0.2,-3.141592653589793,5.799768686294556,0.7710917335285101,0.08029610225470474,0.48269488846304376,0.5000681071041264,-0.03649483329025627,0.002323303913731921,0.066,-0.258,0.318,-0.152
straight,linoleum,0.2,-3.141592653589793,5.999716520309448,0.7272235697504071,0.07653987691738406,0.3557915241777395,0.46033935793282743,-0.0366237161130506,0.0023129906053912285,0.097,-0.224,0.309,-0.127
straight,linoleum,0.2,-3.141592653589793,6.199702978134155,0.6787184482342656,0.07218507613224145,0.363244324943608,0.4200005390730838,-0.03681357558587117,0.0023579941330074566,0.113,-0.204,0.338,-0.118
straight,linoleum,0.2,-3.141592653589793,6.399734735488892,0.6332996480632413,0.06938899842789381,0.2646881511482996,0.3798170648061697,-0.036849700482027015,0.0024358127345701598,0.101,-0.276,0.31,-0.173
straight,linoleum,0.2,-3.141592653589793,6.600004196166992,0.5864848268344915,0.06698802333269893,0.25007772221186486,0.3400247120873635,-0.03717779790064235,0.0023767456030751523,0.098,-0.247,0.315,-0.094
straight,linoleum,0.2,-3.141592653589793,6.8000030517578125,0.543346372168829,0.0649854010855675,0.8483923894262464,0.29996521661223996,-0.03743472867215708,0.002210795098044351,0.2,-0.249,0.413,-0.134
straight,linoleum,0.2,-3.141592653589793,7.000198602676392,0.4992228464495412,0.06304472727520555,0.9250942395538353,0.2596356887622044,-0.037623575828236056,0.002108599596122153,0.087,-0.195,0.274,-0.122
straight,linoleum,0.2,-3.141592653589793,7.199763774871826,0.44483229661173734,0.05862661948548159,0.8547277008708174,0.22219332450057971,-0.03762879618799558,0.0022398598748576476,0.112,-0.09,0.222,-0.17
straight,linoleum,0.2,-3.141592653589793,7.400012969970703,0.40461442812316384,0.05746867973788353,0.05564117066684443,0.17990514111172717,-0.03782418262216375,0.002104849302590687,0.108,-0.291,0.251,-0.053
straight,linoleum,0.2,-3.141592653589793,7.599778890609741,0.3568087219490272,0.054528914665143674,0.1091612762722119,0.1400131654695947,-0.03797492156747739,0.0021264134905155507,0.14,-0.306,0.319,-0.114
straight,linoleum,0.2,-3.141592653589793,7.799746513366699,0.3093400574053713,0.052276613450365966,0.7254208563000806,0.09973987064566998,-0.03825373067513432,0.0022698622255507566,0.169,-0.199,0.339,-0.106
straight,linoleum,0.2,-3.141592653589793,7.9997711181640625,0.26022681846252105,0.05038708808609871,0.7313713628721212,0.059403916956716055,-0.0384993736443881,0.0024161236906141835,0.132,-0.253,0.292,-0.215
straight,linoleum,0.2,0,0.20000576972961426,0.004524705384607586,0.0014771923683028765,0.015049912968198187,0.0,0.0,0.0,-0.006,-0.074,0.111,-0.001
straight,linoleum,0.2,0,0.39995694160461426,0.004006366617205659,0.0012439344246414907,-0.01155570404423878,0.01845664033573076,-0.00014717386583767977,-0.00021189155835003338,-0.562,0.464,-0.409,0.485
straight,linoleum,0.2,0,0.6000449657440186,0.004524705384607586,0.0014771923683028765,0.015049912968198187,0.05689294558153768,-0.00022554178856876161,-7.219314551417918e-05,-0.36,0.182,-0.086,0.233
straight,linoleum,0.2,0,0.8000001907348633,0.004524705384607586,0.0014771923683028765,0.015049912968198187,0.09741562622124178,-0.00029760138540579906,0.00020626614854749357,-0.196,0.164,-0.051,0.066
straight,linoleum,0.2,0,1.0000174045562744,0.004524705384607586,0.0014771923683028765,0.015049912968198187,0.1372134430576715,-0.000416800021331154,0.00010032035094727232,-0.202,0.153,-0.072,0.197
straight,linoleum,0.2,0,1.200490951538086,0.009242495993950106,0.0009951353388029383,-0.8137426370884947,0.17787676127873572,-0.0006456360701243558,0.00019595284055924026,-0.149,0.148,-0.088,0.146
straight,linoleum,0.2,0,1.399977207183838,0.055419314053351654,0.003189405936024514,-0.8357011399777958,0.21756521620694508,-0.00036474999560387467,0.0002981483491273651,-0.224,0.194,-0.091,0.202
straight,linoleum,0.2,0,1.600020408630371,0.10569858109727381,0.005866774513735601,-0.8758719911182076,0.2579342066959469,-0.0003486425942724747,0.00027002114448181124,-0.204,0.13,-0.09,0.2
straight,linoleum,0.2,0,1.8000125885009766,0.14255651977149497,0.0068724307740288815,-0.021351752708517358,0.2977105756106241,-0.00023782173720077182,0.00027658415887021556,-0.246,0.257,-0.081,0.176
straight,linoleum,0.2,0,1.9999666213989258,0.18616566176993554,0.008462497168924055,-0.054391064980399084,0.337744387315793,-0.00048703322219462164,0.00031783739256462074,-0.158,0.109,-0.073,0.25
straight,linoleum,0.2,0,2.1999895572662354,0.23248717157551813,0.01035045885032948,-0.738087631986847,0.37805125345938345,-0.0005387561307138578,0.00038721783243949595,-0.204,0.162,-0.101,0.262
straight,linoleum,0.2,0,2.4000468254089355,0.27571841187069734,0.01375965369366089,-0.7325630543198676,0.4146755497732772,-0.0005556022237150904,0.00020626614854751064,-0.193,0.227,-0.114,0.197
straight,linoleum,0.2,0,2.6000261306762695,0.3196949647401871,0.01573429263669665,-0.7285153119425546,0.4579899550201646,-0.0006392192035048483,0.00033940158316071516,-0.135,0.19,-0.08,0.153
straight,linoleum,0.2,0,2.8000142574310303,0.3653647274488478,0.01585754538812706,-0.6532256168477955,0.4935640414854122,-0.00041702719279962386,0.00032440040707597804,-0.255,0.145,-0.068,0.212
straight,linoleum,0.2,0,3.000046968460083,0.41291418060893664,0.021098687279975936,-0.6836153105344549,0.5376935348963937,-0.00046111539281129543,0.00045097283253263604,-0.23,0.132,-0.08,0.245
straight,linoleum,0.2,0,3.200023889541626,0.448845690190558,0.02130885407735414,-0.496341070850938,0.5772957839402127,-0.0005556696702307962,0.0004997266568001638,-0.184,0.105,-0.124,0.243
straight,linoleum,0.2,0,3.4000298976898193,0.5030700329698325,0.026935627692360214,-0.14957581854522406,0.6180770031325576,-0.0005151439907398747,0.0006169233513708466,-0.23,0.124,-0.063,0.13
straight,linoleum,0.2,0,3.600017547607422,0.5467996129398681,0.028877478144735375,-0.5137303677330319,0.6581059359001641,-0.0005926019436995333,0.0007378703411894841,-0.253,0.163,-0.049,0.165
straight,linoleum,0.2,0,3.800532817840576,0.5956844239092666,0.03127264775310437,-0.5025474923336783,0.698305996256748,-0.0006678197360822646,0.0009235099049564334,-0.211,0.127,-0.058,0.046
straight,linoleum,0.2,-3.141592653589793,4.000036954879761,0.6427365823607085,0.033973559349059046,-0.3447497732019324,0.7391017019163719,-0.0007868568542771515,0.0008419410063422986,-0.235,0.107,-0.069,0.174
straight,linoleum,0.2,-3.141592653589793,4.200012922286987,0.6884796171583896,0.038843191838081034,-0.35789166246564463,0.7420042161492536,-0.0015340137634482498,0.0017541998844274854,1.051,-1.155,1.08,-1.056
straight,linoleum,0.2,-3.141592653589793,4.399973630905151,0.7323998753770818,0.042047833559511236,-0.33784052735957154,0.7058412554221133,-0.0019493565366013876,0.0016313778093367916,0.265,-0.271,0.343,-0.344
straight,linoleum,0.2,-3.141592653589793,4.600007772445679,0.7791897674135554,0.04505711113833698,-0.42042971423569475,0.6648077497752881,-0.002184325825073441,0.001568560406542316,0.226,-0.087,0.241,-0.223
straight,linoleum,0.2,-3.141592653589793,4.800013065338135,0.8253668534948956,0.050088114128901656,-0.33306351469331774,0.6237564721926118,-0.002152131953247205,0.0013988596450319026,0.101,-0.192,0.217,-0.147
straight,linoleum,0.2,-3.141592653589793,4.999967098236084,0.8598277949246703,0.0528624305174583,-0.4394987124055933,0.583424688617803,-0.002516745610619875,0.0010378938749762909,0.181,-0.202,0.237,-0.161
straight,linoleum,0.2,-3.141592653589793,5.200012445449829,0.826572446630746,0.050156536204126315,-0.3455949580266628,0.5420213086929516,-0.002722216125051191,0.0008925699780501061,0.104,-0.142,0.316,-0.16
straight,linoleum,0.2,-3.141592653589793,5.399963140487671,0.7805201981138671,0.04715551311733962,-0.5075047603866734,0.5015037133640726,-0.002950607596096,0.0009094463018432212,0.208,-0.159,0.249,-0.273
straight,linoleum,0.2,-3.141592653589793,5.599986553192139,0.7338453748803773,0.04230533547766448,-0.41306928912904234,0.46102788152865665,-0.0028692293378844713,0.0009957030668140037,0.158,-0.19,0.252,-0.218
straight,linoleum,0.2,-3.141592653589793,5.8000102043151855,0.6875901102317632,0.03937223563293861,-0.37198179607657345,0.4205246751313411,-0.0029830215828017814,0.0008906948309582489,0.279,-0.135,0.125,-0.291
straight,linoleum,0.2,-3.141592653589793,6.000022888183594,0.6361733333610973,0.03638267008386514,-0.46338470687647193,0.38038242367768055,-0.0030662115123883393,0.0008550670360870974,0.11,-0.155,0.374,-0.144
straight,linoleum,0.2,-3.141592653589793,6.2000322341918945,0.5912073148240561,0.03318008033191289,-0.5744373495550873,0.3401889801576247,-0.003380000596498123,0.0007659975480866388,0.218,-0.149,0.363,-0.188
straight,linoleum,0.2,-3.141592653589793,6.399963140487671,0.5479519240393852,0.03219839293777382,-0.6995641277774823,0.3001210338455874,-0.003442640909063932,0.0005437926137402412,0.202,-0.15,0.255,-0.251
straight,linoleum,0.2,-3.141592653589793,6.599994897842407,0.501869735935721,0.02983445830335832,-0.12020903893124746,0.26026461209300666,-0.0034834080161776915,0.0005550434964118561,0.136,-0.163,0.191,-0.298
straight,linoleum,0.2,-3.141592653589793,6.799964904785156,0.45394356608028813,0.02454834311131021,-0.6221097835309238,0.2185658065340601,-0.003535708446319452,0.00036752878852899985,0.19,-0.107,0.278,-0.168
straight,linoleum,0.2,-3.141592653589793,6.99998927116394,0.4045766947581559,0.022234757576942737,-0.6200932086463601,0.17960241560391882,-0.0035464178917273825,0.00030471136358998645,0.207,-0.179,0.291,-0.08
straight,linoleum,0.2,-3.141592653589793,7.199992418289185,0.3614717551993621,0.02175709633893086,-0.6920773405686118,0.13948535537102802,-0.0035928122232965487,0.0003131495250661581,0.182,-0.192,0.305,-0.264
straight,linoleum,0.2,-3.141592653589793,7.400031805038452,0.32293116977973807,0.02033542654581033,-0.8056291523360148,0.09998616363840247,-0.003775408670781799,0.0002653332770724851,0.193,-0.247,0.265,-0.224
straight,linoleum,0.2,-3.141592653589793,7.599987506866455,0.2722567940477558,0.01666588449705589,-0.7744998984413598,0.05993471039072891,-0.003949325758548061,0.0003065865105823684,0.253,-0.205,0.244,-0.285
straight,linoleum,0.2,-3.141592653589793,7.80000901222229,0.2277376505502613,0.014443729572064773,-0.7687971476870377,0.019944785113787,-0.003875231293268,0.0002193921769702759,0.12,-0.051,0.263,-0.214
straight,linoleum,0.2,-3.141592653589793,0.19981169700622559,0.0,0.0,0.0,0.0,0.0,0.0,-0.079,0.049,-0.069,0.084
straight,linoleum,0.2,-3.141592653589793,0.39966845512390137,0.0,0.0,0.0,-0.014607589766390205,3.45476950249779e-05,9.375735209846988e-05,0.688,-0.614,0.649,-0.686
straight,linoleum,0.2,-3.141592653589793,0.5999987125396729,0.0,0.0,0.0,-0.04256290610543989,-3.346811471055533e-05,6.469257324090677e-05,0.31,-0.181,0.316,-0.265
straight,linoleum,0.2,-3.141592653589793,0.7999594211578369,0.0,0.0,0.0,-0.09493169897753073,-0.0003205761317950362,-4.40659563221097e-05,0.254,-0.145,0.242,-0.228
straight,linoleum,0.2,-3.141592653589793,0.9997744560241699,-0.000213931023844538,0.0013013508185586442,0.004556801099313307,-0.13811192553673823,-0.00027583567601185965,-0.0002428315504788834,0.22,-0.175,0.185,-0.255
straight,linoleum,0.2,-3.141592653589793,1.199733018875122,-0.004684683527044764,-7.950849968123286e-05,0.0017409207516826536,-0.17583647196811447,-0.0002995668318750422,-0.0003619033930656073,0.276,-0.197,0.263,-0.156
straight,linoleum,0.2,-3.141592653589793,1.4001243114471436,-0.039753277196800885,-0.0037536625083121195,-0.034117662361987114,-0.2141797036086991,-0.00043626290667819756,-0.0003787797171327265,0.214,-0.189,0.219,-0.191
straight,linoleum,0.2,-3.141592653589793,1.6001980304718018,-0.08027872106177852,-0.007519686447158197,0.0029270427261001014,-0.25430973980791227,-0.0005999924720715977,-0.00036096581950554663,0.303,-0.269,0.282,-0.259
straight,linoleum,0.2,-3.141592653589793,1.7997784614562988,-0.12696559375802247,-0.010562208069935339,-0.053170040179201086,-0.2877373599355161,-0.0006836109581167538,-0.00026252059534570077,0.272,-0.226,0.286,-0.203
straight,linoleum,0.2,-3.141592653589793,2.0000412464141846,-0.1665500096827169,-0.01510776220110746,0.0037201649023959477,-0.3284174818343145,-0.0006883657507033569,-0.0003853427320385988,0.307,-0.144,0.146,-0.339
straight,linoleum,0.2,-3.141592653589793,2.1999471187591553,-0.21357858846702,-0.01805374833259707,0.028431610383882963,-0.36917782790585696,-0.0009415676090272496,-0.000445347439461834,0.232,-0.244,0.283,-0.165
straight,linoleum,0.2,-3.141592653589793,2.399709463119507,-0.2586390013667231,-0.02125906459543568,0.07782413184122516,-0.4095143851718146,-0.0011609903332717164,-0.00047066192521696737,0.226,-0.195,0.28,-0.283
straight,linoleum,0.2,-3.141592653589793,2.6000614166259766,-0.3024622723571466,-0.026148628234609617,0.08206190552770168,-0.44986823771207607,-0.0011336044744374996,-0.0006684899375797666,0.297,-0.216,0.253,-0.182
straight,linoleum,0.2,-3.141592653589793,2.80001163482666,-0.345191950128732,-0.029652460553697052,0.13530524855118495,-0.48952257957466183,-0.0012007376653255797,-0.0007716230187248237,0.24,-0.172,0.151,-0.226
straight,linoleum,0.2,-3.141592653589793,2.999744176864624,-0.38933236341325267,-0.034702188407104345,0.14338229348685505,-0.5303129669409957,-0.001033940479683193,-0.0008522543329669149,0.215,-0.095,0.188,-0.182
straight,linoleum,0.2,-3.141592653589793,3.1997337341308594,-0.43867437611386506,-0.036855414368258996,-0.01860890633791483,-0.5683661829429396,-0.0011689508264689508,-0.0009553874036282389,0.165,-0.161,0.291,-0.146
straight,linoleum,0.2,-3.141592653589793,3.4001200199127197,-0.4853036542155027,-0.039443985175247956,0.09614316530862542,-0.6105399016696433,-0.0010881786738084487,-0.000908508735998462,0.203,-0.195,0.297,-0.259
straight,linoleum,0.2,-3.141592653589793,3.5997350215911865,-0.5301299671174209,-0.042150404136065134,0.06906571411674844,-0.6490240164840941,-0.0011173044325145653,-0.0010463320143720746,0.233,-0.203,0.226,-0.215
straight,linoleum,0.2,-3.141592653589793,3.800091505050659,-0.5751555128260809,-0.04454914945850885,0.3349137315492869,-0.6900131920824939,-0.0011296438669626818,-0.0010416441479917972,0.22,-0.103,0.241,-0.197
straight,linoleum,0.2,-3.141592653589793,3.9997546672821045,-0.621801986394062,-0.04828738368579738,0.23687708544051977,-0.7375833494528508,-0.0010343126483167708,-0.0011532153629464617,0.294,-0.106,0.216,-0.171
straight,linoleum,0.2,0,4.200125455856323,-0.6720028778798182,-0.052136583665561564,0.013872905274607605,-0.7770664424391588,-0.0009653466511790887,-0.0013097900740855382,0.255,-0.21,0.232,-0.159
straight,linoleum,0.2,0,4.3997533321380615,-0.7140122090829815,-0.052538912536180316,-0.1787402576300816,-0.7735665429292989,-0.0012708873257159525,-0.0015995000975349716,-0.912,0.943,-0.989,1.049
straight,linoleum,0.2,0,4.599924087524414,-0.7580840855933368,-0.05479501803705239,-0.17796896148801178,-0.7369211748090755,-0.0012748069701483677,-0.0013163530853938295,-0.12,0.204,-0.246,0.29
straight,linoleum,0.2,0,4.7997753620147705,-0.805356583775406,-0.05719538423157555,-0.17555429865768868,-0.6976471564711897,-0.0012144510993113977,-0.0011579032288870188,-0.161,0.186,-0.203,0.148
straight,linoleum,0.2,0,4.999794960021973,-0.8521096902748373,-0.05939780700048153,0.590246545043815,-0.6564046931947874,-0.001274969169396456,-0.0010997736898602753,-0.066,0.204,-0.265,0.229
straight,linoleum,0.2,0,5.199760437011719,-0.8867441689667906,-0.05955161092185052,-0.5365146214912246,-0.615474510700164,-0.0011667635483826322,-0.001177592265620249,-0.164,0.134,-0.075,0.136
straight,linoleum,0.2,0,5.3997368812561035,-0.867525274300146,-0.06073931955903217,0.3591930008546925,-0.5725852020980287,-0.0011771678272326502,-0.0013679196012083416,-0.079,0.197,-0.092,0.252
straight,linoleum,0.2,0,5.6000120639801025,-0.8138779184493834,-0.05680105641942154,-0.2109869694206043,-0.5354972524078508,-0.001134596770316687,-0.001173841972936457,-0.141,0.15,-0.187,0.15
straight,linoleum,0.2,0,5.79979133605957,-0.7731187447329039,-0.05612579874541318,0.39522801836489135,-0.4943002867379065,-0.0012043672931196792,-0.0010078915095512178,-0.138,0.216,-0.185,0.131
straight,linoleum,0.2,0,6.000153064727783,-0.7239238435258956,-0.052564235544944105,-0.19997601398664538,-0.45436437529055784,-0.001143936210814045,-0.0008222519839041812,-0.146,0.173,-0.1,0.203
straight,linoleum,0.2,0,6.199742555618286,-0.6769965053482712,-0.05065148581778697,-0.09665258110760826,-0.41374408916282124,-0.0010679618582637995,-0.0006741153784918521,-0.118,0.156,-0.127,0.104
straight,linoleum,0.2,0,6.400131940841675,-0.6305491397689391,-0.048233510262673585,0.4308732277635305,-0.3740206034084096,-0.0012256309681947797,-0.00041534508582066504,-0.143,0.133,-0.181,0.242
straight,linoleum,0.2,0,6.600150108337402,-0.5868641803559115,-0.04591794618854249,-0.0033177144834261596,-0.333356344888874,-0.0011773622927103156,-0.0005456678080765472,-0.132,0.144,-0.177,0.175
straight,linoleum,0.2,0,6.799999475479126,-0.5417456370801245,-0.044466649769795266,0.04016724231850598,-0.29296210812983436,-0.0012062262161198212,-0.0006103603807620457,-0.071,0.147,-0.1,0.12
straight,linoleum,0.2,0,7.000028610229492,-0.4950522201437526,-0.040545277560136095,0.1268741470404138,-0.2521230939839044,-0.0011228311728708196,-0.0005362920727987254,-0.139,0.161,-0.11,0.103
straight,linoleum,0.2,0,7.199740886688232,-0.4454712874157575,-0.03769164780735168,0.1009229760472573,-0.21230131731411883,-0.0010333947561108059,-0.00036190339306568895,-0.145,0.191,-0.122,0.149
straight,linoleum,0.2,0,7.400162220001221,-0.40025436186205426,-0.03422227899589676,0.043235019499205524,-0.17382309330460377,-0.0011321666212276704,-0.00022970552057060542,-0.146,0.086,-0.123,0.249
straight,linoleum,0.2,0,7.6000120639801025,-0.35425169218677405,-0.031755934944457956,0.10555035237303452,-0.1323632786914677,-0.0010242464536512896,-0.00011813426678068927,-0.177,0.191,-0.152,0.042
straight,linoleum,0.2,0,7.79995584487915,-0.3085071637976524,-0.026910828581345775,0.057767987717146405,-0.09244551440263027,-0.0009837046223263313,8.438161794417263e-06,-0.176,0.185,-0.132,0.141
straight,linoleum,0.2,0,7.999800205230713,-0.26173132629523477,-0.023232558836385947,0.018565731429316154,-0.05254869113005489,-0.0009815082634193062,-8.438161812594997e-06,-0.18,0.203,-0.145,0.21
straight,linoleum,0.2,-3.141592653589793,0.19910860061645508,-0.001881294318756943,-0.00044898572902210554,-0.04928265423362771,0.0,0.0,0.0,-0.001,0.001,0.001,-0.016
straight,linoleum,0.2,-3.141592653589793,0.39977049827575684,-0.001881294318756943,-0.00044898572902210554,-0.04928265423362771,-0.020416873772876154,-0.00010594893474979994,6.0942275692619586e-05,0.559,-0.559,0.589,-0.545
straight,linoleum,0.2,-3.141592653589793,0.5991249084472656,0.0,0.0,0.0,-0.05690689935587001,-0.00012328987658150048,-5.4379262693578006e-05,0.251,-0.262,0.238,-0.207
straight,linoleum,0.2,-3.141592653589793,0.7993283271789551,-0.0033981489516128893,0.0002892826997999004,-0.09226572504208086,-0.09954618424644779,-0.0003456558422796907,-8.438161376206441e-06,0.201,-0.093,0.139,-0.25
straight,linoleum,0.2,-3.141592653589793,0.999152660369873,0.0,0.0,0.0,-0.13852623302305045,-0.00020052722980495874,-6.18798507385203e-05,0.229,-0.221,0.263,-0.23
straight,linoleum,0.2,-3.141592653589793,1.1990768909454346,0.0,0.0,0.0,-0.17770104809979226,-0.0003561040619787792,-0.0003375264716579907,0.195,-0.125,0.235,-0.214
straight,linoleum,0.2,-3.141592653589793,1.3993661403656006,-0.06278341409723026,-0.006061952637575155,-0.014749525397526775,-0.21775091429324467,-0.0004860191758444543,-0.0004012814740109094,0.215,-0.22,0.165,-0.2
straight,linoleum,0.2,-3.141592653589793,1.599113941192627,-0.1010696661752461,-0.009809747739802185,0.020169532684906732,-0.2603376429844937,-0.0006357970557579473,-0.0004369092694832179,0.183,-0.186,0.279,-0.352
straight,linoleum,0.2,-3.141592653589793,1.799104928970337,-0.1510215065061119,-0.0124403443610578,0.0194698074031191,-0.2996489851038474,-0.0007230978305622915,-0.00041534507748732457,0.264,-0.215,0.363,-0.155
straight,linoleum,0.2,-3.141592653589793,1.9991130828857422,-0.19328697447872822,-0.0180589473589068,0.10914263087709264,-0.33701375383592724,-0.0007812137773833272,-0.000565356847333455,0.375,-0.148,0.1,-0.312
straight,linoleum,0.2,-3.141592653589793,2.19952654838562,-0.23850461750496776,-0.02038426019535275,0.17361673987945775,-0.3695021729175364,-0.0009711175564867669,-0.0005447302291051216,0.218,-0.208,0.303,-0.24
straight,linoleum,0.2,-3.141592653589793,2.3993468284606934,-0.2864485089608489,-0.024618055616835777,0.04493067445148957,-0.4123914100424355,-0.0010926434622521297,-0.0004969139775592326,0.21,-0.164,0.154,-0.283
straight,linoleum,0.2,-3.141592653589793,2.5991814136505127,-0.32912290141757006,-0.027784466568251037,0.1060811150248113,-0.4532347040460276,-0.0009593223914827198,-0.0005222284637021202,0.226,-0.164,0.278,-0.311
straight,linoleum,0.2,-3.141592653589793,2.799482583999634,-0.3720983462908547,-0.03054443432042475,0.2040789753691692,-0.4909731339218028,-0.0011899062775999614,-0.0007866242006804316,0.202,-0.15,0.194,-0.208
straight,linoleum,0.2,-3.141592653589793,2.99914288520813,-0.4182596236503012,-0.034175209698924375,0.13041399760146177,-0.5335561121841711,-0.0010119693824002796,-0.0009263226481197183,0.124,-0.12,0.168,-0.294
straight,linoleum,0.2,-3.141592653589793,3.1990792751312256,-0.4182596236503012,-0.034175209698924375,0.13041399760146177,-0.5754910528166168,-0.0010944945653946214,-0.0008353780222277298,0.2,-0.177,0.277,-0.257
straight,linoleum,0.2,-3.141592653589793,3.399336338043213,-0.5090959171607025,-0.0401983412793397,-0.002522284858975432,-0.6141346110225891,-0.0010706370629632866,-0.0009141341933325113,0.236,-0.165,0.25,-0.288
straight,linoleum,0.2,-3.141592653589793,3.5991146564483643,-0.5090959171607025,-0.0401983412793397,-0.002522284858975432,-0.6546206339216739,-0.0011399090510835763,-0.0009197596340128052,0.241,-0.167,0.282,-0.278
straight,linoleum,0.2,-3.141592653589793,3.799074411392212,-0.5576143686640885,-0.0413608610216782,-0.07912869659866162,-0.6945795882278425,-0.0011506263433655461,-0.0009478868371713108,0.201,-0.113,0.236,-0.265
straight,linoleum,0.2,-3.141592653589793,3.9990317821502686,-0.6489203377747594,-0.04745730562668812,-0.10721114351662903,-0.7382139819629091,-0.0010047981265879358,-0.0009900776411106516,0.251,-0.101,0.225,-0.253
straight,linoleum,0.2,0,4.1991283893585205,-0.6956410424344198,-0.04867849655700324,-0.061050422654137876,-0.7777201913450954,-0.0010035984705537015,-0.0011128997531391763,0.245,-0.122,0.27,-0.259
straight,linoleum,0.2,0,4.399111986160278,-0.7398990321596356,-0.05070436953719676,0.4140909472405608,-0.7846768276480348,-0.0010596649770255318,-0.0014710527151894507,-1.084,1.168,-1.204,1.124
straight,linoleum,0.2,0,4.599079847335815,-0.7398990321596356,-0.05070436953719676,0.4140909472405608,-0.7543174003256127,-0.0010808956821372617,-0.0012338467081315747,-0.226,0.272,-0.304,0.265
straight,linoleum,0.2,0,4.799113750457764,-0.8285324492423021,-0.05314263132751812,-0.22278102650662857,-0.7119418402995927,-0.000875366884207307,-0.001064145938835405,-0.08,0.174,-0.207,0.189
straight,linoleum,0.2,0,4.999082565307617,-0.8285324492423021,-0.05314263132751812,-0.22278102650662857,-0.6724183485551627,-0.0008470155469853524,-0.0009450741168740562,-0.108,0.246,-0.066,0.049
straight,linoleum,0.2,0,5.199082851409912,-0.8812873049031023,-0.05720645728648405,-0.15331206038461387,-0.634190748623827,-0.0009710856698177395,-0.001044456897999113,-0.145,0.189,-0.136,0.242
straight,linoleum,0.2,0,5.3990654945373535,-0.8963938281925519,-0.05697584207494821,-0.14124974336940815,-0.5900488006586567,-0.0008655100777192892,-0.0011044615930867908,-0.154,0.215,-0.141,0.151
straight,linoleum,0.2,0,5.599060773849487,-0.8547826606715266,-0.05445272437809054,0.4696356502836148,-0.5455688474905614,-0.000669938637294254,-0.0009206972074579482,-0.2,0.189,-0.131,0.156
straight,linoleum,0.2,0,5.799057245254517,-0.8113021695635978,-0.05272528112192448,-0.08936580527320667,-0.5043371603600251,-0.0006679786937275334,-0.0006759905256077628,-0.197,0.199,-0.206,0.069
straight,linoleum,0.2,0,5.999087572097778,-0.7104076932164047,-0.04813566534273714,-0.12953537139950655,-0.46318054607473236,-0.0005767071906194743,-0.0004912885361863958,-0.112,0.216,-0.113,0.157
straight,linoleum,0.2,0,6.199048042297363,-0.6689668840588199,-0.0458636291965942,0.5544456541783511,-0.42207609584704386,-0.0004400602148832422,-0.0003065865441422938,-0.182,0.124,-0.081,0.117
straight,linoleum,0.2,0,6.399148941040039,-0.6250466025055724,-0.045020542545934975,-0.039487485743740613,-0.3849688156236418,-0.0004225332236189594,-0.0001471990410425329,-0.153,0.197,-0.2,0.103
straight,linoleum,0.2,0,6.599121332168579,-0.5747554336125585,-0.04127647012176712,-0.08385557374715025,-0.34431034564533614,-0.0004602578809377311,-0.00025877029274041824,-0.147,0.187,-0.144,0.079
straight,linoleum,0.2,0,6.799085855484009,-0.5747554336125585,-0.04127647012176712,-0.08385557374715025,-0.3025264205728774,-0.0003870125821206494,-0.0002606454398482162,-0.121,0.146,-0.125,0.084
straight,linoleum,0.2,0,6.999089479446411,-0.4833366740604584,-0.036311251647571596,0.0034706117544956727,-0.26079517878881564,-0.00029486704684167364,-0.00023720610104169943,-0.102,0.095,-0.084,0.017
straight,linoleum,0.2,0,7.199142694473267,-0.4833366740604584,-0.036311251647571596,0.0034706117544956727,-0.22066379559310334,-0.00018066480985307054,1.8751469618277436e-05,-0.114,0.089,-0.06,0.181
straight,linoleum,0.2,0,7.3992486000061035,-0.4391570568627887,-0.03458804180133221,0.0839719151906605,-0.1810290097794287,-0.00017893503909016673,0.00011532153559631783,-0.115,0.155,-0.138,0.121
straight,linoleum,0.2,0,7.59908652305603,-0.3418096537474344,-0.02776480213516265,0.21998791038816273,-0.14072867874695083,-9.47622309387941e-05,0.00018001410135922374,-0.209,0.186,-0.191,0.139
straight,linoleum,0.2,0,7.799052000045776,-0.29713108036429436,-0.023522876216725816,0.054646343882531936,-0.10070419194037483,2.482624679611689e-05,0.000314087091740922,-0.164,0.182,-0.109,0.089
straight,linoleum,0.2,0,7.999063014984131,-0.29713108036429436,-0.023522876216725816,0.054646343882531936,-0.06142177719846609,8.350151664981986e-05,0.00034127671764196354,-0.147,0.174,-0.098,0.138
hourglass,linoleum,0.2,-0.5235987755982988,0.19993329048156738,-0.001079270832080842,-0.0008625091959433839,-0.02592892381745554,2.868193142324671e-06,2.9071287736548435e-06,1.875136478657509e-06,0.621,0.663,-0.67,-0.781
hourglass,linoleum,0.2,-0.5235987755982988,0.3999745845794678,0.0,0.0,0.0,0.010142975896517137,-0.0022406964342810143,-0.0005512906106042745,-1.509,0.605,-0.392,1.372
hourglass,linoleum,0.2,-0.5235987755982988,0.5999350547790527,0.0,0.0,0.0,0.03236561133219834,-0.0054323679525007385,-0.0020542176837867656,-0.499,-0.129,0.258,0.692
hourglass,linoleum,0.2,-0.5235987755982988,0.7999739646911621,-0.001079270832080842,-0.0008625091959433839,-0.02592892381745554,0.06749718022357515,-0.013668088347365048,-0.002833340962761409,-0.715,-0.216,0.413,0.697
hourglass,linoleum,0.2,-0.5235987755982988,1.0003843307495117,0.0,0.0,0.0,0.10324632216858992,-0.02471954721515307,-0.003711847360893182,-0.679,-0.098,0.299,0.47
hourglass,linoleum,0.2,-0.5235987755982988,1.199932336807251,0.003192002698715446,0.0005878461801940849,0.4716133668841566,0.14499333072431214,-0.04038338684332968,-0.0042303254428188025,-0.634,-0.34,0.161,0.83
hourglass,linoleum,0.2,-0.5235987755982988,1.399998664855957,0.038271651079666374,0.006565818880584051,0.06551553047295997,0.17418731613076438,-0.052367655210880215,-0.004516285235174354,-0.62,-0.018,0.408,0.762
hourglass,linoleum,0.2,-0.5235987755982988,1.5999839305877686,0.07967275392408142,0.017462937281130575,0.13445506567420396,0.21774401583776842,-0.0726608331590824,-0.004623168544579123,-0.533,-0.48,0.281,0.817
hourglass,linoleum,0.2,-0.5235987755982988,1.7999215126037598,0.11846884148939156,0.03657612939277022,0.09420496643820075,0.2500614846609573,-0.08710841438734784,-0.0050169490251801875,-0.833,-0.263,0.379,0.789
hourglass,linoleum,0.2,-0.5235987755982988,1.999915361404419,0.15672944430762162,0.0566770996234392,0.07567405434999921,0.28481040164106114,-0.10516573567054105,-0.004868812585353642,-0.67,-0.272,0.26,0.794
hourglass,linoleum,0.2,-0.5235987755982988,2.1999294757843018,0.20083081655435175,0.07888127051866284,0.1466436167163155,0.3195966747292462,-0.1234961145279373,-0.004872562875389286,-0.771,-0.319,0.394,0.691
hourglass,linoleum,0.2,-0.5235987755982988,2.4000513553619385,0.23547584721836717,0.0992816553284997,0.3685508081669946,0.35017617137927265,-0.13926423047182285,-0.005400415962501112,-0.763,-0.277,0.404,0.971
hourglass,linoleum,0.2,-0.5235987755982988,2.6002182960510254,0.2737961615695629,0.12379139709492143,0.06790977437768056,0.3855313786339138,-0.15936394431384804,-0.005733253773159903,-0.654,-0.164,0.216,0.63
hourglass,linoleum,0.2,-0.5235987755982988,2.799988269805908,0.3118450347901361,0.1482870403559249,0.26016974681656524,0.42342112810970617,-0.18112401805760686,-0.005684500081170697,-0.714,-0.255,0.317,0.745
hourglass,linoleum,0.2,-0.5235987755982988,2.9999873638153076,0.34804903481658156,0.17422840758697125,0.08432834116916285,0.4600418315723492,-0.2010087525218766,-0.005797946163452753,-0.735,-0.23,0.344,0.844
hourglass,linoleum,0.2,1.5707963267948966,3.199927806854248,0.3864403566654945,0.1958628016667668,0.19307577295047093,0.49030775639290897,-0.21859016159948957,-0.0058626385435828505,-0.687,-0.136,0.252,0.679
hourglass,linoleum,0.2,1.5707963267948966,3.399980068206787,0.42082820139076027,0.22214559417132468,0.11525384281476886,0.515045771253348,-0.22022954210062168,-0.005761380900605488,1.446,0.908,-0.853,-1.712
hourglass,linoleum,0.2,1.5707963267948966,3.599926233291626,0.4585435646584022,0.2519577917712008,0.08749768920737719,0.5180686442290992,-0.19875208686053236,-0.0035543350075821823,0.943,1.006,-1.149,-1.215
hourglass,linoleum,0.2,1.5707963267948966,3.7999770641326904,0.49592908704315286,0.2767819714013765,0.08089156652167936,0.518124561788043,-0.17116236657595396,-0.0020110893383409475,0.864,0.957,-0.961,-1.026
hourglass,linoleum,0.2,1.5707963267948966,4.000009059906006,0.5309154431729503,0.3032318780719771,0.39091496221194116,0.5183562149412182,-0.14209825784739655,-0.0014091679474540829,0.894,0.894,-1.093,-0.617
hourglass,linoleum,0.2,1.5707963267948966,4.199939489364624,0.5615976005791266,0.3234904039552889,0.05487839990338017,0.518813032136636,-0.10691428989156387,-0.0007659941676214418,0.621,1.061,-0.857,-1.163
hourglass,linoleum,0.2,1.5707963267948966,4.399938583374023,0.5701346903933908,0.30531590048410406,0.037332185864552614,0.518490159909718,-0.07412247428541607,-0.0004584712085682844,0.993,0.729,-0.878,-0.94
hourglass,linoleum,0.2,1.5707963267948966,4.599917411804199,0.5729533135407014,0.27762842701910057,0.036211572847615336,0.5186823741046387,-0.036667628850588996,-0.0006431724668401854,0.776,0.728,-1.017,-0.63
hourglass,linoleum,0.2,1.5707963267948966,4.799945831298828,0.5759215951033642,0.24234189371697895,0.034811328619241494,0.5190378335714325,-0.002445397696104773,-0.00018001315614602333,0.83,1.094,-0.771,-1.067
hourglass,linoleum,0.2,1.5707963267948966,4.999937057495117,0.5820947759349618,0.20713690596527431,0.07806954035923427,0.5190654142013433,0.039970000363561464,-4.68784124856925e-06,0.787,0.395,-0.523,-1.097
hourglass,linoleum,0.2,1.5707963267948966,5.199963808059692,0.5871703957135307,0.1696572625907537,0.07505048092183839,0.5183993700910137,0.07758972205217256,0.0003131476225928967,0.889,0.963,-0.846,-1.148
hourglass,linoleum,0.2,1.5707963267948966,5.399948358535767,0.589412689590726,0.13273958900710398,0.4775347541281526,0.5181992502167232,0.11329142700283176,0.0004350313318461276,0.777,0.763,-1.001,-0.682
hourglass,linoleum,0.2,1.5707963267948966,5.599912643432617,0.594406529246985,0.09013647586180423,-0.008582812158869246,0.518076002127082,0.14917883091640813,0.0008213085514132555,0.734,0.967,-0.772,-1.13
hourglass,linoleum,0.2,1.5707963267948966,5.800044536590576,0.5950649084900623,0.051592267445768836,-0.05575654838265126,0.5177850972012095,0.19522445988275033,0.0011175790078393768,0.616,0.911,-0.876,-1.034
hourglass,linoleum,0.2,1.5707963267948966,5.9999840259552,0.599935726140757,0.010886702744500654,-0.02434911438350884,0.5177264372927881,0.2367453785989176,0.0009806946038282004,0.806,0.791,-0.582,-1.121
hourglass,linoleum,0.2,-2.6179938779914944,6.199954509735107,0.6092043430326706,-0.03322160128557755,0.015512734314730742,0.5167984071380476,0.2734011617905326,0.0011532064417727468,0.923,0.839,-0.945,-0.952
hourglass,linoleum,0.2,-2.6179938779914944,6.400266885757446,0.6107317048659624,-0.07530802208534454,-0.026374634990941836,0.5005415388434122,0.2882339464821269,-4.406571064538914e-05,0.115,-0.89,0.79,-0.155
hourglass,linoleum,0.2,-2.6179938779914944,6.600579261779785,0.6112896527196008,-0.10972342249530098,-0.06152775946592309,0.46869667570004964,0.2828656210799354,-0.0010116376851613284,-0.208,-0.663,0.819,0.195
hourglass,linoleum,0.2,-2.6179938779914944,6.799967050552368,0.6157049532823113,-0.15487586326495079,0.6163681866603461,0.4385526988696736,0.27552789462511945,-0.001613558631396104,-0.248,-0.674,0.977,0.324
hourglass,linoleum,0.2,-2.6179938779914944,6.999969959259033,0.6195744949221024,-0.19652306231553734,-0.09839092697678109,0.40036419514845184,0.2634562798386479,-0.0031389899213286076,-0.229,-0.712,0.822,0.17
hourglass,linoleum,0.2,-2.6179938779914944,7.200021266937256,0.6175073270540806,-0.23050436078690412,-0.09550807843937414,0.36684162692032224,0.25118249180628793,-0.0033649451484779602,-0.305,-0.754,0.976,0.324
hourglass,linoleum,0.2,-2.6179938779914944,7.400018692016602,0.5864473104564559,-0.2395323284645941,-0.053670158866619244,0.3312466150652395,0.2368157426402736,-0.004445967261240705,-0.213,-0.901,0.818,0.243
hourglass,linoleum,0.2,-2.6179938779914944,7.599968433380127,0.5474887951846021,-0.23260643425771838,-0.08262821633481465,0.29937284906215794,0.22198204501716864,-0.004385025012847602,-0.332,-0.816,0.871,0.228
hourglass,linoleum,0.2,-2.6179938779914944,7.799907684326172,0.5084856235907573,-0.22383313571009494,-0.06881603030424205,0.26150064179002624,0.2049824353345348,-0.005248529335308066,-0.365,-0.725,0.982,0.469
hourglass,linoleum,0.2,-2.6179938779914944,8.000008583068848,0.4699253043640693,-0.22729366005488122,-0.06148404036171207,0.22762845609254684,0.18754045149164308,-0.005100392953425055,-0.19,-0.712,0.756,0.122
hourglass,linoleum,0.2,-2.6179938779914944,8.199930191040039,0.4293569759242569,-0.2148726566559644,-0.08369938089245288,0.19117300765868356,0.1683208339163193,-0.004663484175174603,-0.258,-0.859,0.938,0.229
hourglass,linoleum,0.2,-2.6179938779914944,8.399967432022095,0.3913232477713063,-0.21242118063114318,-0.007365729765334339,0.16170407994287467,0.15390273616344863,-0.005865451255527671,-0.344,-0.677,0.954,0.279
hourglass,linoleum,0.2,-2.6179938779914944,8.59998607635498,0.35028043909355655,-0.1940068130542954,-0.06806726155909631,0.12438844696410362,0.13350243355380487,-0.0060042116865132705,-0.266,-0.688,0.807,0.168
hourglass,linoleum,0.2,-2.6179938779914944,8.799915313720703,0.3054170067361578,-0.18169160951925784,-0.025906402794669936,0.0898734659165033,0.11426971023309872,-0.005606681676835056,-0.312,-0.726,0.856,0.265
hourglass,linoleum,0.2,-2.6179938779914944,8.999942779541016,0.26554454015268314,-0.16853203666369593,-0.05922285444680192,0.05246511653856817,0.09509392375608337,-0.0055832423957444585,-0.351,-0.778,0.981,0.34
hourglass,linoleum,0.2,2.6179938779914944,9.199935913085938,0.22511874665480647,-0.157946653263007,0.524593950533953,0.019276107640041618,0.07616618249909729,-0.005730441060312125,-0.385,-0.465,0.967,0.056
hourglass,linoleum,0.2,2.6179938779914944,9.399912118911743,0.184685694423812,-0.13780892196663913,-0.0332536220402006,-0.008150720011575241,0.07251366026823813,-0.0049128784919245825,0.898,0.459,-0.239,-0.978
hourglass,linoleum,0.2,2.6179938779914944,9.599924802780151,0.14178027086325068,-0.12788577195299716,0.512457541381039,-0.0506130833849463,0.0817385694890407,-0.003682782581935821,0.963,0.482,-0.222,-0.91
hourglass,linoleum,0.2,2.6179938779914944,9.799928903579712,0.097235421072385,-0.11044965612511343,0.0026088930022487578,-0.08566177810197678,0.0933908338754109,-0.0029786648496083856,0.462,0.447,-0.215,-0.817
hourglass,linoleum,0.2,2.6179938779914944,10.000016450881958,0.05567519429504543,-0.09087349587010202,0.5752535084673216,-0.11986108759108738,0.1055016789657443,-0.001883579462543015,0.79,0.255,-0.306,-0.942
hourglass,linoleum,0.2,2.6179938779914944,10.199965238571167,0.01397319549418799,-0.0866943039650816,-0.009273081221937096,-0.1530746945887631,0.120198877965217,-0.0015751181758045835,0.697,0.163,-0.109,-0.942
hourglass,linoleum,0.2,2.6179938779914944,10.399983644485474,-0.023708711009517464,-0.09653260104510097,-0.028742544663017677,-0.18772133235652366,0.13549548170158746,-0.0012657194883206849,0.726,0.393,-0.344,-1.067
hourglass,linoleum,0.2,2.6179938779914944,10.600014925003052,-0.06277562125870145,-0.11056725375231752,0.5886456324372711,-0.2236192949912725,0.15194108556064193,-0.0015029251322706415,0.722,0.281,-0.321,-0.973
hourglass,linoleum,0.2,2.6179938779914944,10.799982070922852,-0.10367932539627947,-0.1300433226348809,-0.07022640180668938,-0.2554308590763781,0.16880562479089084,-0.0013285367822641705,0.739,0.297,-0.229,-0.72
hourglass,linoleum,0.2,2.6179938779914944,10.999988794326782,-0.14274194198776416,-0.15003071019450315,-0.08689231662085994,-0.28584246700893456,0.1842660418526847,-0.0009835105573398908,0.72,0.475,-0.259,-1.029
hourglass,linoleum,0.2,2.6179938779914944,11.199932336807251,-0.17827270964804534,-0.16674064523652804,-0.1378407144311723,-0.3256941777940579,0.20455961069663453,-0.0011213335012842255,0.657,0.349,-0.195,-0.995
hourglass,linoleum,0.2,2.6179938779914944,11.399958372116089,-0.21547534724850922,-0.18549827459677876,-0.16260317663772067,-0.3602772639297845,0.22376289078115252,-0.0011138329317837885,0.779,0.375,-0.19,-0.955
hourglass,linoleum,0.2,2.6179938779914944,11.599959135055542,-0.2598827873820311,-0.21363141119196966,-0.15982409686106525,-0.39711200771466426,0.24292729905274943,-0.00041534301004755294,0.814,0.41,-0.344,-0.905
hourglass,linoleum,0.2,2.6179938779914944,11.799999952316284,-0.3000038783535618,-0.23876579221904232,-0.13371331044914542,-0.42448035184828725,0.25695024760959356,2.812704713610857e-06,0.805,0.39,-0.291,-1.185
hourglass,linoleum,0.2,2.6179938779914944,11.99992322921753,-0.3365459002001171,-0.26068747743895165,-0.15638199449515028,-0.4654233712785167,0.28074965078384295,0.00010125735272075017,0.593,0.278,-0.404,-0.729
hourglass,linoleum,0.2,-1.5707963267948966,12.199930667877197,-0.3694087807169545,-0.2778562857354135,-0.1772445047349132,-0.5008205465286865,0.300316863461657,0.00023720466827851366,0.746,0.404,-0.359,-1.057
hourglass,linoleum,0.2,-1.5707963267948966,12.399957418441772,-0.4103824590906989,-0.30352869267547516,-0.7331059236767363,-0.520534032638871,0.296726127245281,-0.00011532091595382139,-1.552,-0.665,0.762,1.454
hourglass,linoleum,0.2,-1.5707963267948966,12.600043773651123,-0.4499439881579401,-0.32790023386413897,-0.19172230310912197,-0.5230843856764765,0.2757257231844659,-0.001050078096196456,-0.892,-0.741,0.962,0.935
hourglass,linoleum,0.2,-1.5707963267948966,12.799859046936035,-0.4855389219497974,-0.35066914367416707,0.7191465040368481,-0.5241208254296105,0.24337809318741926,-0.0035646483166125293,-0.84,-0.722,1.13,0.926
hourglass,linoleum,0.2,-1.5707963267948966,12.99989628791809,-0.5263678077536678,-0.3791105559039379,0.7104874605141585,-0.5247970148406289,0.21217423257668938,-0.0040803137188415595,-1.023,-0.46,0.731,0.782
hourglass,linoleum,0.2,-1.5707963267948966,13.199933052062988,-0.5572300492310874,-0.38926648021899174,-0.872049726312623,-0.5248020745036864,0.1823350903554779,-0.005492297973716464,-0.829,-0.855,0.892,0.955
hourglass,linoleum,0.2,-1.5707963267948966,13.399931192398071,-0.56694511316027,-0.368883501940447,-0.22269681527450758,-0.5255386299913185,0.14982001855610097,-0.005993898412949401,-0.849,-0.573,1.245,0.899
hourglass,linoleum,0.2,-1.5707963267948966,13.59986138343811,-0.5709511226529685,-0.33761679132235917,-0.23075644881648177,-0.5262970916917269,0.1088950027034433,-0.005998586264603997,-0.764,-0.778,0.73,0.952
hourglass,linoleum,0.2,-1.5707963267948966,13.800012111663818,-0.569202962057404,-0.2976679838079716,0.7323831607905525,-0.5263441699626259,0.07683668696861111,-0.006684887069598187,-1.117,-0.405,0.981,0.672
hourglass,linoleum,0.2,-1.5707963267948966,13.99991512298584,-0.5736677035164278,-0.26324129146423386,-0.2250613883460797,-0.5265244425886229,0.0359978001489101,-0.00677020578298515,-0.839,-0.831,1.011,0.817
hourglass,linoleum,0.2,-1.5707963267948966,14.199889421463013,-0.5723688259958459,-0.22131544868783531,-0.267894620536048,-0.5269760489192912,-0.0013990055502574317,-0.0064551827230392884,-0.581,-0.754,1.035,0.657
hourglass,linoleum,0.2,-1.5707963267948966,14.400000095367432,-0.583992327591061,-0.1878655208802808,-0.23351694994447902,-0.5272242709605817,-0.038583578464021634,-0.006329548439354366,-0.899,-0.862,1.036,0.972
hourglass,linoleum,0.2,-1.5707963267948966,14.599918127059937,-0.593474017698992,-0.14648057496963612,-0.19540310596929839,-0.5269011051527329,-0.07622072702646798,-0.0066595727213953635,-1.066,-0.745,0.931,0.538
hourglass,linoleum,0.2,-1.5707963267948966,14.799920320510864,-0.594044781331822,-0.10384387131097278,-0.18654376204495593,-0.5266062950932936,-0.11426589566058465,-0.006956781783390631,-0.861,-0.899,0.923,0.743
hourglass,linoleum,0.2,-1.5707963267948966,14.999939680099487,-0.596818638787482,-0.060969832687048975,0.672478763720395,-0.5266456538025691,-0.15776332927917047,-0.007018661233656305,-0.673,-0.856,0.855,0.922
hourglass,linoleum,0.2,0.5235987755982988,15.19999647140503,-0.5930047389065197,-0.013972971314232474,-0.7960240020085159,-0.5272642205316194,-0.20038964063943093,-0.006603318606753563,-0.675,-0.763,1.054,0.695
hourglass,linoleum,0.2,0.5235987755982988,15.399965763092041,-0.5992921672526568,0.026290904275411253,0.6756263468116577,-0.5129340154655712,-0.21355681245836966,-0.006109219546656421,-0.195,1.485,-1.259,0.113
hourglass,linoleum,0.2,0.5235987755982988,15.599954843521118,-0.6029302710699518,0.07249419188463435,1.0426123960248832,-0.4795031944478754,-0.20762771940097702,-0.005571991540388234,0.314,0.802,-0.723,-0.18
hourglass,linoleum,0.2,0.5235987755982988,15.799948692321777,-0.6032906668052281,0.11715239763890184,-0.19046439699037498,-0.45827517230281245,-0.2025390605315776,-0.005158522424441078,0.233,0.775,-0.703,-0.262
hourglass,linoleum,0.2,0.5235987755982988,16.000048637390137,-0.6027142750744316,0.16304778751046603,0.6679497954576962,-0.41021562654506966,-0.18811245307113877,-0.004010933290888675,0.407,0.874,-0.617,-0.527
hourglass,linoleum,0.2,0.5235987755982988,16.199937343597412,-0.6082740508170754,0.19658783776792738,-0.19455242355349117,-0.38228204128622095,-0.17789996421951382,-0.003114613009354817,0.185,0.827,-0.67,-0.4
hourglass,linoleum,0.2,0.5235987755982988,16.399914503097534,-0.5722958634528763,0.19646292834180218,0.6447182851583151,-0.3410359370826111,-0.16100067886262043,-0.0019726488586578692,0.215,0.929,-0.95,-0.505
hourglass,linoleum,0.2,0.5235987755982988,16.599903345108032,-0.5360925858309384,0.1868557173929688,-0.13462098106486442,-0.30648581455426477,-0.1456478966094661,-0.0021536004020402716,0.287,0.88,-0.7,-0.379
hourglass,linoleum,0.2,0.5235987755982988,16.799914121627808,-0.4967572810827562,0.1813227069508661,-0.14074558864060172,-0.2750154888686511,-0.13013756467935883,-0.0015441782988370731,0.431,0.676,-0.74,-0.444
hourglass,linoleum,0.2,0.5235987755982988,17.00008988380432,-0.456762965930506,0.17005166313145018,0.5915346154785248,-0.24097434117205674,-0.1135755467021119,-0.0008503755116422897,0.395,0.567,-0.65,-0.411
hourglass,linoleum,0.2,0.5235987755982988,17.20004439353943,-0.4169125702294889,0.15767917686465271,0.9061391535042609,-0.2057474332797435,-0.09582846533959849,-0.001700752845072523,0.315,0.433,-0.346,-0.484
hourglass,linoleum,0.2,0.5235987755982988,17.40017604827881,-0.3832056065044608,0.14255984839017805,0.5297867868892383,-0.16966571383561402,-0.07589061462347191,-0.001011637685161314,0.329,0.615,-0.93,-0.326
hourglass,linoleum,0.2,0.5235987755982988,17.600348949432373,-0.3372440872877377,0.12716121494165095,0.5808278463901123,-0.1333232965503287,-0.058132944549193294,0.0002765824990658928,0.316,1.107,-0.585,-0.779
hourglass,linoleum,0.2,0.5235987755982988,17.799964666366577,-0.29506064049725733,0.11343818750728635,0.8577869300930221,-0.09860324368591195,-0.04027904825701162,0.0011466434938465953,0.317,0.916,-1.008,-0.842
hourglass,linoleum,0.2,-0.5235987755982988,0.1999974250793457,-0.2288989564665327,-0.3734756305564872,0.20606405086417887,0.0,0.0,0.0,0.362,0.539,-0.575,-0.521
hourglass,linoleum,0.2,-0.5235987755982988,0.3999948501586914,-0.2288989564665327,-0.3734756305564872,0.20606405086417887,0.016315364594937043,-0.003897248773649331,-0.0016294963285367501,-1.13,0.049,-0.069,1.222
hourglass,linoleum,0.2,-0.5235987755982988,0.5999710559844971,-0.2288989564665327,-0.3734756305564872,0.20606405086417887,0.049255656449390006,-0.011981640026197476,-0.0029505362420076463,-0.572,-0.113,0.18,0.749
hourglass,linoleum,0.2,-0.5235987755982988,0.8004248142242432,-0.22673713965983205,-0.3710511872700321,-0.24707877178773863,0.08454000259317035,-0.022852517387304178,-0.003558083865310905,-0.705,-0.147,0.475,1.023
hourglass,linoleum,0.2,-0.5235987755982988,1.000084400177002,-0.2277643760291056,-0.37083257913793993,-0.23876575920620233,0.11946382139290757,-0.036148324783674024,-0.004671921058751709,-0.577,0.0,0.284,0.893
hourglass,linoleum,0.2,-0.5235987755982988,1.2000021934509277,-0.2277643760291056,-0.37083257913793993,-0.23876575920620233,0.14830057782255462,-0.048052984912247576,-0.005198836930587841,-0.728,-0.304,0.363,0.979
hourglass,linoleum,0.2,-0.5235987755982988,1.4002101421356201,-0.17445486166844892,-0.35396000971723546,-0.22934380406482643,0.18450042406293748,-0.0632438248682404,-0.005747316503210663,-0.752,-0.198,0.374,0.821
hourglass,linoleum,0.2,-0.5235987755982988,1.5998728275299072,-0.17445486166844892,-0.35396000971723546,-0.22934380406482643,0.22427000331603925,-0.08319426406724609,-0.005766067931141341,-0.439,-0.145,0.398,0.387
hourglass,linoleum,0.2,-0.5235987755982988,1.8000540733337402,-0.09338324801737843,-0.3225286286408847,-0.17074018578959035,0.2559476578728727,-0.09877152057429708,-0.0058420112064252825,-0.48,-0.345,0.415,0.533
hourglass,linoleum,0.2,-0.5235987755982988,2.0000038146972656,-0.09338324801737843,-0.3225286286408847,-0.17074018578959035,0.2940515675541944,-0.11827468529889465,-0.006496435393202587,-0.287,-0.36,0.221,0.685
hourglass,linoleum,0.2,-0.5235987755982988,2.20005464553833,-0.015141772108514907,-0.27943932039252767,-0.04853441338887409,0.3263670189382932,-0.13639429207699835,-0.006323922535757108,-0.649,-0.356,0.326,0.812
hourglass,linoleum,0.2,-0.5235987755982988,2.4004673957824707,0.025661374615790787,-0.2545669241838713,-0.15815435930647828,0.36368157195748757,-0.15595031730978623,-0.006447681768074579,-0.792,-0.3,0.44,0.978
hourglass,linoleum,0.2,-0.5235987755982988,2.600146770477295,0.06144926416088547,-0.23241628310689358,-0.07410801333390604,0.39290557253811903,-0.17236279413972908,-0.006632382965077151,-0.71,-0.248,0.353,0.824
hourglass,linoleum,0.2,-0.5235987755982988,2.8000128269195557,0.06144926416088547,-0.23241628310689358,-0.07410801333390604,0.43326265689225835,-0.1959641912745191,-0.0062629804741249845,-0.721,-0.261,0.306,0.631
hourglass,linoleum,0.2,1.5707963267948966,3.000061273574829,0.14031928833304314,-0.18153578206721183,-0.06087717165196888,0.4655310188812251,-0.21376271040249215,-0.00649737296284956,-0.781,-0.262,0.42,0.985
hourglass,linoleum,0.2,1.5707963267948966,3.200078010559082,0.1772271164413428,-0.155117639347275,-0.08706733173261207,0.4827692858241874,-0.2056748452825696,-0.006876150883256231,1.42,0.816,-0.816,-1.399
hourglass,linoleum,0.2,1.5707963267948966,3.4000489711761475,0.21340602178977983,-0.12957720441037215,-0.07660104117827354,0.48533539216767024,-0.18233341592037486,-0.005576678475255902,0.908,0.503,-0.544,-0.998
hourglass,linoleum,0.2,1.5707963267948966,3.5999879837036133,0.25195645257365795,-0.09979705613808726,-0.15659631976904423,0.4852644747147716,-0.15282443539922977,-0.00374841129852983,0.898,0.944,-1.129,-1.005
hourglass,linoleum,0.2,1.5707963267948966,3.7999818325042725,0.28613799577930343,-0.07664927448800277,-0.17095529094560627,0.4859196993536223,-0.12247925780560551,-0.0024601854711923015,0.98,0.922,-1.109,-1.144
hourglass,linoleum,0.2,1.5707963267948966,4.000025987625122,0.3089656238241568,-0.07328885640882928,-0.15430503007168753,0.48556409263985717,-0.08721871837206704,-0.001484172731154641,1.056,0.568,-1.004,-0.907
hourglass,linoleum,0.2,1.5707963267948966,4.200098514556885,0.31896807059531496,-0.10150417354212335,-0.141213162835329,0.4857231094844156,-0.057834577924388036,-0.0010875801830436235,0.803,0.964,-0.977,-0.891
hourglass,linoleum,0.2,1.5707963267948966,4.400052547454834,0.32111643448288235,-0.13064792758090282,-0.08742601916532115,0.4858402629711283,-0.01718139011290798,-0.0006656736532538502,0.805,0.998,-0.904,-1.077
hourglass,linoleum,0.2,1.5707963267948966,4.599992275238037,0.32111643448288235,-0.13064792758090282,-0.08742601916532115,0.4857198080753115,0.019455259598229274,-0.0006262957360193932,0.937,0.859,-0.522,-1.152
hourglass,linoleum,0.2,1.5707963267948966,4.800387144088745,0.32662541449057175,-0.20332573368371493,-0.17108678356008925,0.4854362659629203,0.056222758569106274,-0.00012657163695494562,0.857,0.886,-0.978,-1.142
hourglass,linoleum,0.2,1.5707963267948966,5.000088691711426,0.3295963410278392,-0.2392183271314631,-0.17407054661268956,0.4857185831893887,0.09486132805763764,-0.00017251246722525988,0.834,0.878,-0.96,-0.873
hourglass,linoleum,0.2,1.5707963267948966,5.200026750564575,0.3295963410278392,-0.2392183271314631,-0.17407054661268956,0.48565971353203224,0.13466255579467495,0.00023907959943800976,0.854,1.063,-0.857,-1.191
hourglass,linoleum,0.2,1.5707963267948966,5.400189161300659,0.337370004747666,-0.31792231174181657,-0.18268986613569102,0.485453541304475,0.17345676934570473,0.0004856595049499519,0.865,0.879,-0.948,-1.105
hourglass,linoleum,0.2,1.5707963267948966,5.599971294403076,0.337370004747666,-0.31792231174181657,-0.18268986613569102,0.4845245313607995,0.2124989416629512,0.0006966116987136388,1.004,0.564,-0.921,-0.91
hourglass,linoleum,0.2,1.5707963267948966,5.799978733062744,0.33974086844659906,-0.3558972478095422,-0.2691422000130232,0.48424332812648546,0.2523674866913569,0.00042471772577213577,0.806,0.94,-0.887,-1.054
hourglass,linoleum,0.2,1.5707963267948966,5.999965190887451,0.34631008519997825,-0.39953993029366236,-0.23101389365420413,0.4843366029612017,0.29278402453201313,0.0005850414506029036,0.925,0.909,-0.791,-0.956
hourglass,linoleum,0.2,-2.6179938779914944,6.200055122375488,0.35345645888371796,-0.48539674095170793,-0.2737914102113833,0.48424306654727917,0.3320351330864294,0.000664734490372086,0.777,0.967,-0.809,-1.184
hourglass,linoleum,0.2,-2.6179938779914944,6.400604009628296,0.35783705345690237,-0.5298948811630104,-0.2821525697947146,0.47132336092599175,0.34974547087053076,-0.0003159604120220364,0.351,-1.339,1.377,-0.284
hourglass,linoleum,0.2,-2.6179938779914944,6.600052356719971,0.36409524941928945,-0.575114306448242,-0.28194086073550206,0.43938104491442226,0.3447419390534934,-0.0013350988939743688,-0.146,-0.758,0.84,0.17
hourglass,linoleum,0.2,-2.6179938779914944,6.799992322921753,0.36475033404006885,-0.6128620680845386,-0.32014240275585387,0.40401036938469853,0.33609718365350916,-0.0025267531531146183,-0.292,-0.272,0.655,0.111
hourglass,linoleum,0.2,-2.6179938779914944,7.000123500823975,0.3679234708355578,-0.6540673834850147,-0.3221305259608256,0.374434565763425,0.32722362535577065,-0.003177429010963889,-0.325,-0.537,0.981,0.242
hourglass,linoleum,0.2,-2.6179938779914944,7.199980020523071,0.3665730644219102,-0.6871530232142241,-0.3225147321396798,0.33923138697662764,0.31484258262532694,-0.004294079059593521,-0.209,-0.642,0.763,0.167
hourglass,linoleum,0.2,-2.6179938779914944,7.400005102157593,0.3294355050169088,-0.684310232072232,-0.3150791726486183,0.3048968325365507,0.30060617276528906,-0.004188133268158214,-0.328,-0.785,0.918,0.128
hourglass,linoleum,0.2,-2.6179938779914944,7.60002589225769,0.29025779646502,-0.6823904538467089,-0.33877169212032154,0.2668025410148808,0.28464576862363206,-0.004934441468072454,-0.239,-0.781,0.912,0.249
hourglass,linoleum,0.2,-2.6179938779914944,7.799988508224487,0.2519491767906581,-0.6766227841855503,-0.3276547628328395,0.2325891167673399,0.2679858966580873,-0.005014135146473855,-0.26,-0.815,0.898,0.085
hourglass,linoleum,0.2,-2.6179938779914944,8.0,0.2133560277736236,-0.6835021814807642,-0.25836793414762127,0.1978294369979146,0.25137705717532466,-0.00479286797183837,-0.312,-0.699,1.027,0.37
hourglass,linoleum,0.2,-2.6179938779914944,8.200025081634521,0.17189449461842893,-0.6652941281513247,-0.3158502441381186,0.16242647576330366,0.23372988713184156,-0.005507298161485178,-0.388,-0.408,0.962,0.085
hourglass,linoleum,0.2,-2.6179938779914944,8.400100469589233,0.13176024753938834,-0.6560305705087641,-0.2797891303999517,0.12683150920912428,0.21411704273387,-0.005541988319535578,-0.424,-0.399,0.827,0.034
hourglass,linoleum,0.2,-2.6179938779914944,8.600023984909058,0.13176024753938834,-0.6560305705087641,-0.2797891303999517,0.09329724363690334,0.197008275162755,-0.005881389195967269,-0.416,-0.612,1.227,0.406
hourglass,linoleum,0.2,-2.6179938779914944,8.799967050552368,0.045253820892014025,-0.6271248175611652,-0.29515330447568,0.05768560001994605,0.17816431041429792,-0.006653947057609711,-0.195,-0.638,0.564,0.351
hourglass,linoleum,0.2,-2.6179938779914944,8.999955177307129,0.0037111741304348945,-0.6134329580348057,-0.2944414039522245,0.021748458266731108,0.15753419234312493,-0.006090467508440285,-0.296,-0.752,0.945,0.179
hourglass,linoleum,0.2,2.6179938779914944,9.200013160705566,-0.038348251543689815,-0.6047043831651311,-0.26958658525403834,-0.011950931357714634,0.13912232485954634,-0.0061429714625822,-0.361,-0.852,1.16,0.327
hourglass,linoleum,0.2,2.6179938779914944,9.400036811828613,-0.08297113110522246,-0.5849110308215383,-0.3036081966384826,-0.0463710647125658,0.13800005586702738,-0.005361974502021166,0.695,0.277,-0.258,-0.84
hourglass,linoleum,0.2,2.6179938779914944,9.600006580352783,-0.11955856162389195,-0.5664597535023495,-0.3063686660815399,-0.08070375642205846,0.1468033372095431,-0.004505970618101303,0.825,0.15,-0.178,-0.781
hourglass,linoleum,0.2,2.6179938779914944,9.800012111663818,-0.11955856162389195,-0.5664597535023495,-0.3063686660815399,-0.11535045586539694,0.15695855131624145,-0.0031811793048831406,0.885,0.394,-0.393,-1.094
hourglass,linoleum,0.2,2.6179938779914944,10.000032186508179,-0.2058669469556771,-0.5357135978593102,-0.2977762663221768,-0.14986749084203754,0.16995230497563887,-0.0028099002443859027,0.769,0.16,-0.264,-0.855
hourglass,linoleum,0.2,2.6179938779914944,10.200016260147095,-0.2058669469556771,-0.5357135978593102,-0.2977762663221768,-0.18449938111327607,0.18437330123786627,-0.0027620840086414683,0.898,0.347,-0.202,-1.049
hourglass,linoleum,0.2,2.6179938779914944,10.399973154067993,-0.2487170577863856,-0.5361513196485137,-0.3184405016038426,-0.21872378753419688,0.1987274719825725,-0.002037340185876261,0.74,0.254,-0.382,-0.783
hourglass,linoleum,0.2,2.6179938779914944,10.600104570388794,-0.3281392250148363,-0.561745405205737,0.3654207585799551,-0.2511527600652654,0.21415962033835306,-0.0015282385915745562,0.755,0.255,-0.399,-0.605
hourglass,linoleum,0.2,2.6179938779914944,10.800439834594727,-0.36649255113018264,-0.5802585028916006,-0.38167517983515764,-0.28896959969957076,0.23203438024399212,-0.0011138321604872653,0.938,0.448,-0.303,-1.05
hourglass,linoleum,0.2,2.6179938779914944,11.000101089477539,-0.4044194702462988,-0.5955356161642439,-0.3547939429301268,-0.3230157523305225,0.24959963101851065,-0.001252592640790529,0.69,0.29,-0.173,-0.935
hourglass,linoleum,0.2,2.6179938779914944,11.19999098777771,-0.4416367154683709,-0.6163732863781912,-0.40459802435656367,-0.358689698797375,0.2692557681467127,-0.0011635234081928906,0.72,0.362,-0.351,-0.893
hourglass,linoleum,0.2,2.6179938779914944,11.399975538253784,-0.4416367154683709,-0.6163732863781912,-0.40459802435656367,-0.3934649659304234,0.2870984818997784,-0.0011794621115704964,0.84,0.42,-0.35,-1.041
hourglass,linoleum,0.2,2.6179938779914944,11.599995851516724,-0.4798876013752437,-0.6346500702375698,-0.42595649191744184,-0.4245560500462724,0.30369111194045967,-0.0009591330330536523,0.621,0.283,-0.327,-0.963
hourglass,linoleum,0.2,2.6179938779914944,11.80001711845398,-0.5558868496605331,-0.6767912689687974,-0.4417764933678859,-0.4630132754660644,0.3258736237635712,-0.0007191151196386551,0.442,0.409,-0.234,-0.853
hourglass,linoleum,0.2,-1.5707963267948966,12.000011682510376,-0.5558868496605331,-0.6767912689687974,-0.4417764933678859,-0.49813805490731544,0.3448477193677501,-0.0007978709798210038,0.617,0.531,-0.343,-1.166
hourglass,linoleum,0.2,-1.5707963267948966,12.200196266174316,-0.6375465929741461,-0.7269236335116345,-0.452977287146591,-0.5151126774695498,0.33736570569837054,-0.0009947607054072703,-1.266,-0.605,0.814,1.114
hourglass,linoleum,0.2,-1.5707963267948966,12.400317668914795,-0.6738856796763436,-0.7496914502830263,-0.472541040217472,-0.5176191803702059,0.3133037512929312,-0.0031943053336471526,-1.011,-0.558,0.776,0.908
hourglass,linoleum,0.2,-1.5707963267948966,12.600069999694824,-0.6738856796763436,-0.7496914502830263,-0.472541040217472,-0.5182574114475077,0.28590400768971785,-0.0038871721829413525,-0.758,-0.647,1.108,0.738
hourglass,linoleum,0.2,-1.5707963267948966,12.799994707107544,-0.7534732469256072,-0.8005328420079316,-0.4796166285877352,-0.5184905950044743,0.2546068647965328,-0.004844434479993142,-0.944,-0.871,0.971,0.873
hourglass,linoleum,0.2,-1.5707963267948966,13.000035285949707,-0.7773423679302296,-0.800933317900795,-0.48482552980911175,-0.5183592705705627,0.22108623863259624,-0.005542925891342606,-0.828,-0.607,1.161,0.742
hourglass,linoleum,0.2,-1.5707963267948966,13.199991464614868,-0.7773423679302296,-0.800933317900795,-0.48482552980911175,-0.5189024767084192,0.1865031964925755,-0.005743566217533866,-0.8,-0.705,0.985,0.732
hourglass,linoleum,0.2,-1.5707963267948966,13.399981260299683,-0.785064351339439,-0.776171676860156,-0.47901968641951054,-0.5192267999395671,0.15002012470700957,-0.006140158750929184,-0.812,-0.839,1.093,1.061
hourglass,linoleum,0.2,-1.5707963267948966,13.59996509552002,-0.7934344403762474,-0.7128240025009743,1.0844281521945636,-0.5192656671570968,0.11224326060954365,-0.006463620453961384,-0.818,-0.819,0.69,1.07
hourglass,linoleum,0.2,-1.5707963267948966,13.800041198730469,-0.7914838798190236,-0.6664521190732342,-0.502541765201723,-0.5195891386109885,0.0750483482115848,-0.0065208122031973495,-0.744,-0.628,0.966,0.765
hourglass,linoleum,0.2,-1.5707963267948966,14.000040769577026,-0.7979477966045845,-0.6319348933912908,-0.4602909607121498,-0.5204566587505993,0.03712842565800825,-0.00693334255952725,-0.742,-0.693,0.867,0.931
hourglass,linoleum,0.2,-1.5707963267948966,14.200054407119751,-0.7985667903104654,-0.5912113667917094,-0.47032895468824837,-0.5208589261440643,-0.0013861370409567197,-0.007175235100507253,-0.874,-0.808,0.958,0.888
hourglass,linoleum,0.2,-1.5707963267948966,14.399998903274536,-0.7985667903104654,-0.5912113667917094,-0.47032895468824837,-0.5207750192600888,-0.03511554892999513,-0.007228676448167938,-0.928,-0.855,0.719,0.844
hourglass,linoleum,0.2,-1.5707963267948966,14.599968433380127,-0.8003582281845325,-0.5483346224350542,-0.46847747826197095,-0.5208447621149288,-0.0749064773019936,-0.0077199613153525835,-0.807,-0.376,0.944,0.638
hourglass,linoleum,0.2,-1.5707963267948966,14.800194501876831,-0.8034754177505168,-0.46294589845865275,0.9456669366886744,-0.5211195968856283,-0.11383998638690848,-0.007619641772340354,-0.597,-0.599,1.006,0.763
hourglass,linoleum,0.2,-1.5707963267948966,14.999961614608765,-0.8071878140425978,-0.41613639812615427,-0.4629705580092584,-0.5215223154877325,-0.1573099394277168,-0.007730274537070587,-0.765,-0.693,0.977,0.751
hourglass,linoleum,0.2,0.5235987755982988,15.19997525215149,-0.8071878140425978,-0.41613639812615427,-0.4629705580092584,-0.521803070685382,-0.19844119169879323,-0.0074874449298369524,-0.773,-0.928,0.94,0.87
hourglass,linoleum,0.2,0.5235987755982988,15.399996042251587,-0.808016711232662,-0.32360951473633837,-0.48456068358991783,-0.5049623418362771,-0.21043810606305322,-0.0072652415748256215,-0.108,1.132,-1.036,0.156
hourglass,linoleum,0.2,0.5235987755982988,15.600018978118896,-0.8121329926440143,-0.28078190096344674,-0.4820714392798814,-0.47329818516143235,-0.20462264168217678,-0.006011711564430534,0.109,0.686,-0.688,-0.274
hourglass,linoleum,0.2,0.5235987755982988,15.800105571746826,-0.8098091881390392,-0.23522016884796546,-0.4701569937375731,-0.4387083414250288,-0.19604782843338367,-0.005241965258370552,0.224,0.922,-0.832,-0.305
hourglass,linoleum,0.2,0.5235987755982988,16.000060558319092,-0.8212578040742617,-0.1954189525374609,-0.4368101370902686,-0.4077359700145044,-0.18576138364609981,-0.0046812967890286885,0.272,0.558,-0.413,-0.2
hourglass,linoleum,0.2,0.5235987755982988,16.200081825256348,-0.8121256511360414,-0.1689773365742812,-0.43949934797083523,-0.3723935148490627,-0.17309838934904184,-0.003728722253835885,0.339,0.815,-0.687,-0.404
hourglass,linoleum,0.2,0.5235987755982988,16.4000403881073,-0.7844037446854633,-0.1742199460493964,0.3563964585583656,-0.33471652977392774,-0.1580616886414932,-0.002918658747977616,0.204,0.796,-0.89,-0.315
hourglass,linoleum,0.2,0.5235987755982988,16.60005521774292,-0.7373937973015178,-0.17807491355605962,0.4031749684436283,-0.3013695104535148,-0.14275385250813719,-0.0022773587661552583,0.199,0.831,-0.5,-0.374
hourglass,linoleum,0.2,0.5235987755982988,16.799993753433228,-0.7373937973015178,-0.17807491355605962,0.4031749684436283,-0.2668905026423377,-0.1270886300736572,-0.00202233902746566,0.236,0.837,-0.532,-0.518
hourglass,linoleum,0.2,0.5235987755982988,16.999987363815308,-0.7022892266018942,-0.18839870431430167,0.6893498635746422,-0.23176893966248743,-0.10884310441036701,-0.0017879459757226563,0.248,1.015,-0.872,-0.426
hourglass,linoleum,0.2,0.5235987755982988,17.199975967407227,-0.6703961988999837,-0.20259405307373468,-0.3226764061549321,-0.1981983151487279,-0.09158365479956501,-0.0010322635219908853,0.383,0.95,-1.198,-0.623
hourglass,linoleum,0.2,0.5235987755982988,17.399999618530273,-0.6173639714135523,-0.21017778792817812,-0.40990534458090194,-0.16275377520963089,-0.07384424498900796,-0.0007509924894877913,0.347,0.869,-1.026,-0.586
hourglass,linoleum,0.2,0.5235987755982988,17.600058555603027,-0.5370851855494445,-0.24047607710739144,0.37574256747801954,-0.13380605974596035,-0.057513845741525654,-0.0007538051987318957,0.268,0.875,-0.873,-0.416
hourglass,linoleum,0.2,0.5235987755982988,17.800072193145752,-0.49663666416843594,-0.2568326518824643,-0.3732791267036627,-0.0981247140269727,-0.03721986197283905,-0.0007153648410251081,0.27,0.922,-0.873,-0.339
hourglass,linoleum,0.2,0.5235987755982988,17.999998092651367,-0.4611993976174497,-0.2764485191015598,-0.2905668015796793,-0.06445463759893955,-0.01914462061494962,-0.0015235507338897981,0.373,0.926,-0.858,-0.439
hourglass,linoleum,0.2,-0.5235987755982988,0.19995331764221191,0.0022559495239497795,0.00196933007777339,-0.010222210992972769,7.192096068697751e-07,7.246434584606831e-07,9.37571906070361e-07,0.357,0.498,-0.542,-0.411
hourglass,linoleum,0.2,-0.5235987755982988,0.3999443054199219,0.0017052214349307093,0.0021887784600752025,-0.04820787840754209,0.010045937772833358,-0.0032297480778006593,-0.0006028590413800637,-1.027,0.13,-0.058,1.249
hourglass,linoleum,0.2,-0.5235987755982988,0.6001667976379395,0.0022559495239497795,0.00196933007777339,-0.010222210992972769,0.04124154181056128,-0.011481440028137058,-0.0018910847720377897,-0.588,-0.242,0.333,0.965
hourglass,linoleum,0.2,-0.5235987755982988,0.7999076843261719,0.0022559495239497795,0.00196933007777339,-0.010222210992972769,0.08185898450756135,-0.023600402314463587,-0.0029777323140132935,-0.699,-0.232,0.27,0.817
hourglass,linoleum,0.2,-0.5235987755982988,1.0003132820129395,0.0,0.0,0.0,0.11735978926019608,-0.037339937081521335,-0.00341745393126891,-0.626,-0.292,0.216,0.672
hourglass,linoleum,0.2,-0.5235987755982988,1.2001385688781738,0.0017052214349307093,0.0021887784600752025,-0.04820787840754209,0.15225245878210042,-0.05124748901013146,-0.0037202897601518424,-0.605,-0.219,0.31,0.885
hourglass,linoleum,0.2,-0.5235987755982988,1.4001095294952393,0.02780984804771977,0.008015574140994686,0.08814547233071535,0.18713589303306882,-0.06786363375294568,-0.003985622562293576,-0.664,-0.154,0.21,0.707
hourglass,linoleum,0.2,-0.5235987755982988,1.6003599166870117,0.06611864207106496,0.025138295134558508,0.06448743276859548,0.22231584704630908,-0.08452910592225377,-0.003954682702180167,-0.869,-0.317,0.367,0.836
hourglass,linoleum,0.2,-0.5235987755982988,1.800083875656128,0.10464580653821046,0.03976161171525927,0.04949285412345586,0.25697220190801656,-0.10155689119392142,-0.004340962015959484,-0.723,-0.219,0.295,0.758
hourglass,linoleum,0.2,-0.5235987755982988,2.0001847743988037,0.14348941884938723,0.05444734475622365,0.14691319459026686,0.2911014981893299,-0.1203103172391185,-0.00422751594231163,-0.548,-0.271,0.305,0.635
hourglass,linoleum,0.2,-0.5235987755982988,2.2000033855438232,0.18517846379015107,0.08110693065946895,0.06838251081436378,0.3271145620096982,-0.13902639884366574,-0.00392093012524792,-0.832,-0.326,0.367,0.83
hourglass,linoleum,0.2,-0.5235987755982988,2.400003671646118,0.2239958039844009,0.10154009859817203,0.43055796844034033,0.3621650031421397,-0.15791729626509565,-0.004238766793963782,-0.445,-0.223,0.349,0.476
hourglass,linoleum,0.2,-0.5235987755982988,2.6002488136291504,0.26330872634310387,0.12275811211437815,0.1909500609698368,0.3970123301430056,-0.1785205821395024,-0.004441282071282475,-0.433,-0.329,0.263,0.646
hourglass,linoleum,0.2,-0.5235987755982988,2.7999932765960693,0.3008277695022249,0.15071799633131674,0.10894137189465142,0.4323756408960297,-0.19783406568951384,-0.004337211733031134,-0.831,-0.394,0.384,0.979
hourglass,linoleum,0.2,1.5707963267948966,3.0001413822174072,0.3420268481069395,0.17775437654912862,0.1539150642816549,0.4658382222712734,-0.2164495382537907,-0.00479099570096329,-0.61,-0.234,0.365,1.071
hourglass,linoleum,0.2,1.5707963267948966,3.2001070976257324,0.38118798279264693,0.20033542732384124,0.3944138330377256,0.4840908804446891,-0.21428051458744085,-0.005085392423352699,1.652,0.891,-0.829,-1.624
hourglass,linoleum,0.2,1.5707963267948966,3.400116205215454,0.4187837452792244,0.2289525577870848,0.12026488719244258,0.4876093610878253,-0.19055733343053632,-0.003736228483557467,0.916,0.825,-0.918,-1.059
hourglass,linoleum,0.2,1.5707963267948966,3.600158214569092,0.4544503033035632,0.2534396979621961,0.2283430334689498,0.4875104005871012,-0.16200441789835524,-0.0019051483755122818,0.884,0.934,-0.985,-0.999
hourglass,linoleum,0.2,1.5707963267948966,3.8001601696014404,0.49136887340837176,0.2798989501056121,0.13202846563912138,0.4882012109572354,-0.1313464660628349,-0.0005194150667646609,0.708,0.941,-0.886,-1.126
hourglass,linoleum,0.2,1.5707963267948966,4.000118970870972,0.5250436769244079,0.30630253697048604,0.1020443468577096,0.48823145243934923,-0.10153734686211568,4.500344961046849e-05,0.993,0.82,-0.814,-1.109
hourglass,linoleum,0.2,1.5707963267948966,4.200366497039795,0.5432382153864954,0.29841414292156077,0.11483722337448227,0.4880595589062037,-0.06306698202720779,0.0005859820853577776,0.917,0.909,-0.892,-1.048
hourglass,linoleum,0.2,1.5707963267948966,4.400224685668945,0.545634288091897,0.2726693513494017,0.06526135743779254,0.4884933566869389,-0.027018410606970328,0.0010078886739653913,0.909,1.074,-0.805,-1.061
hourglass,linoleum,0.2,1.5707963267948966,4.599960565567017,0.5499845133291583,0.23939423625875447,0.09535464381919126,0.4885976913208296,0.010246624243560043,0.0009394460825557242,0.921,0.923,-0.948,-1.068
hourglass,linoleum,0.2,1.5707963267948966,4.800013065338135,0.5661881031863685,0.2012081865485676,0.2766832794863949,0.4882106028273793,0.0438161290750492,0.0011663379084631677,1.164,0.6,-0.999,-0.936
hourglass,linoleum,0.2,1.5707963267948966,5.000084638595581,0.5575785010777914,0.17174528566524616,0.47055175325243087,0.48814522425991386,0.08734017440782804,0.0013594771082007095,0.852,0.903,-0.809,-1.034
hourglass,linoleum,0.2,1.5707963267948966,5.200243711471558,0.5623784225352804,0.1289258875371714,0.05252510353877324,0.4883814784471811,0.1246402336592754,0.0017101275743720238,0.896,1.019,-0.782,-1.17
hourglass,linoleum,0.2,1.5707963267948966,5.399932146072388,0.5653526232361894,0.09039206704526503,0.049677288317776874,0.4881481700059013,0.16368039634582382,0.002177035791098998,0.911,0.88,-0.892,-1.038
hourglass,linoleum,0.2,1.5707963267948966,5.600141763687134,0.5689258417194388,0.05066463965086693,0.054740164818390225,0.4876462413475788,0.20331102782298832,0.0021629723030061124,0.773,0.815,-0.913,-1.076
hourglass,linoleum,0.2,1.5707963267948966,5.800442695617676,0.5694042362533104,0.012796027024281731,0.0023080518523704296,0.48688498526645646,0.24263327082298286,0.0020345257417622156,0.961,0.586,-0.967,-0.893
hourglass,linoleum,0.2,1.5707963267948966,5.99998140335083,0.5761700621726408,-0.032186834261772324,0.03830828201491154,0.4870145174527986,0.27744391763760057,0.002081404056382949,0.757,0.867,-0.927,-0.912
hourglass,linoleum,0.2,-2.6179938779914944,6.199887275695801,0.5817608706164807,-0.07514071322336091,0.03505738729310895,0.4870462107163323,0.3221503432056351,0.002319545758023996,0.822,0.989,-0.777,-1.074
hourglass,linoleum,0.2,-2.6179938779914944,6.3999388217926025,0.5847148101822751,-0.11743241852382397,-0.0009187412561780794,0.4733538924124026,0.33449141186105147,0.0013191616539201762,0.275,-1.27,1.471,-0.316
hourglass,linoleum,0.2,-2.6179938779914944,6.599984884262085,0.5878370728146718,-0.1588046387149925,-0.003949443806920361,0.4376275329394172,0.32807256984566047,0.0004387834572854739,-0.329,-0.689,0.974,0.17
hourglass,linoleum,0.2,-2.6179938779914944,6.800333023071289,0.5915007106402079,-0.19831628647805433,-0.012320255213860376,0.40607239715146143,0.3202395466372405,-0.0007669342977685604,-0.293,-0.711,0.533,0.123
hourglass,linoleum,0.2,-2.6179938779914944,6.999998092651367,0.59621799304268,-0.24379776330528058,-0.015491898849742114,0.3686743953780522,0.3086576608336833,-0.0013660435982992907,-0.395,-0.424,0.983,0.209
hourglass,linoleum,0.2,-2.6179938779914944,7.20010232925415,0.6000046841458005,-0.28556419993011173,-0.0790333706271184,0.33514868801647885,0.2965035945510245,-0.002507070563378062,-0.387,-0.592,1.002,0.189
hourglass,linoleum,0.2,-2.6179938779914944,7.400166273117065,0.5770511611675472,-0.2951740968825701,-0.07804078186018687,0.2995552021257088,0.2816801888828686,-0.002167668969812855,-0.362,-0.696,1.01,0.227
hourglass,linoleum,0.2,-2.6179938779914944,7.600127696990967,0.5416182345277605,-0.2990299920218119,-0.03594703965425772,0.2650103735863047,0.2663751798440269,-0.002710523972741019,-0.19,-0.658,0.89,0.115
hourglass,linoleum,0.2,-2.6179938779914944,7.80026650428772,0.49845616964204853,-0.2935379737943751,0.6109266401534945,0.23060937609784443,0.24916459636515279,-0.002875536851351802,-0.303,-0.556,0.903,0.003
hourglass,linoleum,0.2,-2.6179938779914944,8.000128507614136,0.4613514553329695,-0.28423844060431747,-0.048199313838002966,0.1960616736272815,0.23240465975049757,-0.0027517771946873686,-0.478,-0.301,1.15,0.164
hourglass,linoleum,0.2,-2.6179938779914944,8.200110912322998,0.41993413840362637,-0.28026727359050274,-0.011462695151645108,0.16055708812941133,0.21497502636213925,-0.004166573824069824,-0.331,-0.439,0.976,0.094
hourglass,linoleum,0.2,-2.6179938779914944,8.4003267288208,0.3798537288342781,-0.2712372478233489,-0.004132308478343283,0.12563824288962316,0.1960092127787729,-0.004082192415614025,-0.265,-0.686,0.641,0.152
hourglass,linoleum,0.2,-2.6179938779914944,8.59995698928833,0.33962172295871107,-0.2594890593957243,0.0033036340459953184,0.09069632037684472,0.17794834340695823,-0.004055002847299218,-0.237,-0.695,0.649,0.563
hourglass,linoleum,0.2,-2.6179938779914944,8.80016279220581,0.2991368831947619,-0.24582379934381915,0.6076264598694141,0.055823883871467306,0.1598712977670685,-0.0053638502145164,-0.148,-0.654,0.579,0.341
hourglass,linoleum,0.2,2.6179938779914944,9.000030994415283,0.25694426133166326,-0.2377301962462468,0.008441291448345323,0.021337563165494622,0.14014426151096576,-0.004826623343709871,-0.39,-0.68,0.958,0.173
hourglass,linoleum,0.2,2.6179938779914944,9.200037717819214,0.21183799423371363,-0.21729415313432343,-0.030222188525777793,-0.013596633745873887,0.13689746522492124,-0.003679036591529943,0.773,0.371,-0.379,-0.989
hourglass,linoleum,0.2,2.6179938779914944,9.400293827056885,0.17124605258388478,-0.2034451051307512,0.020425311240287625,-0.047967396304525234,0.14567451860483216,-0.0030555508696978252,0.734,0.335,-0.179,-0.849
hourglass,linoleum,0.2,2.6179938779914944,9.600245952606201,0.12944226180804708,-0.18407419141011683,-0.01263487145512271,-0.08189502885761274,0.1561280066959505,-0.002250175439077742,0.929,0.343,-0.204,-1.054
hourglass,linoleum,0.2,2.6179938779914944,9.800112009048462,0.08736429236704751,-0.16982091615391814,-0.00019897836565624383,-0.11686698118825178,0.16961676820673363,-0.0015273062361312077,0.87,0.25,-0.132,-0.771
hourglass,linoleum,0.2,2.6179938779914944,10.000129222869873,0.04609732013909085,-0.15357152778432692,-0.029924299762394746,-0.15129155623303453,0.18381160168632174,-0.0010257044756268843,0.998,0.42,-0.156,-0.969
hourglass,linoleum,0.2,2.6179938779914944,10.200029611587524,0.0034186865942413547,-0.15539500411373797,-0.04290654622007006,-0.18599937854683726,0.19860804297492063,-0.00013501037132169656,0.965,0.232,-0.23,-0.929
hourglass,linoleum,0.2,2.6179938779914944,10.40022587776184,-0.03401605876313932,-0.16636896945688462,1.0312982932256223,-0.22064979730717627,0.215171169935673,0.00035815234014426197,0.807,0.43,-0.301,-0.994
hourglass,linoleum,0.2,2.6179938779914944,10.599998950958252,-0.07463576866484892,-0.18786697779813988,-0.07562845582659161,-0.25567248068738196,0.2314579987840705,0.0008410012362100726,0.917,0.47,-0.292,-0.843
hourglass,linoleum,0.2,2.6179938779914944,10.80016565322876,-0.11389392855605576,-0.20258320168338007,0.6837629776955549,-0.29072476676006836,0.24969330700111564,0.0006741137226488152,0.696,0.304,-0.124,-0.853
hourglass,linoleum,0.2,2.6179938779914944,11.000381708145142,-0.15458792839561145,-0.22496492086459885,-0.1079664720227993,-0.32669881198769457,0.2695383337896544,0.0005578549630073516,0.851,0.344,-0.456,-0.663
hourglass,linoleum,0.2,2.6179938779914944,11.199979543685913,-0.18846162789765733,-0.23952825911772868,-0.15262848614818153,-0.3605091040160588,0.2870274328981032,-3.5627733647565756e-05,0.856,0.42,-0.376,-0.63
hourglass,linoleum,0.2,2.6179938779914944,11.399916410446167,-0.23222014625750745,-0.2671386052971848,-0.1299039052683335,-0.39526699161340695,0.3059061181816398,-2.8127157280816596e-06,0.816,0.255,-0.298,-0.877
hourglass,linoleum,0.2,2.6179938779914944,11.599970817565918,-0.2669167302457185,-0.2820724608990002,-0.1513394785622444,-0.4295977299615962,0.3254910703522747,0.00031596163348039425,0.648,0.33,-0.367,-0.895
hourglass,linoleum,0.2,2.6179938779914944,11.800066709518433,-0.3021600435417263,-0.30459103556376754,-0.19058361128653367,-0.4648889964009217,0.34422070037696445,0.000799748149843687,0.789,0.404,-0.476,-1.026
hourglass,linoleum,0.2,-1.5707963267948966,12.000286102294922,-0.3430950931361374,-0.3304005150324517,-0.16389241820065553,-0.4996135462700938,0.36304576426406154,0.0009581974787899433,0.79,0.253,-0.331,-1.008
hourglass,linoleum,0.2,-1.5707963267948966,12.200042963027954,-0.379226913615768,-0.3478284518732233,-0.2022934415268538,-0.5169129929914091,0.3578755617161768,0.0001387606236660881,-1.283,-0.615,0.937,1.323
hourglass,linoleum,0.2,-1.5707963267948966,12.40004849433899,-0.42424381562920266,-0.38016331689922267,-0.19880511987693494,-0.51941478968543,0.33462212912145023,-0.001141963560717803,-0.838,-0.878,0.965,0.923
hourglass,linoleum,0.2,-1.5707963267948966,12.600204467773438,-0.46008208413011087,-0.4009944811247209,-0.21383251954846727,-0.5198601744742107,0.30618357385724415,-0.0025314474711017254,-0.795,-0.538,1.106,0.739
hourglass,linoleum,0.2,-1.5707963267948966,12.800188779830933,-0.5012582010732729,-0.4269311946212775,-0.21347016770693178,-0.5207681369227913,0.27492525820149055,-0.0034662076972461105,-0.86,-0.671,0.917,0.872
hourglass,linoleum,0.2,-1.5707963267948966,12.999979496002197,-0.5393916066948095,-0.45014541044835676,0.7703354440047931,-0.5211655162959972,0.241310180164416,-0.004181574961664177,-0.927,-0.887,0.923,0.853
hourglass,linoleum,0.2,-1.5707963267948966,13.200113534927368,-0.5548206890659514,-0.43897603477938485,0.7703126155171647,-0.5213300583333484,0.20619287299562322,-0.004631608833561467,-0.867,-0.302,1.187,0.654
hourglass,linoleum,0.2,-1.5707963267948966,13.399961233139038,-0.5525539012036534,-0.40669199974727466,-0.2247165581609878,-0.5217846999357303,0.1702621598175745,-0.004870689107192586,-0.703,-0.719,0.811,0.807
hourglass,linoleum,0.2,-1.5707963267948966,13.60035252571106,-0.5591631581919623,-0.3747699191889464,-0.20577349309188842,-0.5223093598316007,0.13322832663867878,-0.005240091228280781,-0.889,-0.714,0.99,0.972
hourglass,linoleum,0.2,-1.5707963267948966,13.800243377685547,-0.5614576059685367,-0.33916013593433236,-0.22322879778196725,-0.5224765342403943,0.09399510849659634,-0.005196025516116289,-0.742,-0.877,1.033,0.952
hourglass,linoleum,0.2,-1.5707963267948966,14.000106573104858,-0.5612628387427296,-0.3004296900509227,-0.21816796977561265,-0.5225686886165639,0.05732583133302821,-0.005247591774384884,-0.838,-0.4,1.049,0.477
hourglass,linoleum,0.2,-1.5707963267948966,14.200023651123047,-0.5652830469339344,-0.2577916364403041,0.7651357562793963,-0.523233854624057,0.024283944317786466,-0.005543863189658307,-0.653,-0.677,1.007,0.938
hourglass,linoleum,0.2,-1.5707963267948966,14.40002965927124,-0.5706811855510976,-0.21810375057568732,0.7505888068928566,-0.5235699651776908,-0.02043407871645808,-0.005511985900459137,-0.807,-0.768,0.925,0.881
hourglass,linoleum,0.2,-1.5707963267948966,14.60008430480957,-0.5771712818332164,-0.18056753342383913,-0.18715078846706712,-0.5237123941087563,-0.05935789349429946,-0.005941391414264534,-0.828,-0.913,1.206,1.297
hourglass,linoleum,0.2,-1.5707963267948966,14.799989223480225,-0.5839986812924562,-0.14068120711146404,-0.1639687348306466,-0.5238143909964514,-0.09862116147941152,-0.00652549420382006,-0.873,-0.895,0.938,1.035
hourglass,linoleum,0.2,0.5235987755982988,15.000002145767212,-0.5791012033581825,-0.09288519872127532,1.225343079696409,-0.5238511627034947,-0.13838274764274033,-0.00625078794066451,-0.525,-0.56,0.967,0.706
hourglass,linoleum,0.2,0.5235987755982988,15.200022220611572,-0.5849441628115076,-0.04516981557259003,-0.1889698460735565,-0.5050464862529374,-0.14658448305641286,-0.005713562812838097,-0.074,0.961,-1.057,0.087
hourglass,linoleum,0.2,0.5235987755982988,15.40001106262207,-0.5880790689441502,-0.003717744647790344,-0.16443206690204903,-0.4719119922672442,-0.14089933038931007,-0.004968196307755889,0.233,0.84,-0.497,-0.456
hourglass,linoleum,0.2,0.5235987755982988,15.599947690963745,-0.5901823675556125,0.03655792181568468,-0.16931895279445708,-0.4382624332506167,-0.13257918933307217,-0.0037924827976650415,0.128,0.801,-0.587,-0.25
hourglass,linoleum,0.2,0.5235987755982988,15.80001711845398,-0.5938115166726559,0.08037015193869601,0.6748016414428802,-0.40393431995819495,-0.12163528894922049,-0.0026392684042749665,0.33,0.979,-0.894,-0.463
hourglass,linoleum,0.2,0.5235987755982988,16.000027179718018,-0.5910139610868649,0.1275085477210926,0.7085891020309623,-0.37025847475729107,-0.1090440467982084,-0.0019013980812528078,0.183,0.791,-0.751,-0.322
hourglass,linoleum,0.2,0.5235987755982988,16.200307369232178,-0.5666543066753409,0.13293887827205797,0.6798866285212894,-0.33500480328099896,-0.09381178098072401,-0.0011203993747787278,0.219,0.934,-0.735,-0.363
hourglass,linoleum,0.2,0.5235987755982988,16.4000244140625,-0.5262433073346938,0.12797143606088054,-0.20193034493573353,-0.30067814621848227,-0.07916781511400328,-0.001416672564746981,0.242,0.898,-0.691,-0.332
hourglass,linoleum,0.2,0.5235987755982988,16.600114107131958,-0.49606615798707354,0.11607256498388013,-0.1422375197853859,-0.2664898406421189,-0.062049100673448127,-0.0010641449783664668,0.163,0.799,-0.647,-0.336
hourglass,linoleum,0.2,0.5235987755982988,16.800004720687866,-0.45511406839189605,0.10901941971811507,-0.10465080079929256,-0.23239670724679193,-0.04449138427550903,-0.00039003004642811675,0.226,0.954,-0.878,-0.366
hourglass,linoleum,0.2,0.5235987755982988,16.999978065490723,-0.41929652651517446,0.0924541059979902,-0.10467564595112655,-0.2025846337792092,-0.030299862398439098,-0.0008794430626042943,0.348,1.008,-0.791,-0.309
hourglass,linoleum,0.2,0.5235987755982988,17.20037031173706,-0.3754875177549408,0.08069436750485226,-0.1026766950661121,-0.16292981059900538,-0.008279860813730083,-0.0006666139943043491,0.152,0.65,-0.671,-0.417
hourglass,linoleum,0.2,0.5235987755982988,17.400121927261353,-0.33774974102810873,0.06605348261607347,-0.061358633280757524,-0.12787523957801888,0.011115021696544797,0.0001856392040882652,0.284,0.49,-0.617,-0.535
hourglass,linoleum,0.2,0.5235987755982988,17.599926710128784,-0.29700206705064625,0.04904118215860015,-0.0750854813522196,-0.09464641366918702,0.02862649461161096,-0.0007078672017837866,0.247,0.628,-0.263,-0.506
hourglass,linoleum,0.2,0.5235987755982988,17.800153017044067,-0.256918354289288,0.0345434559552496,-0.10694705761648221,-0.05832084855304259,0.04976384013804744,-0.00041346935991879515,0.271,0.781,-0.807,-0.239
hourglass,linoleum,0.2,0.5235987755982988,0.20000219345092773,0.0009813033183818098,0.000799192313323982,0.011819551776128423,0.0,0.0,0.0,0.341,0.535,-0.534,-0.441
hourglass,linoleum,0.2,0.5235987755982988,0.39997434616088867,-0.0006148280143028484,-0.001627244689836771,0.02320326666499206,0.018344499198802044,0.008818468592163425,-0.0002428312988267962,0.424,1.49,-1.418,-0.439
hourglass,linoleum,0.2,0.5235987755982988,0.5999648571014404,-0.0006148280143028484,-0.001627244689836771,0.02320326666499206,0.050355276582799924,0.027715928414031893,0.0003168993916107233,0.282,0.839,-0.935,-0.423
hourglass,linoleum,0.2,0.5235987755982988,0.7999799251556396,-0.0006148280143028484,-0.001627244689836771,0.02320326666499206,0.084828013503642,0.048386380769413595,0.0006956782950680524,0.279,0.887,-0.988,-0.382
hourglass,linoleum,0.2,0.5235987755982988,1.0000059604644775,-0.0006148280143028484,-0.001627244689836771,0.02320326666499206,0.12082315245048003,0.06869850075094792,0.0004106565732164302,0.373,1.147,-0.844,-0.356
hourglass,linoleum,0.2,0.5235987755982988,1.1999859809875488,0.00179229760945121,0.0018683644693038848,-0.01409364095020138,0.15561272566203554,0.08885916781667523,-0.00015376189367478422,0.262,0.793,-0.842,-0.311
hourglass,linoleum,0.2,0.5235987755982988,1.4000835418701172,0.0342196299250527,-0.011987145444789793,0.043529782652711596,0.19145023720934207,0.11046499063844717,0.00029721038134130555,0.259,0.858,-0.775,-0.362
hourglass,linoleum,0.2,0.5235987755982988,1.600046157836914,0.07992040855946395,-0.03164264164428837,0.020411791202014973,0.2247011842438955,0.12938483024756922,0.0008878803406468824,0.272,1.122,-0.727,-0.401
hourglass,linoleum,0.2,0.5235987755982988,1.8000359535217285,0.12144401888358389,-0.05249745328703731,0.02550709035440213,0.2603483182909051,0.1491455779023872,-1.2188441486433565e-05,0.31,0.745,-0.867,-0.362
hourglass,linoleum,0.2,0.5235987755982988,1.9999794960021973,0.16305076607707092,-0.06718504556807042,0.0011921287626919796,0.2964660871999302,0.17075925161620242,0.00031877453540785365,0.213,0.31,-0.355,-0.514
hourglass,linoleum,0.2,0.5235987755982988,2.1999361515045166,0.20472614777486373,-0.08484329729327572,0.03671405487873344,0.33218171505307315,0.19157679325361682,0.0010800822955149459,0.259,0.963,-0.982,-0.466
hourglass,linoleum,0.2,0.5235987755982988,2.4000179767608643,0.2476387887319535,-0.10220869187737985,0.02891819601024609,0.3637617552001845,0.20946829944117615,0.0011213353855156379,0.319,0.958,-0.861,-0.521
hourglass,linoleum,0.2,0.5235987755982988,2.6000332832336426,0.28700403380287043,-0.11365648446911752,0.02726535655808987,0.3973375587983282,0.22967020029339125,0.0011185226749784237,0.244,0.915,-0.865,-0.381
hourglass,linoleum,0.2,0.5235987755982988,2.8000283241271973,0.330578261550206,-0.13074899652926902,0.6170040670665088,0.42881573854065025,0.24846944461085202,0.0012863476990554196,0.419,0.873,-0.85,-0.396
hourglass,linoleum,0.2,-1.5707963267948966,3.000037908554077,0.37346956783012647,-0.15558417233669547,0.5844434850369961,0.46609342001549503,0.26977269171595514,0.0011119596836420827,0.377,0.858,-0.855,-0.414
hourglass,linoleum,0.2,-1.5707963267948966,3.2001428604125977,0.4149958796696749,-0.16997044328082184,0.5560350970234937,0.48366698122733,0.26229359602612246,0.00013876070160240023,-0.681,-1.268,1.289,0.728
hourglass,linoleum,0.2,-1.5707963267948966,3.3999643325805664,0.4547299830238259,-0.18576374084772368,-0.010594270067247558,0.4864278779465624,0.23878821345689433,-0.0013922961030458075,-0.662,-0.891,1.169,0.973
hourglass,linoleum,0.2,-1.5707963267948966,3.6000356674194336,0.4972309106587457,-0.20661575891660028,0.018874257058466237,0.48686305873439206,0.21253012643300187,-0.0020448472853576514,-0.801,-0.976,0.945,0.861
hourglass,linoleum,0.2,-1.5707963267948966,3.8000266551971436,0.5360357555581992,-0.2184027823278321,-0.029574282245118766,0.48806732035599243,0.18036234542260643,-0.0029927336954220706,-0.701,-0.857,1.046,0.94
hourglass,linoleum,0.2,-1.5707963267948966,4.000093460083008,0.5793953287012521,-0.23441688064934868,-0.003175739921854437,0.48820112961414563,0.1470387657632085,-0.0034858966965905557,-0.84,-0.724,1.064,0.71
hourglass,linoleum,0.2,-1.5707963267948966,4.200078964233398,0.5822750750816656,-0.20658743190035006,-0.038441813885243814,0.48820347929266583,0.11067149803140605,-0.004210639161742382,-0.787,-0.41,0.72,0.807
hourglass,linoleum,0.2,-1.5707963267948966,4.400036096572876,0.5829042873815801,-0.18252651423348593,0.611021655751939,0.48844346778121195,0.07518384059195185,-0.004806933361202713,-0.791,-0.797,0.959,0.943
hourglass,linoleum,0.2,-1.5707963267948966,4.600027084350586,0.585219673903899,-0.15640365594829636,0.03879809827480524,0.4880859130737344,0.03812928203475717,-0.0050272619126188745,-0.829,-0.701,1.109,0.627
hourglass,linoleum,0.2,-1.5707963267948966,4.8000311851501465,-3.1466103224516107,2.050843180072834,1.1956862575085883,0.4876208288525603,0.0010791888094168617,-0.005190398689879217,-0.681,-0.738,1.004,0.971
hourglass,linoleum,0.2,-1.5707963267948966,5.000091552734375,0.573454976602747,-0.10444005169035092,-0.06286876264178215,0.488039702227698,-0.03746173051905201,-0.005449167171548395,-0.827,-0.382,0.787,0.708
hourglass,linoleum,0.2,-1.5707963267948966,5.200051546096802,0.5758645940619196,-0.07634731338242512,0.006234909887583795,0.4881920987472299,-0.06899353112448413,-0.0054585428363992,-0.705,-0.801,0.923,0.874
hourglass,linoleum,0.2,-1.5707963267948966,5.400022983551025,0.5750888341888082,-0.041814299760945306,0.04650620407311509,0.4877219406925424,-0.11505776596744254,-0.00547354389944898,-0.831,-0.904,1.125,0.991
hourglass,linoleum,0.2,-1.5707963267948966,5.600010871887207,0.5670134145602812,0.004000341179058675,0.035487527102703975,0.4870884268090575,-0.157524585826687,-0.005427603141097567,-0.61,-0.806,1.046,0.62
hourglass,linoleum,0.2,-1.5707963267948966,5.799951076507568,0.5621304608800957,0.08303526629511271,0.05282908226135499,0.48627177459898663,-0.19545550421652014,-0.0053938507420097466,-0.796,-0.816,0.913,0.935
hourglass,linoleum,0.2,-1.5707963267948966,5.999997615814209,0.5607043930954394,0.12502896705280764,0.054308961883007545,0.486637596580788,-0.22658952669333687,-0.005312282426293372,-0.836,-0.777,0.869,0.808
hourglass,linoleum,0.2,2.6179938779914944,6.199994325637817,0.5570084619734867,0.16957217725120421,0.08316631630891683,0.48611717043986713,-0.27161653484918585,-0.005244777594421183,-0.748,-0.775,0.981,0.836
hourglass,linoleum,0.2,2.6179938779914944,6.399983882904053,0.5522003667455138,0.21351921030661006,0.1108526642979484,0.4711819913340708,-0.29076205724252063,-0.004415966998179899,1.39,-0.056,0.247,-1.567
hourglass,linoleum,0.2,2.6179938779914944,6.6000049114227295,0.5607985457576146,0.24858988711046856,0.29621922891418245,0.44265511115827283,-0.2854845267122432,-0.0032430655358363985,0.842,0.241,-0.362,-0.772
hourglass,linoleum,0.2,2.6179938779914944,6.799962997436523,0.5437623860610006,0.2996712716092405,0.12321745801817069,0.41509874087058696,-0.27925749872554484,-0.0024311275049907874,0.669,0.115,-0.135,-0.928
hourglass,linoleum,0.2,2.6179938779914944,6.9999964237213135,0.5407484475712129,0.3429483668592766,0.1262227562028799,0.3737749564371762,-0.2660896805318571,-0.001832955674641065,0.747,0.353,-0.215,-0.965
hourglass,linoleum,0.2,2.6179938779914944,7.19997763633728,0.5353946026040365,0.3883346228878506,0.15778539358573146,0.33802302264324857,-0.2535184209899595,-0.0011719663246670606,0.825,0.266,-0.286,-0.975
hourglass,linoleum,0.2,2.6179938779914944,7.399920463562012,0.5124890590884944,0.39100306777506777,0.13294579461636338,0.3028918566906794,-0.23840684093942183,-0.0005728569702949968,0.761,0.341,-0.375,-0.984
hourglass,linoleum,0.2,2.6179938779914944,7.599961280822754,0.47651392796001124,0.3795831341547055,0.16925924128757902,0.27032731890910977,-0.22442956472499365,-0.00026720819051954665,1.082,0.355,-0.306,-1.086
hourglass,linoleum,0.2,2.6179938779914944,7.800021409988403,0.44175017199331723,0.3657614682998869,0.21029774003110369,0.2353264674593165,-0.20785932612944508,0.00028408437409285325,0.777,0.263,-0.245,-0.946
hourglass,linoleum,0.2,2.6179938779914944,8.00006890296936,0.4056976462260153,0.34984585738258434,0.22418293550135993,0.2012247593621176,-0.19085356526995712,0.0008494399385607855,0.648,0.298,-0.378,-1.055
hourglass,linoleum,0.2,2.6179938779914944,8.20000672340393,0.36851234056870996,0.3305412309536203,0.2690910508068,0.1653933571146522,-0.1735632720905132,0.0013041615237903317,0.696,0.514,-0.178,-0.972
hourglass,linoleum,0.2,2.6179938779914944,8.399942636489868,0.3269670688591965,0.30812274880776225,0.23761376579680316,0.13051880314589104,-0.15432306509292454,0.0013069742328758512,0.692,0.285,-0.074,-0.908
hourglass,linoleum,0.2,2.6179938779914944,8.600422859191895,0.290786010829517,0.2909183323400967,0.23271896059271888,0.09751561360321581,-0.13641968317662106,0.0015976207116954982,0.82,0.356,-0.241,-1.018
hourglass,linoleum,0.2,2.6179938779914944,8.799951791763306,0.25306156635642074,0.26698035560658484,0.14234711873833653,0.060504846779356025,-0.11814715355123355,0.0017991979527381711,0.976,0.455,-0.269,-0.87
hourglass,linoleum,0.2,2.6179938779914944,8.99999451637268,0.21110200486523836,0.24338260165937078,0.16572715900807028,0.02683179618283149,-0.09926739471035288,0.0014804245816707265,0.724,0.246,-0.264,-0.639
hourglass,linoleum,0.2,-2.6179938779914944,9.200017929077148,0.17668582090355323,0.22078603765009372,0.15276156896060897,-0.009944502773104491,-0.07825627860259783,0.0018517017701396286,0.751,0.352,-0.291,-0.887
hourglass,linoleum,0.2,-2.6179938779914944,9.400055885314941,0.13420457420997584,0.1940195872929864,0.14462683950962374,-0.035689000094540124,-0.07688606998120646,0.0019913993808590037,-0.288,-0.633,0.708,0.042
hourglass,linoleum,0.2,-2.6179938779914944,9.600019693374634,0.09440255863925717,0.1679130510847034,0.13488081813424882,-0.07855232507237286,-0.08736468384588182,-6.563007224635767e-05,-0.244,-0.665,0.885,0.096
hourglass,linoleum,0.2,-2.6179938779914944,9.800055265426636,0.05375353957030274,0.14507668946103308,0.058232000738542594,-0.11226282434384549,-0.09757121310766452,-0.0009272596576125853,-0.248,-0.784,1.159,0.42
hourglass,linoleum,0.2,-2.6179938779914944,10.000040769577026,0.013841769741391535,0.11848252880191651,0.09584505888132994,-0.14067756621424335,-0.10695636745935048,-0.0025126963717825514,-0.143,-0.653,0.414,0.039
hourglass,linoleum,0.2,-2.6179938779914944,10.200029611587524,-0.02378386618162484,0.0981384714308518,0.5562150100834198,-0.1810533662430717,-0.12528685643135262,-0.001093210152669719,-0.178,-0.49,0.86,0.071
hourglass,linoleum,0.2,-2.6179938779914944,10.400036334991455,-0.062163492646704926,0.10471782535478075,0.026418116608330267,-0.2147287117487599,-0.139468614172865,-0.002497695201334075,-0.249,-0.373,0.623,0.306
hourglass,linoleum,0.2,-2.6179938779914944,10.600020170211792,-0.1023118556565695,0.11110722007311097,-0.03959919983532473,-0.24825038433287583,-0.15567087287942843,-0.002759278078059895,-0.293,-0.183,0.394,0.092
hourglass,linoleum,0.2,-2.6179938779914944,10.800065279006958,-0.1421858920738908,0.12296128533417061,-0.382318135691783,-0.2730166898361081,-0.1678766058808998,-0.0025089460791901733,-0.334,-0.8,0.874,0.212
hourglass,linoleum,0.2,-2.6179938779914944,11.000035285949707,-0.18869379448159548,0.13443952788656532,-0.056825797416427404,-0.3222002735183595,-0.19184732340859706,-0.0033415106137229937,-0.218,-0.787,0.941,0.277
hourglass,linoleum,0.2,-2.6179938779914944,11.19993805885315,-0.22450953035259189,0.1498421109355147,-0.06743675813644545,-0.3499989403866469,-0.2068382454394252,-0.0032440031080848792,-0.24,-0.825,0.789,0.095
hourglass,linoleum,0.2,-2.6179938779914944,11.399988412857056,-0.2678191041286747,0.1623302025258675,-0.06444806320200097,-0.3884762799925354,-0.22622389031794787,-0.003439955674417976,-0.402,-0.777,1.108,0.427
hourglass,linoleum,0.2,-2.6179938779914944,11.60000991821289,-0.30721800801824983,0.17898296064013236,-0.06803455683284532,-0.42435976186920604,-0.2448902665982614,-0.003952807246891687,-0.255,-0.689,0.872,0.251
hourglass,linoleum,0.2,-2.6179938779914944,11.8000168800354,-0.3407209308248542,0.19735851635488505,-0.15487960650825822,-0.45478595347472245,-0.2622101786981069,-0.0038159218738444472,-0.242,-0.585,1.004,0.209
hourglass,linoleum,0.2,1.5707963267948966,12.000022649765015,-0.3883473419008122,0.21186724058979742,-0.09780314855638067,-0.49518309292556884,-0.2842167915921632,-0.004103756133744739,-0.326,-0.752,1.278,0.336
hourglass,linoleum,0.2,1.5707963267948966,12.199976682662964,-0.43215681704423015,0.23106453923951054,-0.12638468449817647,-0.5117063825604661,-0.27741802703560603,-0.0038721761419855663,0.871,1.487,-1.481,-0.948
hourglass,linoleum,0.2,1.5707963267948966,12.40000295639038,-0.465301679308298,0.24899315532602334,0.6952617029323434,-0.513869203478317,-0.25517699807267763,-0.0024958200550132354,0.762,0.949,-0.946,-0.94
hourglass,linoleum,0.2,1.5707963267948966,12.60008454322815,-0.5127054412801252,0.26586879302530775,0.6495657456837683,-0.5147197093975334,-0.22791771872357458,-0.0014354244865281704,0.828,0.585,-0.539,-1.083
hourglass,linoleum,0.2,1.5707963267948966,12.799948453903198,-0.5418470062963526,0.2875380514142518,0.7162636959933083,-0.5153129108250328,-0.19457312436370872,-0.0001659503379436969,0.866,0.911,-0.861,-0.752
hourglass,linoleum,0.2,1.5707963267948966,12.999930143356323,-0.5887002609873374,0.30351642816529933,0.660934170335647,-0.5153635738872601,-0.16730830168990246,0.0009103820377490265,0.715,0.982,-0.755,-1.045
hourglass,linoleum,0.2,1.5707963267948966,13.199930429458618,-0.5980865720669215,0.2838791887500033,1.039939870031436,-0.5165293009057327,-0.1274932152621232,0.0019595220797329945,1.042,0.411,-0.846,-0.925
hourglass,linoleum,0.2,1.5707963267948966,13.400009155273438,-0.5996302006340122,0.25262442754514647,-0.1320304528727208,-0.5168688372000673,-0.09454709394217166,0.0018001355209877868,0.877,0.824,-0.982,-0.917
hourglass,linoleum,0.2,1.5707963267948966,13.599960803985596,-0.5971243151656017,0.22071884856332816,0.692528314648791,-0.5170515694253572,-0.05580429806553823,0.0017438814207953518,0.714,0.967,-0.922,-0.929
hourglass,linoleum,0.2,1.5707963267948966,13.799955368041992,-0.5925906628524561,0.18507822990942158,-0.1641552892339534,-0.5175192721542364,-0.017872518773181092,0.002129221787811562,0.44,1.04,-0.75,-1.15
hourglass,linoleum,0.2,1.5707963267948966,13.999975442886353,-0.58899902057503,0.14723324383841008,1.1512442347524803,-0.518627373994003,0.023932653208963775,0.0020964069352847245,0.985,0.719,-0.772,-0.879
hourglass,linoleum,0.2,1.5707963267948966,14.200038433074951,-0.5915836449417184,0.10804339995096052,-0.16480395207930343,-0.5192503813615975,0.058844042051837214,0.0018667028591007836,0.716,0.929,-0.873,-0.975
hourglass,linoleum,0.2,1.5707963267948966,14.39998745918274,-0.596358549348929,0.061030351198009536,-0.14211057799720028,-0.5193218512756419,0.10198008110535159,0.0018592023147165973,0.803,0.956,-0.963,-0.904
hourglass,linoleum,0.2,1.5707963267948966,14.600022315979004,-0.5836921215917007,0.025867082290920718,0.7464830619736211,-0.5194927055983769,0.14131939546962502,0.0021836006775031408,0.697,1.105,-0.738,-1.036
hourglass,linoleum,0.2,1.5707963267948966,14.800008535385132,-0.5838499529593165,-0.018222638967578142,0.7378122651893793,-0.5198320173472538,0.18037906682864774,0.0026467583410210963,0.643,1.057,-0.749,-0.962
hourglass,linoleum,0.2,-0.5235987755982988,15.000039100646973,-0.5866398837578274,-0.06668473621189969,1.2551569325442733,-0.5208836456169705,0.21825674469662737,0.003184920151913707,0.814,0.805,-0.914,-0.886
hourglass,linoleum,0.2,-0.5235987755982988,15.200047016143799,-0.5782606192070574,-0.10362434008815441,-0.19509646748930282,-0.5037191193889576,0.2313057480876075,0.00208609369510261,-1.079,0.13,-0.097,1.025
hourglass,linoleum,0.2,-0.5235987755982988,15.400037050247192,-0.5800889853018155,-0.1539034958393088,-0.19132722343095176,-0.47378075513299406,0.2262580229286939,0.0008222503837058163,-0.618,-0.297,0.345,0.673
hourglass,linoleum,0.2,-0.5235987755982988,15.600013017654419,-0.577942425381632,-0.1954282824376899,1.3460624591026704,-0.4391313136078648,0.21740141326139767,-5.625434503387684e-06,-0.615,-0.033,0.264,0.781
hourglass,linoleum,0.2,-0.5235987755982988,15.800051927566528,-0.5800630756326262,-0.24416717339516109,-0.19032020632621527,-0.4032206634141441,0.20592653315149645,-0.0006703645773972836,-0.972,-0.211,0.525,0.954
hourglass,linoleum,0.2,-0.5235987755982988,16.000023126602173,-0.5764568850909236,-0.2857769942330655,0.75028485515709,-0.370217358281596,0.1940468059960514,-0.0015554339024788813,-0.619,-0.115,0.312,0.471
hourglass,linoleum,0.2,-0.5235987755982988,16.200016021728516,-0.5403096021272087,-0.2803912430510506,-0.2172343217668794,-0.3401301360456171,0.18107847707272243,-0.002191108739235386,-0.714,-0.233,0.333,0.727
hourglass,linoleum,0.2,-0.5235987755982988,16.4000563621521,-0.503926942585354,-0.2726302164907039,1.3589513365385266,-0.3038776183512059,0.16552974440864138,-0.0027639659425438804,-1.225,-0.131,0.305,1.453
hourglass,linoleum,0.2,-0.5235987755982988,16.600021362304688,-0.4642916014433254,-0.2579952499359422,1.342138761882676,-0.27679622946725935,0.1523110976521725,-0.0034183915197846327,-0.735,-0.132,0.213,0.764
hourglass,linoleum,0.2,-0.5235987755982988,16.80001163482666,-0.4245835691161228,-0.2425264319375034,-0.17680317522149602,-0.23615129500819887,0.13105104737168274,-0.003600280448282861,-0.75,-0.232,0.291,1.069
hourglass,linoleum,0.2,-0.5235987755982988,17.000027894973755,-0.3909692611505152,-0.22728539917087415,-0.17952465496404602,-0.20267721491280777,0.11456881796625337,-0.004007186355430315,-0.622,-0.165,0.37,1.047
hourglass,linoleum,0.2,-0.5235987755982988,17.200024843215942,-0.3501124239483683,-0.20767338522030582,1.2647386761503043,-0.17487545896958223,0.09915647331131999,-0.004546289170515089,-0.602,-0.111,0.285,0.492
hourglass,linoleum,0.2,-0.5235987755982988,17.400049924850464,-0.3179426158069071,-0.18882858474726044,-0.13930169523189484,-0.13449751534078028,0.07662461907606677,-0.004595042776058386,-0.614,-0.165,0.5,0.475
hourglass,linoleum,0.2,-0.5235987755982988,17.60006093978882,-0.28057097894317196,-0.1681077090970941,-0.1427049188614571,-0.09723235310868111,0.056721119857132414,-0.004839748262065149,-0.529,-0.24,0.396,0.889
hourglass,linoleum,0.2,-0.5235987755982988,17.80009436607361,-0.24627055190959282,-0.1512888990410411,-0.09030482311262644,-0.06291148542884156,0.03686653456084153,-0.004948506193822812,-0.458,-0.271,0.291,0.803
hourglass,linoleum,0.2,-0.5235987755982988,17.99998164176941,-0.20641279498164747,-0.12453992090816951,-0.09400868170454973,-0.0321608557640628,0.01880559039432693,-0.005036637592008147,-0.513,-0.162,0.29,0.871
hourglass,linoleum,0.2,0.5235987755982988,0.1999208927154541,0.0,0.0,0.0,-5.381695089567984e-12,5.447864381835643e-12,0.0,-0.492,-0.287,0.416,0.508
hourglass,linoleum,0.2,0.5235987755982988,0.39990949630737305,0.0009788633264701807,-0.00010331060886481502,-0.0073496720234354496,0.01651143389473425,0.004500916652343437,0.0004219063986891916,-0.019,1.162,-1.049,-0.028
hourglass,linoleum,0.2,0.5235987755982988,0.5999531745910645,0.0,0.0,0.0,0.0507652523559467,0.013065820207192977,0.0012825968228853217,0.236,0.759,-0.78,-0.224
hourglass,linoleum,0.2,0.5235987755982988,0.7999289035797119,0.0,0.0,0.0,0.08872996455038706,0.024573251853130626,0.00219579265689695,0.173,0.827,-0.798,-0.402
hourglass,linoleum,0.2,0.5235987755982988,0.9999403953552246,2.0711856680150076e-05,0.0009931340643452025,-0.24179478713591546,0.12355599907272391,0.03833284589203621,0.0033358820037241305,0.188,0.766,-0.714,-0.369
hourglass,linoleum,0.2,0.5235987755982988,1.1999449729919434,0.0,0.0,0.0,0.15873164830876446,0.052702788684776125,0.004056875909904221,0.411,1.005,-0.86,-0.518
hourglass,linoleum,0.2,0.5235987755982988,1.3999755382537842,0.021841708307900415,-0.005622749626627455,0.5070406983870677,0.18907950161888182,0.0654738101157867,0.003858110395948108,0.343,0.972,-0.937,-0.456
hourglass,linoleum,0.2,0.5235987755982988,1.600203037261963,0.06376440303574049,-0.011912930347472483,0.11216090440870932,0.2250936706533257,0.0832094508277926,0.004790057731673214,0.328,0.802,-0.925,-0.491
hourglass,linoleum,0.2,0.5235987755982988,1.7999467849731445,0.10460314298432012,-0.018533655463396026,0.07535479920892968,0.26377717935435724,0.10120263555322599,0.005490423643142572,0.325,0.778,-0.819,-0.504
hourglass,linoleum,0.2,0.5235987755982988,1.9999196529388428,0.14707942489552295,-0.02759876928440652,0.12407573165524488,0.2957526267608233,0.11818399528479533,0.0058204484179534294,0.263,0.81,-0.797,-0.514
hourglass,linoleum,0.2,0.5235987755982988,2.199974536895752,0.1906059464356906,-0.0363750481411112,0.0644228877113914,0.33355042310999666,0.13899469656481214,0.006092343604045477,0.3,0.87,-0.789,-0.388
hourglass,linoleum,0.2,0.5235987755982988,2.399935722351074,0.23061015126405554,-0.049151667721895276,0.05755496441546537,0.3669834194212697,0.15655963450416732,0.006259230884084796,0.354,0.925,-0.941,-0.545
hourglass,linoleum,0.2,0.5235987755982988,2.5999250411987305,0.2717476950868313,-0.06152282409701754,0.5869280204151563,0.40240455276217396,0.1768823238395998,0.006407366709649855,0.268,0.85,-0.767,-0.383
hourglass,linoleum,0.2,0.5235987755982988,2.7999043464660645,0.314131912569423,-0.07745420973655631,0.04277782101067834,0.4369157812782027,0.19678225648649278,0.006780518645450673,0.267,0.971,-0.899,-0.371
hourglass,linoleum,0.2,0.5235987755982988,2.999959945678711,0.35470151792078697,-0.08898153742127207,0.03410328212122543,0.47170784587259856,0.21576623971950876,0.007023348398400853,0.546,0.55,-0.799,-0.415
hourglass,linoleum,0.2,-1.5707963267948966,3.2000460624694824,0.39810032787040744,-0.10503092541381648,0.02237505492302133,0.5034498670751335,0.2339468203917638,0.006538626240495442,0.262,0.923,-0.846,-0.393
hourglass,linoleum,0.2,-1.5707963267948966,3.399966239929199,0.43916876525719634,-0.11947319031087483,0.08733182920035076,0.5220747604167146,0.22995743195807236,0.005599181838671196,-0.7,-1.112,1.648,0.586
hourglass,linoleum,0.2,-1.5707963267948966,3.6000051498413086,0.4791303075228692,-0.13661101093679023,0.039628386090377665,0.5245363400285257,0.20883494821687043,0.003349945606604802,-0.808,-0.836,0.772,0.97
hourglass,linoleum,0.2,-1.5707963267948966,3.799957752227783,0.5167678200068814,-0.146320624857948,0.6677995178067042,0.5252885965728467,0.17863456967961328,0.0026223885376848275,-0.792,-0.703,1.111,0.584
hourglass,linoleum,0.2,-1.5707963267948966,3.9999279975891113,0.5608054818751541,-0.1639203858645481,-0.017376435748767294,0.525945529964319,0.14537032989645643,0.0018395148945465254,-0.94,-0.952,1.066,0.996
hourglass,linoleum,0.2,-1.5707963267948966,4.199915885925293,0.60138884633576,-0.17922544005899738,0.008505536550479087,0.5266436896402746,0.11228990691328213,0.0011635251792899465,-0.718,-0.855,1.069,0.769
hourglass,linoleum,0.2,-1.5707963267948966,4.3999269008636475,0.6182184551465604,-0.17200728486676914,0.6552615559068069,0.526352558762061,0.07943348018647242,0.0009544466898065373,-0.62,-0.709,1.134,0.547
hourglass,linoleum,0.2,-1.5707963267948966,4.5999414920806885,0.618415652494107,-0.1454208649431878,0.007516546246111144,0.5259770868240221,0.04354607916116296,0.00019782715943320777,-0.913,-0.916,0.879,0.87
hourglass,linoleum,0.2,-1.5707963267948966,4.799915790557861,0.6184234709302223,-0.11588148666839498,0.011788395941688679,0.5261585369695949,0.0041602662766714316,-0.0008738132172285387,-0.883,-0.287,0.795,0.827
hourglass,linoleum,0.2,-1.5707963267948966,4.999937057495117,0.6147589798077138,-0.08052204615430442,0.005110896822764277,0.526058560856572,-0.033841831587259216,-0.0009666322679331945,-0.479,-0.877,1.117,0.963
hourglass,linoleum,0.2,-1.5707963267948966,5.199930667877197,0.6089600638999408,-0.04361453915472979,0.6582227142884973,0.5255883895663647,-0.0653361848328949,-0.000943193116950665,-0.739,-0.724,1.084,0.581
hourglass,linoleum,0.2,-1.5707963267948966,5.400040626525879,0.6106221829148466,-0.007005414125995257,0.054240198417372876,0.5253465256651646,-0.10856080145399995,-0.0008850640130706115,-0.833,-0.818,0.844,0.886
hourglass,linoleum,0.2,-1.5707963267948966,5.5999414920806885,0.6043026106379839,0.0341769694157697,0.08850186415003558,0.5251663806804989,-0.1474444784783377,-0.0008672502527578576,-0.974,-0.399,0.708,0.827
hourglass,linoleum,0.2,-1.5707963267948966,5.799960613250732,0.6037539334019781,0.0709771145201546,0.10054669871799568,0.5249554978132263,-0.1878123277423524,-0.0008194343636793284,-0.754,-0.848,1.012,0.796
hourglass,linoleum,0.2,-1.5707963267948966,5.999967813491821,0.6021872498506432,0.11343079086015417,0.15388725257103814,0.52441302366557,-0.22841778940800822,-0.0006506723322146244,-0.631,-0.743,1.0,0.699
hourglass,linoleum,0.2,2.6179938779914944,6.200073957443237,0.5961402404481835,0.15497095125421417,0.10878876284647856,0.5236678174597755,-0.27008254738943466,-0.0006084818076840526,-0.616,-0.659,1.107,0.605
hourglass,linoleum,0.2,2.6179938779914944,6.399948835372925,0.5919795134241703,0.20079765662857385,0.5287254664034754,0.5101936215273244,-0.28052212562271156,0.0005953569471040176,1.35,0.0,0.213,-1.541
hourglass,linoleum,0.2,2.6179938779914944,6.59993839263916,0.5873803884586017,0.24177860549510313,0.1444002105452246,0.4751695258654585,-0.2742813693989243,0.0014185447929943502,0.798,0.159,-0.2,-0.9
hourglass,linoleum,0.2,2.6179938779914944,6.799921989440918,0.5828616921920898,0.28446007737147244,0.16909595039214037,0.4405238647454793,-0.2656517383255626,0.002922412065687949,0.792,0.318,-0.32,-0.908
hourglass,linoleum,0.2,2.6179938779914944,6.999967336654663,0.5796108612897901,0.3301552535370271,0.17149563579641752,0.4060501870860522,-0.25386136089197514,0.0035327724376760586,0.712,0.165,-0.145,-0.894
hourglass,linoleum,0.2,2.6179938779914944,7.199979066848755,0.5734239881567471,0.37352231463849356,0.15596278527014112,0.3715866180825937,-0.24099894334907362,0.004050312898241769,0.996,0.308,-0.287,-0.835
hourglass,linoleum,0.2,2.6179938779914944,7.3999552726745605,0.5552390445679733,0.38309369021722683,0.15293547485568337,0.337582733082794,-0.22667435247777185,0.004373775559079845,0.837,0.249,-0.192,-0.905
hourglass,linoleum,0.2,2.6179938779914944,7.599971532821655,0.517352162562029,0.37281727536729986,0.14853687178148586,0.30689430800802225,-0.21314963433346518,0.0022604852109349136,0.808,0.389,-0.407,-1.001
hourglass,linoleum,0.2,2.6179938779914944,7.8000054359436035,0.4836045745578449,0.3586417777012061,0.1596065236406542,0.26840316134237,-0.19502717076828302,0.0050938310229641775,1.043,0.349,-0.32,-1.052
hourglass,linoleum,0.2,2.6179938779914944,7.99992561340332,0.44590885629875,0.3415716603223298,0.16681475767023105,0.2385656605551017,-0.17959411685780413,0.005008511999095888,0.689,0.229,-0.2,-1.041
hourglass,linoleum,0.2,2.6179938779914944,8.199918270111084,0.41381526341835245,0.31990005592241116,0.26494551167389735,0.1994069988631923,-0.1591443692250925,0.005599181838671169,0.839,0.27,-0.366,-1.02
hourglass,linoleum,0.2,2.6179938779914944,8.399988174438477,0.372824500323534,0.3026958445278758,0.22166059589483672,0.16844474973574192,-0.14409859529674018,0.00573044168958063,0.962,0.369,-0.318,-0.987
hourglass,linoleum,0.2,2.6179938779914944,8.599940776824951,0.33444945937098725,0.2806705628200935,0.2597584029404535,0.12951189771910593,-0.12282086902271704,0.005491361213918834,0.672,0.236,-0.237,-1.0
hourglass,linoleum,0.2,2.6179938779914944,8.799949169158936,0.29918569511336185,0.2591650203902033,0.2728413313189696,0.0970527776725072,-0.10458616599958308,0.005864514203919282,0.616,0.443,-0.194,-1.039
hourglass,linoleum,0.2,2.6179938779914944,8.999950647354126,0.26175684689613427,0.2363458189813421,0.23898494505300044,0.05979657997800075,-0.08564015242578109,0.0063136098663749,0.861,0.476,-0.228,-1.166
hourglass,linoleum,0.2,-2.6179938779914944,9.199906826019287,0.22033956759095782,0.21014782255924752,0.16213656329703952,0.025640788470603026,-0.06666761070898673,0.006665197874083582,0.849,0.271,-0.194,-1.039
hourglass,linoleum,0.2,-2.6179938779914944,9.399765491485596,0.18212103051067707,0.18649466735682899,0.3506120386660402,-0.009728905170187763,-0.061121093945786395,0.005504487204560303,-0.255,-0.489,0.838,0.251
hourglass,linoleum,0.2,-2.6179938779914944,9.59995698928833,0.14307788592082424,0.16046139287305494,0.2363472850442799,-0.04455660717231208,-0.06860188865621104,0.003810294158767082,-0.172,-0.748,0.685,0.179
hourglass,linoleum,0.2,-2.6179938779914944,9.799987316131592,0.10527749927458159,0.13674108257318612,0.17468367889998074,-0.07955289792467662,-0.07993896489166234,0.0033396322978313194,-0.235,-0.625,0.933,0.241
hourglass,linoleum,0.2,-2.6179938779914944,9.999922037124634,0.06531906973078863,0.1115271221121969,0.1405121860335374,-0.11168836177087654,-0.0900961100791945,0.001373541323561493,-0.244,-0.72,0.888,0.369
hourglass,linoleum,0.2,-2.6179938779914944,10.199939489364624,0.027752526479003392,0.08761830569322582,0.13005398730786957,-0.1484700412692887,-0.10517011899065627,0.0014494846801538443,-0.256,-0.704,0.875,0.325
hourglass,linoleum,0.2,-2.6179938779914944,10.399983167648315,-0.014395442683534654,0.07855628984745427,0.5731729367229632,-0.18403179915773185,-0.11963890515725477,0.00011532103152438623,-0.331,-0.637,0.943,0.364
hourglass,linoleum,0.2,-2.6179938779914944,10.599916458129883,-0.05519692198876394,0.08245421963134908,0.11871647753830206,-0.21843645082381088,-0.1361939202867382,-0.0001856386477662006,-0.22,-0.664,0.915,0.128
hourglass,linoleum,0.2,-2.6179938779914944,10.799964427947998,-0.09322877019075901,0.09402928611515082,-0.016986450981377854,-0.2531726197682105,-0.15378895755891064,-8.531878590528142e-05,-0.282,-0.707,1.029,0.257
hourglass,linoleum,0.2,-2.6179938779914944,10.999961137771606,-0.14048670008216133,0.1023392947580134,0.059648062559028686,-0.28797372413272315,-0.17047211118391692,-0.0007125517562498658,-0.246,-0.735,1.142,0.286
hourglass,linoleum,0.2,-2.6179938779914944,11.199951171875,-0.17697932464109675,0.11785368412349301,-0.03433941872212576,-0.32300383036903396,-0.18951350578589482,-0.0005475399274347289,-0.271,-0.551,0.999,0.123
hourglass,linoleum,0.2,-2.6179938779914944,11.399991989135742,-0.21763212329491624,0.13104267201977127,0.9068395763688097,-0.3494165495746676,-0.20388952561296325,1.734723475976807e-18,-0.223,-0.698,0.941,0.165
hourglass,linoleum,0.2,-2.6179938779914944,11.599931001663208,-0.25947651029195484,0.14693867310699799,0.6172970343635993,-0.38922601852449107,-0.22458528784213022,-0.0003103352529567334,-0.291,-0.738,1.072,0.278
hourglass,linoleum,0.2,-2.6179938779914944,11.799952745437622,-0.3013328719036815,0.1604152276312743,-0.001964359160495477,-0.4268649448319998,-0.24514516074265186,-0.0005034742518368949,-0.392,-0.186,0.527,0.2
hourglass,linoleum,0.2,-2.6179938779914944,11.999985456466675,-0.3422989975576386,0.17559399198492837,-0.023779453430878617,-0.4587080916619209,-0.26322169800183826,7.500554444063402e-05,-0.369,-0.535,0.791,0.194
hourglass,linoleum,0.2,1.5707963267948966,12.19991421699524,-0.3789077423294245,0.19937786399928187,1.0127343496441321,-0.4971168336272958,-0.28309820581600426,-0.00023064193975698595,-0.281,-0.827,1.286,0.388
hourglass,linoleum,0.2,1.5707963267948966,12.399944305419922,-0.42278052020783485,0.2159068588548364,0.6543179057259321,-0.5107276337495766,-0.27680690843864886,0.00011719617057514122,0.726,1.269,-1.193,-0.86
hourglass,linoleum,0.2,1.5707963267948966,12.599924564361572,-0.45988324048844864,0.23290215382887816,-0.10937060648142316,-0.5136235007437053,-0.2513713132567489,0.0010941448637620224,0.719,0.957,-0.63,-0.832
hourglass,linoleum,0.2,1.5707963267948966,12.79996633529663,-0.49447716923993723,0.2537595738587589,-0.1363314308218329,-0.5138849723908281,-0.23032873465422682,0.002430185983670348,0.839,0.951,-0.964,-1.013
hourglass,linoleum,0.2,1.5707963267948966,12.999932527542114,-0.5350890430100228,0.2730717110294489,-0.13873573277000312,-0.514268023613202,-0.19154354596385625,0.0031614933242128185,0.792,0.975,-1.055,-1.194
hourglass,linoleum,0.2,1.5707963267948966,13.199979543685913,-0.5813264401973862,0.28629733427833093,-0.08257585213187346,-0.5147058323255816,-0.15958240808432805,0.0045687906638436715,0.811,0.923,-0.824,-0.99
hourglass,linoleum,0.2,1.5707963267948966,13.399936437606812,-0.5932204567659124,0.27799346060808017,0.7128426511087793,-0.5151228275784373,-0.12150507180369476,0.005962021455455329,0.744,0.87,-0.991,-0.985
hourglass,linoleum,0.2,1.5707963267948966,13.59994101524353,-0.592000034470763,0.2517818434105609,0.7366902533032081,-0.5150830955458814,-0.08820055714930693,0.0055082374875232275,1.002,0.652,-0.697,-1.19
hourglass,linoleum,0.2,1.5707963267948966,13.79992389678955,-0.6020658007496201,0.21700950321000037,1.0366615637535024,-0.5157956135121535,-0.05512575506360569,0.004943819542898513,0.784,0.938,-1.025,-0.834
hourglass,linoleum,0.2,1.5707963267948966,13.999945878982544,-0.5918647621068304,0.1850960575597581,-0.14188363457907216,-0.5160484017560201,-0.014314587765111478,0.005686375887523415,0.442,0.931,-0.692,-0.969
hourglass,linoleum,0.2,1.5707963267948966,14.199946403503418,-0.5899811355414849,0.14782930432045838,-0.13703572139597175,-0.5162380205484777,0.024984063190789566,0.0059338943664648276,0.746,0.9,-0.88,-0.986
hourglass,linoleum,0.2,1.5707963267948966,14.400211095809937,-0.5869725220005425,0.10726552802361417,0.7449153399016154,-0.5165920570453689,0.0678761772515185,0.005887953449553527,0.767,0.878,-0.909,-1.018
hourglass,linoleum,0.2,1.5707963267948966,14.600050926208496,-0.5853364318832169,0.0679788086395468,0.7550483114294735,-0.5170445183977006,0.10414813251829799,0.005601056979712873,0.846,0.365,-0.375,-0.911
hourglass,linoleum,0.2,1.5707963267948966,14.799960136413574,-0.5864951092312523,0.023271096404772873,-0.16389365407328998,-0.5168602583211128,0.13843429237390714,0.005577617716049754,0.69,0.951,-0.794,-0.894
hourglass,linoleum,0.2,1.5707963267948966,14.999915599822998,-0.5894141325298066,-0.019216655658010562,-0.7013046494186665,-0.5180957590780757,0.18559866204484382,0.006827396993705565,0.793,0.954,-0.587,-0.923
hourglass,linoleum,0.2,-0.5235987755982988,15.199914693832397,-0.584739182470952,-0.06570417899755032,-0.15470567433157428,-0.5183070778344592,0.22162910842675065,0.007047725117659583,0.73,0.859,-0.966,-1.033
hourglass,linoleum,0.2,-0.5235987755982988,15.399992227554321,-0.575537330657736,-0.10514632234897575,-0.18965769534271404,-0.5037355637490245,0.23802087989415363,0.006120470679775413,-1.278,0.075,-0.224,1.367
hourglass,linoleum,0.2,-0.5235987755982988,15.599958896636963,-0.5814153910836781,-0.15452474980456948,-0.1697611536292271,-0.4737699115024309,0.232980236239604,0.005249467884917613,-0.767,-0.05,0.283,0.631
hourglass,linoleum,0.2,-0.5235987755982988,15.79997181892395,-0.5852619330539062,-0.20371394647273783,-0.13469095746459547,-0.449154753899583,0.22690661495383,0.00568262560625985,-0.683,-0.244,0.37,0.615
hourglass,linoleum,0.2,-0.5235987755982988,15.999946117401123,-0.5753289268451477,-0.23952736413813908,1.3672520794795393,-0.40121347876113617,0.21222158890367615,0.0027827136073711686,-0.571,-0.108,0.19,0.676
hourglass,linoleum,0.2,-0.5235987755982988,16.199942350387573,-0.5698187811624204,-0.2828155006415946,1.3818275049463569,-0.3665549133115987,0.19917944638896923,0.0024339362772106206,-0.725,-0.361,0.341,1.058
hourglass,linoleum,0.2,-0.5235987755982988,16.399956226348877,-0.5519471534776645,-0.29938644696052813,1.3841981001124295,-0.33817206257388316,0.18745908848122275,0.001904207425494563,-0.704,-0.135,0.244,0.798
hourglass,linoleum,0.2,-0.5235987755982988,16.599914073944092,-0.5108297631583545,-0.28616533321468524,-0.7788527297585801,-0.3020840346171375,0.17023972313339183,0.0013951054855795503,-0.684,-0.279,0.33,0.734
hourglass,linoleum,0.2,-0.5235987755982988,16.79993772506714,-0.4799539475133783,-0.2825636626817813,-0.151512400809304,-0.2671292855051164,0.1541850951805991,0.0009235068312168563,-0.791,-0.192,0.289,0.957
hourglass,linoleum,0.2,-0.5235987755982988,16.999945878982544,-0.436332243061089,-0.2622627289829565,-0.15239762380697275,-0.23276635474613455,0.13625851556999866,0.00031596096716681203,-0.61,-0.114,0.179,0.735
hourglass,linoleum,0.2,-0.5235987755982988,17.19997477531433,-0.40180266473496384,-0.24659203497594978,-0.6758558858795982,-0.19452500237253337,0.11563627418610348,5.625415242712598e-06,-0.686,-0.314,0.42,0.886
hourglass,linoleum,0.2,-0.5235987755982988,17.39997363090515,-0.36645722068318687,-0.2288210393028856,-0.6398365727900228,-0.1647027611560163,0.10068896195853591,-0.00017532539242484787,-0.764,-0.313,0.433,0.903
hourglass,linoleum,0.2,-0.5235987755982988,17.599918127059937,-0.3265042924900643,-0.2089425606101491,-0.0920479914675621,-0.12526793697081978,0.07878376190521108,-0.00043690694159317315,-0.525,-0.064,0.321,0.56
hourglass,linoleum,0.2,-0.5235987755982988,17.79998016357422,-0.2874672577399383,-0.18590372624236878,0.7050160131367547,-0.08966993778220644,0.05811322959661599,-0.0009263169268836388,-0.505,-0.372,0.273,1.001
hourglass,linoleum,0.2,-0.5235987755982988,17.999934196472168,-0.25463672570555174,-0.16725190870139467,0.6780761349307027,-0.05638713842779103,0.040610155937606085,-0.0009572566078044071,-0.67,-0.273,0.402,0.851
hourglass,linoleum,0.2,0.5235987755982988,0.20041894912719727,0.0,0.0,0.0,1.6436592957413954e-05,-2.2503415211441724e-05,-1.7813773245325612e-05,-0.448,-0.263,0.382,0.465
hourglass,linoleum,0.2,0.5235987755982988,0.3999490737915039,0.0,0.0,0.0,0.012152206458899528,0.00365030398151521,0.0005316010159765231,-0.072,1.249,-1.014,0.028
hourglass,linoleum,0.2,0.5235987755982988,0.6000850200653076,0.0,0.0,0.0,0.047019561683099176,0.011842325893147251,0.0011625853933354725,0.229,0.879,-0.746,-0.296
hourglass,linoleum,0.2,0.5235987755982988,0.7999567985534668,0.0,0.0,0.0,0.08174100962363767,0.023091894702434376,0.0017541927783404324,0.282,1.024,-0.818,-0.269
hourglass,linoleum,0.2,0.5235987755982988,0.999953031539917,0.0,0.0,0.0,0.11777166135885042,0.03606429536668285,0.003059293946330346,0.138,0.681,-0.788,-0.263
hourglass,linoleum,0.2,0.5235987755982988,1.1999590396881104,0.00753330679606215,1.879025950574098e-05,6.081085591361224e-05,0.15473285865487857,0.0530388005539454,0.004610040459104779,0.18,0.828,-0.846,-0.347
hourglass,linoleum,0.2,0.5235987755982988,1.3998675346374512,0.04534190862673959,-0.0028472370985239137,-0.041896178433408704,0.18889065753285056,0.06807309916488408,0.0053835380100748596,0.252,0.852,-0.882,-0.415
hourglass,linoleum,0.2,0.5235987755982988,1.599977731704712,0.08443642311409101,-0.01135575371463865,0.5286674844161847,0.2236817882190945,0.08505016468203742,0.00564887090478728,0.222,0.858,-0.744,-0.423
hourglass,linoleum,0.2,0.5235987755982988,1.7999796867370605,0.1256529000280902,-0.022996899774608837,0.06184271633037827,0.2588827466218074,0.10278347150360502,0.005580428156142204,0.342,0.942,-0.778,-0.425
hourglass,linoleum,0.2,0.5235987755982988,1.9999535083770752,0.167556334746635,-0.03522100647406701,0.048615584053739586,0.29233509120220685,0.11951779648628065,0.005392913732830362,0.261,0.96,-0.823,-0.432
hourglass,linoleum,0.2,0.5235987755982988,2.1998848915100098,0.20809442376384232,-0.042499261170875824,0.0067841169535191315,0.3286075380644547,0.13934325243333698,0.005571052436467305,0.157,0.9,-0.697,-0.36
hourglass,linoleum,0.2,0.5235987755982988,2.3998894691467285,0.2526793745326199,-0.058132611702576165,0.04647316564064646,0.3635114965122465,0.15839479436504855,0.00597702093900557,0.42,0.699,-0.923,-0.383
hourglass,linoleum,0.2,0.5235987755982988,2.600010395050049,0.29408321365254486,-0.07202236505397286,0.03407653547401962,0.3988300279248152,0.17666318140222026,0.005591679019537117,0.389,0.493,-0.557,-0.455
hourglass,linoleum,0.2,0.5235987755982988,2.7999765872955322,0.33652144980830334,-0.08814437363152294,0.022511748038053253,0.4333168536624547,0.19673576993983527,0.005586991159817822,0.229,0.563,-0.376,-0.426
hourglass,linoleum,0.2,0.5235987755982988,2.9999701976776123,0.37834605334900473,-0.10473155726398053,0.06387206283643754,0.46724819651248456,0.2163378473627628,0.0058166962360457885,0.232,0.918,-0.762,-0.509
hourglass,linoleum,0.2,-1.5707963267948966,3.19992995262146,0.41696239757660947,-0.11387341020526354,-0.002165725115904904,0.5028510317904797,0.23519382549482948,0.0058363852376273045,0.469,1.073,-0.862,-0.56
hourglass,linoleum,0.2,-1.5707963267948966,3.3999440670013428,0.4575526125880278,-0.12442868259625439,-0.010124335985858657,0.5203588495972986,0.2302276790161943,0.005251340304127591,-0.772,-1.326,1.396,0.752
hourglass,linoleum,0.2,-1.5707963267948966,3.5999486446380615,0.4998679917454749,-0.14129201334541575,-0.054467311988883826,0.5235062551145517,0.20588908545646956,0.002947722721554325,-0.663,-0.916,1.083,0.907
hourglass,linoleum,0.2,-1.5707963267948966,3.7999398708343506,0.5446094623282818,-0.16364590518926214,0.010598116648982414,0.5238143871208178,0.17980903634509077,0.0020645291130014136,-0.683,-0.926,1.093,0.659
hourglass,linoleum,0.2,-1.5707963267948966,3.9999642372131348,0.5802524507604635,-0.1685348954647209,-0.039162176975097385,0.5250967266686595,0.15243600354169765,0.001307908843691369,-0.811,-0.928,1.098,0.957
hourglass,linoleum,0.2,-1.5707963267948966,4.199857711791992,0.6126251069607128,-0.175742224205783,-0.083840318835884,0.5251054666401036,0.11821957934735222,0.0011700859572146864,-0.546,-0.669,1.01,0.286
hourglass,linoleum,0.2,-1.5707963267948966,4.399996280670166,0.6211253814230074,-0.15372038282098266,-0.048042181386806215,0.5249471860494463,0.07987970800397591,0.0006225451998206647,-0.706,-0.801,0.865,0.814
hourglass,linoleum,0.2,-1.5707963267948966,4.599948406219482,0.6182142484194759,-0.12678881902106365,-0.049615309685273945,0.5251957912493714,0.04423056627446047,-0.0003365863512085946,-0.983,-0.387,0.947,0.758
hourglass,linoleum,0.2,-1.5707963267948966,4.799920082092285,0.6198747586033828,-0.09815118346306717,0.5351514885091881,0.5251149696746116,0.007515598320599462,-0.0009225642532987867,-0.806,-0.864,1.032,0.977
hourglass,linoleum,0.2,-1.5707963267948966,4.99991512298584,0.6129523028174163,-0.05741776644782742,-0.006198938459109737,0.5242786118714635,-0.025496148053220605,-0.000845684039265202,-0.754,-0.714,0.827,0.982
hourglass,linoleum,0.2,-1.5707963267948966,5.199844837188721,0.6110869282846932,-0.023677314279908657,-0.009912942113939283,0.524257885528767,-0.06406449078941563,-0.0009844434300082636,-0.85,-0.773,0.618,0.757
hourglass,linoleum,0.2,-1.5707963267948966,5.399912595748901,0.6072499382389737,0.014936880784879702,-0.04046733797153318,0.5244092929170954,-0.10766173897197338,-0.0009141261823620898,-0.833,-0.329,0.756,0.788
hourglass,linoleum,0.2,-1.5707963267948966,5.599811553955078,0.6030249417966492,0.057651135427315425,-0.008578909953497804,0.5240102928592494,-0.14595586775603353,-0.0007163002036090272,-0.632,-0.838,0.908,0.893
hourglass,linoleum,0.2,-1.5707963267948966,5.799866437911987,0.6016687061857136,0.09536848744022508,0.04914952969821773,0.5232054542664073,-0.1831563438305367,-0.0005484761323046269,-0.544,-0.737,0.984,0.649
hourglass,linoleum,0.2,-1.5707963267948966,5.999956130981445,0.6188854039539209,0.12091256284384455,0.3471858879200384,0.52231958514967,-0.2232642822595607,-0.0006000422007763468,-0.706,-0.745,0.803,0.856
hourglass,linoleum,0.2,2.6179938779914944,6.1999101638793945,0.5935102367046533,0.17995817550046095,0.05656230850353938,0.5220431203463245,-0.26238123519708145,-0.0005147237904089496,-0.865,-0.813,0.915,0.767
hourglass,linoleum,0.2,2.6179938779914944,6.399825572967529,0.5870304673659923,0.22735290942425396,0.047737120461441906,0.514816120936316,-0.2877756020200693,0.00789997412472028,1.445,-0.598,-0.454,-2.47
hourglass,linoleum,0.2,2.6179938779914944,6.599910736083984,0.6012990624231338,0.2611174599997953,0.31485520972128356,0.48441795499009227,-0.28527380820922704,0.0102851264089902,0.866,0.099,-0.229,-0.727
hourglass,linoleum,0.2,2.6179938779914944,6.799887657165527,0.5791364195768733,0.3098458472916586,0.05274525962781579,0.4559088131484558,-0.27930467536137504,0.011345495441761413,0.777,0.048,-0.426,-0.633
hourglass,linoleum,0.2,2.6179938779914944,6.999937534332275,0.574073414195791,0.3529799262021454,0.10171035958779034,0.4104045754106515,-0.2663949687917772,0.011692387135171692,0.891,0.127,-0.21,-0.757
hourglass,linoleum,0.2,2.6179938779914944,7.199901342391968,0.5692753601964547,0.39264717613017935,0.053440722047595784,0.37884156697783805,-0.25503920892161275,0.012165845864755458,0.819,0.148,-0.407,-0.984
hourglass,linoleum,0.2,2.6179938779914944,7.399938583374023,0.5419172764125194,0.3922095422661079,0.0700698829291716,0.34144021989054946,-0.24107683146049036,0.012318664818461389,0.969,0.116,-0.405,-0.96
hourglass,linoleum,0.2,2.6179938779914944,7.5999436378479,0.5073057308075951,0.3800751158868708,0.09290756525031219,0.3113511081165526,-0.2280255681197178,0.012618676901507702,0.76,0.127,-0.472,-0.596
hourglass,linoleum,0.2,2.6179938779914944,7.799930572509766,0.4658748679373814,0.36479873967854226,0.08681157301831699,0.2847169485407675,-0.21674280935708468,0.013597460617318036,0.893,0.344,-0.412,-1.119
hourglass,linoleum,0.2,2.6179938779914944,7.999942779541016,0.43341692836210954,0.3473802551711454,0.1271468584338705,0.25386102011056794,-0.20307989811006877,0.013505582839967247,1.081,0.262,-0.259,-0.972
hourglass,linoleum,0.2,2.6179938779914944,8.200346231460571,0.3957952707924044,0.32885579175587437,0.1696089018715264,0.2137243209578949,-0.18307549848431703,0.013963095836967152,0.768,0.158,-0.645,-0.628
hourglass,linoleum,0.2,2.6179938779914944,8.399973630905151,0.3582120539095882,0.31070579874781806,0.10193662683659288,0.16905280515869486,-0.16187837045856418,0.01493999129674733,1.079,0.195,-0.431,-0.736
hourglass,linoleum,0.2,2.6179938779914944,8.599925518035889,0.3209614239172699,0.2898601365987379,0.17986904983268936,0.14603254351769562,-0.1506735102230864,0.014224664811269728,0.659,0.194,-0.348,-0.681
hourglass,linoleum,0.2,2.6179938779914944,8.79996633529663,0.2813065581843854,0.2673547729188399,0.14391630993012344,0.10351036620499982,-0.12777002431214585,0.014410293971327544,0.813,0.114,-0.508,-0.588
hourglass,linoleum,0.2,-2.6179938779914944,9.000499963760376,0.24473548287470706,0.24482014295478613,0.16283534975393843,0.06362887541292472,-0.10801785691771636,0.01594031365201118,1.061,0.348,-0.571,-0.967
hourglass,linoleum,0.2,-2.6179938779914944,9.199875116348267,0.20608251118923956,0.22274749651697304,0.11200671502121101,0.03063184851701245,-0.10041540331001546,0.015200619985733467,-0.156,-1.079,1.178,0.423
hourglass,linoleum,0.2,-2.6179938779914944,9.399954557418823,0.16761683989695694,0.1974038033325186,0.17574524064996716,-0.001051940656534578,-0.10789341497526674,0.014651236321114284,-0.312,-0.351,0.873,0.248
hourglass,linoleum,0.2,-2.6179938779914944,9.600431680679321,0.1261857331274379,0.1717630372202596,0.1108567714288051,-0.03913552646491136,-0.11939324750576726,0.01325619988765095,-0.255,-0.827,0.822,0.258
hourglass,linoleum,0.2,-2.6179938779914944,9.800334453582764,0.08614308904945982,0.1448968445639381,0.11792476628567553,-0.07120422383058178,-0.13155753858387287,0.013363078369245421,-0.175,-0.373,0.397,0.19
hourglass,linoleum,0.2,-2.6179938779914944,10.000321626663208,0.04608860932831488,0.12254186974282455,0.07834572262143577,-0.11283417677868524,-0.14836502857131262,0.012402105757825046,-0.545,-0.957,0.86,0.457
hourglass,linoleum,0.2,-2.6179938779914944,10.199878215789795,0.007594100828222983,0.12907063841987504,0.09487733692086758,-0.14628445976063964,-0.16378683355867873,0.01267680415090573,-0.247,-0.817,0.936,0.129
hourglass,linoleum,0.2,-2.6179938779914944,10.399916172027588,-0.0332324505315002,0.1373694424336031,0.0052676362586881464,-0.18000199074559922,-0.1805800437771038,0.01128736755369927,-0.128,-0.729,0.882,0.279
hourglass,linoleum,0.2,-2.6179938779914944,10.60030722618103,-0.07836499222799823,0.14575798328870126,0.06991379388855826,-0.21285236326547877,-0.19662397066998444,0.010820468446362499,-0.355,-1.01,0.999,0.216
hourglass,linoleum,0.2,-2.6179938779914944,10.800300359725952,-0.1136170787565303,0.15817381858202934,0.004092140558434848,-0.24330766005771148,-0.21267571042911504,0.011492690139540164,-0.308,-0.323,0.561,0.25
hourglass,linoleum,0.2,-2.6179938779914944,11.000586032867432,-0.1554995583347286,0.17374197022681964,-0.07132186742391111,-0.281173266075178,-0.23330983553083673,0.010081677182753393,-0.158,-0.759,0.944,0.493
hourglass,linoleum,0.2,-2.6179938779914944,11.1999032497406,-0.19594291108385445,0.18976492975925915,-0.030232683740826827,-0.3139578933972627,-0.25067292510704303,0.010132305125704616,-0.36,-0.911,1.043,0.303
hourglass,linoleum,0.2,-2.6179938779914944,11.39988660812378,-0.23865215638794932,0.20664342688058157,-0.08421648070583593,-0.3537245531448756,-0.2733690132739319,0.010987352245849707,-0.181,-0.62,0.782,0.196
hourglass,linoleum,0.2,-2.6179938779914944,11.600409984588623,-0.27898697257607386,0.22276356983562548,-0.045037127713068725,-0.3880033423262638,-0.2930423730447399,0.00974696982304234,-0.169,-0.768,1.081,0.333
hourglass,linoleum,0.2,-2.6179938779914944,11.799954652786255,-0.32016054277350525,0.24037685453571309,0.5744125785062109,-0.41653864908898364,-0.3092190908189734,0.009572584206480174,-0.263,-0.897,0.865,0.253
hourglass,linoleum,0.2,-2.6179938779914944,11.999953985214233,-0.3568942187155414,0.2587244263514579,-0.1633508972947238,-0.45590192053403944,-0.33202293268763067,0.01068639873383097,-0.237,-0.798,0.941,0.263
hourglass,linoleum,0.2,1.5707963267948966,12.200054168701172,-0.40021048659163583,0.2731503952064104,-0.09597801743129047,-0.4904896407008642,-0.35247611240400967,0.010386382144482509,-0.14,-0.76,0.932,0.262
hourglass,linoleum,0.2,1.5707963267948966,12.400299549102783,-0.4462928762521079,0.2949108108200603,-0.09556333171544573,-0.5120518790122605,-0.35087473571005723,0.010116366700983898,0.745,1.578,-1.257,-0.753
hourglass,linoleum,0.2,1.5707963267948966,12.60026240348816,-0.48348165652887976,0.3131569466565248,-0.11194410729839105,-0.5151858539084149,-0.32919882537312833,0.010723900764023374,0.819,0.821,-0.637,-1.054
hourglass,linoleum,0.2,1.5707963267948966,12.800286769866943,-0.5124743344843259,0.33247376584153154,-0.1719437057630649,-0.5165021059908297,-0.3011133551044012,0.012426481751211789,0.925,1.012,-0.855,-0.935
hourglass,linoleum,0.2,1.5707963267948966,13.00020146369934,-0.5496416128628213,0.35299960928935803,-0.2074567674196039,-0.5169571117867899,-0.26980856317663215,0.012933688727074294,0.9,0.913,-1.134,-0.906
hourglass,linoleum,0.2,1.5707963267948966,13.200374841690063,-0.5865566323542659,0.37083380158938983,0.6605675770320674,-0.5180453966584968,-0.24651844919887056,0.013561834550232089,0.913,0.924,-0.788,-0.906
hourglass,linoleum,0.2,1.5707963267948966,13.399906873703003,-0.6019450164197385,0.3490739854423892,0.6500462613768885,-0.5193146989292687,-0.20157897734496405,0.01446842019859983,0.849,0.946,-0.89,-1.1
hourglass,linoleum,0.2,1.5707963267948966,13.600578308105469,-0.6040827637695412,0.31701436877149664,-0.17550709918231877,-0.5197446049470669,-0.16737833228343008,0.015329996528624493,0.848,0.802,-1.021,-0.975
hourglass,linoleum,0.2,1.5707963267948966,13.799856424331665,-0.6025555396589029,0.28222924986464054,0.6343570696985472,-0.5213248614048787,-0.13370678230049377,0.01595062619169166,0.738,0.885,-0.924,-1.037
hourglass,linoleum,0.2,1.5707963267948966,14.00026535987854,-0.5931762494569283,0.2515307098787408,1.0406625444561517,-0.5232106913208037,-0.09882199658526729,0.014953116500882688,0.867,0.953,-0.891,-1.109
hourglass,linoleum,0.2,1.5707963267948966,14.200153112411499,-0.5984594664256657,0.21055784226037916,0.6603696020110204,-0.5226860804417308,-0.06699967154754292,0.015722812514264137,0.814,0.853,-0.969,-0.892
hourglass,linoleum,0.2,1.5707963267948966,14.400250673294067,-0.6002973180570109,0.16973765112709277,0.6452689501415863,-0.5242544383927166,-0.01527752347958826,0.0162140642615709,0.615,0.723,-1.098,-1.066
hourglass,linoleum,0.2,1.5707963267948966,14.600161075592041,-0.6026500560727233,0.12582758607398303,-0.19014977676622236,-0.5253088525078355,0.011225809508039739,0.016410001624502738,0.774,0.495,-0.574,-0.608
hourglass,linoleum,0.2,1.5707963267948966,14.800355195999146,-0.5973381099370902,0.08508511534736463,-0.19860618622913623,-0.52652720666802,0.056368327335398795,0.01638468916943798,0.756,0.816,-0.691,-0.952
hourglass,linoleum,0.2,-0.5235987755982988,15.000260591506958,-0.5952202090402349,0.04203307811881418,-0.19343007852030336,-0.5276443504646716,0.09685015986167514,0.016624688415030273,0.829,0.875,-1.004,-0.974
hourglass,linoleum,0.2,-0.5235987755982988,15.199973821640015,-0.5984953970499978,-0.0037665383675796194,-0.2014632992367127,-0.5184823227654597,0.12190464180274074,0.016578751116490695,-1.725,0.135,-0.633,1.696
hourglass,linoleum,0.2,-0.5235987755982988,15.399974584579468,-0.5895310982340008,-0.04656865865444576,0.7062733409706723,-0.4847037811478751,0.1172587802492131,0.01527655841476003,-0.81,-0.035,0.204,0.608
hourglass,linoleum,0.2,-0.5235987755982988,15.600292682647705,-0.5936277911100668,-0.09394287155720626,-0.17791728119966865,-0.4619310281247689,0.11293989337099812,0.014282791153110286,-0.708,-0.157,0.292,0.805
hourglass,linoleum,0.2,-0.5235987755982988,15.800403356552124,-0.5855515375694864,-0.13348229769676612,-0.21989522371727177,-0.4328875586172974,0.10517055825718451,0.013043380132090946,-0.713,-0.142,0.307,0.793
hourglass,linoleum,0.2,-0.5235987755982988,16.000208377838135,-0.5793008418133331,-0.17388016106198823,1.2882380521249903,-0.38476613346271515,0.0888641207267738,0.012439607283972632,-0.836,-0.286,0.309,0.951
hourglass,linoleum,0.2,-0.5235987755982988,16.200519800186157,-0.5570276391047767,-0.17802141781125702,-0.18529758535758212,-0.3594823743548988,0.07910774426140052,0.011899584151662044,-0.862,-0.206,0.356,0.856
hourglass,linoleum,0.2,-0.5235987755982988,16.399851322174072,-0.5156985695621018,-0.16630793828074608,-0.21969520085826766,-0.3143516005726371,0.05924276613779682,0.011729888883211524,-0.975,-0.358,0.321,0.756
hourglass,linoleum,0.2,-0.5235987755982988,16.600237607955933,-0.4796373289192293,-0.1552820807697184,-0.18157428497735661,-0.2835438311856227,0.0462262646618875,0.011398935574215072,-0.787,-0.193,0.387,0.812
hourglass,linoleum,0.2,-0.5235987755982988,16.8003671169281,-0.4444455610829955,-0.1410259056180997,-0.17684627137354214,-0.24711565209088637,0.027834516689794045,0.01086078309034927,-0.705,-0.117,0.273,0.931
hourglass,linoleum,0.2,-0.5235987755982988,16.99992275238037,-0.40768435354772603,-0.1237394968086154,-0.12812614671334227,-0.20898955253700144,0.00913335842745168,0.010804530095557256,-0.749,-0.44,0.338,0.85
hourglass,linoleum,0.2,-0.5235987755982988,17.200225830078125,-0.3650201008258127,-0.10016023146933883,1.1235299746710465,-0.18084328973104752,-0.004411398441950876,0.010748277078376531,-0.789,-0.263,0.404,0.71
hourglass,linoleum,0.2,-0.5235987755982988,17.400323390960693,-0.33262109010475804,-0.08838840629228584,-0.10148312635934298,-0.14136533908542911,-0.02597711967238185,0.010422009146347248,-0.311,-0.346,0.263,0.727
hourglass,linoleum,0.2,-0.5235987755982988,17.60021471977234,-0.2856601469060661,-0.057914010465877186,-0.16304782330886242,-0.1088917447353358,-0.04315403239868455,0.009995422131406414,-0.702,-0.248,0.319,0.841
hourglass,linoleum,0.2,-0.5235987755982988,17.800299406051636,-0.24788759324853168,-0.03607155038620896,-0.07094037338659726,-0.0738319678590259,-0.06142213944108395,0.009796660314922271,-0.665,-0.203,0.38,0.568
