motion_type,surface,velocity,target_angle,time,aruco_x,aruco_y,aruco_theta,odom_x,odom_y,odom_theta,wheel_joint_fl,wheel_joint_fr,wheel_joint_bl,wheel_joint_br
straight,rubber_carpet,0.2,0,0.20000195503234863,0.0015873800675600958,0.0008406258260673094,-0.066063570531113,7.226392977344176e-07,7.212232983092818e-07,9.375734521787629e-07,-0.284,0.288,-0.366,0.383
straight,rubber_carpet,0.2,0,0.39977097511291504,0.00010897767113959844,0.00039788287628989005,0.7824078948581101,0.016147533176147588,9.275773833918434e-05,3.8440511884373855e-05,-1.279,1.29,-1.386,1.369
straight,rubber_carpet,0.2,0,0.5997481346130371,-0.004881820137211057,-0.0015531156005686442,0.00493699642440415,0.0513285169641724,-0.00024039827588378485,0.0003253380080953347,-0.716,0.873,-0.852,0.826
straight,rubber_carpet,0.2,0,0.799997091293335,0.0,0.0,0.0,0.09185995505478428,-0.00014777704549141633,0.0007238067704149684,-0.606,0.631,-0.726,0.808
straight,rubber_carpet,0.2,0,0.9997546672821045,0.0014623848371031478,0.00043540396976915474,-0.035149866443609346,0.13185787274410243,-3.749965790528464e-05,0.0004125323489713276,-0.542,0.538,-0.556,0.586
straight,rubber_carpet,0.2,0,1.199721336364746,0.004906789713206572,-9.517836157091342e-05,0.0001384729363762549,0.17105153106112492,4.694883385272802e-05,0.00035627793539284803,-0.491,0.587,-0.725,0.625
straight,rubber_carpet,0.2,0,1.3997681140899658,0.034630645020659157,-0.002707583681835657,0.04149245670738044,0.21209325868415663,-0.00011810597469977041,0.00024751940384300545,-0.596,0.743,-0.751,0.905
straight,rubber_carpet,0.2,0,1.5997459888458252,0.07858924370892251,-0.0011201294698011122,0.06064614573546323,0.2524103069979857,-1.3478447767398228e-05,0.0004875382340996998,-0.65,0.615,-0.676,0.737
straight,rubber_carpet,0.2,0,1.7997760772705078,0.12794992038367897,0.0018218433074878582,0.007270350190425823,0.29266082556011574,-0.00022476815587186953,0.0006262991213273693,-0.581,0.533,-0.618,0.576
straight,rubber_carpet,0.2,0,1.9997823238372803,0.16924040095519732,-0.001170909309397783,0.07180104658203534,0.3325207838121067,-0.00022222768628222546,0.000966638307974846,-0.532,0.501,-0.59,0.598
straight,rubber_carpet,0.2,0,2.1999988555908203,0.21557207485298213,-0.0004996251346560121,0.9103629144463332,0.3724710074268416,-0.00013474559465871916,0.0008335028729498735,-0.587,0.655,-0.691,0.757
straight,rubber_carpet,0.2,0,2.4000813961029053,0.2568998266697301,-0.001218096267647073,0.1332061886437731,0.41236123358037524,-3.6130028777250434e-07,0.0006037973559372236,-0.735,0.756,-0.662,0.816
straight,rubber_carpet,0.2,0,2.599762201309204,0.3053181941240515,-0.0015828210362818784,0.18126774771910165,0.45331642230616076,-2.090965826592316e-05,0.0007013050054032789,-0.445,0.592,-0.702,0.95
straight,rubber_carpet,0.2,0,2.799755334854126,0.34679685711964786,-0.0004906308738554244,0.18214771355453468,0.4937951277802506,1.9444460746227655e-05,0.0002325182272746528,-0.526,0.535,-0.741,0.768
straight,rubber_carpet,0.2,0,2.9999852180480957,0.39262466666074536,0.001830921301639532,0.20027717700565115,0.5337323344076486,-0.0001432476643366015,0.00046691161566932897,-0.449,0.463,-0.643,0.57
straight,rubber_carpet,0.2,0,3.1997921466827393,0.43989766910221234,0.0029050181858683577,0.22857836191299974,0.573527420688682,-5.8037887746545586e-05,0.0004003438926688329,-0.501,0.552,-0.548,0.734
straight,rubber_carpet,0.2,0,3.4000000953674316,0.48544537555231665,0.00282731672542913,0.687586928923827,0.6138979249244381,-0.00025838730684574337,0.0006478633130954965,-0.628,0.544,-0.724,0.788
straight,rubber_carpet,0.2,0,3.600032329559326,0.5296626134685875,0.003829650164010212,0.3868008717197662,0.654300822358794,-0.0002057066001283427,0.0007444333882391236,-0.587,0.719,-0.743,0.843
straight,rubber_carpet,0.2,0,3.799748659133911,0.5743952794815037,0.007994452642733796,0.30034227044367257,0.6943108705101495,3.908619297222069e-06,0.0009478868387086115,-0.625,0.6,-0.718,0.728
straight,rubber_carpet,0.2,0,3.9999678134918213,0.6192781833646273,0.010772570901905199,0.2614661918709076,0.7344495637028412,5.836514314349391e-05,0.0007181813291726112,-0.451,0.492,-0.521,0.685
straight,rubber_carpet,0.2,-3.141592653589793,4.199991941452026,0.6675353190501692,0.012215202949384218,0.24614021344040837,0.7740092176309117,3.645807612191748e-05,0.0002672084481712703,-0.497,0.542,-0.59,0.676
straight,rubber_carpet,0.2,-3.141592653589793,4.399789333343506,0.7107873896733522,0.015463165200245044,0.2425242926013659,0.7763432303972777,-5.9413769504834766e-05,0.000727557064572281,0.954,-0.898,0.801,-0.841
straight,rubber_carpet,0.2,-3.141592653589793,4.60001802444458,0.7531198582162758,0.01859049901450116,0.21860695122243265,0.7506165020397348,-0.00023377893005601617,0.0005231660295688495,0.663,-0.627,0.536,-0.644
straight,rubber_carpet,0.2,-3.141592653589793,4.800003290176392,0.7967786109473802,0.01769320928845719,0.542101553385163,0.7198795903218611,-0.00032421603786754146,0.000849441622579323,0.931,-0.77,0.758,-0.654
straight,rubber_carpet,0.2,-3.141592653589793,5.000001668930054,0.8419772186735364,0.023432996818458673,0.2293650902731184,0.6872549182609933,-0.0006064594485862071,0.0010828974134408534,0.67,-0.58,0.579,-0.624
straight,rubber_carpet,0.2,-3.141592653589793,5.199749231338501,0.8720224836703514,0.02436570706414448,0.21568789408329805,0.6536959527108916,-0.0006535422265774464,0.0008588173576133363,0.664,-0.673,0.644,-0.599
straight,rubber_carpet,0.2,-3.141592653589793,5.400083065032959,0.8476495313665937,0.024574741198725103,0.18839149180965567,0.6175901164065418,-0.0007764648887672641,0.0012179079773892215,0.964,-0.805,0.757,-0.784
straight,rubber_carpet,0.2,-3.141592653589793,5.600023031234741,0.8220154027654003,0.014148581709421237,0.3526395296017568,0.5810381738913564,-0.0009605688906074404,0.001265724215738749,0.68,-0.749,0.643,-0.73
straight,rubber_carpet,0.2,-3.141592653589793,5.7999489307403564,0.7877550620562583,0.012627510124170016,0.36999852125338845,0.5438769922887761,-0.0011794241805860243,0.0012479103232213198,0.591,-0.667,0.497,-0.62
straight,rubber_carpet,0.2,-3.141592653589793,5.999796628952026,0.7422931291950208,0.018761430683203184,0.23442551635499642,0.5060911111375426,-0.001228887839569236,0.001294788987210407,0.854,-0.733,0.769,-0.61
straight,rubber_carpet,0.2,-3.141592653589793,6.199974775314331,0.7034266066001557,0.015274328755367106,0.19100557352972106,0.46678907704349193,-0.0012212790556048014,0.0012291588571543427,0.866,-0.682,0.629,-0.657
straight,rubber_carpet,0.2,-3.141592653589793,6.400006294250488,0.665244161084017,0.012035353526937687,0.5254986110272908,0.4272331920388641,-0.0013928676768735408,0.0014616770159650923,0.862,-0.711,0.725,-0.656
straight,rubber_carpet,0.2,-3.141592653589793,6.600016117095947,0.6242302652054622,0.010572302961379676,0.2916865671079591,0.3880758885653448,-0.0015882613768216133,0.0014541764309485652,0.555,-0.581,0.636,-0.644
straight,rubber_carpet,0.2,-3.141592653589793,6.79981803894043,0.5818589699629741,0.008255564258318249,0.2655833546391688,0.3485015463061021,-0.0019242564338296743,0.001405422627038375,0.584,-0.571,0.503,-0.714
straight,rubber_carpet,0.2,-3.141592653589793,7.000114440917969,0.534597036674435,0.005634571214809647,0.30528757824871505,0.309187336880244,-0.0019822057011013574,0.0016895072578650906,0.809,-0.702,0.891,-0.707
straight,rubber_carpet,0.2,-3.141592653589793,7.1997292041778564,0.490373368975062,0.006042785740597911,0.5822291099361917,0.2692806589620773,-0.0021273390015749795,0.0018657709420478899,0.832,-0.678,0.749,-0.682
straight,rubber_carpet,0.2,-3.141592653589793,7.399878025054932,0.4469565119193504,0.004340867214497612,0.1522068819991429,0.22925806668116877,-0.002152219482703977,0.0019107744292563072,0.568,-0.69,0.727,-0.574
straight,rubber_carpet,0.2,-3.141592653589793,7.600021123886108,0.40199890838213437,0.0010441259512793954,0.2677279022129678,0.1895009102739822,-0.002345973529375903,0.0017579500761262016,0.64,-0.545,0.538,-0.599
straight,rubber_carpet,0.2,-3.141592653589793,7.800012588500977,0.35795234923184616,-4.0218107593581465e-05,0.2446580688115876,0.1500435198147254,-0.002614266529561285,0.0014260492366566695,0.719,-0.626,0.561,-0.657
straight,rubber_carpet,0.2,0,0.20004725456237793,0.0,0.0,0.0,-2.8877148741113245e-06,-8.222532996062654e-09,1.0950441942103595e-16,0.328,-0.324,0.26,-0.332
straight,rubber_carpet,0.2,0,0.40001368522644043,0.0,0.0,0.0,0.015335870636355997,6.7642527616625e-05,-0.00043784653389395724,-1.034,1.139,-1.167,1.142
straight,rubber_carpet,0.2,0,0.6000216007232666,0.0,0.0,0.0,0.041818391907910035,0.00014926441647822352,-0.0005475425934647628,-0.703,0.738,-0.746,0.655
straight,rubber_carpet,0.2,0,0.8000273704528809,0.0,0.0,0.0,0.07480376398085298,0.0003999235660021587,-0.0005409795810441703,-0.751,0.761,-0.819,0.815
straight,rubber_carpet,0.2,0,1.0000019073486328,0.0,0.0,0.0,0.11083319769420874,0.0004347351800594104,-0.0006675519698041501,-0.548,0.615,-0.629,0.643
straight,rubber_carpet,0.2,0,1.199981451034546,0.01573434784136518,0.0016671369480287246,0.9688418436723139,0.14656787558970397,0.0006090546818698821,-0.0007716226097218019,-0.67,0.536,-0.633,0.575
straight,rubber_carpet,0.2,0,1.4000072479248047,0.01573434784136518,0.0016671369480287246,0.9688418436723139,0.1835061545443668,0.0006665636716789978,-0.0007997498109580535,-0.692,0.852,-0.726,0.906
straight,rubber_carpet,0.2,0,1.6002073287963867,0.049203600587554464,0.004178487743672077,-0.053164003697276974,0.2219866194138127,0.0006519940970596489,-0.0006366120513559892,-0.592,0.681,-0.661,0.674
straight,rubber_carpet,0.2,0,1.8000385761260986,0.12441929842614746,0.0027531638193873387,-0.014194057618294176,0.26053760429793504,0.0007647041756243212,-0.00030096086950340403,-0.556,0.506,-0.633,0.525
straight,rubber_carpet,0.2,0,2.0000298023223877,0.16282042040805988,0.0018113213081893953,0.036379237788914,0.29918294825038383,0.0009974209879934175,-0.0005156651049233864,-0.556,0.541,-0.602,0.629
straight,rubber_carpet,0.2,0,2.2000434398651123,0.16282042040805988,0.0018113213081893953,0.036379237788914,0.3379050391653482,0.0011082817236979785,-0.0007997498109580538,-0.614,0.688,-0.639,0.742
straight,rubber_carpet,0.2,0,2.400038003921509,0.20179768246248625,0.001766554443418833,0.06948543379920213,0.3779821536921948,0.0012764444830176875,-0.00042284536424641367,-0.572,0.678,-0.755,0.814
straight,rubber_carpet,0.2,0,2.600006341934204,0.2486389299904208,0.0030877691855034084,0.10734116626402415,0.417753358579146,0.0013213874228613733,-0.00044159682634078794,-0.558,0.778,-0.774,0.864
straight,rubber_carpet,0.2,0,2.7999961376190186,0.2859805050950312,0.00014578264048842327,0.14912133059971497,0.4577575633048645,0.0014587393784295157,-0.0002512695032510961,-0.504,0.454,-0.6,0.522
straight,rubber_carpet,0.2,0,3.0000193119049072,0.3306187334643186,0.005035239816715886,0.10005631974756676,0.49734369697620395,0.001628703733669762,-0.0003469019464308904,-0.505,0.483,-0.632,0.583
straight,rubber_carpet,0.2,0,3.200003147125244,0.3758440540742102,0.004738692616644891,0.1449529156190877,0.5372914500346315,0.001821914382269315,-0.00023908105536235612,-0.619,0.549,-0.646,0.795
straight,rubber_carpet,0.2,0,3.4006285667419434,0.4204733138448753,0.008198239333576773,0.09746720392421537,0.5772725382904291,0.001959347721763938,-0.000277521545446572,-0.583,0.684,-0.771,0.758
straight,rubber_carpet,0.2,0,3.6000239849090576,0.46575880460308766,0.007120701085739478,0.21296133901786618,0.6175613648833151,0.002316276134412706,-0.00022126717030349768,-0.543,0.644,-0.714,0.796
straight,rubber_carpet,0.2,0,3.800039052963257,0.5127507783282078,0.007408719186301094,0.3054590965457376,0.6577125829724704,0.0025842477347212756,-0.00047909975155777085,-0.554,0.451,-0.496,0.562
straight,rubber_carpet,0.2,0,3.999990463256836,0.600099102805015,0.015927092074854876,0.18389990753378987,0.6972353835375145,0.002626913116598058,-0.0009760136157136565,-0.448,0.592,-0.593,0.623
straight,rubber_carpet,0.2,-3.141592653589793,4.200002908706665,0.6435149444014407,0.01783865849338029,0.2550119948911397,0.7364232453441273,0.0026702877086741974,-0.0011935306699336974,-0.65,0.704,-0.651,0.778
straight,rubber_carpet,0.2,-3.141592653589793,4.400010108947754,0.6863685602230565,0.021268447043691074,0.10217811630186646,0.7344777009621097,0.0025989144535062242,-0.0010313304511800011,0.921,-0.888,0.87,-0.771
straight,rubber_carpet,0.2,-3.141592653589793,4.600037574768066,0.7366650180993294,0.01984885800646846,0.2110978281248177,0.7063499904242698,0.0023848018409467495,-0.0008588169351330641,0.563,-0.582,0.519,-0.46
straight,rubber_carpet,0.2,-3.141592653589793,4.80000376701355,0.7366650180993294,0.01984885800646846,0.2110978281248177,0.6769935363260435,0.0022293023732171276,-0.0010744588322145149,0.865,-0.787,0.815,-0.718
straight,rubber_carpet,0.2,-3.141592653589793,5.000227451324463,0.817229352162547,0.029453198870747987,0.1869654468308001,0.6432409736425533,0.002283887798829834,-0.0007884989304031152,0.805,-0.699,0.675,-0.582
straight,rubber_carpet,0.2,-3.141592653589793,5.199976444244385,0.8206131175777265,0.02892698834506613,0.14507752026103624,0.6093927306682336,0.0020243467995108753,-0.0007022421822563156,0.628,-0.638,0.533,-0.554
straight,rubber_carpet,0.2,-3.141592653589793,5.400020599365234,0.8206131175777265,0.02892698834506613,0.14507752026103624,0.5739806748130241,0.0019025270100639729,-0.0008072503980385402,0.821,-0.612,0.686,-0.631
straight,rubber_carpet,0.2,-3.141592653589793,5.6000025272369385,0.7922265407329148,0.027349086782673504,0.193885285390401,0.537297390134216,0.001715770627835412,-0.0004706615932660158,0.818,-0.782,0.793,-0.757
straight,rubber_carpet,0.2,-3.141592653589793,5.8000171184539795,0.7598122044069828,0.02048916585246524,0.19713518034027622,0.4998868853391747,0.0016541288944038265,-0.00023251804503342482,0.694,-0.727,0.669,-0.645
straight,rubber_carpet,0.2,-3.141592653589793,6.000011444091797,0.7234213017745569,0.019596852295067746,0.23274801419912383,0.46193460691926624,0.0014252743728323065,-0.00037409156446452157,0.595,-0.581,0.476,-0.592
straight,rubber_carpet,0.2,-3.141592653589793,6.199985504150391,0.6484020359877538,0.014175758104616853,0.2605692573618874,0.42378785340934644,0.0013132876984500476,-0.0004847251904561057,0.919,-0.648,0.635,-0.68
straight,rubber_carpet,0.2,-3.141592653589793,6.400023937225342,0.6484020359877538,0.014175758104616853,0.2605692573618874,0.3843354288853602,0.0010816743021239562,-0.0003487770924770477,0.817,-0.658,0.683,-0.68
straight,rubber_carpet,0.2,-3.141592653589793,6.6000072956085205,0.606199511549565,0.017046119358376077,0.12000456365605808,0.34463302698302556,0.0009201177625981051,2.1564169825175365e-05,0.727,-0.653,0.698,-0.761
straight,rubber_carpet,0.2,-3.141592653589793,6.799997329711914,0.5195105613362867,0.00954894700103015,0.4405104577480676,0.3051410442399851,0.000639597786602884,-8.344396764164964e-05,0.511,-0.558,0.481,-0.616
straight,rubber_carpet,0.2,-3.141592653589793,7.00036358833313,0.4819955821559531,0.006939018464827584,0.14419881935743922,0.26542889439403994,0.00032809645805166815,-0.00023439319083643786,0.621,-0.657,0.574,-0.646
straight,rubber_carpet,0.2,-3.141592653589793,7.200028896331787,0.4819955821559531,0.006939018464827584,0.14419881935743922,0.22597708108664127,0.0001659974816383956,-2.6252033722574692e-05,0.82,-0.6,0.755,-0.705
straight,rubber_carpet,0.2,-3.141592653589793,7.4000067710876465,0.43339424181270886,0.004337605997362104,0.17869016553699768,0.18596654148580605,-1.1575845270829672e-05,-1.8751452336269146e-06,0.829,-0.648,0.766,-0.702
straight,rubber_carpet,0.2,-3.141592653589793,7.600341558456421,0.3446301671962594,0.004260611309518825,0.08457068608427898,0.14577930573666031,-3.6048033937238766e-05,0.00022126710062292756,0.537,-0.616,0.692,-0.62
straight,rubber_carpet,0.2,-3.141592653589793,7.800054311752319,0.30084600637158115,0.0016473365840152243,0.14619866369631052,0.10590306401425642,-0.00023189917449901705,1.8751452286775317e-06,0.596,-0.554,0.629,-0.65
straight,rubber_carpet,0.2,-3.141592653589793,0.19998574256896973,0.0005033253345624045,-0.0022790102667172296,0.029823499055946882,7.727071731822299e-05,-3.098331817436755e-05,-1.9689043373139154e-05,-0.25,0.258,-0.348,0.312
straight,rubber_carpet,0.2,-3.141592653589793,0.4016568660736084,0.0,0.0,0.0,-0.015174139135087694,-0.00012969235577926634,0.00042659588882191596,0.931,-0.886,0.892,-1.01
straight,rubber_carpet,0.2,-3.141592653589793,0.6006805896759033,0.0005033253345624045,-0.0022790102667172296,0.029823499055946882,-0.040689482059654836,-9.652497278926186e-05,0.000493163587357398,1.053,-0.935,1.008,-0.953
straight,rubber_carpet,0.2,-3.141592653589793,0.7999973297119141,0.0005033253345624045,-0.0022790102667172296,0.029823499055946882,-0.07306176134363129,-7.568054671092095e-05,0.0008260020148065199,0.644,-0.703,0.686,-0.713
straight,rubber_carpet,0.2,-3.141592653589793,1.0000035762786865,-0.0012112975361343037,-0.0008579649985701043,-0.08058070420896801,-0.10650863093268437,-0.00022504039848096776,0.00047722484298641873,0.654,-0.589,0.586,-0.568
straight,rubber_carpet,0.2,-3.141592653589793,1.2000482082366943,0.0001610427388829272,-0.0016115204779623138,-0.016679049789527,-0.14265715544612978,-0.00028184087003455915,0.0007097429720010809,0.891,-0.766,0.812,-0.769
straight,rubber_carpet,0.2,-3.141592653589793,1.4000275135040283,-0.019405596574612452,-0.0011461946735815132,-0.05287614981942887,-0.18022897281292427,-0.0005130854077124412,0.0009310101683095207,0.661,-0.66,0.665,-0.691
straight,rubber_carpet,0.2,-3.141592653589793,1.6000125408172607,-0.0457403356605091,-0.005042831420291327,0.09871873199578353,-0.21831627871890724,-0.0007117344716594729,0.0010847720805758259,0.555,-0.609,0.513,-0.575
straight,rubber_carpet,0.2,-3.141592653589793,1.7999792098999023,-0.08610599659573755,-0.004729655550843426,-0.013956489613444908,-0.25602280424408996,-0.001009896253604707,0.0009581997771397884,0.634,-0.589,0.579,-0.615
straight,rubber_carpet,0.2,-3.141592653589793,1.9999785423278809,-0.11968097578271282,-0.006790830745343757,-0.008615876791919413,-0.2953664610433333,-0.0011457831949196128,0.0008006875471650318,0.831,-0.559,0.741,-0.678
straight,rubber_carpet,0.2,-3.141592653589793,2.199995756149292,-0.1634572964408212,-0.009442955695562694,-0.08807912767524578,-0.33462242813440435,-0.001404020818281044,0.0009760136582445266,0.783,-0.662,0.788,-0.815
straight,rubber_carpet,0.2,-3.141592653589793,2.3999760150909424,-0.20476700479927387,-0.010797553372790036,0.012179658759277873,-0.3739990216588862,-0.0016284133598302123,0.0009628876406303714,0.651,-0.627,0.58,-0.653
straight,rubber_carpet,0.2,-3.141592653589793,2.599980354309082,-0.24878380567933595,-0.0140838069773917,-0.015215906878555743,-0.4131606220153605,-0.0018046066935237684,0.0007078678260221047,0.549,-0.534,0.515,-0.571
straight,rubber_carpet,0.2,-3.141592653589793,2.799987554550171,-0.29172595830571,-0.014164241850836146,-0.02649517688016008,-0.452819495808815,-0.0017471614194616745,0.00043597162123836794,0.646,-0.631,0.571,-0.551
straight,rubber_carpet,0.2,-3.141592653589793,2.9999754428863525,-0.3354522565821218,-0.015489170030979715,-0.12566457408269288,-0.49277735466119754,-0.001958361780472561,0.0003619033332144603,0.794,-0.657,0.805,-0.765
straight,rubber_carpet,0.2,-3.141592653589793,3.1999731063842773,-0.38187575351349956,-0.013385399014816224,-0.12200104001844758,-0.5329915540610157,-0.002156330112693487,0.000620673533819793,0.707,-0.605,0.73,-0.787
straight,rubber_carpet,0.2,-3.141592653589793,3.3999722003936768,-0.42612428793995477,-0.013741884337802268,0.3821009794671517,-0.5726585674069644,-0.00233160219054189,0.0009225720136440106,0.56,-0.605,0.506,-0.678
straight,rubber_carpet,0.2,-3.141592653589793,3.599979877471924,-0.46984491873495754,-0.01462827045378673,-0.17318368553454036,-0.6114237269159837,-0.002558036954082938,0.0007641222036622636,0.701,-0.651,0.647,-0.739
straight,rubber_carpet,0.2,-3.141592653589793,3.799990653991699,-0.51207288521377,-0.013842301152213465,0.42853131639462483,-0.6510540660805113,-0.0026474982600752624,0.0006112978030018417,0.518,-0.552,0.556,-0.69
straight,rubber_carpet,0.2,-3.141592653589793,3.999979257583618,-0.5585149430649694,-0.014972548326806168,-0.225286664780014,-0.6909278491111726,-0.0029895929652354724,0.0006347371298783056,0.907,-0.717,0.753,-0.855
straight,rubber_carpet,0.2,0,4.199975490570068,-0.6008875770877722,-0.01465092423833686,-0.2891564739332255,-0.731093624971553,-0.00319540382334268,0.0009206968681498852,0.704,-0.576,0.703,-0.765
straight,rubber_carpet,0.2,0,4.400086879730225,-0.6479565752183178,-0.012684288490425855,0.4505521413696304,-0.7309100519280889,-0.003302774758944367,0.0003712790661150863,-0.597,0.616,-0.584,0.596
straight,rubber_carpet,0.2,0,4.599977016448975,-0.6913635295050133,-0.013891541041538447,-0.27345585538038175,-0.7040040177370177,-0.003091439324498131,0.0005212907827499096,-0.777,0.973,-0.768,0.773
straight,rubber_carpet,0.2,0,4.7999584674835205,-0.7329099338894127,-0.01389393811719375,0.47665441871422887,-0.6744690808069791,-0.00305809003051193,0.0003478397337384373,-0.396,0.518,-0.562,0.465
straight,rubber_carpet,0.2,0,4.999961853027344,-0.7718010111036602,-0.012915005596950302,-0.298071022415512,-0.6425125424260933,-0.003177324298150275,0.0003412767205988204,-0.658,0.774,-0.744,0.711
straight,rubber_carpet,0.2,0,5.199966907501221,-0.8221443896798943,-0.012992825698894317,-0.3283917257671841,-0.6084024486265376,-0.0028986083738870546,0.00048660057499675915,-0.676,0.778,-0.693,0.694
straight,rubber_carpet,0.2,0,5.399961471557617,-0.8123590091967838,-0.010525779164040405,0.8839884031252959,-0.5722203044081371,-0.0026501739200750227,0.0005419173922429446,-0.502,0.421,-0.495,0.474
straight,rubber_carpet,0.2,0,5.599968671798706,-0.7867710224511004,-0.013296305732520164,-0.32003359691979927,-0.536086537031075,-0.002443959860179404,0.0007181811288570197,-0.62,0.65,-0.641,0.703
straight,rubber_carpet,0.2,0,5.799985647201538,-0.7572849127427088,-0.014842077644635965,-0.29289457128502194,-0.49858155826967043,-0.0020619075315054594,0.0007838112349754615,-0.669,0.79,-0.717,0.809
straight,rubber_carpet,0.2,0,5.999971628189087,-0.7203381256633639,-0.013942518204722976,-0.29691267716649716,-0.460068184363297,-0.001900271026437012,0.0006469255796301995,-0.628,0.721,-0.695,0.676
straight,rubber_carpet,0.2,0,6.199962139129639,-0.6875566603693424,-0.01721621663470657,-0.22093824725578362,-0.4220168725726887,-0.0017111781897375747,0.0005194156364127804,-0.523,0.502,-0.553,0.612
straight,rubber_carpet,0.2,0,6.39997124671936,-0.6403118048272138,-0.013990182092098569,-0.29139228806092277,-0.3835756042845959,-0.0016101556894483314,0.00021376674504331518,-0.496,0.557,-0.619,0.577
straight,rubber_carpet,0.2,0,6.5999932289123535,-0.6013792403092144,-0.013372300982297969,0.7316107299309723,-0.3445731520153259,-0.0016928410135113611,-0.00011719668876672965,-0.625,0.733,-0.716,0.855
straight,rubber_carpet,0.2,0,6.7999889850616455,-0.5612296550407369,-0.01469773576118083,-0.21770472573672175,-0.3046706714142504,-0.001528031235467408,0.00011157124263292084,-0.595,0.694,-0.688,0.754
straight,rubber_carpet,0.2,0,6.9999940395355225,-0.5216134035295437,-0.01537145460698347,-0.1953895696294237,-0.26507932133736656,-0.0013532996968000064,-6.375499811138446e-05,-0.557,0.652,-0.62,0.686
straight,rubber_carpet,0.2,0,7.199960947036743,-0.47889254403465686,-0.016200690714324673,-0.15491828335211544,-0.22543165871623194,-0.0011858474336385258,2.8127204695099924e-06,-0.533,0.487,-0.599,0.477
straight,rubber_carpet,0.2,0,7.399975299835205,-0.42950730034151036,-0.014086505181067854,-0.16395629379483687,-0.1856020008624355,-0.0011373768872950535,6.9380437268176e-05,-0.487,0.659,-0.613,0.597
straight,rubber_carpet,0.2,0,7.599973440170288,-0.38844769991016836,-0.016067795282084296,-0.0720767906041046,-0.14605010428709053,-0.0012338408286117913,8.063131878335112e-05,-0.665,0.666,-0.759,0.701
straight,rubber_carpet,0.2,0,7.7999749183654785,-0.34233546849388075,-0.01140266153004349,-0.13231371144757348,-0.1056749796604064,-0.0009702815706244623,0.0007772482245884814,-0.636,0.676,-0.697,0.697
straight,rubber_carpet,0.2,0,7.999968767166138,-0.3012982731121969,-0.014061216298282608,0.2721315616191383,-0.0654159610977072,-0.0005173116701622032,0.0008663176468305439,-0.475,0.467,-0.544,0.579
straight,rubber_carpet,0.2,-3.141592653589793,0.20002245903015137,0.0013412240927329067,0.00043645013794529897,0.018058993259610828,5.052395370896967e-05,7.297639851038332e-06,3.750293133097395e-06,-0.316,0.298,-0.39,0.362
straight,rubber_carpet,0.2,-3.141592653589793,0.40005970001220703,0.0016156648280487573,-0.0007952281265284356,0.027699871148484392,-0.015141629508569565,-9.994380030411368e-05,0.0003769043965636918,0.902,-1.018,0.969,-0.902
straight,rubber_carpet,0.2,-3.141592653589793,0.6000485420227051,0.0014764557665513378,-0.0011768574471606175,0.001345865737569979,-0.042375164927391795,-9.511024847456409e-05,0.00030846156895819035,0.927,-0.837,0.876,-0.872
straight,rubber_carpet,0.2,-3.141592653589793,0.8000400066375732,0.0014764557665513378,-0.0011768574471606175,0.001345865737569979,-0.07475066528844354,1.4187617425088193e-05,0.0007069300044636154,0.851,-0.77,0.819,-0.727
straight,rubber_carpet,0.2,-3.141592653589793,1.0000879764556885,0.0014764557665513378,-0.0011768574471606175,0.001345865737569979,-0.10829191892970469,-0.00018431949365132084,0.00047347440435514636,0.634,-0.607,0.495,-0.587
straight,rubber_carpet,0.2,-3.141592653589793,1.2003450393676758,-0.011876604866264143,0.0005719999873154413,-0.09241807402424873,-0.1441037952924995,-0.00033205710011140763,0.00048097498700962215,0.867,-0.718,0.736,-0.681
straight,rubber_carpet,0.2,-3.141592653589793,1.4003310203552246,-0.04036644963563027,-0.0034019115043791848,0.19645786990641012,-0.18193017908368336,-0.0006427312526410761,0.0007069300044637247,0.808,-0.696,0.657,-0.804
straight,rubber_carpet,0.2,-3.141592653589793,1.6000773906707764,-0.07519882022763966,-0.006034669107608914,0.07607352137829744,-0.21998130131938942,-0.0008593636123794099,0.0009206965076051638,0.561,-0.558,0.64,-0.641
straight,rubber_carpet,0.2,-3.141592653589793,1.7999579906463623,-0.11093774388748684,-0.0062068797933164666,0.007178613831079497,-0.25782188268473916,-0.0011985800182600383,0.0008503785870072372,0.55,-0.547,0.61,-0.533
straight,rubber_carpet,0.2,-3.141592653589793,2.000239849090576,-0.1522044527308543,-0.008838151672486583,-0.07215047879778871,-0.29670895128930996,-0.0014471948890706502,0.0005484802276720141,0.817,-0.584,0.634,-0.662
straight,rubber_carpet,0.2,-3.141592653589793,2.2000980377197266,-0.1945338712100365,-0.011673073641151777,-0.005745373889157995,-0.3360022654438284,-0.001755676433758371,0.0005606686732695771,0.789,-0.65,0.767,-0.793
straight,rubber_carpet,0.2,-3.141592653589793,2.4000210762023926,-0.23729066068223248,-0.009634913662346756,-0.09693646723149113,-0.3723094017051647,-0.0018960215916945323,0.00048191255983628554,0.768,-0.605,0.742,-0.695
straight,rubber_carpet,0.2,-3.141592653589793,2.6000001430511475,-0.2813069113918778,-0.011536292387492542,-0.07254174193643148,-0.41496750210734223,-0.0019857885571647254,0.0003534650726318845,0.581,-0.522,0.483,-0.63
straight,rubber_carpet,0.2,-3.141592653589793,2.8004062175750732,-0.32803119908374295,-0.013687586010682318,0.327747913570315,-0.4509644792910181,-0.002048562394705935,0.00011344636222137227,0.578,-0.518,0.524,-0.596
straight,rubber_carpet,0.2,-3.141592653589793,3.0003185272216797,-0.37271957187628396,-0.012667456209020489,-0.08143100447251408,-0.49403885058445685,-0.002301491089241078,-3.281506537312234e-05,0.839,-0.624,0.797,-0.802
straight,rubber_carpet,0.2,-3.141592653589793,3.2000131607055664,-0.37271957187628396,-0.012667456209020489,-0.08143100447251408,-0.5340790064810239,-0.002495866863051,0.0003600280833956236,0.877,-0.702,0.751,-0.769
straight,rubber_carpet,0.2,-3.141592653589793,3.400001287460327,-0.46212552518453776,-0.014514318894870815,-0.14695203197445322,-0.5706805159546235,-0.0027157181528798795,0.0007969369619642524,0.628,-0.666,0.584,-0.633
straight,rubber_carpet,0.2,-3.141592653589793,3.600010633468628,-0.5019538514635026,-0.015265525924886003,-0.1649449706086425,-0.6128965462944622,-0.0029244490974860158,0.0006384872057977279,0.711,-0.568,0.555,-0.616
straight,rubber_carpet,0.2,-3.141592653589793,3.7999961376190186,-0.5464095380531825,-0.012627097541015875,-0.252219533085971,-0.6528490976646779,-0.0032034055362758973,0.0005728571186689384,0.644,-0.518,0.499,-0.611
straight,rubber_carpet,0.2,-3.141592653589793,3.9999616146087646,-0.592318257555428,-0.011929885684420383,-0.23331945642295654,-0.6925394486647738,-0.003536995617712444,0.00034315176990504497,0.79,-0.61,0.799,-0.696
straight,rubber_carpet,0.2,0,4.199938774108887,-0.6326895904345233,-0.010960515457091313,0.48833998201273704,-0.7328747639842719,-0.0037575875992282752,0.0005606686732695222,0.722,-0.582,0.633,-0.754
straight,rubber_carpet,0.2,0,4.400249004364014,-0.6796932635686664,-0.01138939404834921,-0.2795779553014662,-0.7276755449448546,-0.003689180136520545,0.0002400187362847112,-0.493,0.617,-0.625,0.588
straight,rubber_carpet,0.2,0,4.600500583648682,-0.7175312453441162,-0.012875461975881186,-0.3157536233081926,-0.7004227300524641,-0.0036123954846619868,0.00027377136670973,-0.8,0.804,-0.881,0.753
straight,rubber_carpet,0.2,0,4.800024747848511,-0.7692153536884535,-0.013769918693989913,0.47753830645317735,-0.6702013328036223,-0.00352790470764067,0.0001256348137075946,-0.452,0.51,-0.512,0.45
straight,rubber_carpet,0.2,0,5.0004072189331055,-0.8107302012771698,-0.011633285834319718,-0.33677773604074174,-0.63837322643498,-0.0036737763555358552,7.594343375288547e-05,-0.599,0.801,-0.705,0.653
straight,rubber_carpet,0.2,0,5.200049638748169,-0.8265864103390184,-0.014216497542177686,0.47438982752059333,-0.6038420719457127,-0.0035065774199396302,0.0002184545551282837,-0.682,0.702,-0.769,0.738
straight,rubber_carpet,0.2,0,5.400033712387085,-0.7936353871590818,-0.014027400568822401,0.462017953306834,-0.567460848427704,-0.0031676069755443882,0.0002493944670755746,-0.409,0.459,-0.522,0.524
straight,rubber_carpet,0.2,0,5.5999672412872314,-0.757561101456721,-0.011529659894414679,0.8564006732816717,-0.5313235930195563,-0.0029201300757591177,0.0004603483845414249,-0.531,0.502,-0.508,0.608
straight,rubber_carpet,0.2,0,5.800267696380615,-0.7249689084896791,-0.014750121705249586,-0.2789385870272431,-0.4937788558633418,-0.00257804516659876,0.00041440731353448407,-0.695,0.77,-0.785,0.81
straight,rubber_carpet,0.2,0,6.000300407409668,-0.6903908559733017,-0.016244044434188143,-0.22595333696939784,-0.45542372649536,-0.002362267972540395,0.00035534021856941755,-0.727,0.814,-0.728,0.696
straight,rubber_carpet,0.2,0,6.199965238571167,-0.6903908559733017,-0.016244044434188143,-0.22595333696939784,-0.41698756133323966,-0.002215779934386027,0.00018001405714718785,-0.478,0.499,-0.593,0.656
straight,rubber_carpet,0.2,0,6.399963855743408,-0.6037894141660911,-0.013094133928300833,0.7195963565794798,-0.3786119350798287,-0.0021635087984408522,-0.0002147042983627537,-0.513,0.581,-0.65,0.556
straight,rubber_carpet,0.2,0,6.599946975708008,-0.5657831726301374,-0.014594175301153645,-0.1658924628307692,-0.3427897017903341,-0.002146063394416897,-0.00045097281328418626,-0.596,0.783,-0.73,0.764
straight,rubber_carpet,0.2,0,6.800010919570923,-0.5218237496374248,-0.015001583315420508,-0.18411007537876173,-0.29979165977117894,-0.0019139307433725257,-0.000274708998132204,-0.595,0.648,-0.649,0.685
straight,rubber_carpet,0.2,0,7.000028133392334,-0.47600306198291487,-0.013923439730665566,-0.15909663716406364,-0.26007911564915753,-0.0016892819480108048,-0.0002831471591860856,-0.511,0.698,-0.655,0.69
straight,rubber_carpet,0.2,0,7.200268030166626,-0.43669716913162493,-0.013144931291990292,-0.1551833390429775,-0.22031528044662663,-0.001524451206402363,-0.00015938746753998599,-0.501,0.474,-0.447,0.572
straight,rubber_carpet,0.2,0,7.400279760360718,-0.3930346370702601,-0.012671098101387335,-0.10999101069912376,-0.18053971170789906,-0.0015143648664808097,-0.0002306430465515622,-0.448,0.574,-0.622,0.553
straight,rubber_carpet,0.2,0,7.599992275238037,-0.34576345839220024,-0.012788531423879645,0.5077468590942216,-0.14115468448435653,-0.0015222869634216101,-0.00025595752925103527,-0.679,0.625,-0.663,0.654
straight,rubber_carpet,0.2,0,7.800238847732544,-0.3028562452372249,-0.013745159081706038,0.31474611250248585,-0.1006374055617496,-0.0012400766315037613,0.00035346507263182966,-0.661,0.74,-0.631,0.814
square,rubber_carpet,0.2,0,0.19994497299194336,-0.007474277287097708,-0.0024228130326636177,-0.6870596048805127,0.0,0.0,0.0,-2.034,-1.95,2.59,2.408
square,rubber_carpet,0.2,0,0.39991164207458496,-0.0042537895496699285,-0.0012042971497995963,-0.033883361781878174,0.014696976343665735,-0.004598745315602448,0.0011700281829151032,-2.594,-0.454,0.726,3.091
square,rubber_carpet,0.2,0,0.5999755859375,0.0017070615601693095,-0.001220744812139088,-0.769577533111207,0.04306803997303432,-0.015089709664214634,0.0020899775769279844,-2.435,-0.494,1.087,2.932
square,rubber_carpet,0.2,0,0.7999906539916992,-0.00031579391249614286,-0.0013636996669302848,-0.7635141962252179,0.07767494060463487,-0.024904792637745476,0.0031195739827023783,-1.884,-0.48,0.967,2.501
square,rubber_carpet,0.2,0,0.9998965263366699,-0.0042537895496699285,-0.0012042971497995963,-0.033883361781878174,0.11371311683039154,-0.036128086789536495,0.004291621429207963,-2.016,-0.425,0.794,2.594
square,rubber_carpet,0.2,0,1.199958324432373,0.008674320535550173,-5.953527676341719e-05,0.13206537909232535,0.1505704397365586,-0.04619514241451522,0.005308187376210874,-1.767,-0.252,0.519,2.289
square,rubber_carpet,0.2,0,1.3999443054199219,0.03765788205000109,0.004697807876257301,-0.09829432466539578,0.18795121302579587,-0.05483791333001631,0.005841314132512682,-1.852,-0.391,0.8,2.368
square,rubber_carpet,0.2,0,1.6000075340270996,0.08063584425737097,0.01036949509899962,-0.725777187935383,0.22594531415169983,-0.06408755538655503,0.007249604803063275,-1.8,-0.382,0.361,2.093
square,rubber_carpet,0.2,0,1.799957513809204,0.11843175131079603,0.016388413778620138,-0.04704294041866053,0.264637064417359,-0.072161587927556,0.007404211816515988,-1.648,-0.176,0.412,1.799
square,rubber_carpet,0.2,0,1.9999568462371826,0.15702305374217201,0.021166290835044226,-0.13163308592446066,0.30368784044159036,-0.07989607485231787,0.009313909654713577,-1.682,-0.289,0.452,2.111
square,rubber_carpet,0.2,0,2.19993257522583,0.1943870655064478,0.026331368465099973,-0.19512208719419807,0.3430753676602174,-0.08725759165908209,0.009756212160730332,-1.538,-0.195,0.398,1.925
square,rubber_carpet,0.2,0,2.3999385833740234,0.24446257832837487,0.030463846888785145,-0.6243041230948096,0.3828724050239791,-0.0944247192671932,0.009556612998854137,-1.413,-0.132,0.242,1.876
square,rubber_carpet,0.2,0,2.5999739170074463,0.2846722527274611,0.03310491064826851,-0.549260015083314,0.422810480933709,-0.10085307571183239,0.010609911219169925,-1.41,-0.165,0.415,1.951
square,rubber_carpet,0.2,0,2.800004482269287,0.32776117668432136,0.0389070433574183,-0.6436605848736471,0.4625316476902983,-0.10689235140283077,0.011869416568568068,-1.398,-0.174,0.151,1.81
square,rubber_carpet,0.2,0,2.9999735355377197,0.37117863241149684,0.041221393717252815,-0.6380045949852668,0.5025285768563668,-0.11304239855327053,0.011841302081675158,-1.207,-0.09,0.042,1.518
square,rubber_carpet,0.2,0,3.199937105178833,0.4137514268995425,0.04553047215506692,-0.2337545188345402,0.5426465715766202,-0.11869415258646476,0.011323999793951604,-1.095,-0.048,0.099,1.644
square,rubber_carpet,0.2,0,3.3999783992767334,0.4577086727458421,0.04895268810635961,-0.5112353742810896,0.583540887170265,-0.1241828693082625,0.011877850919273934,-1.275,-0.08,0.16,1.332
square,rubber_carpet,0.2,0,3.5999362468719482,0.5041101745217296,0.05149068607070927,-0.50299719760616,0.6235458155210469,-0.12953746720349985,0.01211401360549159,-1.203,-0.067,0.019,1.675
square,rubber_carpet,0.2,0,3.799957513809204,0.5474020294444701,0.053385259414109196,-0.42146200200441747,0.6635057586846627,-0.13423215398285376,0.01231737725266075,-1.346,0.004,0.033,1.492
square,rubber_carpet,0.2,1.5707963267948966,4.000039339065552,0.5955512105626026,0.056302365688183004,-0.31275648376988036,0.7034499789015856,-0.1386868241701718,0.012009989359276232,-1.191,-0.022,0.077,1.464
square,rubber_carpet,0.2,1.5707963267948966,4.200060844421387,0.6357586600265044,0.05877241333480166,-0.40298774353580735,0.7195044659008134,-0.13263094347870935,0.013574135229557069,1.744,2.284,-2.379,-1.455
square,rubber_carpet,0.2,1.5707963267948966,4.400005340576172,0.6815386292658523,0.06359995631254359,-0.30424268984458164,0.7220343208723847,-0.13030605146569635,0.013994001820628918,2.261,2.791,-2.702,-2.002
square,rubber_carpet,0.2,1.5707963267948966,4.599985599517822,0.7206895251840734,0.06307386198302666,-0.3793147565740044,0.7246696182728203,-0.12724537543547093,0.01497433439164202,2.704,3.219,-3.198,-2.634
square,rubber_carpet,0.2,1.5707963267948966,4.799930572509766,0.7673085698393324,0.06647162078775044,-0.4208176646488822,0.7287163144278068,-0.1211763414508838,0.01711878380071195,3.076,3.267,-3.174,-3.343
square,rubber_carpet,0.2,1.5707963267948966,4.999924659729004,0.7939991035339962,0.06592652178553847,-0.45185962453623607,0.7345833996541518,-0.10579321698718902,0.02120085552895406,2.571,2.563,-3.048,-3.442
square,rubber_carpet,0.2,1.5707963267948966,5.200056076049805,0.7897890081081772,0.0647851064892941,-0.40389102033760826,0.7387189752097731,-0.08277733406605636,0.026796325411378635,2.847,3.045,-3.053,-3.188
square,rubber_carpet,0.2,1.5707963267948966,5.3999550342559814,0.7914531830252123,0.062264304875724596,-0.4353584544343255,0.7418397348957269,-0.05891358953531961,0.02928440510108047,2.558,2.87,-2.913,-2.605
square,rubber_carpet,0.2,1.5707963267948966,5.599945783615112,0.7945821169083143,0.05975760082953914,-0.4058898004914085,0.7449843135359409,-0.02713556404988271,0.030535975363664654,2.763,3.201,-2.926,-3.483
square,rubber_carpet,0.2,1.5707963267948966,5.799962282180786,0.8006505642828826,0.0510433540746495,-0.3668174577181871,0.7471821850183615,0.005956739293171254,0.032666966080428,2.579,2.865,-2.812,-2.997
square,rubber_carpet,0.2,1.5707963267948966,5.999944686889648,0.8048744935489888,0.03100579906484386,-0.27005362996709387,0.7502048495507174,0.03955335483747385,0.032938851097395735,2.428,2.744,-3.173,-3.219
square,rubber_carpet,0.2,1.5707963267948966,6.200000524520874,0.806091150502639,0.018267570923233938,-0.4497581312093423,0.7520036669594625,0.07502648453165028,0.03412483979897906,2.841,2.845,-2.916,-3.474
square,rubber_carpet,0.2,1.5707963267948966,6.3999388217926025,0.809179047379374,-0.005731729062281185,-0.5138738873176583,0.7531037968646574,0.1110236788739461,0.036509974292988134,2.732,2.958,-2.878,-2.902
square,rubber_carpet,0.2,1.5707963267948966,6.599989891052246,0.8078899055091546,-0.026923667646902877,-0.34439007914337266,0.7551444871022204,0.1498878019054213,0.03734440431483144,2.291,2.69,-3.131,-3.324
square,rubber_carpet,0.2,1.5707963267948966,6.7999794483184814,0.8093531856939147,-0.05245525656962134,-0.5071362682272336,0.7564096936050158,0.1882891739354433,0.03710626326125785,2.227,2.652,-2.761,-3.162
square,rubber_carpet,0.2,1.5707963267948966,6.9999589920043945,0.8130755824843948,-0.0793137968091333,-0.45474290601015555,0.7574920271912771,0.22716519298648385,0.036609355659683596,2.734,2.936,-2.664,-3.172
square,rubber_carpet,0.2,1.5707963267948966,7.1999125480651855,0.8136608687324277,-0.10492437586950056,-0.49099903451821114,0.7579390350036059,0.2660504554383774,0.037681927509850284,2.853,3.027,-2.803,-3.167
square,rubber_carpet,0.2,1.5707963267948966,7.399914741516113,0.8130410183597857,-0.13038530231313278,-0.5998014718767484,0.7581031466307082,0.3060830459577151,0.038626057337123106,2.543,2.6,-2.85,-3.36
square,rubber_carpet,0.2,1.5707963267948966,7.599912405014038,0.8149965250456316,-0.1598755350653987,-0.1369108303059373,0.7583888807114871,0.3451214190482441,0.03835416260928443,2.421,2.784,-2.869,-3.255
square,rubber_carpet,0.2,1.5707963267948966,7.799964666366577,0.8190712375725384,-0.18899943779912837,-0.5427697336207589,0.7590319197634587,0.384726838856483,0.03763036143391683,2.404,2.981,-2.789,-3.031
square,rubber_carpet,0.2,1.5707963267948966,7.999969244003296,0.8185507204239308,-0.21722815880006974,-0.5008060406801172,0.7596475122039157,0.42519882677965476,0.03761629796063876,2.508,2.743,-2.678,-3.229
square,rubber_carpet,0.2,-3.141592653589793,8.199931144714355,0.8189478920887876,-0.24658372283172997,-0.468731079234063,0.7598724637252781,0.4655946884008663,0.03840385369558759,2.802,3.059,-2.607,-3.145
square,rubber_carpet,0.2,-3.141592653589793,8.399944067001343,0.8152092726011044,-0.27204896692887764,-0.5311177841660759,0.7409295992689968,0.48542787240421326,0.03634027604575531,2.771,0.871,-0.908,-2.814
square,rubber_carpet,0.2,-3.141592653589793,8.599955320358276,0.8122007194416883,-0.2981422576316085,-0.0769615757445628,0.7096441893759169,0.49548370303684575,0.034302035931762925,2.537,0.834,-1.044,-2.957
square,rubber_carpet,0.2,-3.141592653589793,8.799943685531616,0.8167236730911522,-0.3298038322773002,-0.5677038236544961,0.6764510608238707,0.5050633218341916,0.03338886912754814,2.152,0.831,-0.815,-2.779
square,rubber_carpet,0.2,-3.141592653589793,8.99999451637268,0.8162342765948468,-0.362366740574371,-0.07210814254077114,0.6406207699561943,0.5145056021953684,0.031635684477695984,2.447,0.962,-0.85,-2.572
square,rubber_carpet,0.2,-3.141592653589793,9.19997787475586,0.8034038371873914,-0.38154737175432274,-0.5727392082864298,0.6045415153304625,0.5236630353016077,0.03239976940297355,2.329,0.845,-0.431,-2.603
square,rubber_carpet,0.2,-3.141592653589793,9.399941682815552,0.7735187893295554,-0.3868187042124134,-0.6095073860535689,0.567109872059103,0.5316511674023428,0.031008483040171682,2.192,0.6,-0.755,-2.558
square,rubber_carpet,0.2,-3.141592653589793,9.599957466125488,0.7357680150987653,-0.39459409623585207,-0.6653682427087185,0.5292090266559968,0.5398191917783897,0.030549100543045667,2.038,0.784,-0.44,-2.224
square,rubber_carpet,0.2,-3.141592653589793,9.799961805343628,0.6990772840946777,-0.40741525459250055,-0.12393698902096034,0.49004267080413855,0.5469481770815756,0.031331927206861954,2.023,0.612,-0.378,-2.141
square,rubber_carpet,0.2,-3.141592653589793,9.999964237213135,0.6590084815586154,-0.4129656261208074,-0.5837170949848399,0.4505132053355103,0.5538257776393858,0.030171283672329262,2.007,0.43,-0.513,-2.221
square,rubber_carpet,0.2,-3.141592653589793,10.199898481369019,0.6193547425885064,-0.4167551367680824,-0.620776412201109,0.41112745577027154,0.5605924089707774,0.02940065501782107,1.984,0.51,-0.162,-1.949
square,rubber_carpet,0.2,-3.141592653589793,10.40001630783081,0.5740033898950846,-0.4282888474546694,-0.5724211153075065,0.3711598091955104,0.5664431291428156,0.02918034282050328,1.848,0.378,-0.242,-1.81
square,rubber_carpet,0.2,-3.141592653589793,10.599985837936401,0.5307957437314773,-0.43996239254986186,-0.5866713144961448,0.33125195750775305,0.5718542839564068,0.02834784964027967,1.464,0.282,-0.62,-2.067
square,rubber_carpet,0.2,-3.141592653589793,10.799947261810303,0.48861300631808413,-0.4391347458695138,-0.6233587360545321,0.29258330146241973,0.577076899474931,0.028185664546331795,1.74,0.309,-0.267,-1.95
square,rubber_carpet,0.2,-3.141592653589793,10.999948263168335,0.4407235535881892,-0.4438453321112908,-0.9069311528449522,0.25277867674966314,0.5823388989175855,0.02832909990009235,1.57,0.282,-0.103,-1.86
square,rubber_carpet,0.2,-3.141592653589793,11.199917793273926,0.39665034448361025,-0.4528104525055067,-0.635292148272201,0.21162601095975098,0.587343693905074,0.028035667093262256,1.501,0.131,-0.268,-1.852
square,rubber_carpet,0.2,-3.141592653589793,11.399991512298584,0.3549808083618928,-0.4569442923485912,-0.6574209809915742,0.1715449022387805,0.5917901714558089,0.027598801304454572,1.559,0.221,-0.192,-1.847
square,rubber_carpet,0.2,-3.141592653589793,11.599938154220581,0.3070335353865899,-0.46013557563655844,-0.04277426530678041,0.13117215787135117,0.5961797001595521,0.027469429553366523,1.588,0.214,-0.07,-1.729
square,rubber_carpet,0.2,-3.141592653589793,11.799913167953491,0.26411463993832085,-0.46513407676383184,-0.6926501512943839,0.09138071333217512,0.5999882272863647,0.027568802036386064,1.495,0.235,0.055,-1.745
square,rubber_carpet,0.2,-1.5707963267948966,12.000046491622925,0.2177618606161164,-0.4692276095447602,-0.0029266086611498543,0.05084842996419536,0.6037903775007635,0.027395369022040865,1.267,0.099,-0.106,-1.597
square,rubber_carpet,0.2,-1.5707963267948966,12.200044870376587,0.17531059931037524,-0.4731322388649402,-0.7468459915214196,0.03450802650807416,0.5970813609928497,0.02528046045990696,-1.472,-1.864,2.257,1.21
square,rubber_carpet,0.2,-1.5707963267948966,12.399959802627563,0.12765436515169343,-0.47430975503486034,0.4346528282340553,0.03221358257306295,0.5935191973545115,0.02293877398463287,-1.799,-2.27,2.823,1.845
square,rubber_carpet,0.2,-1.5707963267948966,12.599926948547363,0.0868124929304554,-0.47488757579575197,-0.800123640256533,0.02984028430426,0.5881013427560793,0.01871407381810737,-2.25,-2.652,3.392,2.492
square,rubber_carpet,0.2,-1.5707963267948966,12.799998998641968,0.03936484519514716,-0.4775514574268627,-0.7780827824210645,0.0262905098609012,0.5811785048295451,0.014393254535128363,-2.697,-2.737,3.504,2.981
square,rubber_carpet,0.2,-1.5707963267948966,12.999964237213135,0.014861412730988621,-0.4785054273911074,0.06556884883336678,0.01998969646719151,0.567507022685212,0.012471072251225925,-2.92,-2.336,2.72,2.609
square,rubber_carpet,0.2,-1.5707963267948966,13.199962139129639,0.008455963189693771,-0.4798110855303231,-0.7454880625353739,0.014253784610613662,0.5461359349699004,0.01184786212648883,-2.639,-2.931,3.637,3.195
square,rubber_carpet,0.2,-1.5707963267948966,13.399940729141235,0.009275820187641726,-0.4716692526792418,0.04116947147571992,0.009673912840635124,0.5261993588603581,0.005893784107223327,-2.65,-2.299,3.609,3.431
square,rubber_carpet,0.2,-1.5707963267948966,13.600038290023804,0.01178841188066826,-0.4612807786784026,-0.8303008961591369,0.005711290113172174,0.49708192692342157,0.005881603568521555,-3.068,-2.683,3.119,2.55
square,rubber_carpet,0.2,-1.5707963267948966,13.800004959106445,0.0008262259280414908,-0.4577857231227012,-0.7676697066778239,0.0004383772925702356,0.46616830757805633,0.003853151488354953,-2.597,-2.441,3.343,2.87
square,rubber_carpet,0.2,-1.5707963267948966,13.999969005584717,-0.0016904660593989318,-0.438954173925651,-0.7850207580247202,-0.003986455147610757,0.43316842883763346,0.004840655963473842,-2.599,-2.55,3.197,3.278
square,rubber_carpet,0.2,-1.5707963267948966,14.200001239776611,-0.005317758787864224,-0.42805950964044254,-0.7881804731737874,-0.007325070763745112,0.39785680194583106,0.004122978282153501,-2.733,-2.607,3.345,2.809
square,rubber_carpet,0.2,-1.5707963267948966,14.399940013885498,-0.010636542971550034,-0.404658432362806,-0.7564551394561752,-0.011612663336765916,0.3617544060138714,0.0029687387862823156,-2.572,-2.301,3.486,3.18
square,rubber_carpet,0.2,-1.5707963267948966,14.599913597106934,-0.01433102851472623,-0.38433307011644735,-0.7496543927327294,-0.01569835362959382,0.3257251809138854,0.0019138542814448323,-2.433,-2.349,3.214,3.378
square,rubber_carpet,0.2,-1.5707963267948966,14.79998230934143,-0.017886069932076865,-0.3600741760780721,0.024817746128463603,-0.019568005596467763,0.2880939001985087,0.0014014175279887242,-2.659,-2.705,3.011,2.857
square,rubber_carpet,0.2,-1.5707963267948966,14.99989914894104,-0.0196243808265254,-0.33344918124511974,-0.7521099832292139,-0.023567324591104555,0.24926030637729163,0.001004216109230377,-2.894,-2.502,3.279,3.114
square,rubber_carpet,0.2,-1.5707963267948966,15.199991464614868,-0.020445249871062554,-0.30629124811697866,-0.7504130918412395,-0.02740031150909439,0.21052921277100634,0.0005629928726176639,-2.528,-2.29,3.38,3.207
square,rubber_carpet,0.2,-1.5707963267948966,15.399895906448364,-0.02175752934618891,-0.27504805610629957,0.015290054806631814,-0.030851709258054028,0.17226008825802452,0.0010032793210508553,-2.433,-2.507,3.185,3.082
square,rubber_carpet,0.2,-1.5707963267948966,15.599951267242432,-0.02676683574900829,-0.2505091419010102,-0.7193224519021229,-0.034731663158159565,0.1307739796404584,0.0013395885828162424,-2.345,-2.752,2.681,2.831
square,rubber_carpet,0.2,-1.5707963267948966,15.799983501434326,-0.026508209360354584,-0.21662908786935908,-0.7408810817084155,-0.03792511931360343,0.09150226852529275,0.001510086959033534,-2.907,-2.599,3.412,3.158
square,rubber_carpet,0.2,-1.5707963267948966,15.99999451637268,-0.025264717244595558,-0.18419213972290505,-0.732857519268505,-0.04165647804453143,0.051897662225736774,0.0018726341150130943,-2.814,-2.787,3.08,3.256
square,rubber_carpet,0.2,0,0.20004034042358398,0.0,0.0,0.0,0.0,0.0,0.0,-0.398,-0.396,0.398,0.83
square,rubber_carpet,0.2,0,0.40000438690185547,0.0,0.0,0.0,0.01861232382101874,-0.0008774917827021333,0.0005463656442192821,-1.226,0.598,-0.574,1.692
square,rubber_carpet,0.2,0,0.5999808311462402,0.0,0.0,0.0,0.0512209568271631,-0.003825859835413503,0.00034487471212120077,-1.028,0.267,-0.367,1.552
square,rubber_carpet,0.2,0,0.7999992370605469,0.0,0.0,0.0,0.08851350414855386,-0.007174922095380065,0.0003861099682386654,-0.857,0.279,-0.239,1.369
square,rubber_carpet,0.2,0,1.0000205039978027,0.0,0.0,0.0,0.12691125550219673,-0.010633698219851495,0.001180835537913958,-0.862,0.363,-0.209,1.282
square,rubber_carpet,0.2,0,1.200087070465088,0.0032886508726249764,0.0015231738208607848,0.2542535553512357,0.16533388030700058,-0.013831305422247309,0.0011517827475441,-0.777,0.2,-0.271,1.238
square,rubber_carpet,0.2,0,1.4000096321105957,0.03328038270915512,0.0031801580677832675,-0.6107630051622344,0.2040189321166559,-0.017222811623836654,0.0010796194700957613,-0.749,0.122,-0.236,1.276
square,rubber_carpet,0.2,0,1.600036859512329,0.07683669244472235,0.0049235068943009885,0.046141341954288095,0.2394520308192436,-0.020185822887584415,0.0015603984051535819,-0.883,0.268,-0.346,1.172
square,rubber_carpet,0.2,0,1.8003201484680176,0.11276327492783905,0.0050483774976998325,0.12202031879767244,0.2824390101954566,-0.023684952679562277,0.002186451736065482,-0.836,0.387,-0.311,1.29
square,rubber_carpet,0.2,0,2.000105857849121,0.15726531505898828,0.006862298678977682,-0.6089749931165447,0.3221508498823582,-0.027115031445793192,0.0025275991583176144,-0.82,0.313,-0.397,1.221
square,rubber_carpet,0.2,0,2.199958324432373,0.19670001854564206,0.00927295760244877,0.0662406774518714,0.36129103017119224,-0.030264322322880455,0.0027291025693140444,-0.751,0.303,-0.351,1.205
square,rubber_carpet,0.2,0,2.400041341781616,0.24507895144733904,0.012230289548283015,-0.02879179793432879,0.400992764236213,-0.03325529640189995,0.003016832606579204,-0.534,0.26,-0.326,1.037
square,rubber_carpet,0.2,0,2.600048303604126,0.28169429453441064,0.013364272197462133,-0.46811604212549485,0.44112058360169115,-0.03602068444618611,0.0035407506550357987,-0.799,0.261,-0.273,1.076
square,rubber_carpet,0.2,0,2.800312042236328,0.33465297952286566,0.016195500611687078,-0.5820885769822405,0.4815342712618724,-0.03847350996153487,0.003884722262621893,-0.762,0.459,-0.369,1.079
square,rubber_carpet,0.2,0,2.999979257583618,0.3735819292762383,0.016504961607819578,-0.4604732841365179,0.5215063196609335,-0.0411775235228895,0.0038959693428624147,-0.802,0.364,-0.451,1.157
square,rubber_carpet,0.2,0,3.200014352798462,0.41744473270524013,0.020104477755720808,-0.08503101262912666,0.5610503691182129,-0.043844221366502234,0.0041837082604732935,-0.603,0.247,-0.36,1.18
square,rubber_carpet,0.2,0,3.3999900817871094,0.4640840152025284,0.02227300796333416,-0.48425462113743145,0.6014871209543082,-0.04665960454954898,0.004294305545851768,-0.658,0.235,-0.275,1.086
square,rubber_carpet,0.2,0,3.600086212158203,0.5081579392745352,0.02478453857567258,-0.4715391361021362,0.6420359268937363,-0.04919842617905901,0.004775126181380863,-0.724,0.346,-0.334,1.027
square,rubber_carpet,0.2,0,3.8000223636627197,0.5504902894918169,0.02688716937447712,-0.34449568176740913,0.6783919466117063,-0.05169981138458524,0.004741384191568394,-0.822,0.336,-0.496,1.03
square,rubber_carpet,0.2,1.5707963267948966,4.00002908706665,0.594519385413943,0.02957582058217431,-0.3374028293032617,0.7213172414863434,-0.054705069487895,0.004746070577330334,-0.674,0.374,-0.388,0.927
square,rubber_carpet,0.2,1.5707963267948966,4.200045585632324,0.6396483331160934,0.03126352050948292,-0.2190346762625577,0.7374367227559626,-0.04708402599014605,0.006571927494555745,2.126,2.573,-2.612,-2.045
square,rubber_carpet,0.2,1.5707963267948966,4.400272369384766,0.6862834015789934,0.03384247467140642,-0.34706078758299536,0.7402123312051616,-0.043432639438217735,0.007563621982636427,2.591,2.971,-3.106,-2.625
square,rubber_carpet,0.2,1.5707963267948966,4.600026607513428,0.7291772148612494,0.03675185360826219,-0.2662862324410972,0.745130498081958,-0.03537266559502439,0.010912856506599549,2.598,2.639,-2.988,-3.252
square,rubber_carpet,0.2,1.5707963267948966,4.8000266551971436,0.7699497758930638,0.03964218555983403,-0.4075721399599531,0.7507077006609653,-0.019572397424475252,0.01826724390095695,2.602,2.667,-3.528,-3.416
square,rubber_carpet,0.2,1.5707963267948966,5.000016212463379,0.8102021079523991,0.042529695704222215,-0.3407609691746182,0.7541589449107329,-0.007116254648982467,0.023085225390954985,3.08,3.119,-3.515,-3.517
square,rubber_carpet,0.2,1.5707963267948966,5.200275421142578,0.8156342398926856,0.039327588808802896,-0.39235148277917037,0.7578680449300086,0.017105270621750324,0.02739895147822199,2.403,2.626,-3.357,-3.33
square,rubber_carpet,0.2,1.5707963267948966,5.400037527084351,0.8189412765305002,0.036160568209362566,-0.4259661852627836,0.7601404663857996,0.04611150794288915,0.02531567637280653,2.815,2.803,-2.996,-3.35
square,rubber_carpet,0.2,1.5707963267948966,5.60001802444458,0.8241357261806891,0.025717600070663947,-0.4441935342139275,0.7619653024055997,0.08186836363366529,0.02600947460552883,2.642,2.869,-3.077,-2.801
square,rubber_carpet,0.2,1.5707963267948966,5.80001425743103,0.830784961044721,0.014852006281943421,-0.34534209614194644,0.7648415228435443,0.11244108743839465,0.026035726469304712,2.369,2.746,-3.057,-3.566
square,rubber_carpet,0.2,1.5707963267948966,6.000016212463379,0.8325493223362704,0.006224323888011016,-0.37170370139617825,0.7664627916155056,0.15049793601126998,0.025632573150530226,2.737,2.734,-2.732,-3.495
square,rubber_carpet,0.2,1.5707963267948966,6.199955224990845,0.8340602789335296,-0.014730110113316916,-0.435513084404034,0.7672523719491946,0.18791483659196972,0.02653451236475279,2.701,2.816,-2.813,-3.368
square,rubber_carpet,0.2,1.5707963267948966,6.4000396728515625,0.8379165939937444,-0.03847268999779095,-0.414810291584897,0.7682522675849175,0.22332094254040935,0.02723581421677944,2.498,2.967,-3.007,-3.197
square,rubber_carpet,0.2,1.5707963267948966,6.600160598754883,0.8392182356834126,-0.06024880512438262,-0.41678426380679856,0.7693663506234447,0.26591046435233456,0.02638356390795068,2.391,2.831,-2.792,-3.168
square,rubber_carpet,0.2,1.5707963267948966,6.80002498626709,0.8409581563060079,-0.08450061862056048,-0.4566452374791724,0.7703470679878841,0.3046795973012143,0.026139796383787946,2.249,2.952,-2.755,-3.254
square,rubber_carpet,0.2,1.5707963267948966,6.999986886978149,0.8457285302887152,-0.11261637040336127,-0.3270901506504196,0.7707671994877117,0.3437316486959262,0.026577640509449958,2.686,2.952,-2.624,-3.238
square,rubber_carpet,0.2,1.5707963267948966,7.199983596801758,0.8537982797058894,-0.14326585412944143,-0.3388882700535677,0.7702433623751552,0.3829921930571434,0.027289255725898607,2.949,2.919,-3.049,-3.204
square,rubber_carpet,0.2,1.5707963267948966,7.400022506713867,0.8459338643346639,-0.16525182948479777,-0.4870760447827203,0.7702545109410253,0.4230571705890315,0.02666295924853922,2.652,2.635,-3.091,-3.021
square,rubber_carpet,0.2,1.5707963267948966,7.6000847816467285,0.848829519535645,-0.197616895951352,-0.4357113485376414,0.7708524297164352,0.46285481171045284,0.026331997683065492,2.224,2.79,-2.672,-3.154
square,rubber_carpet,0.2,1.5707963267948966,7.800035238265991,0.8466442222478643,-0.22469471283166886,-0.49360753974337396,0.7714774560550592,0.499409076808606,0.026016037571222915,2.591,2.964,-2.839,-3.333
square,rubber_carpet,0.2,-3.141592653589793,8.000003099441528,0.8485600900628769,-0.2523362565990093,-0.4423885064645551,0.7715877156700977,0.5388674763939427,0.027530211392033346,2.756,3.004,-2.625,-3.214
square,rubber_carpet,0.2,-3.141592653589793,8.20000147819519,0.8492998028514014,-0.2815738562605649,-0.4842182200665076,0.7541519795202996,0.5606680741837526,0.02535692918246286,2.732,1.022,-0.709,-2.825
square,rubber_carpet,0.2,-3.141592653589793,8.400049209594727,0.8470096820720789,-0.3091931237673311,-0.5144211311806517,0.7232989896677358,0.5731298716884936,0.023540876292647193,2.518,0.981,-0.953,-2.864
square,rubber_carpet,0.2,-3.141592653589793,8.600005626678467,0.8477535344139291,-0.33897791317884834,-0.510905965176955,0.6869176238089685,0.5833777910949443,0.023528688082230118,2.298,0.659,-0.857,-2.772
square,rubber_carpet,0.2,-3.141592653589793,8.800429344177246,0.8491577141601796,-0.36712658010242255,-0.5071947894748898,0.6514677929784742,0.5925383776969537,0.021386392026450173,2.152,0.86,-0.888,-2.863
square,rubber_carpet,0.2,-3.141592653589793,9.000033855438232,0.8486485501994452,-0.3925817113658019,-0.549850564217576,0.615771947258811,0.6008039797233025,0.02099918878241824,2.243,0.719,-0.623,-2.764
square,rubber_carpet,0.2,-3.141592653589793,9.200010776519775,0.8217861940980367,-0.40833093609491516,-0.5409689740196322,0.5783959321271137,0.6094135833242693,0.019274135646568206,2.102,0.439,-0.805,-2.568
square,rubber_carpet,0.2,-3.141592653589793,9.400447845458984,0.7875642277581314,-0.41189957701535224,-0.5383483447183842,0.5435652761905141,0.6166328389646031,0.01980852396997751,2.109,0.742,-0.499,-2.246
square,rubber_carpet,0.2,-3.141592653589793,9.600138664245605,0.7459690359368991,-0.4234627922949927,-0.5737014984418848,0.5011501820955391,0.6239320644712592,0.01967070775236527,1.898,0.556,-0.492,-2.173
square,rubber_carpet,0.2,-3.141592653589793,9.800022602081299,0.7101181337655791,-0.4292647314087958,-0.5606757791705712,0.4619981419056165,0.6307212314722561,0.01805442933556804,1.997,0.598,-0.523,-2.047
square,rubber_carpet,0.2,-3.141592653589793,10.000022649765015,0.6695512498648515,-0.43473114578801536,-0.5920294914893225,0.42256788575088255,0.6373368009523691,0.01752848905062167,2.04,0.647,-0.119,-2.04
square,rubber_carpet,0.2,-3.141592653589793,10.1999990940094,0.6271691264375099,-0.4468411993938433,-0.5584150070899834,0.3828707284414683,0.642931299293064,0.017570676649815604,1.709,0.326,-0.243,-2.044
square,rubber_carpet,0.2,-3.141592653589793,10.400572299957275,0.5891063988416244,-0.45595414289566666,-0.5600401149465135,0.3428281440222365,0.6490275727147167,0.016636929717316205,1.497,0.211,-0.466,-1.997
square,rubber_carpet,0.2,-3.141592653589793,10.600037574768066,0.5414120829657962,-0.46473800833640583,-0.5432315295984845,0.3025282014703403,0.6549594427833606,0.016341620553865323,1.611,0.369,-0.238,-1.847
square,rubber_carpet,0.2,-3.141592653589793,10.800035238265991,0.49761679578801293,-0.4729663032344594,-0.5955039788749212,0.2631865085937968,0.6597609206706498,0.01618131035827209,1.57,0.197,-0.104,-1.842
square,rubber_carpet,0.2,-3.141592653589793,11.000032901763916,0.45481884378999365,-0.47650477576922506,-0.5687194137985636,0.2226616008030371,0.6648761377464746,0.015792254923981855,1.495,0.104,-0.31,-1.812
square,rubber_carpet,0.2,-3.141592653589793,11.20001745223999,0.41162478215604037,-0.47801342816531384,-0.6394645973950688,0.18260853025251667,0.6695603582971753,0.015405076574037068,1.479,0.149,-0.198,-1.782
square,rubber_carpet,0.2,-3.141592653589793,11.39997410774231,0.36027575156999725,-0.48929969787909516,0.021705272326629832,0.14266709490706253,0.6740593067699497,0.015299141953451395,1.483,0.233,0.039,-1.62
square,rubber_carpet,0.2,-3.141592653589793,11.6002516746521,0.3202512230037313,-0.4950055087122594,-0.6521813368785684,0.10216935017128947,0.6784176616823765,0.015309454165979551,1.375,0.105,-0.051,-1.607
square,rubber_carpet,0.2,-3.141592653589793,11.799973964691162,0.2718119654858989,-0.49919812593628204,-0.5920467597728183,0.06252598119210973,0.6824098762403213,0.015214769363876031,1.463,0.078,-0.089,-1.553
square,rubber_carpet,0.2,-1.5707963267948966,12.000337600708008,0.2253275432406719,-0.5077027723967164,-0.6609113043904643,0.02479009886265593,0.6859552946847398,0.015053524261585894,1.319,0.078,-0.1,-1.384
square,rubber_carpet,0.2,-1.5707963267948966,12.200036525726318,0.18082433628400058,-0.5117539716383303,-0.6505914693121616,0.005136281494669603,0.6792970895426577,0.014228555445389136,-1.592,-2.141,2.211,1.267
square,rubber_carpet,0.2,-1.5707963267948966,12.400293350219727,0.14010121467448133,-0.5115863689416348,-0.6773275234785677,0.00274262653822821,0.676958593099201,0.01407668733116579,-2.152,-2.493,2.715,1.856
square,rubber_carpet,0.2,-1.5707963267948966,12.600025415420532,0.09294449452568976,-0.5163690940803347,-0.7018296597792881,-0.0005026906392031627,0.6717314465767477,0.012773636767826235,-2.454,-2.748,3.036,2.396
square,rubber_carpet,0.2,-1.5707963267948966,12.800014734268188,0.05215737056245484,-0.5184318179547807,-0.7243300718543696,-0.004684216969112809,0.6613745074242887,0.006632853253026212,-2.181,-2.317,3.35,2.944
square,rubber_carpet,0.2,-1.5707963267948966,12.999960899353027,0.002706094683959215,-0.5247942986058503,0.12322001549863726,-0.008918746753667772,0.6480454666962393,0.0012173858570141555,-2.825,-2.52,3.222,2.993
square,rubber_carpet,0.2,-1.5707963267948966,13.1999831199646,-0.002063910666589397,-0.5231263567967559,-0.7188356708289693,-0.016043763085322515,0.6278197958843014,0.0016775482656306746,-2.868,-2.534,3.459,3.066
square,rubber_carpet,0.2,-1.5707963267948966,13.39999794960022,7.586439429607683e-05,-0.516265489126001,0.1501702242362296,-0.01694669424467521,0.609305419635033,-0.004174751462342627,-2.692,-2.998,3.43,3.47
square,rubber_carpet,0.2,-1.5707963267948966,13.599963188171387,-0.008518864926244762,-0.516370010265654,-0.7238203756146606,-0.019521609741414814,0.5843748489107609,-0.012276974239254855,-2.737,-2.697,3.733,3.223
square,rubber_carpet,0.2,-1.5707963267948966,13.799932956695557,-0.013563735116447928,-0.5027533204906084,-0.7279117642653941,-0.024640814842549874,0.5517959300921628,-0.012065270105311866,-2.707,-2.312,3.679,3.092
square,rubber_carpet,0.2,-1.5707963267948966,14.000041961669922,-0.018659534773245112,-0.4919156099688425,-0.7286397884782513,-0.02963393655628721,0.5176669944358118,-0.010667601305017399,-2.814,-2.892,3.094,3.333
square,rubber_carpet,0.2,-1.5707963267948966,14.200095415115356,-0.025567682982319373,-0.4816590847944608,-0.713547030840157,-0.03520864269492319,0.48313897345648205,-0.011446071574774196,-3.07,-2.654,3.197,3.033
square,rubber_carpet,0.2,-1.5707963267948966,14.400010347366333,-0.018025313398942755,-0.4589301493008194,-0.7493742232388885,-0.039524216090739195,0.44942746145646323,-0.010836225129063473,-2.719,-2.313,3.585,3.253
square,rubber_carpet,0.2,-1.5707963267948966,14.599982976913452,-0.024430775626013368,-0.44468193323788924,-0.7024431240874665,-0.043596869936308735,0.41195328175309365,-0.00922207352196762,-2.83,-2.604,3.276,3.047
square,rubber_carpet,0.2,-1.5707963267948966,14.79993987083435,-0.02372863833526484,-0.41476890856330034,0.12602643192112356,-0.04764651707252887,0.3700069366475218,-0.009717665654087167,-2.715,-2.932,3.299,3.03
square,rubber_carpet,0.2,-1.5707963267948966,15.000005006790161,-0.026245351770088465,-0.38984311999126703,-0.7459399979530345,-0.05181473334251896,0.33164381026516276,-0.011216561266381021,-2.834,-2.894,3.166,2.81
square,rubber_carpet,0.2,-1.5707963267948966,15.200019598007202,-0.032463458815444435,-0.36620509433645354,-0.6906268312071555,-0.05570870932630467,0.29311504312496106,-0.011314923093397898,-2.872,-2.556,3.468,3.269
square,rubber_carpet,0.2,-1.5707963267948966,15.400039434432983,-0.0370575284370237,-0.3377568370634811,0.08897226189619623,-0.05849312873676005,0.25758521886416863,-0.009948126736944105,-2.842,-2.366,3.27,3.556
square,rubber_carpet,0.2,-1.5707963267948966,15.600026607513428,-0.032298608253761074,-0.30764281291977,-0.7621141305176014,-0.061971267761532944,0.2177212897232812,-0.009312948417547588,-2.575,-2.616,3.515,3.165
square,rubber_carpet,0.2,-1.5707963267948966,15.799961566925049,-0.039930912282762354,-0.2831278383892096,-0.6970486008564476,-0.06543556166272557,0.1747685228661655,-0.009462844443698139,-2.68,-2.881,3.19,3.034
square,rubber_carpet,0.2,0,0.19997859001159668,-0.0002480116524694598,0.001161056227973245,0.8924811545109613,4.303862813248571e-06,4.3591405693987895e-06,-1.8751375860212756e-06,2.021,2.173,-2.451,-2.927
square,rubber_carpet,0.2,0,0.3997633457183838,-0.0002480116524694598,0.001161056227973245,0.8924811545109613,0.013591273237166579,0.003125748686103602,4.031545537470276e-05,0.435,3.05,-3.283,-1.239
square,rubber_carpet,0.2,0,0.5997180938720703,-0.0002480116524694598,0.001161056227973245,0.8924811545109613,0.04204866452888645,0.012278579502019021,-0.0022464209847861305,0.577,2.533,-2.745,-0.943
square,rubber_carpet,0.2,0,0.7997691631317139,-0.0002480116524694598,0.001161056227973245,0.8924811545109613,0.07597758441161151,0.020149465657801485,-0.0031164891126040477,0.404,2.235,-2.323,-1.075
square,rubber_carpet,0.2,0,0.9999933242797852,0.00025764726343902034,0.0009850465208295356,0.02015071042587091,0.11249611564720974,0.028875797915282497,-0.005486673070048663,0.517,2.3,-2.14,-0.71
square,rubber_carpet,0.2,0,1.1999998092651367,0.002270603894960921,0.001114354511335014,0.8926197573157933,0.14976102524030077,0.0352436732114354,-0.006060466171250474,0.315,1.925,-2.09,-0.999
square,rubber_carpet,0.2,0,1.3999722003936768,0.02551914915555953,-0.0021270974807137133,0.018808359733624047,0.18785196468256227,0.0415975027273916,-0.008700649398155779,0.411,2.086,-1.983,-0.888
square,rubber_carpet,0.2,0,1.6002171039581299,0.05916708248498492,-0.0045754217013450615,0.023373346607489853,0.22622617833535785,0.04704077752596986,-0.008995042786971134,0.459,2.106,-1.843,-0.668
square,rubber_carpet,0.2,0,1.799954891204834,0.09794425604804047,-0.007468682458583342,1.361375083391203,0.2651959314046066,0.0522906660084444,-0.010627322417967412,0.264,1.864,-2.037,-0.601
square,rubber_carpet,0.2,0,2.0000500679016113,0.14039878982706855,-0.010625142142285604,0.06813708821912967,0.30454014959982945,0.05710515739300531,-0.012302708838830948,0.277,1.9,-2.035,-0.608
square,rubber_carpet,0.2,0,2.199974775314331,0.1863897843321744,-0.005620968269655635,0.036594196889217334,0.34360967157284517,0.06114957572542251,-0.012714285766067125,0.331,1.762,-1.881,-0.473
square,rubber_carpet,0.2,0,2.399994373321533,0.22464920412422978,-0.011527002603945125,0.061332179189727165,0.3841128665073956,0.0649942369707961,-0.012868040745565799,0.163,1.801,-1.931,-0.58
square,rubber_carpet,0.2,0,2.599984645843506,0.26450338808252605,-0.012629466077041074,0.09434423047071272,0.4237960344691809,0.06851351752718293,-0.013644312317692158,-0.017,1.82,-1.765,-0.481
square,rubber_carpet,0.2,0,2.8000564575195312,0.3082055573164605,-0.011319947924626983,0.08472186732779868,0.4648379068710866,0.0714528759218146,-0.014487141091562317,0.094,1.637,-1.585,-0.284
square,rubber_carpet,0.2,0,3.0000040531158447,0.35303938900534004,-0.0040657575710959515,0.8235826624461213,0.5041482337451193,0.0741394577196523,-0.014976521896700764,0.223,1.555,-1.705,-0.381
square,rubber_carpet,0.2,0,3.2001867294311523,0.39916934584205366,-0.0059501741125468355,0.13940968244361784,0.5436948424195629,0.07637242204225891,-0.015136835690277854,0.046,1.462,-1.551,-0.33
square,rubber_carpet,0.2,0,3.4000656604766846,0.4411288945970395,-0.004763374453600311,0.7835352970665133,0.5843340478575281,0.07839417284750483,-0.015235273832690098,0.048,1.473,-1.529,-0.233
square,rubber_carpet,0.2,0,3.6002180576324463,0.4877020784264685,-0.00209880092162551,0.1489293382018187,0.6247781478221734,0.08027381946542522,-0.015354336953646389,0.058,1.359,-1.399,-0.21
square,rubber_carpet,0.2,0,3.8001344203948975,0.5309063038317455,0.003385053632638191,0.12309056987035338,0.6653073996390624,0.08231002816232252,-0.01549777497255874,0.021,1.353,-1.559,-0.341
square,rubber_carpet,0.2,-1.5707963267948966,4.000009298324585,0.5770270359460486,0.0010839287417881982,0.16978641826240276,0.7056524681767931,0.08377158032318671,-0.015672150262055932,-0.027,1.483,-1.633,-0.248
square,rubber_carpet,0.2,-1.5707963267948966,4.19992995262146,0.6215695111678423,0.012345598881710829,0.1534329558951586,0.7249380107040462,0.07662642223454369,-0.016834642236331528,-1.875,-1.453,1.315,1.885
square,rubber_carpet,0.2,-1.5707963267948966,4.3999998569488525,0.6652772997229177,0.012548671410439138,0.18201763245268776,0.7269232145116504,0.07446667153244696,-0.017557440548616174,-2.857,-2.135,1.999,2.749
square,rubber_carpet,0.2,-1.5707963267948966,4.599726915359497,0.7107054444189324,0.017753865471460628,0.18114556534553738,0.7285656232435651,0.07206702018041694,-0.018670216397991185,-3.259,-2.651,2.649,3.361
square,rubber_carpet,0.2,-1.5707963267948966,4.7997071743011475,0.7531070205667659,0.02854883280392373,0.1396248244297727,0.7301374932693321,0.0686912314947335,-0.02061823024824245,-3.615,-3.109,3.214,3.452
square,rubber_carpet,0.2,-1.5707963267948966,5.000122785568237,0.7955342790401249,0.03250135870750581,0.16832777559534995,0.7311486891348233,0.06242895890870037,-0.026557451835060475,-3.303,-2.948,3.558,3.559
square,rubber_carpet,0.2,-1.5707963267948966,5.199768781661987,0.8014389670273163,0.03624365793326523,0.16566073120862757,0.7315944961832102,0.048719848280988465,-0.04405738182738455,-2.615,-2.349,3.554,3.563
square,rubber_carpet,0.2,-1.5707963267948966,5.399791955947876,0.8029211831281928,0.038002723745036104,0.16741061631154602,0.7319610061979716,0.034386672473869506,-0.0610842774671331,-2.679,-2.565,3.555,3.555
square,rubber_carpet,0.2,-1.5707963267948966,5.599734783172607,0.8041494386135816,0.040031524761702575,0.7618250881711752,0.7311517175468543,0.01687212299009011,-0.0825009082224173,-2.882,-2.559,3.557,3.566
square,rubber_carpet,0.2,-1.5707963267948966,5.799998998641968,0.8047354521754521,0.04706573206386677,0.1342457551096466,0.7291535965619935,6.300990745392032e-05,-0.10360767318987664,-2.883,-2.295,3.554,3.563
square,rubber_carpet,0.2,-1.5707963267948966,5.999755620956421,0.8046608670936538,0.0529756976656266,0.17323381205265925,0.7263087702636011,-0.016518191977530405,-0.12514208522630893,-2.778,-2.539,3.556,3.556
square,rubber_carpet,0.2,-1.5707963267948966,6.199759483337402,0.8038756279807449,0.06839299970145474,0.14003111158821724,0.7221037711300256,-0.03509872425952948,-0.14818810090518722,-2.885,-2.857,3.545,3.574
square,rubber_carpet,0.2,-1.5707963267948966,6.399880647659302,0.8027269963451169,0.08754132845531448,0.14954712879638737,0.7188300791644038,-0.05635587696979241,-0.16838413711272063,-2.684,-2.391,3.555,3.502
square,rubber_carpet,0.2,-1.5707963267948966,6.5997607707977295,0.8030814109261759,0.09743090172102786,0.6929367675979544,0.7168543167485217,-0.08424342526627426,-0.17963679921379933,-2.718,-2.871,3.645,3.698
square,rubber_carpet,0.2,-1.5707963267948966,6.799781322479248,0.7974562066807748,0.11954534854403664,0.7800169535186359,0.7060837742269093,-0.11851827286169617,-0.1800511492580537,-2.859,-2.959,3.161,2.888
square,rubber_carpet,0.2,-1.5707963267948966,7.00001335144043,0.7954970005325384,0.13366138725851762,0.1638126676562361,0.6903072002273802,-0.16227950787069217,-0.17465294382869234,-2.666,-2.822,3.355,2.561
square,rubber_carpet,0.2,-1.5707963267948966,7.199753046035767,0.7946844853034973,0.15085114978625835,0.20947489633771016,0.6764370662225778,-0.20132224849476024,-0.17336332765712173,-2.958,-2.544,3.679,3.183
square,rubber_carpet,0.2,-1.5707963267948966,7.400003671646118,0.7980575373555214,0.16742214432848912,0.21428063134483266,0.6631685389919162,-0.2414576822299146,-0.17049945193841187,-2.842,-2.385,3.266,3.114
square,rubber_carpet,0.2,-1.5707963267948966,7.599731683731079,0.7976292957325609,0.19132280538458862,0.26601369643314793,0.6502251555089551,-0.28101538107842633,-0.16851081862785636,-2.653,-2.42,3.083,3.549
square,rubber_carpet,0.2,-1.5707963267948966,7.799966812133789,0.7910442960947568,0.22240219981080778,0.2768388510683265,0.6375889462945332,-0.3204172804858041,-0.16622828600574024,-2.451,-2.669,3.369,3.05
square,rubber_carpet,0.2,-3.141592653589793,8.000010251998901,0.7825467374180942,0.252029971342636,0.2738186236971378,0.6247776964708078,-0.35814751693333224,-0.16508576637149613,-2.433,-2.517,3.191,3.368
square,rubber_carpet,0.2,-3.141592653589793,8.199988842010498,0.7761216242021399,0.28324681171637467,0.6284696278697828,0.5995829914074728,-0.3734695068169592,-0.1654160555519816,-0.763,-2.543,3.295,1.291
square,rubber_carpet,0.2,-3.141592653589793,8.400005340576172,0.7693952132858014,0.3107340714939747,0.2786693700770666,0.5671815510122808,-0.3750040962134684,-0.16343404914596052,-1.033,-2.497,2.804,0.943
square,rubber_carpet,0.2,-3.141592653589793,8.59998869895935,0.7640421221550725,0.34237554160094646,0.2870551407794349,0.5313610865717739,-0.37549946033148346,-0.16030705381927102,-0.71,-2.229,2.892,0.938
square,rubber_carpet,0.2,-3.141592653589793,8.799999237060547,0.758790647333591,0.37167712961510774,0.2858621341489437,0.49570090630482255,-0.3737176026949347,-0.15991722543349007,-0.968,-2.421,2.459,0.79
square,rubber_carpet,0.2,-3.141592653589793,8.999989986419678,0.7490379324124496,0.39897926448443977,0.30077228051543337,0.45692340460254566,-0.37137185292068203,-0.15686164888363932,-0.661,-2.228,2.355,0.751
square,rubber_carpet,0.2,-3.141592653589793,9.199946641921997,0.7196663211156938,0.39846100881870394,0.31098134482050555,0.4202787922029183,-0.36722181055587766,-0.15736838983070053,-0.752,-2.193,2.318,0.728
square,rubber_carpet,0.2,-3.141592653589793,9.400012254714966,0.6864175140744827,0.39437979450901234,0.4885515029260474,0.3814408138548697,-0.3625523652236443,-0.15688017760171413,-0.342,-2.091,2.524,0.891
square,rubber_carpet,0.2,-3.141592653589793,9.599982976913452,0.6497185812268073,0.3898014981653367,0.33178656132470696,0.34139928382804574,-0.35723420071252543,-0.15575353354698548,-0.37,-1.924,2.15,0.489
square,rubber_carpet,0.2,-3.141592653589793,9.799977779388428,0.6125235581653028,0.38262028666105175,0.35831019827549226,0.30334697973847735,-0.35110500891147745,-0.15609914535098124,-0.477,-1.774,2.39,0.61
square,rubber_carpet,0.2,-3.141592653589793,9.999971866607666,0.5733410302099858,0.37605791162260827,0.30308434198511763,0.2639166706327074,-0.3449211703069993,-0.15536805708840176,-0.146,-1.579,2.213,0.604
square,rubber_carpet,0.2,-3.141592653589793,10.199685096740723,0.527248060958599,0.36485958794551704,0.2923314527978275,0.22415901336242183,-0.3378422626023099,-0.15456830500296484,-0.236,-1.649,1.95,0.393
square,rubber_carpet,0.2,-3.141592653589793,10.400124311447144,0.48591573331706506,0.3579100975727818,0.5395188304072218,0.18484236883461058,-0.33031463947113937,-0.15434216938581696,-0.349,-1.518,2.114,0.558
square,rubber_carpet,0.2,-3.141592653589793,10.600005626678467,0.442789307350156,0.34790943210564507,0.3146126468146855,0.14540121119327476,-0.32322435428806606,-0.15350150584372388,-0.17,-1.571,2.073,0.494
square,rubber_carpet,0.2,-3.141592653589793,10.80001163482666,0.4014290023430278,0.34027638208321487,0.2915615644796704,0.10583086679449405,-0.3154268220768176,-0.15264126571121622,-0.207,-1.647,1.871,0.184
square,rubber_carpet,0.2,-3.141592653589793,11.000253915786743,0.35790674067282885,0.3323211419690736,0.6487857378260409,0.06678749668657469,-0.30662218264545177,-0.15208316146260337,-0.307,-1.584,1.657,0.031
square,rubber_carpet,0.2,-3.141592653589793,11.20003366470337,0.31138155310545,0.32267957887533283,0.22978040688453166,0.026708189254250003,-0.29820472180623037,-0.15168912241415342,-0.176,-1.533,1.771,0.217
square,rubber_carpet,0.2,-3.141592653589793,11.399964809417725,0.26956617758633183,0.31429472948925646,0.989593897466356,-0.011821612489087086,-0.2904382484170444,-0.15125055241192686,-0.081,-1.391,1.617,0.182
square,rubber_carpet,0.2,-3.141592653589793,11.599751710891724,0.22669902586497087,0.30507025426030016,0.1719626581307005,-0.052216347267863394,-0.28155770517053347,-0.15056343180818593,-0.079,-1.26,1.448,-0.021
square,rubber_carpet,0.2,-3.141592653589793,11.799973011016846,0.18714124772819785,0.29786828506362834,0.12840360916051802,-0.09123830982315351,-0.27267031770758154,-0.15031953787406618,-0.008,-1.344,1.625,0.077
square,rubber_carpet,0.2,-3.141592653589793,11.999987602233887,0.1370264812896379,0.28586270262247193,0.7622940329530312,-0.13050685984665,-0.26401139255849915,-0.14998103907748594,0.02,-1.207,1.494,0.141
square,rubber_carpet,0.2,1.5707963267948966,12.200100421905518,0.09039021652643153,0.2739717495319113,0.7272461697689026,-0.1698127566545229,-0.2553149452090935,-0.14960171452444926,0.114,-1.319,1.589,-0.058
square,rubber_carpet,0.2,1.5707963267948966,12.399990558624268,0.050042150432943466,0.26721206356537225,0.12202969386173496,-0.18665577917549525,-0.24234797154350013,-0.14807678013604866,1.618,1.476,-1.418,-1.861
square,rubber_carpet,0.2,1.5707963267948966,12.599960803985596,0.010733784935816781,0.2621981894064469,1.1605898698518926,-0.18866449927536288,-0.2378088304541157,-0.14636684912085227,2.588,2.041,-2.03,-2.902
square,rubber_carpet,0.2,1.5707963267948966,12.800045251846313,-0.032571372197504056,0.25240759282551983,0.8429910054585855,-0.18967593360030477,-0.2339984865499185,-0.1443789698126787,2.935,2.53,-2.663,-3.367
square,rubber_carpet,0.2,1.5707963267948966,12.999693155288696,-0.07494021895873304,0.2445526136605235,1.250118668733184,-0.19055023368512636,-0.22915367671398262,-0.141057147216125,3.242,2.878,-3.201,-3.524
square,rubber_carpet,0.2,1.5707963267948966,13.199748516082764,-0.11451527164185704,0.23666725063887106,1.2716557007238491,-0.19025985226473985,-0.2242306386238309,-0.13598788216862412,3.581,3.163,-3.551,-3.552
square,rubber_carpet,0.2,1.5707963267948966,13.399996995925903,-0.12171011226815975,0.2295715652497865,0.853394900760386,-0.18876059111238286,-0.21273653725631056,-0.121167560415248,2.748,2.51,-3.555,-3.558
square,rubber_carpet,0.2,1.5707963267948966,13.599740266799927,-0.13119615764178316,0.22168228964278763,0.041033689955827735,-0.18691779701361544,-0.1988367133002243,-0.10321960635999494,2.972,2.985,-3.556,-3.582
square,rubber_carpet,0.2,1.5707963267948966,13.79996132850647,-0.12283902197394458,0.22329163700583654,-0.0025931591678877153,-0.18554953089120352,-0.18434930984846443,-0.08480079550410327,3.276,2.837,-3.539,-3.552
square,rubber_carpet,0.2,1.5707963267948966,13.999968767166138,-0.13218460744669713,0.2154183294042643,0.028362622252703584,-0.18417226954870425,-0.16754927915882534,-0.06393041756431078,2.949,3.021,-3.536,-3.55
square,rubber_carpet,0.2,1.5707963267948966,14.199788093566895,-0.12508755919781045,0.2126618380819451,0.8695643960433763,-0.1793262152309818,-0.14612469943969308,-0.04645450842403773,2.83,2.813,-3.563,-3.627
square,rubber_carpet,0.2,1.5707963267948966,14.399734497070312,-0.12783989555933428,0.19474900866775524,0.05632654599464376,-0.17308321992392106,-0.1180977613810023,-0.03753649715539134,3.172,2.722,-3.41,-3.615
square,rubber_carpet,0.2,1.5707963267948966,14.599952697753906,-0.1226441825313701,0.1866164554026264,-0.006617963903424784,-0.1725566029331106,-0.08573300559867802,-0.03304127793981789,2.992,3.244,-2.966,-3.468
square,rubber_carpet,0.2,1.5707963267948966,14.800041437149048,-0.118151354229312,0.1721738357913818,0.008108027740310442,-0.1703688816379303,-0.04456160286085992,-0.03637082064306827,2.477,2.801,-2.968,-3.316
square,rubber_carpet,0.2,1.5707963267948966,14.99974274635315,-0.1151734308040796,0.15677470936011978,0.01735203977649824,-0.16766514774975483,-0.0025208174668798766,-0.04018064551120014,2.434,2.99,-3.239,-3.371
square,rubber_carpet,0.2,1.5707963267948966,15.19978141784668,-0.10975163837129465,0.13590300116009746,0.01633199249707218,-0.16441542478345617,0.039145391247299766,-0.043307938118836084,3.168,2.889,-3.125,-2.991
square,rubber_carpet,0.2,1.5707963267948966,15.400024175643921,-0.10450092897299967,0.11759841599296506,0.8896420886634417,-0.16141907565679225,0.08139619411159921,-0.04561334042278789,2.832,2.817,-2.969,-3.281
square,rubber_carpet,0.2,1.5707963267948966,15.600007772445679,-0.10139260480339618,0.09158106667222521,-0.0345324163192236,-0.15761449555431561,0.12262793544943906,-0.046494786305319134,2.425,2.737,-2.932,-3.036
square,rubber_carpet,0.2,1.5707963267948966,15.799729347229004,-0.1032184074083522,0.059865425813339423,1.428397919040421,-0.1542593440919795,0.16286469362338418,-0.04560116293548123,2.516,2.614,-3.121,-3.104
square,rubber_carpet,0.2,1.5707963267948966,15.999982118606567,-0.10176690939306365,0.03038921948290596,-0.015463916084323348,-0.15088886930745138,0.20291959086561157,-0.047460497536172284,2.602,2.787,-2.518,-3.178
square,rubber_carpet,0.2,0,0.20006942749023438,0.0011876157134770304,0.002554147507551008,-0.030821701666309986,-4.44962383849834e-06,6.9249536920334975e-06,4.683130210569875e-06,1.933,1.769,-1.953,-2.753
square,rubber_carpet,0.2,0,0.400144100189209,0.0011876157134770304,0.002554147507551008,-0.030821701666309986,0.013388618283559639,0.0010556638593348655,0.0009853521967932988,0.276,3.046,-3.344,-1.046
square,rubber_carpet,0.2,0,0.6000933647155762,0.0004127601023099503,-0.00011606786105189393,-0.02410654069162682,0.040432754115865555,0.004482972982893685,-0.0007755126587615305,0.429,2.375,-2.216,-0.892
square,rubber_carpet,0.2,0,0.8000736236572266,0.0011876157134770304,0.002554147507551008,-0.030821701666309986,0.07381313960162572,0.008345263993673968,-0.0019331105777659272,0.461,2.355,-2.453,-0.974
square,rubber_carpet,0.2,0,1.0001087188720703,0.0011876157134770304,0.002554147507551008,-0.030821701666309986,0.10899713537913347,0.010656735203002698,-0.0029773298097993048,0.392,2.071,-2.12,-0.605
square,rubber_carpet,0.2,0,1.2003836631774902,0.005755032447593789,0.0024491722122151893,-0.0068854049610139745,0.14491318331841008,0.013275182053490875,-0.004048653659408416,0.359,2.207,-2.279,-0.991
square,rubber_carpet,0.2,0,1.4000208377838135,0.027520196463478752,-0.0033863454239069224,0.026110002795866838,0.18297068191292132,0.016114250503361682,-0.005164868175713683,0.219,1.928,-1.982,-0.641
square,rubber_carpet,0.2,0,1.6003305912017822,0.07215505219584456,0.008701832239290885,-0.08047122806589924,0.22143705113586454,0.01711665548477026,-0.006316601079076743,0.189,1.714,-1.931,-0.517
square,rubber_carpet,0.2,0,1.800076961517334,0.10027153476469164,-0.0044671936654583355,0.034311019787055475,0.2605289193591207,0.018556728944230882,-0.00783247704037144,0.207,1.869,-1.929,-0.517
square,rubber_carpet,0.2,0,2.000107526779175,0.14286612765133488,-0.006345787191908037,1.3347912520765097,0.2993555413785114,0.019932486453467457,-0.009063627281708057,0.12,1.684,-1.659,-0.253
square,rubber_carpet,0.2,0,2.2000582218170166,0.18347804395344902,-0.005888835121770408,0.013528660246964752,0.33936470124337514,0.019898711211014386,-0.010040063057828001,0.091,1.725,-1.631,-0.41
square,rubber_carpet,0.2,0,2.40010404586792,0.2246430972993378,-0.008565174027393208,0.04460351050311717,0.3787899832747148,0.01967458459313365,-0.010492220257277751,0.166,1.791,-1.748,-0.374
square,rubber_carpet,0.2,0,2.60012149810791,0.2683111153526482,-0.007909558065045452,0.011352897381695426,0.41885077966085915,0.01918394022690284,-0.011062315292101658,0.079,1.749,-1.634,-0.251
square,rubber_carpet,0.2,0,2.800078868865967,0.31271421463312543,-0.00871317340730604,0.03959162599213917,0.4588780475311207,0.01831169286412926,-0.010890071746659576,-0.125,1.472,-1.507,-0.347
square,rubber_carpet,0.2,0,3.0000925064086914,0.35057279912135353,-0.010675540516292825,0.04734411189894755,0.4991368769411817,0.01707236742654039,-0.011276681288778657,-0.037,1.464,-1.6,-0.349
square,rubber_carpet,0.2,0,3.200401544570923,0.39394568851898887,-0.009862594375911415,0.042679224619719514,0.5390800742615296,0.015759438384872926,-0.011903850724401352,0.004,1.4,-1.443,-0.308
square,rubber_carpet,0.2,0,3.4000465869903564,0.44220716513345004,-0.00941108147167291,0.08034937400985276,0.5797834616375066,0.014291354636104203,-0.012631151943890237,0.053,1.41,-1.322,-0.038
square,rubber_carpet,0.2,0,3.6000990867614746,0.48633784408877917,-0.00260037686769643,0.07462047077320394,0.6197792002305955,0.011997362661044786,-0.01280150638517237,-0.021,1.454,-1.436,-0.09
square,rubber_carpet,0.2,0,3.8001229763031006,0.533093404645103,-0.0017726138453256768,0.07160724266700658,0.6600005383774361,0.009792961592714478,-0.012811802478884797,-0.083,1.363,-1.4,-0.135
square,rubber_carpet,0.2,-1.5707963267948966,4.000110864639282,0.5758322983968678,0.0022687629413470356,0.7950321117032102,0.7004119782578135,0.007719845096783029,-0.013317239504038729,-0.017,1.358,-1.367,0.007
square,rubber_carpet,0.2,-1.5707963267948966,4.200078725814819,0.6175541616302126,-0.0007158096879976705,0.09626020333167074,0.7197246657526308,-0.0013870795534727254,-0.013982708787827335,-2.299,-1.549,1.438,2.081
square,rubber_carpet,0.2,-1.5707963267948966,4.400065898895264,0.6651097999993679,0.0066141119826204076,0.08861248424596918,0.7215483364550355,-0.003744293878374605,-0.014317773441640709,-2.782,-2.126,2.023,2.605
square,rubber_carpet,0.2,-1.5707963267948966,4.600046873092651,0.7075545683278097,0.01088460822163273,0.08186990054555177,0.724182459755965,-0.007404449579476835,-0.01505526647715126,-3.137,-2.695,2.703,3.123
square,rubber_carpet,0.2,-1.5707963267948966,4.800060272216797,0.7509377880771901,0.015373581141416626,0.1038090833393488,0.7276264641200159,-0.015044821954301013,-0.019052871653531686,-2.746,-2.862,3.176,3.575
square,rubber_carpet,0.2,-1.5707963267948966,5.000082015991211,0.7894672744463382,0.01916952518280901,0.06808632252892616,0.727963651010237,-0.026475343738391333,-0.023006421455081458,-3.294,-2.746,3.164,3.498
square,rubber_carpet,0.2,-1.5707963267948966,5.200097560882568,0.7941914391154856,0.02195078524898586,0.10023920054333091,0.7275810535584204,-0.04576675769745131,-0.02794077319610358,-2.508,-2.543,3.31,3.092
square,rubber_carpet,0.2,-1.5707963267948966,5.400048017501831,0.7980510251129016,0.019445406502921703,0.10181032451681649,0.7269006253769279,-0.07462764979095915,-0.03068588733935318,-2.831,-2.844,3.001,3.602
square,rubber_carpet,0.2,-1.5707963267948966,5.600083351135254,0.7990421303571551,0.027393165487909377,0.09946467535151765,0.7248894455327941,-0.10355112154509571,-0.03205449163285609,-2.634,-2.541,3.211,3.026
square,rubber_carpet,0.2,-1.5707963267948966,5.80045747756958,0.8015721348892388,0.03417606306793963,0.09800459338401141,0.7222452180651666,-0.13496708076045916,-0.032939707051033315,-2.839,-2.964,3.437,3.431
square,rubber_carpet,0.2,-1.5707963267948966,6.000201463699341,0.8013411058023032,0.04349360962257165,0.7561272168421312,0.7183110177799032,-0.17105128284473403,-0.03287521084427114,-2.766,-2.645,3.057,3.171
square,rubber_carpet,0.2,-1.5707963267948966,6.200071811676025,0.8019754186711507,0.06936608289514123,0.10173474005482991,0.7147946971395911,-0.2019865156740483,-0.03525574398108838,-3.041,-2.335,3.154,3.219
square,rubber_carpet,0.2,-1.5707963267948966,6.400102853775024,0.8038544586755039,0.08759979620756286,0.09881856620211166,0.7095285594616665,-0.24140106988353044,-0.03529592969865668,-2.802,-2.644,3.312,3.052
square,rubber_carpet,0.2,-1.5707963267948966,6.6000823974609375,0.8058697428446936,0.11236120128354854,0.10187887499032688,0.7041063431326167,-0.28020384297069256,-0.03587907516665971,-2.641,-2.734,3.393,3.387
square,rubber_carpet,0.2,-1.5707963267948966,6.800073862075806,0.8080045367197226,0.1305830804806879,0.13942081176232185,0.697682539162483,-0.3186593632319275,-0.035687499969705785,-2.659,-2.887,2.814,3.105
square,rubber_carpet,0.2,-1.5707963267948966,7.0000739097595215,0.8077718736851995,0.15685990424349594,0.14013493795466253,0.6924187132549351,-0.3558775497862979,-0.03772458465016265,-2.65,-2.46,2.888,3.142
square,rubber_carpet,0.2,-1.5707963267948966,7.200064659118652,0.8061430285639706,0.18809569359676248,0.10521631793444192,0.6875871403593097,-0.39328953411043205,-0.03867386077103693,-2.814,-2.294,3.632,3.41
square,rubber_carpet,0.2,-1.5707963267948966,7.400082349777222,0.8079084060168097,0.21186219903650594,0.1400523257364788,0.6817059084959944,-0.4303771411364063,-0.038161859006171986,-2.833,-2.868,3.587,3.081
square,rubber_carpet,0.2,-1.5707963267948966,7.600090742111206,0.807502325185619,0.23786223603192536,0.1417507270035147,0.674804458401971,-0.46903802104806136,-0.03766011336464503,-2.959,-3.055,3.2,3.177
square,rubber_carpet,0.2,-1.5707963267948966,7.80012845993042,0.8096858419815569,0.2614475288872512,0.18814317265439015,0.6679738092812075,-0.5069305623125224,-0.03860752601783557,-2.678,-2.379,2.857,3.22
square,rubber_carpet,0.2,-3.141592653589793,8.000119686126709,0.8052463797591878,0.2956980244458248,0.18080917762532683,0.6615096612733089,-0.5479282964513169,-0.038525307781734824,-2.834,-2.425,3.066,3.083
square,rubber_carpet,0.2,-3.141592653589793,8.200051069259644,0.8056588193157379,0.3215444521242365,0.23404230789227992,0.6411694272175448,-0.5668411533778919,-0.034842664641340185,-1.3,-2.658,3.325,1.174
square,rubber_carpet,0.2,-3.141592653589793,8.400035858154297,0.8061183870420436,0.3469629060788225,0.19600624298124208,0.6094461899810593,-0.5732826601064092,-0.03290231798535792,-0.927,-2.566,3.073,1.107
square,rubber_carpet,0.2,-3.141592653589793,8.600072383880615,0.7994013077559661,0.3801316615785546,0.1472350906552709,0.5747859866497149,-0.5803897712566527,-0.03189931560349574,-0.969,-2.377,2.981,0.899
square,rubber_carpet,0.2,-3.141592653589793,8.800116062164307,0.8030055877909628,0.40437369945965973,0.20675260873754525,0.5396306983699382,-0.5833828094831723,-0.03147584384635238,-0.792,-2.282,2.68,0.858
square,rubber_carpet,0.2,-3.141592653589793,9.000157117843628,0.7988399175185343,0.4278416882843788,0.20548998485257208,0.5017999823817638,-0.587721259636326,-0.030786854851101483,-0.722,-2.33,2.752,0.879
square,rubber_carpet,0.2,-3.141592653589793,9.200101852416992,0.7678788411822789,0.43238255249456975,0.24831944449810156,0.46371169189719885,-0.589553572856917,-0.030337169512323583,-0.484,-1.997,2.458,0.586
square,rubber_carpet,0.2,-3.141592653589793,9.400257587432861,0.7399828454952857,0.4287081623889596,0.40073415837088044,0.42551912381456725,-0.5906854914151679,-0.02982856723189385,-0.715,-2.002,2.559,0.654
square,rubber_carpet,0.2,-3.141592653589793,9.600048542022705,0.6967117681557549,0.44255067568262385,0.17406005558894994,0.38652933912372833,-0.5929135003705356,-0.028038956203022172,-0.467,-1.816,2.0,0.334
square,rubber_carpet,0.2,-3.141592653589793,9.800128698348999,0.6598734565922384,0.44373041272633656,0.2510648011619151,0.347140327541714,-0.5930024974334376,-0.027472290281608608,-0.427,-1.71,2.262,0.649
square,rubber_carpet,0.2,-3.141592653589793,10.00007438659668,0.6209298248176326,0.4431457441610934,0.5563189969856189,0.3072430893117535,-0.5935865865962083,-0.026970126184249876,-0.437,-1.764,2.031,0.553
square,rubber_carpet,0.2,-3.141592653589793,10.20009183883667,0.5783706743449291,0.44453654380570745,0.2017667062094915,0.26698306866613475,-0.5934707697970824,-0.02661663660538438,-0.476,-1.704,1.854,0.316
square,rubber_carpet,0.2,-3.141592653589793,10.400128602981567,0.5364850767067294,0.4456808782798301,0.2841950712417214,0.22694978937239307,-0.5921225473110752,-0.026201415147208792,-0.216,-1.55,2.045,0.378
square,rubber_carpet,0.2,-3.141592653589793,10.600072383880615,0.49403788365645757,0.44874361814891306,0.5180750034773333,0.18649834056637848,-0.59105983704507,-0.025037981480142274,-0.416,-1.697,1.987,0.399
square,rubber_carpet,0.2,-3.141592653589793,10.800096035003662,0.45178072152043836,0.4487607096712068,0.41854358419377863,0.1463432313069526,-0.589968299044495,-0.024668543243741015,-0.216,-1.507,2.008,0.112
square,rubber_carpet,0.2,-3.141592653589793,10.99999189376831,0.4066108015599312,0.45416430341680464,0.19491485997090413,0.10637404166001185,-0.5880460501809766,-0.024916395269698258,-0.125,-1.478,1.797,0.082
square,rubber_carpet,0.2,-3.141592653589793,11.200067520141602,0.35823496975341595,0.4515937928251087,0.2706645500145866,0.06576372631875649,-0.5853749691327779,-0.024855601775146938,-0.075,-1.391,1.739,0.233
square,rubber_carpet,0.2,-3.141592653589793,11.4001145362854,0.3140832299119264,0.4548505008279034,0.16695905792221513,0.02552785767390553,-0.5833540329097007,-0.024477741019949734,-0.192,-1.317,1.798,0.186
square,rubber_carpet,0.2,-3.141592653589793,11.600049495697021,0.26983453933075663,0.45644566049224106,0.6190633083321615,-0.015099647715054454,-0.5812288364097632,-0.024223334105316963,-0.192,-1.334,1.665,0.04
square,rubber_carpet,0.2,-3.141592653589793,11.800056219100952,0.22663363853086133,0.4580748611956073,0.13657459254488324,-0.05546419543091985,-0.578514738299483,-0.024312189973598908,-0.041,-1.195,1.385,0.0
square,rubber_carpet,0.2,1.5707963267948966,12.000075578689575,0.1834609893579333,0.4587051925032551,0.12136372521090588,-0.09515478717488701,-0.575542159662547,-0.02417469697655031,0.001,-1.31,1.447,0.038
square,rubber_carpet,0.2,1.5707963267948966,12.200069665908813,0.13930264214310045,0.4609820230107335,0.053768261269293516,-0.11304479031353776,-0.5663201877306172,-0.02346944020439512,2.076,1.511,-1.311,-2.238
square,rubber_carpet,0.2,1.5707963267948966,12.400078535079956,0.09004808052725055,0.46140405806581586,0.1064908760753539,-0.11492768871745918,-0.5636733540341919,-0.022773503453850444,2.619,2.109,-1.942,-2.849
square,rubber_carpet,0.2,1.5707963267948966,12.60009765625,0.0466068999583959,0.4637192262993503,0.7383969120946566,-0.11735231531579082,-0.5594614816397757,-0.020625621401237568,2.774,2.445,-2.522,-3.255
square,rubber_carpet,0.2,1.5707963267948966,12.800048351287842,0.00617816594495435,0.4668552945578036,0.7637691030020766,-0.12078735077230696,-0.5522246337368529,-0.01726006139901086,2.883,2.946,-3.024,-3.48
square,rubber_carpet,0.2,1.5707963267948966,13.000078201293945,-0.03466102926901504,0.466421033651932,0.772017016101308,-0.12408185651396131,-0.5401859622698508,-0.017424753891862814,3.212,3.325,-2.996,-2.971
square,rubber_carpet,0.2,1.5707963267948966,13.200117349624634,-0.0385660866713009,0.46238186417106064,0.038420879963649346,-0.1251915012389735,-0.520203713486333,-0.017057000710051014,2.758,2.675,-3.08,-3.513
square,rubber_carpet,0.2,1.5707963267948966,13.400404930114746,-0.04104456032221071,0.45976005123060515,0.03852727295629249,-0.1214333844197174,-0.49980640782604335,-0.005730443000347529,2.755,2.764,-3.535,-3.548
square,rubber_carpet,0.2,1.5707963267948966,13.599998950958252,-0.04209779472353947,0.45761032695595966,0.7801482059060811,-0.12013935461908742,-0.47329395224690374,-0.00271698224839291,2.81,2.832,-2.822,-3.177
square,rubber_carpet,0.2,1.5707963267948966,13.800010919570923,-0.04286463202804802,0.45350293909120953,-0.4133716664346684,-0.1189389477154924,-0.440708445442072,0.00032594821504956795,2.455,2.902,-2.796,-3.493
square,rubber_carpet,0.2,1.5707963267948966,14.000064134597778,-0.04899127757798738,0.4417476521619134,0.7974494533329242,-0.11732983080158088,-0.40628638934468403,0.0010762090827706183,2.433,2.932,-2.909,-3.408
square,rubber_carpet,0.2,1.5707963267948966,14.200362205505371,-0.05323070457269907,0.42366971259647296,0.057893016490411175,-0.11610241985290481,-0.3724705335811637,0.001095879178059575,2.922,3.074,-2.882,-3.171
square,rubber_carpet,0.2,1.5707963267948966,14.400123119354248,-0.05112156172548732,0.4079409747342551,0.043238008383792714,-0.11405123184941945,-0.33460726916259753,0.0029936538320097517,2.809,3.037,-3.138,-3.529
square,rubber_carpet,0.2,1.5707963267948966,14.600143909454346,-0.050985785365467495,0.3851225895799802,-0.011251553117965885,-0.11156694051091431,-0.297057424738048,0.0018620893761295068,2.141,2.645,-3.305,-3.471
square,rubber_carpet,0.2,1.5707963267948966,14.800071716308594,-0.05665351605468549,0.36031685019034027,0.7927839614025748,-0.1086994308270931,-0.2595199651771817,0.00038776651693078756,2.814,2.854,-2.837,-3.489
square,rubber_carpet,0.2,1.5707963267948966,15.00012993812561,-0.05726641787315834,0.33367447648184256,-0.0005349446870321906,-0.10601059198988683,-0.2202194299231977,-0.00015266950327556816,2.741,2.948,-2.512,-3.276
square,rubber_carpet,0.2,1.5707963267948966,15.200098037719727,-0.061034415832242006,0.3051455108666626,-0.011778065816779704,-0.10334349499470263,-0.18131192862876622,0.0009263422490835768,3.017,3.055,-2.573,-3.069
square,rubber_carpet,0.2,1.5707963267948966,15.40002179145813,-0.06418517294103876,0.2792710547945004,0.003948492381365798,-0.10080336455867223,-0.14454906380805882,0.001190483207051063,2.512,2.971,-3.584,-3.514
square,rubber_carpet,0.2,1.5707963267948966,15.60007095336914,-0.06427158988474102,0.2521761592853126,1.2668561133549812,-0.09749334662442843,-0.10337720074945589,0.0003193917385046416,2.492,2.673,-2.959,-3.396
square,rubber_carpet,0.2,1.5707963267948966,15.80003046989441,-0.06427210773224457,0.22252188698175646,0.016203367300640203,-0.09427107027163861,-0.0625714868779017,-0.00019107086911336613,2.91,3.086,-2.83,-3.386
square,rubber_carpet,0.2,0,0.19998955726623535,0.0,0.0,0.0,-7.018660807023291e-05,0.00013705027469856912,-0.00012260632300031132,2.182,2.429,-2.204,-2.68
square,rubber_carpet,0.2,0,0.4000272750854492,-0.004568757978328231,-0.006306753448863556,-1.428969036885916,0.01591983624211546,0.002025281341318741,0.0009696507752429417,0.499,2.755,-2.958,-1.049
square,rubber_carpet,0.2,0,0.5999529361724854,-0.004568757978328231,-0.006306753448863556,-1.428969036885916,0.04636134955215698,0.007568709830850895,0.0006074291925780226,0.717,2.805,-2.663,-0.906
square,rubber_carpet,0.2,0,0.7999477386474609,-0.004568757978328231,-0.006306753448863556,-1.428969036885916,0.07957236196249518,0.010866345232664165,0.00190472320114448,0.52,2.46,-2.108,-0.86
square,rubber_carpet,0.2,0,0.9999735355377197,-0.004568757978328231,-0.006306753448863556,-1.428969036885916,0.11583463308506337,0.015524496455376902,0.0019908385169348924,0.556,2.246,-2.133,-0.826
square,rubber_carpet,0.2,0,1.199981927871704,0.0,0.0,0.0,0.1566019675933895,0.018341977934444142,0.002772447993471497,0.323,2.278,-2.082,-0.772
square,rubber_carpet,0.2,0,1.4000351428985596,0.042346876621560225,-0.008221631854913092,-1.455966784649195,0.19386671715436365,0.02049587247752238,0.001657612054983014,0.391,2.119,-2.155,-0.909
square,rubber_carpet,0.2,0,1.600034236907959,0.042346876621560225,-0.008221631854913092,-1.455966784649195,0.23393606899412156,0.02274898189819241,0.0016679082824669206,0.453,2.062,-1.999,-0.611
square,rubber_carpet,0.2,0,1.7999861240386963,0.1177044346768083,-0.017635596534012588,-0.055348581239775485,0.2732857122716036,0.023522535946716383,0.0015490340288215054,0.262,1.977,-1.981,-0.758
square,rubber_carpet,0.2,0,1.9999690055847168,0.1177044346768083,-0.017635596534012588,-0.055348581239775485,0.3126990018992254,0.024178916383297056,0.0009396993452607805,0.177,1.938,-2.007,-0.641
square,rubber_carpet,0.2,0,2.19999623298645,0.15933858266414758,-0.01723144495901796,-0.07872590147399194,0.3530135587879649,0.02486595049550333,0.0005849660921210809,0.301,1.842,-1.734,-0.383
square,rubber_carpet,0.2,0,2.4000043869018555,0.24570610031701506,-0.020638290757229005,-1.3691371648108288,0.3930182484988537,0.024951204844687824,0.0006869862451921172,0.152,1.655,-1.706,-0.35
square,rubber_carpet,0.2,0,2.600449323654175,0.2820083117916461,-0.025786940670652125,-1.3744252815930862,0.4321470550756744,0.024261380920047926,6.738706172618181e-05,0.083,1.614,-1.773,-0.36
square,rubber_carpet,0.2,0,2.8000106811523438,0.33070188814614,-0.01988362970968982,-0.5924034233266713,0.47283582801859947,0.023636033494388586,-0.0001853130279555193,0.132,1.762,-1.542,-0.205
square,rubber_carpet,0.2,0,3.000005006790161,0.33070188814614,-0.01988362970968982,-0.5924034233266713,0.5130615091758454,0.022477241169426843,0.0002077776386776517,0.143,1.623,-1.472,-0.196
square,rubber_carpet,0.2,0,3.1999640464782715,0.3741321770675664,-0.023658860768015377,-0.6352209895388696,0.5534069848924726,0.021243170711900183,-9.733639064254257e-05,0.014,1.457,-1.413,-0.292
square,rubber_carpet,0.2,0,3.3999431133270264,0.46115069839323364,-0.014147155895936958,-0.6032125566864293,0.5935374423800933,0.01969632948507849,-0.0006513943108157685,-0.062,1.429,-1.463,-0.306
square,rubber_carpet,0.2,0,3.5999345779418945,0.5038310608273231,-0.01599825857442394,-0.6467840646337228,0.6342547640892252,0.0173663431109643,-0.00033131579085808605,0.059,1.441,-1.376,-0.249
square,rubber_carpet,0.2,0,3.7999632358551025,0.5038310608273231,-0.01599825857442394,-0.6467840646337228,0.6750084438746823,0.015112955065813227,-0.00011979855461521915,-0.045,1.324,-1.555,-0.09
square,rubber_carpet,0.2,0,3.9999582767486572,0.596133784061348,-0.011835260256823132,-1.345119573901023,0.7148558466140981,0.01299356746748781,-0.00024333991933358362,-0.068,1.21,-1.514,-0.094
square,rubber_carpet,0.2,-1.5707963267948966,4.199997186660767,0.596133784061348,-0.011835260256823132,-1.345119573901023,0.7551010970132735,0.01086630584820436,-0.0007262655924411554,0.0,1.351,-1.311,0.013
square,rubber_carpet,0.2,-1.5707963267948966,4.399988651275635,0.6402694513836248,-0.00927237588428087,-1.3207978196077075,0.7701666017188417,0.001305526130901291,-0.0005662278186848863,-2.067,-1.56,1.442,2.02
square,rubber_carpet,0.2,-1.5707963267948966,4.599975347518921,0.684252097121593,-0.0011103716762950189,-1.3214023771234125,0.7726155670745539,-0.0018379804531083455,-0.0009845689237205635,-2.749,-2.193,2.073,2.598
square,rubber_carpet,0.2,-1.5707963267948966,4.799982309341431,0.7301689169430265,0.004510046034761683,-1.3253770045742839,0.7758645966179835,-0.006827889860082981,-0.0028103580751683357,-2.608,-2.542,2.659,3.118
square,rubber_carpet,0.2,-1.5707963267948966,4.999976873397827,0.7747989998654277,-0.0006931576943814965,-1.2998604695931661,0.7781158483168266,-0.016030630482595565,-0.00741741033571959,-3.071,-2.792,3.06,3.559
square,rubber_carpet,0.2,-1.5707963267948966,5.1999475955963135,0.8185236432992982,0.004015054271470975,-1.273835998879384,0.7787266563151135,-0.02880636580398166,-0.009737246410848555,-3.169,-2.814,3.093,3.337
square,rubber_carpet,0.2,-1.5707963267948966,5.399956703186035,0.8376702808540637,0.017319306786914512,-1.312964734699925,0.7795940981261115,-0.053385982199034676,-0.012272737186575094,-2.472,-2.129,3.029,3.043
square,rubber_carpet,0.2,-1.5707963267948966,5.600034475326538,0.8413791049962058,0.015022501769113683,-0.6639274324561004,0.7781909169017026,-0.07756881085250023,-0.015498715542985306,-3.061,-3.07,3.263,3.577
square,rubber_carpet,0.2,-1.5707963267948966,5.800020456314087,0.8482268011526628,0.025580712653734405,-1.3128756446669732,0.7755803480388616,-0.10870005017725315,-0.01658695795572565,-2.429,-2.314,2.909,2.872
square,rubber_carpet,0.2,-1.5707963267948966,6.000001430511475,0.8482268011526628,0.025580712653734405,-1.3128756446669732,0.7729261925809149,-0.1396224498277101,-0.01859211576113798,-2.789,-2.511,3.265,3.125
square,rubber_carpet,0.2,-1.5707963267948966,6.199946165084839,0.8517784996122203,0.03476171164422004,-1.3425824525279184,0.7691084335802644,-0.17425807287051132,-0.018670633074956283,-2.598,-2.929,3.473,3.062
square,rubber_carpet,0.2,-1.5707963267948966,6.399958848953247,0.8512915846467666,0.056735524885780375,-1.342129055581707,0.764283043404529,-0.2101028202959896,-0.019216501974413963,-2.364,-2.498,2.872,3.064
square,rubber_carpet,0.2,-1.5707963267948966,6.599992275238037,0.8534137398628028,0.07386811081020528,-1.309756234862037,0.7599031635868639,-0.2462409769243235,-0.02137263964252406,-2.658,-2.378,2.837,3.099
square,rubber_carpet,0.2,-1.5707963267948966,6.799952030181885,0.8537021614408996,0.12241470195422288,-1.3121628478297718,0.7556246897771198,-0.2834479271211048,-0.02049041590237881,-2.561,-2.792,3.356,3.102
square,rubber_carpet,0.2,-1.5707963267948966,6.999946355819702,0.8549685648935181,0.1479383615854417,-1.3043931024961506,0.7499117321971679,-0.31785575159610546,-0.020655837629176027,-2.348,-2.936,3.161,3.063
square,rubber_carpet,0.2,-1.5707963267948966,7.199982643127441,0.8727222196067175,0.13901578156404237,-1.2908188818729287,0.7433799913607776,-0.35879118874163596,-0.021339931198214604,-2.651,-2.656,3.093,3.193
square,rubber_carpet,0.2,-1.5707963267948966,7.400003671646118,0.8727222196067175,0.13901578156404237,-1.2908188818729287,0.7383204388230492,-0.39610480719391233,-0.02206043135151152,-2.904,-2.466,3.251,3.396
square,rubber_carpet,0.2,-1.5707963267948966,7.600037574768066,0.8578947240051848,0.22141875217139345,-1.2383422837202758,0.7333100696091229,-0.4342029746113916,-0.021634304070814292,-2.827,-2.615,3.217,3.085
square,rubber_carpet,0.2,-1.5707963267948966,7.80005145072937,0.8578057874419476,0.25010123582091764,-1.2265513260174095,0.7266018559802684,-0.47269084171836795,-0.022162288526972024,-2.499,-2.697,3.365,3.308
square,rubber_carpet,0.2,-1.5707963267948966,7.99996542930603,0.8563548305229117,0.2784236365452119,-1.2194123515171393,0.7200931915802701,-0.5116966392949688,-0.021900635357540457,-2.685,-2.805,3.341,2.692
square,rubber_carpet,0.2,-3.141592653589793,8.199955940246582,0.8563548305229117,0.2784236365452119,-1.2194123515171393,0.712983535431697,-0.5508721986260234,-0.022471592719161756,-2.68,-2.626,3.052,3.485
square,rubber_carpet,0.2,-3.141592653589793,8.399952411651611,0.8577516930293214,0.329953821328215,-1.1501256469106536,0.692945868975524,-0.5639552628083287,-0.01998852979629062,-1.234,-2.839,3.292,1.38
square,rubber_carpet,0.2,-3.141592653589793,8.59996509552002,0.8577516930293214,0.329953821328215,-1.1501256469106536,0.6584656988999479,-0.5696023309214208,-0.017759241792211167,-0.925,-2.351,2.977,1.066
square,rubber_carpet,0.2,-3.141592653589793,8.799957036972046,0.8510343137813012,0.39413399204063987,-1.2211842203406422,0.6274394853911901,-0.5754555241979635,-0.016835633032209946,-0.871,-2.512,2.72,1.05
square,rubber_carpet,0.2,-3.141592653589793,8.999983072280884,0.8510343137813012,0.39413399204063987,-1.2211842203406422,0.5933146575150688,-0.5781182384016054,-0.016830023872030267,-0.75,-2.261,2.462,0.877
square,rubber_carpet,0.2,-3.141592653589793,9.20002031326294,0.836033359429937,0.4337379635141894,-1.2096727236506475,0.5493119898933124,-0.5829395693791692,-0.015637088098437182,-0.683,-2.299,2.574,0.922
square,rubber_carpet,0.2,-3.141592653589793,9.39999771118164,0.836033359429937,0.4337379635141894,-1.2096727236506475,0.5112323922130365,-0.5854896880043726,-0.015659526755514075,-0.463,-1.803,2.293,0.437
square,rubber_carpet,0.2,-3.141592653589793,9.599941968917847,0.7714220991438998,0.43851581694412656,-1.1243713994495843,0.47643691789248843,-0.5866143051736381,-0.014755405987314951,-0.572,-1.96,2.435,0.813
square,rubber_carpet,0.2,-3.141592653589793,9.799976110458374,0.7714220991438998,0.43851581694412656,-1.1243713994495843,0.4337766938029194,-0.587714360240063,-0.01379699032555634,-0.434,-1.758,2.277,0.487
square,rubber_carpet,0.2,-3.141592653589793,9.999961137771606,0.7303020904591204,0.44048603258278485,-1.2143457372939475,0.39428796884039674,-0.5875733427521621,-0.013774548562351163,-0.377,-1.516,1.993,0.416
square,rubber_carpet,0.2,-3.141592653589793,10.199949264526367,0.6530442867533897,0.44337663356754176,-1.129595176373012,0.36093702239573344,-0.5884876331389902,-0.013102213657552042,-0.444,-1.772,1.961,0.573
square,rubber_carpet,0.2,-3.141592653589793,10.399954080581665,0.6121466211639287,0.44454970190552623,-1.1178596196297628,0.32397369754320515,-0.5884065010125327,-0.012745928278217994,-0.309,-1.739,1.951,0.287
square,rubber_carpet,0.2,-3.141592653589793,10.600006580352783,0.6121466211639287,0.44454970190552623,-1.1178596196297628,0.27719222707985913,-0.5869430572695323,-0.012659894735470092,-0.247,-1.717,2.176,0.374
square,rubber_carpet,0.2,-3.141592653589793,10.799975395202637,0.5667497134301355,0.447029101602898,-1.164977520149917,0.23355580293675982,-0.5856348147673839,-0.012816063922501522,-0.332,-1.66,1.851,0.368
square,rubber_carpet,0.2,-3.141592653589793,10.999974250793457,0.5228239851550182,0.44548222697452033,-0.9604066247741707,0.19357914152915223,-0.5840059327620545,-0.013056392694288446,-0.16,-1.76,1.897,0.289
square,rubber_carpet,0.2,-3.141592653589793,11.19995641708374,0.4796700306463171,0.44700777864209895,-1.1880828943918273,0.15244553078000267,-0.5823290159533603,-0.012514945710125583,-0.162,-1.535,1.644,0.151
square,rubber_carpet,0.2,-3.141592653589793,11.39998745918274,0.4353628164501574,0.4491212877355738,-1.136175552381212,0.12574026169938002,-0.5805598473844445,-0.012460706330464519,-0.157,-1.387,1.771,0.293
square,rubber_carpet,0.2,-3.141592653589793,11.599968194961548,0.3906266728409699,0.4493919622116349,-0.8262498577162257,0.07192104810657673,-0.5773667242497806,-0.01260378561518212,-0.071,-1.315,1.825,0.278
square,rubber_carpet,0.2,-3.141592653589793,11.799978971481323,0.3476755471899984,0.4506127750176274,-1.2089208020971882,0.03495351807594227,-0.5755197001897729,-0.01204735790249127,-0.092,-1.392,1.541,0.121
square,rubber_carpet,0.2,-3.141592653589793,11.99997353553772,0.29601254249757525,0.45156215170112246,-0.5804646591675742,-0.004988470577690252,-0.5725132531659243,-0.01195944964321026,-0.089,-1.18,1.61,0.111
square,rubber_carpet,0.2,1.5707963267948966,12.199974536895752,0.2582527386384246,0.456000319276165,-0.6965119760704376,-0.048534433587213766,-0.5690868158218394,-0.011583495328392993,-0.008,-1.226,1.661,0.123
square,rubber_carpet,0.2,1.5707963267948966,12.39995288848877,0.21081934578926032,0.45230457763246357,-1.2765084198261585,-0.06318825030196229,-0.5596835022823738,-0.01053881343492688,2.146,1.57,-1.387,-2.268
square,rubber_carpet,0.2,1.5707963267948966,12.599947452545166,0.11898693909291241,0.4557122325998076,-0.6808374325886363,-0.06526006707505383,-0.5568828394231068,-0.009866323233654148,2.519,2.181,-2.001,-2.696
square,rubber_carpet,0.2,1.5707963267948966,12.799999952316284,0.11898693909291241,0.4557122325998076,-0.6808374325886363,-0.06769629815430234,-0.5530207362039746,-0.008561472059324726,2.671,2.536,-2.627,-3.181
square,rubber_carpet,0.2,1.5707963267948966,12.999968767166138,0.07461868161668317,0.4564220425207265,-0.6767940601024935,-0.07111944340014054,-0.5453167661706887,-0.005211361045063534,3.126,3.009,-3.019,-3.259
square,rubber_carpet,0.2,1.5707963267948966,13.19996452331543,0.03560335353321631,0.45675837485637194,-1.3770198638412467,-0.07421330189317399,-0.5333448418462654,-0.006298521189882,3.155,3.269,-2.812,-3.219
square,rubber_carpet,0.2,1.5707963267948966,13.399960041046143,0.009653610117384304,0.45262563276861933,-1.3963866307576516,-0.07457327566573868,-0.5188217388290322,-0.005389129153513375,2.775,2.789,-3.264,-3.485
square,rubber_carpet,0.2,1.5707963267948966,13.59994912147522,0.009653610117384304,0.45262563276861933,-1.3963866307576516,-0.07075108964356613,-0.4951836832841922,0.008532119109904257,2.882,2.996,-3.223,-3.53
square,rubber_carpet,0.2,1.5707963267948966,13.80033540725708,0.005786229588612857,0.44863662709691166,-1.3985123908633486,-0.06991615136396279,-0.47786886402955175,0.009564961687376514,2.92,2.934,-2.782,-3.442
square,rubber_carpet,0.2,1.5707963267948966,13.999980211257935,-0.003006403446526029,0.4417280280189648,-0.6755102456128419,-0.06841825792272827,-0.4329719436414503,0.013100243944886736,2.687,3.175,-3.11,-3.6
square,rubber_carpet,0.2,1.5707963267948966,14.199975967407227,-0.006634235191156135,0.4338151354688208,-1.3574150280863688,-0.06655368441361775,-0.39801351040700533,0.013082448988350266,2.713,2.74,-2.985,-3.371
square,rubber_carpet,0.2,1.5707963267948966,14.399978399276733,-0.0007063567385279246,0.4243600707460061,-0.2618975990759762,-0.06524249820178096,-0.365654823933282,0.012765888528147792,3.084,2.7,-2.578,-3.273
square,rubber_carpet,0.2,1.5707963267948966,14.599990606307983,-0.004865315384768754,0.3816853199320753,-1.3764524962169709,-0.06320866768413935,-0.323005708868845,0.013966594936924162,2.8,3.255,-2.864,-3.297
square,rubber_carpet,0.2,1.5707963267948966,14.800029516220093,-0.004865315384768754,0.3816853199320753,-1.3764524962169709,-0.060909903118048,-0.2952371983337251,0.01334843828189785,2.249,2.834,-3.156,-3.498
square,rubber_carpet,0.2,1.5707963267948966,14.999955415725708,-0.011076783019869696,0.3303429117807006,-1.3700599093852202,-0.05781747159286221,-0.2542172169188728,0.012339756815718458,2.558,3.035,-2.889,-3.427
square,rubber_carpet,0.2,1.5707963267948966,15.199958562850952,-0.009899008133417042,0.30818277968801866,-1.383687212515718,-0.055301432025158914,-0.21842017948246695,0.012534558830925975,2.84,2.787,-2.591,-3.294
square,rubber_carpet,0.2,1.5707963267948966,15.399977207183838,-0.009899008133417042,0.30818277968801866,-1.383687212515718,-0.05181902965568164,-0.17182144588612247,0.012024143874689537,2.772,3.016,-2.649,-3.196
square,rubber_carpet,0.2,1.5707963267948966,15.599999904632568,-0.011964958948072035,0.281464981267045,-1.404331928548723,-0.04950594160545052,-0.14302759841746437,0.01201758816608424,2.202,2.932,-3.193,-3.371
square,rubber_carpet,0.2,1.5707963267948966,15.799992084503174,-0.007067132855141045,0.255584708396667,-1.4155953156491723,-0.04565627138441064,-0.09328336590599073,0.012484921610208616,2.508,2.81,-3.078,-3.272
hourglass,rubber_carpet,0.2,-0.5235987755982988,0.20004487037658691,0.001888302254570956,0.0013787927798618038,-0.013343032853290332,2.404349098483749e-06,-3.30106573988298e-06,-1.8694535577623572e-06,-1.632,-0.739,1.012,1.948
hourglass,rubber_carpet,0.2,-0.5235987755982988,0.399949312210083,0.0003282993265424361,0.0004544747370031632,-0.046080202651238494,0.012329442881186647,-0.0069884322562965145,-0.0031758012861671653,-3.02,-0.645,1.032,3.675
hourglass,rubber_carpet,0.2,-0.5235987755982988,0.6000058650970459,0.001888302254570956,0.0013787927798618038,-0.013343032853290332,0.03637483333456193,-0.020234011807699015,-0.003786942155542969,-2.587,-0.954,1.562,3.694
hourglass,rubber_carpet,0.2,-0.5235987755982988,0.8000261783599854,0.0,0.0,0.0,0.07056308968083025,-0.04351902099997382,-0.004709202054825654,-2.185,-0.998,1.299,3.092
hourglass,rubber_carpet,0.2,-0.5235987755982988,0.9999723434448242,-0.00134559638908463,-0.0016233014658708633,0.015197574703746525,0.10171719939702561,-0.06554236089082667,-0.003671070703175641,-2.505,-1.194,1.375,3.279
hourglass,rubber_carpet,0.2,-0.5235987755982988,1.1999800205230713,0.0071863443206350575,0.001607830296474544,0.015132788714833117,0.1319628770674084,-0.08459916238501547,-0.002709482165584337,-2.565,-1.046,1.312,3.641
hourglass,rubber_carpet,0.2,-0.5235987755982988,1.399994134902954,0.03212401792299674,0.006746277769561326,0.02452506052445222,0.1633508410779727,-0.10919358061859173,-0.002695464283187024,-2.378,-1.235,1.294,3.009
hourglass,rubber_carpet,0.2,-0.5235987755982988,1.599985122680664,0.06820632517769507,0.01963819184893595,0.32168503632895645,0.19488070105929411,-0.13109843675250965,-0.0019954844839631253,-2.311,-1.238,1.629,3.446
hourglass,rubber_carpet,0.2,-0.5235987755982988,1.8000166416168213,0.10677188955007903,0.03256034897644183,0.2655000740103827,0.22482351815698687,-0.15161077331808412,-0.0032141152964071246,-2.171,-1.095,1.726,3.219
hourglass,rubber_carpet,0.2,-0.5235987755982988,2.0000641345977783,0.14318347865417244,0.04269016393780911,0.12686690861713035,0.2567235147127942,-0.17698016717550608,-0.003389797515565632,-2.432,-1.048,1.541,2.988
hourglass,rubber_carpet,0.2,-0.5235987755982988,2.1999926567077637,0.17990591316478108,0.06055901785861734,0.10601822178165701,0.2871904744766818,-0.19948055049569735,-0.0016300588006580852,-2.788,-1.356,1.544,3.229
hourglass,rubber_carpet,0.2,-0.5235987755982988,2.399904251098633,0.21555995601285963,0.0710643171037322,0.12548977481277226,0.32161147202409324,-0.22445907717192193,-0.0032328050140259107,-2.363,-1.088,1.568,3.202
hourglass,rubber_carpet,0.2,-0.5235987755982988,2.6007091999053955,0.2521165872838991,0.08629527402760478,0.16321766514004588,0.3527248330809496,-0.25041264708914857,-0.00211043714957293,-2.654,-1.528,1.106,3.127
hourglass,rubber_carpet,0.2,-0.5235987755982988,2.799980640411377,0.29236781447953136,0.10398721808363243,0.04833425679575215,0.38367967460357955,-0.27411882802436077,0.0004430682004230996,-2.777,-1.512,1.331,3.263
hourglass,rubber_carpet,0.2,-0.5235987755982988,3.0004043579101562,0.3281655158643437,0.11517643195568017,0.0820020747805685,0.4142245889360816,-0.2968187148913692,-0.0022431454081432572,-2.54,-1.134,1.476,3.349
hourglass,rubber_carpet,0.2,-0.5235987755982988,3.199960947036743,0.36325857500881564,0.1291416307841725,0.07549004811850478,0.4454197380011109,-0.32316159643766684,-0.0036178068431406557,-2.613,-1.312,1.183,3.168
hourglass,rubber_carpet,0.2,-0.5235987755982988,3.3999531269073486,0.4013223964113245,0.1441990667290768,0.08222312594106204,0.47620562870891714,-0.34859972310634624,-0.002425383308057069,-2.56,-1.575,1.178,3.351
hourglass,rubber_carpet,0.2,-0.5235987755982988,3.599965810775757,0.4327200934764694,0.1584187009856435,0.08467364439758503,0.5072225383943632,-0.3722410148982713,-0.0022272578744982757,-2.347,-1.252,1.41,3.797
hourglass,rubber_carpet,0.2,-0.5235987755982988,3.800300121307373,0.4697260573915668,0.17309263858923588,0.0428783477342948,0.5374753760748492,-0.39627271888285015,-0.0037832043839751694,-2.458,-1.174,1.259,3.165
hourglass,rubber_carpet,0.2,-0.5235987755982988,3.9999654293060303,0.517753639864192,0.18456732776020912,0.07301225345931786,0.5682170544486815,-0.4229600084352664,-0.0021665112347285936,-2.337,-1.383,1.083,3.395
hourglass,rubber_carpet,0.2,1.5707963267948966,4.1999876499176025,0.5400429085043763,0.2038521782085473,0.09544769236502369,0.5981307856407283,-0.4455717031033417,-0.0013029423481561858,-2.49,-1.278,1.42,3.54
hourglass,rubber_carpet,0.2,1.5707963267948966,4.400244235992432,0.5703709459945705,0.21832779417647052,-0.0074153464838629946,0.6172340382644266,-0.449050919544048,-0.0014356591957835202,0.582,0.879,-0.689,-0.007
hourglass,rubber_carpet,0.2,1.5707963267948966,4.600056886672974,0.6027882001399238,0.2322612152905262,0.032900142287376255,0.6204165866685525,-0.44823098423770386,-0.0016347318309005016,1.043,1.705,-1.555,-0.422
hourglass,rubber_carpet,0.2,1.5707963267948966,4.79994010925293,0.6351035075367758,0.24892990870728987,0.21547098571718287,0.6220323427353724,-0.4470573606289145,-0.00170202327261873,1.69,2.309,-2.211,-1.063
hourglass,rubber_carpet,0.2,1.5707963267948966,5.000198602676392,0.6702488309000487,0.2594837325372589,0.009737400805503671,0.6240837423257573,-0.445562737075374,-0.0017459494348253807,2.368,2.849,-2.787,-1.733
hourglass,rubber_carpet,0.2,1.5707963267948966,5.200397491455078,0.6952154991537711,0.26735520436317095,0.0009490563367751115,0.62746884064942,-0.4430289389479761,-0.0013328504927264534,2.929,3.151,-3.135,-2.347
hourglass,rubber_carpet,0.2,1.5707963267948966,5.400388717651367,0.6997758299487229,0.2674377199423972,-0.0006519741733472806,0.6315421278885021,-0.4379657675896977,0.0023566616986826494,3.025,3.173,-3.525,-2.957
hourglass,rubber_carpet,0.2,1.5707963267948966,5.600023984909058,0.7018575420448638,0.2662532328295247,0.001766784675075378,0.6343183854462879,-0.4270142362457383,0.013637039450000804,2.256,2.874,-3.506,-3.389
hourglass,rubber_carpet,0.2,1.5707963267948966,5.800259828567505,0.6988717564980822,0.2663602561045522,0.46018692234135394,0.6387943352368968,-0.4113536413995136,0.02281261456400241,3.081,3.081,-3.471,-3.621
hourglass,rubber_carpet,0.2,1.5707963267948966,6.000260829925537,0.7015462245284338,0.2670355496072897,0.2542434998638468,0.6470698506545236,-0.38553899207534476,0.026025766292075564,2.716,2.999,-3.227,-3.182
hourglass,rubber_carpet,0.2,1.5707963267948966,6.1999876499176025,0.7088063919850278,0.2614400893288051,-0.0006295174910786183,0.6532437599816927,-0.35722824550811394,0.028198132999958547,2.903,2.864,-3.012,-3.14
hourglass,rubber_carpet,0.2,1.5707963267948966,6.400011301040649,0.7098825982273085,0.2546791082594913,-0.041395179764913026,0.6589671967790998,-0.3240025516403394,0.02893510611847845,2.743,2.699,-3.163,-3.607
hourglass,rubber_carpet,0.2,1.5707963267948966,6.59998893737793,0.7088460798593801,0.24255839888467362,0.021792249074171183,0.6642342565622712,-0.2917542121395416,0.03077531325874787,2.697,3.246,-3.187,-2.767
hourglass,rubber_carpet,0.2,1.5707963267948966,6.799936771392822,0.7149273421898217,0.22393283754593313,-0.046155722892940704,0.6704419566628343,-0.25594483278359026,0.030661056494148603,2.685,2.816,-3.202,-3.294
hourglass,rubber_carpet,0.2,1.5707963267948966,7.000425815582275,0.7162630355702206,0.20763259805311476,0.007285163132691674,0.675093325429873,-0.218876850518758,0.030044829876524654,2.833,2.558,-2.939,-3.418
hourglass,rubber_carpet,0.2,1.5707963267948966,7.199995994567871,0.7195853256049232,0.18431095378969822,-0.021373623585203422,0.6791447365740688,-0.18164701751972867,0.030363242588349097,2.75,3.181,-2.796,-3.407
hourglass,rubber_carpet,0.2,1.5707963267948966,7.400446891784668,0.7211708825146255,0.16328460264761496,-0.02204245296745566,0.6841773596645282,-0.1435389205615873,0.03160416142011022,2.412,3.07,-3.158,-3.27
hourglass,rubber_carpet,0.2,1.5707963267948966,7.599968194961548,0.7237074711310727,0.14003898686329966,0.41385308764384104,0.6891806756255885,-0.104163582608077,0.03165098995580157,2.384,2.857,-3.338,-3.138
hourglass,rubber_carpet,0.2,1.5707963267948966,7.80047869682312,0.726851144826328,0.11247245936938952,-0.00988160285778214,0.6931503835578421,-0.06442719176235832,0.031732471849956076,2.681,2.666,-2.802,-3.255
hourglass,rubber_carpet,0.2,1.5707963267948966,7.999959468841553,0.7766892917670973,0.07235793096148296,0.33998353326625275,0.6966422318521364,-0.025972819947104528,0.031183645737636753,2.77,2.95,-2.667,-3.059
hourglass,rubber_carpet,0.2,-2.6179938779914944,8.199976444244385,0.7326411883441182,0.06149485749516212,-0.05030832660678419,0.7000163078902193,0.012108651100742662,0.03127917418916509,2.603,3.244,-2.932,-3.337
hourglass,rubber_carpet,0.2,-2.6179938779914944,8.40000033378601,0.7343654296997122,0.034612376118945465,0.5262409913360779,0.6882148460866857,0.02828683160013791,0.027005174291879555,1.78,0.374,-0.2,-2.324
hourglass,rubber_carpet,0.2,-2.6179938779914944,8.600001811981201,0.731439217529299,0.006145843337864776,-0.05013119842175773,0.6621644773687394,0.033375981834349464,0.025876893127680767,1.509,0.035,-0.159,-2.008
hourglass,rubber_carpet,0.2,-2.6179938779914944,8.799927473068237,0.7353668563499349,-0.023444268406506208,-0.011595361692623957,0.6349380710428763,0.037260898271708656,0.025610984189106387,1.085,-0.059,0.084,-1.556
hourglass,rubber_carpet,0.2,-2.6179938779914944,8.999988555908203,0.7779411488926378,-0.07558543181512217,0.2589678359581214,0.6032290856591265,0.040806509462785204,0.02501083012635357,0.916,-0.543,0.246,-1.351
hourglass,rubber_carpet,0.2,-2.6179938779914944,9.199987888336182,0.7267009248696525,-0.06389272759350173,-0.04684907588732232,0.5717281987482994,0.044182944072462996,0.024110166786271786,0.519,-0.501,0.613,-0.866
hourglass,rubber_carpet,0.2,-2.6179938779914944,9.399956226348877,0.7009332737604326,-0.06799032447446435,-0.0006694032087441182,0.5402060585184265,0.04705492061238413,0.023591509358127025,0.256,-0.842,1.009,-0.613
hourglass,rubber_carpet,0.2,-2.6179938779914944,9.600337743759155,0.6702677118096222,-0.07160069429644356,-0.05359952922384803,0.5069144531501946,0.04912692394957817,0.022625385215008467,0.124,-1.209,1.324,-0.419
hourglass,rubber_carpet,0.2,-2.6179938779914944,9.800024509429932,0.6368791726000573,-0.07192903646341486,-0.08209514712068952,0.4736885871492651,0.05090846647684698,0.020974107217990125,-0.234,-1.224,1.429,-0.071
hourglass,rubber_carpet,0.2,-2.6179938779914944,10.000024318695068,0.6037378676101116,-0.07565771593082116,-0.07368108743110721,0.4397209992644977,0.05113384155738844,0.020033397384561828,-0.285,-1.417,1.716,0.027
hourglass,rubber_carpet,0.2,-2.6179938779914944,10.200025796890259,0.5717176349432921,-0.07909941537432491,-0.019279679650478415,0.4067662122913853,0.05128026851423305,0.01915919167603615,-0.637,-1.802,1.842,0.153
hourglass,rubber_carpet,0.2,-2.6179938779914944,10.400343179702759,0.5404027245571517,-0.0843949900440365,-0.0013194133938062846,0.37187910544943126,0.04997464554321544,0.01707213866431783,-0.547,-1.989,2.188,0.384
hourglass,rubber_carpet,0.2,-2.6179938779914944,10.600006341934204,0.5037270973005107,-0.08520056772434109,0.011363189851668398,0.3387888373681034,0.04771550773495446,0.016685641598317584,-0.528,-1.942,2.205,0.624
hourglass,rubber_carpet,0.2,-2.6179938779914944,10.80001950263977,0.46043939240047055,-0.08367196167570029,-0.028126099804305082,0.30318240868025415,0.04439706397232916,0.014373403643321805,-0.873,-1.929,2.579,0.678
hourglass,rubber_carpet,0.2,-2.6179938779914944,11.000018835067749,0.4265598484683467,-0.08600758690064897,-0.007450253006335478,0.26933648221895923,0.040417981515261894,0.01453434173087946,-1.048,-2.313,2.523,0.848
hourglass,rubber_carpet,0.2,-2.6179938779914944,11.199989557266235,0.3913296231940819,-0.08467393447142602,0.006525501841196574,0.23399261340731337,0.03537389059061884,0.01185381772984083,-1.034,-2.442,2.837,0.78
hourglass,rubber_carpet,0.2,-2.6179938779914944,11.400381803512573,0.3562335324772127,-0.08704766246920137,0.061832621931015797,0.19962581356305487,0.029007891288007,0.0113252534308044,-1.13,-2.363,3.058,1.126
hourglass,rubber_carpet,0.2,-2.6179938779914944,11.600580930709839,0.3169786352017426,-0.08516766131148579,0.03937763256086563,0.16374504919283006,0.021332225162330423,0.008336648159191842,-1.005,-2.375,2.981,1.072
hourglass,rubber_carpet,0.2,-2.6179938779914944,11.799944877624512,0.2821340952170692,-0.08335833976954476,0.04757892514042952,0.12730724625186696,0.012374684899371227,0.008898777154271537,-1.145,-2.539,2.875,1.122
hourglass,rubber_carpet,0.2,2.6179938779914944,12.0005362033844,0.24484495937763404,-0.07649235259729048,-0.0013121002719545527,0.09098045266153543,0.003937592591460093,0.006044402508367061,-1.011,-2.258,3.265,1.283
hourglass,rubber_carpet,0.2,2.6179938779914944,12.200044631958008,0.20793778199101529,-0.07135944595159166,-0.041529675314979586,0.05614521879919088,0.006047399910398751,0.00661018111017074,0.579,-0.767,1.138,-0.59
hourglass,rubber_carpet,0.2,2.6179938779914944,12.400061845779419,0.17248003984366786,-0.06775806257723727,0.018577494421573443,0.020578344435977947,0.011279447180689323,0.007103970268401941,0.588,-0.409,0.755,-0.833
hourglass,rubber_carpet,0.2,2.6179938779914944,12.599962949752808,0.13404250616660057,-0.06251017805486181,-0.08295735316051847,-0.013493952659234587,0.016984456475699197,0.007767994369267547,0.989,-0.11,0.288,-0.928
hourglass,rubber_carpet,0.2,2.6179938779914944,12.799994707107544,0.09741597591497607,-0.05703385662958649,0.008162125782426116,-0.04960573067285634,0.024016675483034086,0.008486297656165459,1.127,-0.033,0.19,-1.518
hourglass,rubber_carpet,0.2,2.6179938779914944,13.000020503997803,0.05746897595313248,-0.05178095831775792,0.024544487516834912,-0.08311216155721723,0.031154102979158618,0.008981087401750312,1.519,0.24,0.05,-1.518
hourglass,rubber_carpet,0.2,2.6179938779914944,13.199992418289185,0.01672516055429349,-0.05471687398052755,0.0037330778372019757,-0.11723258127786074,0.039539174812456154,0.010246666148953365,1.855,0.476,-0.233,-1.895
hourglass,rubber_carpet,0.2,2.6179938779914944,13.400017499923706,-0.021485973398848585,-0.054899863321086706,-0.04704362200430015,-0.15044114363657313,0.04893839619761238,0.011552580575222945,1.866,0.356,-0.252,-1.967
hourglass,rubber_carpet,0.2,2.6179938779914944,13.59993863105774,-0.06335614061065914,-0.06001536012362907,-0.05213870139309382,-0.18302782395514527,0.05850762939431499,0.013523827716459075,1.849,0.592,-0.573,-2.29
hourglass,rubber_carpet,0.2,2.6179938779914944,13.799968957901001,-0.1063295362136748,-0.0614408581676808,-0.06385794684815274,-0.21603620148752833,0.0702408224338028,0.014741130876733524,2.044,0.513,-0.8,-2.592
hourglass,rubber_carpet,0.2,2.6179938779914944,13.999996900558472,-0.14190671275831845,-0.06137032318193231,-0.14049282749778688,-0.24846857911345466,0.08232440379094987,0.01522957571274873,2.168,0.935,-0.507,-2.502
hourglass,rubber_carpet,0.2,2.6179938779914944,14.19998025894165,-0.18254101264653377,-0.06709212535040937,-0.06128430177301605,-0.2812410289308048,0.09652547916101258,0.01660703314631972,2.376,0.949,-0.965,-2.653
hourglass,rubber_carpet,0.2,2.6179938779914944,14.399925231933594,-0.2182469737659089,-0.07011288489257361,-0.14970499622705377,-0.3136872349706893,0.11014929617918993,0.01775905905671219,2.456,1.224,-0.704,-2.419
hourglass,rubber_carpet,0.2,2.6179938779914944,14.600000143051147,-0.25641071064006166,-0.07438124369957871,0.5586849766326726,-0.3467315887284562,0.12677219228776976,0.01890929314996203,2.613,1.089,-1.001,-2.612
hourglass,rubber_carpet,0.2,2.6179938779914944,14.800021171569824,-0.29205750320754736,-0.07899937413628588,-0.18030935508472648,-0.3791286928017342,0.14173874554876675,0.020390018696463848,2.754,1.402,-0.94,-2.87
hourglass,rubber_carpet,0.2,2.6179938779914944,14.999998331069946,-0.33133528358543946,-0.08575803085800104,-0.159049895468951,-0.41079429460611594,0.15928408363052193,0.020551951532371784,2.555,1.009,-1.355,-2.939
hourglass,rubber_carpet,0.2,2.6179938779914944,15.19994854927063,-0.3660890746694058,-0.09273403783674317,0.5681670685992278,-0.44337307474200394,0.17588048314028681,0.02344452787015288,2.928,1.334,-1.422,-3.232
hourglass,rubber_carpet,0.2,2.6179938779914944,15.399997234344482,-0.40292259482323217,-0.10144742237408527,-0.21227992873414506,-0.4765745772340544,0.19466539638494074,0.021770708008806233,2.939,1.425,-1.115,-2.956
hourglass,rubber_carpet,0.2,2.6179938779914944,15.600045442581177,-0.4412090950324173,-0.11034931766054118,0.9863606578958654,-0.5089332476361617,0.21369882525751888,0.022870656055565784,2.727,1.118,-1.397,-3.288
hourglass,rubber_carpet,0.2,2.6179938779914944,15.800009965896606,-0.47789840259983435,-0.11812516832914133,0.6263342415978959,-0.5409829777296907,0.23312212791715103,0.023012015949172862,2.997,1.377,-1.183,-3.079
hourglass,rubber_carpet,0.2,2.6179938779914944,15.999970436096191,-0.5142246330927107,-0.12752828436290398,-0.2414211392674235,-0.5736957797320946,0.2534760537596696,0.02263287435171795,2.68,1.309,-1.489,-3.448
hourglass,rubber_carpet,0.2,-1.5707963267948966,16.20045256614685,-0.5488918397805129,-0.13477481328907487,-0.23923043072099628,-0.6062915710543748,0.2746105651947179,0.025933071544726946,2.789,1.169,-1.422,-3.083
hourglass,rubber_carpet,0.2,-1.5707963267948966,16.40027928352356,-0.581262354965953,-0.14371241134703666,-0.269066380145221,-0.6244371558334986,0.2764302149739999,0.02486664618290614,-0.516,-0.987,1.185,0.1
hourglass,rubber_carpet,0.2,-1.5707963267948966,16.599985361099243,-0.621382591410822,-0.15501542896975634,0.6364186453961236,-0.6265732841979511,0.2750520067705502,0.024158850179673758,-1.087,-1.709,1.703,0.529
hourglass,rubber_carpet,0.2,-1.5707963267948966,16.80001187324524,-0.6568303888731013,-0.16421173204711953,0.6576659125175472,-0.6290644970300043,0.2728125582620532,0.023253547316605824,-1.733,-2.286,2.391,1.226
hourglass,rubber_carpet,0.2,-1.5707963267948966,17.00000023841858,-0.6921657995800059,-0.1763232011599687,1.1733022651486473,-0.6318671498992643,0.26946667405204067,0.0211444700471412,-2.067,-2.53,2.9,1.803
hourglass,rubber_carpet,0.2,-1.5707963267948966,17.19998025894165,-0.7147716075165902,-0.17990353938393788,-0.3329832344348328,-0.6349370551032663,0.26528277541225004,0.01838423751601033,-2.621,-2.897,3.268,2.486
hourglass,rubber_carpet,0.2,-1.5707963267948966,17.399975538253784,-0.7253875089086068,-0.1838225937502776,0.6555587148109533,-0.6393404369985373,0.25958604900180143,0.015818162303939953,-3.118,-3.169,3.612,3.003
hourglass,rubber_carpet,0.2,-1.5707963267948966,17.5999174118042,-0.7210981772886798,-0.17743990724585917,1.2003806092138198,-0.6472663388769805,0.2462840796097397,0.013253432797451531,-3.027,-2.503,3.078,2.767
hourglass,rubber_carpet,0.2,-1.5707963267948966,17.799991846084595,-0.7259001909270901,-0.17663077561765056,-0.31857446502005116,-0.6537646589124607,0.2245620776143769,0.010201765694388451,-2.629,-2.706,3.528,3.461
hourglass,rubber_carpet,0.2,-1.5707963267948966,17.999940156936646,-0.7322043949530286,-0.17450207995256978,0.652474869401898,-0.6609030140100136,0.20304726286995095,0.003209315076502406,-3.038,-2.588,3.576,3.335
hourglass,rubber_carpet,0.2,-1.5707963267948966,18.20003032684326,-0.7307619545416948,-0.16839189399383686,-0.3192805163326813,-0.6663796441425439,0.17351713947337188,0.0017499276950098536,-2.593,-2.66,3.606,3.033
hourglass,rubber_carpet,0.2,-1.5707963267948966,18.400248289108276,-0.7385169052147449,-0.1612553791421848,-0.3031024269141742,-0.675442898509982,0.14326081804040752,-0.0015328593756783887,-3.049,-2.865,3.378,3.275
hourglass,rubber_carpet,0.2,-1.5707963267948966,18.59993553161621,-0.7406832818096787,-0.14292914481853847,0.6609513914457249,-0.6819718220871906,0.11063712902371885,-0.002418841481132583,-2.712,-2.171,3.134,3.172
hourglass,rubber_carpet,0.2,-1.5707963267948966,18.79995608329773,-0.7440853192750838,-0.12657076908018433,-0.29719365963330924,-0.6882782667333179,0.0750376531065675,-0.0018216516068491895,-2.73,-2.543,3.406,3.207
hourglass,rubber_carpet,0.2,-1.5707963267948966,19.000078916549683,-0.7405015151044605,-0.1039199382062369,-0.3137650675043633,-0.695563824240368,0.03964812894404164,-0.002750601195335614,-2.867,-2.939,3.35,2.984
hourglass,rubber_carpet,0.2,-1.5707963267948966,19.20000720024109,-0.7524309311120823,-0.0831749710905873,-0.2913980915788523,-0.7028642663134527,0.0013498254002400206,-0.0037159242994306424,-2.695,-2.603,3.011,3.139
hourglass,rubber_carpet,0.2,-1.5707963267948966,19.400046825408936,-0.7602874840869236,-0.06291573012861013,0.6192120649391842,-0.7095850131339526,-0.03684684179187603,-0.003963550552082862,-2.74,-2.253,3.117,3.303
hourglass,rubber_carpet,0.2,-1.5707963267948966,19.59998321533203,-0.740811639824126,-0.027055622791327505,-0.33399620656033646,-0.7164975593209097,-0.074914135631753,-0.005527683548879642,-2.642,-2.473,3.547,3.097
hourglass,rubber_carpet,0.2,-1.5707963267948966,19.8002986907959,-0.7470871499137208,-0.00014667881000957061,0.6503722908415714,-0.723541119947398,-0.11277045656502926,-0.005594953506109307,-2.845,-2.801,3.326,3.285
hourglass,rubber_carpet,0.2,-1.5707963267948966,19.99998188018799,-0.7497939949367254,0.026291717480100896,-0.269413282862478,-0.7308916542020808,-0.15215063526910205,-0.005069864039740232,-2.698,-2.469,3.02,3.041
hourglass,rubber_carpet,0.2,0.5235987755982988,20.199943780899048,-0.7470670113464402,0.0561802762380596,-0.31408817369556796,-0.7376260916925866,-0.19289780945416526,-0.005294104359821819,-2.747,-2.571,2.819,2.71
hourglass,rubber_carpet,0.2,0.5235987755982988,20.399961948394775,-0.747065815841309,0.08431591748673695,-0.2990771719587647,-0.7238552577991237,-0.2075052054121882,-0.003816844286737328,-1.835,-0.162,0.644,2.18
hourglass,rubber_carpet,0.2,0.5235987755982988,20.600059747695923,-0.750670130873528,0.11611704018859353,-0.27506592229121785,-0.6990912778902375,-0.21399186010636723,-0.002748732151504632,-1.516,0.141,0.226,1.998
hourglass,rubber_carpet,0.2,0.5235987755982988,20.800307512283325,-0.7533416497784078,0.14392865756785564,-0.2737960274480715,-0.6702997698823148,-0.21983350004130495,-0.0022693130662502503,-1.111,0.181,0.082,1.268
hourglass,rubber_carpet,0.2,0.5235987755982988,20.999925136566162,-0.7465065885148996,0.1786930721986958,-0.2804383241078441,-0.6404957324481116,-0.22473435460950847,-0.0016412740703049128,-0.944,0.632,-0.147,1.096
hourglass,rubber_carpet,0.2,0.5235987755982988,21.19997787475586,-0.7345533969017708,0.19616589044136867,1.0106003566653856,-0.6080339520040834,-0.22933212807287878,-0.0008627236156406731,-0.522,0.833,-0.414,0.846
hourglass,rubber_carpet,0.2,0.5235987755982988,21.400080680847168,-0.7121852882076092,0.19634094294346455,-0.2856677059752295,-0.5757951544423187,-0.23374414250077574,-8.973346180662922e-05,-0.322,1.051,-0.625,0.404
hourglass,rubber_carpet,0.2,0.5235987755982988,21.599966764450073,-0.6861626365056455,0.19820934253656836,0.6067900034894989,-0.5432321644827174,-0.23762257616419347,0.0008151077436882176,-0.036,1.273,-1.029,0.246
hourglass,rubber_carpet,0.2,0.5235987755982988,21.799949884414673,-0.6476125312251919,0.19862167176217002,-0.2583284475725661,-0.5097716086549322,-0.23996923949946664,0.0023033726892038447,0.021,1.414,-1.42,0.098
hourglass,rubber_carpet,0.2,0.5235987755982988,22.000046253204346,-0.6217554425783447,0.1980156230104939,-0.23149081820596754,-0.4750947502593106,-0.24229440877213654,0.003508504668777973,0.37,1.622,-1.407,-0.421
hourglass,rubber_carpet,0.2,0.5235987755982988,22.200048685073853,-0.5779083481329277,0.19843695433069986,0.6268087108349583,-0.4418953017741891,-0.24328018763676323,0.005139204888223933,0.458,1.945,-1.82,-0.351
hourglass,rubber_carpet,0.2,0.5235987755982988,22.400055408477783,-0.556345844778843,0.19775913000200024,0.5284630270125468,-0.4080999361638782,-0.2431608405823822,0.006606440349708351,0.529,2.166,-1.931,-0.487
hourglass,rubber_carpet,0.2,0.5235987755982988,22.599929809570312,-0.5145176305039749,0.19832105645122297,-0.19871531043199217,-0.37409627851750804,-0.24140685042123822,0.009189671150127296,0.773,2.124,-2.292,-0.701
hourglass,rubber_carpet,0.2,0.5235987755982988,22.800272464752197,-0.4781425714134025,0.19761807153493408,-0.19784460311268173,-0.33975990553499846,-0.23832631070523963,0.01187533490001072,0.553,2.212,-2.216,-0.903
hourglass,rubber_carpet,0.2,0.5235987755982988,23.00023341178894,-0.4470972489828388,0.19571081939251872,0.4970106642505294,-0.30671953715579525,-0.23520272860512653,0.014433287390209076,1.012,2.461,-2.541,-1.131
hourglass,rubber_carpet,0.2,0.5235987755982988,23.20005464553833,-0.4085058967561472,0.19369085962372729,-0.12505051446972218,-0.2705116940811654,-0.22956017161402004,0.014556798339250054,0.763,2.379,-2.591,-1.3
hourglass,rubber_carpet,0.2,0.5235987755982988,23.400047302246094,-0.37439345031458465,0.190589588465437,-0.1603273431148913,-0.23556796759956788,-0.223724668441397,0.017153556886102803,1.044,2.562,-2.785,-1.351
hourglass,rubber_carpet,0.2,0.5235987755982988,23.599993467330933,-0.3392737805201243,0.18592658122256572,-0.11962548769235717,-0.20036729694820488,-0.2158430735864315,0.016332842356581403,1.093,2.501,-2.657,-1.036
hourglass,rubber_carpet,0.2,0.5235987755982988,23.80001187324524,-0.30335521308843844,0.1803210610179313,-0.12206810088793255,-0.16501634014486766,-0.20720229250641425,0.019162935502189407,1.119,2.612,-3.017,-1.422
hourglass,rubber_carpet,0.2,-0.5235987755982988,0.20000052452087402,0.00015699708007915758,0.0010421639802510874,-0.010383584019158731,2.86089952705737e-06,-3.926869812584388e-07,0.0,0.448,1.142,-1.345,-0.4
hourglass,rubber_carpet,0.2,-0.5235987755982988,0.3999800682067871,0.00015699708007915758,0.0010421639802510874,-0.010383584019158731,0.014367335930265845,-0.004263962087072699,-0.0005471950174249091,-1.525,0.579,-0.777,1.793
hourglass,rubber_carpet,0.2,-0.5235987755982988,0.6000735759735107,-0.0011656530520190445,0.00013250725902591576,-0.03217237029561218,0.038228631682575065,-0.00927615558636468,-0.0014151815751612118,-1.19,0.117,-0.084,1.525
hourglass,rubber_carpet,0.2,-0.5235987755982988,0.8000802993774414,-0.0006403831989066355,-0.0011129318755811468,0.06344274031520396,0.07526324891178193,-0.01828649900342493,-0.002364481548377692,-1.46,-0.345,0.315,1.489
hourglass,rubber_carpet,0.2,-0.5235987755982988,0.9999909400939941,-0.0006403831989066355,-0.0011129318755811468,0.06344274031520396,0.1116400601763965,-0.028334310830504035,-0.0037120970335717124,-1.558,-0.53,0.313,1.923
hourglass,rubber_carpet,0.2,-0.5235987755982988,1.1999964714050293,0.0051553010944430655,0.0010625179220511982,-0.010555849502207643,0.14527035145082823,-0.03813656581136195,-0.00529334371387262,-1.646,-0.447,0.64,2.414
hourglass,rubber_carpet,0.2,-0.5235987755982988,1.400069236755371,0.03024688437334702,0.0028040302096706826,-0.014243149833959079,0.17790126113898141,-0.050082259173678784,-0.007153947219338153,-2.072,-0.705,0.615,2.438
hourglass,rubber_carpet,0.2,-0.5235987755982988,1.6004841327667236,0.07032270462671868,0.005227645027081396,0.05849622996487215,0.21036454348584832,-0.06233279449346376,-0.00890865823608293,-1.861,-0.642,0.68,2.285
hourglass,rubber_carpet,0.2,-0.5235987755982988,1.8000528812408447,0.10916789266073276,0.01309240955683344,0.0725385683953694,0.24270008677408672,-0.07618965301275105,-0.009156374042353838,-2.037,-0.743,1.137,2.651
hourglass,rubber_carpet,0.2,-0.5235987755982988,2.0000081062316895,0.14719518901712475,0.022134804113120993,0.04292267011524589,0.2755645958368096,-0.09143570780927274,-0.010989321671660363,-1.657,-0.86,0.874,2.707
hourglass,rubber_carpet,0.2,-0.5235987755982988,2.2000885009765625,0.18375258095391023,0.028390919470511644,0.09465970612389081,0.3071453113439029,-0.10792057605082193,-0.012127652557264904,-2.3,-1.07,1.217,3.18
hourglass,rubber_carpet,0.2,-0.5235987755982988,2.400052785873413,0.22291938493425179,0.035194866980975764,0.1497561062382461,0.3387155648207698,-0.12395358022931366,-0.013187383785230114,-2.264,-0.927,1.286,3.04
hourglass,rubber_carpet,0.2,-0.5235987755982988,2.599996566772461,0.25998413187051084,0.044387465551122024,0.17477097151043652,0.3650334074559147,-0.14108141461449508,-0.013606952199497535,-2.202,-0.944,1.263,3.245
hourglass,rubber_carpet,0.2,-0.5235987755982988,2.8000407218933105,0.2954847913387926,0.05447662631660144,0.1610948460678071,0.3970018000381226,-0.15984856444746734,-0.014797363404600361,-2.301,-1.112,1.483,3.197
hourglass,rubber_carpet,0.2,1.5707963267948966,3.000063419342041,0.3306122809217124,0.06798106158447331,0.11110268023391413,0.4308718629950823,-0.18298445224380935,-0.01485529249791609,-2.044,-0.995,1.216,3.127
hourglass,rubber_carpet,0.2,1.5707963267948966,3.200066566467285,0.3654663140018206,0.0779308494366609,0.10012232277094703,0.45132143344054243,-0.18620702500874897,-0.014045194157369656,0.819,1.193,-1.268,-0.578
hourglass,rubber_carpet,0.2,1.5707963267948966,3.4000515937805176,0.40246794268420727,0.093344124923189,0.01065537131370961,0.4538536220639884,-0.18481028509256353,-0.013511639485952923,1.44,2.095,-2.008,-1.018
hourglass,rubber_carpet,0.2,1.5707963267948966,3.600017786026001,0.4358215841689378,0.10569868063584859,0.02993462298226887,0.45653356578554405,-0.18288686292924744,-0.013210745435154297,2.022,2.54,-2.497,-1.598
hourglass,rubber_carpet,0.2,1.5707963267948966,3.7999954223632812,0.47281424277579065,0.11935811830979498,0.044987678460932407,0.4604631099650014,-0.17960767747762993,-0.012446329127488623,2.473,2.749,-2.964,-2.286
hourglass,rubber_carpet,0.2,1.5707963267948966,3.9999873638153076,0.5031680473023141,0.13363573622290537,0.018364359093236804,0.4657976857339805,-0.1719520711201251,-0.00786726522075136,2.468,2.718,-3.093,-2.881
hourglass,rubber_carpet,0.2,1.5707963267948966,4.200110673904419,0.5073850240776739,0.1319955110177728,0.0018736956268306793,0.47268553226039933,-0.16134345675219494,-0.002129734460245211,3.028,2.958,-3.394,-3.337
hourglass,rubber_carpet,0.2,1.5707963267948966,4.400034427642822,0.508064340044032,0.12985500731362137,0.011613450044634849,0.4802769376156446,-0.14632475988082785,0.002253535263906953,2.857,3.036,-3.042,-3.535
hourglass,rubber_carpet,0.2,1.5707963267948966,4.600001096725464,0.5115438223620983,0.1292770332092887,-0.004399452958150418,0.4852971577622569,-0.12379776710289567,0.0038580633186671154,2.789,3.091,-3.127,-3.102
hourglass,rubber_carpet,0.2,1.5707963267948966,4.800067663192749,0.5152367236755344,0.12489728860487961,0.009041303376221027,0.4907542475695794,-0.09660263388336514,0.004774075703836783,2.815,3.033,-2.708,-3.081
hourglass,rubber_carpet,0.2,1.5707963267948966,5.000061750411987,0.5211910186701405,0.11674121363403298,-0.007821265157409218,0.4955641621930078,-0.06680560859445084,0.007005849782877202,2.746,2.705,-3.296,-3.265
hourglass,rubber_carpet,0.2,1.5707963267948966,5.200021982192993,0.525984256593936,0.10820286113686556,-0.04287463527037219,0.5010945965522009,-0.03379742009450036,0.007355849918523616,2.531,3.149,-2.39,-3.037
hourglass,rubber_carpet,0.2,1.5707963267948966,5.400001764297485,0.530246229716727,0.09507451025901903,-0.011963433432562814,0.5071051003214249,-0.002835266619341706,0.01123816111458431,2.879,2.993,-3.309,-3.459
hourglass,rubber_carpet,0.2,1.5707963267948966,5.599981307983398,0.5311267752212007,0.07632858349130239,0.0004297446617914369,0.5130182058698298,0.03601574404514476,0.011638796735603564,2.912,2.677,-3.145,-3.413
hourglass,rubber_carpet,0.2,1.5707963267948966,5.800002813339233,0.5354309051765866,0.055303795183194865,0.39502197665501837,0.5178765829190533,0.07224047148412444,0.01201416687252363,2.763,2.835,-2.68,-3.25
hourglass,rubber_carpet,0.2,1.5707963267948966,5.999992609024048,0.5335360005700492,0.03575533014065724,-0.05818699084758683,0.5239495314372156,0.10866898149219059,0.013687046728963634,2.702,3.032,-2.946,-3.117
hourglass,rubber_carpet,0.2,-2.6179938779914944,6.19998836517334,0.5379262401662456,0.010762938563604996,-0.06062170762476579,0.529671410172845,0.1458079930579826,0.014588611991205716,2.799,2.973,-2.845,-3.59
hourglass,rubber_carpet,0.2,-2.6179938779914944,6.399968862533569,0.5424610070792678,-0.017335933634162803,-0.08552555201064554,0.5158262881811495,0.1605030346685748,0.011489961408703224,1.741,0.271,-0.138,-2.273
hourglass,rubber_carpet,0.2,-2.6179938779914944,6.600585699081421,0.544127331712453,-0.041287192230908765,-0.0558888761513493,0.49113773700600905,0.16569796006599397,0.010806645617563476,1.567,-0.025,-0.114,-1.925
hourglass,rubber_carpet,0.2,-2.6179938779914944,6.800073146820068,0.5499029636016936,-0.06899354234358135,-0.024873988924201756,0.46221065456468224,0.17009818193715573,0.010194492356679977,1.128,-0.118,0.111,-1.604
hourglass,rubber_carpet,0.2,-2.6179938779914944,7.0000879764556885,0.5557984791563277,-0.0968702092810706,-0.05885915176291229,0.4315243880959019,0.173968392131547,0.009504676046788826,0.766,-0.349,0.369,-1.166
hourglass,rubber_carpet,0.2,-2.6179938779914944,7.20013427734375,0.5527713742043556,-0.11671186900451497,-0.06185290176646005,0.39968529715861645,0.1778064555827397,0.00834412580557034,0.522,-0.646,0.717,-0.85
hourglass,rubber_carpet,0.2,-2.6179938779914944,7.399998188018799,0.5304103534649068,-0.12183914935413392,-0.05225398324758743,0.366742055896768,0.18067887810056193,0.007690883789357804,0.243,-0.867,0.981,-0.615
hourglass,rubber_carpet,0.2,-2.6179938779914944,7.600060701370239,0.5014499218402948,-0.12883033267846644,0.01323449254519185,0.3343554618961935,0.1834135773002034,0.006828045104558866,0.036,-1.17,1.123,-0.383
hourglass,rubber_carpet,0.2,-2.6179938779914944,7.799997091293335,0.46879790782362885,-0.13282324028753706,0.027192780601308336,0.3006439003470538,0.18495015488555674,0.0055329374669448456,-0.118,-1.348,1.555,-0.149
hourglass,rubber_carpet,0.2,-2.6179938779914944,7.999998331069946,0.43165466533400343,-0.13479954083308798,-0.06827268783950502,0.26674009710548163,0.18587943617970118,0.005220405524598015,-0.297,-1.506,1.845,0.041
hourglass,rubber_carpet,0.2,-2.6179938779914944,8.199987173080444,0.3968824006915248,-0.13862386661880016,0.4441249920397026,0.23358193722273124,0.18616508295297318,0.0035380798909363798,-0.534,-1.691,1.843,0.256
hourglass,rubber_carpet,0.2,-2.6179938779914944,8.400018215179443,0.3611974530879236,-0.14897290728087043,0.009620447106293034,0.1998945451245251,0.1849883971180305,0.0026464653157418916,-0.502,-1.851,2.254,0.405
hourglass,rubber_carpet,0.2,-2.6179938779914944,8.600003480911255,0.3223005083890681,-0.14801356779077524,-0.02907343950117222,0.16524197668507878,0.1831079237724951,0.0009391652986351223,-0.837,-2.027,2.441,0.49
hourglass,rubber_carpet,0.2,-2.6179938779914944,8.800033807754517,0.28655983287849524,-0.15299449543304755,-0.019690904235776796,0.13086719382754097,0.17969751776064966,-9.54098423765759e-05,-0.654,-2.098,2.646,0.663
hourglass,rubber_carpet,0.2,2.6179938779914944,9.000040531158447,0.25067594706802326,-0.1558038764985924,-0.01560192619442452,0.09589368463331294,0.1759783558570681,-0.0014413700095843168,-1.024,-2.3,2.323,0.462
hourglass,rubber_carpet,0.2,2.6179938779914944,9.20005178451538,0.2136246782572932,-0.1628152913558189,0.0372347921124285,0.061916524711969734,0.1807085042125844,-0.00018801291603318115,0.944,-0.253,0.395,-1.167
hourglass,rubber_carpet,0.2,2.6179938779914944,9.3999924659729,0.17377715840828578,-0.1603900154354903,0.002532843374729754,0.027126986622575622,0.18691041357631555,-0.00019830211010932186,1.231,-0.073,0.252,-1.51
hourglass,rubber_carpet,0.2,2.6179938779914944,9.599987268447876,0.13772192886190865,-0.15793984272440614,-0.045253037363768706,-0.007806311472284833,0.19430829908924238,-0.00019456058583156022,1.172,0.234,-0.07,-1.479
hourglass,rubber_carpet,0.2,2.6179938779914944,9.80007529258728,0.09942520265827763,-0.15995381688018645,-0.06459486288051605,-0.041960021354922494,0.2018711725249374,-0.0003647989664652268,1.637,0.478,-0.259,-1.771
hourglass,rubber_carpet,0.2,2.6179938779914944,10.000023365020752,0.06388044233780296,-0.15619592016760347,-0.04207509847085153,-0.07479554596632121,0.2111739213330979,0.001250674552262146,1.753,0.344,-0.296,-2.109
hourglass,rubber_carpet,0.2,2.6179938779914944,10.199999332427979,0.02232801303363599,-0.16357389070029305,-0.05658943456117757,-0.10838204000757323,0.22070484238843854,0.0012946418496604523,1.92,0.608,-0.476,-2.198
hourglass,rubber_carpet,0.2,2.6179938779914944,10.399998903274536,-0.016646460946787983,-0.16870574040796815,-0.06406560686534288,-0.14006789846277656,0.23127640242973554,0.0008633937669678821,2.117,0.784,-0.73,-2.587
hourglass,rubber_carpet,0.2,2.6179938779914944,10.600061416625977,-0.05954807705013018,-0.17411625024561478,-0.06510565860684844,-0.1734104936223062,0.24319768004485595,0.0007782681881440406,2.051,0.899,-0.661,-2.509
hourglass,rubber_carpet,0.2,2.6179938779914944,10.800029277801514,-1.9652330870096792,-2.005519478448811,-0.37472811226179387,-0.20529346011723426,0.2565449340238995,0.0010140017597900092,2.404,1.019,-0.926,-2.682
hourglass,rubber_carpet,0.2,2.6179938779914944,10.999992609024048,-0.0982970730670076,-0.18110544831508957,0.4703670752678069,-0.23825532605323163,0.27130786930246437,0.0034969129140358934,2.344,0.805,-0.903,-2.442
hourglass,rubber_carpet,0.2,2.6179938779914944,11.200010299682617,-0.13386174871850268,-0.18236107639718008,-0.13898160237995377,-0.2703895875707262,0.28770833674226,0.00421080124696202,2.631,1.033,-0.996,-2.862
hourglass,rubber_carpet,0.2,2.6179938779914944,11.400063514709473,-0.16943526691688762,-0.1888588584068075,-0.16500586613368218,-0.30296376169797556,0.3032872236374619,0.004579453665990399,2.777,1.161,-1.13,-2.808
hourglass,rubber_carpet,0.2,2.6179938779914944,11.599984645843506,-0.20672522821988595,-0.19877154359748328,-0.13146037762203333,-0.33575492132093987,0.32215814724353947,0.005144612778573754,2.881,1.233,-1.212,-2.848
hourglass,rubber_carpet,0.2,2.6179938779914944,11.800000429153442,-0.2834317369478475,-0.21673058999772538,-0.20025067224861254,-0.3681182049678753,0.3380533367350274,0.004954664654582719,2.838,1.4,-1.441,-3.349
hourglass,rubber_carpet,0.2,-1.5707963267948966,12.000179529190063,-0.31791394375451143,-0.22628381587612922,-0.22145347027731954,-0.40049650482517396,0.35836629798716496,0.0053336274631027025,2.81,1.093,-1.158,-2.883
hourglass,rubber_carpet,0.2,-1.5707963267948966,12.200023651123047,-0.3562430064943949,-0.23669892962911465,0.5849063503516476,-0.41804160901464005,0.3589921913540971,0.003990923878896782,-0.71,-1.112,1.316,0.428
hourglass,rubber_carpet,0.2,-1.5707963267948966,12.400073289871216,-0.38861445221575686,-0.24548289808514967,-0.23610937005182114,-0.42062469888281384,0.35752027497553207,0.0035698908120412737,-1.294,-2.046,2.011,0.904
hourglass,rubber_carpet,0.2,-1.5707963267948966,12.599988460540771,-0.42331207968880435,-0.2548407657649274,-0.26241545226438934,-0.42336959972876476,0.3554020178882061,0.0032227810817236358,-1.929,-2.375,2.519,1.536
hourglass,rubber_carpet,0.2,-1.5707963267948966,12.800066947937012,-0.46629695168619834,-0.2710424094099112,-0.24903769136689102,-0.4274294276899627,0.3522570076232898,0.0031750658021223455,-2.497,-2.643,2.656,2.106
hourglass,rubber_carpet,0.2,-1.5707963267948966,13.000015020370483,-0.4993740098339259,-0.2808811638931805,0.625161009636687,-0.43384774731844955,0.3457943601008239,0.002544489633366981,-2.724,-2.677,3.03,2.588
hourglass,rubber_carpet,0.2,-1.5707963267948966,13.199998617172241,-0.5033307737264939,-0.2787537617442475,0.6273113808835815,-0.43927511881919123,0.33608393560849786,0.001468641363099113,-3.155,-3.346,3.313,3.05
hourglass,rubber_carpet,0.2,-1.5707963267948966,13.40003752708435,-0.5048091656117984,-0.2775724151381742,-0.2745094341899538,-0.445037886720134,0.3233283220223761,-0.0034970109987671333,-3.056,-2.717,3.608,3.436
hourglass,rubber_carpet,0.2,-1.5707963267948966,13.600024938583374,-0.509269003416748,-0.27849782857898175,-0.24174222576586296,-0.45264144603714607,0.301456247950902,-0.010321041495350416,-2.943,-2.793,3.546,3.22
hourglass,rubber_carpet,0.2,-1.5707963267948966,13.80003547668457,-0.5187538637490596,-0.2773053911928143,0.5796622810792869,-0.45711325950104253,0.2782533239752033,-0.01625951956049916,-2.79,-2.677,3.616,3.498
hourglass,rubber_carpet,0.2,-1.5707963267948966,14.00006628036499,-0.5173352288504848,-0.2665607858489287,-0.2749029277844482,-0.4638638850491037,0.25039902785116674,-0.02091663786548746,-3.003,-2.495,3.369,3.39
hourglass,rubber_carpet,0.2,-1.5707963267948966,14.200090646743774,-0.5201408343096998,-0.25781529687468807,0.6335055947136684,-0.4711157181091946,0.21746169096765902,-0.02119865614024692,-2.588,-2.604,3.336,3.034
hourglass,rubber_carpet,0.2,-1.5707963267948966,14.400089263916016,-0.5319030639796728,-0.24798456386065704,0.5783561872370775,-0.48045672528621475,0.18282170284477212,-0.020951190157618968,-2.723,-2.879,3.63,3.296
hourglass,rubber_carpet,0.2,-1.5707963267948966,14.60005521774292,-0.5294220816425984,-0.22745386178796684,-0.2471988618714362,-0.48858628391197645,0.14692421530671576,-0.02036005106817823,-2.964,-2.238,3.243,2.952
hourglass,rubber_carpet,0.2,-1.5707963267948966,14.800099849700928,-0.5270345365859639,-0.20560489325428372,-0.24655945480007163,-0.49524630651985857,0.11299296163958042,-0.023050272645717088,-3.186,-2.447,3.442,3.255
hourglass,rubber_carpet,0.2,0.5235987755982988,15.000027656555176,-0.5353467615949257,-0.18522700395746455,0.5866714061942649,-0.5037803897216704,0.075718340387261,-0.023518962926327644,-2.572,-2.671,3.388,3.589
hourglass,rubber_carpet,0.2,0.5235987755982988,15.200055122375488,-0.5367621198424659,-0.1571747835426171,-0.2518608301439909,-0.49251235272430416,0.059588978204681876,-0.021279898487355134,-2.068,-0.155,0.471,2.278
hourglass,rubber_carpet,0.2,0.5235987755982988,15.400089979171753,-0.5374051888486966,-0.13307001797442264,-0.2683276579159932,-0.46697002665350607,0.05298681537136397,-0.020865276152082654,-1.399,0.103,0.416,1.732
hourglass,rubber_carpet,0.2,0.5235987755982988,15.600038051605225,-0.5414412422421425,-0.10619839019068,-0.2575817937108331,-0.4389955214159299,0.04661306096417182,-0.01947655292891466,-1.205,0.352,0.0,1.454
hourglass,rubber_carpet,0.2,0.5235987755982988,15.800028562545776,-0.543318124176374,-0.07917909592483463,-0.2522931441819915,-0.4081903994940065,0.040338745612733755,-0.018420187254665155,-0.864,0.601,-0.112,1.082
hourglass,rubber_carpet,0.2,0.5235987755982988,16.00005602836609,-0.5477183331867137,-0.0576294376972139,-0.2334280376099801,-0.3770592010454442,0.0350813854967903,-0.018012932692830136,-0.562,0.781,-0.382,0.812
hourglass,rubber_carpet,0.2,0.5235987755982988,16.200000286102295,-0.5203520454597415,-0.05356435277633692,0.5641969600405419,-0.344874118009181,0.030326336418673806,-0.017149804417467607,-0.345,1.138,-0.781,0.523
hourglass,rubber_carpet,0.2,0.5235987755982988,16.400357723236084,-0.4894752383617976,-0.05153446503999476,-0.22566031496217082,-0.31154701139362273,0.026177225036029088,-0.01603623710497576,-0.101,1.245,-0.878,0.139
hourglass,rubber_carpet,0.2,0.5235987755982988,16.60007333755493,-0.46042172461497965,-0.04739850082287317,0.5318874769918238,-0.2787927329035541,0.02304384805360748,-0.014601149878173583,-0.02,1.592,-1.155,-0.014
hourglass,rubber_carpet,0.2,0.5235987755982988,16.79999804496765,-0.42198299838104036,-0.0434434794901532,0.5674236453455279,-0.24488774514904965,0.020853054346121676,-0.01343688389386169,0.219,1.737,-1.519,-0.313
hourglass,rubber_carpet,0.2,0.5235987755982988,17.000053882598877,-0.38282822407000905,-0.039662210237897844,-0.20149039859782364,-0.21111916517366147,0.018821545274686637,-0.011823920915556549,0.436,2.02,-1.603,-0.498
hourglass,rubber_carpet,0.2,0.5235987755982988,17.200355291366577,-0.35562495031392094,-0.03926652965641919,0.8214915153015838,-0.17817271681687163,0.018872023899281935,-0.009065701262401096,0.534,2.2,-2.018,-0.666
hourglass,rubber_carpet,0.2,0.5235987755982988,17.40005397796631,-0.3189820898019299,-0.03897784885842137,0.47722728070894066,-0.14379136776120194,0.019994930605908783,-0.007296052973603237,0.512,2.151,-2.109,-0.623
hourglass,rubber_carpet,0.2,0.5235987755982988,17.600071907043457,-0.2841289768428764,-0.03684897408644677,0.4740109670665167,-0.10958633102798832,0.022592291602541996,-0.004203041751090902,0.797,2.273,-2.47,-0.989
hourglass,rubber_carpet,0.2,0.5235987755982988,17.79999017715454,-0.2456500107954457,-0.03753905909861993,-0.01455712873506712,-0.0747812132960608,0.025384892186152856,-0.0029994948994168658,0.784,2.271,-2.385,-1.077
hourglass,rubber_carpet,0.2,0.5235987755982988,0.20044469833374023,0.0,0.0,0.0,5.510121482865671e-06,2.8646600802317845e-06,-2.805751931733713e-06,0.656,1.649,-1.637,-0.725
hourglass,rubber_carpet,0.2,0.5235987755982988,0.3999366760253906,0.0,0.0,0.0,0.01731577530863837,0.00273597972427983,0.0013000578955564696,0.606,3.325,-3.202,-1.023
hourglass,rubber_carpet,0.2,0.5235987755982988,0.6002371311187744,0.0,0.0,0.0,0.04944291014408453,0.009830856978545147,0.004697591648195512,0.941,2.681,-3.347,-1.38
hourglass,rubber_carpet,0.2,0.5235987755982988,0.7999067306518555,0.0,0.0,0.0,0.08490495902954431,0.01870665263541646,0.0048304404608083,1.263,2.515,-2.927,-1.164
hourglass,rubber_carpet,0.2,0.5235987755982988,1.000110149383545,0.0,0.0,0.0,0.1192040799163454,0.02792758257529536,0.00653325260037356,1.045,2.71,-3.083,-1.417
hourglass,rubber_carpet,0.2,0.5235987755982988,1.1998817920684814,0.008661989966461336,-0.0017344246736331614,0.01513095090853997,0.15770575007710663,0.0391138059253822,0.007623337341717287,1.297,2.671,-2.995,-1.199
hourglass,rubber_carpet,0.2,0.5235987755982988,1.399935007095337,0.038932458596436625,-0.007025012884965154,0.0171840920563906,0.195120587822061,0.051401307192145626,0.0073781786681054035,1.19,2.543,-2.908,-1.215
hourglass,rubber_carpet,0.2,0.5235987755982988,1.5999319553375244,0.0755365937419726,-0.010709146582985218,0.0343325252550678,0.23172204411342712,0.06346993065471741,0.0103371751984511,1.045,2.836,-3.027,-1.721
hourglass,rubber_carpet,0.2,0.5235987755982988,1.8000328540802002,0.1170435875567352,-0.017204406480226808,-0.021686298591304415,0.26600586243856017,0.07446886040139032,0.010890291709327267,1.424,2.783,-2.892,-1.44
hourglass,rubber_carpet,0.2,0.5235987755982988,2.000298023223877,0.1524137840865912,-0.02420117350353529,0.0821460638319336,0.30242428195242566,0.08729181002887622,0.010173396341741268,1.147,2.82,-3.388,-1.671
hourglass,rubber_carpet,0.2,0.5235987755982988,2.200059413909912,0.18887668627421894,-0.030712890912949098,0.017616351272854852,0.34198832172648785,0.10188510446381939,0.013970665578508956,1.101,2.593,-3.345,-1.653
hourglass,rubber_carpet,0.2,0.5235987755982988,2.400136709213257,0.22704263788850743,-0.03784751939129316,0.016825054701879394,0.3784612684620776,0.11606019472474789,0.012083625320970612,1.408,2.9,-3.136,-1.312
hourglass,rubber_carpet,0.2,0.5235987755982988,2.6001052856445312,0.2642444466649143,-0.0429716959043549,0.004240596504134275,0.41180640654639844,0.12878690212177962,0.011356383760838917,1.268,2.907,-3.455,-1.72
hourglass,rubber_carpet,0.2,0.5235987755982988,2.800166606903076,0.3025997652146026,-0.048466447122134215,-0.01490246655386493,0.4483742744420369,0.14256472101557416,0.013576579296198966,1.059,2.936,-3.359,-1.782
hourglass,rubber_carpet,0.2,0.5235987755982988,2.9999396800994873,0.3398022770345549,-0.05800949995391569,0.035078509867354335,0.48844791370982676,0.1591420466259919,0.012104216911061026,1.37,2.827,-2.78,-1.588
hourglass,rubber_carpet,0.2,-1.5707963267948966,3.200324296951294,0.37727357442197673,-0.06755047013415005,0.07660817060098586,0.5241426089447885,0.1732326615323624,0.01156603579061654,1.391,3.073,-3.239,-1.707
hourglass,rubber_carpet,0.2,-1.5707963267948966,3.400169610977173,0.41139588562473794,-0.07181516756329837,0.014112962075878394,0.5393954834702968,0.17009886022826187,0.010802315945950089,-0.988,-0.488,0.225,0.733
hourglass,rubber_carpet,0.2,-1.5707963267948966,3.599947690963745,0.44825959606648647,-0.07858649159834835,0.003607151127599101,0.541587981631465,0.1683807990557219,0.010559917035337686,-1.704,-0.991,0.603,1.553
hourglass,rubber_carpet,0.2,-1.5707963267948966,3.8004720211029053,0.48055941939050073,-0.08239135306875134,-0.030069446352943757,0.5432978555014469,0.1661848054888591,0.010369931163798349,-2.172,-1.626,1.243,2.137
hourglass,rubber_carpet,0.2,-1.5707963267948966,4.000385761260986,0.5206490796402714,-0.09070462216221009,-0.03659961752859189,0.5455103956559566,0.1633333663145597,0.010007747374506777,-2.62,-2.254,1.875,2.634
hourglass,rubber_carpet,0.2,-1.5707963267948966,4.199971675872803,0.5426266517526074,-0.09191812109601977,-0.08102752975862632,0.5483057535083018,0.1593006477443903,0.009555730694327212,-2.929,-2.786,2.474,3.038
hourglass,rubber_carpet,0.2,-1.5707963267948966,4.399933576583862,0.5468211278081443,-0.09175815798838383,-0.002449533767805795,0.5509371280590654,0.1523958419135925,0.006707286807319218,-2.859,-2.936,2.9,3.572
hourglass,rubber_carpet,0.2,-1.5707963267948966,4.599930286407471,0.5443671767391473,-0.08643562479493494,-0.08632540733066457,0.5507579557915205,0.14128410516285078,0.0009109634235038577,-3.036,-2.607,3.131,3.567
hourglass,rubber_carpet,0.2,-1.5707963267948966,4.8001720905303955,0.5537088552592943,-0.09076189285777592,0.01653690485370729,0.5508974828854749,0.12024609975408036,-0.004914803810587592,-2.763,-2.845,3.275,3.157
hourglass,rubber_carpet,0.2,-1.5707963267948966,5.0000293254852295,0.552881666866747,-0.08515793898336449,-0.04870881756895623,0.5505908277009921,0.09591607517032442,-0.007612687830497206,-2.995,-2.825,3.164,3.687
hourglass,rubber_carpet,0.2,-1.5707963267948966,5.199944257736206,0.5551938999263665,-0.07992645422877692,-0.04899986754118266,0.5474605865764308,0.06511246574099781,-0.01134727305512935,-2.356,-2.466,3.16,2.969
hourglass,rubber_carpet,0.2,-1.5707963267948966,5.3998637199401855,0.5557947407197953,-0.07291989249925068,-0.04736274477889035,0.5440267612557466,0.03266483205856875,-0.013413141976112875,-2.765,-2.644,3.36,3.58
hourglass,rubber_carpet,0.2,-1.5707963267948966,5.600348472595215,0.5620803828461168,-0.06216452375805093,0.01346024232592491,0.5401284136607047,-0.0029260606925979454,-0.013701830606633866,-2.759,-2.709,3.101,3.045
hourglass,rubber_carpet,0.2,-1.5707963267948966,5.80013108253479,0.5603359748742306,-0.03891592100827834,-0.011873061459563655,0.5355230080292632,-0.03909229769275493,-0.014594945470926393,-2.519,-2.606,2.794,2.865
hourglass,rubber_carpet,0.2,-1.5707963267948966,5.999985933303833,0.5597131593917821,-0.02135515106538194,-0.04562316226294358,0.531336854563589,-0.07195487313914309,-0.016149325310285234,-2.518,-2.475,3.456,3.325
hourglass,rubber_carpet,0.2,2.6179938779914944,6.200247764587402,0.5599603341043469,0.004812709433896778,-0.04741008557887208,0.5258903207890322,-0.10909098638620078,-0.01557860072251438,-2.631,-2.658,3.52,3.151
hourglass,rubber_carpet,0.2,2.6179938779914944,6.4001851081848145,0.5604648185632878,0.03036540794812026,0.038184686019022446,0.5100715665234719,-0.11864120528575264,-0.017314972234486026,0.044,-1.795,2.157,0.475
hourglass,rubber_carpet,0.2,2.6179938779914944,6.600006818771362,0.5614723047763868,0.05493029478840761,-0.0413191144182353,0.4826337246727235,-0.11535164126523462,-0.017360736382194236,0.161,-1.3,1.769,0.142
hourglass,rubber_carpet,0.2,2.6179938779914944,6.800263166427612,0.5794647170857845,0.07061457840016247,0.2490464220726061,0.4549189209684512,-0.11133448041386752,-0.01566080175105236,0.473,-1.047,1.449,-0.149
hourglass,rubber_carpet,0.2,2.6179938779914944,7.00045919418335,0.5614340345352002,0.11156395616533307,0.007089721574685071,0.42375055483160184,-0.10614381809126557,-0.015159179562335048,0.464,-0.689,0.975,-0.264
hourglass,rubber_carpet,0.2,2.6179938779914944,7.199981927871704,0.5543961222719755,0.12438463313463377,0.029837313327355952,0.3934866369837531,-0.10071398818161421,-0.014636983720439978,0.967,-0.445,0.84,-0.646
hourglass,rubber_carpet,0.2,2.6179938779914944,7.400421142578125,0.5262022008673085,0.12264264682276452,0.019597333246408027,0.36100331795618157,-0.09466552400477181,-0.013490686862945897,1.283,-0.221,0.54,-1.075
hourglass,rubber_carpet,0.2,2.6179938779914944,7.599968671798706,0.49707804194066985,0.11698229441968769,0.008702243470669002,0.33003843141289924,-0.08771305832605682,-0.012744179531079813,1.309,0.0,0.091,-1.136
hourglass,rubber_carpet,0.2,2.6179938779914944,7.800210475921631,0.46291042872559973,0.11606026476143005,-0.005543354727877453,0.2964875800347855,-0.07957086489922577,-0.011145432429928825,1.729,0.241,0.037,-1.459
hourglass,rubber_carpet,0.2,2.6179938779914944,7.999927997589111,0.4330928179651854,0.11055369372420934,-0.0207512931218434,0.2670240056183959,-0.07211484370637852,-0.009684792156866434,1.904,0.292,-0.163,-1.848
hourglass,rubber_carpet,0.2,2.6179938779914944,8.200030088424683,0.39622836416719115,0.10370456851347612,0.05242365321088291,0.2329553984678132,-0.06153376000731525,-0.008663269623996744,2.201,0.489,-0.405,-1.967
hourglass,rubber_carpet,0.2,2.6179938779914944,8.400191068649292,0.36255972147368853,0.098644492879405,0.08090024908796133,0.20390742818108132,-0.052108589254288,-0.0068948027232500625,1.91,0.529,-0.512,-2.11
hourglass,rubber_carpet,0.2,2.6179938779914944,8.600149154663086,0.3245987983566896,0.09300581739368752,0.0717745530311368,0.17236304010126813,-0.0412066684423012,-0.005353271353375197,2.257,0.874,-0.81,-2.467
hourglass,rubber_carpet,0.2,2.6179938779914944,8.799912929534912,0.2879219155518446,0.08893995691964474,0.026227290940297632,0.13971992707883452,-0.02728093133429864,-0.003541343670623323,2.3,0.837,-0.703,-2.533
hourglass,rubber_carpet,0.2,-2.6179938779914944,9.000099658966064,0.2534516722178011,0.08147536896479571,0.0499282938231094,0.10744948288743839,-0.014128079782528988,-0.0017441341901251878,2.614,1.066,-0.979,-2.879
hourglass,rubber_carpet,0.2,-2.6179938779914944,9.199930429458618,0.21584982090426336,0.07255182482379618,0.15031307096833393,0.07023924595642184,-0.009660812801273053,-0.0011662093228518577,0.493,-0.873,1.118,-0.484
hourglass,rubber_carpet,0.2,-2.6179938779914944,9.399993658065796,0.17969384037940314,0.06731850139754297,-0.006240779669654861,0.036825871809939015,-0.006079960086229602,-0.0011213209472029362,0.081,-1.027,1.201,-0.131
hourglass,rubber_carpet,0.2,-2.6179938779914944,9.59992504119873,0.14180253910474325,0.056055558110584325,0.11837053240460155,0.0017143631742679855,-0.0037033226391965796,-0.0012625318066184499,0.003,-1.251,1.431,-0.12
hourglass,rubber_carpet,0.2,-2.6179938779914944,9.800013303756714,0.10276617002769485,0.04626422102951411,0.06983894628071567,-0.033830661809114426,-0.002093917879128132,-0.0018404526534734483,-0.22,-1.366,1.632,0.114
hourglass,rubber_carpet,0.2,-2.6179938779914944,9.999993801116943,0.06572835326656498,0.04046476592301618,-0.016951163434470118,-0.06839947335421837,-0.000998910641369033,-0.0015374680350537517,-0.34,-1.853,2.008,0.453
hourglass,rubber_carpet,0.2,-2.6179938779914944,10.200047016143799,0.024800291250968692,0.03767569217283795,0.07570157114007979,-0.1062970111077397,-0.0017692102533850979,-0.0025810536201902046,-0.543,-2.047,2.089,0.363
hourglass,rubber_carpet,0.2,-2.6179938779914944,10.400052070617676,-0.015357945878310325,0.034385924672264645,0.027683518133750695,-0.1379807500281034,-0.00212916092224541,-0.0035572388424180146,-0.503,-1.832,2.386,0.86
hourglass,rubber_carpet,0.2,-2.6179938779914944,10.60018253326416,-0.05537342727308661,0.032696988511717984,-0.041071970414101655,-0.17319080089580519,-0.005313331828696033,-0.004584774926777821,-0.817,-2.001,2.578,0.778
hourglass,rubber_carpet,0.2,-2.6179938779914944,10.800136804580688,-0.0936205606697553,0.034963414951369454,-0.07346832906650824,-0.2105012829198314,-0.007784760320001499,-0.0057777014723210535,-0.753,-2.26,2.683,1.098
hourglass,rubber_carpet,0.2,-2.6179938779914944,10.999977350234985,-0.13205515841263124,0.037080388801639,0.7344435429558851,-0.2460927977677878,-0.013535285246448522,-0.005003620375784723,-1.066,-2.436,2.632,1.033
hourglass,rubber_carpet,0.2,-2.6179938779914944,11.199985027313232,-0.16862951864758666,0.03620686603237544,-0.1527796774186173,-0.2784186917923426,-0.017377766637430236,-0.006046001507253013,-1.112,-2.428,2.946,1.207
hourglass,rubber_carpet,0.2,-2.6179938779914944,11.400038957595825,-0.20884944418401954,0.0377654546580069,-0.1095621668684984,-0.3157190715008026,-0.024858695280766424,-0.006031044159425666,-1.176,-2.431,2.946,1.089
hourglass,rubber_carpet,0.2,-2.6179938779914944,11.599921703338623,-0.2399734874709217,0.04243962525843559,0.82453552876236,-0.3499174069696118,-0.03001228314327066,-0.007519215488149017,-1.123,-2.538,3.139,1.474
hourglass,rubber_carpet,0.2,-2.6179938779914944,11.800191879272461,-0.28237570294002845,0.0463761757219302,0.8129454736604942,-0.3865790237645491,-0.039499881843917735,-0.009134320580291622,-1.128,-2.591,2.923,1.203
hourglass,rubber_carpet,0.2,1.5707963267948966,12.000208616256714,-0.31560833127868504,0.05129482050946205,0.5247527339438733,-0.41922730829110466,-0.04757118257099603,-0.008919359045458014,-1.518,-2.897,3.313,1.296
hourglass,rubber_carpet,0.2,1.5707963267948966,12.200009822845459,-0.351776189624204,0.05636224323042227,0.5688922567424811,-0.4385432781137888,-0.042657460102625284,-0.007672509770001945,1.175,0.711,-0.563,-1.322
hourglass,rubber_carpet,0.2,1.5707963267948966,12.399890422821045,-0.3928831968343306,0.05710298812418996,0.5570450402366494,-0.4412884243314674,-0.04022665291694161,-0.006636802960953411,2.119,1.256,-0.995,-2.074
hourglass,rubber_carpet,0.2,1.5707963267948966,12.599912166595459,-0.4257170020513844,0.06930484723846278,0.5834523021989535,-0.44251364677828775,-0.03848039778927704,-0.0064965835355794005,2.538,1.835,-1.58,-2.575
hourglass,rubber_carpet,0.2,1.5707963267948966,12.79987120628357,-0.46154486303933173,0.0762578830454041,0.9151044731881303,-0.4441087316301835,-0.03564693104551454,-0.005606622264399744,3.069,2.425,-2.246,-3.146
hourglass,rubber_carpet,0.2,1.5707963267948966,12.999897480010986,-0.4897027917825413,0.07448329009806398,-0.19182817755999498,-0.4456268594121545,-0.03255787257841526,-0.004111688056400178,3.539,2.996,-2.89,-3.534
hourglass,rubber_carpet,0.2,1.5707963267948966,13.200024604797363,-0.4922957997804902,0.0733747103542394,-0.22903692197735803,-0.4458374114409176,-0.02931331542385361,-0.0012961977599973556,3.492,3.235,-3.367,-3.556
hourglass,rubber_carpet,0.2,1.5707963267948966,13.399932861328125,-0.49815913303319137,0.06979591307875918,-0.1937735089218499,-0.44621546954228886,-0.019537570698222886,0.010567404207682832,3.016,2.757,-3.552,-3.556
hourglass,rubber_carpet,0.2,1.5707963267948966,13.599973201751709,-0.5011187265805709,0.06957579183705331,0.8875778399248373,-0.445368672240978,-0.007078479425188702,0.02540929575127024,3.106,2.875,-3.56,-3.556
hourglass,rubber_carpet,0.2,1.5707963267948966,13.799925804138184,-0.49424109001795735,0.06991899008704341,-0.21994906953462845,-0.44279751580354876,0.014435231871351262,0.044919991835476306,3.1,2.575,-3.542,-3.644
hourglass,rubber_carpet,0.2,1.5707963267948966,14.00033450126648,-0.49568907918680394,0.0687672443767442,0.6017678005838899,-0.44028923299871314,0.023048463882094652,0.04769721859709551,2.978,2.592,-3.479,-3.49
hourglass,rubber_carpet,0.2,1.5707963267948966,14.200019598007202,-0.5024512555432163,0.06043908991773522,-0.6534039995586879,-0.4389684619012233,0.08007564568056623,0.04998999271633242,2.682,3.064,-3.147,-3.481
hourglass,rubber_carpet,0.2,1.5707963267948966,14.400063514709473,-0.4975527744944641,0.04765640834548224,-0.23254229103902835,-0.44062570420834535,0.1150490886704081,0.048209942715111885,3.125,3.066,-2.852,-3.518
hourglass,rubber_carpet,0.2,1.5707963267948966,14.60005235671997,-0.4966558604646574,0.03287958993833373,-0.23288510743281537,-0.4400879247228582,0.1478850840775498,0.04620969671755838,2.627,2.65,-3.042,-2.99
hourglass,rubber_carpet,0.2,1.5707963267948966,14.800225019454956,-0.49537693302054764,0.01052516912104784,-0.18198907602520414,-0.4396864797147072,0.19140423814983148,0.043721241555484194,2.432,2.589,-3.147,-3.316
hourglass,rubber_carpet,0.2,-0.5235987755982988,15.00009536743164,-0.49343815840017147,-0.008634040605484228,-0.22993816145551776,-0.43925180758774085,0.2288583951428142,0.041694982293039876,2.626,2.871,-3.152,-3.165
hourglass,rubber_carpet,0.2,-0.5235987755982988,15.200369596481323,-0.492629221307997,-0.036563159143923774,-0.23808214979627196,-0.42745848368042394,0.2464117707896497,0.04252627840646543,-0.134,1.923,-2.261,-0.719
hourglass,rubber_carpet,0.2,-0.5235987755982988,15.400150775909424,-0.49242196427436835,-0.06393764830496368,-0.2637592969054692,-0.40036136749433615,0.24729266657972143,0.04157689672783743,-0.109,1.527,-1.84,-0.528
hourglass,rubber_carpet,0.2,-0.5235987755982988,15.600181341171265,-0.49673420242915334,-0.09189834888559056,1.0610808654462325,-0.3712389665866733,0.24690830555789683,0.039488911871070564,-0.108,1.202,-1.408,-0.232
hourglass,rubber_carpet,0.2,-0.5235987755982988,15.800227403640747,-0.5003267754080266,-0.12053000292535371,0.6179810323710054,-0.34434403914331424,0.24589016571666067,0.0392658764054241,-0.618,0.924,-1.097,0.165
hourglass,rubber_carpet,0.2,-0.5235987755982988,15.999986410140991,-0.4946013060899257,-0.14164018283808794,-0.24205082961554653,-0.3107392196350066,0.24390706737684925,0.03806732184203046,-0.882,0.614,-0.961,0.363
hourglass,rubber_carpet,0.2,-0.5235987755982988,16.19998264312744,-0.4672980833047873,-0.14153188648685266,-0.2550596637750219,-0.27830624289007444,0.24083059350177805,0.036830394755233406,-1.026,0.287,-0.468,0.704
hourglass,rubber_carpet,0.2,-0.5235987755982988,16.399948358535767,-3.2438944615464105,1.931774025849077,1.0960599760327048,-0.24558683037673756,0.2374844802412484,0.035720015250045666,-1.103,0.074,-0.177,0.903
hourglass,rubber_carpet,0.2,-0.5235987755982988,16.60030698776245,-0.4375097056256815,-0.14195713180021963,1.057115573416057,-0.21485121265014762,0.23290767948536417,0.03337758432936484,-1.612,0.015,-0.123,1.231
hourglass,rubber_carpet,0.2,-0.5235987755982988,16.800090551376343,-0.4078861096786628,-0.14198169125835874,-0.22285880207873576,-0.1816834690343212,0.2271755600936976,0.03152345941153282,-1.613,-0.185,0.232,1.632
hourglass,rubber_carpet,0.2,-0.5235987755982988,17.000157833099365,-0.3725615173493294,-0.14217591071798757,1.0110706633104092,-0.14589215995955818,0.21990896374011004,0.02949709801788989,-1.812,-0.368,0.396,1.73
hourglass,rubber_carpet,0.2,-0.5235987755982988,17.20006251335144,-0.33682497908906184,-0.13977296866415434,-0.21346951203027636,-0.11337326999553299,0.2119753711891615,0.025875740569006815,-1.919,-0.418,0.53,2.179
hourglass,rubber_carpet,0.2,-0.5235987755982988,17.400184869766235,-0.26769479566891796,-0.13979854363721939,-0.15698808700478523,-0.08672566458056252,0.20457767373292823,0.024875425158528884,-2.25,-0.634,0.726,2.375
hourglass,rubber_carpet,0.2,-0.5235987755982988,17.600194692611694,3.9589121337024356,-1.3349062686468451,0.7525942934958,-0.05372983145324084,0.19352023905789234,0.021839170616038073,-2.208,-0.706,0.651,2.434
hourglass,rubber_carpet,0.2,-0.5235987755982988,17.800190925598145,-0.23120651184815552,-0.13760204625998523,-0.14375209766937164,-0.021112807540973444,0.18256586838854122,0.01862078130885538,-2.496,-0.895,1.066,2.432
hourglass,rubber_carpet,0.2,0.5235987755982988,0.19997811317443848,0.0,0.0,0.0,-1.9488783080667815e-06,2.3628814497522743e-06,-9.364998993996454e-07,1.557,1.382,-1.283,-1.857
hourglass,rubber_carpet,0.2,0.5235987755982988,0.3999674320220947,0.0,0.0,0.0,0.012535293780163492,0.004626363743843287,0.001288663346904667,1.17,3.282,-3.362,-1.442
hourglass,rubber_carpet,0.2,0.5235987755982988,0.5999934673309326,0.0,0.0,0.0,0.032882293385079864,0.01144242285821434,0.002797509221125774,1.418,3.242,-3.494,-1.61
hourglass,rubber_carpet,0.2,0.5235987755982988,0.7999210357666016,0.0,0.0,0.0,0.0638628209664367,0.025230009682996324,0.005311542290319909,1.091,2.827,-2.916,-1.494
hourglass,rubber_carpet,0.2,0.5235987755982988,0.9998633861541748,0.0,0.0,0.0,0.0957273944792969,0.040695601958000205,0.005581320689916014,1.224,2.762,-2.86,-1.133
hourglass,rubber_carpet,0.2,0.5235987755982988,1.1998913288116455,0.0033013788817913836,-0.0025268662162982736,0.3526880987025236,0.12703256452790357,0.055238387260246546,0.004618375947960024,1.265,3.025,-3.055,-1.213
hourglass,rubber_carpet,0.2,0.5235987755982988,1.3999967575073242,0.0247106978673812,-0.004470525949929693,0.008084453194783514,0.16000809506468783,0.06896902787001999,0.006278262436139673,1.255,2.821,-3.015,-1.647
hourglass,rubber_carpet,0.2,0.5235987755982988,1.600043535232544,0.049442497535696364,-0.012746151348086598,0.032483894096494575,0.195308050982554,0.08631043054257237,0.008846065141891145,1.219,2.528,-2.657,-1.498
hourglass,rubber_carpet,0.2,0.5235987755982988,1.7999863624572754,0.08108485117752694,-0.02392089871313141,0.0009277345758506306,0.229898667320118,0.1042581274062192,0.008280207754474113,1.265,2.666,-2.771,-1.199
hourglass,rubber_carpet,0.2,0.5235987755982988,1.999976396560669,0.11479524929745882,-0.029523892966282883,0.02122172239768816,0.2653613453437291,0.11938196582119709,0.007383668373390009,1.658,3.173,-3.163,-1.648
hourglass,rubber_carpet,0.2,0.5235987755982988,2.1999518871307373,0.14640424770337118,-0.03971799443489088,0.36533403931973263,0.29983491660440187,0.13359038415526592,0.009078407568664168,1.276,2.599,-3.176,-1.633
hourglass,rubber_carpet,0.2,0.5235987755982988,2.400012969970703,0.1813131024092814,-0.046921288248471194,0.4365959479073623,0.3359219972908214,0.15282807389909392,0.008598735198209757,1.073,2.752,-2.858,-1.392
hourglass,rubber_carpet,0.2,0.5235987755982988,2.600006580352783,0.2176890501544856,-0.062325820847073554,-0.001081010924600917,0.37119690333062194,0.1700197658574611,0.0069059020245447675,1.356,2.885,-3.126,-1.425
hourglass,rubber_carpet,0.2,0.5235987755982988,2.7999696731567383,0.2522327540141801,-0.07268240347427285,-0.06808637084014471,0.406340608020213,0.18522584829323097,0.008060988259178267,1.223,2.572,-3.493,-1.853
hourglass,rubber_carpet,0.2,0.5235987755982988,2.9999477863311768,0.29106449214513885,-0.08296047049205196,0.03145479069728485,0.4428202398217169,0.20240988253312797,0.010257015282214593,1.132,2.863,-2.886,-1.812
hourglass,rubber_carpet,0.2,-1.5707963267948966,3.1998913288116455,0.32518772534374074,-0.08990774703149096,-0.0033844130723063026,0.4784004466854379,0.2198255310914961,0.009213317037092855,1.33,2.817,-3.258,-1.526
hourglass,rubber_carpet,0.2,-1.5707963267948966,3.400036096572876,0.35995175777457405,-0.09954121443660774,0.4360855798844252,0.49340244412460743,0.21709354662476793,0.007225348690363724,-0.968,-0.428,0.214,0.777
hourglass,rubber_carpet,0.2,-1.5707963267948966,3.6000289916992188,0.3936109789485127,-0.10502258406562004,-0.028082364893096096,0.4954658801469556,0.21546496096249151,0.00677662567574612,-1.746,-0.957,0.641,1.601
hourglass,rubber_carpet,0.2,-1.5707963267948966,3.800015449523926,0.43166258183627176,-0.11747956486232713,-0.02687537859835601,0.4969196497396571,0.21371796484228966,0.006551798881779862,-2.217,-1.577,1.274,2.135
hourglass,rubber_carpet,0.2,-1.5707963267948966,4.000042676925659,0.46696119051222024,-0.12385266526765315,0.4911052349787674,0.49915037512891147,0.21103018101443677,0.006464679060530415,-2.634,-2.221,1.893,2.391
hourglass,rubber_carpet,0.2,-1.5707963267948966,4.200005292892456,0.4898106645019741,-0.12367703156143078,-0.09297042744037493,0.5029582228994289,0.2059835898319174,0.0074670442363445125,-3.04,-2.856,2.434,2.792
hourglass,rubber_carpet,0.2,-1.5707963267948966,4.400003910064697,0.4950809129749894,-0.12647820412987032,-0.08962996711121624,0.5062901937264317,0.19905077690471673,0.006690441825009039,-3.054,-3.009,2.962,3.091
hourglass,rubber_carpet,0.2,-1.5707963267948966,4.599949598312378,0.49515145424464785,-0.12237550320177887,-0.05622011266765242,0.508747314518148,0.1861728341748669,0.000941203519504781,-2.733,-2.441,3.461,3.491
hourglass,rubber_carpet,0.2,-1.5707963267948966,4.7999677658081055,0.4988462508026622,-0.12270941785322786,-0.08266818633013534,0.5105015137517024,0.1648060452443214,-0.0073267585833265425,-2.63,-2.902,3.39,3.309
hourglass,rubber_carpet,0.2,-1.5707963267948966,5.000008583068848,0.5019702965992574,-0.11999922515295769,0.45091706457955755,0.5109559778599406,0.14029185921617576,-0.009449810545651263,-2.856,-2.548,2.976,3.343
hourglass,rubber_carpet,0.2,-1.5707963267948966,5.200003147125244,0.5061783689214312,-0.11528494203920864,-0.05506732938758521,0.5088855295646018,0.1110466260665382,-0.011275915082628887,-2.78,-2.903,3.456,3.193
hourglass,rubber_carpet,0.2,-1.5707963267948966,5.399862766265869,0.5105190921904605,-0.10908235163426472,-0.0211608964806477,0.5062711970346636,0.07856584498725064,-0.014043240288888759,-2.925,-2.315,3.236,3.465
hourglass,rubber_carpet,0.2,-1.5707963267948966,5.600149393081665,0.512757535440027,-0.08897310475060527,-0.045848922316461316,0.5037971327489239,0.042995196399428254,-0.014714177958113743,-2.633,-2.429,3.014,2.989
hourglass,rubber_carpet,0.2,-1.5707963267948966,5.800032377243042,0.5128713455794736,-0.06940391349938019,-0.06055948183460727,0.5000127701444197,0.008641808772518023,-0.01602228447639225,-2.667,-2.842,3.188,2.658
hourglass,rubber_carpet,0.2,-1.5707963267948966,5.9999871253967285,0.5156151891544409,-0.0538895158888672,-0.05230900564327573,0.495325654571267,-0.029097943815429475,-0.016584605689214903,-2.564,-2.46,3.004,2.95
hourglass,rubber_carpet,0.2,2.6179938779914944,6.199948310852051,0.518194234339013,-0.029220192998438532,-0.0431873693163331,0.49138083688703493,-0.06750823617528452,-0.016967271832829554,-2.732,-2.393,2.877,3.337
hourglass,rubber_carpet,0.2,2.6179938779914944,6.399946689605713,0.5210126366428509,-0.005108599487415766,0.0133351123624329,0.4748474445791049,-0.07309863184463361,-0.017360219812298273,-0.001,-1.81,2.09,0.257
hourglass,rubber_carpet,0.2,2.6179938779914944,6.5999674797058105,0.516685812642824,0.023048141369111652,-0.04433521057296266,0.44892220107940184,-0.07159398939964852,-0.01708328609408579,0.154,-1.156,1.641,0.018
hourglass,rubber_carpet,0.2,2.6179938779914944,6.799925088882446,0.5142390759176723,0.05422622770395408,-0.05929226573405749,0.4226633183144157,-0.06899450816258698,-0.01638344486733171,0.334,-0.951,1.408,-0.075
hourglass,rubber_carpet,0.2,2.6179938779914944,6.99992299079895,0.5198918422211596,0.08101005275971504,0.07718432345737757,0.38895052446851075,-0.06492836563362117,-0.015486142371386825,0.628,-0.679,0.962,-0.428
hourglass,rubber_carpet,0.2,2.6179938779914944,7.199862241744995,0.5220273730998959,0.08677624163562023,0.21747644482774764,0.35745171698292166,-0.06078899701585952,-0.01525596056273957,0.806,-0.303,0.61,-0.602
hourglass,rubber_carpet,0.2,2.6179938779914944,7.40000319480896,0.48057969575017484,0.09410280663927403,-0.04842397173823046,0.325505373257605,-0.05605685304736058,-0.014422225274005232,1.182,-0.154,0.473,-0.872
hourglass,rubber_carpet,0.2,2.6179938779914944,7.600032567977905,0.46346409613397094,0.08390809555937107,0.16295182292854726,0.29515175119853665,-0.05071158980205716,-0.013240324171198421,1.244,-0.01,0.061,-1.191
hourglass,rubber_carpet,0.2,2.6179938779914944,7.799949884414673,0.4206233006061046,0.08659185750976967,-0.0012413792597678053,0.26318548404244635,-0.04432539288529519,-0.012265167811389477,1.728,0.208,0.054,-1.466
hourglass,rubber_carpet,0.2,2.6179938779914944,7.999942779541016,0.38732762101752677,0.08240805219912326,0.020876216960817845,0.2288879864989568,-0.03617889449511413,-0.011092471080172701,1.619,0.228,-0.092,-1.765
hourglass,rubber_carpet,0.2,2.6179938779914944,8.200076818466187,0.34915475473308855,0.08194570923602648,0.02600958966961031,0.1996043990481431,-0.028946524476250304,-0.011165474544401068,2.286,0.536,-0.375,-2.113
hourglass,rubber_carpet,0.2,2.6179938779914944,8.399974346160889,0.3128861605308434,0.07685667074683095,0.06619060734784402,0.16464625344790984,-0.01765329062025836,-0.009038886987058764,2.216,0.749,-0.378,-2.181
hourglass,rubber_carpet,0.2,2.6179938779914944,8.600003719329834,0.27949110680705763,0.07003673641789365,0.07724361685036074,0.1317257145758315,-0.008260497097434871,-0.007361395938475665,2.36,0.889,-0.834,-2.184
hourglass,rubber_carpet,0.2,2.6179938779914944,8.800006866455078,0.243893656380532,0.06664645121574125,0.0994508679262331,0.09935955115303052,0.004558759760795755,-0.0056940475780141095,2.21,0.78,-0.917,-2.503
hourglass,rubber_carpet,0.2,2.6179938779914944,8.999979734420776,0.20638320349456832,0.05949162065741828,0.19572562697774443,0.0664917221171677,0.016080120628080286,-0.004261562680843815,2.222,0.86,-0.957,-2.746
hourglass,rubber_carpet,0.2,-2.6179938779914944,9.199942350387573,0.1689036884969107,0.050453676340271925,0.1092518567332358,0.03333214912604765,0.031217104028004483,-0.0033224308820880982,2.294,0.95,-0.995,-2.712
hourglass,rubber_carpet,0.2,-2.6179938779914944,9.399935483932495,0.1333250803609729,0.04670381897919154,0.14412865105393852,0.0012402437473189032,0.033558607557484854,-0.003094897593795269,0.535,-0.761,0.949,-0.734
hourglass,rubber_carpet,0.2,-2.6179938779914944,9.599979639053345,0.09573253836229982,0.03837393138549944,0.1417867637463217,-0.036724939133090606,0.036269063832635284,-0.0033767388468063514,0.241,-0.904,1.091,-0.281
hourglass,rubber_carpet,0.2,-2.6179938779914944,9.800030946731567,0.05559744167049639,0.03025502637884786,0.125527066976118,-0.07281698232993539,0.03789637832700915,-0.0036641939956931838,0.038,-1.182,1.316,-0.101
hourglass,rubber_carpet,0.2,-2.6179938779914944,9.999976634979248,0.022020243963468022,0.022755833931406566,-0.08696987236633652,-0.1083930320317874,0.038644603229169655,-0.004197894175096924,-0.255,-1.518,1.719,-0.03
hourglass,rubber_carpet,0.2,-2.6179938779914944,10.199955701828003,-0.019478771446441556,0.016372598534963256,0.02344087305938386,-0.14350857023268992,0.0386006508015915,-0.005938401730621594,-0.235,-1.487,1.971,0.512
hourglass,rubber_carpet,0.2,-2.6179938779914944,10.39984679222107,-0.060156043169554,0.011664153959022372,0.000534116825243347,-0.17806877603822913,0.03752444902579535,-0.005853205820125731,-0.436,-1.648,2.178,0.514
hourglass,rubber_carpet,0.2,-2.6179938779914944,10.600164651870728,-0.10438043828837401,0.011706527760679097,0.35606489838986544,-0.21242763810642207,0.035666699013016445,-0.007209740000822376,-0.815,-2.002,2.297,0.618
hourglass,rubber_carpet,0.2,-2.6179938779914944,10.800107479095459,-0.14265289760254818,0.01127342149700089,0.6305732010172624,-0.24713536846267226,0.032673121290768437,-0.007240632980131008,-0.627,-2.129,2.525,0.904
hourglass,rubber_carpet,0.2,-2.6179938779914944,10.999982118606567,-0.18083955087815395,0.011544140830609506,-0.09165989864027502,-0.2816839733341915,0.02856811125694514,-0.007937115188755513,-1.137,-2.444,2.572,0.538
hourglass,rubber_carpet,0.2,-2.6179938779914944,11.199987888336182,-0.21867848155331815,0.01253076778517831,-0.10322537689564054,-0.3166566578285337,0.023177223596687807,-0.008365850169960845,-0.746,-2.266,2.856,1.116
hourglass,rubber_carpet,0.2,-2.6179938779914944,11.399899959564209,-0.2569030495394684,0.013830773647198646,-0.08587681267591574,-0.34905513809671906,0.01721548899679609,-0.00937586374013593,-0.997,-2.235,2.612,0.831
hourglass,rubber_carpet,0.2,-2.6179938779914944,11.599939346313477,-0.2933609155493414,0.015829302363528086,-0.13356010319617745,-0.38699899912789026,0.00912559628821552,-0.00903233459695335,-0.846,-2.224,2.804,1.312
hourglass,rubber_carpet,0.2,-2.6179938779914944,11.799951076507568,-0.32992613374806007,0.021509580555178043,-0.19976033774188867,-0.42264479016002643,0.0004390093622793356,-0.01088001048842182,-1.022,-2.467,3.014,1.116
hourglass,rubber_carpet,0.2,-2.6179938779914944,11.999967813491821,-0.36613873833128135,0.023117617759439046,-0.2144015323134083,-0.4580285600136066,-0.008632478273477628,-0.010607645223860485,-1.194,-2.391,3.228,1.472
hourglass,rubber_carpet,0.2,1.5707963267948966,12.19994831085205,-0.4009776591368444,0.03074028785796462,-0.20397674181694753,-0.49373762961634715,-0.018085370499828557,-0.013499545025850539,-1.042,-2.425,3.201,1.441
hourglass,rubber_carpet,0.2,1.5707963267948966,12.399951219558716,-0.4463532997703921,0.03047955827347304,-0.09896403651582275,-0.5081585150583314,-0.013890108316847283,-0.012180938549548423,1.527,0.739,-0.455,-1.447
hourglass,rubber_carpet,0.2,1.5707963267948966,12.600014686584473,-0.4760708860756165,0.0428144615470302,-0.20493988873368763,-0.5091405583798537,-0.012612825915947978,-0.011933863584835919,2.11,1.329,-0.983,-2.132
hourglass,rubber_carpet,0.2,1.5707963267948966,12.799972534179688,-0.5135688883025962,0.049346556546876946,-0.2412174968783118,-0.5106274348601163,-0.010538884378318264,-0.011353597400682106,2.622,1.928,-1.626,-2.641
hourglass,rubber_carpet,0.2,1.5707963267948966,13.000001907348633,-0.5533580331005081,0.05560614492379545,-0.2097936586701017,-0.5127726593106168,-0.007060269625631943,-0.00983638808638293,2.781,2.46,-2.257,-3.095
hourglass,rubber_carpet,0.2,1.5707963267948966,13.19999098777771,-0.5721099728096055,0.061300520664712976,-0.24210955832883269,-0.5150374571165096,-0.00043376344244319687,-0.004895427241001504,2.703,2.372,-2.897,-3.527
hourglass,rubber_carpet,0.2,1.5707963267948966,13.399982929229736,-0.5764909148421129,0.060603460844612655,-0.23171110718619548,-0.5172537608554958,0.01100629201233183,0.003922420405727822,2.713,2.782,-3.291,-3.55
hourglass,rubber_carpet,0.2,1.5707963267948966,13.599998950958252,-0.5771107577390087,0.059487800805563956,-0.22959148977842614,-0.5215136536200599,0.027753277333251725,0.007288114360077716,2.519,3.001,-2.952,-3.148
hourglass,rubber_carpet,0.2,1.5707963267948966,13.799940824508667,-0.5823871602195392,0.056633680362118244,0.5796265516265872,-0.5208153374054744,0.05069944267071591,0.011507820680966493,2.868,2.617,-3.404,-3.531
hourglass,rubber_carpet,0.2,1.5707963267948966,13.999999761581421,-0.5723975589028201,0.056129524265841974,0.9912052824451711,-0.5177267932099698,0.07151660162667911,0.02297453484218683,2.753,2.76,-3.073,-3.548
hourglass,rubber_carpet,0.2,1.5707963267948966,14.199978828430176,-0.5858590017298535,0.043249986740035634,-0.23108706837350335,-0.5180476512173905,0.09867819347063722,0.02684569288843572,2.548,2.9,-3.425,-3.532
hourglass,rubber_carpet,0.2,1.5707963267948966,14.399969816207886,-0.5901376182490576,0.03148551853585596,0.9735545832222791,-0.5181190647893715,0.13169396708292141,0.026495118980609612,3.008,3.271,-2.995,-3.523
hourglass,rubber_carpet,0.2,1.5707963267948966,14.600021123886108,-0.5864009582577292,0.016462554632675264,-0.27214203158696143,-0.5187051915426081,0.167483285351673,0.025814600691290848,2.586,2.774,-2.747,-3.539
hourglass,rubber_carpet,0.2,1.5707963267948966,14.799996614456177,-0.5844954098050756,0.0016233185415746032,-0.2700953033527096,-0.5195306181973038,0.20245242507770433,0.02301671262648245,2.486,2.696,-3.023,-3.564
hourglass,rubber_carpet,0.2,1.5707963267948966,14.999979496002197,-0.5810136107777435,-0.01451630950822147,-0.281854247373732,-0.5194163268437175,0.24454155207439854,0.021568634492843335,2.869,3.02,-2.969,-2.988
hourglass,rubber_carpet,0.2,-0.5235987755982988,15.200019836425781,-0.5911305345088085,-0.04411941082703924,-0.2652601524055291,-0.5181601652768415,0.2803487064656056,0.022137549398015596,2.606,3.0,-2.684,-3.057
hourglass,rubber_carpet,0.2,-0.5235987755982988,15.400014877319336,-0.5933652021059308,-0.06534199354818587,0.5981178646675556,-0.5024435127849806,0.29359052379822737,0.018776673195138347,0.105,1.99,-1.886,-0.648
hourglass,rubber_carpet,0.2,-0.5235987755982988,15.599959373474121,-0.5955779645886703,-0.09256357800234166,-0.26981895653360805,-0.47755395795271094,0.2938884956980623,0.01702138559445328,-0.064,1.623,-1.875,-0.431
hourglass,rubber_carpet,0.2,-0.5235987755982988,15.799941539764404,-0.5953988277432569,-0.12161482448070182,-0.2937626138419718,-0.44923485919590944,0.29324526656082367,0.016645599403328184,-0.4,1.348,-1.152,-0.042
hourglass,rubber_carpet,0.2,-0.5235987755982988,15.999947547912598,-0.5989998409081001,-0.15255110964221358,0.5999981932670209,-0.4207239105784205,0.29175587944278414,0.015719741132179076,-0.716,1.12,-1.124,0.077
hourglass,rubber_carpet,0.2,-0.5235987755982988,16.199928283691406,-0.5909152275680172,-0.16677985777570686,-0.27547001869017546,-0.38755912840474416,0.2893564925597626,0.01477142095998124,-0.865,0.645,-0.632,0.269
hourglass,rubber_carpet,0.2,-0.5235987755982988,16.399969339370728,-0.5674968073725923,-0.16847241156526943,-0.23434255469091797,-0.3560157367625951,0.28660345178683094,0.014265412442494976,-1.18,0.427,-0.404,0.65
hourglass,rubber_carpet,0.2,-0.5235987755982988,16.59996724128723,-0.5399659829545727,-0.1690798361587023,-0.23562611351338447,-0.32371116438994485,0.28292590424684855,0.012929216850731555,-1.448,0.21,-0.287,0.981
hourglass,rubber_carpet,0.2,-0.5235987755982988,16.800019025802612,-0.5087000767278598,-0.16773468642671135,0.5961463718654512,-0.29068674915767156,0.27802653185800325,0.011513442408227513,-1.398,0.027,0.107,1.148
hourglass,rubber_carpet,0.2,-0.5235987755982988,17.000020503997803,-0.46387772538339395,-0.1606526586020155,1.0435333454027313,-0.2573117083024792,0.27250112913587987,0.010153018356775977,-1.649,-0.382,0.454,1.501
hourglass,rubber_carpet,0.2,-0.5235987755982988,17.1999671459198,-0.4354988446247417,-0.163450238357221,-0.2188180056282888,-0.22398124822859367,0.2653598789670752,0.007501706194720424,-2.057,-0.365,0.392,1.837
hourglass,rubber_carpet,0.2,-0.5235987755982988,17.399965286254883,-0.395209757885754,-0.1584366050376343,-0.23244463272531574,-0.1911873805994857,0.2581539270907609,0.005959765022300723,-2.038,-0.373,0.593,2.091
hourglass,rubber_carpet,0.2,-0.5235987755982988,17.599985599517822,-0.364651526046964,-0.16050934562215685,0.548197393385581,-0.1587768091419297,0.2482206651925336,0.0034447243409002626,-2.191,-0.577,0.717,2.1
hourglass,rubber_carpet,0.2,-0.5235987755982988,17.799956560134888,-0.3228494432707261,-0.15496444302230222,-0.21691841231916592,-0.12616272687122554,0.238831275926286,0.002047287877103718,-2.078,-0.778,0.942,2.442
hourglass,rubber_carpet,0.2,-0.5235987755982988,17.999953746795654,-0.29045678415817516,-0.15384769606834875,0.5117957598229907,-0.09393609841826134,0.22586533563065164,0.00010957077831080797,-2.363,-0.798,0.992,2.729
