motion_type,surface,velocity,target_angle,time,aruco_x,aruco_y,aruco_theta,odom_x,odom_y,odom_theta,wheel_joint_fl,wheel_joint_fr,wheel_joint_bl,wheel_joint_br
spin,grass,0.5,0,0.19964289665222168,0.0,0.0,0.0,3.69237782460452e-07,-9.624684570441744e-06,8.542717643500453e-06,1.414,1.373,1.68,1.763
spin,grass,0.5,0,0.39957666397094727,0.0,0.0,0.0,0.00042373105041848547,-0.0007747375847335647,0.01738064637555048,2.029,2.166,2.054,2.344
spin,grass,0.5,0,0.5996637344360352,0.0,0.0,0.0,0.0011278694094358221,-0.001169987768941283,0.04569537295942949,1.783,1.795,1.965,1.807
spin,grass,0.5,0,0.799689769744873,0.0,0.0,0.0,0.0016206323823870772,-0.0017875572216448088,0.07079834959802023,1.375,1.395,1.923,1.58
spin,grass,0.5,0,0.9996480941772461,0.0,0.0,0.0,0.0013984404695396302,-0.002071550179816972,0.09555809252960334,1.388,1.456,1.72,2.218
spin,grass,0.5,0,1.1998136043548584,0.0,0.0,0.0,0.0011265261471861132,-0.0024902548433598515,0.11754605853021816,1.608,1.646,1.437,1.965
spin,grass,0.5,0,1.3996901512145996,0.0,0.0,0.0,0.0022509360283278768,-0.0025055617729774493,0.1375517018097927,1.375,1.512,1.519,1.335
spin,grass,0.5,0,1.5996625423431396,0.0,0.0,0.0,0.002785743126094975,-0.003562031812098132,0.15433025078238638,1.708,1.57,1.634,2.282
spin,grass,0.5,0,1.7996983528137207,0.0,0.0,0.0,0.0014547081179023813,-0.002736811240993786,0.1695092903280968,1.469,1.333,1.69,1.984
spin,grass,0.5,0,1.999619722366333,0.0,0.0,0.0,0.0012261057028305489,-0.0025001365094594608,0.18225280902187668,1.682,1.446,1.385,2.133
spin,grass,0.5,0,2.199639081954956,0.0,0.0,0.0,0.0017461385198180857,-0.0019339161095111024,0.190956908736575,1.578,1.438,1.523,1.641
spin,grass,0.5,0,2.399705410003662,0.0,0.0,0.0,0.00236617035157366,-0.004233088380502181,0.19825905277353584,1.259,1.667,1.985,1.653
spin,grass,0.5,0,2.599560499191284,0.0,0.0,0.0,0.002458330829526012,-0.006722672742307756,0.20311283534155833,1.233,1.486,1.994,2.424
spin,grass,0.5,0,2.799600124359131,0.0,0.0,0.0,0.0031146305251908424,-0.0066848848304821296,0.2054368500335939,1.305,1.737,1.542,2.406
spin,grass,0.5,0,2.9996256828308105,0.0,0.0,0.0,0.0039764016959671356,-0.006445887219574065,0.20517533733899618,1.364,1.627,1.515,2.222
spin,grass,0.5,0,3.1995792388916016,4.995054682254578,2.807477284909453,-0.5552598591436955,0.0053553176061814645,-0.009052955918269046,0.20231001734134324,1.516,1.47,2.233,2.613
spin,grass,0.5,0,3.3996832370758057,4.797484501990258,2.69547120631869,-0.5465330740022407,0.00460168433700997,-0.008775195705338579,0.19742458551495046,1.439,1.481,1.927,2.365
spin,grass,0.5,0,3.5996289253234863,4.797484501990258,2.69547120631869,-0.5465330740022407,0.005014690660096521,-0.010109458089646806,0.1894873349704962,1.272,1.608,2.185,2.426
spin,grass,0.5,0,3.799684762954712,4.797484501990258,2.69547120631869,-0.5465330740022407,0.005880460252696396,-0.013360047015139376,0.18003989120019248,1.125,1.323,2.237,2.311
spin,grass,0.5,0,3.999702215194702,4.797484501990258,2.69547120631869,-0.5465330740022407,0.005773142041187729,-0.015137235845885444,0.16797458550420452,1.576,1.303,2.185,2.608
spin,grass,0.5,0,4.199702501296997,4.797484501990258,2.69547120631869,-0.5465330740022407,0.003978161874117536,-0.016316947138551807,0.1528469613976835,1.969,1.205,2.435,1.878
spin,grass,0.5,0,4.399597406387329,4.797484501990258,2.69547120631869,-0.5465330740022407,0.0030159827304817033,-0.016613718152345136,0.13527696897712382,1.736,1.527,2.19,2.43
spin,grass,0.5,0,4.599599838256836,4.797484501990258,2.69547120631869,-0.5465330740022407,0.0010618890244449286,-0.014595133656601922,0.11431834319127065,1.478,1.661,1.49,2.367
spin,grass,0.5,0,4.799602746963501,4.797484501990258,2.69547120631869,-0.5465330740022407,0.0021254466064028477,-0.013191837400821527,0.09412036243753452,1.364,1.469,1.425,2.414
spin,grass,0.5,0,4.9996583461761475,4.797484501990258,2.69547120631869,-0.5465330740022407,0.002416251476792697,-0.013362442517970363,0.07024452614575805,1.471,1.013,1.8,2.444
spin,grass,0.5,0,5.199627161026001,4.797484501990258,2.69547120631869,-0.5465330740022407,0.0027565003021227663,-0.013513843339935105,0.04290483347780272,2.004,1.123,1.959,2.317
spin,grass,0.5,0,5.399626970291138,4.797484501990258,2.69547120631869,-0.5465330740022407,0.0015103861137462649,-0.013863525571657043,0.014657797683672591,1.799,1.345,2.164,2.128
spin,grass,0.5,0,5.599583625793457,4.797484501990258,2.69547120631869,-0.5465330740022407,0.0004844427742405899,-0.015254039264904984,-0.015675646293340395,1.684,1.509,1.466,2.327
spin,grass,0.5,0,5.799710273742676,4.797484501990258,2.69547120631869,-0.5465330740022407,0.00042589620104205306,-0.014518704013482653,-0.05144609639098863,1.497,1.108,1.8,2.214
spin,grass,0.5,0,5.999617576599121,4.797484501990258,2.69547120631869,-0.5465330740022407,-6.986333725894633e-05,-0.01493295584777421,-0.08404544622750165,1.311,1.087,2.046,2.026
spin,grass,0.5,0,6.199611186981201,4.797484501990258,2.69547120631869,-0.5465330740022407,-0.0013577610093701287,-0.015294191507394972,-0.11958075038647997,1.8,1.449,2.27,2.235
spin,grass,0.5,0,6.399702072143555,4.797484501990258,2.69547120631869,-0.5465330740022407,-0.0005885749674288676,-0.016233682849960296,-0.15640203723657642,1.387,1.585,1.586,2.313
spin,grass,0.5,0,6.599598169326782,4.797484501990258,2.69547120631869,-0.5465330740022407,0.0010628281097084247,-0.015642834313048137,-0.19804493352101527,1.337,1.38,2.234,2.158
spin,grass,0.5,0,6.7998974323272705,4.797484501990258,2.69547120631869,-0.5465330740022407,-0.00035450541532688895,-0.013835086914211647,-0.23650158495799845,1.293,1.444,2.186,2.261
spin,grass,0.5,0,6.999692916870117,4.797484501990258,2.69547120631869,-0.5465330740022407,0.001091535252235487,-0.012910632282852719,-0.278371159435826,1.495,1.517,2.126,2.147
spin,grass,0.5,0,7.199668645858765,4.797484501990258,2.69547120631869,-0.5465330740022407,0.002581432244833981,-0.012800780457656202,-0.321088284917326,1.117,1.491,1.994,2.087
spin,grass,0.5,0,7.399723768234253,4.797484501990258,2.69547120631869,-0.5465330740022407,0.003522194829086278,-0.013059468884819125,-0.3644664117717141,1.213,1.259,2.222,2.061
spin,grass,0.5,0,7.599794387817383,4.588507345153241,2.5814572930929276,-1.00448776724791,0.00413930606105678,-0.012741798489419365,-0.41100820838581226,1.565,1.337,2.234,2.085
spin,grass,0.5,0,7.7996907234191895,4.588507345153241,2.5814572930929276,-1.00448776724791,0.004680321007222321,-0.011739000566359126,-0.4571633145126345,1.558,1.296,2.409,2.493
spin,grass,0.5,0,7.999645948410034,4.588507345153241,2.5814572930929276,-1.00448776724791,0.007677549228685021,-0.009527283447333446,-0.50299665026089,1.251,1.068,2.453,2.395
spin,grass,0.5,0,8.199686765670776,4.588507345153241,2.5814572930929276,-1.00448776724791,0.007829628968600566,-0.010038771847777461,-0.5515932588104122,1.177,1.478,2.174,2.04
spin,grass,0.5,0,8.399727582931519,4.588507345153241,2.5814572930929276,-1.00448776724791,0.006705122590180468,-0.010838715873644489,-0.6003115004683705,1.387,1.421,1.824,1.86
spin,grass,0.5,0,8.59955906867981,4.588507345153241,2.5814572930929276,-1.00448776724791,0.00618307505795046,-0.012195574836227019,-0.650713941429891,1.678,1.369,2.033,2.018
spin,grass,0.5,0,8.7997145652771,4.797484501990258,2.69547120631869,-0.5465330740022407,0.005370657069150464,-0.013833874801306267,-0.7026795378464509,1.617,1.281,1.542,2.251
spin,grass,0.5,0,8.999634265899658,4.797484501990258,2.69547120631869,-0.5465330740022407,0.005213443811583174,-0.014859145781960903,-0.7505102993519239,1.238,1.423,1.412,2.547
spin,grass,0.5,0,9.19960355758667,4.797484501990258,2.69547120631869,-0.5465330740022407,0.00638078815827664,-0.014762333353000034,-0.7997206912503367,1.393,1.07,1.879,2.277
spin,grass,0.5,0,9.399687767028809,4.797484501990258,2.69547120631869,-0.5465330740022407,0.006394490712283263,-0.016175822617931823,-0.8503560213585607,1.913,1.068,1.844,2.063
spin,grass,0.5,0,9.599684953689575,4.797484501990258,2.69547120631869,-0.5465330740022407,0.0063558181615542275,-0.018429307888269797,-0.901709012631954,1.698,1.592,1.913,1.744
spin,grass,0.5,0,9.799554586410522,4.797484501990258,2.69547120631869,-0.5465330740022407,0.007173992747891655,-0.019719615123728218,-0.9576592430261669,1.329,1.65,2.106,1.97
spin,grass,0.5,0,9.999712228775024,4.797484501990258,2.69547120631869,-0.5465330740022407,0.008373311223070556,-0.020279144427136186,-1.0013289811551498,1.579,1.616,1.501,2.258
circle_spin,grass,0.2,0,0.19997286796569824,0.0,0.0,0.0,-7.35618313374431e-07,-4.144771020730964e-06,-4.610115593883801e-06,-0.112,-0.23,1.23,1.235
circle_spin,grass,0.2,0,0.40061330795288086,0.0,0.0,0.0,0.01333260832482247,0.008583188883606374,-0.06414847609290023,1.184,3.116,2.277,4.097
circle_spin,grass,0.2,0,0.6005489826202393,0.0,0.0,0.0,0.045232667158851436,0.02529626890394071,-0.17234704853875,1.349,2.564,1.985,4.318
circle_spin,grass,0.2,0,0.800480842590332,0.0,0.0,0.0,0.07623365158485607,0.0510191977788686,-0.28652772983154634,1.612,2.104,1.263,3.276
circle_spin,grass,0.2,0,1.000321865081787,0.0,0.0,0.0,0.1011438134203318,0.08835706506701424,-0.40429430189632026,1.36,0.897,1.559,2.914
circle_spin,grass,0.2,0,1.2005372047424316,0.0,0.0,0.0,0.1128553482268444,0.12414289886803587,-0.4964727396037731,1.377,2.581,1.431,2.646
circle_spin,grass,0.2,0,1.4000864028930664,4.382456723519555,2.463292258363728,2.2950839733350064,0.11233355193618699,0.166931121994758,-0.5935449014341536,1.327,2.401,1.168,3.541
circle_spin,grass,0.2,0,1.599949598312378,4.382456723519555,2.463292258363728,2.2950839733350064,0.10059404766771363,0.2053023797990794,-0.6691039738984883,1.916,1.755,1.464,2.014
circle_spin,grass,0.2,0,1.8002145290374756,4.382456723519555,2.463292258363728,2.2950839733350064,0.07850677180845594,0.23920583655912497,-0.730587700178644,1.607,2.764,1.561,1.261
circle_spin,grass,0.2,0,1.999995470046997,4.382456723519555,2.463292258363728,2.2950839733350064,0.05325330966103531,0.26420837083350623,-0.7735127221547464,1.494,0.347,1.168,1.08
circle_spin,grass,0.2,0,2.199937343597412,4.382456723519555,2.463292258363728,2.2950839733350064,0.017886287210226115,0.2824518976496069,-0.8040766796665955,1.462,2.886,1.599,3.981
circle_spin,grass,0.2,0,2.399933099746704,4.382456723519555,2.463292258363728,2.2950839733350064,-0.020913846941725933,0.29103386243002594,-0.8179201911946041,1.14,1.449,1.995,1.168
circle_spin,grass,0.2,0,2.5999555587768555,4.382456723519555,2.463292258363728,2.2950839733350064,-0.06508300649641222,0.2876335249885754,-0.8130505103581993,1.212,2.227,1.778,2.197
circle_spin,grass,0.2,0,2.8000197410583496,4.382456723519555,2.463292258363728,2.2950839733350064,-0.10007749106309625,0.27521339953664825,-0.7927404265141182,1.188,2.998,1.756,3.621
circle_spin,grass,0.2,0,2.999950408935547,4.382456723519555,2.463292258363728,2.2950839733350064,-0.13339019680593744,0.2504672727951818,-0.7500884410688007,0.938,1.586,1.637,2.677
circle_spin,grass,0.2,0,3.1999638080596924,4.382456723519555,2.463292258363728,2.2950839733350064,-0.1561726777823247,0.22219018998022844,-0.6992077965662473,1.512,2.803,1.781,3.578
circle_spin,grass,0.2,0,3.3999364376068115,4.382456723519555,2.463292258363728,2.2950839733350064,-0.17340059015635467,0.18189750637304203,-0.621742850535113,1.326,2.485,1.717,2.256
circle_spin,grass,0.2,0,3.5999488830566406,4.382456723519555,2.463292258363728,2.2950839733350064,-0.1789167158648143,0.14606137899277083,-0.5441883922200612,1.486,3.5,1.711,4.362
circle_spin,grass,0.2,0,3.79996657371521,4.382456723519555,2.463292258363728,2.2950839733350064,-0.17634178533097178,0.10718314595297374,-0.44703690467515805,1.583,3.199,1.292,3.982
circle_spin,grass,0.2,0,3.9999542236328125,4.382456723519555,2.463292258363728,2.2950839733350064,-0.1617153178205345,0.06545883212817555,-0.3280679030298979,1.25,2.596,1.801,1.395
circle_spin,grass,0.2,0,4.199975490570068,4.382456723519555,2.463292258363728,2.2950839733350064,-0.13994392846727477,0.03489819690664553,-0.21915103330688268,1.883,1.934,1.596,3.253
circle_spin,grass,0.2,0,4.400004148483276,4.382456723519555,2.463292258363728,2.2950839733350064,-0.10826950367778797,0.010668110792568686,-0.09443789582403006,1.218,1.708,2.032,3.866
circle_spin,grass,0.2,0,4.599951982498169,4.382456723519555,2.463292258363728,2.2950839733350064,-0.06721735753829983,-0.006047278841581516,0.0485834196637778,1.32,0.876,1.635,1.393
circle_spin,grass,0.2,-3.141592653589793,0.19995403289794922,0.0,0.0,0.0,2.7463978558017743e-06,1.6973684199839134e-06,5.619756006901289e-06,1.153,1.067,1.218,1.725
circle_spin,grass,0.2,-3.141592653589793,0.3999593257904053,0.0,0.0,0.0,-0.0198383625826003,-0.0038347332044210147,-0.047773912939032465,-1.972,-2.202,-1.758,-2.48
circle_spin,grass,0.2,-3.141592653589793,0.5999672412872314,0.0,0.0,0.0,-0.05493905451220338,-0.004003381120838312,-0.1334310163625335,-1.38,-2.102,-1.451,-2.184
circle_spin,grass,0.2,-3.141592653589793,0.8000009059906006,0.0,0.0,0.0,-0.09326966182076563,0.0009299802694605619,-0.233544716725439,-1.14,-1.045,-1.983,-2.305
circle_spin,grass,0.2,-3.141592653589793,0.9999630451202393,0.0,0.0,0.0,-0.12902565168439162,0.014976276370078645,-0.3365407999705232,-1.246,-2.189,-2.053,-2.8
circle_spin,grass,0.2,-3.141592653589793,1.199967861175537,0.0,0.0,0.0,-0.16079839151906045,0.038698273269462236,-0.4426609413673716,-1.183,-1.362,-1.712,-2.123
circle_spin,grass,0.2,-3.141592653589793,1.3999607563018799,0.0,0.0,0.0,-0.1852639252590257,0.06862650909557838,-0.5488840761685349,-1.284,-1.661,-2.246,-1.267
circle_spin,grass,0.2,-3.141592653589793,1.5999422073364258,0.0,0.0,0.0,-0.20149939853748686,0.10516749435955147,-0.6510164659058119,-1.261,-2.573,-1.631,-2.948
circle_spin,grass,0.2,-3.141592653589793,1.799966812133789,0.0,0.0,0.0,-0.2090197506693987,0.14459714372028581,-0.7458613418959243,-0.878,-2.581,-1.635,-1.612
circle_spin,grass,0.2,-3.141592653589793,2.0003652572631836,0.0,0.0,0.0,-0.20693153169755896,0.18270862498529367,-0.8274964535927838,-1.168,-1.928,-2.157,-0.801
circle_spin,grass,0.2,-3.141592653589793,2.1999454498291016,0.0,0.0,0.0,-0.19301181706511744,0.2216981896589723,-0.902466249319721,-1.067,-1.505,-1.551,-2.504
circle_spin,grass,0.2,-3.141592653589793,2.3999271392822266,0.0,0.0,0.0,-0.1702872758970615,0.253322725919159,-0.9618112770203088,-1.11,-1.004,-1.567,-1.948
circle_spin,grass,0.2,-3.141592653589793,2.600346803665161,4.797484501990258,2.69547120631869,-0.5465330740022407,-0.13864548216035158,0.2779936243656697,-1.0064387654982057,-1.233,-1.032,-2.237,-2.376
circle_spin,grass,0.2,-3.141592653589793,2.799928903579712,4.797484501990258,2.69547120631869,-0.5465330740022407,-0.10308969437829002,0.29416706938943765,-1.0339922088211273,-1.217,-1.226,-1.836,-2.322
circle_spin,grass,0.2,-3.141592653589793,2.9999446868896484,4.797484501990258,2.69547120631869,-0.5465330740022407,-0.06433453489438248,0.3021629917920015,-1.0448276321019478,-0.62,-1.746,-2.08,-2.026
circle_spin,grass,0.2,-3.141592653589793,3.199941873550415,4.797484501990258,2.69547120631869,-0.5465330740022407,-0.025263813289248815,0.299277963867643,-1.0380816569991391,-0.794,-0.857,-1.602,-1.681
circle_spin,grass,0.2,-3.141592653589793,3.400036334991455,4.797484501990258,2.69547120631869,-0.5465330740022407,0.012505531268418274,0.28530430111852983,-1.0138609335939612,-1.238,-0.815,-1.474,-0.321
circle_spin,grass,0.2,-3.141592653589793,3.5999722480773926,4.797484501990258,2.69547120631869,-0.5465330740022407,0.04604991375880424,0.26205580494387787,-0.9726852559864996,-1.065,-0.955,-1.997,-1.88
circle_spin,grass,0.2,-3.141592653589793,3.7999298572540283,4.797484501990258,2.69547120631869,-0.5465330740022407,0.07073294884660314,0.23059572406792522,-0.91633967034734,-0.857,-1.456,-1.639,-1.679
circle_spin,grass,0.2,-3.141592653589793,3.999955654144287,4.797484501990258,2.69547120631869,-0.5465330740022407,0.08648651884732766,0.19381731049568268,-0.8435794231125447,-1.17,-2.247,-1.567,-1.91
circle_spin,grass,0.2,-3.141592653589793,4.1999194622039795,4.797484501990258,2.69547120631869,-0.5465330740022407,0.09318135080320245,0.15512495825715727,-0.7578309624500471,-1.033,-2.011,-1.951,-2.519
circle_spin,grass,0.2,-3.141592653589793,4.399945974349976,4.797484501990258,2.69547120631869,-0.5465330740022407,0.0873420111313904,0.11692042892531479,-0.6584437989555172,-1.082,-1.599,-1.803,-2.836
circle_spin,grass,0.2,-3.141592653589793,4.599954128265381,4.797484501990258,2.69547120631869,-0.5465330740022407,0.07285710496579278,0.08088645837372438,-0.5492219812630627,-0.721,-1.623,-2.098,-2.867
spin,grass,0.2,0,0.2000417709350586,0.0,0.0,0.0,1.9215407944805918e-06,-1.2326985456834194e-06,6.188778674032225e-06,-0.783,-1.137,-1.694,-1.998
spin,grass,0.2,0,0.3999063968658447,0.0,0.0,0.0,0.0004443531597760897,-0.00025911748054774364,0.0077781111243390155,-1.159,-1.589,-2.162,-2.469
spin,grass,0.2,0,0.6002414226531982,0.0,0.0,0.0,0.0006696324782354268,-0.00026604158191162464,0.020445973502718096,-1.173,-1.446,-1.815,-2.311
spin,grass,0.2,0,0.8000197410583496,0.0,0.0,0.0,-0.0013380205986981697,0.001141413300167815,0.03865951380340582,-1.229,-1.256,-1.927,-1.82
spin,grass,0.2,0,0.9998495578765869,0.0,0.0,0.0,-0.005155560775699286,0.0023014634175448356,0.05602271169465606,-1.59,-1.567,-1.804,-1.526
spin,grass,0.2,0,1.1998693943023682,0.0,0.0,0.0,-0.0077250332388733856,0.005088713773154563,0.07820559135436356,-1.247,-1.276,-1.645,-2.035
spin,grass,0.2,0,1.4000205993652344,0.0,0.0,0.0,-0.007975474977229974,0.002477990917114037,0.09868073620436688,-0.997,-1.071,-1.988,-1.816
spin,grass,0.2,0,1.5998470783233643,0.0,0.0,0.0,-0.010461309899437166,0.005664048412711398,0.11772819638440632,-1.659,-1.829,-1.542,-1.738
spin,grass,0.2,0,1.800438404083252,0.0,0.0,0.0,-0.011150117249221297,0.008868317082403765,0.13219970800353184,-1.603,-1.54,-1.593,-1.692
spin,grass,0.2,0,1.9999005794525146,0.0,0.0,0.0,-0.012006252336296847,0.010138336804872972,0.15489795020968647,-1.032,-1.226,-1.433,-1.525
spin,grass,0.2,0,2.199978828430176,0.0,0.0,0.0,-0.010867685401139165,0.009417229667494587,0.17446517811902512,-1.084,-1.502,-1.961,-2.232
spin,grass,0.2,0,2.400035858154297,0.0,0.0,0.0,-0.009286649656187196,0.008284792255473905,0.19139617662519576,-1.286,-1.459,-1.996,-2.379
spin,grass,0.2,0,2.599883794784546,0.0,0.0,0.0,-0.006576494804386573,0.005343566610197914,0.21002100829099055,-1.013,-1.279,-1.629,-2.355
spin,grass,0.2,0,2.8000071048736572,0.0,0.0,0.0,-0.005768078494038542,0.0028462901228748505,0.2298809824036984,-0.956,-1.103,-2.034,-1.991
spin,grass,0.2,0,2.999877452850342,0.0,0.0,0.0,-0.007031076807756276,0.002207698584109019,0.2485544475077559,-1.267,-1.417,-1.935,-2.082
spin,grass,0.2,0,3.2002499103546143,0.0,0.0,0.0,-0.007363970287958321,0.0012368276036786585,0.26892013897152667,-1.129,-1.18,-1.936,-2.351
spin,grass,0.2,0,3.3999500274658203,0.0,0.0,0.0,-0.007903224982652335,-0.0006362853538228186,0.2893986710864771,-1.314,-1.165,-1.869,-2.074
spin,grass,0.2,0,3.599851608276367,0.0,0.0,0.0,-0.010002640066753249,0.0022737232523204476,0.3068474077101394,-1.808,-1.659,-1.858,-1.764
spin,grass,0.2,0,3.8002002239227295,0.0,0.0,0.0,-0.010810706069946385,0.006738808484667624,0.32621104235509096,-1.619,-1.505,-1.832,-2.146
spin,grass,0.2,0,4.00014066696167,0.0,0.0,0.0,-0.010855682094372598,0.00503151410534608,0.34937674731387647,-1.016,-1.121,-1.687,-1.857
spin,grass,0.2,0,4.1998584270477295,0.0,0.0,0.0,-0.012187109135908286,0.005639169248771669,0.3737748632561477,-1.395,-1.23,-1.862,-1.918
spin,grass,0.2,0,4.40053391456604,0.0,0.0,0.0,-0.012120588826798062,0.004264008938239416,0.38813859789736477,-1.4,-1.474,-2.061,-2.526
spin,grass,0.2,0,4.5998547077178955,0.0,0.0,0.0,-0.01112424636122153,0.0034494462092114486,0.4104255501745323,-1.34,-1.104,-1.753,-1.8
spin,grass,0.2,0,4.799861907958984,0.0,0.0,0.0,-0.013320800328075616,0.004035305638782405,0.43057737667780555,-1.495,-1.329,-2.303,-1.881
spin,grass,0.2,0,4.999910831451416,0.0,0.0,0.0,-0.0132693762424409,0.005832271978256809,0.44821507064505006,-1.482,-1.631,-1.875,-2.003
spin,grass,0.2,0,5.200261831283569,0.0,0.0,0.0,-0.01079340922329719,0.006500247681073823,0.4663786409005734,-1.164,-1.508,-1.542,-1.912
spin,grass,0.2,0,5.400007963180542,0.0,0.0,0.0,-0.009340159558691635,0.006823623271468182,0.4865109389653043,-1.234,-1.661,-1.996,-1.77
spin,grass,0.2,0,5.600462198257446,0.0,0.0,0.0,-0.008510351587615067,0.006982364331479085,0.5084527449110282,-1.345,-1.562,-1.822,-2.258
spin,grass,0.2,0,5.8005969524383545,0.0,0.0,0.0,-0.007820981423905193,0.007087929603943277,0.5258341209461517,-1.468,-1.658,-1.97,-2.285
spin,grass,0.2,0,6.000629663467407,0.0,0.0,0.0,-0.008084999847241203,0.004451396271090091,0.5451666527617381,-1.009,-1.154,-1.767,-2.06
spin,grass,0.2,0,6.20039963722229,0.0,0.0,0.0,-0.007345873410010834,0.005020680474596972,0.5682618169823239,-1.304,-1.847,-1.46,-1.893
spin,grass,0.2,0,6.400439739227295,0.0,0.0,0.0,-0.004138490039262976,0.006550786170126555,0.584901778451667,-1.583,-1.946,-1.546,-2.298
spin,grass,0.2,0,6.600132942199707,0.0,0.0,0.0,-0.0026153973897758143,0.009805384850636756,0.6049265475658028,-1.455,-1.403,-1.477,-1.574
spin,grass,0.2,0,6.799956560134888,0.0,0.0,0.0,-0.0030694077772416006,0.010951332998946517,0.6262201951613109,-1.273,-1.648,-1.557,-2.152
spin,grass,0.2,0,7.0002827644348145,5.21282531869518,2.926815831528626,0.6031083335564666,-0.0038037796845653282,0.010407530643222695,0.6421625509583335,-1.626,-1.635,-2.133,-2.048
spin,grass,0.2,0,7.2001378536224365,5.21282531869518,2.926815831528626,0.6031083335564666,-0.00606136404755378,0.011825569304991512,0.6594889593460838,-1.35,-1.279,-1.626,-1.564
spin,grass,0.2,0,7.399900197982788,5.21282531869518,2.926815831528626,0.6031083335564666,-0.00519074480707829,0.013023929210065732,0.6830188747834224,-1.105,-1.664,-1.68,-1.781
spin,grass,0.2,0,7.599849700927734,5.21282531869518,2.926815831528626,0.6031083335564666,-0.00649237099606545,0.010487794307194487,0.7001491338950163,-1.489,-1.655,-2.12,-2.306
spin,grass,0.2,0,7.799858808517456,5.21282531869518,2.926815831528626,0.6031083335564666,-0.007671507571618885,0.009260223933318212,0.7152506087496149,-1.057,-1.222,-1.778,-1.9
spin,grass,0.2,0,7.999853134155273,5.21282531869518,2.926815831528626,0.6031083335564666,-0.009774221973601172,0.00897116426992628,0.7386130146832548,-1.334,-1.261,-1.989,-1.912
spin,grass,0.2,0,8.200202941894531,5.21282531869518,2.926815831528626,0.6031083335564666,-0.008969175615197778,0.009684224064032687,0.7539961656062053,-1.652,-1.867,-1.799,-2.148
spin,grass,0.2,0,8.399870157241821,5.21282531869518,2.926815831528626,0.6031083335564666,-0.007855879795634624,0.010649862010693734,0.7714898862762836,-1.579,-1.604,-1.697,-1.676
spin,grass,0.2,0,8.599860668182373,5.21282531869518,2.926815831528626,0.6031083335564666,-0.007933978569791056,0.010131194054864845,0.7934547074017637,-0.933,-1.191,-1.516,-1.686
spin,grass,0.2,0,8.799968957901001,5.21282531869518,2.926815831528626,0.6031083335564666,-0.006869055325965545,0.010267147351967931,0.8107144837584731,-1.628,-1.847,-1.936,-2.031
spin,grass,0.2,0,8.999995470046997,5.21282531869518,2.926815831528626,0.6031083335564666,-0.006788919202244392,0.009414636744891847,0.8254566664410086,-1.38,-1.523,-1.678,-2.33
spin,grass,0.2,0,9.199860334396362,5.21282531869518,2.926815831528626,0.6031083335564666,-0.00855128596474894,0.009142982686233425,0.8463976929078992,-0.876,-1.241,-1.684,-1.765
spin,grass,0.2,0,9.399892330169678,4.797484501990258,2.69547120631869,-0.5465330740022407,-0.009075866841287222,0.008565871001893488,0.8634538444359189,-1.391,-1.632,-2.083,-2.254
spin,grass,0.2,0,9.599870204925537,4.797484501990258,2.69547120631869,-0.5465330740022407,-0.009967120398073459,0.007623991804698027,0.8748686734658323,-1.379,-1.679,-2.181,-2.372
spin,grass,0.2,0,9.799838304519653,4.797484501990258,2.69547120631869,-0.5465330740022407,-0.012786846950583658,0.007110048625984244,0.8917783398389558,-0.926,-0.972,-2.139,-2.129
spin,grass,0.2,0,9.99999475479126,4.797484501990258,2.69547120631869,-0.5465330740022407,-0.01541196312506063,0.007630188050468334,0.9092665036687574,-1.468,-1.31,-1.968,-1.881
spin,grass,0.3,0,0.2000274658203125,0.0,0.0,0.0,3.503790367509474e-06,3.85034328354017e-06,8.86629967511432e-06,-0.997,-1.042,-1.661,-1.764
spin,grass,0.3,0,0.4000682830810547,0.0,0.0,0.0,0.0012095850934656094,0.00046955211719207357,-0.0019672841432185617,0.636,0.634,0.038,-0.044
spin,grass,0.3,0,0.5999984741210938,0.0,0.0,0.0,0.0008165484551224123,0.0007936227328991796,-0.0029212360515186164,0.969,0.933,0.319,0.159
spin,grass,0.3,0,0.7999944686889648,0.0,0.0,0.0,0.0009174370726361125,0.0007403011901756518,-0.004226959069033143,1.219,1.227,0.672,0.6
spin,grass,0.3,0,1.0000009536743164,0.0,0.0,0.0,0.0014441405780834526,0.0009603621684503016,-0.005896940785406812,1.574,1.497,0.976,0.93
spin,grass,0.3,0,1.2000360488891602,0.0,0.0,0.0,0.002159429614935371,0.0009499839092160234,-0.008415560904555974,1.865,1.737,1.278,1.142
spin,grass,0.3,0,1.4000005722045898,0.0,0.0,0.0,0.003356167810415228,0.0010449090556743368,-0.012918832648265322,1.949,1.83,1.491,1.493
spin,grass,0.3,0,1.5998589992523193,0.0,0.0,0.0,0.004926984239387672,0.0011174976697747585,-0.01874576213359147,2.244,2.033,1.804,1.723
spin,grass,0.3,0,1.80000901222229,0.0,0.0,0.0,0.007446404574978777,0.0019490376944275023,-0.025921874461982797,2.007,1.85,2.066,1.957
spin,grass,0.3,0,2.0006330013275146,0.02645394112470792,0.06412207628625408,-0.07341473930824821,0.015099209848778578,0.004545455431010814,-0.04145839918318883,1.212,1.024,2.258,1.865
spin,grass,0.3,0,2.1999900341033936,0.02645394112470792,0.06412207628625408,-0.07341473930824821,0.020864169488831824,0.006275851587969561,-0.05902817794639559,1.747,1.672,1.93,2.015
spin,grass,0.3,0,2.4000279903411865,0.02645394112470792,0.06412207628625408,-0.07341473930824821,0.02334774318181873,0.00804622054915316,-0.07759318819295735,1.266,1.22,1.873,2.06
spin,grass,0.3,0,2.6000049114227295,0.02645394112470792,0.06412207628625408,-0.07341473930824821,0.027351161186951106,0.01074037884169654,-0.09923513248914995,1.752,1.482,2.058,2.143
spin,grass,0.3,0,2.799994468688965,0.02645394112470792,0.06412207628625408,-0.07341473930824821,0.029947592129674933,0.012292526240625934,-0.12122507963908014,1.368,0.994,1.856,2.084
spin,grass,0.3,0,3.0000205039978027,0.02645394112470792,0.06412207628625408,-0.07341473930824821,0.03281772005855085,0.013935199025118417,-0.14748750319034293,1.461,1.268,1.788,2.04
spin,grass,0.3,0,3.2000210285186768,0.02645394112470792,0.06412207628625408,-0.07341473930824821,0.034113851513456,0.01471755820702425,-0.17023216871037866,1.52,1.22,1.998,2.197
spin,grass,0.3,0,3.3999900817871094,0.02645394112470792,0.06412207628625408,-0.07341473930824821,0.03580020918531587,0.016315680036626812,-0.19514706321300473,1.312,1.552,1.93,1.945
spin,grass,0.3,0,3.599982500076294,0.02645394112470792,0.06412207628625408,-0.07341473930824821,0.032894885729898876,0.01612464300342603,-0.2204537892920192,1.977,1.982,2.151,2.244
spin,grass,0.3,0,3.7999935150146484,0.02645394112470792,0.06412207628625408,-0.07341473930824821,0.03229518805283596,0.015389775111440851,-0.24600570200372973,1.455,1.391,1.842,1.867
spin,grass,0.3,0,4.0000059604644775,4.588507345153241,2.5814572930929276,-1.00448776724791,0.031193669583130273,0.015410544427473527,-0.2734960076723986,1.839,1.63,1.944,2.177
spin,grass,0.3,0,4.200048923492432,4.588507345153241,2.5814572930929276,-1.00448776724791,0.03217051241889071,0.017022931729766377,-0.30009258721698195,1.304,1.367,1.986,2.178
spin,grass,0.3,0,4.399988651275635,4.588507345153241,2.5814572930929276,-1.00448776724791,0.03159438150312796,0.016458900852545033,-0.3317041599311609,1.336,1.482,1.653,2.202
spin,grass,0.3,0,4.599994897842407,4.588507345153241,2.5814572930929276,-1.00448776724791,0.02989345110002392,0.016748564962403234,-0.3614051635946579,1.309,1.264,1.59,1.862
spin,grass,0.3,0,4.799997329711914,4.588507345153241,2.5814572930929276,-1.00448776724791,0.02977337631913521,0.01560700033493212,-0.39386588292066493,1.6,1.716,1.723,2.124
spin,grass,0.3,0,5.0000317096710205,4.588507345153241,2.5814572930929276,-1.00448776724791,0.029434997144590663,0.015520856526770377,-0.4223050842727765,1.324,1.088,1.815,1.811
spin,grass,0.3,0,5.199996471405029,4.588507345153241,2.5814572930929276,-1.00448776724791,0.030995086362783614,0.01621881898105798,-0.4530683163414321,1.37,1.535,1.861,1.998
spin,grass,0.3,0,5.399996519088745,4.588507345153241,2.5814572930929276,-1.00448776724791,0.03103130160927589,0.01807639541436945,-0.48068891031659916,1.225,1.24,1.959,2.141
spin,grass,0.3,0,5.600040912628174,4.588507345153241,2.5814572930929276,-1.00448776724791,0.030282018107848058,0.016709275070037832,-0.5145802994826554,1.518,1.463,1.73,1.816
spin,grass,0.3,0,5.8000524044036865,4.588507345153241,2.5814572930929276,-1.00448776724791,0.029553491436559137,0.01691203499370425,-0.5420304357000321,1.565,1.335,1.784,2.107
spin,grass,0.3,0,6.000012636184692,4.995054682254578,2.807477284909453,-0.5552598591436955,0.030391788652449542,0.017894175939763224,-0.5747875044835535,1.366,1.167,1.804,1.777
spin,grass,0.3,0,6.200644016265869,4.995054682254578,2.807477284909453,-0.5552598591436955,0.03012284873025159,0.01992128830622275,-0.600606878026275,1.275,1.345,2.384,2.54
spin,grass,0.3,0,6.400026321411133,4.995054682254578,2.807477284909453,-0.5552598591436955,0.030650700385909363,0.024197456332523237,-0.6308640351264614,1.317,1.261,2.031,2.272
spin,grass,0.3,0,6.5999956130981445,4.995054682254578,2.807477284909453,-0.5552598591436955,0.03047361137115276,0.022810819412481254,-0.6587121993277132,1.437,1.578,1.857,1.843
spin,grass,0.3,0,6.799996376037598,4.995054682254578,2.807477284909453,-0.5552598591436955,0.03036146117426683,0.02410389839857585,-0.6896389389434487,1.204,1.355,2.051,2.172
spin,grass,0.3,0,7.00005841255188,4.995054682254578,2.807477284909453,-0.5552598591436955,0.030443046087880482,0.021626916945133245,-0.7158837177918715,1.849,1.695,1.958,2.082
spin,grass,0.3,0,7.200015306472778,4.995054682254578,2.807477284909453,-0.5552598591436955,0.029910727933920495,0.020531487779240576,-0.7474131652667686,1.405,1.318,1.946,2.06
spin,grass,0.3,0,7.400056838989258,4.995054682254578,2.807477284909453,-0.5552598591436955,0.030183672047088522,0.017954890086105957,-0.7788079393918415,1.737,1.896,1.593,2.017
spin,grass,0.3,0,7.600002765655518,4.995054682254578,2.807477284909453,-0.5552598591436955,0.029473156668348405,0.015631358659029038,-0.8071155917002323,1.527,1.157,1.37,2.051
spin,grass,0.3,0,7.799988269805908,4.995054682254578,2.807477284909453,-0.5552598591436955,0.029638222075291182,0.019542233749270277,-0.837469510794043,1.67,1.634,2.099,2.173
spin,grass,0.3,0,8.00001311302185,4.995054682254578,2.807477284909453,-0.5552598591436955,0.02948154435722286,0.02031644027938717,-0.8642867319913439,1.518,1.134,1.875,2.282
spin,grass,0.3,0,8.199999332427979,4.995054682254578,2.807477284909453,-0.5552598591436955,0.028515708454248473,0.02160729190190641,-0.8956118089155235,1.292,1.329,1.772,2.185
spin,grass,0.3,0,8.40000057220459,4.995054682254578,2.807477284909453,-0.5552598591436955,0.028012411777122076,0.022308536943797974,-0.9228662557369529,1.058,1.493,2.039,2.214
spin,grass,0.3,0,8.599987030029297,4.995054682254578,2.807477284909453,-0.5552598591436955,0.02557249202504222,0.023679188395777595,-0.9519722759543775,0.97,1.361,1.965,2.383
spin,grass,0.3,0,8.800135612487793,4.995054682254578,2.807477284909453,-0.5552598591436955,0.026179247822095214,0.0234652485673833,-0.9813477479351254,1.416,1.482,1.981,2.406
spin,grass,0.3,0,9.00006651878357,4.995054682254578,2.807477284909453,-0.5552598591436955,0.02480661717763713,0.02443318113633186,-1.0077066716490393,1.387,1.19,1.556,2.183
spin,grass,0.3,0,9.199981451034546,4.995054682254578,2.807477284909453,-0.5552598591436955,0.02573172142241023,0.022820689531375782,-1.036396951822937,1.335,1.302,2.112,2.501
spin,grass,0.3,0,9.39998173713684,4.995054682254578,2.807477284909453,-0.5552598591436955,0.026213502381885218,0.02199025994871112,-1.064439396514225,1.511,1.063,1.764,2.122
spin,grass,0.3,0,9.600026369094849,4.995054682254578,2.807477284909453,-0.5552598591436955,0.02770007948521394,0.022031002835166624,-1.089112649971364,1.51,1.67,1.866,2.228
spin,grass,0.3,0,9.800114631652832,4.995054682254578,2.807477284909453,-0.5552598591436955,0.026844132704924223,0.021659245533858285,-1.1158628886379525,1.239,0.957,1.696,2.449
spin,cell_carpet,0.5,0,0.1997215747833252,0.0,0.0,0.0,-1.440891073123396e-06,-9.257541400131686e-08,0.0,0.652,0.093,-0.173,-0.681
spin,cell_carpet,0.5,0,0.39983320236206055,0.0,0.0,0.0,-0.0014159545952856512,0.0024018959349045854,-0.019355884112457082,1.392,1.19,1.16,0.98
spin,cell_carpet,0.5,0,0.6003146171569824,0.0,0.0,0.0,-0.005175697075626706,0.008251898335604912,-0.05319818707746145,1.135,0.878,1.138,1.304
spin,cell_carpet,0.5,0,0.7998161315917969,0.0,0.0,0.0,-0.010239666216412813,0.015466066303198134,-0.09321427913627627,0.757,0.865,1.336,1.422
spin,cell_carpet,0.5,0,0.9997966289520264,0.0,0.0,0.0,-0.013842519141161747,0.01868994573566496,-0.13275840126070387,1.094,1.14,0.87,1.243
spin,cell_carpet,0.5,0,1.1998012065887451,0.0,0.0,0.0,-0.017175375164200313,0.021339483499576373,-0.17543672953256184,0.927,0.933,1.51,1.632
spin,cell_carpet,0.5,0,1.399806022644043,0.0,0.0,0.0,-0.019617443937767542,0.022619959443461846,-0.21497716975496234,0.756,0.878,1.002,1.026
spin,cell_carpet,0.5,0,1.5998122692108154,0.0,0.0,0.0,-0.021741908443032254,0.023766955581352,-0.25809652999591554,1.037,0.954,1.227,1.617
spin,cell_carpet,0.5,0,1.7999179363250732,0.0,0.0,0.0,-0.023455905933779664,0.024368119123897358,-0.3014017432156714,1.201,0.977,1.382,1.468
spin,cell_carpet,0.5,0,1.999788522720337,0.0,0.0,0.0,-0.02483648321073406,0.025029218582165558,-0.3482652844689463,1.224,1.032,1.204,1.209
spin,cell_carpet,0.5,0,2.199718475341797,0.0,0.0,0.0,-0.025824994822937986,0.02586568767623565,-0.39056524950515026,0.794,0.732,1.231,1.489
spin,cell_carpet,0.5,0,2.3997116088867188,0.0,0.0,0.0,-0.025481713140265705,0.025711808310326156,-0.43493088558055887,0.897,0.909,1.12,1.333
spin,cell_carpet,0.5,0,2.6001346111297607,0.0,0.0,0.0,-0.025985668425809183,0.025872294816663866,-0.477802000956954,1.185,0.773,1.305,1.369
spin,cell_carpet,0.5,0,2.799727201461792,0.0,0.0,0.0,-0.02670757962657233,0.0255911008205566,-0.520001989832016,1.027,1.057,1.14,1.165
spin,cell_carpet,0.5,0,2.9996955394744873,0.0,0.0,0.0,-0.02768827507330962,0.02556770783828821,-0.5606738993776527,0.92,0.927,1.235,1.415
spin,cell_carpet,0.5,0,3.1997251510620117,0.0,0.0,0.0,-0.027504373909581936,0.025496183941082884,-0.5994632835923085,0.83,0.776,1.364,1.594
spin,cell_carpet,0.5,0,3.400066614151001,0.0,0.0,0.0,-0.028249477352583652,0.02552207139117657,-0.6367624143524355,1.076,0.859,1.149,1.445
spin,cell_carpet,0.5,0,3.5997204780578613,0.0,0.0,0.0,-0.02863267746511544,0.02521953945990807,-0.6738481343842729,1.215,0.915,1.126,1.136
spin,cell_carpet,0.5,0,3.7997021675109863,0.0,0.0,0.0,-0.02963259052272571,0.02454263763683906,-0.7107980750244088,0.906,0.901,1.13,1.286
spin,cell_carpet,0.5,0,3.9998092651367188,0.0,0.0,0.0,-0.029605560569989753,0.024185911577436325,-0.7410493590240035,0.82,0.934,1.351,1.499
spin,cell_carpet,0.5,0,4.200234889984131,0.0,0.0,0.0,-0.029084530587532242,0.024236809957396965,-0.77110222091634,1.014,0.851,1.138,1.491
spin,cell_carpet,0.5,0,4.3997039794921875,0.0,0.0,0.0,-0.028940855422646905,0.024202972595046668,-0.8020126267797647,1.156,0.817,1.206,1.277
spin,cell_carpet,0.5,0,4.599742650985718,0.0,0.0,0.0,-0.029636761003065337,0.023592092291802036,-0.8222007337729932,0.788,0.906,1.335,1.286
spin,cell_carpet,0.5,0,4.800058364868164,0.0,0.0,0.0,-0.029855612114615404,0.02370951555152212,-0.849448316954941,0.833,0.67,1.41,1.453
spin,cell_carpet,0.5,0,4.999714136123657,0.0,0.0,0.0,-0.03013918203721988,0.023649491208658113,-0.8740996760493834,0.8,0.669,0.991,1.69
spin,cell_carpet,0.5,0,5.199726581573486,0.0,0.0,0.0,-0.030542605915271026,0.023572215227604,-0.8940854544344168,0.893,0.821,1.006,1.633
spin,cell_carpet,0.5,0,5.399977922439575,0.0,0.0,0.0,-0.03054052805215257,0.022609701603725774,-0.9118199052350602,1.078,0.822,1.132,1.333
spin,cell_carpet,0.5,0,5.599834680557251,0.0,0.0,0.0,-0.030435075525996225,0.021633666302395493,-0.9272311837906477,0.653,0.977,1.328,1.497
spin,cell_carpet,0.5,0,5.799754619598389,0.0,0.0,0.0,-0.030272262623296853,0.021900834442258543,-0.9402539258637562,0.982,0.587,1.026,1.532
spin,cell_carpet,0.5,0,5.99971079826355,0.0,0.0,0.0,-0.03044342271302558,0.021904751866157035,-0.9507928250065135,0.824,0.681,0.995,1.598
spin,cell_carpet,0.5,0,6.199759483337402,0.0,0.0,0.0,-0.030729522244793528,0.021658933286895166,-0.9588515493962614,0.896,0.737,1.236,1.447
spin,cell_carpet,0.5,0,6.399719476699829,0.0,0.0,0.0,-0.030365044905801053,0.020790014118655997,-0.9642294687769353,0.838,0.829,1.434,1.447
spin,cell_carpet,0.5,0,6.599867582321167,0.0,0.0,0.0,-0.03035201181549596,0.020640258626285823,-0.9672671858435948,0.799,0.896,1.405,1.593
spin,cell_carpet,0.5,0,6.800175189971924,0.0,0.0,0.0,-0.03065174304928675,0.020715331614595933,-0.9678207568474956,0.92,0.782,0.948,1.698
spin,cell_carpet,0.5,0,6.999733209609985,0.0,0.0,0.0,-0.030909179289245303,0.020591267878779407,-0.9658663642305149,0.932,0.821,1.128,1.328
spin,cell_carpet,0.5,0,7.199698448181152,0.0,0.0,0.0,-0.030601041596497236,0.020119645619444793,-0.9614665319294274,1.012,0.738,1.098,1.383
spin,cell_carpet,0.5,0,7.400241851806641,0.0,0.0,0.0,-0.0298674705375237,0.01994516728742224,-0.9545331109195784,0.638,0.96,1.578,1.549
spin,cell_carpet,0.5,0,7.600108623504639,0.0,0.0,0.0,-0.029986485414115527,0.019803354615593904,-0.9450697138058853,0.789,0.612,1.077,1.64
spin,cell_carpet,0.5,0,7.799866199493408,0.0,0.0,0.0,-0.03053323688781806,0.01909457215394217,-0.9335489432675987,0.774,0.711,1.069,1.531
spin,cell_carpet,0.5,0,7.999707221984863,0.0,0.0,0.0,-0.03062074409497939,0.01858788205738182,-0.9180243682479398,0.939,0.776,1.124,1.308
spin,cell_carpet,0.5,0,8.200017929077148,0.0,0.0,0.0,-0.029816797743492995,0.018223280729904534,-0.9029589805834536,0.852,0.735,1.564,1.817
spin,cell_carpet,0.5,0,8.399802446365356,0.0,0.0,0.0,-0.02958875343839651,0.018457494488925197,-0.8823300404357524,0.94,0.898,0.882,1.641
spin,cell_carpet,0.5,0,8.599703073501587,0.0,0.0,0.0,-0.030251217226025418,0.017967724792360307,-0.8609110437854642,0.827,0.703,1.104,1.656
spin,cell_carpet,0.5,0,8.799734592437744,0.0,0.0,0.0,-0.030354747512569058,0.017854465770167804,-0.8404303210902581,0.856,0.846,1.21,1.192
spin,cell_carpet,0.5,0,9.000137090682983,0.0,0.0,0.0,-0.03002180566391699,0.017786537593199703,-0.81437075329845,1.099,0.814,1.338,1.547
spin,cell_carpet,0.5,0,9.199722528457642,0.0,0.0,0.0,-0.030443582284675585,0.01811679311976,-0.7863551772673465,0.907,0.756,1.489,1.684
spin,cell_carpet,0.5,0,9.399699211120605,0.0,0.0,0.0,-0.030770994856054834,0.017961835370224333,-0.7564111845346266,0.922,0.906,1.043,1.596
spin,cell_carpet,0.5,0,9.599773168563843,0.0,0.0,0.0,-0.03130019392759664,0.017960346936308103,-0.7244758184508935,0.72,0.652,0.946,1.484
spin,cell_carpet,0.5,0,9.799705982208252,0.0,0.0,0.0,-0.03082445290707647,0.018007116778971377,-0.6911381099877072,1.023,0.609,1.122,1.167
spin,cell_carpet,0.5,0,9.999713897705078,0.0,0.0,0.0,-0.03092140634786167,0.017966266998032054,-0.6556079516767735,0.991,0.778,1.551,1.508
spin,cell_carpet,0.5,0,0.20002532005310059,0.0,0.0,0.0,-5.474169829922104e-05,-1.6771681534355487e-05,8.377417369198614e-05,0.793,0.551,0.919,1.093
spin,cell_carpet,0.5,0,0.40003347396850586,0.0,0.0,0.0,0.0008849181619765556,-0.0002078764899444696,-0.009200558776062184,-1.316,-1.57,-0.939,-0.697
spin,cell_carpet,0.5,0,0.5999813079833984,0.0,0.0,0.0,-0.0001491386180226817,-0.00032118393498570263,-0.02411373226550828,-0.921,-1.066,-1.567,-1.437
spin,cell_carpet,0.5,0,0.8000020980834961,0.0,0.0,0.0,-0.00805915522267775,-0.0013746974185658845,-0.04306837975661193,-0.573,-1.234,-1.723,-1.445
spin,cell_carpet,0.5,0,0.9999849796295166,0.0,0.0,0.0,-0.011045371003125637,-0.0020096773939002333,-0.06423425840902341,-0.823,-1.028,-1.102,-0.969
spin,cell_carpet,0.5,0,1.1999528408050537,0.0,0.0,0.0,-0.01335381113149614,-0.0021189512147360423,-0.09305420668591735,-0.88,-1.1,-1.665,-1.578
spin,cell_carpet,0.5,0,1.3999536037445068,0.0,0.0,0.0,-0.016000729059631236,-0.001694331031416696,-0.12011252315764653,-0.869,-0.841,-0.935,-1.052
spin,cell_carpet,0.5,0,1.5999550819396973,0.0,0.0,0.0,-0.017342881715645353,-0.0017780488141357909,-0.14232921008451582,-0.646,-0.874,-1.483,-1.245
spin,cell_carpet,0.5,0,1.7999672889709473,0.0,0.0,0.0,-0.019012429214483872,-0.0014122382678737333,-0.17480077788359072,-0.878,-1.15,-1.29,-1.333
spin,cell_carpet,0.5,0,2.0000290870666504,0.0,0.0,0.0,-0.020273776042391223,-0.0005067584846404349,-0.19689840953868087,-0.786,-1.01,-1.196,-1.224
spin,cell_carpet,0.5,0,2.2000339031219482,0.0,0.0,0.0,-0.02036616228828858,-0.00037680673512430207,-0.22611880999637368,-0.646,-0.706,-1.426,-1.143
spin,cell_carpet,0.5,0,2.3999998569488525,0.0,0.0,0.0,-0.020353929983161434,-0.0007196396239023128,-0.2498795481215753,-0.975,-1.065,-1.276,-1.217
spin,cell_carpet,0.5,0,2.6000046730041504,0.0,0.0,0.0,-0.02050575147462519,-0.00011356323073152819,-0.2687143199028087,-0.911,-1.123,-1.206,-1.301
spin,cell_carpet,0.5,0,2.7999706268310547,0.0,0.0,0.0,-0.020430248008552088,-0.0002980712615957559,-0.2922604142036799,-0.781,-0.919,-0.954,-1.045
spin,cell_carpet,0.5,0,2.999983549118042,0.0,0.0,0.0,-0.020062399430454514,-0.0006484089052674058,-0.30721262208295286,-0.652,-0.697,-1.372,-1.118
spin,cell_carpet,0.5,0,3.1999683380126953,0.0,0.0,0.0,-0.019875028033124575,-0.0005041958020223225,-0.3247560663836191,-0.942,-0.951,-1.355,-1.117
spin,cell_carpet,0.5,0,3.3999974727630615,0.0,0.0,0.0,-0.019267960538733697,0.0002628729976126287,-0.3395860446015371,-0.878,-1.091,-1.285,-1.25
spin,cell_carpet,0.5,0,3.600006103515625,0.0,0.0,0.0,-0.01915051223987929,0.0007949729896558066,-0.348917844410654,-0.925,-0.801,-0.98,-0.998
spin,cell_carpet,0.5,0,3.800008535385132,0.0,0.0,0.0,-0.01863592062395536,0.0006015151342136926,-0.35853279585536724,-0.624,-0.764,-1.251,-1.061
spin,cell_carpet,0.5,0,3.999981641769409,0.0,0.0,0.0,-0.018355067227907362,-6.66482809928981e-05,-0.3654484180348492,-0.841,-0.965,-1.404,-0.977
spin,cell_carpet,0.5,0,4.200031757354736,0.0,0.0,0.0,-0.018136358498653027,9.232592384589289e-05,-0.3691761218300277,-0.949,-1.138,-1.355,-1.178
spin,cell_carpet,0.5,0,4.400004863739014,0.0,0.0,0.0,-0.017874315590416412,0.0007496131604333156,-0.37041918616351965,-0.918,-0.826,-0.974,-1.132
spin,cell_carpet,0.5,0,4.599988222122192,0.0,0.0,0.0,-0.018259308334265922,0.0015374493554658475,-0.3691579317031771,-0.707,-0.722,-1.277,-0.97
spin,cell_carpet,0.5,0,4.800065994262695,0.0,0.0,0.0,-0.018318872970819466,0.0016576851340540655,-0.3658029476504173,-0.675,-0.842,-1.445,-1.109
spin,cell_carpet,0.5,0,4.999971389770508,0.0,0.0,0.0,-0.01811395372771607,0.0018779197064155984,-0.3592617115164819,-0.936,-0.914,-1.447,-1.129
spin,cell_carpet,0.5,0,5.199976682662964,0.0,0.0,0.0,-0.017393240712298863,0.0025427751240996166,-0.3520614149564061,-1.078,-1.207,-1.293,-1.177
spin,cell_carpet,0.5,0,5.39997673034668,3.71335568569786,-0.8570999353883975,1.537433047874769,-0.01682706106430576,0.0028230997101195143,-0.3407345663209921,-0.79,-0.711,-1.244,-0.988
spin,cell_carpet,0.5,0,5.599988698959351,3.71335568569786,-0.8570999353883975,1.537433047874769,-0.01707559503025602,0.0023699613705764344,-0.32616936089370485,-0.53,-0.763,-1.318,-1.263
spin,cell_carpet,0.5,0,5.799985885620117,3.71335568569786,-0.8570999353883975,1.537433047874769,-0.017349975326753198,0.0017578366569700465,-0.3100831222469683,-0.705,-0.872,-1.377,-1.126
spin,cell_carpet,0.5,0,6.0000224113464355,3.71335568569786,-0.8570999353883975,1.537433047874769,-0.0172166960411837,0.0016544800417656047,-0.2936535660551528,-0.798,-1.104,-1.351,-1.101
spin,cell_carpet,0.5,0,6.2000017166137695,3.71335568569786,-0.8570999353883975,1.537433047874769,-0.016619065041598824,0.0021524021434070617,-0.27090843484196636,-0.905,-0.78,-1.218,-1.064
spin,cell_carpet,0.5,0,6.400010824203491,3.71335568569786,-0.8570999353883975,1.537433047874769,-0.016267076972125816,0.0029280211138666967,-0.24873021632603287,-0.663,-0.713,-1.313,-1.239
spin,cell_carpet,0.5,0,6.599997520446777,3.71335568569786,-0.8570999353883975,1.537433047874769,-0.016503914076390624,0.002914098095576856,-0.2240677377519784,-0.643,-0.797,-1.494,-1.046
spin,cell_carpet,0.5,0,6.799984931945801,3.71335568569786,-0.8570999353883975,1.537433047874769,-0.016794493374286734,0.0033247546151461416,-0.19671431399421568,-0.8,-1.054,-1.671,-1.195
spin,cell_carpet,0.5,0,7.0000457763671875,3.71335568569786,-0.8570999353883975,1.537433047874769,-0.01602605478834085,0.003434609007931466,-0.17242885672437458,-0.775,-1.076,-1.021,-1.121
spin,cell_carpet,0.5,0,7.199977874755859,3.71335568569786,-0.8570999353883975,1.537433047874769,-0.015944264769798933,0.003578259290321628,-0.1358513480379302,-0.898,-0.811,-1.183,-1.109
spin,cell_carpet,0.5,0,7.399979829788208,3.71335568569786,-0.8570999353883975,1.537433047874769,-0.016301331620655946,0.003565152962180962,-0.10308114755170883,-0.573,-0.678,-1.537,-1.234
spin,cell_carpet,0.5,0,7.599987745285034,3.71335568569786,-0.8570999353883975,1.537433047874769,-0.01633620821449533,0.003862854989562181,-0.06817596289148842,-0.859,-0.785,-1.259,-1.353
spin,cell_carpet,0.5,0,7.7999796867370605,3.71335568569786,-0.8570999353883975,1.537433047874769,-0.016261647311196503,0.0038700528269505208,-0.03179308246352952,-0.635,-0.991,-1.152,-1.336
spin,cell_carpet,0.5,0,7.999983072280884,3.71335568569786,-0.8570999353883975,1.537433047874769,-0.015585205796969426,0.00416714091855741,0.006485660049812769,-0.965,-0.82,-1.202,-1.209
spin,cell_carpet,0.5,0,8.199995994567871,3.71335568569786,-0.8570999353883975,1.537433047874769,-0.015628559928875796,0.004655345518542853,0.04629461704700333,-0.692,-0.795,-1.357,-1.209
spin,cell_carpet,0.5,0,8.399989128112793,3.71335568569786,-0.8570999353883975,1.537433047874769,-0.015781666581527798,0.00505028305459021,0.08767449299990149,-0.65,-0.748,-1.401,-1.243
spin,cell_carpet,0.5,0,8.600037574768066,3.71335568569786,-0.8570999353883975,1.537433047874769,-0.016042816768777723,0.005305272962779939,0.13081290768981046,-0.817,-1.009,-1.337,-1.309
spin,cell_carpet,0.5,0,8.79999327659607,3.71335568569786,-0.8570999353883975,1.537433047874769,-0.0160433428822363,0.005029790914569565,0.17489198199965744,-0.917,-1.074,-1.039,-1.081
spin,cell_carpet,0.5,0,8.999974727630615,3.71335568569786,-0.8570999353883975,1.537433047874769,-0.016076150936993105,0.004895264978201586,0.22004266589393584,-0.884,-0.641,-1.148,-1.15
spin,cell_carpet,0.5,0,9.19998836517334,3.71335568569786,-0.8570999353883975,1.537433047874769,-0.016052688245500324,0.004825548365187671,0.2666332279769647,-0.493,-0.699,-1.478,-1.213
spin,cell_carpet,0.5,0,9.399974346160889,3.71335568569786,-0.8570999353883975,1.537433047874769,-0.015600823194028779,0.005049004100062593,0.3142548418216449,-0.651,-0.719,-1.329,-1.387
spin,cell_carpet,0.5,0,9.600040435791016,3.71335568569786,-0.8570999353883975,1.537433047874769,-0.015312119131660418,0.004674462955448044,0.3624125746711139,-0.713,-1.126,-1.176,-1.12
spin,cell_carpet,0.5,0,9.800029516220093,3.71335568569786,-0.8570999353883975,1.537433047874769,-0.01480895477353461,0.0037155319515084217,0.4107276994599046,-0.926,-0.887,-1.266,-1.04
circle_spin,cell_carpet,0.2,0,0.19983577728271484,0.0,0.0,0.0,5.088347280805122e-06,-3.975352650363584e-06,-9.329098585142415e-06,0.619,0.488,0.774,0.889
circle_spin,cell_carpet,0.2,0,0.39978694915771484,0.0,0.0,0.0,0.011825266238021465,0.0025350256228205553,-0.06436934245404496,0.848,2.445,0.578,2.966
circle_spin,cell_carpet,0.2,0,0.5997872352600098,0.0,0.0,0.0,0.05425523246181711,0.0055955562738254985,-0.20949926839375932,1.327,0.929,1.111,1.11
circle_spin,cell_carpet,0.2,0,0.7997589111328125,0.0,0.0,0.0,0.0915677958488064,0.017270548369574812,-0.3310617878425143,1.168,1.609,1.03,1.162
circle_spin,cell_carpet,0.2,0,0.9997410774230957,0.0,0.0,0.0,0.12701166886499055,0.03961389429349425,-0.45919518925222585,1.3,2.662,0.581,2.515
circle_spin,cell_carpet,0.2,0,1.1997730731964111,0.0,0.0,0.0,0.15454291972309958,0.06982388814176757,-0.580179239463774,1.341,2.142,0.761,1.232
circle_spin,cell_carpet,0.2,0,1.3998827934265137,0.0,0.0,0.0,0.1728472980033548,0.10677248573108229,-0.6929129342206274,1.38,1.684,1.168,-0.005
circle_spin,cell_carpet,0.2,0,1.5997488498687744,0.0,0.0,0.0,0.18005044715462523,0.1502713660258117,-0.8032951196012952,1.215,1.438,0.881,2.724
circle_spin,cell_carpet,0.2,0,1.7997605800628662,0.0,0.0,0.0,0.17548568942668546,0.1897012137037843,-0.8920669443388517,1.352,1.004,0.854,3.041
circle_spin,cell_carpet,0.2,0,1.9997408390045166,0.0,0.0,0.0,0.1597616554159401,0.2263576103541987,-0.9658652141005116,1.045,1.984,1.117,2.047
circle_spin,cell_carpet,0.2,0,2.19976544380188,0.0,0.0,0.0,0.1346835526527215,0.2578516681962739,-1.0246735664674553,0.935,1.415,1.155,1.717
circle_spin,cell_carpet,0.2,0,2.399803638458252,0.0,0.0,0.0,0.1063442891435566,0.2823491427710687,-1.0634083080908876,1.049,1.992,0.869,2.032
circle_spin,cell_carpet,0.2,0,2.5997402667999268,0.0,0.0,0.0,0.0681756202810735,0.3022313318077876,-1.0912190097496697,1.365,2.47,0.86,4.238
circle_spin,cell_carpet,0.2,0,2.799776792526245,0.0,0.0,0.0,0.027442578735074934,0.3049042427285095,-1.0996079059108956,1.158,1.5,1.323,1.246
circle_spin,cell_carpet,0.2,0,2.9997622966766357,0.0,0.0,0.0,-0.012112362378666804,0.2965273661191337,-1.0898581909725313,0.878,1.617,1.387,2.994
circle_spin,cell_carpet,0.2,0,3.2001471519470215,0.0,0.0,0.0,-0.04441151287987237,0.27971805040610176,-1.065474200826569,1.01,2.008,1.024,1.913
circle_spin,cell_carpet,0.2,0,3.3998749256134033,0.0,0.0,0.0,-0.07415052725480205,0.24986961470226543,-1.0198772284191473,1.329,0.521,1.193,3.324
circle_spin,cell_carpet,0.2,0,3.599750518798828,0.0,0.0,0.0,-0.09582844200251926,0.21644599635970502,-0.9599369084511322,1.099,1.426,0.878,1.295
circle_spin,cell_carpet,0.2,0,3.7997467517852783,0.0,0.0,0.0,-0.11034193458803983,0.17769789443021428,-0.8830868272832703,0.958,1.484,1.319,2.035
circle_spin,cell_carpet,0.2,0,3.9999032020568848,0.0,0.0,0.0,-0.11447404449438421,0.1375117170996582,-0.7927764244846219,1.038,2.403,1.436,2.567
circle_spin,cell_carpet,0.2,0,4.199745178222656,0.0,0.0,0.0,-0.10818617567554403,0.09787165742174607,-0.6889075647604165,1.254,3.079,0.598,2.123
circle_spin,cell_carpet,0.2,0,4.4007487297058105,0.0,0.0,0.0,-0.09161295424400688,0.061227620413255385,-0.5750203545592439,1.262,2.606,1.023,2.684
circle_spin,cell_carpet,0.2,0,4.599855184555054,0.0,0.0,0.0,-0.06533501654066327,0.030293818107961404,-0.4522921025998558,1.115,2.692,1.136,0.721
circle_spin,cell_carpet,0.2,-3.141592653589793,0.20037078857421875,0.0,0.0,0.0,3.319496822414697e-06,4.941781567596726e-06,2.2164882515968154e-05,0.737,0.472,0.687,0.823
circle_spin,cell_carpet,0.2,-3.141592653589793,0.39999985694885254,0.0,0.0,0.0,3.319496822414697e-06,4.941781567596726e-06,2.2164882515968154e-05,0.737,0.472,0.687,0.823
circle_spin,cell_carpet,0.2,-3.141592653589793,0.5999886989593506,0.0,0.0,0.0,-0.04235507317882342,0.01700498332771918,-0.13618910580502924,-0.774,-1.05,-1.707,-1.448
circle_spin,cell_carpet,0.2,-3.141592653589793,0.7999911308288574,0.0,0.0,0.0,-0.07499663032528221,0.041726397249622765,-0.24175658985005577,-0.646,-0.687,-1.113,-1.597
circle_spin,cell_carpet,0.2,-3.141592653589793,0.9999871253967285,0.0,0.0,0.0,-0.10141252911722975,0.0734350045797093,-0.34549694689477817,-0.873,-1.013,-1.456,-1.554
circle_spin,cell_carpet,0.2,-3.141592653589793,1.1999945640563965,0.0,0.0,0.0,-0.11996182043161627,0.11740033025799636,-0.4612281990249061,-0.662,-0.992,-1.635,-1.492
circle_spin,cell_carpet,0.2,-3.141592653589793,1.4000022411346436,0.0,0.0,0.0,-0.12479360696024439,0.15420392325314947,-0.5448188046126832,-0.407,-0.984,-1.278,-2.409
circle_spin,cell_carpet,0.2,-3.141592653589793,1.5999691486358643,0.0,0.0,0.0,-0.11688086682030766,0.20438557317564682,-0.6451859194348483,-0.772,-2.046,-1.516,-1.21
circle_spin,cell_carpet,0.2,-3.141592653589793,1.7999894618988037,0.0,0.0,0.0,-0.09867385408955448,0.24134368739999296,-0.712449183753704,-0.868,-1.549,-1.269,-2.538
circle_spin,cell_carpet,0.2,-3.141592653589793,1.9999909400939941,0.0,0.0,0.0,-0.07240732621795672,0.27299674364370136,-0.7649356496574229,-0.616,-2.364,-1.468,-2.669
circle_spin,cell_carpet,0.2,-3.141592653589793,2.1999614238739014,0.0,0.0,0.0,-0.04501463755981193,0.30327979883760325,-0.8000197747335311,-0.459,-1.315,-1.735,-3.141
circle_spin,cell_carpet,0.2,-3.141592653589793,2.3999712467193604,0.0,0.0,0.0,-0.008713917180828219,0.32367201864968326,-0.8216964084928617,-0.728,-1.025,-3.227,-3.573
circle_spin,cell_carpet,0.2,-3.141592653589793,2.6000471115112305,0.0,0.0,0.0,0.0242200925361766,0.3440485519704001,-0.8275857234751404,-0.558,-0.145,-3.147,-3.309
circle_spin,cell_carpet,0.2,-3.141592653589793,2.800006628036499,0.0,0.0,0.0,0.056026279444383834,0.35360969717160023,-0.8203999125314974,-0.341,-0.567,-2.404,-3.596
circle_spin,cell_carpet,0.2,-3.141592653589793,2.999959707260132,0.0,0.0,0.0,0.09042333976700474,0.3423452165774739,-0.7954724647768621,-0.55,-0.742,-1.531,1.078
circle_spin,cell_carpet,0.2,-3.141592653589793,3.1999690532684326,0.0,0.0,0.0,0.11980527172464323,0.3137405297385772,-0.750686220033165,-0.563,-0.773,-1.38,-2.734
circle_spin,cell_carpet,0.2,-3.141592653589793,3.39998197555542,0.0,0.0,0.0,0.14038594631829043,0.27714073893299024,-0.6883303327480735,-0.814,-0.129,-1.349,0.043
circle_spin,cell_carpet,0.2,-3.141592653589793,3.599961042404175,4.774122545746544,2.6858871182312525,-1.0302091490720586,0.1516876748080807,0.2365441986375426,-0.6102909365608865,-0.756,-0.098,-1.539,-1.234
circle_spin,cell_carpet,0.2,-3.141592653589793,3.79997181892395,4.774122545746544,2.6858871182312525,-1.0302091490720586,0.15146480961355874,0.19566056427230505,-0.518214175915263,-0.728,-0.651,-1.131,-2.969
circle_spin,cell_carpet,0.2,-3.141592653589793,3.9999918937683105,4.774122545746544,2.6858871182312525,-1.0302091490720586,0.13840465689654452,0.15872920276041452,-0.41416044738496993,-0.521,-0.928,-1.184,-1.069
circle_spin,cell_carpet,0.2,-3.141592653589793,4.200047969818115,4.774122545746544,2.6858871182312525,-1.0302091490720586,0.11658707381088985,0.12323455973083332,-0.29886734603358606,-0.724,-0.903,-1.189,0.021
circle_spin,cell_carpet,0.2,-3.141592653589793,4.400069952011108,4.774122545746544,2.6858871182312525,-1.0302091490720586,0.08722231852026013,0.09413605900309861,-0.17594752878183229,-1.006,-0.32,-1.389,-1.189
circle_spin,cell_carpet,0.2,-3.141592653589793,4.599977493286133,4.774122545746544,2.6858871182312525,-1.0302091490720586,0.051332119129979425,0.0741091643039488,-0.046750180201363734,-0.67,-1.768,-1.346,-1.45
circle_spin,cell_carpet,0.2,-3.141592653589793,0.19997382164001465,0.0,0.0,0.0,-2.820164505951128e-07,-1.4160550241976155e-06,1.8660962839700534e-06,-1.258,-1.0,1.025,0.687
circle_spin,cell_carpet,0.2,-3.141592653589793,0.3999955654144287,0.0,0.0,0.0,-0.013258275851194254,-0.0032341551492596765,0.05986741979296696,-0.846,-2.664,-0.378,-2.931
circle_spin,cell_carpet,0.2,-3.141592653589793,0.5999650955200195,0.0,0.0,0.0,-0.0529986090174623,0.0004344327783862151,0.17684689367589773,-0.501,-2.123,-1.311,-1.608
circle_spin,cell_carpet,0.2,-3.141592653589793,0.7999417781829834,0.0,0.0,0.0,-0.09273562131211134,0.016486382983645798,0.2963696916588958,-0.53,0.567,-0.802,-2.319
circle_spin,cell_carpet,0.2,-3.141592653589793,0.9999706745147705,0.0,0.0,0.0,-0.12745118622970864,0.04284672426268953,0.41156034664170243,-0.862,0.47,-1.279,-1.845
circle_spin,cell_carpet,0.2,-3.141592653589793,1.1999242305755615,0.0,0.0,0.0,-0.150172647593183,0.076406923959667,0.5176682662714523,-0.309,-2.988,-0.998,-2.699
circle_spin,cell_carpet,0.2,-3.141592653589793,1.3999431133270264,0.0,0.0,0.0,-0.15896276746591714,0.11564389176659455,0.6135008721581564,-0.899,-0.524,-0.952,-1.658
circle_spin,cell_carpet,0.2,-3.141592653589793,1.5999348163604736,0.0,0.0,0.0,-0.15740679410031816,0.15805285145373202,0.6993390358184709,-0.853,-1.81,-1.207,-1.391
circle_spin,cell_carpet,0.2,-3.141592653589793,1.7999391555786133,0.0,0.0,0.0,-0.14477314276686226,0.1974288552098733,0.7719055382191231,-0.429,-0.87,-1.345,-1.13
circle_spin,cell_carpet,0.2,-3.141592653589793,1.9999456405639648,0.0,0.0,0.0,-0.12123541498390479,0.2313908382248684,0.8291429706717145,-0.803,-0.451,-1.283,-1.925
circle_spin,cell_carpet,0.2,-3.141592653589793,2.2000815868377686,0.0,0.0,0.0,-0.08903279917085201,0.25727039578605315,0.8706750204733305,-0.856,-0.653,-0.995,-1.74
circle_spin,cell_carpet,0.2,-3.141592653589793,2.3999717235565186,0.0,0.0,0.0,-0.05088291779220258,0.2732507593322981,0.8951088727320652,-0.528,-0.787,-1.326,-2.05
circle_spin,cell_carpet,0.2,-3.141592653589793,2.5999395847320557,0.0,0.0,0.0,-0.010352831862336279,0.27857367494011726,0.9017158749529697,-0.61,-0.687,-1.194,-1.573
circle_spin,cell_carpet,0.2,-3.141592653589793,2.799927234649658,0.0,0.0,0.0,0.030432099444319294,0.2724341569202175,0.8905258550598157,-0.774,-0.788,-1.186,-1.605
circle_spin,cell_carpet,0.2,-3.141592653589793,2.9999961853027344,0.0,0.0,0.0,0.06754257018830714,0.2553583986302063,0.8621971225069498,-0.721,-1.302,-1.562,-1.615
circle_spin,cell_carpet,0.2,-3.141592653589793,3.1999340057373047,0.0,0.0,0.0,0.09945007823035101,0.2300562162617158,0.8164595598596264,-0.399,-0.906,-1.766,-0.822
circle_spin,cell_carpet,0.2,-3.141592653589793,3.3999438285827637,0.0,0.0,0.0,0.12331887610176383,0.19714418802690753,0.7546168372671974,-0.816,-0.98,-1.58,-1.002
circle_spin,cell_carpet,0.2,-3.141592653589793,3.600416660308838,0.0,0.0,0.0,0.13656500082347334,0.1621569796340004,0.6854060598190737,-0.992,-0.683,-1.431,-2.421
circle_spin,cell_carpet,0.2,-3.141592653589793,3.7999444007873535,0.0,0.0,0.0,0.14018042413635928,0.1183128430092363,0.5880220167111164,-0.842,-1.384,-1.162,-1.866
circle_spin,cell_carpet,0.2,-3.141592653589793,3.999969482421875,0.0,0.0,0.0,0.13292290119242747,0.07912937879835716,0.4857061473288306,-0.313,-1.157,-1.295,-1.8
circle_spin,cell_carpet,0.2,-3.141592653589793,4.199970960617065,0.0,0.0,0.0,0.11601274432658604,0.043443358201922765,0.37232650713686044,-0.804,-0.048,-1.431,-2.06
circle_spin,cell_carpet,0.2,-3.141592653589793,4.399935722351074,0.0,0.0,0.0,0.09204822844111896,0.008007003914748553,0.25350642449160565,-0.946,-0.563,-1.611,-1.928
circle_spin,cell_carpet,0.2,-3.141592653589793,4.599917650222778,0.0,0.0,0.0,0.05731935210596069,-0.010960644272113088,0.12338310207163701,-0.781,-0.964,-1.002,-1.353
spin,rubber_carpet,0.5,0,0.19997167587280273,0.0,0.0,0.0,-5.805463519192866e-06,1.3180145944646782e-06,5.6251093242618705e-06,0.859,0.683,0.425,-0.185
spin,rubber_carpet,0.5,0,0.4000101089477539,0.0,0.0,0.0,-0.001838842223683565,0.003156162476910196,0.013676948394280814,2.142,2.061,2.398,2.068
spin,rubber_carpet,0.5,0,0.5999772548675537,0.0,0.0,0.0,-0.003632340626232848,0.011057959280980079,0.038855258581182425,1.938,1.52,2.578,2.271
spin,rubber_carpet,0.5,0,0.7999627590179443,0.08144510943067887,-0.06636557835984795,-0.0645029418249082,-0.00525434530861673,0.01858207201551565,0.07620363598849841,1.898,1.599,2.14,1.994
spin,rubber_carpet,0.5,0,0.9999783039093018,0.08144510943067887,-0.06636557835984795,-0.0645029418249082,-0.008658878177995481,0.02078634498921761,0.11721169453021764,1.465,1.554,2.396,1.93
spin,rubber_carpet,0.5,0,1.1999807357788086,0.08144510943067887,-0.06636557835984795,-0.0645029418249082,-0.010534951309180036,0.023721539741358266,0.15712850371929235,1.609,1.674,1.722,2.077
spin,rubber_carpet,0.5,0,1.4000146389007568,0.08144510943067887,-0.06636557835984795,-0.0645029418249082,-0.013028858776529838,0.02565181711546871,0.19906850706915233,1.915,1.754,2.569,2.421
spin,rubber_carpet,0.5,0,1.6000008583068848,0.08144510943067887,-0.06636557835984795,-0.0645029418249082,-0.014706327782070046,0.026918934119892213,0.2448400445978481,1.843,1.731,2.098,1.963
spin,rubber_carpet,0.5,0,1.8001344203948975,0.08144510943067887,-0.06636557835984795,-0.0645029418249082,-0.01612828608131022,0.0276678260091896,0.2876667593815345,1.184,1.431,1.873,2.051
spin,rubber_carpet,0.5,0,1.99998140335083,0.08144510943067887,-0.06636557835984795,-0.0645029418249082,-0.016662961988085763,0.027731671618862253,0.33106627188084187,1.886,1.668,2.007,2.463
spin,rubber_carpet,0.5,0,2.1999776363372803,0.08144510943067887,-0.06636557835984795,-0.0645029418249082,-0.01727704228685547,0.027693201372155807,0.37783792684538775,1.926,1.782,2.034,2.531
spin,rubber_carpet,0.5,0,2.40026593208313,0.08144510943067887,-0.06636557835984795,-0.0645029418249082,-0.019265816415638314,0.028194863602265974,0.41418902393808404,1.762,1.537,1.894,1.884
spin,rubber_carpet,0.5,0,2.6000008583068848,0.08144510943067887,-0.06636557835984795,-0.0645029418249082,-0.01908135499707505,0.0270029192077339,0.4574449060709849,1.464,1.538,2.241,2.129
spin,rubber_carpet,0.5,0,2.799975872039795,0.08144510943067887,-0.06636557835984795,-0.0645029418249082,-0.019762704152209036,0.0275684961377336,0.5087106417986296,1.62,1.632,1.905,2.635
spin,rubber_carpet,0.5,0,2.9999852180480957,0.08144510943067887,-0.06636557835984795,-0.0645029418249082,-0.021080887251189638,0.02819232886358669,0.5466572566071526,1.857,1.511,1.642,2.067
spin,rubber_carpet,0.5,0,3.200047016143799,0.08144510943067887,-0.06636557835984795,-0.0645029418249082,-0.02125576231969082,0.02766788912322604,0.5920001094494461,1.717,1.437,1.948,1.962
spin,rubber_carpet,0.5,0,3.4000186920166016,0.08144510943067887,-0.06636557835984795,-0.0645029418249082,-0.02119364645221245,0.026377654360328684,0.6312551903770895,1.586,1.432,2.302,2.158
spin,rubber_carpet,0.5,0,3.60002064704895,0.08144510943067887,-0.06636557835984795,-0.0645029418249082,-0.02111314506484547,0.026354275532856408,0.665278539163515,1.267,1.501,1.72,2.147
spin,rubber_carpet,0.5,0,3.800018310546875,0.08144510943067887,-0.06636557835984795,-0.0645029418249082,-0.021867424842006593,0.027021892032616512,0.7041298122405137,1.502,1.249,1.546,2.213
spin,rubber_carpet,0.5,0,3.9999799728393555,0.08144510943067887,-0.06636557835984795,-0.0645029418249082,-0.0225948817244151,0.02662976643939652,0.7376201457564576,1.856,1.521,2.025,2.28
spin,rubber_carpet,0.5,0,4.199976682662964,0.08144510943067887,-0.06636557835984795,-0.0645029418249082,-0.02208087494131599,0.02538745826643496,0.7700107379057296,1.903,1.5,2.114,2.457
spin,rubber_carpet,0.5,0,4.399977445602417,0.08144510943067887,-0.06636557835984795,-0.0645029418249082,-0.02077975508110299,0.025621938815869272,0.8000274981342517,1.364,1.449,1.798,2.217
spin,rubber_carpet,0.5,0,4.601527452468872,0.08144510943067887,-0.06636557835984795,-0.0645029418249082,-0.021431803624287184,0.0260018821446657,0.8254868270792375,1.555,1.9,1.364,2.158
spin,rubber_carpet,0.5,0,4.800519943237305,0.08144510943067887,-0.06636557835984795,-0.0645029418249082,-0.021245532902190396,0.025468478818459372,0.8519376177613922,1.804,1.513,1.919,2.175
spin,rubber_carpet,0.5,0,5.000758171081543,0.08144510943067887,-0.06636557835984795,-0.0645029418249082,-0.021018666797833187,0.02414929229100038,0.8782514624366247,1.649,1.378,2.156,2.592
spin,rubber_carpet,0.5,0,5.201890230178833,0.08144510943067887,-0.06636557835984795,-0.0645029418249082,-0.020332359349665728,0.023279767206972113,0.9001287209263711,1.626,1.67,1.983,2.466
spin,rubber_carpet,0.5,0,5.400638103485107,0.08144510943067887,-0.06636557835984795,-0.0645029418249082,-0.020499312719392877,0.024164216966537033,0.9193233203458839,1.516,1.389,1.398,2.151
spin,rubber_carpet,0.5,0,5.600156784057617,0.08144510943067887,-0.06636557835984795,-0.0645029418249082,-0.02099595519657197,0.024135692206855852,0.9362136375675335,1.652,1.447,1.716,2.339
spin,rubber_carpet,0.5,0,5.8001015186309814,0.08144510943067887,-0.06636557835984795,-0.0645029418249082,-0.021135501840063776,0.023278636282591858,0.9511841127826142,1.876,1.347,2.245,2.628
spin,rubber_carpet,0.5,0,5.999996662139893,0.08144510943067887,-0.06636557835984795,-0.0645029418249082,-0.020787406878358276,0.022046685801462518,0.9637113896751259,1.724,1.634,2.171,2.802
spin,rubber_carpet,0.5,0,6.200017213821411,0.08144510943067887,-0.06636557835984795,-0.0645029418249082,-0.021268381434834303,0.021454548277052843,0.9737455156457068,1.197,1.332,1.673,2.233
spin,rubber_carpet,0.5,0,6.399970293045044,0.08144510943067887,-0.06636557835984795,-0.0645029418249082,-0.023010670395666975,0.0204719100989742,0.9809541521045612,1.628,1.378,1.894,2.245
spin,rubber_carpet,0.5,0,6.600299835205078,0.08144510943067887,-0.06636557835984795,-0.0645029418249082,-0.022943124792971857,0.020386219433314423,0.9859926909113597,2.11,1.412,2.225,2.511
spin,rubber_carpet,0.5,0,6.8000078201293945,0.08144510943067887,-0.06636557835984795,-0.0645029418249082,-0.021957534710946698,0.021905145667337367,0.9887133183169866,2.001,1.544,1.999,2.325
spin,rubber_carpet,0.5,0,6.9999895095825195,0.08144510943067887,-0.06636557835984795,-0.0645029418249082,-0.022678676937648252,0.022260387011771576,0.9889050207825087,1.609,1.646,1.668,2.253
spin,rubber_carpet,0.5,0,7.200007677078247,0.08144510943067887,-0.06636557835984795,-0.0645029418249082,-0.023421906053137133,0.020937245192841236,0.9865973845841283,1.376,1.396,1.528,2.12
spin,rubber_carpet,0.5,0,7.399980306625366,0.08144510943067887,-0.06636557835984795,-0.0645029418249082,-0.023174589944262337,0.020064823268553744,0.9817858143859993,1.68,1.215,1.851,2.613
spin,rubber_carpet,0.5,0,7.600036859512329,0.08144510943067887,-0.06636557835984795,-0.0645029418249082,-0.022888967510728837,0.020210055434142005,0.9742514743868457,1.963,1.301,1.935,2.537
spin,rubber_carpet,0.5,0,7.799993991851807,0.08144510943067887,-0.06636557835984795,-0.0645029418249082,-0.022798706046548982,0.020385429564513946,0.9642566165596745,1.804,1.421,2.071,2.478
spin,rubber_carpet,0.5,0,7.999963998794556,0.08144510943067887,-0.06636557835984795,-0.0645029418249082,-0.02266130345592069,0.019557523747475103,0.951927139887392,1.566,1.651,1.682,2.499
spin,rubber_carpet,0.5,0,8.199994325637817,0.08144510943067887,-0.06636557835984795,-0.0645029418249082,-0.023562965214647548,0.01970818481980119,0.937893184700696,1.942,1.581,2.019,2.491
spin,rubber_carpet,0.5,0,8.400058269500732,0.08144510943067887,-0.06636557835984795,-0.0645029418249082,-0.022954281682349566,0.01960689812190819,0.9207525094482405,1.854,1.169,2.293,2.733
spin,rubber_carpet,0.5,0,8.599983930587769,0.08144510943067887,-0.06636557835984795,-0.0645029418249082,-0.022482593590857143,0.019637853692118235,0.9028784099202288,1.824,1.234,2.125,2.634
spin,rubber_carpet,0.5,0,8.799974203109741,0.08144510943067887,-0.06636557835984795,-0.0645029418249082,-0.02236602063314421,0.01952308086526411,0.8790530652976836,1.562,1.48,1.79,2.306
spin,rubber_carpet,0.5,0,9.00003170967102,0.08144510943067887,-0.06636557835984795,-0.0645029418249082,-0.021986438150485683,0.0180741033406836,0.8556622561729306,1.452,1.491,1.786,2.637
spin,rubber_carpet,0.5,0,9.200010776519775,0.08144510943067887,-0.06636557835984795,-0.0645029418249082,-0.021311096644215356,0.01755553793788167,0.8301625313885076,1.839,1.533,2.469,2.62
spin,rubber_carpet,0.5,0,9.400003910064697,0.08144510943067887,-0.06636557835984795,-0.0645029418249082,-0.021049800164978837,0.017835381761004965,0.8013571380122126,1.666,1.051,2.139,2.524
spin,rubber_carpet,0.5,0,9.600020170211792,0.08144510943067887,-0.06636557835984795,-0.0645029418249082,-0.021389405787039496,0.01780974473521102,0.7695432721765983,1.554,1.124,1.753,2.333
spin,rubber_carpet,0.5,0,9.79999303817749,0.08144510943067887,-0.06636557835984795,-0.0645029418249082,-0.02065063465849442,0.01710901652210528,0.7384913440525438,1.28,1.407,1.558,2.25
spin,rubber_carpet,0.5,0,9.999974966049194,0.08144510943067887,-0.06636557835984795,-0.0645029418249082,-0.020519164670501598,0.016308773974379576,0.7045670340448524,1.457,1.284,2.091,2.286
spin,rubber_carpet,0.5,0,0.19997620582580566,0.0,0.0,0.0,-1.1171569217191535e-05,-9.5848222712136e-05,-0.00010869705114402439,1.243,0.983,1.459,1.95
spin,rubber_carpet,0.5,0,0.39994263648986816,0.0,0.0,0.0,-0.0010772351616629289,-0.000521800009474771,0.006100808782371292,-1.092,-1.432,-1.079,-0.565
spin,rubber_carpet,0.5,0,0.5999753475189209,0.0,0.0,0.0,-0.0015900406529345684,-0.0005708516806818276,0.010854130781094762,-1.693,-1.864,-1.621,-1.017
spin,rubber_carpet,0.5,0,0.7999601364135742,0.0,0.0,0.0,-0.002756901799121997,-0.0009196021980807378,0.017647855490197317,-1.832,-2.145,-1.865,-1.58
spin,rubber_carpet,0.5,0,0.9999661445617676,0.0,0.0,0.0,-0.006670677056517929,-0.003343462314949197,0.028544906831513117,-1.285,-1.998,-2.105,-2.012
spin,rubber_carpet,0.5,0,1.200007677078247,0.0,0.0,0.0,-0.013495475600938639,-0.005752729165737325,0.045165271279413166,-1.709,-1.869,-2.34,-2.334
spin,rubber_carpet,0.5,0,1.4003286361694336,0.0,0.0,0.0,-0.016873446705544984,-0.006445086080280604,0.061786342828460517,-1.149,-1.768,-2.099,-1.741
spin,rubber_carpet,0.5,0,1.6000921726226807,0.0,0.0,0.0,-0.020094155395705554,-0.005573533382963403,0.08987558507399329,-1.571,-1.596,-2.137,-2.074
spin,rubber_carpet,0.5,0,1.7999534606933594,0.0,0.0,0.0,-0.022683937478669258,-0.0070386504197690325,0.11591590272785413,-1.335,-1.874,-2.085,-1.642
spin,rubber_carpet,0.5,0,2.000002384185791,0.0,0.0,0.0,-0.024687653457440895,-0.005302691203635468,0.14203467571734363,-1.164,-1.802,-2.139,-2.081
spin,rubber_carpet,0.5,0,2.1999852657318115,0.0,0.0,0.0,-0.025794779454926864,-0.004169014973577356,0.1674167038294998,-1.613,-1.504,-2.077,-1.719
spin,rubber_carpet,0.5,0,2.399965524673462,0.0,0.0,0.0,-0.02740451132516858,-0.004856453266021243,0.19274789818449178,-1.697,-1.55,-2.1,-1.772
spin,rubber_carpet,0.5,0,2.5999629497528076,0.0,0.0,0.0,-0.027439133090156928,-0.0032465835439215995,0.21297134382828364,-1.331,-1.79,-1.973,-2.027
spin,rubber_carpet,0.5,0,2.8000125885009766,-6.263669958450866,-2.8246009286819036,-1.8921689432101756,-0.02683129598161428,-0.0021393502965258993,0.23566299199449325,-1.461,-1.805,-1.985,-1.901
spin,rubber_carpet,0.5,0,2.999971866607666,-6.263669958450866,-2.8246009286819036,-1.8921689432101756,-0.027393371510750136,-0.002505287296679537,0.2581060377131953,-1.663,-1.614,-2.085,-1.676
spin,rubber_carpet,0.5,0,3.19996976852417,-6.263669958450866,-2.8246009286819036,-1.8921689432101756,-0.02846993600026969,-0.0026227693941180963,0.2767761986122268,-1.584,-1.628,-2.003,-1.957
spin,rubber_carpet,0.5,0,3.3999528884887695,-6.263669958450866,-2.8246009286819036,-1.8921689432101756,-0.02882467053131446,-0.0012031417745180795,0.29273993901880324,-1.364,-1.806,-1.886,-2.004
spin,rubber_carpet,0.5,0,3.600037097930908,-6.263669958450866,-2.8246009286819036,-1.8921689432101756,-0.028907214404609097,-0.0003570514457853502,0.30921773151698917,-1.417,-1.759,-2.343,-1.85
spin,rubber_carpet,0.5,0,3.7999701499938965,-6.263669958450866,-2.8246009286819036,-1.8921689432101756,-0.029110114615247568,-7.315007143859908e-05,0.32166328354490303,-1.396,-1.44,-2.278,-1.572
spin,rubber_carpet,0.5,0,3.9999983310699463,-6.263669958450866,-2.8246009286819036,-1.8921689432101756,-0.029643372068766563,0.0006085003650581067,0.33168528250897555,-1.474,-1.287,-1.824,-1.765
spin,rubber_carpet,0.5,0,4.199999094009399,-6.263669958450866,-2.8246009286819036,-1.8921689432101756,-0.029604631320090002,0.0006557448436934621,0.33917975904715925,-1.461,-1.781,-2.026,-2.013
spin,rubber_carpet,0.5,0,4.399963140487671,-6.263669958450866,-2.8246009286819036,-1.8921689432101756,-0.028946335349998145,0.0011088410862587494,0.3439089663624445,-1.265,-1.652,-2.2,-1.864
spin,rubber_carpet,0.5,0,4.600008010864258,-6.408487936467279,-3.605194861406658,-1.5226347536187426,-0.028856338358704436,0.0016844145556137446,0.34688301183514725,-1.354,-1.757,-2.312,-1.677
spin,rubber_carpet,0.5,0,4.799989700317383,-6.408487936467279,-3.605194861406658,-1.5226347536187426,-0.029730102048347126,0.002375759701333746,0.34730033273510275,-1.523,-1.484,-1.905,-1.747
spin,rubber_carpet,0.5,0,5.000022649765015,-6.408487936467279,-3.605194861406658,-1.5226347536187426,-0.029699422793882616,0.0027291704177471177,0.34539803684617,-1.438,-1.55,-1.928,-2.202
spin,rubber_carpet,0.5,0,5.200021982192993,-6.408487936467279,-3.605194861406658,-1.5226347536187426,-0.029353055565134942,0.0031468331838752084,0.3410844155711824,-1.354,-1.751,-2.04,-2.057
spin,rubber_carpet,0.5,0,5.400085687637329,-6.408487936467279,-3.605194861406658,-1.5226347536187426,-0.029437165671289095,0.003019298949127225,0.33421684410865093,-1.413,-1.67,-2.225,-1.555
spin,rubber_carpet,0.5,0,5.59998893737793,-6.408487936467279,-3.605194861406658,-1.5226347536187426,-0.029449429063291815,0.0028294517636624494,0.32486889833308163,-1.459,-1.36,-2.254,-1.836
spin,rubber_carpet,0.5,0,5.800006628036499,-6.408487936467279,-3.605194861406658,-1.5226347536187426,-0.028728887768618608,0.0030545466852169856,0.3130729100274935,-1.485,-1.505,-2.201,-2.145
spin,rubber_carpet,0.5,0,5.999990463256836,-6.408487936467279,-3.605194861406658,-1.5226347536187426,-0.02839667296737007,0.0032571208838793053,0.29876657301249965,-1.475,-1.735,-2.412,-1.935
spin,rubber_carpet,0.5,0,6.200080156326294,-6.408487936467279,-3.605194861406658,-1.5226347536187426,-0.028075168360109384,0.003112708515046303,0.2822363989887099,-1.363,-1.745,-2.29,-1.691
spin,rubber_carpet,0.5,0,6.399953603744507,-6.408487936467279,-3.605194861406658,-1.5226347536187426,-0.027721274396328655,0.003760021951680681,0.26320012551434213,-1.341,-1.592,-2.269,-1.821
spin,rubber_carpet,0.5,0,6.600006103515625,-6.408487936467279,-3.605194861406658,-1.5226347536187426,-0.027221784033547067,0.0039107584953379515,0.2420805669088636,-1.344,-1.186,-1.903,-1.92
spin,rubber_carpet,0.5,0,6.800016403198242,-6.408487936467279,-3.605194861406658,-1.5226347536187426,-0.02737811902301962,0.0038048247619244524,0.21677334806063175,-1.507,-1.411,-1.876,-2.055
spin,rubber_carpet,0.5,0,7.000007629394531,-6.408487936467279,-3.605194861406658,-1.5226347536187426,-0.027444763265692174,0.0038004373510991396,0.1905922899632354,-1.464,-1.736,-2.124,-2.032
spin,rubber_carpet,0.5,0,7.200002431869507,-6.408487936467279,-3.605194861406658,-1.5226347536187426,-0.02739042735032951,0.004015606796717086,0.16265308683699076,-1.539,-1.8,-2.516,-1.751
spin,rubber_carpet,0.5,0,7.399952411651611,-6.408487936467279,-3.605194861406658,-1.5226347536187426,-0.027327158232769932,0.004327186338125233,0.1294087561572672,-1.366,-1.42,-2.058,-2.062
spin,rubber_carpet,0.5,0,7.599975109100342,-6.408487936467279,-3.605194861406658,-1.5226347536187426,-0.02717960435633468,0.004619768096848942,0.09775169797431105,-1.33,-1.39,-1.891,-2.273
spin,rubber_carpet,0.5,0,7.799994945526123,-6.408487936467279,-3.605194861406658,-1.5226347536187426,-0.026603591479595526,0.004311041482856659,0.0699137062365841,-1.338,-1.536,-1.99,-1.984
spin,rubber_carpet,0.5,0,8.000007390975952,-6.408487936467279,-3.605194861406658,-1.5226347536187426,-0.02593254239212542,0.0044423701919859004,0.033629757025008256,-1.318,-1.709,-2.655,-1.644
spin,rubber_carpet,0.5,0,8.200083255767822,-6.408487936467279,-3.605194861406658,-1.5226347536187426,-0.024912337918080174,0.004175007929721253,-0.004057998896061732,-1.414,-1.487,-2.121,-1.888
spin,rubber_carpet,0.5,0,8.399987936019897,-6.408487936467279,-3.605194861406658,-1.5226347536187426,-0.025095279955789668,0.003810207466201865,-0.04642026037721125,-1.332,-1.398,-2.261,-2.251
spin,rubber_carpet,0.5,0,8.60042405128479,-6.408487936467279,-3.605194861406658,-1.5226347536187426,-0.02519190453054769,0.004106886841161339,-0.08527456500477015,-1.325,-1.357,-2.37,-1.963
spin,rubber_carpet,0.5,0,8.799953937530518,-6.408487936467279,-3.605194861406658,-1.5226347536187426,-0.024823812552062105,0.003793261488790778,-0.1311765330306799,-1.417,-1.552,-2.486,-1.91
spin,rubber_carpet,0.5,0,8.999962568283081,-6.408487936467279,-3.605194861406658,-1.5226347536187426,-0.024411528313441525,0.003985099707475959,-0.1751527557816508,-1.283,-1.859,-2.216,-1.982
spin,rubber_carpet,0.5,0,9.200003623962402,-6.408487936467279,-3.605194861406658,-1.5226347536187426,-0.023976459626153038,0.0041524911853149105,-0.21895906892261247,-1.24,-1.453,-2.129,-2.125
spin,rubber_carpet,0.5,0,9.399945974349976,-6.408487936467279,-3.605194861406658,-1.5226347536187426,-0.02327858768384118,0.0033933835369699406,-0.2635470179883991,-1.219,-1.126,-2.175,-2.258
spin,rubber_carpet,0.5,0,9.599968671798706,-6.408487936467279,-3.605194861406658,-1.5226347536187426,-0.0231193925130571,0.003917493987220078,-0.3105783935356995,-1.352,-1.573,-2.285,-1.833
spin,rubber_carpet,0.5,0,9.799997806549072,-6.408487936467279,-3.605194861406658,-1.5226347536187426,-0.022214940565296437,0.0038200978295662713,-0.3549016630574174,-1.343,-1.949,-2.278,-2.009
spin,rubber_carpet,0.5,0,9.999980926513672,-6.408487936467279,-3.605194861406658,-1.5226347536187426,-0.021575197159366566,0.0037838865474112415,-0.4046865115637902,-1.275,-1.487,-2.026,-2.159
circle_spin,rubber_carpet,0.2,0,0.20000076293945312,0.0,0.0,0.0,-3.004317447763416e-06,-1.1822852087617353e-06,5.619905907333633e-06,-0.22,-0.311,1.838,2.095
circle_spin,rubber_carpet,0.2,0,0.3999977111816406,0.0,0.0,0.0,0.0027541270843673415,0.002721383505372099,0.010699827972977076,1.077,3.803,2.937,3.575
circle_spin,rubber_carpet,0.2,0,0.599992036819458,0.0,0.0,0.0,0.04077755758464102,0.0028069133539689595,0.10637895735090033,1.367,2.494,1.863,4.105
circle_spin,rubber_carpet,0.2,0,0.8000175952911377,0.0,0.0,0.0,0.08313492168388939,0.00022623013641417944,0.19576163124144663,1.593,2.696,1.631,3.524
circle_spin,rubber_carpet,0.2,0,0.9999847412109375,0.0,0.0,0.0,0.13442395109610805,0.010101850657490724,0.31010204869368824,1.513,2.36,1.756,2.589
circle_spin,rubber_carpet,0.2,0,1.1999831199645996,0.0,0.0,0.0,0.17313123140116848,0.029411401153868116,0.40161986758763,1.92,1.688,1.835,3.189
circle_spin,rubber_carpet,0.2,0,1.4000630378723145,0.0,0.0,0.0,0.19990821913590903,0.04940020894965422,0.4757060500564609,1.48,2.361,1.785,2.93
circle_spin,rubber_carpet,0.2,0,1.6000194549560547,0.0,0.0,0.0,0.23007968502272746,0.0860836138144839,0.5757243467290007,1.543,2.551,1.41,3.356
circle_spin,rubber_carpet,0.2,0,1.800041675567627,0.0,0.0,0.0,0.2457575743301065,0.12316646273268078,0.6563374020452769,1.839,2.693,1.821,2.746
circle_spin,rubber_carpet,0.2,0,2.0000152587890625,0.0,0.0,0.0,0.25459288376526373,0.1593445200932309,0.7256264246382762,1.63,2.231,1.669,2.424
circle_spin,rubber_carpet,0.2,0,2.2000174522399902,0.0,0.0,0.0,0.2554654024351717,0.20303846833609773,0.7993830621368861,1.975,1.876,1.385,2.764
circle_spin,rubber_carpet,0.2,0,2.399989366531372,0.0,0.0,0.0,0.2475251138827393,0.24176590883402832,0.8605348767366572,1.736,1.813,1.814,3.016
circle_spin,rubber_carpet,0.2,0,2.6000359058380127,0.0,0.0,0.0,0.23464696763699752,0.2715616055834536,0.9054292840510697,1.557,1.808,1.324,3.501
circle_spin,rubber_carpet,0.2,0,2.800126075744629,0.0,0.0,0.0,0.20908452712183415,0.3068332529348029,0.9551729338753787,1.635,2.38,1.568,3.573
circle_spin,rubber_carpet,0.2,0,3.0000429153442383,0.0,0.0,0.0,0.17668525523765138,0.33613847472826375,0.9944689144964729,1.811,2.161,1.817,2.639
circle_spin,rubber_carpet,0.2,0,3.2000396251678467,0.0,0.0,0.0,0.1460899642959459,0.3541081735495566,1.0188474079407759,1.399,1.689,1.75,3.341
circle_spin,rubber_carpet,0.2,0,3.400045156478882,0.0,0.0,0.0,0.10607208633663787,0.36774886927854405,1.0372901858489176,1.45,2.62,1.422,3.291
circle_spin,rubber_carpet,0.2,0,3.6000638008117676,0.0,0.0,0.0,0.06574960271354385,0.37282712995701367,1.0441348201957958,1.785,2.982,2.128,3.144
circle_spin,rubber_carpet,0.2,0,3.8000452518463135,0.0,0.0,0.0,0.025601942594247418,0.3692800676073423,1.041176385259993,1.579,1.787,1.777,2.666
circle_spin,rubber_carpet,0.2,0,3.999995470046997,0.0,0.0,0.0,-0.013299912148481058,0.3578274020411237,1.027956771066968,1.631,2.296,1.573,4.073
circle_spin,rubber_carpet,0.2,0,4.199987411499023,0.0,0.0,0.0,-0.049682808087142205,0.33952139705979467,1.0051282718656565,1.279,1.961,1.651,3.925
circle_spin,rubber_carpet,0.2,0,4.399989604949951,0.0,0.0,0.0,-0.08095631315498664,0.31365436413474546,0.9727780750095002,1.587,2.303,1.748,3.213
circle_spin,rubber_carpet,0.2,0,4.600055456161499,0.0,0.0,0.0,-0.10685266002434829,0.28301148397828463,0.9308669941614565,1.631,2.558,1.787,3.516
circle_spin,rubber_carpet,0.2,0,4.800368547439575,0.02684721528556105,-0.7097776781751767,-1.5563789999554303,-0.12562121209488253,0.2476179859961538,0.8797660155687091,1.481,1.903,1.724,3.133
circle_spin,rubber_carpet,0.2,0,5.000009059906006,0.02684721528556105,-0.7097776781751767,-1.5563789999554303,-0.13767094035004435,0.2089667127773649,0.8212036891010923,1.13,2.612,1.506,4.187
circle_spin,rubber_carpet,0.2,0,5.200027227401733,0.02684721528556105,-0.7097776781751767,-1.5563789999554303,-0.14272941259473754,0.16835358758783942,0.754206912013789,1.849,2.218,1.908,3.239
circle_spin,rubber_carpet,0.2,0,5.400063753128052,0.02684721528556105,-0.7097776781751767,-1.5563789999554303,-0.13846889188881112,0.12812574150148448,0.6801853936209108,1.984,1.554,1.859,3.488
circle_spin,rubber_carpet,0.2,0,5.600030183792114,0.02684721528556105,-0.7097776781751767,-1.5563789999554303,-0.12785338351680897,0.09150720206889118,0.6025340433710654,1.451,1.666,1.637,3.64
circle_spin,rubber_carpet,0.2,0,5.800042390823364,0.02684721528556105,-0.7097776781751767,-1.5563789999554303,-0.10835037557271426,0.05453256908663792,0.5154793587064747,1.645,1.849,1.793,2.633
circle_spin,rubber_carpet,0.2,0,6.00059700012207,0.02684721528556105,-0.7097776781751767,-1.5563789999554303,-0.08222946716721968,0.02286600119019136,0.4233221025254831,1.941,2.431,1.873,3.64
circle_spin,rubber_carpet,0.2,0,6.200036525726318,0.02684721528556105,-0.7097776781751767,-1.5563789999554303,-0.05066584753326847,-0.0012497755824895929,0.3292337173342996,1.515,2.341,1.709,3.207
circle_spin,rubber_carpet,0.2,-3.141592653589793,0.19997477531433105,0.0,0.0,0.0,1.2646978133690201e-05,-8.203067516851514e-06,-1.8562804969424196e-05,1.523,1.107,1.569,1.994
circle_spin,rubber_carpet,0.2,-3.141592653589793,0.3999645709991455,0.0,0.0,0.0,-0.017118906757122604,0.003690850786584335,0.027626513512332085,-1.058,-2.559,-1.028,-2.34
circle_spin,rubber_carpet,0.2,-3.141592653589793,0.5999619960784912,0.0,0.0,0.0,-0.050594233444711284,0.013999835840335081,0.07678575855695582,-0.848,-2.162,-1.366,-1.871
circle_spin,rubber_carpet,0.2,-3.141592653589793,0.7999775409698486,0.0,0.0,0.0,-0.08529418931189334,0.02801310281321083,0.13688264406765197,-0.897,-1.848,-1.326,-2.208
circle_spin,rubber_carpet,0.2,-3.141592653589793,0.9999959468841553,0.0,0.0,0.0,-0.11981088437909973,0.049572616528606936,0.20310961059711244,-1.434,-2.177,-1.927,-1.672
circle_spin,rubber_carpet,0.2,-3.141592653589793,1.2000579833984375,0.0,0.0,0.0,-0.15145645438224467,0.0749668890120596,0.26978638151098067,-1.119,-1.667,-2.453,-1.882
circle_spin,rubber_carpet,0.2,-3.141592653589793,1.3999834060668945,0.0,0.0,0.0,-0.17980390589058529,0.10308411066783436,0.34151815623729875,-1.07,-1.678,-2.374,-2.377
circle_spin,rubber_carpet,0.2,-3.141592653589793,1.6000206470489502,0.0,0.0,0.0,-0.19830442406136564,0.13752619772232527,0.41354161931489475,-1.042,-2.104,-1.932,-2.253
circle_spin,rubber_carpet,0.2,-3.141592653589793,1.8000054359436035,0.0,0.0,0.0,-0.2145227341403412,0.17548493622019445,0.483397458452709,-1.422,-2.108,-2.387,-2.938
circle_spin,rubber_carpet,0.2,-3.141592653589793,1.9999632835388184,0.0,0.0,0.0,-0.22030709672692647,0.21431339111146053,0.5522520392662444,-1.028,-1.233,-2.173,-1.566
circle_spin,rubber_carpet,0.2,-3.141592653589793,2.199979305267334,0.0,0.0,0.0,-0.22001055191393346,0.2543083152023355,0.6137352712896326,-1.097,-1.843,-1.986,-2.276
circle_spin,rubber_carpet,0.2,-3.141592653589793,2.399984121322632,0.0,0.0,0.0,-0.2104824505732756,0.2936347241996584,0.6732905963828917,-1.235,-2.323,-2.062,-2.416
circle_spin,rubber_carpet,0.2,-3.141592653589793,2.5999867916107178,0.0,0.0,0.0,-0.19366825566714677,0.3290422038872003,0.7248352255452227,-1.102,-1.624,-1.913,-2.325
circle_spin,rubber_carpet,0.2,-3.141592653589793,2.7999730110168457,0.0,0.0,0.0,-0.1703151154359611,0.36311854980166125,0.7686670607032318,-1.445,-1.929,-2.198,-2.166
circle_spin,rubber_carpet,0.2,-3.141592653589793,2.9999611377716064,0.0,0.0,0.0,-0.1407600836502256,0.3901133399883413,0.8050721167359266,-1.334,-2.123,-1.88,-2.474
circle_spin,rubber_carpet,0.2,-3.141592653589793,3.1999590396881104,0.0,0.0,0.0,-0.10611441058031276,0.4109135646605797,0.8323639432663398,-1.226,-1.586,-1.946,-2.239
circle_spin,rubber_carpet,0.2,-3.141592653589793,3.3999736309051514,0.0,0.0,0.0,-0.06910146799736758,0.42586956406187637,0.8496378095080963,-1.278,-1.677,-2.052,-2.358
circle_spin,rubber_carpet,0.2,-3.141592653589793,3.5999698638916016,0.0,0.0,0.0,-0.027841408346722246,0.4328726345144779,0.85798469882555,-1.242,-2.078,-1.721,-2.268
circle_spin,rubber_carpet,0.2,-3.141592653589793,3.7999613285064697,0.0,0.0,0.0,0.012648282495374946,0.4325488714015162,0.856212900303567,-1.362,-1.779,-2.35,-2.232
circle_spin,rubber_carpet,0.2,-3.141592653589793,3.9999685287475586,0.0,0.0,0.0,0.05134422870778749,0.4241335143320152,0.8446099899873971,-1.102,-2.153,-2.11,-2.18
circle_spin,rubber_carpet,0.2,-3.141592653589793,4.199984073638916,0.0,0.0,0.0,0.08858583574403756,0.4070042577517816,0.8236927217581843,-1.005,-2.063,-1.896,-2.633
circle_spin,rubber_carpet,0.2,-3.141592653589793,4.399983167648315,0.0,0.0,0.0,0.12194758238747869,0.3830125440496418,0.7927068371971122,-1.555,-1.262,-2.306,-3.072
circle_spin,rubber_carpet,0.2,-3.141592653589793,4.600027561187744,0.0,0.0,0.0,0.1496097757623864,0.3539905662987856,0.7524770127429028,-1.252,-1.346,-2.302,-2.024
circle_spin,rubber_carpet,0.2,-3.141592653589793,4.800037622451782,0.0,0.0,0.0,0.17174709414714254,0.3212372390415691,0.703503919752063,-0.75,-1.851,-1.965,-2.421
circle_spin,rubber_carpet,0.2,-3.141592653589793,5.000030755996704,0.0,0.0,0.0,0.18539570286381607,0.28330679955439225,0.6462133441596014,-1.09,-1.892,-2.344,-2.832
circle_spin,rubber_carpet,0.2,-3.141592653589793,5.200002908706665,0.0,0.0,0.0,0.19123148030240708,0.24377594916511353,0.5808423730312785,-1.234,-1.743,-2.756,-2.501
circle_spin,rubber_carpet,0.2,-3.141592653589793,5.4000160694122314,0.0,0.0,0.0,0.19084385441422874,0.20403404157980948,0.5074774879591845,-1.094,-0.969,-1.696,-2.366
circle_spin,rubber_carpet,0.2,-3.141592653589793,5.600024700164795,0.0,0.0,0.0,0.18144275918407182,0.16597628485293486,0.42840302947393316,-0.939,-1.823,-2.048,-3.084
circle_spin,rubber_carpet,0.2,-3.141592653589793,5.800387382507324,0.0,0.0,0.0,0.1639449872651403,0.13038366633311899,0.344017413574477,-0.805,-1.563,-2.771,-2.288
circle_spin,rubber_carpet,0.2,-3.141592653589793,5.9999918937683105,0.0,0.0,0.0,0.14007399581184227,0.09930565148775435,0.25424995177899157,-1.178,-1.858,-2.062,-2.067
circle_spin,rubber_carpet,0.2,-3.141592653589793,6.200010299682617,0.0,0.0,0.0,0.11057697386676536,0.07368677079796009,0.1603894297463617,-1.188,-1.69,-1.824,-2.822
spin,linoleum,0.5,0,0.1999962329864502,0.0,0.0,0.0,0.0,0.0,0.0,0.106,0.207,-0.396,-0.252
spin,linoleum,0.5,0,0.40004539489746094,0.0,0.0,0.0,0.000769198974504115,0.0016876177874284304,0.029155714493487847,0.623,0.599,0.219,0.632
spin,linoleum,0.5,0,0.6000497341156006,0.0,0.0,0.0,0.001989424994949973,0.005462370236429592,0.07020195058986908,0.733,0.654,0.609,0.594
spin,linoleum,0.5,0,0.8000273704528809,0.0,0.0,0.0,0.002289875555621712,0.008399147886803515,0.11450035777767685,0.607,0.452,0.74,0.641
spin,linoleum,0.5,0,1.0000109672546387,0.0,0.0,0.0,0.002716911491376761,0.01051713560857448,0.1591868675489297,0.423,0.598,0.39,0.495
spin,linoleum,0.5,0,1.2002389430999756,0.0,0.0,0.0,0.0029685484072345947,0.012228277697540868,0.20524517214963534,0.572,0.402,0.687,0.687
spin,linoleum,0.5,0,1.4004745483398438,0.0,0.0,0.0,0.003096092959230301,0.013260176818036817,0.2522733042844436,0.77,0.741,0.65,0.648
spin,linoleum,0.5,0,1.602778434753418,0.0,0.0,0.0,0.0026166048399585695,0.014612147791299379,0.2998153919920826,0.861,0.355,0.238,0.81
spin,linoleum,0.5,0,1.8005743026733398,0.0,0.0,0.0,0.0023503592313004473,0.015010272364560984,0.3465493498134535,0.368,0.483,0.683,0.609
spin,linoleum,0.5,0,2.0004079341888428,0.0,0.0,0.0,0.002090311766885289,0.015205968917829438,0.3932979847890446,0.533,0.542,0.658,0.724
spin,linoleum,0.5,0,2.2002501487731934,0.0,0.0,0.0,0.002116214416662543,0.015101200643239499,0.4403025569794558,0.561,0.585,0.59,0.448
spin,linoleum,0.5,0,2.4000275135040283,0.0,0.0,0.0,0.0013131191536841502,0.015793629652725905,0.48545411593854865,0.785,0.369,0.661,0.746
spin,linoleum,0.5,0,2.60003399848938,0.0,0.0,0.0,0.0007890896892858712,0.01567055402304074,0.5305126106981941,0.288,0.622,0.657,0.554
spin,linoleum,0.5,0,2.800032377243042,0.0,0.0,0.0,0.0011035519239166458,0.01546867442933475,0.57450362093671,0.494,0.535,0.63,0.824
spin,linoleum,0.5,0,3.000065565109253,0.0,0.0,0.0,0.0010784819639146348,0.015231658461307584,0.617400459852975,0.643,0.636,0.371,0.726
spin,linoleum,0.5,0,3.2000253200531006,0.0,0.0,0.0,0.00012456857805209776,0.015540572599283764,0.6588524026751768,0.752,0.735,0.374,0.733
spin,linoleum,0.5,0,3.400026798248291,0.0,0.0,0.0,-0.0006576895784660142,0.01531218711989124,0.6998637329762314,0.232,0.417,0.83,0.746
spin,linoleum,0.5,0,3.600019693374634,0.0,0.0,0.0,-0.00020294448698493506,0.014879368495100298,0.7388234383460434,0.4,0.499,0.674,0.715
spin,linoleum,0.5,0,3.800023317337036,0.0,0.0,0.0,6.846053693915222e-05,0.014600145214110238,0.7764760374305677,0.489,0.466,0.537,0.58
spin,linoleum,0.5,0,4.000066041946411,0.0,0.0,0.0,-0.0005584573331729459,0.014325201983957814,0.8118151229850564,0.801,0.586,0.148,0.841
spin,linoleum,0.5,0,4.200077295303345,0.0,0.0,0.0,-0.0009291769598920308,0.014189433109238592,0.8458778942989515,0.779,0.494,0.432,0.708
spin,linoleum,0.5,0,4.400059938430786,0.0,0.0,0.0,-0.000759505270099381,0.014023617188504534,0.8756178343917107,0.382,0.647,0.605,0.671
spin,linoleum,0.5,0,4.6000707149505615,0.0,0.0,0.0,-0.001079472062361475,0.013895895920654655,0.9080308096959888,0.429,0.452,0.58,0.634
spin,linoleum,0.5,0,4.800013065338135,5.97942684462264,-3.2921055923058242,-1.971625491712994,-0.001028484271239971,0.013448621966275609,0.9361051935585847,0.609,0.503,0.341,0.771
spin,linoleum,0.5,0,5.000023126602173,5.97942684462264,-3.2921055923058242,-1.971625491712994,-0.0013610664049644727,0.013163843799466668,0.9621587004052103,0.752,0.329,0.227,0.973
spin,linoleum,0.5,0,5.1999900341033936,5.97942684462264,-3.2921055923058242,-1.971625491712994,-0.0017692474747242337,0.013054051521016463,0.9861290688871449,0.228,0.527,0.658,0.704
spin,linoleum,0.5,0,5.399991989135742,5.97942684462264,-3.2921055923058242,-1.971625491712994,-0.001813062852741576,0.01293474605805256,1.0078288875718617,0.437,0.446,0.572,0.761
spin,linoleum,0.5,0,5.600008010864258,5.97942684462264,-3.2921055923058242,-1.971625491712994,-0.002107278738456675,0.012452266578291571,1.0264620796904227,0.428,0.314,0.401,0.883
spin,linoleum,0.5,0,5.799982786178589,5.97942684462264,-3.2921055923058242,-1.971625491712994,-0.0022504580220817916,0.012185683077159504,1.0442754490134076,0.642,0.422,0.46,0.807
spin,linoleum,0.5,0,6.000014066696167,5.97942684462264,-3.2921055923058242,-1.971625491712994,-0.002834235496656623,0.011417359691474949,1.0587093013999407,0.609,0.464,0.771,0.744
spin,linoleum,0.5,0,6.2000412940979,5.97942684462264,-3.2921055923058242,-1.971625491712994,-0.002850995230906428,0.011198011377073769,1.0704554376548,0.28,0.469,0.71,0.826
spin,linoleum,0.5,0,6.400045156478882,5.97942684462264,-3.2921055923058242,-1.971625491712994,-0.003542815792819287,0.01120878584502849,1.0805993888846557,0.506,0.322,0.54,0.658
spin,linoleum,0.5,0,6.600476503372192,5.97942684462264,-3.2921055923058242,-1.971625491712994,-0.004052377983219446,0.011177040667768479,1.0876778480634386,0.62,0.42,0.099,0.79
spin,linoleum,0.5,0,6.80000638961792,5.97942684462264,-3.2921055923058242,-1.971625491712994,-0.004622872980461434,0.010692631910781292,1.092716986537766,0.708,0.347,0.616,0.741
spin,linoleum,0.5,0,7.0000550746917725,5.97942684462264,-3.2921055923058242,-1.971625491712994,-0.00453576005765044,0.01037994551135335,1.0950748879157777,0.476,0.361,0.842,0.922
spin,linoleum,0.5,0,7.200033187866211,-0.10643501106948679,-0.0611146542346382,1.0220665498268615,-0.004657532262874686,0.010664859703065077,1.0949446740667221,0.475,0.438,0.642,0.527
spin,linoleum,0.5,0,7.4000091552734375,-0.10643501106948679,-0.0611146542346382,1.0220665498268615,-0.004847132086629957,0.010569486431640573,1.092343849884208,0.514,0.372,0.726,0.827
spin,linoleum,0.5,0,7.599999904632568,-0.10643501106948679,-0.0611146542346382,1.0220665498268615,-0.004845016507990851,0.010070758534520885,1.08727733231452,0.551,0.479,0.382,0.992
spin,linoleum,0.5,0,7.800050258636475,-0.10643501106948679,-0.0611146542346382,1.0220665498268615,-0.00484299299157287,0.009340775926115819,1.079649451303296,0.458,0.264,0.812,0.918
spin,linoleum,0.5,0,8.000069379806519,-0.10643501106948679,-0.0611146542346382,1.0220665498268615,-0.005183152050525386,0.009516905636371198,1.0694911873549124,0.456,0.308,0.763,0.644
spin,linoleum,0.5,0,8.200014352798462,5.97942684462264,-3.2921055923058242,-1.971625491712994,-0.005348919669612373,0.00962640215812205,1.0570667097176814,0.34,0.352,0.603,0.913
spin,linoleum,0.5,0,8.400010824203491,5.97942684462264,-3.2921055923058242,-1.971625491712994,-0.005767955977415473,0.00945101948216609,1.0423871141236978,0.736,0.48,0.3,0.946
spin,linoleum,0.5,0,8.60001254081726,5.97942684462264,-3.2921055923058242,-1.971625491712994,-0.005833760814248412,0.00869456361086507,1.025133204944416,0.867,0.222,0.826,0.859
spin,linoleum,0.5,0,8.800055980682373,5.97942684462264,-3.2921055923058242,-1.971625491712994,-0.005380478907809294,0.009054177476045866,1.005483065643467,0.361,0.341,0.779,0.891
spin,linoleum,0.5,0,9.000030994415283,5.97942684462264,-3.2921055923058242,-1.971625491712994,-0.005790811734221579,0.009010664626449949,0.9837014756075042,0.455,0.403,0.596,0.569
spin,linoleum,0.5,0,9.200386762619019,5.97942684462264,-3.2921055923058242,-1.971625491712994,-0.00615018261301814,0.008699579447595251,0.9595828012953508,0.617,0.357,0.2,0.774
spin,linoleum,0.5,0,9.400593757629395,5.97942684462264,-3.2921055923058242,-1.971625491712994,-0.00597458288761249,0.007924327693136557,0.9334640914517939,0.577,0.508,0.666,0.476
spin,linoleum,0.5,0,9.600440979003906,5.97942684462264,-3.2921055923058242,-1.971625491712994,-0.0060487561050714955,0.007704178779733284,0.9048553476168014,0.51,0.151,0.655,0.83
spin,linoleum,0.5,0,9.8004732131958,5.97942684462264,-3.2921055923058242,-1.971625491712994,-0.007009133584841343,0.007927649283498428,0.8753417123342758,0.449,0.368,0.717,0.789
spin,linoleum,0.5,0,0.19998860359191895,0.0,0.0,0.0,7.821645992556192e-07,6.561929140058709e-07,-6.333837867522618e-07,0.417,0.223,0.465,0.608
spin,linoleum,0.5,0,0.40012598037719727,0.0,0.0,0.0,-0.0011556845780796299,-4.5197351909220806e-05,0.013605121149760091,-0.414,-0.716,-0.824,-0.48
spin,linoleum,0.5,0,0.5999422073364258,0.0,0.0,0.0,-0.0038976004300890765,-0.00039442416516566325,0.03873191923039687,-0.54,-0.453,-0.557,-0.731
spin,linoleum,0.5,0,0.799889326095581,0.0,0.0,0.0,-0.004482259365995278,-0.0002664964313319196,0.06280154612043998,-0.154,-0.594,-0.729,-0.432
spin,linoleum,0.5,0,0.9999439716339111,0.0,0.0,0.0,-0.005606165031331156,-0.0007007566137335886,0.08433572346732476,-0.374,-0.579,-0.459,-0.474
spin,linoleum,0.5,0,1.1999473571777344,0.0,0.0,0.0,-0.006366074291301094,-0.00021192317495377644,0.1107920528917431,-0.506,-0.543,-0.665,-0.66
spin,linoleum,0.5,0,1.3999857902526855,0.0,0.0,0.0,-0.006761711007673199,8.296350260206253e-05,0.13367488505061775,-0.286,-0.45,-0.79,-0.32
spin,linoleum,0.5,0,1.59993314743042,0.0,0.0,0.0,-0.0077759134967639865,0.00036486744613850597,0.15522384988635707,-0.553,-0.536,-0.532,-0.545
spin,linoleum,0.5,0,1.7999746799468994,0.0,0.0,0.0,-0.00837271990926397,0.0012418455895781833,0.17555130720357148,-0.465,-0.682,-0.594,-0.562
spin,linoleum,0.5,0,1.999934196472168,0.0,0.0,0.0,-0.00775453294545686,0.00135996608518818,0.1941597557965674,-0.341,-0.611,-0.481,-0.562
spin,linoleum,0.5,0,2.1999707221984863,0.0,0.0,0.0,-0.007112225239174319,0.0011840121256212477,0.21079676944328507,-0.355,-0.504,-0.651,-0.147
spin,linoleum,0.5,0,2.3999078273773193,0.0,0.0,0.0,-0.007115003862438574,0.0006896131898016522,0.2255344324155153,-0.557,-0.571,-0.432,-0.358
spin,linoleum,0.5,0,2.59989070892334,0.0,0.0,0.0,-0.0067592050205175225,0.0008705755198766818,0.2371112792005058,-0.484,-0.657,-0.593,-0.514
spin,linoleum,0.5,0,2.799952983856201,0.0,0.0,0.0,-0.006420841411181599,0.0009141810901581726,0.247355229475275,-0.428,-0.53,-0.788,-0.491
spin,linoleum,0.5,0,2.999906539916992,0.0,0.0,0.0,-0.005647142725075827,0.0007285481014221995,0.25474816091004737,-0.403,-0.551,-0.6,-0.478
spin,linoleum,0.5,0,3.1999289989471436,0.0,0.0,0.0,-0.005938064456015968,0.0011324274535050582,0.25941064239700706,-0.48,-0.502,-0.498,-0.386
spin,linoleum,0.5,0,3.39996600151062,0.0,0.0,0.0,-0.005892813828925869,0.0017963758740484614,0.2623245838634807,-0.458,-0.559,-0.5,-0.628
spin,linoleum,0.5,0,3.599919080734253,0.0,0.0,0.0,-0.005572348844908648,0.0022916353874682382,0.2624234670335013,-0.601,-0.376,-0.586,-0.623
spin,linoleum,0.5,0,3.8002610206604004,0.0,0.0,0.0,-0.005240093340203755,0.0019385070705398855,0.26004767103338133,-0.29,-0.566,-0.655,-0.496
spin,linoleum,0.5,0,4.000570058822632,0.0,0.0,0.0,-0.005436503123442349,0.0017306521064662794,0.25515890609138736,-0.505,-0.533,-0.676,-0.218
spin,linoleum,0.5,0,4.2002809047698975,0.0,0.0,0.0,-0.005404759151172445,0.0018596766905019102,0.24781430940211335,-0.467,-0.493,-0.435,-0.619
spin,linoleum,0.5,0,4.400699853897095,0.0,0.0,0.0,-0.0053745163661624296,0.0018514133396474453,0.23798076668716428,-0.494,-0.651,-0.667,-0.626
spin,linoleum,0.5,0,4.599934339523315,0.0,0.0,0.0,-0.004904251472841292,0.0016788917816071836,0.22579220034976433,-0.397,-0.419,-0.589,-0.621
spin,linoleum,0.5,0,4.800016403198242,0.0,0.0,0.0,-0.004570729977902699,0.0017710177761156576,0.2124870594658148,-0.489,-0.468,-0.757,-0.192
spin,linoleum,0.5,0,4.999977350234985,0.0,0.0,0.0,-0.003737119594835636,0.0021342597707376676,0.19431411600409343,-0.525,-0.362,-0.737,-0.455
spin,linoleum,0.5,0,5.199977874755859,0.0,0.0,0.0,-0.003117050167621427,0.002012981513141554,0.17532101959734947,-0.585,-0.537,-0.718,-0.574
spin,linoleum,0.5,0,5.399890184402466,-0.1060884619375383,-0.0513575219666536,0.8092178241513347,-0.0028436186942601416,0.0017499385586691174,0.15392792208200157,-0.279,-0.493,-0.543,-0.579
spin,linoleum,0.5,0,5.59993839263916,-0.1060884619375383,-0.0513575219666536,0.8092178241513347,-0.00302298274346835,0.0014225768960407503,0.1297387161616247,-0.349,-0.551,-0.748,-0.559
spin,linoleum,0.5,0,5.800020933151245,-0.1060884619375383,-0.0513575219666536,0.8092178241513347,-0.0027505843067040514,0.001753427796436391,0.10367923299459192,-0.524,-0.354,-0.759,-0.342
spin,linoleum,0.5,0,5.999948740005493,-0.1060884619375383,-0.0513575219666536,0.8092178241513347,-0.002440737658146841,0.0017857944129672232,0.07585107770816057,-0.496,-0.349,-0.631,-0.459
spin,linoleum,0.5,0,6.199910879135132,-0.1060884619375383,-0.0513575219666536,0.8092178241513347,-0.001372325424090437,0.0015700517546712867,0.04592983889201596,-0.198,-0.734,-0.519,-0.687
spin,linoleum,0.5,0,6.399903774261475,-0.1060884619375383,-0.0513575219666536,0.8092178241513347,-0.0007046401038162675,0.0014903717432375174,0.013877350904091368,-0.269,-0.186,-0.708,-0.586
spin,linoleum,0.5,0,6.600397109985352,-0.1060884619375383,-0.0513575219666536,0.8092178241513347,-5.49734701110749e-06,0.001639147514143846,-0.019984176725279634,-0.453,-0.368,-0.898,-0.35
spin,linoleum,0.5,0,6.80042028427124,-0.1060884619375383,-0.0513575219666536,0.8092178241513347,0.0002937666192955879,0.0019220821363760132,-0.05244423558348432,-0.405,-0.303,-0.645,-0.64
spin,linoleum,0.5,0,7.00038480758667,-0.1060884619375383,-0.0513575219666536,0.8092178241513347,0.0003838470717232867,0.0019730382508786892,-0.09317637479538332,-0.434,-0.441,-0.737,-0.553
spin,linoleum,0.5,0,7.200471639633179,-0.1060884619375383,-0.0513575219666536,0.8092178241513347,0.0004565639347481887,0.0014958307515797742,-0.13255072312056126,-0.316,-0.575,-0.831,-0.598
spin,linoleum,0.5,0,7.4005138874053955,-0.1060884619375383,-0.0513575219666536,0.8092178241513347,0.0008354735610024422,0.0017748178675706106,-0.1728192494384695,-0.448,-0.207,-0.808,-0.237
spin,linoleum,0.5,0,7.600116729736328,-0.1060884619375383,-0.0513575219666536,0.8092178241513347,0.0007901388280927568,0.002085897811065607,-0.21431664335654244,-0.446,-0.292,-0.638,-0.472
spin,linoleum,0.5,0,7.799920320510864,-0.1060884619375383,-0.0513575219666536,0.8092178241513347,0.000885107737138624,0.0021221396877316723,-0.25287888673795267,-0.322,-0.405,-0.788,-0.712
spin,linoleum,0.5,0,7.999892950057983,-0.1060884619375383,-0.0513575219666536,0.8092178241513347,0.0018283392912742391,0.0018177666458067954,-0.30249960675254944,-0.587,-0.533,-0.58,-0.647
spin,linoleum,0.5,0,8.20041036605835,-0.1060884619375383,-0.0513575219666536,0.8092178241513347,0.003147556440262933,0.0014313791980994361,-0.34326069635590434,-0.341,-0.395,-0.827,-0.626
spin,linoleum,0.5,0,8.399968385696411,-0.1060884619375383,-0.0513575219666536,0.8092178241513347,0.003904314227278771,0.0015371221261875068,-0.39425324779388543,-0.121,-0.282,-0.456,-0.575
spin,linoleum,0.5,0,8.599914789199829,-0.1060884619375383,-0.0513575219666536,0.8092178241513347,0.003820252003447655,0.0018068844612251223,-0.4422469936109747,-0.291,-0.322,-0.591,-0.649
spin,linoleum,0.5,0,8.799912929534912,-0.1060884619375383,-0.0513575219666536,0.8092178241513347,0.0037920007848993853,0.0022636071429451565,-0.4899653381824477,-0.5,-0.49,-0.258,-0.766
spin,linoleum,0.5,0,8.99992322921753,-0.1060884619375383,-0.0513575219666536,0.8092178241513347,0.0037236523282793144,0.001968543835922487,-0.5394209961324232,-0.506,-0.621,-0.863,-0.538
spin,linoleum,0.5,0,9.199986457824707,-0.1060884619375383,-0.0513575219666536,0.8092178241513347,0.003838530629120096,0.0021683197316857417,-0.5885254735351433,-0.296,-0.259,-0.755,-0.69
spin,linoleum,0.5,0,9.40000605583191,-0.1060884619375383,-0.0513575219666536,0.8092178241513347,0.004254004624649033,0.002051020323181718,-0.6379177259035866,-0.363,-0.327,-0.569,-0.726
spin,linoleum,0.5,0,9.599993467330933,-0.1060884619375383,-0.0513575219666536,0.8092178241513347,0.0046900644131429026,0.0019466864955516305,-0.6876264772134105,-0.283,-0.403,-0.786,-0.818
spin,linoleum,0.5,0,9.799899101257324,-0.1060884619375383,-0.0513575219666536,0.8092178241513347,0.004757206818759352,0.0019286925577365333,-0.7385096971716035,-0.447,-0.588,-0.589,-0.709
spin,linoleum,0.5,0,9.999916076660156,-0.1060884619375383,-0.0513575219666536,0.8092178241513347,0.005025077401290434,0.0021675955224789156,-0.7883326927364086,-0.226,-0.533,-0.943,-0.298
circle_spin,linoleum,0.2,0,0.20001697540283203,0.0,0.0,0.0,1.4043974099764434e-06,-3.352688570101847e-07,-1.8622899841114204e-06,-0.226,-0.358,-0.539,-0.497
circle_spin,linoleum,0.2,0,0.4000401496887207,0.0,0.0,0.0,0.01934399047990404,-0.0007334922934202348,0.05194631827273839,0.457,0.4,0.073,0.996
circle_spin,linoleum,0.2,0,0.6000645160675049,0.0,0.0,0.0,0.05829648218608291,-0.0020968653377017032,0.1389037310411771,0.645,0.752,0.149,1.211
circle_spin,linoleum,0.2,0,0.8000569343566895,0.0,0.0,0.0,0.10026953893905616,0.0038977692377430984,0.2296371574121478,0.674,0.859,0.472,0.906
circle_spin,linoleum,0.2,0,1.0000495910644531,0.0,0.0,0.0,0.13833951686068097,0.016947833695006853,0.3198559780185005,0.668,1.015,0.545,1.083
circle_spin,linoleum,0.2,0,1.200476884841919,0.0,0.0,0.0,0.1756047097647873,0.037335236630063884,0.41468091391241013,0.671,1.054,0.46,0.773
circle_spin,linoleum,0.2,0,1.4000296592712402,0.0,0.0,0.0,0.20621725635151422,0.06332803691526145,0.5044657795963395,0.944,0.981,0.451,1.396
circle_spin,linoleum,0.2,0,1.6000490188598633,0.0,0.0,0.0,0.230674244735192,0.09407736579775505,0.5910736842567847,0.666,0.951,0.365,0.699
circle_spin,linoleum,0.2,0,1.8000149726867676,0.0,0.0,0.0,0.24932685822463657,0.1297562594450491,0.6742952654846646,0.676,0.975,0.263,1.14
circle_spin,linoleum,0.2,0,2.0004119873046875,0.0,0.0,0.0,0.2606629358258872,0.16913549010495332,0.7537617631278721,0.759,0.473,0.475,0.45
circle_spin,linoleum,0.2,0,2.2003591060638428,0.0,0.0,0.0,0.26357617402710065,0.2081251572664755,0.8264066679793568,0.632,1.481,0.333,1.625
circle_spin,linoleum,0.2,0,2.4000985622406006,0.0,0.0,0.0,0.2593872171913769,0.2474727065641723,0.8926427499995867,0.503,0.07,0.324,0.863
circle_spin,linoleum,0.2,0,2.600085735321045,0.0,0.0,0.0,0.24650602708900374,0.28551176347126705,0.9510717993113916,0.645,1.046,0.449,1.431
circle_spin,linoleum,0.2,0,2.80002760887146,0.0,0.0,0.0,0.22673443115499373,0.3198978949314569,1.0015407517257224,0.57,1.109,0.55,1.054
circle_spin,linoleum,0.2,0,3.0000741481781006,0.0,0.0,0.0,0.20037427987904263,0.34910802389439655,1.0433834378470492,0.757,0.61,0.407,0.933
circle_spin,linoleum,0.2,0,3.2000393867492676,0.0,0.0,0.0,0.16810672200367546,0.3734437333821853,1.0763332008876174,0.397,0.202,0.244,0.634
circle_spin,linoleum,0.2,0,3.400087594985962,0.0,0.0,0.0,0.1317385779484444,0.39081286401217263,1.099626315048174,0.448,0.87,0.396,0.847
circle_spin,linoleum,0.2,0,3.600041151046753,0.0,0.0,0.0,0.09425088525686387,0.40069645059170345,1.1129200265339345,0.809,1.288,0.402,1.61
circle_spin,linoleum,0.2,0,3.8000259399414062,0.0,0.0,0.0,0.05325486090416465,0.40308738206313655,1.1168077080008352,0.783,1.449,0.606,1.386
circle_spin,linoleum,0.2,0,4.000022888183594,0.0,0.0,0.0,0.013235294060156222,0.39758556795717315,1.1104602398047254,0.398,1.349,0.259,1.725
circle_spin,linoleum,0.2,0,4.200109243392944,0.0,0.0,0.0,-0.02462394178862859,0.38431173225311344,1.094234852002301,0.47,0.366,0.541,0.878
circle_spin,linoleum,0.2,0,4.4000468254089355,0.0,0.0,0.0,-0.0586107226238074,0.3635514704781575,1.0684219093217118,0.683,0.753,0.645,1.463
circle_spin,linoleum,0.2,0,4.6005754470825195,0.0,0.0,0.0,-0.08781504139267138,0.33683161503728076,1.0329230505777913,0.696,1.283,0.235,1.453
circle_spin,linoleum,0.2,0,4.800807952880859,0.0,0.0,0.0,-0.11149286474389125,0.30366390771480833,0.988154487528982,0.429,1.024,0.357,1.436
circle_spin,linoleum,0.2,0,5.000697612762451,0.0,0.0,0.0,-0.1286278599538237,0.26721815112182457,0.9349475803117883,0.625,1.151,0.675,1.06
circle_spin,linoleum,0.2,0,5.200619459152222,0.0,0.0,0.0,-0.13814132591696654,0.22941491288324256,0.8747134924593664,0.665,1.761,0.387,1.607
circle_spin,linoleum,0.2,0,5.4004693031311035,0.0,0.0,0.0,-0.13985338712615963,0.18856213068653882,0.8041863166791928,0.836,0.844,0.181,1.083
circle_spin,linoleum,0.2,0,5.600169897079468,0.0,0.0,0.0,-0.13384876987982014,0.14807224511797024,0.7279776719281655,0.698,0.951,0.349,0.706
circle_spin,linoleum,0.2,0,5.80005145072937,0.0,0.0,0.0,-0.12008917502715893,0.11031807535082472,0.6456148778105713,0.757,0.791,0.527,0.909
circle_spin,linoleum,0.2,0,6.000047206878662,0.0,0.0,0.0,-0.09865592340498591,0.07637030407160472,0.5578093511031811,0.913,0.967,0.478,1.207
circle_spin,linoleum,0.2,0,6.200037479400635,0.0,0.0,0.0,-0.0718291214008222,0.04803930990699423,0.46844334536633414,0.591,1.511,0.104,1.058
circle_spin,linoleum,0.2,-3.141592653589793,0.1999988555908203,0.0,0.0,0.0,-1.0128144227739e-06,2.89058941516096e-06,-4.5705501448278785e-06,0.557,0.182,0.257,0.293
circle_spin,linoleum,0.2,-3.141592653589793,0.4000241756439209,0.0,0.0,0.0,-0.01453951317800678,0.006588145144428625,0.042294037597056716,0.094,-1.46,-0.755,-1.307
circle_spin,linoleum,0.2,-3.141592653589793,0.600003719329834,0.0,0.0,0.0,-0.045464716483823164,0.026256506600333962,0.12003591172067671,-0.222,-0.986,-0.774,-1.089
circle_spin,linoleum,0.2,-3.141592653589793,0.8000047206878662,0.0,0.0,0.0,-0.07611286782440602,0.055442142690428575,0.20268469955946902,-0.55,-0.588,-1.103,-0.611
circle_spin,linoleum,0.2,-3.141592653589793,1.0000560283660889,0.0,0.0,0.0,-0.10084368200820604,0.0893057690759842,0.2852390097567371,-0.287,-0.678,-0.765,-0.836
circle_spin,linoleum,0.2,-3.141592653589793,1.1999621391296387,0.0,0.0,0.0,-0.12023280605689524,0.1341603712349485,0.3773134805707963,-0.386,-0.551,-0.759,-1.177
circle_spin,linoleum,0.2,-3.141592653589793,1.3999922275543213,0.0,0.0,0.0,-0.1273418145950207,0.17446776374489859,0.4516828242109858,-0.357,-0.611,-0.864,-1.25
circle_spin,linoleum,0.2,-3.141592653589793,1.599982738494873,0.0,0.0,0.0,-0.12694007942696728,0.21465594137894206,0.5196971619394083,-0.121,-0.876,-0.626,-1.065
circle_spin,linoleum,0.2,-3.141592653589793,1.799964427947998,0.0,0.0,0.0,-0.1187109498038873,0.25591047680488,0.5826527807205314,-0.424,-0.838,-0.65,-0.543
circle_spin,linoleum,0.2,-3.141592653589793,2.00005841255188,0.0,0.0,0.0,-0.10262505201002003,0.29207640900741005,0.6354723907054194,-0.359,-0.367,-0.865,-1.227
circle_spin,linoleum,0.2,-3.141592653589793,2.199970245361328,0.0,0.0,0.0,-0.080159426451969,0.32549609429800475,0.6822007985036522,-0.606,-0.481,-0.639,-0.924
circle_spin,linoleum,0.2,-3.141592653589793,2.3999736309051514,0.0,0.0,0.0,-0.05065376871365801,0.354741942161527,0.7203729552124062,-0.447,-0.626,-0.765,-0.32
circle_spin,linoleum,0.2,-3.141592653589793,2.6000421047210693,0.0,0.0,0.0,-0.01689704255463076,0.37669729257227325,0.7484414828264269,-0.324,-0.56,-0.826,-0.889
circle_spin,linoleum,0.2,-3.141592653589793,2.79996395111084,0.0,0.0,0.0,0.02007036186482386,0.3912728548952764,0.7675325913593292,-0.239,-0.922,-0.62,-1.033
circle_spin,linoleum,0.2,-3.141592653589793,2.999998092651367,0.0,0.0,0.0,0.0595240357320318,0.39833230862533475,0.7767737194623329,-0.125,-0.771,-0.629,-0.453
circle_spin,linoleum,0.2,-3.141592653589793,3.199963092803955,0.0,0.0,0.0,0.10023951905675055,0.39697791071238653,0.7760255133150841,-0.306,-0.82,-0.59,-1.216
circle_spin,linoleum,0.2,-3.141592653589793,3.399994373321533,0.0,0.0,0.0,0.13912381971834964,0.38768490498858277,0.7653748536005187,-0.593,-0.446,-0.617,-1.368
circle_spin,linoleum,0.2,-3.141592653589793,3.5999643802642822,0.0,0.0,0.0,0.1790017608067984,0.36928415372968326,0.7426588196290432,-0.66,-0.656,-0.855,-0.502
circle_spin,linoleum,0.2,-3.141592653589793,3.799975872039795,0.0,0.0,0.0,0.21069613123288214,0.34635906060778,0.7128373109617041,-0.099,-0.502,-0.669,-0.855
circle_spin,linoleum,0.2,-3.141592653589793,3.9999938011169434,0.0,0.0,0.0,0.23659496304701788,0.3185707826233276,0.6750983410171367,-0.303,-0.211,-0.464,-0.839
circle_spin,linoleum,0.2,-3.141592653589793,4.199990272521973,0.0,0.0,0.0,0.25879379333855546,0.28223882691768976,0.624147866588823,-0.605,-0.624,-0.982,-1.085
circle_spin,linoleum,0.2,-3.141592653589793,4.399996042251587,0.0,0.0,0.0,0.2728170937541296,0.24323403403245947,0.5645808429011433,-0.387,-0.189,-0.737,-1.009
circle_spin,linoleum,0.2,-3.141592653589793,4.600027799606323,0.0,0.0,0.0,0.2787412242017929,0.20725657360914673,0.5060761605940911,-0.359,-0.225,-0.711,-0.527
circle_spin,linoleum,0.2,-3.141592653589793,4.799969673156738,0.0,0.0,0.0,0.2769211269118247,0.16626056530927114,0.43271788320879023,-0.341,-0.168,-0.861,-0.786
circle_spin,linoleum,0.2,-3.141592653589793,5.000056982040405,0.0,0.0,0.0,0.26663408709091835,0.1264684874770028,0.3508701176558803,-0.387,-0.313,-0.816,-0.958
circle_spin,linoleum,0.2,-3.141592653589793,5.200025796890259,0.0,0.0,0.0,0.2533785866771463,0.09731261567716687,0.2826830498565328,-0.325,-0.466,-0.84,-0.528
circle_spin,linoleum,0.2,-3.141592653589793,5.400007724761963,0.0,0.0,0.0,0.228825706105831,0.06258068831636421,0.18797609296131437,-0.168,-0.645,-0.731,-0.624
circle_spin,linoleum,0.2,-3.141592653589793,5.59998631477356,0.0,0.0,0.0,0.1995816992502252,0.035640190976648944,0.09447957458227005,-0.112,-0.033,-0.887,-1.114
circle_spin,linoleum,0.2,-3.141592653589793,5.799987316131592,0.0,0.0,0.0,0.16634670395179285,0.015083000728520313,-0.000989391747198226,-0.415,0.01,-0.934,-0.36
circle_spin,linoleum,0.2,-3.141592653589793,5.999998331069946,0.0,0.0,0.0,0.12911687605499478,0.0012827916225492952,-0.09947925496888183,-0.232,-0.545,-0.751,-0.668
circle_spin,linoleum,0.2,-3.141592653589793,6.2000038623809814,0.0,0.0,0.0,0.09037665702407305,-0.004150962361561872,-0.19750345756813753,-0.215,-0.445,-0.688,-1.046
